id,author_id,username,created_at,text,lang,conversation_id,like_count,repost_count,reply_count,quote_count,bookmark_count,impression_count,url,is_reply,is_retweet,referenced_tweets_json,scraped_at
2096491531951902903,153692841,jfsrev,2026-09-06T06:51:46.000Z,"$MRNA - Remains Flat after Post Earnings Gap 11 sessions ago. 

Still 7.5 x ATR% from 50-MA extended. https://t.co/wtPHAyDZRb https://t.co/4gzus2N37l",,,89,5,6,1,21,22173,https://x.com/jfsrev/status/2096491531951902903,0,0,"[{""id"": ""2090887508456554691"", ""type"": ""quoted""}]",2026-09-07 05:49:36
2096486127633154388,153692841,jfsrev,2026-09-06T06:30:18.000Z,$META — Approaching Declining 200-MA Coinciding With Upper Trend Channel Resistance. https://t.co/YRrsBFieIn,,,70,3,3,0,14,13647,https://x.com/jfsrev/status/2096486127633154388,0,0,,2026-09-07 05:49:36
2096267766336717264,153692841,jfsrev,2026-09-05T16:02:36.000Z,🙏🏻 https://t.co/8E2d5Dh5W7,,,26,0,0,0,18,12763,https://x.com/jfsrev/status/2096267766336717264,0,0,"[{""id"": ""2096267361577816546"", ""type"": ""quoted""}]",2026-09-07 05:49:36
2096236672187011332,153692841,jfsrev,2026-09-05T13:59:03.000Z,"after 5 years,

my new 'TradingView' https://t.co/F1fKa4Q4dF https://t.co/eur7vHjWb8",,,367,1,38,0,14,39467,https://x.com/jfsrev/status/2096236672187011332,0,0,"[{""id"": ""2095739738343035263"", ""type"": ""quoted""}]",2026-09-07 05:49:36
2096172772175258022,153692841,jfsrev,2026-09-05T09:45:08.000Z,legend. https://t.co/9YD9LGK0VE,,,125,2,2,0,144,22477,https://x.com/jfsrev/status/2096172772175258022,0,0,"[{""id"": ""2096109597765603427"", ""type"": ""quoted""}]",2026-09-07 05:49:36
2096045693177860110,153692841,jfsrev,2026-09-05T01:20:10.000Z,"This week’s 29 strongest-moving stocks with a market cap above $10B, organized by industry group.

$MU - Semiconductors 
$SKHY - Semiconductors 
$SMTC - Semiconductors 
$SWKS - Semiconductors
$CF - Agricultural Inputs
$AUR - Auto Parts
$BMNR - Capital Markets
$CRCL - Capital https://t.co/Gkj4xByPuu https://t.co/11x4v3Sjp3",,,283,30,8,3,294,58951,https://x.com/jfsrev/status/2096045693177860110,0,0,"[{""id"": ""2095875106258207165"", ""type"": ""quoted""}]",2026-09-07 05:49:36
2095878624075452509,153692841,jfsrev,2026-09-04T14:16:18.000Z,Is $RAM really ramping?,,,46,3,7,0,5,12707,https://x.com/jfsrev/status/2095878624075452509,0,0,,2026-09-07 05:49:36
2095875106258207165,153692841,jfsrev,2026-09-04T14:02:19.000Z,"use this free live market screener to track. i personally do manual refresh but there's option for every 10-second refresh

https://t.co/of83meo1Bb https://t.co/MW5MsnWCBc https://t.co/x3ou3hcT79",,,106,15,8,1,161,73460,https://x.com/jfsrev/status/2095875106258207165,0,0,"[{""id"": ""2095864528366112868"", ""type"": ""quoted""}]",2026-09-07 05:49:36
2095768552259399813,153692841,jfsrev,2026-09-04T06:58:55.000Z,🙏🏻 https://t.co/I6Sinh6Guw,,,28,0,1,0,0,11659,https://x.com/jfsrev/status/2095768552259399813,0,0,"[{""id"": ""2095768085911449710"", ""type"": ""quoted""}]",2026-09-07 05:49:36
2095739738343035263,153692841,jfsrev,2026-09-04T05:04:25.000Z,commercial and industrial. but my this month purchase is a $2.x mil residential. https://t.co/aPyup58zrv,,,38,0,0,1,9,52697,https://x.com/jfsrev/status/2095739738343035263,0,0,"[{""id"": ""2095732899094085865"", ""type"": ""quoted""}]",2026-09-07 05:49:36
2095698221066797301,153692841,jfsrev,2026-09-04T02:19:26.000Z,"try it live in market with both platform and via 3rd party access. do 2 things;

1. look at the bid/ask spread variance on both side
2. try execution on both and see the slippage difference

there's always a cost when another party is involve to route orders https://t.co/i1FTulKufU",,,33,0,1,0,6,12799,https://x.com/jfsrev/status/2095698221066797301,0,0,"[{""id"": ""2095693612625342552"", ""type"": ""quoted""}]",2026-09-07 05:49:36
2095695190568870186,153692841,jfsrev,2026-09-04T02:07:24.000Z,"$XXRP (Update) +19.6% Day (T+0, new position after $ETHU and $FBTC from 19th August)

of the 4 main coin, i am only left with $SOLZ via $SOLT to play next. $SOLUSD currently is 5.2 x ATR% from 50-MA. https://t.co/TEGJxMvktf https://t.co/HJUjePY9zi",,,44,2,6,0,7,18089,https://x.com/jfsrev/status/2095695190568870186,0,0,"[{""id"": ""2095534625397612852"", ""type"": ""quoted""}]",2026-09-07 05:49:36
2095692362706276647,153692841,jfsrev,2026-09-04T01:56:10.000Z,"probably. it’s human nature to constantly pursue the “new”. a new strategy, new platform, new brokerage, new mentor.

but it’s consistency and repetition that compound an edge over time and ultimately build a life changing net worth.

PS: I am getting my 14th property this month. https://t.co/ppvUhROuZM https://t.co/yGhDaEYlcL",,,134,6,11,0,99,30725,https://x.com/jfsrev/status/2095692362706276647,0,0,"[{""id"": ""2095690056090386890"", ""type"": ""quoted""}]",2026-09-07 05:49:36
2095555222554984663,153692841,jfsrev,2026-09-03T16:51:13.000Z,👍🏻 https://t.co/fGa91ivShl,,,23,0,0,0,2,9594,https://x.com/jfsrev/status/2095555222554984663,0,0,"[{""id"": ""2095553206508044712"", ""type"": ""quoted""}]",2026-09-07 05:49:36
2095540109194170392,153692841,jfsrev,2026-09-03T15:51:09.000Z,"Leveraged ETFs do not use margin. It’s a common misconception. perhaps because of the word “leveraged” in the name.

https://t.co/WReLxbXMml https://t.co/aEJYcI9WhS",,,27,1,6,0,6,10436,https://x.com/jfsrev/status/2095540109194170392,0,0,"[{""id"": ""2095538007038443570"", ""type"": ""quoted""}]",2026-09-07 05:49:36
2095537548307403124,153692841,jfsrev,2026-09-03T15:40:59.000Z,"it's a good problem btw, just pay some interest cost for holding. if you do T+3 33% shaving, it will always go back below margin. 

the reason for T+3 is to free up excess for liquidity to take any adhoc opportunity, not just partial profit taking. i don't want to complicate the https://t.co/Buit5mrGJF",,,53,2,2,0,27,11637,https://x.com/jfsrev/status/2095537548307403124,0,0,"[{""id"": ""2095535255042363691"", ""type"": ""quoted""}]",2026-09-07 05:49:36
2095536132679446709,153692841,jfsrev,2026-09-03T15:35:21.000Z,"$CRCG is the next $ADBG, +100% https://t.co/rgx65UA8s9 https://t.co/EKxWDhHA9P",,,62,2,2,0,14,21791,https://x.com/jfsrev/status/2095536132679446709,0,0,"[{""id"": ""2095518375149715618"", ""type"": ""quoted""}]",2026-09-07 05:49:36
2095534625397612852,153692841,jfsrev,2026-09-03T15:29:22.000Z,"$XXRP 2x Long ($XRPUSD)  — A complete trade plan and disciplined execution are essential, but tight entries are what create the true structural edge.

We’ve been stalking this setup since last week like a sniper, waiting patiently for the right entry. The subscriber community is https://t.co/xDMTlwFNbe https://t.co/JhxZKwXSVy",,,75,8,8,1,25,36715,https://x.com/jfsrev/status/2095534625397612852,0,0,"[{""id"": ""2095532867350831462"", ""type"": ""replied_to""}]",2026-09-07 05:49:36
2095532867350831462,153692841,jfsrev,2026-09-03T15:22:23.000Z,"yes. $XXRP trade will require about 14.5% if you follow my entry and stop rule.

$UCO took us 36% position size this week at 3.5% ADR. zero chance i will do the trade on $USO with that rationale with 72% position size. https://t.co/sPshDStqCz",,,20,0,7,1,9,25353,https://x.com/jfsrev/status/2095532867350831462,0,0,"[{""id"": ""2095524669852127541"", ""type"": ""quoted""}]",2026-09-07 05:49:36
2095518492313493535,153692841,jfsrev,2026-09-03T14:25:16.000Z,thank you https://t.co/83xQ7DWUqS,,,46,5,2,0,46,11794,https://x.com/jfsrev/status/2095518492313493535,0,0,"[{""id"": ""2095517881551245498"", ""type"": ""quoted""}]",2026-09-07 05:49:36
2095518375149715618,153692841,jfsrev,2026-09-03T14:24:48.000Z,"$CRCG (Update) - 1 week later

I’m not a fan of going in and out of the same name multiple times a week. I can’t handle that level of stress or screen time. If you have developed a proven sell rule, stick to it. It saves screen time, reduces stress, and cuts unnecessary execution https://t.co/kIOdJfs9JA https://t.co/KxHKObaUOZ",,,54,2,5,1,16,35741,https://x.com/jfsrev/status/2095518375149715618,0,0,"[{""id"": ""2092987278067130765"", ""type"": ""quoted""}]",2026-09-07 05:49:36
2095515458703393101,153692841,jfsrev,2026-09-03T14:13:12.000Z,"$SPCX - $1.9T market cap running 31% RVOL, almost $4.5b traded now relative to $12b average dollar volume. quite a massive dollar volume run rate https://t.co/WvWqMg0wFV",,,130,3,9,0,16,13393,https://x.com/jfsrev/status/2095515458703393101,0,0,,2026-09-07 05:49:36
2095151493653700932,153692841,jfsrev,2026-09-02T14:06:56.000Z,$DELL again https://t.co/TCNSHttkxH https://t.co/vU1Mngmkfk,,,35,2,6,0,5,13407,https://x.com/jfsrev/status/2095151493653700932,0,0,"[{""id"": ""2095063812856570227"", ""type"": ""quoted""}]",2026-09-07 05:49:36
2095063812856570227,153692841,jfsrev,2026-09-02T08:18:32.000Z,"$DELL (Update) - Price action of $DELL is full of surprises. 

-6.8% at close, breaking down 1-month range. Afterhours +10% to reclaim back yesterday's range on +138% EPS +50% sales YoY earnings.

Hard Rule #6: No entries ahead of major economic data or earnings releases https://t.co/2h6tkjvMbV https://t.co/b3ZGVLghwN",,,58,2,11,3,15,31501,https://x.com/jfsrev/status/2095063812856570227,0,0,"[{""id"": ""2087546429208502292"", ""type"": ""quoted""}]",2026-09-07 05:49:36
2095036088092131504,153692841,jfsrev,2026-09-02T06:28:21.000Z,"$RNG (Update) — 27 sessions in, new 4-year high today as US equities sell off alongside a global bond selloff. It even stalled on August 13th at 10× ATR% from the 50-MA, then recovered the entire pullback within 9 sessions. 

Ingredients to this SIP move:
• Surprise on https://t.co/YI4qJi101o",,,62,5,1,0,26,24451,https://x.com/jfsrev/status/2095036088092131504,0,0,"[{""id"": ""2090349403634823653"", ""type"": ""quoted""}]",2026-09-07 05:49:36
2094982148482802160,153692841,jfsrev,2026-09-02T02:54:01.000Z,"$USO via $UCO (Update) — A neat +3R on T-day execution, including the post-market gap with the community.

If you open yourself up to exploring tradable asset classes beyond correlated equities, you would have been led to crypto, gold miners, energy, and commodities over the past https://t.co/8ScoObhoRF https://t.co/UsEjd3RlFE",,,72,3,4,0,21,17459,https://x.com/jfsrev/status/2094982148482802160,0,0,"[{""id"": ""1866039252477444166"", ""type"": ""quoted""}]",2026-09-07 05:49:36
2094808961514099188,153692841,jfsrev,2026-09-01T15:25:50.000Z,IJS Small-Cap 600 Value   IJR Small-Cap 600   IJT Small-Cap 600 Growth   IJJ MidCap 400 Value   IJH MidCap 400   IJK MidCap 400 Growth   IVE Large-Cap 500 Value   IVV S&amp;P 500   IVW Large-Cap 500 Growth https://t.co/WWPoA8FHju,,,19,4,0,0,11,9564,https://x.com/jfsrev/status/2094808961514099188,0,0,"[{""id"": ""2094806621536796900"", ""type"": ""quoted""}]",2026-09-07 05:49:36
2094804174613676444,153692841,jfsrev,2026-09-01T15:06:49.000Z,"red 2 green in $SPY and $QQQ, dominated by $IVW $MGK intraday segment strength. $RSP and $QQQE remains red for intraday after gap down.

if u want to find mean reversion ideas, u need to go from top down from the right area where institutions are focusing at this moment, not any https://t.co/PpdV8sCoRP https://t.co/ylUNzvzeTL",,,50,1,6,0,15,14456,https://x.com/jfsrev/status/2094804174613676444,0,0,"[{""id"": ""2094773165008486458"", ""type"": ""quoted""}]",2026-09-07 05:49:36
2094773165008486458,153692841,jfsrev,2026-09-01T13:03:36.000Z,"there may be opportunities today, but they won’t come without discomfort. https://t.co/NtCfG3KxMm",,,37,1,2,1,7,22096,https://x.com/jfsrev/status/2094773165008486458,0,0,,2026-09-07 05:49:36
2094738256013468057,153692841,jfsrev,2026-09-01T10:44:53.000Z,expansion of RRR. spring coil entry in midst of expansion https://t.co/uDyMNAMFkB,en,2094738256013468057,29,1,0,0,16,12005,https://x.com/jfsrev/status/2094738256013468057,0,0,"[{""id"": ""2094710001927626910"", ""type"": ""quoted""}]",2026-09-07 05:50:03
2094698649746116804,153692841,jfsrev,2026-09-01T08:07:30.000Z,yes it really is. the best price action book to build foundation on understanding how price move https://t.co/g3WLz2qOf7,en,2094698649746116804,45,2,0,0,55,19192,https://x.com/jfsrev/status/2094698649746116804,0,0,"[{""id"": ""2094696110451290186"", ""type"": ""quoted""}]",2026-09-07 05:50:03
2094433309778735121,153692841,jfsrev,2026-08-31T14:33:08.000Z,"Your performance growth depends on how well you manage the trades you already have,

not how many new trades you can find.

https://t.co/cEG4R80I5W https://t.co/epVosQwIYW",en,2094433309778735121,72,2,2,0,24,14608,https://x.com/jfsrev/status/2094433309778735121,0,0,,2026-09-07 05:50:03
2094372616853406206,153692841,jfsrev,2026-08-31T10:31:58.000Z,"The tuition fee you pay to the market isn't just about monetary loss. The greater cost is the time wasted, especially when you cling to bad habits instead of correcting them. https://t.co/HMGcdm1tZj",en,2094372616853406206,243,21,7,0,199,38341,https://x.com/jfsrev/status/2094372616853406206,0,0,"[{""id"": ""1803656136526274800"", ""type"": ""quoted""}]",2026-09-07 05:50:03
2093975973561852194,153692841,jfsrev,2026-08-30T08:15:50.000Z,thank you 🍻 https://t.co/TOOfkdBzGP,en,2093975973561852194,32,0,0,0,2,19506,https://x.com/jfsrev/status/2093975973561852194,0,0,"[{""id"": ""2093975452029268375"", ""type"": ""quoted""}]",2026-09-07 05:50:03
2093972610023596223,153692841,jfsrev,2026-08-30T08:02:29.000Z,🙏🏻 https://t.co/iM3Ri2HTF3,art,2093972610023596223,28,1,2,0,1,21312,https://x.com/jfsrev/status/2093972610023596223,0,0,"[{""id"": ""2093957018424160382"", ""type"": ""quoted""}]",2026-09-07 05:50:03
2093914016049721573,153692841,jfsrev,2026-08-30T04:09:39.000Z,"$ETHU (Update) — One technical nuance of Bullish Flag / Bullish Pennant structures that you won’t find in classical technical analysis textbooks;

i) A breakdown of the initial structure (especially based on a single day red print) does not necessarily invalidate the hypothesis https://t.co/ZbKz6dNBIP https://t.co/NGCnTjOzpy",en,2093914016049721573,139,12,3,0,72,38463,https://x.com/jfsrev/status/2093914016049721573,0,0,"[{""id"": ""2092843226436886703"", ""type"": ""quoted""}]",2026-09-07 05:50:03
2093658872322089302,153692841,jfsrev,2026-08-29T11:15:48.000Z,"congratulations, this is incredible 👏 https://t.co/7oYMgmIYBU",en,2093658872322089302,154,2,1,0,47,50260,https://x.com/jfsrev/status/2093658872322089302,0,0,"[{""id"": ""2093498802087047195"", ""type"": ""quoted""}]",2026-09-07 05:50:03
2093551206501437876,153692841,jfsrev,2026-08-29T04:07:58.000Z,"Young men,

Just don’t bet against Arsenal. https://t.co/JJPAeXGMuK https://t.co/jDsBUxCPI8",en,2093551206501437876,41,0,5,0,1,14118,https://x.com/jfsrev/status/2093551206501437876,0,0,"[{""id"": ""1946509369572757611"", ""type"": ""quoted""}]",2026-09-07 05:50:03
2093535343052279937,153692841,jfsrev,2026-08-29T03:04:56.000Z,$AFRM (Update) -10% Intraday chg% https://t.co/n5IXfPUB5t https://t.co/GnTgtE09Nw,en,2093535343052279937,41,3,3,0,6,19401,https://x.com/jfsrev/status/2093535343052279937,0,0,"[{""id"": ""2093339648408134135"", ""type"": ""quoted""}]",2026-09-07 05:50:03
2093502012239573286,153692841,jfsrev,2026-08-29T00:52:29.000Z,"This week’s 40 strongest-moving stocks with a market cap above $1B, organized by industry group.

$ASST - Asset Management
$DXYZ - Asset Management
$BMNR - Capital Markets
$CRCL - Capital Markets
$HOOD - Capital Markets
$PURR - Capital Markets
$SBET - Capital Markets
$LITE - https://t.co/Xk7po4e6Cg https://t.co/Z5ThHHnutq",en,2093502012239573286,201,16,5,0,222,52372,https://x.com/jfsrev/status/2093502012239573286,0,0,"[{""id"": ""1997975342699696445"", ""type"": ""quoted""}]",2026-09-07 05:50:03
2093500288066081195,153692841,jfsrev,2026-08-29T00:45:38.000Z,$NVDA (Update) -4.6% to 10 &amp; 20-MA https://t.co/ZilezUUVAt https://t.co/Urre788av6,en,2093500288066081195,38,2,2,1,3,12878,https://x.com/jfsrev/status/2093500288066081195,0,0,"[{""id"": ""2092966219775385991"", ""type"": ""quoted""}]",2026-09-07 05:50:03
2093339648408134135,153692841,jfsrev,2026-08-28T14:07:19.000Z,don't get drawn into $AFRM https://t.co/M6mZ1MnIxh,en,2093339648408134135,72,1,12,2,2,31031,https://x.com/jfsrev/status/2093339648408134135,0,0,,2026-09-07 05:50:03
2093338032036622580,153692841,jfsrev,2026-08-28T14:00:53.000Z,"$DELL $HPE next week,

and $VSXY .. https://t.co/tnMuzzEzqI",en,2093338032036622580,41,2,3,0,2,13762,https://x.com/jfsrev/status/2093338032036622580,0,0,"[{""id"": ""2092621872668221451"", ""type"": ""quoted""}]",2026-09-07 05:50:03
2093325492300734688,153692841,jfsrev,2026-08-28T13:11:04.000Z,this is great https://t.co/rfxOhUZU9l,en,2093325492300734688,42,3,1,0,51,16784,https://x.com/jfsrev/status/2093325492300734688,0,0,"[{""id"": ""2093319503765475717"", ""type"": ""quoted""}]",2026-09-07 05:50:03
2093186931387769149,153692841,jfsrev,2026-08-28T04:00:28.000Z,"there's ATR% extension screening that i use daily, and it's free

https://t.co/RFVBKJdHfJ https://t.co/eCxOHDLZNx",en,2093186931387769149,54,2,4,1,78,35182,https://x.com/jfsrev/status/2093186931387769149,0,0,"[{""id"": ""2093185475611853080"", ""type"": ""quoted""}]",2026-09-07 05:50:03
2093155753842606537,153692841,jfsrev,2026-08-28T01:56:35.000Z,"But you get better when you feel inadequate. It's that discomfort fuels the desire to improve, grow, and build greater wealth. Not contentment. https://t.co/cCMltqKMGr",en,2093155753842606537,83,3,3,0,10,18216,https://x.com/jfsrev/status/2093155753842606537,0,0,"[{""id"": ""2093154001176916094"", ""type"": ""quoted""}]",2026-09-07 05:50:03
2093149512655425546,153692841,jfsrev,2026-08-28T01:31:47.000Z,"""Realities of a trader:

1. Losing money makes us feel inadequate.

2. Making money (but never enough) makes us feel inadequate.

3. Being on the sidelines makes us feel inadequate.

A purpose of the market is to make us feel inadequate. Welcome to the life I’ve lived for 45",en,2093149512655425546,686,49,27,8,221,62844,https://x.com/jfsrev/status/2093149512655425546,0,0,,2026-09-07 05:50:03
2093120879324778533,153692841,jfsrev,2026-08-27T23:38:00.000Z,🙏🏻 https://t.co/W1SplLATCL,art,2093120879324778533,16,0,0,0,1,10910,https://x.com/jfsrev/status/2093120879324778533,0,0,"[{""id"": ""2093041653540172224"", ""type"": ""quoted""}]",2026-09-07 05:50:03
2092990901677359340,153692841,jfsrev,2026-08-27T15:01:31.000Z,this is true https://t.co/pqnybmmE0U,en,2092990901677359340,40,2,1,0,4,11837,https://x.com/jfsrev/status/2092990901677359340,0,0,"[{""id"": ""2092966525179511060"", ""type"": ""quoted""}]",2026-09-07 05:50:03
2092987278067130765,153692841,jfsrev,2026-08-27T14:47:07.000Z,"$ADBG (Update) - T+47, breached +100% gain

$CRCG may be next https://t.co/YYhwTLTrSO https://t.co/1ly0Cf5gPV",en,2092987278067130765,79,1,7,1,17,37197,https://x.com/jfsrev/status/2092987278067130765,0,0,"[{""id"": ""2077389292834562418"", ""type"": ""quoted""}]",2026-09-07 05:50:03
2092966219775385991,153692841,jfsrev,2026-08-27T13:23:26.000Z,Try sitting on your hands for the first 30 minutes of the session amid the euphoria of an $NVDA led pre-market gap up among the mega cap technology names. https://t.co/TZ6XvJCRXN,en,2092966219775385991,67,2,9,1,9,23106,https://x.com/jfsrev/status/2092966219775385991,0,0,"[{""id"": ""2092962664360423828"", ""type"": ""quoted""}]",2026-09-07 05:50:03
2092962664360423828,153692841,jfsrev,2026-08-27T13:09:19.000Z,u are likely to be right on $NVDA today https://t.co/PvO8drlDV5 https://t.co/dkcatagspa,en,2092962664360423828,23,0,1,1,3,21672,https://x.com/jfsrev/status/2092962664360423828,0,0,"[{""id"": ""2092627025769218381"", ""type"": ""quoted""}]",2026-09-07 05:50:03
2092960785819721806,153692841,jfsrev,2026-08-27T13:01:51.000Z,"Post $NVDA Earnings Pre-Market Movers

Semiconductors
$STM $AAOI $MRVL $NVTS $NVDA $MU $AMKR

Packaged Software
$CRM $CRWD $CRWV $NBIS $OKTA

Computer Processing Hardware
$SMCI $INFQ

Computer Peripherals
$SNDK https://t.co/Vi6eoJmDTS https://t.co/w4NAxAZoSB",en,2092960785819721806,66,5,4,0,31,13872,https://x.com/jfsrev/status/2092960785819721806,0,0,"[{""id"": ""1810643020599185525"", ""type"": ""quoted""}]",2026-09-07 05:50:03
2092955092009816165,153692841,jfsrev,2026-08-27T12:39:13.000Z,谢谢 https://t.co/ZhLyeWIzhF,zh,2092955092009816165,19,1,0,0,14,10743,https://x.com/jfsrev/status/2092955092009816165,0,0,"[{""id"": ""2092954204860015008"", ""type"": ""quoted""}]",2026-09-07 05:50:03
2092943196166967571,153692841,jfsrev,2026-08-27T11:51:57.000Z,thank you https://t.co/mFcLYRE65J,en,2092943196166967571,26,0,1,0,12,10855,https://x.com/jfsrev/status/2092943196166967571,0,0,"[{""id"": ""2092935363270471899"", ""type"": ""quoted""}]",2026-09-07 05:50:03
2092916491448709301,153692841,jfsrev,2026-08-27T10:05:50.000Z,💯 https://t.co/V2iISi6IAc,art,2092916491448709301,43,0,1,0,10,14315,https://x.com/jfsrev/status/2092916491448709301,0,0,"[{""id"": ""2092916208035074179"", ""type"": ""quoted""}]",2026-09-07 05:50:03
2092843226436886703,153692841,jfsrev,2026-08-27T05:14:42.000Z,$ETHU (Update) — $ETHUSD is morphing into a bullish pennant on the futures/spot chart https://t.co/z6Q8ZtknXe https://t.co/r2PlEtVXmV,en,2092843226436886703,73,3,5,1,9,59265,https://x.com/jfsrev/status/2092843226436886703,0,0,"[{""id"": ""2091891682665201672"", ""type"": ""quoted""}]",2026-09-07 05:50:03
2092773513077956935,153692841,jfsrev,2026-08-27T00:37:42.000Z,$NVDA https://t.co/yqbGCh4EiK https://t.co/tnMuzzEzqI,qme,2092773513077956935,18,0,0,0,1,14724,https://x.com/jfsrev/status/2092773513077956935,0,0,"[{""id"": ""2092621872668221451"", ""type"": ""quoted""}]",2026-09-07 05:50:03
2092766634478067805,153692841,jfsrev,2026-08-27T00:10:22.000Z,CFD https://t.co/THntUsPokn,qst,2092766634478067805,8,0,1,0,8,11198,https://x.com/jfsrev/status/2092766634478067805,0,0,"[{""id"": ""2092701979940102437"", ""type"": ""quoted""}]",2026-09-07 05:50:03
2092621872668221451,153692841,jfsrev,2026-08-26T14:35:08.000Z,"$NVDA is reporting earnings after hours tonight.

Gap up, gap down, or flat?",en,2092621872668221451,16,1,5,2,1,34999,https://x.com/jfsrev/status/2092621872668221451,0,0,,2026-09-07 05:50:03
2092615397719839153,153692841,jfsrev,2026-08-26T14:09:24.000Z,"Not every trade that looks ready to go will be profitable or end up a winner. Calibrate your expectations and stay focused on consistently making A-rated decisions.

This is a very long term game and it takes time to grind out your edge. If you have the patience to stay the https://t.co/4t2JN4Tygn https://t.co/YCkOFipgXv",en,2092615397719839153,103,1,3,0,24,28575,https://x.com/jfsrev/status/2092615397719839153,0,0,"[{""id"": ""1835977828216742003"", ""type"": ""quoted""}]",2026-09-07 05:50:03
2092609111594815531,153692841,jfsrev,2026-08-26T13:44:25.000Z,thank you https://t.co/ZGaPf1OucU,en,2092609111594815531,13,0,0,0,3,9108,https://x.com/jfsrev/status/2092609111594815531,0,0,"[{""id"": ""2092604566206607862"", ""type"": ""quoted""}]",2026-09-07 05:50:03
2092515541563138431,153692841,jfsrev,2026-08-26T07:32:36.000Z,"I share all of it, including the tools and scripts. They are completely free.

https://t.co/SvGb59qZfY https://t.co/4Ha7sv2lMj",en,2092515541563138431,101,4,2,0,109,24871,https://x.com/jfsrev/status/2092515541563138431,0,0,"[{""id"": ""2092512956969877946"", ""type"": ""quoted""}]",2026-09-07 05:50:03
2092487689811734917,153692841,jfsrev,2026-08-26T05:41:56.000Z,"$AG (Update) — The longer the setup, the greater the room for expansion. 

Taking a position in an idea that could run beyond your average winner holding period requires very diligent watchlist management. Good screening parameters and filter is only the first step. Most ideas https://t.co/qi4oHUzKgL https://t.co/6BwlC43OYS",en,2092487689811734917,71,6,5,0,55,19082,https://x.com/jfsrev/status/2092487689811734917,0,0,"[{""id"": ""1945042238817624213"", ""type"": ""quoted""}]",2026-09-07 05:50:03
2092464430479265869,153692841,jfsrev,2026-08-26T04:09:30.000Z,I like @PrimeTrading_ materials too 👍🏻 https://t.co/6EnDvGO01V,,,33,0,0,0,15,12109,https://x.com/jfsrev/status/2092464430479265869,0,0,"[{""id"": ""2092461007163769286"", ""type"": ""quoted""}]",2026-09-07 05:51:04
2092445807450656987,153692841,jfsrev,2026-08-26T02:55:30.000Z,and for positive compounding too https://t.co/OAg1eUB3rG,,,32,0,2,0,12,14165,https://x.com/jfsrev/status/2092445807450656987,0,0,"[{""id"": ""2092444328170049647"", ""type"": ""quoted""}]",2026-09-07 05:51:04
2092440695198122291,153692841,jfsrev,2026-08-26T02:35:12.000Z,"$URA $NLR $URNM have moved into the top-performing 1-month RS% group after today's follow through action.

RS 100% 1-Month Industry Group

$NLR - Nuclear Power
$URA - Uranium
$IAI - Broker-Dealers
$KCE - Capital Markets &amp; Financial Services
$XME - Metals &amp; Mining
$URNM - Uranium https://t.co/z0sokPrxWa https://t.co/P23SoH62GW",,,145,16,7,0,104,27204,https://x.com/jfsrev/status/2092440695198122291,0,0,"[{""id"": ""2091046767790105065"", ""type"": ""quoted""}]",2026-09-07 05:51:04
2092430246889066718,153692841,jfsrev,2026-08-26T01:53:40.000Z,🙏🏻 https://t.co/znc4zK7rvd,,,12,0,0,0,0,10201,https://x.com/jfsrev/status/2092430246889066718,0,0,"[{""id"": ""2092429624177267035"", ""type"": ""quoted""}]",2026-09-07 05:51:04
2092263050212782587,153692841,jfsrev,2026-08-25T14:49:18.000Z,thank you https://t.co/ocQlw1ihb3,,,91,2,0,0,72,17763,https://x.com/jfsrev/status/2092263050212782587,0,0,"[{""id"": ""2092236048193536311"", ""type"": ""quoted""}]",2026-09-07 05:51:04
2092256160472760682,153692841,jfsrev,2026-08-25T14:21:55.000Z,"there may be more $DELL stop loss victims if they are enticed on today’s move just on that ""+5%"" move out of 3 day consolidation. $DELL is 6.4% ADR. https://t.co/6S5O9hk2vC",,,76,5,7,0,29,18245,https://x.com/jfsrev/status/2092256160472760682,0,0,"[{""id"": ""2074862059796541863"", ""type"": ""quoted""}]",2026-09-07 05:51:04
2092246295113314645,153692841,jfsrev,2026-08-25T13:42:43.000Z,"If the average dollar volume is only $29 million, the stock can be easily influenced and manipulated by a single party through speculation https://t.co/bqGSOTHDrd",,,35,1,6,0,11,11733,https://x.com/jfsrev/status/2092246295113314645,0,0,"[{""id"": ""2092245308915032185"", ""type"": ""quoted""}]",2026-09-07 05:51:04
2092195085173891137,153692841,jfsrev,2026-08-25T10:19:14.000Z,$RNG - the only SIP this earnings season that survived 10-MA till today. no EP beat this https://t.co/hM3TiG2yh3,,,29,1,2,0,8,12124,https://x.com/jfsrev/status/2092195085173891137,0,0,"[{""id"": ""2086709975666331892"", ""type"": ""quoted""}]",2026-09-07 05:51:04
2092194478505500981,153692841,jfsrev,2026-08-25T10:16:49.000Z,👏 https://t.co/hrXxyuIvq6,,,34,0,0,0,8,12637,https://x.com/jfsrev/status/2092194478505500981,0,0,"[{""id"": ""2092185688422695192"", ""type"": ""quoted""}]",2026-09-07 05:51:04
2092118379704492402,153692841,jfsrev,2026-08-25T05:14:26.000Z,https://t.co/D5RDzodWVJ https://t.co/ruiAqbcPHp,,,15,2,3,0,8,13099,https://x.com/jfsrev/status/2092118379704492402,0,0,"[{""id"": ""2092116847864991924"", ""type"": ""quoted""}]",2026-09-07 05:51:04
2092101828813189556,153692841,jfsrev,2026-08-25T04:08:40.000Z,It’s never too late to start. https://t.co/L67mCmnMSn,,,264,20,5,2,50,23534,https://x.com/jfsrev/status/2092101828813189556,0,0,,2026-09-07 05:51:04
2092048386770002006,153692841,jfsrev,2026-08-25T00:36:18.000Z,https://t.co/uYyC1FGjI4 https://t.co/SGLUtO4G4q,,,11,0,0,0,9,8704,https://x.com/jfsrev/status/2092048386770002006,0,0,"[{""id"": ""2091964371450712572"", ""type"": ""quoted""}]",2026-09-07 05:51:04
2092047923999813677,153692841,jfsrev,2026-08-25T00:34:28.000Z,https://t.co/izjaFJY6VP https://t.co/XeSnauZZok,,,6,0,0,0,3,10717,https://x.com/jfsrev/status/2092047923999813677,0,0,"[{""id"": ""2092022802274529299"", ""type"": ""quoted""}]",2026-09-07 05:51:04
2091920757043630448,153692841,jfsrev,2026-08-24T16:09:09.000Z,$VCX - 💪🏻 https://t.co/7OjplMk5VA,,,35,2,6,0,10,12572,https://x.com/jfsrev/status/2091920757043630448,0,0,"[{""id"": ""2090806726274719945"", ""type"": ""quoted""}]",2026-09-07 05:51:04
2091915999318786213,153692841,jfsrev,2026-08-24T15:50:14.000Z,🙏🏻 https://t.co/RRydo2OJ4H,,,12,0,1,0,6,11618,https://x.com/jfsrev/status/2091915999318786213,0,0,"[{""id"": ""2091915612490772766"", ""type"": ""quoted""}]",2026-09-07 05:51:04
2091907482868441464,153692841,jfsrev,2026-08-24T15:16:24.000Z,$AMC (Update) - Before &amp; After https://t.co/uKKE7G2Do9,,,47,3,3,0,24,13083,https://x.com/jfsrev/status/2091907482868441464,0,0,,2026-09-07 05:51:04
2091891682665201672,153692841,jfsrev,2026-08-24T14:13:37.000Z,$ETHU (Update) - It is 38R now on T+3 https://t.co/NCJib3vKZ7 https://t.co/i6FqBPVXaI,,,109,2,9,2,22,40163,https://x.com/jfsrev/status/2091891682665201672,0,0,"[{""id"": ""2090819340547575910"", ""type"": ""quoted""}]",2026-09-07 05:51:04
2091774649478901854,153692841,jfsrev,2026-08-24T06:28:34.000Z,"A proper buy rule can be even more important than a proper sell rule. After all, you can only sell what you first buy. https://t.co/4C9jLrc2hF",,,97,5,1,0,74,23294,https://x.com/jfsrev/status/2091774649478901854,0,0,"[{""id"": ""1980639074680729612"", ""type"": ""quoted""}]",2026-09-07 05:51:04
2091716112987897859,153692841,jfsrev,2026-08-24T02:35:58.000Z,man is a high ADR% investor 😅 https://t.co/TNf8ZePV0T,,,136,4,7,2,79,55829,https://x.com/jfsrev/status/2091716112987897859,0,0,"[{""id"": ""2091292738071244812"", ""type"": ""quoted""}]",2026-09-07 05:51:04
2091514744406683807,153692841,jfsrev,2026-08-23T13:15:48.000Z,🍻 https://t.co/BvadP7MWeB,,,12,0,0,0,3,12362,https://x.com/jfsrev/status/2091514744406683807,0,0,"[{""id"": ""2091088763824861321"", ""type"": ""quoted""}]",2026-09-07 05:51:04
2091478474213199884,153692841,jfsrev,2026-08-23T10:51:40.000Z,"there's alot of uncomfortable unrealized profit loss situation you need to endure temporarily if u want to hold a big winning idea

https://t.co/SrsjfLbZON https://t.co/9a0AaxRU6q",,,61,2,3,0,28,16244,https://x.com/jfsrev/status/2091478474213199884,0,0,"[{""id"": ""1966511757910032579"", ""type"": ""quoted""}]",2026-09-07 05:51:04
2091155803361472731,153692841,jfsrev,2026-08-22T13:29:29.000Z,👍🏻 https://t.co/I03AD29SpS,,,79,3,2,0,71,29106,https://x.com/jfsrev/status/2091155803361472731,0,0,"[{""id"": ""2091153772777189687"", ""type"": ""quoted""}]",2026-09-07 05:51:04
2091046767790105065,153692841,jfsrev,2026-08-22T06:16:13.000Z,"32 strongest moving stocks above $1B market cap, organized by industry group. Capital Markets (Crypto) and Uranium are emerging among the strongest-moving industry groups.

$ASST - Asset Management
$CRCL - Capital Markets
$FIGR - Capital Markets
$HOOD - Capital Markets
$PURR - https://t.co/sggXSbU9N7 https://t.co/XRMxfYoVV1",,,351,46,9,2,379,100767,https://x.com/jfsrev/status/2091046767790105065,0,0,"[{""id"": ""1996636957129281701"", ""type"": ""quoted""}]",2026-09-07 05:51:04
2091005998551212052,153692841,jfsrev,2026-08-22T03:34:13.000Z,"im using this

https://t.co/D5RDzodWVJ https://t.co/b6L35l43Cx",,,9,1,1,0,14,6860,https://x.com/jfsrev/status/2091005998551212052,0,0,"[{""id"": ""2090989246383292538"", ""type"": ""quoted""}]",2026-09-07 05:51:04
2090887508456554691,153692841,jfsrev,2026-08-21T19:43:23.000Z,"on strategy perspective, yes but these are work done years ago. the same reason i did not advice to trade $MRNA after that 10 x atr% to 50-MA gap up move. doesn't matter the context of the news, it's all priced in within the gap https://t.co/XkxXm5BBTG",,,28,0,3,1,9,37477,https://x.com/jfsrev/status/2090887508456554691,0,0,"[{""id"": ""2090836971849478302"", ""type"": ""quoted""}]",2026-09-07 05:51:04
2090883753334001905,153692841,jfsrev,2026-08-21T19:28:28.000Z,🫡 https://t.co/XFItLZgrVn,,,22,0,0,0,3,11153,https://x.com/jfsrev/status/2090883753334001905,0,0,"[{""id"": ""2090839542240792722"", ""type"": ""quoted""}]",2026-09-07 05:51:04
2090835834476101747,153692841,jfsrev,2026-08-21T16:18:03.000Z,Your good and bad trading behaviors cannot hide from your journal. There are ways to fix them but constantly jumping between strategies isn’t one of them. https://t.co/1z9NtWZX4u,,,115,8,7,1,60,23261,https://x.com/jfsrev/status/2090835834476101747,0,0,"[{""id"": ""1795380163309715610"", ""type"": ""quoted""}]",2026-09-07 05:51:04
2090823377611280396,153692841,jfsrev,2026-08-21T15:28:33.000Z,👍🏻 https://t.co/JIk5tWbbnc,,,10,1,0,0,2,9905,https://x.com/jfsrev/status/2090823377611280396,0,0,"[{""id"": ""2090823150078759351"", ""type"": ""quoted""}]",2026-09-07 05:51:04
2090820423432995165,153692841,jfsrev,2026-08-21T15:16:49.000Z,"$ETHA is nearing 10 x ATR% from 50-MA (9.9x now), it's friday ($ETHUSD still trades on saturday and sunday), so on that nuances yes i will. https://t.co/ACRB0raDiY",,,30,2,2,0,7,11275,https://x.com/jfsrev/status/2090820423432995165,0,0,"[{""id"": ""2090819782505316429"", ""type"": ""quoted""}]",2026-09-07 05:51:04
2090819340547575910,153692841,jfsrev,2026-08-21T15:12:30.000Z,"Two major moves took place 2 days ago, on August 19th:

$MRNA +177% close — EP style
$ETHA (via $ETHU) +9.97% close (+19.8%) — Range Expansion Swing style

Today, at T+2:

$MRNA is now a +3R profit on the M5 ORH.
$ETHU is now a +30R profit on the M30 ORH.

The context of https://t.co/ck3NkMN5Sw https://t.co/Je1L6szDAe",,,165,11,15,2,74,56469,https://x.com/jfsrev/status/2090819340547575910,0,0,"[{""id"": ""2090113336432378363"", ""type"": ""quoted""}]",2026-09-07 05:51:04
2090811512290222253,153692841,jfsrev,2026-08-21T14:41:24.000Z,"I will refer to 2 data sources for checking the spread cost:

1. TradingView (this is the most straightforward method if you are using it as your primary charting platform) — enable the ""Buy/Sell"" buttons on the chart. You don’t need to grant broker access, and I strongly https://t.co/XZw4ripoYQ https://t.co/CyPkiyNURo",,,52,4,11,0,37,22574,https://x.com/jfsrev/status/2090811512290222253,0,0,"[{""id"": ""2090808303697920077"", ""type"": ""quoted""}]",2026-09-07 05:51:04
2090808743995076656,153692841,jfsrev,2026-08-21T14:30:24.000Z,"$URNM - always avoid the first 30mins of adrenaline (again, unless exceptional high RVOL stock based idea). 

it will let trading be really very mellow, controlled, and straightforward without adrenaline for longevity https://t.co/RxNOEbv3dz https://t.co/1oWIklKZB0",,,24,1,4,1,3,6137,https://x.com/jfsrev/status/2090808743995076656,0,0,"[{""id"": ""2090799353325850975"", ""type"": ""quoted""}]",2026-09-07 05:51:04
2090806726274719945,153692841,jfsrev,2026-08-21T14:22:23.000Z,"note that the spread for $VCX currently is $0.30-$0.40 range. if u want to preset a buy stop on LoD stop loss, it has to include a buffer of that spread into your stop (eg. LoD $39.30, -$0.30 = $39.00 stop loss), then u size your trade from this level to keep your risk contain https://t.co/TvoQXYsvFl",,,26,0,2,1,10,16760,https://x.com/jfsrev/status/2090806726274719945,0,0,"[{""id"": ""2090805916430225558"", ""type"": ""quoted""}]",2026-09-07 05:51:04
2090804507513172264,153692841,jfsrev,2026-08-21T14:13:34.000Z,"if you are a big fan of trading Darvas Box Range system, @tradingview has just allowed ""Rectangle"" drawing to be preset with alert condition. condition includes (those that i find useful for traders);

1. ""Entering Rectangle""
2. ""Exiting Rectangle""
3. ""Greater Than""
4. ""Less https://t.co/mnlL3KRKm6 https://t.co/bkwuHVive3",,,116,5,4,1,85,23091,https://x.com/jfsrev/status/2090804507513172264,0,0,"[{""id"": ""2066112681623359723"", ""type"": ""quoted""}]",2026-09-07 05:51:04
2090752007250587861,153692841,jfsrev,2026-08-21T10:44:57.000Z,"$GDX (Update) — +32R in $NUGT, Further Push in Pre-Market. Cast Your Fishing Net Beyond Equities.

It’s shaping up to be a commodities and crypto week. Be open minded and look beyond equities to cast a wider net across different asset classes to capture a broader range of https://t.co/ncSkaAaKYG https://t.co/cAMHLaOdit",,,84,3,9,0,24,16140,https://x.com/jfsrev/status/2090752007250587861,0,0,"[{""id"": ""2082707346380525957"", ""type"": ""quoted""}]",2026-09-07 05:51:04
2090648089388573173,153692841,jfsrev,2026-08-21T03:52:01.000Z,"the same was said about crypto. find opportunities in midst of chaos will make you different, at least in your annualised performance. https://t.co/d9vbBM1ZYe",,,41,1,1,0,8,17606,https://x.com/jfsrev/status/2090648089388573173,0,0,"[{""id"": ""2090631237455298799"", ""type"": ""quoted""}]",2026-09-07 05:51:04
2090627914907959478,153692841,jfsrev,2026-08-21T02:31:51.000Z,"$PLTR (Update) — New Bullish Flag Setting Up for a 3rd Rally Leg

Still too early IMO to make this a focus name for the month. It’s remains extended 6× ATR% from its 50-MA, while the weekly chart is only in its second week of sideways consolidation. Ideally a base should be at https://t.co/x7ilNHfZps https://t.co/w2oXSM4lxk",,,189,13,9,2,60,35721,https://x.com/jfsrev/status/2090627914907959478,0,0,"[{""id"": ""2085734877132108046"", ""type"": ""quoted""}]",2026-09-07 05:51:04
2090459949675778509,153692841,jfsrev,2026-08-20T15:24:25.000Z,😄 https://t.co/sTsWSGaUzw,,,16,0,3,0,0,11216,https://x.com/jfsrev/status/2090459949675778509,0,0,"[{""id"": ""2090459637716029765"", ""type"": ""quoted""}]",2026-09-07 05:51:04
2090453332456575295,153692841,jfsrev,2026-08-20T14:58:07.000Z,what an incredible tweet before the move 👍🏻 https://t.co/7E2k6mnUpF,,,97,1,5,0,12,18764,https://x.com/jfsrev/status/2090453332456575295,0,0,"[{""id"": ""2088085735974785455"", ""type"": ""quoted""}]",2026-09-07 05:51:04
2090446956657283570,153692841,jfsrev,2026-08-20T14:32:47.000Z,"$HPE &amp; $DELL (Update) — Another Low Volume Breakout That Failed to Sustain. 

Both are heading into earnings on September 2nd and 3rd. There are plenty of opportunities beyond these 2 stocks, and even beyond equities. Be flexible and always turn up daily to update your watchlist https://t.co/uj2NFUOe2J https://t.co/sRKvDFG5CN",,,162,6,16,0,34,30193,https://x.com/jfsrev/status/2090446956657283570,0,0,"[{""id"": ""2085366378966798727"", ""type"": ""quoted""}]",2026-09-07 05:51:04
2090431320606539881,153692841,jfsrev,2026-08-20T13:30:39.000Z,$ETHU (Update) +17% Gap Up At Open https://t.co/i5LwfoqNrm https://t.co/9Semin7m3o,,,31,3,5,0,4,15191,https://x.com/jfsrev/status/2090431320606539881,0,0,"[{""id"": ""2090129283176091743"", ""type"": ""quoted""}]",2026-09-07 05:51:04
2090430777234427958,153692841,jfsrev,2026-08-20T13:28:30.000Z,"Pre-Market Gappers scan dominated by Crypto Related Names and Exchanges

$HOOD $COIN $MSTR $CRCL $FUTU $BMNR $GLXY $BULL $MARA $CLSK $BTDR $PURR $SBET $ASST $SOC $TIGR $HIVE $BTBT 

""President Donald Trump repeated his commitment to secure U.S. leadership in cryptocurrency and https://t.co/eUsritNEGK https://t.co/Je1L6szDAe",,,35,6,1,1,19,9436,https://x.com/jfsrev/status/2090430777234427958,0,0,"[{""id"": ""2090113336432378363"", ""type"": ""quoted""}]",2026-09-07 05:51:04
2090408597784244513,153692841,jfsrev,2026-08-20T12:00:22.000Z,https://t.co/G8ncoMPel9 https://t.co/BaF29rKscS,,,8,0,3,0,8,12395,https://x.com/jfsrev/status/2090408597784244513,0,0,"[{""id"": ""2090347273771462675"", ""type"": ""quoted""}]",2026-09-07 05:51:04
2090349403634823653,153692841,jfsrev,2026-08-20T08:05:09.000Z,"$RNG (Update) - 18 sessions on, still hasn't violate 10-MA even after stalling at 10 x ATR% from 50-MA. Last 3 day price action is higher low on recovery of August 14th -4.9% pullback. 

This is the post earnings reaction worth keeping in notes to study and review. Wire this into https://t.co/RLuUibBAXG https://t.co/KzQ0ntnOl0",,,74,8,6,1,46,44211,https://x.com/jfsrev/status/2090349403634823653,0,0,"[{""id"": ""2082810811114737799"", ""type"": ""quoted""}]",2026-09-07 05:51:04
2090344080140300528,153692841,jfsrev,2026-08-20T07:44:00.000Z,$P (Update) - Stalled at 10 x ATR% from 50-MA https://t.co/fOrGIgwVvr https://t.co/Rxrm5kb8mV,,,35,2,0,0,8,14199,https://x.com/jfsrev/status/2090344080140300528,0,0,"[{""id"": ""2088103320825254028"", ""type"": ""quoted""}]",2026-09-07 05:51:04
2090335271678304321,153692841,jfsrev,2026-08-20T07:08:59.000Z,still early https://t.co/v9g1uLcY2N,,,61,3,5,0,15,10487,https://x.com/jfsrev/status/2090335271678304321,1,0,"[{""id"": ""2090329879971823884"", ""type"": ""replied_to""}]",2026-09-07 05:51:04
2090330186428670423,153692841,jfsrev,2026-08-20T06:48:47.000Z,"https://t.co/kYMNCpPUUY

join us",en,2090329879971823884,4,0,0,0,0,1428,https://x.com/jfsrev/status/2090330186428670423,1,0,"[{""id"": ""2090329879971823884"", ""type"": ""replied_to""}]",2026-09-07 05:51:33
2090329879971823884,153692841,jfsrev,2026-08-20T06:47:34.000Z,"$SEDG (Update) — Gap-Down Mean Reversion Idea, +9.3% Follow-Through. The only idea posted for a market gap down open day. https://t.co/jRJGTbqk1h https://t.co/oqC6Nt02hP",en,2090329879971823884,48,2,7,0,15,15209,https://x.com/jfsrev/status/2090329879971823884,0,0,"[{""id"": ""2089645694290399423"", ""type"": ""quoted""}]",2026-09-07 05:51:33
2090245358136029612,153692841,jfsrev,2026-08-20T01:11:42.000Z,$PURR https://t.co/AoO9Jub7Zp,qct,2090245358136029612,10,0,3,0,2,6344,https://x.com/jfsrev/status/2090245358136029612,0,0,"[{""id"": ""2090155595026342362"", ""type"": ""quoted""}]",2026-09-07 05:51:33
2090244757293600991,153692841,jfsrev,2026-08-20T01:09:19.000Z,"rs first, setup 2nd 👍🏻 https://t.co/yUUPNwT4ps",en,2090244757293600991,111,10,3,0,124,23958,https://x.com/jfsrev/status/2090244757293600991,0,0,"[{""id"": ""2090217544544399752"", ""type"": ""quoted""}]",2026-09-07 05:51:33
2090137450618519934,153692841,jfsrev,2026-08-19T18:02:55.000Z,🍻 https://t.co/6LntoSOVmt,art,2090137450618519934,15,0,2,0,0,11138,https://x.com/jfsrev/status/2090137450618519934,0,0,"[{""id"": ""2090132148804038953"", ""type"": ""quoted""}]",2026-09-07 05:51:33
2090129283176091743,153692841,jfsrev,2026-08-19T17:30:28.000Z,https://t.co/uql9Q9vJ5S,zxx,2090113336432378363,30,0,2,1,2,21136,https://x.com/jfsrev/status/2090129283176091743,1,0,"[{""id"": ""2090113336432378363"", ""type"": ""replied_to""}]",2026-09-07 05:51:33
2090118990035288464,153692841,jfsrev,2026-08-19T16:49:34.000Z,"I missed 2024 trade of the year as well. it's fine

https://t.co/7Mc6Fs915D https://t.co/ecWSt7zW5A",en,2090118990035288464,24,2,1,0,10,15434,https://x.com/jfsrev/status/2090118990035288464,0,0,"[{""id"": ""2090117156008599867"", ""type"": ""quoted""}]",2026-09-07 05:51:33
2090113336432378363,153692841,jfsrev,2026-08-19T16:27:06.000Z,$ETHU (Update) 20% day expansion https://t.co/3AiA3YIkPL,en,2090113336432378363,77,2,12,1,14,61093,https://x.com/jfsrev/status/2090113336432378363,0,0,,2026-09-07 05:51:33
2090107600260173853,153692841,jfsrev,2026-08-19T16:04:18.000Z,$ETHU 👍🏻 https://t.co/wHYubIMwDm,qme,2090107600260173853,69,3,7,0,8,17775,https://x.com/jfsrev/status/2090107600260173853,0,0,"[{""id"": ""2090106123487441381"", ""type"": ""quoted""}]",2026-09-07 05:51:33
2090076590285918405,153692841,jfsrev,2026-08-19T14:01:05.000Z,This is great news for humanity https://t.co/455gOzvVPH,en,2090076590285918405,124,4,7,0,6,15633,https://x.com/jfsrev/status/2090076590285918405,0,0,"[{""id"": ""2090028336500375975"", ""type"": ""quoted""}]",2026-09-07 05:51:33
2090046288775840132,153692841,jfsrev,2026-08-19T12:00:41.000Z,🍻 https://t.co/k6LQS53FJr,art,2090046288775840132,20,0,0,0,0,9746,https://x.com/jfsrev/status/2090046288775840132,0,0,"[{""id"": ""2090043323880820996"", ""type"": ""quoted""}]",2026-09-07 05:51:33
2089984932252910005,153692841,jfsrev,2026-08-19T07:56:52.000Z,"Only 12 of the 34 strongest movers above $10B market cap are still trading above all their major moving averages. $SPCX among the the strongest RS name since August 6th.

$SPCX - Aerospace &amp; Defense
$TPG - Asset Management
$DELL - Computer Hardware
$SMCI - Computer Hardware
$STX https://t.co/AxNirW4rn0 https://t.co/vUKrMT6Ice",en,2089984932252910005,119,12,4,0,63,22509,https://x.com/jfsrev/status/2089984932252910005,0,0,"[{""id"": ""2088422589513507158"", ""type"": ""quoted""}]",2026-09-07 05:51:33
2089925820387348888,153692841,jfsrev,2026-08-19T04:01:59.000Z,🙏🏻 https://t.co/WlejzNFcFR,art,2089925820387348888,36,1,0,0,1,13255,https://x.com/jfsrev/status/2089925820387348888,0,0,"[{""id"": ""2089925338600247407"", ""type"": ""quoted""}]",2026-09-07 05:51:33
2089922099385413701,153692841,jfsrev,2026-08-19T03:47:12.000Z,Unrealized profit loss are inevitable parts of swing trading when holding positions. The bright side is that today is a great day to clean up and narrow down your watchlist. https://t.co/SbGPsoxjwB,en,2089922099385413701,112,4,4,0,22,26273,https://x.com/jfsrev/status/2089922099385413701,0,0,"[{""id"": ""1655855727041454081"", ""type"": ""quoted""}]",2026-09-07 05:51:33
2089719504347758648,153692841,jfsrev,2026-08-18T14:22:09.000Z,"try this under github rs log

https://t.co/Xemw1GzfM6 https://t.co/8ifyuYSp53",en,2089719504347758648,28,1,4,0,51,20554,https://x.com/jfsrev/status/2089719504347758648,0,0,"[{""id"": ""2089718618854437106"", ""type"": ""quoted""}]",2026-09-07 05:51:33
2089716339674116335,153692841,jfsrev,2026-08-18T14:09:35.000Z,https://t.co/5ryGn6IqXj,zxx,2089568694863265929,10,0,2,0,7,9564,https://x.com/jfsrev/status/2089716339674116335,1,0,"[{""id"": ""2089568694863265929"", ""type"": ""replied_to""}]",2026-09-07 05:51:33
2089645694290399423,153692841,jfsrev,2026-08-18T09:28:51.000Z,"look out for my live session market ideas later within the community chat. there could be intraday live ideas later

https://t.co/G8ncoMPel9 https://t.co/aOiaj3HG7O",en,2089645694290399423,33,3,3,1,9,29239,https://x.com/jfsrev/status/2089645694290399423,0,0,"[{""id"": ""2089618211604234266"", ""type"": ""quoted""}]",2026-09-07 05:51:33
2089644592979464327,153692841,jfsrev,2026-08-18T09:24:29.000Z,thank you for this https://t.co/B0ohIYoAe6,en,2089644592979464327,82,8,3,1,106,29105,https://x.com/jfsrev/status/2089644592979464327,0,0,"[{""id"": ""2089644153529356577"", ""type"": ""quoted""}]",2026-09-07 05:51:33
2089577303437349012,153692841,jfsrev,2026-08-18T04:57:06.000Z,"Quallamaggie will always choose the leveraged ETF of the underlying securities, if available.

PS: Understanding ADR% https://t.co/SvGb59qZfY https://t.co/EVvhoupqi1",en,2089568694863265929,45,3,0,0,29,7973,https://x.com/jfsrev/status/2089577303437349012,1,0,"[{""id"": ""2089568694863265929"", ""type"": ""replied_to""}]",2026-09-07 05:51:33
2089568694863265929,153692841,jfsrev,2026-08-18T04:22:53.000Z,"One common misconception about leveraged ETFs is that “leverage” means you’re borrowing against your equity. In reality, the leverage is embedded within the ETF itself, the fund uses derivatives and other instruments to amplify the underlying asset's daily returns. I am a strong https://t.co/LOxAczu4yo https://t.co/MZnX97gkDk",en,2089568694863265929,137,9,15,0,125,38872,https://x.com/jfsrev/status/2089568694863265929,0,0,"[{""id"": ""2089339888458256657"", ""type"": ""quoted""}]",2026-09-07 05:51:33
2089564862037061662,153692841,jfsrev,2026-08-18T04:07:40.000Z,keep it simple https://t.co/RdWk0GHcBG,en,2089564862037061662,52,2,2,0,7,19786,https://x.com/jfsrev/status/2089564862037061662,0,0,"[{""id"": ""2089561755236422030"", ""type"": ""quoted""}]",2026-09-07 05:51:33
2089547901659988194,153692841,jfsrev,2026-08-18T03:00:16.000Z,"Trading gives you control over your time outside market hours. 

10am local time, just waiting for my flight while preparing for today pre market notes for community.

PS: @tradingview — charts, watchlist panel (Futures), biggest movers screener, and Pine Script screener, all in https://t.co/CWLljnqBzd https://t.co/P7ITUws0fF",en,2089547901659988194,254,7,16,2,95,47466,https://x.com/jfsrev/status/2089547901659988194,0,0,"[{""id"": ""1971175600212803648"", ""type"": ""quoted""}]",2026-09-07 05:51:33
2089530148899188952,153692841,jfsrev,2026-08-18T01:49:43.000Z,"https://t.co/kYMNCpPUUY

join us",en,2089339888458256657,3,0,0,0,1,3992,https://x.com/jfsrev/status/2089530148899188952,1,0,"[{""id"": ""2089339888458256657"", ""type"": ""replied_to""}]",2026-09-07 05:51:33
2089526231280783367,153692841,jfsrev,2026-08-18T01:34:09.000Z,💯 https://t.co/Ya2Qww1wct,art,2089526231280783367,18,1,0,0,5,13233,https://x.com/jfsrev/status/2089526231280783367,0,0,"[{""id"": ""2089521947180986446"", ""type"": ""quoted""}]",2026-09-07 05:51:33
2089339888458256657,153692841,jfsrev,2026-08-17T13:13:42.000Z,"This is how we do it 💪🏻 

""Build a stringent process that you own and could follow with longevity."" https://t.co/AkYy8nzvHo https://t.co/JtRl9yy9OF",en,2089339888458256657,237,7,23,2,77,81404,https://x.com/jfsrev/status/2089339888458256657,0,0,"[{""id"": ""2067056715770822672"", ""type"": ""quoted""}]",2026-09-07 05:51:33
2089006048225153163,153692841,jfsrev,2026-08-16T15:07:08.000Z,"it's solely US based stocks, etfs and 24/5 futures daily https://t.co/h7GLAHvFSt",en,2089006048225153163,17,0,3,0,6,20044,https://x.com/jfsrev/status/2089006048225153163,0,0,"[{""id"": ""2088987793607594460"", ""type"": ""quoted""}]",2026-09-07 05:51:33
2088910185490210986,153692841,jfsrev,2026-08-16T08:46:12.000Z,the aftermath https://t.co/HRRTPXAJo0,en,2088853636709543973,28,0,3,0,0,5749,https://x.com/jfsrev/status/2088910185490210986,1,0,"[{""id"": ""2088853636709543973"", ""type"": ""replied_to""}]",2026-09-07 05:51:33
2088875472214184062,153692841,jfsrev,2026-08-16T06:28:16.000Z,100% https://t.co/RdekMZKw15,qst,2088875472214184062,57,3,3,0,46,21041,https://x.com/jfsrev/status/2088875472214184062,0,0,"[{""id"": ""2088866179586646507"", ""type"": ""quoted""}]",2026-09-07 05:51:33
2088853636709543973,153692841,jfsrev,2026-08-16T05:01:30.000Z,"her first hyrox race with bare minimum training. very proud of her 👏 

#hyrox #hyroxbkk https://t.co/VN4nBLxHm0 https://t.co/6lAn5daHU6",en,2088853636709543973,196,2,9,0,2,33358,https://x.com/jfsrev/status/2088853636709543973,0,0,"[{""id"": ""1939022412445876224"", ""type"": ""quoted""}]",2026-09-07 05:51:33
2088851078624448861,153692841,jfsrev,2026-08-16T04:51:20.000Z,"This was how $KC move +180% in 2024. Look at their share structure and how at least 5 MA coils together before the beginning of a big move. I use 10/20/50/100/150/200-MA on chart.

https://t.co/80hK1yR0Rc https://t.co/1hqVXAheP6 https://t.co/Rxrm5kb8mV",en,2088851078624448861,129,14,3,0,124,28437,https://x.com/jfsrev/status/2088851078624448861,0,0,"[{""id"": ""2088103320825254028"", ""type"": ""quoted""}]",2026-09-07 05:51:33
2088766948960247877,153692841,jfsrev,2026-08-15T23:17:02.000Z,will try it out! https://t.co/4l16awj8gv,en,2088766948960247877,36,2,1,0,46,17497,https://x.com/jfsrev/status/2088766948960247877,0,0,"[{""id"": ""2088631107013038491"", ""type"": ""quoted""}]",2026-09-07 05:51:33
2088534688042553449,153692841,jfsrev,2026-08-15T07:54:07.000Z,💯 https://t.co/7I2O0uqzFe,art,2088534688042553449,11,1,0,0,2,7586,https://x.com/jfsrev/status/2088534688042553449,0,0,"[{""id"": ""2088527855751757920"", ""type"": ""quoted""}]",2026-09-07 05:51:33
2088519448936513903,153692841,jfsrev,2026-08-15T06:53:34.000Z,🍻 sir https://t.co/eGHYf4vMQR,qst,2088519448936513903,20,0,0,0,2,15163,https://x.com/jfsrev/status/2088519448936513903,0,0,"[{""id"": ""2088471839307903237"", ""type"": ""quoted""}]",2026-09-07 05:51:33
2088464508373381128,153692841,jfsrev,2026-08-15T03:15:15.000Z,stop trading but follow ideas that you would have wanted to trade and monitor the outcome. get conviction to hop back in only when u see streaks of winning ideas from your own https://t.co/aMaEJWe8LX,en,2088464508373381128,81,1,1,1,22,22585,https://x.com/jfsrev/status/2088464508373381128,0,0,"[{""id"": ""2088454375043682390"", ""type"": ""quoted""}]",2026-09-07 05:51:33
2088422589513507158,153692841,jfsrev,2026-08-15T00:28:41.000Z,"34 strongest moving stocks above $10B market cap, organized by industry group. These are highly liquid names with elevated ADR%.

$ZS - Software - Infrastructure
$TWLO - Software - Infrastructure
$PLTR - Software - Infrastructure
$NET - Software - Infrastructure
$NBIS - Software https://t.co/EdReVC5XBf https://t.co/dqX3G256ev",en,2088422589513507158,283,29,10,4,296,87045,https://x.com/jfsrev/status/2088422589513507158,0,0,"[{""id"": ""1796806706028302775"", ""type"": ""quoted""}]",2026-09-07 05:51:33
2088416429142155662,153692841,jfsrev,2026-08-15T00:04:12.000Z,"yes. keeping a fixed % risk to equity automatically reduces your dollar risk as your equity declines during a drawdown.

i wouldn't recommend adjusting the risk % too aggressively, or ratheri wouldn't even recommend adjusting it if u got the right risk % to avoid risk of ruin to https://t.co/YCYx6N4yZQ",en,2088416429142155662,46,2,5,0,31,12735,https://x.com/jfsrev/status/2088416429142155662,0,0,"[{""id"": ""2088320511008797146"", ""type"": ""quoted""}]",2026-09-07 05:51:33
2088278247121551667,153692841,jfsrev,2026-08-14T14:55:07.000Z,"I'm actually not familiar with his work tbf. within IBD, I only could find time to really study @dryan310 public materials (aside from his material as co-mentor for @markminervini program in the past), IBD featured podcast, and listen to all his interviews over the years. 

he's https://t.co/tAywMP0yj2",en,2088278247121551667,46,2,4,0,36,14925,https://x.com/jfsrev/status/2088278247121551667,0,0,"[{""id"": ""2088272240731415003"", ""type"": ""quoted""}]",2026-09-07 05:51:33
2088275845916045761,153692841,jfsrev,2026-08-14T14:45:34.000Z,every chart pattern has a narrative to the underlying prolonged price action https://t.co/a0fOkesG27,en,2088275845916045761,50,3,1,0,15,14276,https://x.com/jfsrev/status/2088275845916045761,0,0,"[{""id"": ""2088273385151443076"", ""type"": ""quoted""}]",2026-09-07 05:51:33
2088271756670951670,153692841,jfsrev,2026-08-14T14:29:19.000Z,"""Volume = Price, Cause = Effect"" 
-Richard D. Wyckoff

PS: Wyckoff’s core idea was that volume and price action reveal the underlying cause-and-effect relationship between accumulation/distribution and subsequent price movement.",en,2088271756670951670,78,3,6,1,41,13279,https://x.com/jfsrev/status/2088271756670951670,0,0,,2026-09-07 05:51:33
2088268908243587443,153692841,jfsrev,2026-08-14T14:18:00.000Z,🍻 https://t.co/HEJZQanGeN,art,2088268908243587443,31,1,2,0,23,13787,https://x.com/jfsrev/status/2088268908243587443,0,0,"[{""id"": ""2088213949510828247"", ""type"": ""quoted""}]",2026-09-07 05:51:33
2088264654271463875,153692841,jfsrev,2026-08-14T14:01:06.000Z,"$BRO — “Bro, when’s it your turn to put on a show?” https://t.co/X5miQkUASj https://t.co/2jRWE8gYqY",en,2088264654271463875,72,6,4,1,12,14704,https://x.com/jfsrev/status/2088264654271463875,0,0,"[{""id"": ""2085603806059118964"", ""type"": ""quoted""}]",2026-09-07 05:51:33
2088250435140522186,153692841,jfsrev,2026-08-14T13:04:36.000Z,"it's 18th. if u wait for confirmation for oversold boucnr, the reward-risk is skewed and late

https://t.co/mNN5Gt8Sq0 https://t.co/6fiHIM1meu",en,2088250435140522186,11,1,2,0,7,10744,https://x.com/jfsrev/status/2088250435140522186,0,0,"[{""id"": ""2088249648981184860"", ""type"": ""quoted""}]",2026-09-07 05:51:33
2088159815264764197,153692841,jfsrev,2026-08-14T07:04:30.000Z,I was too early https://t.co/MPaMy4Otfq https://t.co/43vRYOidK2,en,2088159815264764197,64,2,2,0,13,17728,https://x.com/jfsrev/status/2088159815264764197,0,0,"[{""id"": ""2088155373056254381"", ""type"": ""quoted""}]",2026-09-07 05:51:33
2088153286725751151,153692841,jfsrev,2026-08-14T06:38:34.000Z,"Whenever I miss a move, I like to go back and search for who identified the idea, and the thought process, before the run up. 

https://t.co/ogEBQKXjFT

In this case, only one person on X had flagged $P ahead of the move and his account dates back to 2015 with just 44 followers. https://t.co/Rxrm5kb8mV",en,2088153286725751151,162,9,16,1,136,36385,https://x.com/jfsrev/status/2088153286725751151,0,0,"[{""id"": ""2088103320825254028"", ""type"": ""quoted""}]",2026-09-07 05:51:33
2088127753015210036,153692841,jfsrev,2026-08-14T04:57:06.000Z,🍻 https://t.co/zp6kgcyZO1,art,2088127753015210036,15,1,0,0,8,12966,https://x.com/jfsrev/status/2088127753015210036,0,0,"[{""id"": ""2088125791854899350"", ""type"": ""quoted""}]",2026-09-07 05:51:33
2088103320825254028,153692841,jfsrev,2026-08-14T03:20:01.000Z,"If I have a similar question to ''God Trading'', it will be why I didn't attempt $P again on 30th July when it reclaim 5 major MA in a single move.

The swing trade ppl should look to study should be $P for late july. It already moved for 11 sessions in a row to 10 x ATR% from https://t.co/Sv4FyO4JGa",en,2088099968787837360,106,12,8,1,65,89926,https://x.com/jfsrev/status/2088103320825254028,1,0,"[{""id"": ""2088099968787837360"", ""type"": ""replied_to""}]",2026-09-07 05:51:54
2088099968787837360,153692841,jfsrev,2026-08-14T03:06:42.000Z,"No need for $DELL or $HPE to navigate this market. I am carrying none of those.

Build a stringent process that you own and could follow with longevity. Come to X only after you've done your own homework — to compare notes, not to follow the thesis. The ideas that aren't widely https://t.co/o8IUpOqP7R",en,2088099968787837360,226,14,17,2,102,76652,https://x.com/jfsrev/status/2088099968787837360,0,0,"[{""id"": ""2087797053506142264"", ""type"": ""quoted""}]",2026-09-07 05:51:54
2088096502157869336,153692841,jfsrev,2026-08-14T02:52:55.000Z,"join us

https://t.co/kYMNCpPUUY",en,2087958710253666761,1,0,0,0,1,3187,https://x.com/jfsrev/status/2088096502157869336,1,0,"[{""id"": ""2087958710253666761"", ""type"": ""replied_to""}]",2026-09-07 05:51:54
2088072551696417149,153692841,jfsrev,2026-08-14T01:17:45.000Z,"$TSLA via $TSLL was an oversold bounce idea, 4 consecutive red session with compression after post earnings gap down

https://t.co/UsGnkhXcJ0 https://t.co/8hh4Qqslne",en,2088072551696417149,25,1,6,0,8,14246,https://x.com/jfsrev/status/2088072551696417149,0,0,"[{""id"": ""2088060970333819318"", ""type"": ""quoted""}]",2026-09-07 05:51:54
2088057013024825755,153692841,jfsrev,2026-08-14T00:16:00.000Z,"after our $TQQQ entry yesterday, is 92% now https://t.co/xcXFhQ1e4l",en,2088057013024825755,48,1,7,0,12,15327,https://x.com/jfsrev/status/2088057013024825755,0,0,"[{""id"": ""2087984523481121197"", ""type"": ""quoted""}]",2026-09-07 05:51:54
2088055781119934704,153692841,jfsrev,2026-08-14T00:11:07.000Z,"it's here

https://t.co/rvN6Xtxc7u https://t.co/IUEEfzguRi",en,2088055781119934704,12,0,3,0,5,12011,https://x.com/jfsrev/status/2088055781119934704,0,0,"[{""id"": ""2087962898274349557"", ""type"": ""quoted""}]",2026-09-07 05:51:54
2087958710253666761,153692841,jfsrev,2026-08-13T17:45:23.000Z,"$SNDK &amp; $MU (Update) — T+1. I may have been wrong on $DELL via $DLLL, but $SNXX +29% and $MUU +10% are still decent from under the radar ideas.

I’ve never had much luck with crowded trades. Hit with 2 stop losses in $DLLL from July 8th and 9th execution via 15th July sell off. https://t.co/bTSuzz5NTi",en,2087958710253666761,106,1,17,0,29,21107,https://x.com/jfsrev/status/2087958710253666761,0,0,,2026-09-07 05:51:54
2087904518445121914,153692841,jfsrev,2026-08-13T14:10:03.000Z,"$SPY (Update) — New All-Time High, along with $IWM $RSP $QQQE https://t.co/BrX0S6dcdH https://t.co/XlR3P9Dklx",en,2087904518445121914,42,2,1,0,3,13497,https://x.com/jfsrev/status/2087904518445121914,0,0,"[{""id"": ""2087175933702897808"", ""type"": ""quoted""}]",2026-09-07 05:51:54
2087714396621685241,153692841,jfsrev,2026-08-13T01:34:34.000Z,"$CBRS — Executing right ahead of earnings carries uncontrollable binary risk.

This base will actually look more solidified if it sideway for another few more weeks https://t.co/gCReAoIBCn https://t.co/mWGY8aH3uM",en,2087714396621685241,35,2,2,0,2,7491,https://x.com/jfsrev/status/2087714396621685241,0,0,"[{""id"": ""2085211785590968736"", ""type"": ""quoted""}]",2026-09-07 05:51:54
2087554479705227372,153692841,jfsrev,2026-08-12T14:59:07.000Z,https://t.co/SvGb59qZfY https://t.co/McsereV22z,zxx,2087554479705227372,15,0,4,0,17,17956,https://x.com/jfsrev/status/2087554479705227372,0,0,"[{""id"": ""2087553021165109269"", ""type"": ""quoted""}]",2026-09-07 05:51:54
2087546429208502292,153692841,jfsrev,2026-08-12T14:27:08.000Z,"$DELL (Update) — Another month since the July 15 tweet below. Without some form of volume run-rate execution criteria on range consolidation breakouts, you could easily have taken at 3 more stop loss attempts to a total of 6 stop losses.

https://t.co/Uv5pqBbQHK https://t.co/HeIdWXQtOa https://t.co/45PDkhEfVX",en,2087546429208502292,114,7,8,1,27,40510,https://x.com/jfsrev/status/2087546429208502292,0,0,"[{""id"": ""2077391819441397766"", ""type"": ""quoted""}]",2026-09-07 05:51:54
2087540485166612841,153692841,jfsrev,2026-08-12T14:03:30.000Z,30mins later https://t.co/RYzaFe6ilA https://t.co/tIl0A9koMq,en,2087540485166612841,73,2,5,0,19,13506,https://x.com/jfsrev/status/2087540485166612841,0,0,"[{""id"": ""2087532566836318511"", ""type"": ""quoted""}]",2026-09-07 05:51:54
2087532566836318511,153692841,jfsrev,2026-08-12T13:32:03.000Z,try delaying your execution by 30mins from your entry price today,en,2087532566836318511,174,7,12,1,17,26000,https://x.com/jfsrev/status/2087532566836318511,0,0,,2026-09-07 05:51:54
2087461643106255204,153692841,jfsrev,2026-08-12T08:50:13.000Z,this looks great 👌🏻 https://t.co/NlyX6TZZjf,en,2087461643106255204,49,3,8,0,51,16470,https://x.com/jfsrev/status/2087461643106255204,0,0,"[{""id"": ""2087458128694497294"", ""type"": ""quoted""}]",2026-09-07 05:51:54
2087362041581572211,153692841,jfsrev,2026-08-12T02:14:26.000Z,"Here are the 31 of 123 industry groups that closed today at 100% Relative Strength (1-Month)

$ESPO - E-Sports
$KURE - China Health
$IHI - Med-Tech &amp; Surgical Equipment
$IBB - Biotech Megacap
$OIH - Large-Cap Oil Services
$XES - Oil &amp; Gas Equip &amp; Services
$GNR - Natural Resources https://t.co/ovhYie3BDR https://t.co/bpNDSS4l9v",en,2087362041581572211,66,8,2,0,83,25398,https://x.com/jfsrev/status/2087362041581572211,0,0,"[{""id"": ""1806709652975141131"", ""type"": ""quoted""}]",2026-09-07 05:51:54
2087175933702897808,153692841,jfsrev,2026-08-11T13:54:55.000Z,"$SPY — Bullish Flag at 10-MA above 20-MA

If you're able to build and hold positions through this bullish flag without getting shaken out at your full size or partial stops, there's a good chance the patience will be rewarded if $SPY eventually breaks out of the formation. 

This https://t.co/aTlWd7JMH6",en,2087175933702897808,157,13,16,3,33,41745,https://x.com/jfsrev/status/2087175933702897808,0,0,,2026-09-07 05:51:54
2087162407068266593,153692841,jfsrev,2026-08-11T13:01:10.000Z,"EPS &amp; Sales on Tradingview by @DumbleDax 

https://t.co/SvGb59qZfY https://t.co/EgZ1GBLID1 https://t.co/4hjHtEp5yK",en,2087162407068266593,11,1,1,0,11,5756,https://x.com/jfsrev/status/2087162407068266593,0,0,"[{""id"": ""2087159540567429506"", ""type"": ""quoted""}]",2026-09-07 05:51:54
2087028262375751951,153692841,jfsrev,2026-08-11T04:08:07.000Z,"just some realities on what is required for full time trading, or elevating to the holy grail of ""trading for a living""

there's alot of long term personal finances planning, projection and it's not a decision that one could make hastily. it's about giving up career opportunities https://t.co/FdziMUARo5",en,2087028262375751951,79,3,3,1,33,28513,https://x.com/jfsrev/status/2087028262375751951,0,0,"[{""id"": ""2087027315532615905"", ""type"": ""quoted""}]",2026-09-07 05:51:54
2086981278944113145,153692841,jfsrev,2026-08-11T01:01:25.000Z,"$GDX via $NUGT (Update) — Breaking Out of a 22-Week Base. Precious metals &amp; miners still remain as the strongest RS group over the past month. Uranium $URA $NLR theme has also been in play. Below are the groups showing 100% 1-Month RS.

$GLD - Gold
$IBB - Biotech Megacap
$KURE - https://t.co/OlWRhmrHov https://t.co/s4PG7Aurz6",en,2086981278944113145,78,4,3,0,54,23403,https://x.com/jfsrev/status/2086981278944113145,0,0,"[{""id"": ""2085722414076633330"", ""type"": ""quoted""}]",2026-09-07 05:51:54
2086958103610970171,153692841,jfsrev,2026-08-10T23:29:20.000Z,I will try it out https://t.co/4QfyaRG0nA,en,2086958103610970171,41,5,4,0,66,20149,https://x.com/jfsrev/status/2086958103610970171,0,0,"[{""id"": ""2086867530896019947"", ""type"": ""quoted""}]",2026-09-07 05:51:54
2086957699783352365,153692841,jfsrev,2026-08-10T23:27:44.000Z,💯 https://t.co/gV92lXiNKt,art,2086957699783352365,43,1,2,0,24,14596,https://x.com/jfsrev/status/2086957699783352365,0,0,"[{""id"": ""2086921894432026695"", ""type"": ""quoted""}]",2026-09-07 05:51:54
2086812206256304587,153692841,jfsrev,2026-08-10T13:49:35.000Z,"i like $MUU and $KORU

There's also $INTW 2x long for $INTC 

PS: ""A Swing Trader's Product Edge: Capturing Positive Compounding, While Halving Capital with Leveraged ETFs""
https://t.co/CBeOIDwJ8r https://t.co/mlg0xG9L2I",en,2086812206256304587,96,2,7,0,55,24681,https://x.com/jfsrev/status/2086812206256304587,0,0,"[{""id"": ""2086803081530851543"", ""type"": ""quoted""}]",2026-09-07 05:51:54
2086709975666331892,153692841,jfsrev,2026-08-10T07:03:22.000Z,"$RNG (Update) - The best performing @PradeepBonde style SIP this earning season, riding higher on T+9 without 10-MA violation. https://t.co/f83jeT9SRT https://t.co/J1wopvhbGk",en,2086709975666331892,87,2,8,1,25,39837,https://x.com/jfsrev/status/2086709975666331892,0,0,"[{""id"": ""2082777057059041764"", ""type"": ""quoted""}]",2026-09-07 05:51:54
2086261927085514890,153692841,jfsrev,2026-08-09T01:22:58.000Z,🙏🏻 https://t.co/iGUD8FBAaw,art,2086261927085514890,5,0,0,0,0,13191,https://x.com/jfsrev/status/2086261927085514890,0,0,"[{""id"": ""2086247148597956994"", ""type"": ""quoted""}]",2026-09-07 05:51:54
2086147364910407681,153692841,jfsrev,2026-08-08T17:47:45.000Z,🍻 https://t.co/9by6nBMs6m,art,2086147364910407681,17,1,3,0,1,12877,https://x.com/jfsrev/status/2086147364910407681,0,0,"[{""id"": ""2086143812502520108"", ""type"": ""quoted""}]",2026-09-07 05:51:54
2085999797602070731,153692841,jfsrev,2026-08-08T08:01:22.000Z,🙏🏻 https://t.co/CZ1PwefN7N,art,2085999797602070731,12,0,0,0,2,13370,https://x.com/jfsrev/status/2085999797602070731,0,0,"[{""id"": ""2085992719399493867"", ""type"": ""quoted""}]",2026-09-07 05:51:54
2085930509247648018,153692841,jfsrev,2026-08-08T03:26:02.000Z,"yes, it's available here for free

https://t.co/of83meo1Bb https://t.co/H5GuV7QpKr https://t.co/Tge6KKW44J",en,2085930509247648018,132,7,1,0,247,30888,https://x.com/jfsrev/status/2085930509247648018,0,0,"[{""id"": ""2085905535942201416"", ""type"": ""quoted""}]",2026-09-07 05:51:54
2085913534429344121,153692841,jfsrev,2026-08-08T02:18:35.000Z,"only if this happens

https://t.co/SPR4H915Cm https://t.co/AVuJwgJW0l",en,2085913534429344121,16,0,0,0,18,16313,https://x.com/jfsrev/status/2085913534429344121,0,0,"[{""id"": ""2085912753835815420"", ""type"": ""quoted""}]",2026-09-07 05:51:54
2085903679551672452,153692841,jfsrev,2026-08-08T01:39:26.000Z,"if RVOL crosses 20% (the higher the better), avg estimate vol exceeding 100% (the higher the better) before 30mins into the market, this should have your attention.

that said, this works best when you're targeting a specific name already on your radar. if you're working with a https://t.co/tKnIZfF7WW https://t.co/klYMlMeUBQ",en,2085903679551672452,380,44,23,1,560,50015,https://x.com/jfsrev/status/2085903679551672452,0,0,"[{""id"": ""2085893918022140338"", ""type"": ""quoted""}]",2026-09-07 05:51:54
2085901568269013042,153692841,jfsrev,2026-08-08T01:31:02.000Z,"29 of the strongest moving stocks above $10B market cap, organized by industry group. These are highly liquid names with elevated ADR%.

$AUR - Auto Parts
$HPE - Communication Equipment
$LITE - Communication Equipment
$VSAT - Communication Equipment
$ANET - Computer Hardware https://t.co/Ka58gP9wy2 https://t.co/dqX3G256ev",en,2085901568269013042,287,34,13,4,327,60205,https://x.com/jfsrev/status/2085901568269013042,0,0,"[{""id"": ""1796806706028302775"", ""type"": ""quoted""}]",2026-09-07 05:51:54
2085881152200679633,153692841,jfsrev,2026-08-08T00:09:55.000Z,"yes, if it's at least 2 x ADR% distance away but build multi week consolidation base at bottom https://t.co/ZOxntpVqJq",en,2085881152200679633,17,0,0,0,11,5699,https://x.com/jfsrev/status/2085881152200679633,0,0,"[{""id"": ""2085787549612540328"", ""type"": ""quoted""}]",2026-09-07 05:51:54
2085879562261725268,153692841,jfsrev,2026-08-08T00:03:36.000Z,"all of the 4-5 indicators (if eps/sales data required in my chart are using free public scripts and it's listed here. 

https://t.co/z4jghDHPvp https://t.co/8qrsJYnWw6",en,2085879562261725268,13,0,0,0,18,5800,https://x.com/jfsrev/status/2085879562261725268,0,0,"[{""id"": ""2085806334147272806"", ""type"": ""quoted""}]",2026-09-07 05:51:54
2085878131119038875,153692841,jfsrev,2026-08-07T23:57:54.000Z,"For my $IOT entry, the RVOL gauge using ""volume vs. average volume"" as a proxy for the potential full RVOL print—is actually sufficient to take the trade on a high-volume breakout basis. First image below is the volume detail when I first posted 30min at trigger, second image is https://t.co/SQxpWEsPES https://t.co/w9Ycq7s0Ls",en,2085878131119038875,89,8,3,0,118,12526,https://x.com/jfsrev/status/2085878131119038875,0,0,"[{""id"": ""2085829448826302539"", ""type"": ""quoted""}]",2026-09-07 05:51:54
2085867295910539456,153692841,jfsrev,2026-08-07T23:14:51.000Z,https://t.co/QGsTM5xt4L https://t.co/GOd7sEUyRV,zxx,2085867295910539456,23,2,3,0,46,13032,https://x.com/jfsrev/status/2085867295910539456,0,0,"[{""id"": ""2085800802682327266"", ""type"": ""quoted""}]",2026-09-07 05:51:54
2085750378310856893,153692841,jfsrev,2026-08-07T15:30:16.000Z,"$BRO (Update) - LoD &gt;70% at first hour but low rvol, = price deflate https://t.co/ndWcY7RfXG https://t.co/wQmjmCkSpq",en,2085750378310856893,15,1,0,0,5,5898,https://x.com/jfsrev/status/2085750378310856893,0,0,"[{""id"": ""2085641714887471587"", ""type"": ""quoted""}]",2026-09-07 05:51:54
2085734877132108046,153692841,jfsrev,2026-08-07T14:28:40.000Z,$PLTR — It definitely moved today. Just a little too fast. https://t.co/54LYuKAoQM,,,85,2,6,1,8,50695,https://x.com/jfsrev/status/2085734877132108046,0,0,,2026-09-07 05:52:44
2085730083176935542,153692841,jfsrev,2026-08-07T14:09:37.000Z,"100% RS Strongest Groups in the Market (Ranked)

$GDXJ $XME $ITA $SIL $SILJ $GDX $SLV $PHO $COPX $JETS $PALL $PPLT $SLX $XSW $WCLD $CLOU https://t.co/5uXGwSD0m6",,,65,5,2,0,34,9289,https://x.com/jfsrev/status/2085730083176935542,0,0,,2026-09-07 05:52:44
2085723135832383849,153692841,jfsrev,2026-08-07T13:42:01.000Z,https://t.co/Xdl6GT6NGp,,,5,0,0,0,3,3234,https://x.com/jfsrev/status/2085723135832383849,1,0,"[{""id"": ""2085722414076633330"", ""type"": ""replied_to""}]",2026-09-07 05:52:44
2085722414076633330,153692841,jfsrev,2026-08-07T13:39:09.000Z,"$GDX via $NUGT (Update) +27% in 4 days (T+3), approaching 150-MA resistance.

Always start your idea from strongest 1-month relative strength. Relative strength first, setup second.

$GDXJ $PALL $GLD $JNUG https://t.co/bWs174Hg83 https://t.co/cAMHLaOdit",,,97,10,10,1,55,54977,https://x.com/jfsrev/status/2085722414076633330,0,0,"[{""id"": ""2082707346380525957"", ""type"": ""quoted""}]",2026-09-07 05:52:44
2085642481870250288,153692841,jfsrev,2026-08-07T08:21:31.000Z,thank you 🙏🏻 https://t.co/dgFWnV9nqE,,,18,0,1,0,2,10964,https://x.com/jfsrev/status/2085642481870250288,0,0,"[{""id"": ""2085637458062975004"", ""type"": ""quoted""}]",2026-09-07 05:52:44
2085617911583085030,153692841,jfsrev,2026-08-07T06:43:53.000Z,"$AMZN (Update) — Post-Earnings Gap Evolving into a Bullish Flag

Delivered stellar earnings, with EPS up 242% and sales growing 20% YoY on quarter basis.

After breaking out to a new all-time high at $287 on Monday, the last 3 sessions of declining volume retracement are shaping https://t.co/DB0qFynTSC https://t.co/dXRSLuTwC1",,,85,3,6,0,18,23136,https://x.com/jfsrev/status/2085617911583085030,0,0,"[{""id"": ""2084457089590804929"", ""type"": ""quoted""}]",2026-09-07 05:52:44
2085603806059118964,153692841,jfsrev,2026-08-07T05:47:50.000Z,"$BRO vs $BROS - Choose the Right Bro

A single post earnings reaction can completely change a stock's narrative. https://t.co/ebOnX2bIQF",,,49,1,6,2,6,33521,https://x.com/jfsrev/status/2085603806059118964,0,0,,2026-09-07 05:52:44
2085601319734444064,153692841,jfsrev,2026-08-07T05:37:57.000Z,"https://t.co/DDuFECEcut

it's here https://t.co/wYXtp11Q7V",,,14,0,1,0,4,10013,https://x.com/jfsrev/status/2085601319734444064,0,0,"[{""id"": ""2085395865397817619"", ""type"": ""quoted""}]",2026-09-07 05:52:44
2085600928355529052,153692841,jfsrev,2026-08-07T05:36:24.000Z,i will be looking forward to this https://t.co/gXEiGNrzbw,,,74,2,0,0,90,22486,https://x.com/jfsrev/status/2085600928355529052,0,0,"[{""id"": ""2085503465535709567"", ""type"": ""quoted""}]",2026-09-07 05:52:44
2085375239010357545,153692841,jfsrev,2026-08-06T14:39:36.000Z,"I highly recommend using the free volume indicator by @ETFbreakouts

https://t.co/SvGb59qZfY https://t.co/TxyeObNwAE https://t.co/xwqBU85HzT",,,207,21,6,0,383,38045,https://x.com/jfsrev/status/2085375239010357545,0,0,"[{""id"": ""2085373925333316028"", ""type"": ""quoted""}]",2026-09-07 05:52:44
2085366741383905565,153692841,jfsrev,2026-08-06T14:05:50.000Z,$DELL - similar to $HPE https://t.co/kPTBETJS50,,,36,2,4,0,3,5833,https://x.com/jfsrev/status/2085366741383905565,1,0,"[{""id"": ""2085366378966798727"", ""type"": ""replied_to""}]",2026-09-07 05:52:44
2085366378966798727,153692841,jfsrev,2026-08-06T14:04:23.000Z,"$HPE - Breakout Failure, Importance of Volume

I didn't trust the breakout. Passing on it saved us from taking a stop loss. A strong volume footprint is often the first sign of institutional participation, and it remains nowhere to be seen. https://t.co/LhFerF8GjE",,,369,23,39,3,143,70127,https://x.com/jfsrev/status/2085366378966798727,0,0,,2026-09-07 05:52:44
2085361522847756508,153692841,jfsrev,2026-08-06T13:45:05.000Z,"$DDOG - Hard Rule #6

https://t.co/jgkekucJ67 https://t.co/VgRQUR9bkm https://t.co/Je7h8G009X",,,135,8,17,0,71,35513,https://x.com/jfsrev/status/2085361522847756508,0,0,"[{""id"": ""2066904784263880902"", ""type"": ""quoted""}]",2026-09-07 05:52:44
2085206188220956842,153692841,jfsrev,2026-08-06T03:27:51.000Z,"Good trading begins with a lot of restraint, no FOMO chasing of bid. https://t.co/Je7h8G009X",,,94,5,3,0,50,23598,https://x.com/jfsrev/status/2085206188220956842,0,0,"[{""id"": ""2066904784263880902"", ""type"": ""quoted""}]",2026-09-07 05:52:44
2085191719021326488,153692841,jfsrev,2026-08-06T02:30:21.000Z,"Never a fan of a gap up open after 4 consecutive up days. The early strength was sold to close of the session today. Nothing was spared from major index, down to segmental level. $RSP $SPY $QQQ $QQQE $IWM $DJI $SPMO $IJS $IJR $IJT $IJJ $IJH $IJK $IVE $IVV $IVW $MGK https://t.co/A8YyzR3ZBb https://t.co/jF1H7J4Qkx",,,75,3,4,0,19,18490,https://x.com/jfsrev/status/2085191719021326488,0,0,"[{""id"": ""2084534437233230164"", ""type"": ""quoted""}]",2026-09-07 05:52:44
2085176497460093211,153692841,jfsrev,2026-08-06T01:29:52.000Z,https://t.co/hLWEjdEI1i https://t.co/l0edHNb3zE,,,15,0,0,0,7,13798,https://x.com/jfsrev/status/2085176497460093211,0,0,"[{""id"": ""2085175768447861072"", ""type"": ""quoted""}]",2026-09-07 05:52:44
2085022731276632074,153692841,jfsrev,2026-08-05T15:18:51.000Z,you will do it. just make sure you focus and fine tune the right things in your own trading data every quarterly💪 https://t.co/o3Rlc42qvN,,,90,5,6,0,26,22809,https://x.com/jfsrev/status/2085022731276632074,0,0,"[{""id"": ""2085003893440987483"", ""type"": ""quoted""}]",2026-09-07 05:52:44
2084906395175170514,153692841,jfsrev,2026-08-05T07:36:34.000Z,🍻 https://t.co/WRZG1nIvJY,,,37,1,0,0,26,16491,https://x.com/jfsrev/status/2084906395175170514,0,0,"[{""id"": ""2084905851899539609"", ""type"": ""quoted""}]",2026-09-07 05:52:44
2084905611167416496,153692841,jfsrev,2026-08-05T07:33:28.000Z,yes https://t.co/AGzKvVTmWY,,,18,1,2,0,3,11378,https://x.com/jfsrev/status/2084905611167416496,0,0,"[{""id"": ""2084905322871964071"", ""type"": ""quoted""}]",2026-09-07 05:52:44
2084847965060071823,153692841,jfsrev,2026-08-05T03:44:24.000Z,"great read on this article by @ZaStocks in today's newsletter.

markets evolve quickly, and so should your thinking. we can't afford to stay stubborn with our hypotheses because even being a day late can significantly alter the risk-to-reward any trading ideas.

always have both https://t.co/RodaJdg5VT https://t.co/jF1H7J4Qkx",,,111,11,2,1,39,30090,https://x.com/jfsrev/status/2084847965060071823,0,0,"[{""id"": ""2084534437233230164"", ""type"": ""quoted""}]",2026-09-07 05:52:44
2084844665602478363,153692841,jfsrev,2026-08-05T03:31:17.000Z,"trading is the tool, freedom is the goal.

xin chao 👋 https://t.co/aepyiZdcAq",,,70,1,2,1,7,18129,https://x.com/jfsrev/status/2084844665602478363,0,0,"[{""id"": ""2084843314629771446"", ""type"": ""quoted""}]",2026-09-07 05:52:44
2084810836263186923,153692841,jfsrev,2026-08-05T01:16:51.000Z,thanks for this 👏 https://t.co/DN7FiTpbAt,,,99,5,2,0,125,28823,https://x.com/jfsrev/status/2084810836263186923,0,0,"[{""id"": ""2084739255486824657"", ""type"": ""quoted""}]",2026-09-07 05:52:44
2084658124783530332,153692841,jfsrev,2026-08-04T15:10:02.000Z,👍🏻 https://t.co/sriHrsoLfQ,,,12,0,2,0,11,13414,https://x.com/jfsrev/status/2084658124783530332,0,0,"[{""id"": ""2084656541089579139"", ""type"": ""quoted""}]",2026-09-07 05:52:44
2084640854766174375,153692841,jfsrev,2026-08-04T14:01:25.000Z,"$XLK doing all the heavy lifting today

Strongest Tech Group Movers:
$FDN $IGV $CLOU $WCLD $CIBR $BUG https://t.co/bNPARuWJsu https://t.co/dwEQGTIXKu",,,31,2,8,0,11,12089,https://x.com/jfsrev/status/2084640854766174375,0,0,"[{""id"": ""2084639312336065013"", ""type"": ""quoted""}]",2026-09-07 05:52:44
2084639312336065013,153692841,jfsrev,2026-08-04T13:55:17.000Z,the feedback from $PLTR https://t.co/O5axEaBwMn,,,13,0,1,1,1,12768,https://x.com/jfsrev/status/2084639312336065013,1,0,"[{""id"": ""2084534437233230164"", ""type"": ""replied_to""}]",2026-09-07 05:52:44
2084534437233230164,153692841,jfsrev,2026-08-04T06:58:33.000Z,"Be cautious when initiating new risk from here. The market's largest, index heavy names have already posted 3 consecutive gap up prints eg. $AMZN $MSFT $GOOGL from $FDN $MGK $MAGS segment. Reward to risk is becoming less favorable after such an extended move. Today's reaction https://t.co/qCOlixHmbS",,,189,12,7,1,37,68942,https://x.com/jfsrev/status/2084534437233230164,0,0,,2026-09-07 05:52:44
2084457089590804929,153692841,jfsrev,2026-08-04T01:51:12.000Z,"$AMZN — New all-time highs after trading below every major MA just 2 sessions ago.

A stock's narrative can change much faster than most of us expect, and anticipates. https://t.co/fk6gX2uYrs https://t.co/gcopm8yCRj",,,110,5,7,1,8,44943,https://x.com/jfsrev/status/2084457089590804929,0,0,"[{""id"": ""2083214019016720546"", ""type"": ""quoted""}]",2026-09-07 05:52:44
2084455629650071745,153692841,jfsrev,2026-08-04T01:45:24.000Z,"Top 24 Strongest Industry Groups Sorted Based on 1-Month % Gain

$KWEB — Chinese Tech &amp; E-Commerce
$CHIQ — China Consumer
$FXI — China Large-Caps
$BOAT — Global Shipping
$CLOU — Cloud Infrastructure &amp; SaaS
$WCLD — Cloud Tech
$WOOD — Timber &amp; Lumber
$SLX — Steel
$KCE — Capital https://t.co/gRQ9NaVQ4i https://t.co/3iqgQbxnFJ",,,74,12,4,0,66,22403,https://x.com/jfsrev/status/2084455629650071745,0,0,"[{""id"": ""2051126183778296168"", ""type"": ""quoted""}]",2026-09-07 05:52:44
2084071249882522028,153692841,jfsrev,2026-08-03T00:18:00.000Z,🍻 https://t.co/FVjzgY5TCP,,,12,1,0,0,5,16332,https://x.com/jfsrev/status/2084071249882522028,0,0,"[{""id"": ""2084042116360016211"", ""type"": ""quoted""}]",2026-09-07 05:52:44
2083844622372188219,153692841,jfsrev,2026-08-02T09:17:28.000Z,wealth takes time https://t.co/wxCWrfbRwF,,,84,2,3,1,13,19010,https://x.com/jfsrev/status/2083844622372188219,0,0,"[{""id"": ""2083558246170648934"", ""type"": ""quoted""}]",2026-09-07 05:53:45
2083732302228791587,153692841,jfsrev,2026-08-02T01:51:09.000Z,"I don't think the market has experienced true capitulation yet (think about April 2025 vs now). But we still need a trading plan for the week ahead in case we're wrong. Every short term trading hypothesis can be held with conviction, but should be changed with flexibility when https://t.co/aSBPaAhKyS",,,164,12,4,0,16,30618,https://x.com/jfsrev/status/2083732302228791587,0,0,"[{""id"": ""2083614613623742559"", ""type"": ""quoted""}]",2026-09-07 05:53:45
2083570233764348342,153692841,jfsrev,2026-08-01T15:07:09.000Z,👏 https://t.co/rS1FaNe8oW,,,144,1,4,0,49,25607,https://x.com/jfsrev/status/2083570233764348342,0,0,"[{""id"": ""2083440053833896066"", ""type"": ""quoted""}]",2026-09-07 05:53:45
2083359437746774425,153692841,jfsrev,2026-08-01T01:09:31.000Z,"37 relative strength names trading above all major moving averages, organized by industry group. 

$HPE - Communication Equipment
$VSAT - Communication Equipment
$ANET - Computer Hardware
$P - Computer Hardware
$APH - Electronic Components
$TTEK - Engineering &amp; Construction
$TRU https://t.co/OXwt7rMCUu https://t.co/dqX3G256ev",,,416,52,17,3,430,81325,https://x.com/jfsrev/status/2083359437746774425,0,0,"[{""id"": ""1796806706028302775"", ""type"": ""quoted""}]",2026-09-07 05:53:45
2083209731318186166,153692841,jfsrev,2026-07-31T15:14:38.000Z,$NWL (Update) https://t.co/1Qs7eoHsZq https://t.co/rsXveA48my,,,23,3,2,0,5,16562,https://x.com/jfsrev/status/2083209731318186166,0,0,"[{""id"": ""2083190354581553515"", ""type"": ""quoted""}]",2026-09-07 05:53:45
2083193020493729823,153692841,jfsrev,2026-07-31T14:08:14.000Z,the weekend rest may already begin for traders now https://t.co/TWn19WScrs,,,28,2,1,0,4,4574,https://x.com/jfsrev/status/2083193020493729823,1,0,"[{""id"": ""2083192463662223690"", ""type"": ""replied_to""}]",2026-09-07 05:53:45
2083192463662223690,153692841,jfsrev,2026-07-31T14:06:01.000Z,the only solid one so far is $AMZN https://t.co/JdvKEIdLi9,,,13,0,2,0,0,3264,https://x.com/jfsrev/status/2083192463662223690,1,0,"[{""id"": ""2083192031900565546"", ""type"": ""replied_to""}]",2026-09-07 05:53:45
2083192031900565546,153692841,jfsrev,2026-07-31T14:04:18.000Z,$CGNX https://t.co/mD0mnVAe4M,,,3,0,2,0,0,1277,https://x.com/jfsrev/status/2083192031900565546,1,0,"[{""id"": ""2083191871569076336"", ""type"": ""replied_to""}]",2026-09-07 05:53:45
2083191871569076336,153692841,jfsrev,2026-07-31T14:03:40.000Z,$HPE https://t.co/gcEVq94jVa,,,4,0,2,0,0,1161,https://x.com/jfsrev/status/2083191871569076336,1,0,"[{""id"": ""2083191806985216198"", ""type"": ""replied_to""}]",2026-09-07 05:53:45
2083191806985216198,153692841,jfsrev,2026-07-31T14:03:25.000Z,$XLK https://t.co/86ASl402vE,,,2,0,1,0,0,927,https://x.com/jfsrev/status/2083191806985216198,1,0,"[{""id"": ""2083191650176893071"", ""type"": ""replied_to""}]",2026-09-07 05:53:45
2083191650176893071,153692841,jfsrev,2026-07-31T14:02:47.000Z,$DLO https://t.co/aEzMH1RcJl,,,6,0,1,0,0,970,https://x.com/jfsrev/status/2083191650176893071,1,0,"[{""id"": ""2083191338754093121"", ""type"": ""replied_to""}]",2026-09-07 05:53:45
2083191338754093121,153692841,jfsrev,2026-07-31T14:01:33.000Z,$BTE https://t.co/qSU9NSN39V,,,4,0,1,0,0,1076,https://x.com/jfsrev/status/2083191338754093121,1,0,"[{""id"": ""2083191101415096418"", ""type"": ""replied_to""}]",2026-09-07 05:53:45
2083191101415096418,153692841,jfsrev,2026-07-31T14:00:37.000Z,$BE https://t.co/JzSVY6bPVQ,,,3,0,2,0,1,1134,https://x.com/jfsrev/status/2083191101415096418,1,0,"[{""id"": ""2083190712204706105"", ""type"": ""replied_to""}]",2026-09-07 05:53:45
2083190712204706105,153692841,jfsrev,2026-07-31T13:59:04.000Z,$ANET https://t.co/Wcz8sNGroa,,,2,0,1,0,0,1218,https://x.com/jfsrev/status/2083190712204706105,1,0,"[{""id"": ""2083190520235565480"", ""type"": ""replied_to""}]",2026-09-07 05:53:45
2083190520235565480,153692841,jfsrev,2026-07-31T13:58:18.000Z,$NVT https://t.co/JohC9viIm4,,,6,0,1,0,0,1320,https://x.com/jfsrev/status/2083190520235565480,1,0,"[{""id"": ""2083190404338626668"", ""type"": ""replied_to""}]",2026-09-07 05:53:45
2083190404338626668,153692841,jfsrev,2026-07-31T13:57:50.000Z,$AXTI https://t.co/Z5TKvT7uIk,,,8,2,2,0,1,1525,https://x.com/jfsrev/status/2083190404338626668,1,0,"[{""id"": ""2083190354581553515"", ""type"": ""replied_to""}]",2026-09-07 05:53:45
2083190354581553515,153692841,jfsrev,2026-07-31T13:57:38.000Z,$NWL https://t.co/Pfh7pXDfRK,,,6,1,1,1,1,15979,https://x.com/jfsrev/status/2083190354581553515,1,0,"[{""id"": ""2083189237567066224"", ""type"": ""replied_to""}]",2026-09-07 05:53:45
2083189237567066224,153692841,jfsrev,2026-07-31T13:53:12.000Z,$SPY $QQQ - Always hold back the first 30 minute https://t.co/8qExEJe8nb https://t.co/pZls70EzJm,,,103,5,5,2,19,20388,https://x.com/jfsrev/status/2083189237567066224,0,0,"[{""id"": ""2081737903546446272"", ""type"": ""quoted""}]",2026-09-07 05:53:45
2083186459679559896,153692841,jfsrev,2026-07-31T13:42:10.000Z,$AAPL (Update) https://t.co/gA1FTfrOVz https://t.co/eXEsk5LtEd,,,29,3,2,0,1,12449,https://x.com/jfsrev/status/2083186459679559896,0,0,"[{""id"": ""2083066970338140289"", ""type"": ""quoted""}]",2026-09-07 05:53:45
2083132652618662114,153692841,jfsrev,2026-07-31T10:08:21.000Z,follow the 10-MA sell rule 😅 https://t.co/JfMWb5gm51,,,102,1,6,0,12,18699,https://x.com/jfsrev/status/2083132652618662114,0,0,,2026-09-07 05:53:45
2083066970338140289,153692841,jfsrev,2026-07-31T05:47:21.000Z,"$AAPL - Stock Drops 7% After-Hours 

""Apple (AAPL) gapped down following its fiscal third-quarter earnings report, driven by disappointing Q4 revenue guidance, component supply constraints, and a soft sales outlook in Greater China."" - FT https://t.co/dzX4jsnqvh",,,38,5,2,2,3,22141,https://x.com/jfsrev/status/2083066970338140289,0,0,,2026-09-07 05:53:45
2083014692642148502,153692841,jfsrev,2026-07-31T02:19:37.000Z,Leopold Aschenbrenner still need to work on cultivating longevity in the market https://t.co/ZCsgMTQbRJ,,,63,3,2,0,10,20600,https://x.com/jfsrev/status/2083014692642148502,0,0,"[{""id"": ""1803003192126677133"", ""type"": ""quoted""}]",2026-09-07 05:53:45
2082829408847667488,153692841,jfsrev,2026-07-30T14:03:22.000Z,https://t.co/SvGb59qZfY https://t.co/ZDzcg6nWB8 https://t.co/E75esy6Iif,,,14,1,2,0,11,10265,https://x.com/jfsrev/status/2082829408847667488,0,0,"[{""id"": ""2082827835106791813"", ""type"": ""quoted""}]",2026-09-07 05:53:45
2082825734066950565,153692841,jfsrev,2026-07-30T13:48:46.000Z,"$INTC (Update) — Price structure always takes precedence over earnings in trading.

Despite posting +520% EPS growth (+93% beat) and +25% revenue growth (+12% beat), the chart remains the primary source of truth. $INTC basically already have a loosening structure prior for over 2 https://t.co/fB9GxP5Hg4 https://t.co/cnrvVERM8l",,,86,11,3,0,24,16061,https://x.com/jfsrev/status/2082825734066950565,0,0,"[{""id"": ""2074688066284130306"", ""type"": ""quoted""}]",2026-09-07 05:53:45
2082822951020438001,153692841,jfsrev,2026-07-30T13:37:43.000Z,agree https://t.co/vvRoOE9El4 https://t.co/G3eRKN64wl,,,49,5,4,0,18,16537,https://x.com/jfsrev/status/2082822951020438001,0,0,"[{""id"": ""2082800721666470144"", ""type"": ""quoted""}]",2026-09-07 05:53:45
2082777057059041764,153692841,jfsrev,2026-07-30T10:35:21.000Z,"$RNG - Relentless PEG T+3 Behaviour

If you trade @PradeepBonde style SIP —what do you think allowed $RNG to show such exceptional strength despite the broader market backdrop? https://t.co/yozwsSHHoi",,,73,5,15,3,40,81037,https://x.com/jfsrev/status/2082777057059041764,0,0,,2026-09-07 05:53:45
2082707346380525957,153692841,jfsrev,2026-07-30T05:58:20.000Z,"May be wise to take a back seat in equities (unless u like high octane $UVIX), but don't overlook other areas of the market with multi-month bullish structure that's still building - especially in commodities and the precious metals group.

$GDX $GDXJ $PALL $GLD $NUGT $JNUG https://t.co/uEbw8LLmOA https://t.co/6MjdhREzaU",,,87,8,5,1,34,64793,https://x.com/jfsrev/status/2082707346380525957,0,0,"[{""id"": ""1894192503219523789"", ""type"": ""quoted""}]",2026-09-07 05:53:45
2082651695394554052,153692841,jfsrev,2026-07-30T02:17:12.000Z,"https://t.co/kYMNCpPUUY

join us",,,0,0,0,0,0,3482,https://x.com/jfsrev/status/2082651695394554052,1,0,"[{""id"": ""2082636781070266444"", ""type"": ""replied_to""}]",2026-09-07 05:53:45
2082645872622596565,153692841,jfsrev,2026-07-30T01:54:04.000Z,💯 https://t.co/PeEXdR6LlX,,,13,1,0,0,0,8675,https://x.com/jfsrev/status/2082645872622596565,0,0,"[{""id"": ""2082644090513203266"", ""type"": ""quoted""}]",2026-09-07 05:53:45
2082644168195895527,153692841,jfsrev,2026-07-30T01:47:18.000Z,💯 https://t.co/l1FScC5oKt,,,14,1,0,0,3,8282,https://x.com/jfsrev/status/2082644168195895527,0,0,"[{""id"": ""2082643906936680930"", ""type"": ""quoted""}]",2026-09-07 05:53:45
2082641378509767109,153692841,jfsrev,2026-07-30T01:36:12.000Z,"$BBY (T+34 Update) - Once an idea is executed, let its 10-MA dictate your exit, not the market. $SPY -1.5% $QQQ -2%

PS: How should you exit a winning trade on duration based partial profit taking, 10-MA profit running stop, and soft stop idea. https://t.co/Uv5pqBbQHK https://t.co/egsH17zisY https://t.co/0xkHa74xVS",,,58,3,3,0,24,14241,https://x.com/jfsrev/status/2082641378509767109,0,0,"[{""id"": ""2081616100379529338"", ""type"": ""quoted""}]",2026-09-07 05:53:45
2082636781070266444,153692841,jfsrev,2026-07-30T01:17:56.000Z,"before putting on a trade, also think about the capital efficiency on that idea to your account equity https://t.co/PCZsborXXM",,,27,1,3,0,12,16524,https://x.com/jfsrev/status/2082636781070266444,0,0,"[{""id"": ""2062166612686598646"", ""type"": ""quoted""}]",2026-09-07 05:53:45
2082632604034183491,153692841,jfsrev,2026-07-30T01:01:20.000Z,"https://t.co/EM8lL3rIMM

on this $RETL trade (3x $XRT long), 0.15% risk to equity on $RETL at 4% ADR will require 30% of equity

0.3% risk will equate to 60%. on a similar execution and stop idea and tightness based on LoD to ATR on higher 5%-6% ADR, and slightly higher risk to https://t.co/vlK4BRbVvr",,,36,4,3,0,36,15053,https://x.com/jfsrev/status/2082632604034183491,0,0,"[{""id"": ""2082498064195944862"", ""type"": ""quoted""}]",2026-09-07 05:53:45
2082630679670784487,153692841,jfsrev,2026-07-30T00:53:42.000Z,try implement or at least on your old data https://t.co/PJAOXoDrut,,,12,1,0,0,4,10861,https://x.com/jfsrev/status/2082630679670784487,0,0,"[{""id"": ""2082500299978358946"", ""type"": ""quoted""}]",2026-09-07 05:53:45
2082630536338755730,153692841,jfsrev,2026-07-30T00:53:07.000Z,💯 https://t.co/QXPUP5jlAy,,,6,1,0,0,1,7920,https://x.com/jfsrev/status/2082630536338755730,0,0,"[{""id"": ""2082508077136519422"", ""type"": ""quoted""}]",2026-09-07 05:53:45
2082458968706666739,153692841,jfsrev,2026-07-29T13:31:23.000Z,0.18% to 0.38% actually. even 0.5% risk is too much considering I can hit a streak of 20+ losing streak in a row within 2 weeks and it is part of the variance during win rate period of less than 30%. it's an expectation that trader must calibrate themselves to accept. https://t.co/HLi4k1hWhs https://t.co/Xm1NBDRzLR,,,196,34,8,2,194,43619,https://x.com/jfsrev/status/2082458968706666739,0,0,"[{""id"": ""2082449059227324855"", ""type"": ""quoted""}]",2026-09-07 05:53:45
2082363467538047327,153692841,jfsrev,2026-07-29T07:11:53.000Z,"Some years you win. 

Some years you build resilience.",,,215,11,3,0,17,19950,https://x.com/jfsrev/status/2082363467538047327,0,0,,2026-09-07 05:53:45
2082128529345667294,153692841,jfsrev,2026-07-28T15:38:20.000Z,What was true on Monday may no longer be true today https://t.co/8vMuX29aoF,,,52,0,4,0,4,15688,https://x.com/jfsrev/status/2082128529345667294,0,0,"[{""id"": ""2081275122351268036"", ""type"": ""quoted""}]",2026-09-07 05:53:45
2082104359601746376,153692841,jfsrev,2026-07-28T14:02:17.000Z,"Track sector and industry group performance in real time, a useful free live dashboard from @finviz_com.

https://t.co/lWvSFIW2EO

Strong $XLP $XLV $XLRE $XLU $XLF
Weak $XLK $XLC $XLY https://t.co/dOsQZyHLDn https://t.co/JuSX1MRXtJ",,,72,1,6,0,45,14109,https://x.com/jfsrev/status/2082104359601746376,0,0,"[{""id"": ""2081922095626539518"", ""type"": ""quoted""}]",2026-09-07 05:53:45
2082101873411248554,153692841,jfsrev,2026-07-28T13:52:24.000Z,"$DELL and $DDOG, A lesson on importance of RVOL based entry for consolidation breakout strategy https://t.co/TITkw6CMcD https://t.co/MA7JDPjNGJ",,,144,14,10,1,91,31283,https://x.com/jfsrev/status/2082101873411248554,0,0,"[{""id"": ""2079471313975152773"", ""type"": ""quoted""}]",2026-09-07 05:53:45
2082032114581832117,153692841,jfsrev,2026-07-28T09:15:13.000Z,💯 https://t.co/iVcBlW18br,,,58,0,3,0,6,13529,https://x.com/jfsrev/status/2082032114581832117,0,0,"[{""id"": ""2082031200797909170"", ""type"": ""quoted""}]",2026-09-07 05:53:45
2081969368490201467,153692841,jfsrev,2026-07-28T05:05:53.000Z,"Top 18 companies with short interest of 30% or higher by @finviz_com

$WOLF — Wolfspeed (71.97% Short Float)
$ONDS — Ondas (43.91% Short Float)
$BTDR — Bitdeer Technologies (43.35% Short Float)
$SOUN — SoundHound AI (42.80% Short Float)
$ASAN — Asana (39.51% Short Float)
$LCID — https://t.co/foNuM7OkZc https://t.co/XZ7r65epXp",,,160,19,4,1,144,34380,https://x.com/jfsrev/status/2081969368490201467,0,0,"[{""id"": ""1944595506853970049"", ""type"": ""quoted""}]",2026-09-07 05:53:45
2081941941575700807,153692841,jfsrev,2026-07-28T03:16:54.000Z,extremely useful on mobile if required to screen on the go https://t.co/lu9WZkKXDC,,,24,0,2,0,23,12928,https://x.com/jfsrev/status/2081941941575700807,0,0,"[{""id"": ""2081941232486621447"", ""type"": ""quoted""}]",2026-09-07 05:53:45
2081923570385756337,153692841,jfsrev,2026-07-28T02:03:54.000Z,even $BTCUSD $ETHUSD some of the stronger area that recaptured 10/20/50-MA slipped off afterhours.,,,6,0,0,0,0,3948,https://x.com/jfsrev/status/2081923570385756337,1,0,"[{""id"": ""2081922095626539518"", ""type"": ""replied_to""}]",2026-09-07 05:53:45
2081922095626539518,153692841,jfsrev,2026-07-28T01:58:02.000Z,"All market indexes at 1-Month 0 RS%, even $TLT 20-Year treasury. https://t.co/LG4GFI6ykj https://t.co/RQjUbX1SAe",,,41,1,5,1,8,29675,https://x.com/jfsrev/status/2081922095626539518,0,0,"[{""id"": ""2081275668214734930"", ""type"": ""quoted""}]",2026-09-07 05:53:45
2081897066742378763,153692841,jfsrev,2026-07-28T00:18:35.000Z,"""Nvidia $NVDA declined after reports it is in talks with OpenAI on a massive data center financing deal estimated around $250 billion

AMD $AMD fell, while Sandisk $SNDK posted a double-digit loss and Micron $MU also weakened on memory sector pressure linked to the new Chinese https://t.co/4RlyXDtMBv",,,42,4,0,0,30,17074,https://x.com/jfsrev/status/2081897066742378763,0,0,"[{""id"": ""1746110329946312796"", ""type"": ""quoted""}]",2026-09-07 05:53:45
2081742829513232482,153692841,jfsrev,2026-07-27T14:05:42.000Z,"May be removing $VCX from the ETF list due to its illiquidity after a month of lowering volume. 

Avg Vol 250k https://t.co/KcbODAKUG0 https://t.co/m5oiTGaobH",,,24,0,4,1,1,12469,https://x.com/jfsrev/status/2081742829513232482,0,0,"[{""id"": ""2063849222387237127"", ""type"": ""quoted""}]",2026-09-07 05:53:45
2081737903546446272,153692841,jfsrev,2026-07-27T13:46:07.000Z,"$SPY Futures Since Today's Open

Let the market settle during the first 30 minutes before making any decisions. It will save your a lot of unnecessary mental stress and money lost. https://t.co/bWl0Npopa9 https://t.co/SpwkkllYwl",,,102,3,5,2,11,30545,https://x.com/jfsrev/status/2081737903546446272,0,0,"[{""id"": ""2001661029215015007"", ""type"": ""quoted""}]",2026-09-07 05:53:45
2081616100379529338,153692841,jfsrev,2026-07-27T05:42:07.000Z,"$BBY (Update) - Don’t second guess your partial profit-taking or your eventual exit, follow the 10-MA exit rule.

PS: Systemizing profit taking and exit for me, with some nuances highlighted;
https://t.co/Y5mtnvOVyq https://t.co/mB1qAYXd4i https://t.co/oVaHu2Kq5I",,,46,5,5,1,22,30073,https://x.com/jfsrev/status/2081616100379529338,0,0,"[{""id"": ""2074327654409683213"", ""type"": ""quoted""}]",2026-09-07 05:53:45
2081580230603571349,153692841,jfsrev,2026-07-27T03:19:35.000Z,⚓️ https://t.co/hgrECArD1Q,,,43,0,3,0,3,12646,https://x.com/jfsrev/status/2081580230603571349,0,0,,2026-09-07 05:53:45
2081542138953932912,153692841,jfsrev,2026-07-27T00:48:13.000Z,💯 https://t.co/gIj3VdbeYD,,,25,3,0,0,26,14923,https://x.com/jfsrev/status/2081542138953932912,0,0,"[{""id"": ""2081486652791193619"", ""type"": ""quoted""}]",2026-09-07 05:53:45
2081406483133239324,153692841,jfsrev,2026-07-26T15:49:10.000Z,🙏🏻 https://t.co/FSZm9zg1Kd,,,15,0,1,0,0,11731,https://x.com/jfsrev/status/2081406483133239324,0,0,"[{""id"": ""2081396010287579538"", ""type"": ""quoted""}]",2026-09-07 05:53:45
2081275668214734930,153692841,jfsrev,2026-07-26T07:09:22.000Z,https://t.co/24vwAdEe9f,,,11,0,1,1,2,21413,https://x.com/jfsrev/status/2081275668214734930,1,0,"[{""id"": ""2081275122351268036"", ""type"": ""replied_to""}]",2026-09-07 05:53:45
2081275122351268036,153692841,jfsrev,2026-07-26T07:07:12.000Z,"In your view, where is the bigger pain trade (in the short term) from here?",,,29,1,6,1,0,30427,https://x.com/jfsrev/status/2081275122351268036,0,0,,2026-09-07 05:53:45
2081273156896174440,153692841,jfsrev,2026-07-26T06:59:23.000Z,"$AAPL - RS Hits New High Before Price

Month-To-Date:
$AAPL +15.09%
$MAGS -1.79%
$QQQ -7.08%
$XLK -7.68%

PS: Free Tradingview IBD RS Indicator By @DumbleDax 
https://t.co/z4jghDHPvp https://t.co/OZU73F5ZOh",,,96,6,4,0,50,15543,https://x.com/jfsrev/status/2081273156896174440,0,0,,2026-09-07 05:53:45
2081267876724625724,153692841,jfsrev,2026-07-26T06:38:24.000Z,$SNOW has better spot for entry last month https://t.co/TY3prqPABb https://t.co/OSUTRanR18,,,,,,,,,https://x.com/jfsrev/status/2081267876724625724,0,0,,2026-09-07 05:54:33
2081258548219244880,153692841,jfsrev,2026-07-26T06:01:20.000Z,happy weekend https://t.co/Quuf7VHPOd,,,,,,,,,https://x.com/jfsrev/status/2081258548219244880,0,0,,2026-09-07 05:54:33
2081042486039101875,153692841,jfsrev,2026-07-25T15:42:47.000Z,you need strong rvol to ascertain and affirm a move out of range https://t.co/nHuhCsN1IU,,,,,,,,,https://x.com/jfsrev/status/2081042486039101875,0,0,,2026-09-07 05:54:33
2080910796440388044,153692841,jfsrev,2026-07-25T06:59:29.000Z,both $DELL and $HPE look well worth the wait. each has built at least a 7-week base within a weekly high tight flag. extremely compelling technical structure in this environment when 1-month RS for all indexes are at 0 on yesterday's close https://t.co/HztWX9S0Xb https://t.co/Hq2hPbyJKp,,,,,,,,,https://x.com/jfsrev/status/2080910796440388044,0,0,,2026-09-07 05:54:33
2080865280121856057,153692841,jfsrev,2026-07-25T03:58:38.000Z,"just do a search on 'etf' in my substack. the various full list are there

https://t.co/SvGb59qZfY https://t.co/rjXdeFwa86 https://t.co/oUbE5EMeZ5",,,,,,,,,https://x.com/jfsrev/status/2080865280121856057,0,0,,2026-09-07 05:54:33
2080843170632601757,153692841,jfsrev,2026-07-25T02:30:46.000Z,"These are the 16 liquid names that closed the week above all of their key moving averages, even as $QQQ slipped to a new one-month low today.

$HPE - Communication Equipment
$DELL - Computer Hardware
$CSQR - Information Technology Services
$CIFR - Information Technology Services https://t.co/THgASblNlz https://t.co/dqX3G256ev",,,,,,,,,https://x.com/jfsrev/status/2080843170632601757,0,0,,2026-09-07 05:54:33
2080675433620832750,153692841,jfsrev,2026-07-24T15:24:15.000Z,do let us know when you have more creative scripts coming up! https://t.co/zTxqbVGNFS,,,,,,,,,https://x.com/jfsrev/status/2080675433620832750,0,0,,2026-09-07 05:54:33
2080655584656011457,153692841,jfsrev,2026-07-24T14:05:22.000Z,"Today's opening gap-ups in ETF all had one thing in common.

They are all inverse.

PS: Live Market Liquid ETF Screener https://t.co/Dz0XjLPRxx https://t.co/jTDpdTmepR",,,,,,,,,https://x.com/jfsrev/status/2080655584656011457,0,0,,2026-09-07 05:54:33
2080568934160626083,153692841,jfsrev,2026-07-24T08:21:03.000Z,"Updated with two new free @tradingview scripts that I think are worth having for every swing trader.

https://t.co/SvGb59qZfY

Big shoutout to @ETFbreakouts for creating and publishing these excellent TradingView scripts. https://t.co/9RnpLvf5WV https://t.co/nsvexC54js",,,,,,,,,https://x.com/jfsrev/status/2080568934160626083,0,0,,2026-09-07 05:54:33
2080523604756730363,153692841,jfsrev,2026-07-24T05:20:56.000Z,"$TSLA — Descending Triangle Breakdown Following a Post-Earnings Gap, but a $SPCX – $TSLA Merger Is More Compelling Than Ever

With $TSLA now trading less than 7% above its 52-week low, the valuation backdrop arguably makes a potential acquisition by $SPCX more attractive than https://t.co/nRCXdfCWAD",,,,,,,,,https://x.com/jfsrev/status/2080523604756730363,0,0,,2026-09-07 05:54:33
2080497876200010063,153692841,jfsrev,2026-07-24T03:38:42.000Z,"$INTC (Update) - Intel beats estimates in Q2 with strongest revenue growth in 15 years

After hours $104.61 +4.38 (4.37%) from $100 close. Avoided a double top breakdown. Could do a $100-$110 box range before its next directional move.

Intel Corp. the chip manufacturer, beat https://t.co/xN18xoxUof https://t.co/cnrvVERM8l",,,,,,,,,https://x.com/jfsrev/status/2080497876200010063,0,0,,2026-09-07 05:54:33
2080291274264092926,153692841,jfsrev,2026-07-23T13:57:44.000Z,"$LITE +7.44% vs $QQQ -1.21%

Relative strength again https://t.co/36HLptEXNz https://t.co/pA9C9OSX15",,,,,,,,,https://x.com/jfsrev/status/2080291274264092926,0,0,,2026-09-07 05:54:33
2080283500251615453,153692841,jfsrev,2026-07-23T13:26:50.000Z,Brent crude futures top $100/bbl for first time since May https://t.co/EkX7lkjJkD,,,,,,,,,https://x.com/jfsrev/status/2080283500251615453,0,0,,2026-09-07 05:54:33
2080262967397089317,153692841,jfsrev,2026-07-23T12:05:15.000Z,I had the same thought https://t.co/Qm0lc8LlAS,,,,,,,,,https://x.com/jfsrev/status/2080262967397089317,0,0,,2026-09-07 05:54:33
2080220817829548425,153692841,jfsrev,2026-07-23T09:17:46.000Z,this is a great study https://t.co/sedIS8vXKP,,,,,,,,,https://x.com/jfsrev/status/2080220817829548425,0,0,,2026-09-07 05:54:33
2080201882883227809,153692841,jfsrev,2026-07-23T08:02:31.000Z,$BBY (Update) - Following a simple 10-MA sell rule to another new high. https://t.co/SS1RZMHl3K https://t.co/xiYTqc7KUq,,,,,,,,,https://x.com/jfsrev/status/2080201882883227809,0,0,,2026-09-07 05:54:33
2080173563735359553,153692841,jfsrev,2026-07-23T06:10:00.000Z,"$USOIL Spot (Update) - T+9, already reclaim 50-MA. Expecting further upside with US House just approved a further $95 billion budget plan for Iran war funding https://t.co/6je1idTdk6 https://t.co/724m0qEpQq",,,,,,,,,https://x.com/jfsrev/status/2080173563735359553,0,0,,2026-09-07 05:54:33
2080123566482436484,153692841,jfsrev,2026-07-23T02:51:19.000Z,yes https://t.co/9can69JrnH,,,,,,,,,https://x.com/jfsrev/status/2080123566482436484,0,0,,2026-09-07 05:54:33
2080114754400768245,153692841,jfsrev,2026-07-23T02:16:18.000Z,"18 liquid names on high ADR% names that remain above all of their key moving averages. $MU is just 3% from 20-MA away from making the list.

$VSXY - Apparel Retail
$CLBK - Banks - Regional
$CLSK - Capital Markets
$HPE - Communication Equipment
$VSAT - Communication Equipment https://t.co/TNBhTA2c7e https://t.co/ESPESkWURY",,,,,,,,,https://x.com/jfsrev/status/2080114754400768245,0,0,,2026-09-07 05:54:33
2080085759193965038,153692841,jfsrev,2026-07-23T00:21:05.000Z,"It's under FAQ

https://t.co/LFLtkMRab3 https://t.co/4b9bSDBy8r https://t.co/W8ZSh7bsB4",,,,,,,,,https://x.com/jfsrev/status/2080085759193965038,0,0,,2026-09-07 05:54:33
2079945487537602987,153692841,jfsrev,2026-07-22T15:03:42.000Z,🙏 https://t.co/J3mfijmwqj,,,,,,,,,https://x.com/jfsrev/status/2079945487537602987,0,0,,2026-09-07 05:54:33
2079945207421050966,153692841,jfsrev,2026-07-22T15:02:35.000Z,you will do it https://t.co/lFQHw5xMQe,,,,,,,,,https://x.com/jfsrev/status/2079945207421050966,0,0,,2026-09-07 05:54:33
2079930953745698829,153692841,jfsrev,2026-07-22T14:05:57.000Z,"$STX $CRWV $BE (3 Trades Update, T+3, total 10R under 4 days)

Still trailing remaining with 2/3 stop loss intraday in $BE. 17th July Friday was the best spot for mean reversion in long ideas. You need to build situational awareness to tilt the probability of success in your https://t.co/JxU7zICYmt https://t.co/cyAjWrpZfW",,,,,,,,,https://x.com/jfsrev/status/2079930953745698829,0,0,,2026-09-07 05:54:33
2079926870653685908,153692841,jfsrev,2026-07-22T13:49:43.000Z,"didn't see it fail so fast.

could still bounce and rebuild from 50-MA https://t.co/frtaZs8PeI https://t.co/sDTsvb0B4N",,,,,,,,,https://x.com/jfsrev/status/2079926870653685908,0,0,,2026-09-07 05:54:33
2079852539454099853,153692841,jfsrev,2026-07-22T08:54:21.000Z,"$PLTR — Coiling in a Mini Bull Flag Ahead of a Potential 9-Month Trend Channel Breakout

One of the strongest 1-month RS mega liquid name in the list. Mini bull flag with 10 sessions of declining volume. Has been pushing higher low prints for the week. https://t.co/H2ENxD1zL2 https://t.co/GMaDZcqsPy",,,,,,,,,https://x.com/jfsrev/status/2079852539454099853,0,0,,2026-09-07 05:54:33
2079752054520865009,153692841,jfsrev,2026-07-22T02:15:04.000Z,$LITE RS got unearthed today on a +9.5% move for its 7.8% ADR. https://t.co/vc6yGk7H6K https://t.co/HjUsaGmp3W,,,52,2,1,1,10,33768,https://x.com/jfsrev/status/2079752054520865009,0,0,"[{""id"": ""2079457757657489592"", ""type"": ""quoted""}]",2026-09-07 05:56:43
2079745521581977831,153692841,jfsrev,2026-07-22T01:49:06.000Z,😄 https://t.co/xKIPOOOHE9,,,7,0,0,0,2,12030,https://x.com/jfsrev/status/2079745521581977831,0,0,"[{""id"": ""2079743508043178366"", ""type"": ""quoted""}]",2026-09-07 05:56:43
2079585830403027236,153692841,jfsrev,2026-07-21T15:14:33.000Z,https://t.co/Xfnl37ARdx https://t.co/WVcDqZdtjD https://t.co/c2rwd3IlPu,,,26,1,3,0,23,13429,https://x.com/jfsrev/status/2079585830403027236,0,0,"[{""id"": ""2079582285834092861"", ""type"": ""quoted""}]",2026-09-07 05:56:43
2079575250795454667,153692841,jfsrev,2026-07-21T14:32:31.000Z,"Another session of intraday squatting.

You may have a trading idea mapped out before the open, but there's no need to rush the entry. Delay the execution, let the market prove itself, and let the setup come to you.

Trading doesn't have to be frantic, even when you're focused on https://t.co/InK6pwJz9b https://t.co/1iHJDemD6E",,,72,5,6,0,29,12554,https://x.com/jfsrev/status/2079575250795454667,0,0,"[{""id"": ""2079210316454576148"", ""type"": ""quoted""}]",2026-09-07 05:56:43
2079568281724497929,153692841,jfsrev,2026-07-21T14:04:49.000Z,"$USOIL Spot (Update) - Already T+6, attempt to push against declining 50-MA today, already out of 14-week downtrend line. https://t.co/kaAnxHC88Y",,,29,3,7,1,4,21004,https://x.com/jfsrev/status/2079568281724497929,0,0,,2026-09-07 05:56:43
2079471313975152773,153692841,jfsrev,2026-07-21T07:39:30.000Z,"$DDOG could easily become another $DELL if you don't use some form of entry criteria as part of your execution to filter yourself from the crowd.

A good setup alone isn't enough. Long-term profitability comes from combining quality setups with quality execution. Without an https://t.co/84zArqQRo3 https://t.co/45PDkhEfVX",,,188,15,9,3,105,66770,https://x.com/jfsrev/status/2079471313975152773,0,0,"[{""id"": ""2077391819441397766"", ""type"": ""quoted""}]",2026-09-07 05:56:43
2079455402480083210,153692841,jfsrev,2026-07-21T06:36:17.000Z,"18 Strongest 1-Month Relative Strength Names with Their Liquid Leveraged &amp; Inverse ETFs

Ticker | Leveraged Long | Inverse
$BMNR | BMNU | BMNZ
$MSFT | MSFU | MSFD
$BABA | BABX | -
$PLTR | PLTU, PTIR | PLTD, PLTZ
$ADBE | ADBG | -
$AMZN | AMZU | AMZD
$AAPL | AAPU | AAPD
$MSTR | https://t.co/E924PVmQUG https://t.co/aqPob7WhJK",,,83,8,2,1,62,43789,https://x.com/jfsrev/status/2079455402480083210,0,0,"[{""id"": ""2064230774463926684"", ""type"": ""quoted""}]",2026-09-07 05:56:43
2079383907850731751,153692841,jfsrev,2026-07-21T01:52:11.000Z,"$SGHC (Update) — T+11, another +5.8% push with high RVOL from a 'random'' stock. Have not violate the 10-MA sell rule in this market backdrop. https://t.co/knCrzLDqdb https://t.co/iezlorIDcZ",,,46,2,1,0,12,13692,https://x.com/jfsrev/status/2079383907850731751,0,0,"[{""id"": ""2075042318504317033"", ""type"": ""quoted""}]",2026-09-07 05:56:43
2079383772483682556,153692841,jfsrev,2026-07-21T01:51:39.000Z,"$SGHC (Update) — T+11, another +5.8% push with high RVOL from a 'random'' stock. https://t.co/a176Hxg3D9 https://t.co/iezlorIDcZ",,,1,0,0,0,0,3547,https://x.com/jfsrev/status/2079383772483682556,0,0,"[{""id"": ""2075042318504317033"", ""type"": ""quoted""}]",2026-09-07 05:56:43
2079383038824439868,153692841,jfsrev,2026-07-21T01:48:44.000Z,🙏 https://t.co/ck2fijUs2w,,,25,0,1,0,0,8823,https://x.com/jfsrev/status/2079383038824439868,0,0,,2026-09-07 05:56:43
2079220098267857138,153692841,jfsrev,2026-07-20T15:01:16.000Z,https://t.co/D5RDzodWVJ https://t.co/VouGPWqN4s,,,6,0,2,0,7,6190,https://x.com/jfsrev/status/2079220098267857138,0,0,"[{""id"": ""2079219173490880735"", ""type"": ""quoted""}]",2026-09-07 05:56:43
2079210316454576148,153692841,jfsrev,2026-07-20T14:22:23.000Z,"plenty of intraday squatting today, top-down from the indices through segments and sector groups. Not the spot to chase. 

the best mean reversion entry to swing remains on last Friday low for the highest reward-risk

$CRWV $STX $CRDO $TER $IREN $CIFR https://t.co/9Y3arfvb9s https://t.co/PnffAdSupp",,,78,7,5,1,39,30172,https://x.com/jfsrev/status/2079210316454576148,0,0,"[{""id"": ""1819580459665576429"", ""type"": ""quoted""}]",2026-09-07 05:56:43
2079192297317822930,153692841,jfsrev,2026-07-20T13:10:47.000Z,💪🏻 https://t.co/LolN2dbFXL https://t.co/gwANxVJ47e,,,56,0,2,0,4,14933,https://x.com/jfsrev/status/2079192297317822930,0,0,"[{""id"": ""2079191206752322037"", ""type"": ""quoted""}]",2026-09-07 05:56:43
2078782252679647617,153692841,jfsrev,2026-07-19T10:01:25.000Z,🫡 https://t.co/HMWK8H49KS,,,11,0,1,0,8,15233,https://x.com/jfsrev/status/2078782252679647617,0,0,"[{""id"": ""2078780652539810091"", ""type"": ""quoted""}]",2026-09-07 05:56:43
2078468350137831889,153692841,jfsrev,2026-07-18T13:14:05.000Z,"John w Henry, Liverpool owner https://t.co/ZldT7zHQXu",,,29,0,3,0,5,16584,https://x.com/jfsrev/status/2078468350137831889,0,0,"[{""id"": ""2077754850469630144"", ""type"": ""quoted""}]",2026-09-07 05:56:43
2078323493989736597,153692841,jfsrev,2026-07-18T03:38:29.000Z,"20 liquid names that closed the week above all of their key moving averages.

$RXO - Trucking
$RHI - Staffing &amp; Employment Services
$SHLS - Solar
$VRNS - Software - Infrastructure
$S - Software - Infrastructure
$PANW - Software - Infrastructure
$OKTA - Software - Infrastructure https://t.co/FNuaFWtt6y https://t.co/dqX3G256ev",,,217,23,4,2,197,57941,https://x.com/jfsrev/status/2078323493989736597,0,0,"[{""id"": ""1796806706028302775"", ""type"": ""quoted""}]",2026-09-07 05:56:43
2078120702344040870,153692841,jfsrev,2026-07-17T14:12:39.000Z,easily our most active trading session this week,,,85,0,5,1,5,39380,https://x.com/jfsrev/status/2078120702344040870,0,0,,2026-09-07 05:56:43
2077953799646597179,153692841,jfsrev,2026-07-17T03:09:27.000Z,$BBY (Update) - Following a simple 10-MA sell rule https://t.co/JZ8rjwotSI https://t.co/oVaHu2Kq5I,,,59,5,6,1,7,29672,https://x.com/jfsrev/status/2077953799646597179,0,0,"[{""id"": ""2074327654409683213"", ""type"": ""quoted""}]",2026-09-07 05:56:43
2077950346132099551,153692841,jfsrev,2026-07-17T02:55:43.000Z,$XLF (Update) — Follow the 10-MA sell rule instead of reacting to the market's broader selloff. https://t.co/8sxulv2J6j https://t.co/nyu1MCrXNB,,,63,7,3,0,17,19102,https://x.com/jfsrev/status/2077950346132099551,0,0,"[{""id"": ""2077034024858734837"", ""type"": ""quoted""}]",2026-09-07 05:56:43
2077949574568976531,153692841,jfsrev,2026-07-17T02:52:39.000Z,"$ADBE (Update) — Sticking to a simple 10-MA sell rule, not allowing market wide weakness to influence the sell decision. https://t.co/LLQy4hDNto https://t.co/1ly0Cf5gPV",,,67,3,2,1,8,18145,https://x.com/jfsrev/status/2077949574568976531,0,0,"[{""id"": ""2077389292834562418"", ""type"": ""quoted""}]",2026-09-07 05:56:43
2077754684044099588,153692841,jfsrev,2026-07-16T13:58:14.000Z,"$NASA (Update) — Continues Lower After Neckline Breakdown, Printing a New All-Time Low https://t.co/XPdj4Ip4lJ https://t.co/fYMAxdhX1N",,,43,0,5,1,3,13421,https://x.com/jfsrev/status/2077754684044099588,0,0,"[{""id"": ""2076857192842739917"", ""type"": ""quoted""}]",2026-09-07 05:56:43
2077650760091980188,153692841,jfsrev,2026-07-16T07:05:16.000Z,"$SPY is now just ~1% from its all-time high. The market may feel choppy beneath the surface, but the Magnificent 7 $MAGS are once again doing the heavy lifting (except $TSLA).

Top 6 of 11 Top 1-Month RS Liquid Stocks (Sorted) are MAGS7

$AMZN (M7)   
$AAPL (M7)   
$META (M7) https://t.co/xPY9Yu459v https://t.co/bpNDSS4l9v",,,86,7,5,0,40,24694,https://x.com/jfsrev/status/2077650760091980188,0,0,"[{""id"": ""1806709652975141131"", ""type"": ""quoted""}]",2026-09-07 05:56:43
2077607924894257186,153692841,jfsrev,2026-07-16T04:15:04.000Z,"Finding a setup is one skill. Executing only the highest-quality setups during live market condition is another. Screening and execution are two separate variables in trading. you need to also have quality execution filter, it is one of the missing puzzle for many good traders https://t.co/XQESmZK3KS https://t.co/k7yeZWPZk0",,,155,22,6,0,161,29992,https://x.com/jfsrev/status/2077607924894257186,0,0,"[{""id"": ""2077598597043065018"", ""type"": ""quoted""}]",2026-09-07 05:56:43
2077560008896819677,153692841,jfsrev,2026-07-16T01:04:39.000Z,$DELL (Update) - Back into Box Range with a -10% Day. https://t.co/rT4xO7wp4K https://t.co/45PDkhEfVX,,,71,4,6,1,6,19466,https://x.com/jfsrev/status/2077560008896819677,0,0,"[{""id"": ""2077391819441397766"", ""type"": ""quoted""}]",2026-09-07 05:56:43
2077391819441397766,153692841,jfsrev,2026-07-15T13:56:20.000Z,"$DELL — A reminder that patience matters. Since July 8, this setup could have easily produced 3 stop losses including today for yesterday's entry. https://t.co/cV9odDXStl https://t.co/6S5O9hk2vC",,,190,7,18,2,48,112551,https://x.com/jfsrev/status/2077391819441397766,0,0,"[{""id"": ""2074862059796541863"", ""type"": ""quoted""}]",2026-09-07 05:56:43
2077389292834562418,153692841,jfsrev,2026-07-15T13:46:18.000Z,"$ADBE (Update) - Already T+16 on a intraday mean reversion entry from June 18th.

Intraday Mean Reversion: https://t.co/G8ncoMPel9

FAQ: https://t.co/LFLtkMRab3 https://t.co/U771n82EZc",,,36,6,3,1,27,49498,https://x.com/jfsrev/status/2077389292834562418,0,0,"[{""id"": ""2067504357764206847"", ""type"": ""quoted""}]",2026-09-07 05:56:43
2077382558992781437,153692841,jfsrev,2026-07-15T13:19:32.000Z,👍🏻 https://t.co/tGetkYicuu,,,12,0,3,0,2,8390,https://x.com/jfsrev/status/2077382558992781437,0,0,"[{""id"": ""2077379803498319920"", ""type"": ""quoted""}]",2026-09-07 05:56:43
2077364442850054253,153692841,jfsrev,2026-07-15T12:07:33.000Z,👍🏻 https://t.co/LoYolchPtd,,,68,5,2,1,140,26490,https://x.com/jfsrev/status/2077364442850054253,0,0,"[{""id"": ""2077356012948910372"", ""type"": ""quoted""}]",2026-09-07 05:56:43
2077229730961723410,153692841,jfsrev,2026-07-15T03:12:15.000Z,"These 30 strongest liquid stocks trading above their key moving averages at $100M avg dollar volume.

$ZETA - Software - Infrastructure
$VRNS - Software - Infrastructure
$TWLO - Software - Infrastructure
$TENB - Software - Infrastructure
$S - Software - Infrastructure
$RBRK - https://t.co/E3iZtMkZTP https://t.co/uI4jgvUo76",,,68,8,2,0,36,12357,https://x.com/jfsrev/status/2077229730961723410,0,0,"[{""id"": ""1982678925483684325"", ""type"": ""quoted""}]",2026-09-07 05:56:43
2077205338777100739,153692841,jfsrev,2026-07-15T01:35:20.000Z,@cfromhertz is always around to give quality daily market recap https://t.co/BjdnUHh7Db,,,31,1,0,0,22,14741,https://x.com/jfsrev/status/2077205338777100739,0,0,"[{""id"": ""2077135530878185872"", ""type"": ""quoted""}]",2026-09-07 05:56:43
2077034024858734837,153692841,jfsrev,2026-07-14T14:14:35.000Z,"$XLF (Update T+25) - The 10-MA sell rule remains intact. Let the system, not emotions, dictate the exit.  

Chapter 4: A 10-MA sell rule can sit you as long as 5 months https://t.co/gkncM1kSYP https://t.co/ndTKkab9sR https://t.co/d0m4LPbnbO",,,55,5,1,1,39,33280,https://x.com/jfsrev/status/2077034024858734837,0,0,"[{""id"": ""2074343903655043452"", ""type"": ""quoted""}]",2026-09-07 05:56:43
2077032245949604061,153692841,jfsrev,2026-07-14T14:07:31.000Z,"$INTC (Update) — Continue to remain weak, couldn't hold a gap up and faded in less than 30mins. Currently $105 and $100 breakdown would be a bearish double top pattern in play. https://t.co/iuNKETkOSo https://t.co/cnrvVERM8l",,,54,8,6,0,12,20869,https://x.com/jfsrev/status/2077032245949604061,0,0,"[{""id"": ""2074688066284130306"", ""type"": ""quoted""}]",2026-09-07 05:56:43
2076857192842739917,153692841,jfsrev,2026-07-14T02:31:55.000Z,"$NASA (Update) — Testing the Neckline, Breakdown Risk Building

Latest Top 10 Holdings

$SPCX - SpaceX SPV Exposure (Common)
$RKLB - Rocket Lab USA
$PL - Planet Labs
$FLY - Firefly Aerospace
$LUNR - Intuitive Machines
$ASTS - AST SpaceMobile
$FTC - Filtronic
$BKSY - BlackSky https://t.co/qPeTYQl7w9 https://t.co/eDkjZntdr6",,,60,7,3,2,16,33907,https://x.com/jfsrev/status/2076857192842739917,0,0,"[{""id"": ""2074685322437574957"", ""type"": ""quoted""}]",2026-09-07 05:56:43
2076578509477335331,153692841,jfsrev,2026-07-13T08:04:32.000Z,beautiful place https://t.co/hBlMEeribl,,,36,0,0,0,2,15532,https://x.com/jfsrev/status/2076578509477335331,0,0,"[{""id"": ""2076576570827821080"", ""type"": ""quoted""}]",2026-09-07 05:56:43
2076467544899342687,153692841,jfsrev,2026-07-13T00:43:36.000Z,"Trading thoughts never really leave you, even when you're deep sea diving. https://t.co/7M6uFNdGJ0",,,51,2,3,0,2,17279,https://x.com/jfsrev/status/2076467544899342687,0,0,"[{""id"": ""2076006355538952373"", ""type"": ""quoted""}]",2026-09-07 05:56:43
2076461054067081324,153692841,jfsrev,2026-07-13T00:17:48.000Z,this was my 2018 hike in dolomites. best hike ever https://t.co/vdFuloBRJO https://t.co/wQZ7EZKHkU,,,89,1,1,2,7,51412,https://x.com/jfsrev/status/2076461054067081324,0,0,"[{""id"": ""2076317207378768094"", ""type"": ""quoted""}]",2026-09-07 05:56:43
2076203501487841293,153692841,jfsrev,2026-07-12T07:14:23.000Z,"Top 25 Strongest Industry Groups with 1-Month RS Above 75% (Sorted)

$EWZ - Brazilian Equities
$MAGS - Magnificent 7
$ARKF - Fintech
$KURE - China Healthcare
$FDN - US Internet
$IBUY - E-Commerce
$ETHA - Ether Spot
$IPAY - Digital Payments
$MOO - Agriculture
$IYT - Transportation https://t.co/tR6Fg8K8EF https://t.co/WiXk8c2kJM",,,148,18,5,0,128,29943,https://x.com/jfsrev/status/2076203501487841293,0,0,"[{""id"": ""1631944456378388481"", ""type"": ""quoted""}]",2026-09-07 05:56:43
2075600419796271222,153692841,jfsrev,2026-07-10T15:17:57.000Z,$BBY (Update) - Follow the 10-MA Rule https://t.co/Xe6JfSS9Vj https://t.co/oVaHu2Kq5I,,,67,6,9,1,21,26532,https://x.com/jfsrev/status/2075600419796271222,0,0,"[{""id"": ""2074327654409683213"", ""type"": ""quoted""}]",2026-09-07 05:56:43
2075596220630966452,153692841,jfsrev,2026-07-10T15:01:16.000Z,"Opening Range High (5-minute ORB) entries have a very high failure rate if the stock hasn't even reached 100% RVOL by that point. That's one of the reasons I don't recommend trading right at the open.

The odds are stacked against you. You're often dealing with wider spreads, https://t.co/fl77h1FBpk https://t.co/fuut2Iub34",,,257,29,21,3,221,43354,https://x.com/jfsrev/status/2075596220630966452,0,0,"[{""id"": ""2075594010866200839"", ""type"": ""quoted""}]",2026-09-07 05:56:43
2075452542536880139,153692841,jfsrev,2026-07-10T05:30:20.000Z,"These 32 liquid leaders are all trading above their key moving averages, with one industry group overwhelmingly dominating the list.

$ZETA - Software Infrastructure
$VRNS - Software Infrastructure
$TENB - Software Infrastructure
$S - Software Infrastructure
$RBRK - Software https://t.co/OPtmBn1Xof https://t.co/Z5ThHHmWDS",,,228,31,6,2,235,43273,https://x.com/jfsrev/status/2075452542536880139,0,0,"[{""id"": ""1997975342699696445"", ""type"": ""quoted""}]",2026-09-07 05:56:43
2075446427065651478,153692841,jfsrev,2026-07-10T05:06:02.000Z,this is awesome! let me update on mine https://t.co/h7j6PMNJ1J,,,62,6,0,0,104,25273,https://x.com/jfsrev/status/2075446427065651478,0,0,"[{""id"": ""2075446253719036300"", ""type"": ""quoted""}]",2026-09-07 05:56:43
2075415782721491358,153692841,jfsrev,2026-07-10T03:04:16.000Z,$SPY &amp; $QQQ (Weekly) — Using the 10-Week MA (50-Day MA) as a Launchpad for Trend Continuation https://t.co/Qc0l5IyR8k https://t.co/05gZ6bbwfV,,,75,7,2,0,20,20370,https://x.com/jfsrev/status/2075415782721491358,0,0,"[{""id"": ""2075323759657971770"", ""type"": ""quoted""}]",2026-09-07 05:56:43
2075270026815488130,153692841,jfsrev,2026-07-09T17:25:05.000Z,unless if we are catching France vs Morocco later 💪🏻 https://t.co/agQhn8FBcn,,,23,0,1,0,0,11729,https://x.com/jfsrev/status/2075270026815488130,0,0,"[{""id"": ""2075221626858377299"", ""type"": ""quoted""}]",2026-09-07 05:56:43
2075268673053565181,153692841,jfsrev,2026-07-09T17:19:42.000Z,I'm not https://t.co/QZcnGbXe8P,,,106,0,13,0,2,16719,https://x.com/jfsrev/status/2075268673053565181,0,0,"[{""id"": ""2075261174384341012"", ""type"": ""quoted""}]",2026-09-07 05:56:43
2075268480144969798,153692841,jfsrev,2026-07-09T17:18:56.000Z,https://t.co/PZQS6DeVlf https://t.co/dnlDHgn6pF,,,8,0,0,0,9,10699,https://x.com/jfsrev/status/2075268480144969798,0,0,"[{""id"": ""2075264854865465446"", ""type"": ""quoted""}]",2026-09-07 05:56:43
2075260864626839619,153692841,jfsrev,2026-07-09T16:48:41.000Z,https://t.co/apGPWVgJS6 https://t.co/4bylTlJGqD https://t.co/bu3gXoPg60,,,27,3,0,0,22,11974,https://x.com/jfsrev/status/2075260864626839619,0,0,"[{""id"": ""2075257987007168654"", ""type"": ""quoted""}]",2026-09-07 05:56:43
2075257987007168654,153692841,jfsrev,2026-07-09T16:37:15.000Z,"this is free on @MarketBeatCom 

1. institutional owners
2. Institutional ownership %
3. Largest holders
4. Recent 13F buying/selling activity
5. QoQ ownership changes https://t.co/3tPoRXPkbn https://t.co/Ot1VmHQacI",,,183,23,6,1,294,47089,https://x.com/jfsrev/status/2075257987007168654,0,0,"[{""id"": ""2075222451005300903"", ""type"": ""quoted""}]",2026-09-07 05:56:43
2075248348530090092,153692841,jfsrev,2026-07-09T15:58:57.000Z,"https://t.co/4rfzmn7zKo

If you can spare 15 minutes, explore the beta version of @googlefinance. It's impressive and could replace paid catalyst news subscriptions like Benzinga or Briefing for many traders https://t.co/AOqNHX0Vze",,,218,15,5,2,288,50676,https://x.com/jfsrev/status/2075248348530090092,0,0,"[{""id"": ""1663432019756617730"", ""type"": ""quoted""}]",2026-09-07 05:56:43
2075234278829633692,153692841,jfsrev,2026-07-09T15:03:02.000Z,https://t.co/D5RDzodWVJ https://t.co/SdK2del3Gk,,,13,1,1,0,11,10446,https://x.com/jfsrev/status/2075234278829633692,0,0,"[{""id"": ""2075229535440617564"", ""type"": ""quoted""}]",2026-09-07 05:56:43
2075228619618882045,153692841,jfsrev,2026-07-09T14:40:33.000Z,"Under Chapter 1

https://t.co/qzl8roMeub https://t.co/k3D0SyP7ZN https://t.co/ePMlrDnAzM",,,21,1,2,0,17,10353,https://x.com/jfsrev/status/2075228619618882045,0,0,"[{""id"": ""2074876757128212674"", ""type"": ""quoted""}]",2026-09-07 05:56:43
2075223829937565812,153692841,jfsrev,2026-07-09T14:21:31.000Z,$QQQ - sit back and let the market settle the first 30mins (highlighted box) https://t.co/KJ9BUeUpIS https://t.co/vMw2RJvVeZ,,,83,0,8,1,15,14440,https://x.com/jfsrev/status/2075223829937565812,0,0,"[{""id"": ""2075080109036646549"", ""type"": ""quoted""}]",2026-09-07 05:56:43
2075221979603607834,153692841,jfsrev,2026-07-09T14:14:10.000Z,"it's a different execution time and stop level. I am more risk adverse in this case

https://t.co/G8ncoMPel9 https://t.co/CJBTypZHfm",,,14,0,2,0,5,9927,https://x.com/jfsrev/status/2075221979603607834,0,0,"[{""id"": ""2075220377479807209"", ""type"": ""quoted""}]",2026-09-07 05:56:43
2075218019291377844,153692841,jfsrev,2026-07-09T13:58:26.000Z,"$INTC $NVTS 

I think I've found a strategy worth studying and focusing on if I ever switch time zones again https://t.co/Vo5ceg1Ij2",,,143,13,6,0,142,39158,https://x.com/jfsrev/status/2075218019291377844,0,0,"[{""id"": ""2070445833586102781"", ""type"": ""quoted""}]",2026-09-07 05:56:43
2075139383389553017,153692841,jfsrev,2026-07-09T08:45:57.000Z,1-month RS https://t.co/tCl3VRMWdY https://t.co/EGCgSyCHXE,,,20,1,0,0,12,8868,https://x.com/jfsrev/status/2075139383389553017,0,0,"[{""id"": ""2075130225298751621"", ""type"": ""quoted""}]",2026-09-07 05:56:43
2075139021370740954,153692841,jfsrev,2026-07-09T08:44:31.000Z,👍 https://t.co/kzowMNgsbx,,,19,0,0,0,5,13184,https://x.com/jfsrev/status/2075139021370740954,0,0,"[{""id"": ""2075134716429365519"", ""type"": ""quoted""}]",2026-09-07 05:56:43
2075112142110609494,153692841,jfsrev,2026-07-09T06:57:43.000Z,"Proficient trading with longevity doesn't require changing your behavior. It may only require redirecting it.

1. Replace the urge to execute with the urge to cut losses (early).

2. Replace the reluctance to cut losses with the reluctance to execute.

The behavior stays the https://t.co/areYSKGwxT",,,126,15,1,1,83,18993,https://x.com/jfsrev/status/2075112142110609494,0,0,"[{""id"": ""1654039384180785152"", ""type"": ""quoted""}]",2026-09-07 05:56:43
2075100193847128081,153692841,jfsrev,2026-07-09T06:10:14.000Z,"$IWM (Update) — Bearish Rising Wedge Near Breakdown Level

Not an encouraging technical outlook for small caps. https://t.co/z2vz6G27JI",,,113,6,3,1,33,21041,https://x.com/jfsrev/status/2075100193847128081,0,0,,2026-09-07 05:56:43
2075085931921744179,153692841,jfsrev,2026-07-09T05:13:34.000Z,"I have to agree. From experience alone, breakout failure rates tend to rise after the second rally leg, and follow through is often less sustainable on 10-MA hold. 

The most durable trends usually emerge during the second leg of the move, after a proper period of consolidation. https://t.co/Nv4SOxWbNz",,,234,23,5,0,274,36639,https://x.com/jfsrev/status/2075085931921744179,0,0,"[{""id"": ""2074360273209794909"", ""type"": ""quoted""}]",2026-09-07 05:56:43
2075085137784824296,153692841,jfsrev,2026-07-09T05:10:24.000Z,"I have to agree. From experience alone, breakout failure rates tend to rise after the second rally leg, and follow through is often less sustainable on 10-MA hold.

The most durable trends usually emerge during the second leg of the move, after a proper period of consolidation. https://t.co/Nv4SOxWbNz",,,5,2,0,0,2,4188,https://x.com/jfsrev/status/2075085137784824296,0,0,"[{""id"": ""2074360273209794909"", ""type"": ""quoted""}]",2026-09-07 05:56:43
2075080109036646549,153692841,jfsrev,2026-07-09T04:50:25.000Z,"I don't do anything outside market hours. it's all mostly within the first 90mins of market. even for t+3 partial profit sale, I will let market settle first 30mins usually just to let the spread tightens up to reduce cost and slippages https://t.co/togNSwslRg",,,37,4,1,1,22,18727,https://x.com/jfsrev/status/2075080109036646549,0,0,"[{""id"": ""2075078879669260425"", ""type"": ""quoted""}]",2026-09-07 05:56:43
2075058899867345054,153692841,jfsrev,2026-07-09T03:26:09.000Z,"$XLK (Update) — 2 months on, didn't defy the odds. Pulled back after extending to 10× ATR%, exactly where probabilities begin to work against further upside. https://t.co/ov5bOE9QXg https://t.co/C0SlBldMLt",,,36,2,1,0,7,13169,https://x.com/jfsrev/status/2075058899867345054,0,0,"[{""id"": ""2052385482924015650"", ""type"": ""quoted""}]",2026-09-07 05:56:43
2075042318504317033,153692841,jfsrev,2026-07-09T02:20:15.000Z,"$SGHC (Update) — T+3 from 8 week base breakout.

The trades working in this market tend to be the ones that aren't crowded, nobody spokes of. https://t.co/v0MJGItw6h",,,74,2,4,3,14,28065,https://x.com/jfsrev/status/2075042318504317033,0,0,,2026-09-07 05:56:43
2075001018748944771,153692841,jfsrev,2026-07-08T23:36:09.000Z,"you can have the full live market scans from here

https://t.co/of83meo1Bb https://t.co/bLs0xZVtuQ https://t.co/u7MdT5Ow4Z",,,88,10,2,0,115,15651,https://x.com/jfsrev/status/2075001018748944771,0,0,"[{""id"": ""2074999373553971404"", ""type"": ""quoted""}]",2026-09-07 05:56:43
2074998681686974677,153692841,jfsrev,2026-07-08T23:26:51.000Z,"Good trading begins with a lot of restraint.

There’s no such thing as a consistently profitable overtrader. https://t.co/FkWWbzcnjV",,,111,7,7,1,45,19007,https://x.com/jfsrev/status/2074998681686974677,0,0,"[{""id"": ""2065435663173144609"", ""type"": ""quoted""}]",2026-09-07 05:56:43
2074874070118932898,153692841,jfsrev,2026-07-08T15:11:42.000Z,"you can try this pine script by @2FlyMe2 

https://t.co/Lo5D9iv0wz https://t.co/Y5vINlm82p",,,43,3,3,1,56,18905,https://x.com/jfsrev/status/2074874070118932898,0,0,"[{""id"": ""2074872468175778253"", ""type"": ""quoted""}]",2026-09-07 05:56:43
2074867191896592439,153692841,jfsrev,2026-07-08T14:44:22.000Z,"2 years ago, I profited from stocks that didn't even have a company address.

I'm still convinced there will always be companies capable of going up just purely based on tightening setup and RVOL — with mailing address or not lol 😅

PS: RVOL based entry savaged my 2024 https://t.co/bVIgWUBR7G https://t.co/gZ7WKdSAHv",,,81,6,2,0,56,18861,https://x.com/jfsrev/status/2074867191896592439,0,0,"[{""id"": ""2074865314186301828"", ""type"": ""quoted""}]",2026-09-07 05:56:43
2074865314186301828,153692841,jfsrev,2026-07-08T14:36:54.000Z,"see this 2 years ago and notice the exact time i post the first one when RVOL 500% happen below 60% LoD. It is +288% move in a day

https://t.co/DA0N5scciE

https://t.co/Yc77ToIF0t

https://t.co/Ku1UawxScs

https://t.co/DCSA4V4l6r https://t.co/ZO657mDWXq",,,41,1,0,1,70,28049,https://x.com/jfsrev/status/2074865314186301828,0,0,"[{""id"": ""2074856108318195940"", ""type"": ""quoted""}]",2026-09-07 05:56:43
2074863373842608187,153692841,jfsrev,2026-07-08T14:29:12.000Z,"P&amp;L is easy on good days, not many show their equity curve during oct'25 to apr'26

that is real grinding period and who really has edge in their strategy https://t.co/08wbAr1Sdc",,,124,6,5,0,9,22071,https://x.com/jfsrev/status/2074863373842608187,0,0,"[{""id"": ""2074711101061931162"", ""type"": ""quoted""}]",2026-09-07 05:56:43
2074862059796541863,153692841,jfsrev,2026-07-08T14:23:58.000Z,"$DELL (Update) — The More Crowded the Setup, the More Important the 30-Minute Entry Discipline 

The 30-minute rule doesn't just save you from a stop loss, it also saves you from needing another winning trade (if it is a winner) just to recover it to breakeven. 

Higher quality https://t.co/MEgx59TArE https://t.co/6aGAdJsPLO",,,106,9,6,4,110,76417,https://x.com/jfsrev/status/2074862059796541863,0,0,"[{""id"": ""2074695920055468485"", ""type"": ""quoted""}]",2026-09-07 05:56:43
2074859798227722484,153692841,jfsrev,2026-07-08T14:14:59.000Z,"the 30min discipline rule is a bigger game changer, RVOL still able to trick one into an entry if volume run rate don't sustain after the opening 30mins

i am very sure many got stop out on $DELL or $DLLL today on that opening entry https://t.co/ZM1nF2JnGN",,,192,13,19,2,126,33653,https://x.com/jfsrev/status/2074859798227722484,0,0,"[{""id"": ""2074856573151645785"", ""type"": ""quoted""}]",2026-09-07 05:56:43
2074855639105561003,153692841,jfsrev,2026-07-08T13:58:27.000Z,"even RVOL based breakout name also can't hold first 30mins high, except for earnings gapper $PENG

$RXT $BIDU $VG $DELL $WULF $SNDK $AXTI $AVGO 

PS: Hard rule #5: I often delay my entry tactics by 30 mins post open, unless extreme high RVOL surface - https://t.co/Uv5pqBbQHK https://t.co/MIvEQT3Sdi https://t.co/pbRyMUIF8z",,,117,11,7,0,101,17729,https://x.com/jfsrev/status/2074855639105561003,0,0,"[{""id"": ""2074420383521075511"", ""type"": ""quoted""}]",2026-09-07 05:56:43
2074730618336731409,153692841,jfsrev,2026-07-08T05:41:40.000Z,🍻 https://t.co/AjSvTcpDX7,,,18,0,0,0,6,15680,https://x.com/jfsrev/status/2074730618336731409,0,0,"[{""id"": ""2074672171104800811"", ""type"": ""quoted""}]",2026-09-07 05:56:43
2074688066284130306,153692841,jfsrev,2026-07-08T02:52:35.000Z,"$INTC (Update) — Lost its box range and broke below the 10,20 &amp; 50-MA, a clear deterioration in the short-term technical structure in the boarding wedge (loosen range). 

$100 breakdown would be a bearish double top pattern in play. https://t.co/93GojgAJ2D https://t.co/71aq1M90Jq",,,97,5,1,1,19,71978,https://x.com/jfsrev/status/2074688066284130306,0,0,"[{""id"": ""2072326601011032221"", ""type"": ""quoted""}]",2026-09-07 05:56:43
2074685322437574957,153692841,jfsrev,2026-07-08T02:41:41.000Z,"$NASA (Update) - Morphing Out Bearish Head and Shoulders Pattern

Latest Top 10 Holdings

$SPCX - SpaceX SPV Exposure (Common)
$RKLB - Rocket Lab USA Inc.
$PL - Planet Labs PBC
$FLY - Firefly Aerospace Inc.
$LUNR - Intuitive Machines Inc.
$ASTS - AST SpaceMobile Inc.
$FTC - https://t.co/9HMLF8C21r https://t.co/n6em8W7lBL",,,75,7,3,2,20,41463,https://x.com/jfsrev/status/2074685322437574957,0,0,"[{""id"": ""2060361605079011384"", ""type"": ""quoted""}]",2026-09-07 05:56:43
2074681884723060936,153692841,jfsrev,2026-07-08T02:28:01.000Z,"More names have dropped out today. A simple filter like this can quickly eliminate at least 20% of your watchlist, allowing you to focus only on the most resilient and strongest name https://t.co/wzlIT7EpOE",,,18,0,1,0,12,6031,https://x.com/jfsrev/status/2074681884723060936,0,0,"[{""id"": ""2072863658724696430"", ""type"": ""quoted""}]",2026-09-07 05:56:43
2074675910192865319,153692841,jfsrev,2026-07-08T02:04:17.000Z,"here you go

https://t.co/Vbo7zPPShi https://t.co/llDDQxbKyk",,,6,1,0,0,10,5534,https://x.com/jfsrev/status/2074675910192865319,0,0,"[{""id"": ""2074606055687110755"", ""type"": ""quoted""}]",2026-09-07 05:56:43
2074674466639208751,153692841,jfsrev,2026-07-08T01:58:33.000Z,"The finviz API by @erikcarell is still working fine after 10 months

https://t.co/ERqec7y5tW https://t.co/f5ZXLqWoiU https://t.co/lvq5yAROXp",,,75,5,5,0,102,23600,https://x.com/jfsrev/status/2074674466639208751,0,0,"[{""id"": ""2074671386677637282"", ""type"": ""quoted""}]",2026-09-07 05:56:43
2070403912935346290,153692841,jfsrev,2026-06-26T07:08:53.000Z,"""lower low"", ""volume""

common languge https://t.co/nyAsurByAy",fr,2070403912935346290,36,0,2,0,5,16275,https://x.com/jfsrev/status/2070403912935346290,0,0,"[{""id"": ""2069501508584907220"", ""type"": ""quoted""}]",2026-09-07 05:58:21
2070340731190038806,153692841,jfsrev,2026-06-26T02:57:50.000Z,"Current Futures Snapshot

$SPY may open below its 50-MA, remaining below 20 vs 10 MA death cross. There's no major catalyst from today's after hours or tomorrow's pre-market earnings, unlike yesterday's $MU report from the $1T megacap https://t.co/ESICu6QClB https://t.co/MwQU9edPpt",en,2070340731190038806,67,3,7,0,11,22106,https://x.com/jfsrev/status/2070340731190038806,0,0,"[{""id"": ""2070137861236461774"", ""type"": ""quoted""}]",2026-09-07 05:58:21
2070326310656954646,153692841,jfsrev,2026-06-26T02:00:31.000Z,"Rule 10: Develop the right mindset for trading: a willingness to commit to the kinds of changes in personal habits and beliefs will drastically alter your life. to do this requires a willingness to surrender to the forces of the game. In order to play at the maximum level, you https://t.co/syhSfBQDL7 https://t.co/ufNUxIf4lV",en,2070326310656954646,228,23,5,1,232,47201,https://x.com/jfsrev/status/2070326310656954646,0,0,"[{""id"": ""2069750727166013775"", ""type"": ""quoted""}]",2026-09-07 05:58:21
2070294266073768248,153692841,jfsrev,2026-06-25T23:53:11.000Z,https://t.co/CTaPFjMZkA https://t.co/kLeqm6VoS6,zxx,2070294266073768248,10,0,4,0,4,11399,https://x.com/jfsrev/status/2070294266073768248,0,0,"[{""id"": ""2070222519765016786"", ""type"": ""quoted""}]",2026-09-07 05:58:21
2070184679140118844,153692841,jfsrev,2026-06-25T16:37:44.000Z,"it is now in the biggest bookstore in singapore. I don't mind paying the premium for its quality 

@prrobbins https://t.co/ZomnP5VZmV https://t.co/Bs2hASoos2",en,2070184679140118844,111,6,6,1,93,24302,https://x.com/jfsrev/status/2070184679140118844,0,0,"[{""id"": ""2070182467718332658"", ""type"": ""quoted""}]",2026-09-07 05:58:21
2070158898192175600,153692841,jfsrev,2026-06-25T14:55:17.000Z,"double bottom in classic technical analysis is a trend reversal chart pattern at the bottom, not a trend continuation pattern. https://t.co/C2ydYizhuE",en,2070158898192175600,43,3,3,0,12,12658,https://x.com/jfsrev/status/2070158898192175600,0,0,"[{""id"": ""2070153072123191458"", ""type"": ""quoted""}]",2026-09-07 05:58:21
2070152841164144827,153692841,jfsrev,2026-06-25T14:31:13.000Z,"$INTC is not in my watchlist because of how stocks move, and how it actually moved on 1st April 2026. https://t.co/t4cu3ychhA https://t.co/9lA9glJHij",en,2070152841164144827,130,9,14,3,44,60170,https://x.com/jfsrev/status/2070152841164144827,0,0,"[{""id"": ""2070063080508408265"", ""type"": ""quoted""}]",2026-09-07 05:58:21
2070137861236461774,153692841,jfsrev,2026-06-25T13:31:42.000Z,"The most dangerous time to become aggressive is on a gap-up day immediately following a stretch of poor market traction. Majority of you voted for non-action, stick to your discipline.

If it's a earnings gap up, I highly suggest @PradeepBonde framework of PEG delayed reaction https://t.co/lPuhBsjYHQ",en,2070137861236461774,201,16,10,1,116,46113,https://x.com/jfsrev/status/2070137861236461774,0,0,"[{""id"": ""2069648920033272168"", ""type"": ""quoted""}]",2026-09-07 05:58:21
2070106151195447660,153692841,jfsrev,2026-06-25T11:25:41.000Z,"search 'breadth' in my traders' guide

https://t.co/QGsTM5xt4L https://t.co/9RzoV0YiNa https://t.co/l0j23GMECg",en,2070106151195447660,36,2,1,0,29,10597,https://x.com/jfsrev/status/2070106151195447660,0,0,"[{""id"": ""2070081254020743572"", ""type"": ""quoted""}]",2026-09-07 05:58:21
2070092486316544157,153692841,jfsrev,2026-06-25T10:31:23.000Z,"rest if needed, 
slow down if required.

keep showing up 
just don't quit.",en,2070092486316544157,326,26,14,2,39,26133,https://x.com/jfsrev/status/2070092486316544157,0,0,,2026-09-07 05:58:21
2070071588054262149,153692841,jfsrev,2026-06-25T09:08:21.000Z,"Situational Awareness is quantifiable 

10-MA below 20-MA in major market index is a simple, yet effective one. 

PS: in contary, hard sell capitulation oversold buy is a market timing model also. 7th april 2025. https://t.co/grhPRqTVtd",en,2070071588054262149,164,12,4,1,133,24049,https://x.com/jfsrev/status/2070071588054262149,0,0,"[{""id"": ""2069727340033167447"", ""type"": ""quoted""}]",2026-09-07 05:58:21
2070069253571747868,153692841,jfsrev,2026-06-25T08:59:04.000Z,👍🏻 https://t.co/pxkDQGUQjy,art,2070069253571747868,23,0,0,0,2,10364,https://x.com/jfsrev/status/2070069253571747868,0,0,"[{""id"": ""2070058844647203246"", ""type"": ""quoted""}]",2026-09-07 05:58:21
2070069107614224650,153692841,jfsrev,2026-06-25T08:58:29.000Z,https://t.co/xZ1AAnLzYQ https://t.co/CmCzMo1n3g,zxx,2070069107614224650,12,2,0,0,9,10259,https://x.com/jfsrev/status/2070069107614224650,0,0,"[{""id"": ""2070068625718043072"", ""type"": ""quoted""}]",2026-09-07 05:58:21
2070063080508408265,153692841,jfsrev,2026-06-25T08:34:32.000Z,"These are some names that deserve a spot on your watchlist right now before market reclaim its posture.

$SMTC $FLEX $NUAI $HPE $OKTA $DDOG $SOLS $UPST, $MXL also incredible weekly chart

Outlier winners almost always emerge from bases/wedges that have been building for at least https://t.co/iEqsTt4h6v https://t.co/ImxwcBQStw",en,2070063080508408265,293,33,12,1,334,107768,https://x.com/jfsrev/status/2070063080508408265,0,0,"[{""id"": ""2069972808755749279"", ""type"": ""quoted""}]",2026-09-07 05:58:21
2070013340005621860,153692841,jfsrev,2026-06-25T05:16:53.000Z,the decision from the majority is 👍🏻 https://t.co/lPuhBskwxo,en,2070013340005621860,22,2,1,0,6,14560,https://x.com/jfsrev/status/2070013340005621860,0,0,"[{""id"": ""2069648920033272168"", ""type"": ""quoted""}]",2026-09-07 05:58:21
2069972808755749279,153692841,jfsrev,2026-06-25T02:35:50.000Z,"$MU +170% in 2 months 2 weeks of holding swing position just following a simple 10-MA sell rule and refusing to let daily price swings dictate decisions. Even through a -6% day on May 18 and a -13% pullback on Jun 5, the sell rule remained intact. 

The only way to know you are https://t.co/Wg0LYL3Ryb https://t.co/BGkewcTdmZ",en,2069972808755749279,637,52,34,6,606,130045,https://x.com/jfsrev/status/2069972808755749279,0,0,"[{""id"": ""2069683120786522247"", ""type"": ""quoted""}]",2026-09-07 05:58:21
2069791443011715507,153692841,jfsrev,2026-06-24T14:35:09.000Z,"$UPST — The 2021 Darling May Be Setting Up for a Return

PS: What Upstart actually does is beside the point here https://t.co/BP7n9f1LVR",en,2069791443011715507,77,4,7,0,16,14734,https://x.com/jfsrev/status/2069791443011715507,0,0,,2026-09-07 05:58:21
2069779356755652696,153692841,jfsrev,2026-06-24T13:47:07.000Z,$ITB via $NAIL 3x (Update) - Above all MA today https://t.co/KXUdw7m6hG https://t.co/wlE3WwdfPS,en,2069779356755652696,36,3,5,0,10,17407,https://x.com/jfsrev/status/2069779356755652696,0,0,"[{""id"": ""2064550263449628906"", ""type"": ""quoted""}]",2026-09-07 05:58:21
2069749122551476657,153692841,jfsrev,2026-06-24T11:46:59.000Z,"stay controlled, 
finish strong. https://t.co/pzwQJiiGAg",en,2069749122551476657,12,1,0,0,5,9352,https://x.com/jfsrev/status/2069749122551476657,0,0,"[{""id"": ""2069748276773982287"", ""type"": ""quoted""}]",2026-09-07 05:58:21
2069748218498547715,153692841,jfsrev,2026-06-24T11:43:24.000Z,"break even, or average price https://t.co/m5lPtfWnYu",en,2069748218498547715,16,0,1,0,7,10509,https://x.com/jfsrev/status/2069748218498547715,0,0,"[{""id"": ""2069747871134495041"", ""type"": ""quoted""}]",2026-09-07 05:58:21
2069683120786522247,153692841,jfsrev,2026-06-24T07:24:43.000Z,always sell some into strength https://t.co/sVLAeGROFG https://t.co/ldrWDUWtFD,en,2069683120786522247,421,67,4,7,536,147887,https://x.com/jfsrev/status/2069683120786522247,0,0,"[{""id"": ""2069528338490691593"", ""type"": ""quoted""}]",2026-09-07 05:58:21
2069648920033272168,153692841,jfsrev,2026-06-24T05:08:49.000Z,What’s Your Play in a Market Below 10 &amp; 20-MAs With a Death Cross?,en,2069648920033272168,34,0,4,1,7,55154,https://x.com/jfsrev/status/2069648920033272168,0,0,,2026-09-07 05:58:21
2069647520456929718,153692841,jfsrev,2026-06-24T05:03:15.000Z,"Thanks to the great work from @thetrading. It's eye opening. I have included his research under ATR% Multiple from 50-MA

https://t.co/SvGb59qZfY https://t.co/fCK4UzKbWx https://t.co/6Ngj8HUw3w",en,2069647520456929718,97,6,0,1,134,34551,https://x.com/jfsrev/status/2069647520456929718,0,0,"[{""id"": ""2069373463672840247"", ""type"": ""quoted""}]",2026-09-07 05:58:21
2069641856410120270,153692841,jfsrev,2026-06-24T04:40:45.000Z,"$SPY &amp; $QQQ Below 10- and 20-MA: My Market Posture Review After a Gap-Down Day Focused on Near-Term Opportunities

$SPY and $QQQ are now both below 10 and 20-MA but macro backdrop remains healthy. Defensive may be favored in the short term as witness in yesterday's market close. https://t.co/XGCZIzWBLA https://t.co/OJscbzVfkU",en,2069641856410120270,82,9,4,1,57,18335,https://x.com/jfsrev/status/2069641856410120270,0,0,"[{""id"": ""1917142121079042435"", ""type"": ""quoted""}]",2026-09-07 05:58:21
2069630384258863166,153692841,jfsrev,2026-06-24T03:55:10.000Z,$BLZE - Epic Relative Volume in EP https://t.co/8cniHJAfp6 https://t.co/PgqxeWV4XV,en,2069630384258863166,63,6,4,0,19,21556,https://x.com/jfsrev/status/2069630384258863166,0,0,"[{""id"": ""2069501873304805664"", ""type"": ""quoted""}]",2026-09-07 05:58:21
2069600350659903983,153692841,jfsrev,2026-06-24T01:55:49.000Z,"4 of the $SPCX 2x Inverse ETFs Surpassed $50M in Dollar Volume Yesterday 

$SPCQ $SPCG $SNK $SSPC 

Read more about leveraged ETF: https://t.co/N3p5U2DZFn https://t.co/6D8Ft0YzD5 https://t.co/JlF4WmtZnn",en,2069600350659903983,31,0,1,0,17,11436,https://x.com/jfsrev/status/2069600350659903983,0,0,"[{""id"": ""2064388823015166455"", ""type"": ""quoted""}]",2026-09-07 05:58:21
2069592175613218999,153692841,jfsrev,2026-06-24T01:23:20.000Z,https://t.co/4TBGiI8V9R https://t.co/uPgJf5Eh3s,zxx,2069592175613218999,56,5,1,0,146,19312,https://x.com/jfsrev/status/2069592175613218999,0,0,"[{""id"": ""2069590136585847104"", ""type"": ""quoted""}]",2026-09-07 05:58:21
2069586690558280033,153692841,jfsrev,2026-06-24T01:01:32.000Z,"here u go 

https://t.co/B47f3yBL7O https://t.co/LxC158e60W",en,2069586690558280033,37,2,1,0,63,14805,https://x.com/jfsrev/status/2069586690558280033,0,0,"[{""id"": ""2069528805564158349"", ""type"": ""quoted""}]",2026-09-07 05:58:21
2069430107207536945,153692841,jfsrev,2026-06-23T14:39:20.000Z,"$GEO (Update) - Slow and steady, another 10 x ATR% from 50-MA.

Another example of 10x ATR% compression without a pullback, but at higher price -
https://t.co/NFT4jrBVNZ https://t.co/gqns5C7dRG https://t.co/QYUjaB1XIA",en,2069430107207536945,42,4,6,2,6,26356,https://x.com/jfsrev/status/2069430107207536945,0,0,"[{""id"": ""2065073513954935186"", ""type"": ""quoted""}]",2026-09-07 05:58:21
2069428271469809909,153692841,jfsrev,2026-06-23T14:32:02.000Z,"6 Strongest Industry Groups Showing Intraday Reversal Strength, sorted by 1-Month Relative Strength

$DRAM - Memory
$JETS - Airlines
$WGMI - Internet Services &amp; Infrastructure
$ARKG - ARK Genomics
$BLOK - Internet Services &amp; Infrastructure
$GENZ - Global Gaming &amp; Casino https://t.co/1OiX5YjUQ6",en,2069428271469809909,78,6,5,0,56,13776,https://x.com/jfsrev/status/2069428271469809909,0,0,,2026-09-07 05:58:21
2069427110297702882,153692841,jfsrev,2026-06-23T14:27:25.000Z,https://t.co/G8ncoMPel9 https://t.co/oJbmtIHGPZ,zxx,2069427110297702882,4,0,2,0,3,5418,https://x.com/jfsrev/status/2069427110297702882,0,0,"[{""id"": ""2069425759450542342"", ""type"": ""quoted""}]",2026-09-07 05:58:21
2069419088271802791,153692841,jfsrev,2026-06-23T13:55:33.000Z,$WDC (Update) - After 10 x ATR% extension from 50-MA https://t.co/SRtc3aqWI6 https://t.co/ZXNXtaMheh,en,2069419088271802791,48,3,2,0,5,10681,https://x.com/jfsrev/status/2069419088271802791,0,0,"[{""id"": ""2067622397168271781"", ""type"": ""quoted""}]",2026-09-07 05:58:21
2069375155986714848,153692841,jfsrev,2026-06-23T11:00:58.000Z,"""The 50 SMA at 7.5x ATR, the specific zone Nigel's article highlights as statistically rare, reaches a profit factor of 3.46 at 120 days versus 1.74 for random entry. The 40 SMA at 7.0x ATR reaches 4.07 versus the same 1.74 baseline. These are not marginal differences. They https://t.co/6Ngj8HUw3w",en,2069375155986714848,80,5,2,0,103,17831,https://x.com/jfsrev/status/2069375155986714848,0,0,"[{""id"": ""2069373463672840247"", ""type"": ""quoted""}]",2026-09-07 05:58:21
2069291277074809230,153692841,jfsrev,2026-06-23T05:27:40.000Z,"Hard Rule #2: ""I do not enter trade if ATR% from 50-MA extension exceeds 4x multiples - Visualizing ATR% from 50-MA as Launchpad on 10-Week MA""

$CRWD $SNOW $OKTA $FROG

0 Trade Attempts, 0 Stop Losses Across 4 Popular Names. Selectivity is an edge, trade only the best entries. https://t.co/F4EBf89A7W https://t.co/TeyC2fcShN",en,2069291277074809230,211,24,6,2,204,45151,https://x.com/jfsrev/status/2069291277074809230,0,0,"[{""id"": ""1763489489652212091"", ""type"": ""quoted""}]",2026-09-07 05:58:21
2069257211432550771,153692841,jfsrev,2026-06-23T03:12:18.000Z,"These 34 leading names finished the session with positive intraday closes against the market backdrop.

$HIVE — Internet Services &amp; Infrastructure
$MARA — Internet Services &amp; Infrastructure
$RIOT — Internet Services &amp; Infrastructure
$VIAV — Communication Equipment
$DELL — https://t.co/rw0v7QnccU https://t.co/XRMxfYoVV1",en,2069257211432550771,106,13,3,0,95,26752,https://x.com/jfsrev/status/2069257211432550771,0,0,"[{""id"": ""1996636957129281701"", ""type"": ""quoted""}]",2026-09-07 05:58:21
2069086947151352070,153692841,jfsrev,2026-06-22T15:55:44.000Z,💯 https://t.co/ZTgEZUOmli,art,2069086947151352070,16,0,1,0,12,10422,https://x.com/jfsrev/status/2069086947151352070,0,0,"[{""id"": ""2069085572635701395"", ""type"": ""quoted""}]",2026-09-07 05:58:21
2069069980176662671,153692841,jfsrev,2026-06-22T14:48:19.000Z,$NASA (Update) - Post $SPCX IPO Development https://t.co/ibW0hkPfmk https://t.co/B1HqFt8cPl,en,2069069980176662671,30,1,2,0,3,14830,https://x.com/jfsrev/status/2069069980176662671,0,0,"[{""id"": ""2065093817792159841"", ""type"": ""quoted""}]",2026-09-07 05:58:21
2069024105215766871,153692841,jfsrev,2026-06-22T11:46:01.000Z,https://t.co/LD2pSsvjsF https://t.co/DgoY4etvVZ,zxx,2069024105215766871,6,0,4,0,1,11054,https://x.com/jfsrev/status/2069024105215766871,0,0,"[{""id"": ""2069022413522612653"", ""type"": ""quoted""}]",2026-09-07 05:58:21
2069006271882395818,153692841,jfsrev,2026-06-22T10:35:10.000Z,"train hard, fight easy 💪🏻 https://t.co/ynkHm9mDXw https://t.co/MVvJGmPKxN",en,2069006271882395818,68,1,1,1,8,17794,https://x.com/jfsrev/status/2069006271882395818,0,0,"[{""id"": ""2068880944006574125"", ""type"": ""quoted""}]",2026-09-07 05:58:21
2069005355603153252,153692841,jfsrev,2026-06-22T10:31:31.000Z,🍻 https://t.co/5ohT0FB2Xq,art,2069005355603153252,15,1,0,0,6,10492,https://x.com/jfsrev/status/2069005355603153252,0,0,"[{""id"": ""2062165175378018432"", ""type"": ""quoted""}]",2026-09-07 05:58:21
2068926123514442162,153692841,jfsrev,2026-06-22T05:16:41.000Z,🫡 https://t.co/wLbSghx8cC,art,2068926123514442162,9,1,1,0,0,12314,https://x.com/jfsrev/status/2068926123514442162,0,0,"[{""id"": ""2068924896177246594"", ""type"": ""quoted""}]",2026-09-07 05:58:21
2068919700021776391,153692841,jfsrev,2026-06-22T04:51:09.000Z,"1. universal list of stocks now is 229.

2. I separate those low ADR% names (refer to link below) with liquid leveraged ETF into a separate watchlist and do a watchlist screen on them. in that case, you can tightened up your initial screen to high ADR% stock to tightened up the https://t.co/rTvFiYO0u8",en,2068919700021776391,34,5,2,0,42,10524,https://x.com/jfsrev/status/2068919700021776391,0,0,"[{""id"": ""2068648627774366176"", ""type"": ""quoted""}]",2026-09-07 05:58:21
2068903034198151285,153692841,jfsrev,2026-06-22T03:44:56.000Z,$BROS (Update) - Another Expansive Move With Prior Contraction https://t.co/egdJ2OXMlm https://t.co/PuLLgqZsnW,en,2068903034198151285,38,1,1,0,6,13486,https://x.com/jfsrev/status/2068903034198151285,0,0,"[{""id"": ""2066360257673388493"", ""type"": ""quoted""}]",2026-09-07 05:58:21
2068902537852547384,153692841,jfsrev,2026-06-22T03:42:58.000Z,"$FRMI (Update) - Expansion is often born out of contraction. 

Very often https://t.co/pJtN67xvhs",en,2068902537852547384,58,1,1,0,16,13411,https://x.com/jfsrev/status/2068902537852547384,0,0,,2026-09-07 05:58:21
2068901553986244852,153692841,jfsrev,2026-06-22T03:39:03.000Z,$FCEL (Update T+2) - Expansion is often born out of contraction https://t.co/qOdlDEiKRs,en,2068901553986244852,82,4,10,1,32,29957,https://x.com/jfsrev/status/2068901553986244852,0,0,,2026-09-07 05:58:21
2068897441370587370,153692841,jfsrev,2026-06-22T03:22:42.000Z,"$SPY ES Futures (Update)

Continues to hold a bullish flag pattern despite fresh strait of hormuz closure headlines over the weekend.

This market certainly have room to run. https://t.co/ETDmqTE4TZ https://t.co/IQ7zKIF5ys",en,2068897441370587370,82,4,3,0,16,24684,https://x.com/jfsrev/status/2068897441370587370,0,0,"[{""id"": ""2067079798225342563"", ""type"": ""quoted""}]",2026-09-07 05:58:21
2068877779966603538,153692841,jfsrev,2026-06-22T02:04:35.000Z,"there's a free indicator shared here

https://t.co/SvGb59qZfY https://t.co/HCrgzAa0eh https://t.co/WoEEUEUSca",en,2068877779966603538,32,2,2,0,37,12365,https://x.com/jfsrev/status/2068877779966603538,0,0,"[{""id"": ""2068875911290617923"", ""type"": ""quoted""}]",2026-09-07 05:58:21
2068868960033059126,153692841,jfsrev,2026-06-22T01:29:32.000Z,https://t.co/lqFBvabWWj https://t.co/q41IDvMyGP,zxx,2068868960033059126,9,0,0,0,5,11057,https://x.com/jfsrev/status/2068868960033059126,0,0,"[{""id"": ""2068815556900225234"", ""type"": ""quoted""}]",2026-09-07 05:59:23
2068641873149976811,153692841,jfsrev,2026-06-21T10:27:10.000Z,👍🏻 https://t.co/Yyq6gf1Iq2,art,2068641873149976811,12,0,0,0,4,8575,https://x.com/jfsrev/status/2068641873149976811,0,0,"[{""id"": ""2068640798682308815"", ""type"": ""quoted""}]",2026-09-07 05:59:32
2068458417342361708,153692841,jfsrev,2026-06-20T22:18:11.000Z,💯 https://t.co/1nJnakos7o,art,2068458417342361708,30,0,0,0,4,10528,https://x.com/jfsrev/status/2068458417342361708,0,0,"[{""id"": ""2068400102733971941"", ""type"": ""quoted""}]",2026-09-07 05:59:32
2068323361223057716,153692841,jfsrev,2026-06-20T13:21:31.000Z,🍻 https://t.co/FfndTdZba4,art,2068323361223057716,14,1,1,0,2,8623,https://x.com/jfsrev/status/2068323361223057716,0,0,"[{""id"": ""2068315689094447480"", ""type"": ""quoted""}]",2026-09-07 05:59:32
2068278644674605469,153692841,jfsrev,2026-06-20T10:23:50.000Z,I like your own scripted indicator data. is it public? https://t.co/QsMhykjtaJ,en,2068278644674605469,52,1,1,1,53,35027,https://x.com/jfsrev/status/2068278644674605469,0,0,"[{""id"": ""2068271946983166451"", ""type"": ""quoted""}]",2026-09-07 05:59:32
2068134515617468757,153692841,jfsrev,2026-06-20T00:51:07.000Z,🍻 https://t.co/AC8NNyvhYs,art,2068134515617468757,11,1,0,0,2,8326,https://x.com/jfsrev/status/2068134515617468757,0,0,"[{""id"": ""2068034359530316184"", ""type"": ""quoted""}]",2026-09-07 05:59:32
2068133234836451818,153692841,jfsrev,2026-06-20T00:46:01.000Z,"Focus on these 48 leading names trading above $100M dollar volume — they may outperform what your own watchlist is surfacing.

$KMX — Auto &amp; Truck Dealerships
$GLXY — Capital Markets
$HOOD — Capital Markets
$HUT — Capital Markets
$MARA — Capital Markets
$DELL — Computer Hardware https://t.co/mhq2xY6uch https://t.co/dqX3G256ev",en,2068133234836451818,286,35,12,1,331,47727,https://x.com/jfsrev/status/2068133234836451818,0,0,"[{""id"": ""1796806706028302775"", ""type"": ""quoted""}]",2026-09-07 05:59:32
2067993035384959120,153692841,jfsrev,2026-06-19T15:28:55.000Z,thank you ☕️ https://t.co/XSgxqoWy8z,en,2067993035384959120,24,1,0,0,7,8701,https://x.com/jfsrev/status/2067993035384959120,0,0,"[{""id"": ""2067615669655355705"", ""type"": ""quoted""}]",2026-09-07 05:59:32
2067892906397208894,153692841,jfsrev,2026-06-19T08:51:03.000Z,"Nicholas Darvas's 1957-1958 Trade Rating System via ""Cause of Error""

Always review your journal, it's the only way to fine tune your process and execution https://t.co/OwwqEKb3KK https://t.co/Wnvk2o53lc",en,2067892906397208894,217,20,12,1,151,41694,https://x.com/jfsrev/status/2067892906397208894,0,0,"[{""id"": ""1801928622854533378"", ""type"": ""quoted""}]",2026-09-07 05:59:32
2067883305132048757,153692841,jfsrev,2026-06-19T08:12:54.000Z,"Top 35 Strongest Industry Groups with 1-Month RS Above 80% 

$TLT — 20+ Year Treasury Bonds
$PEJ — Leisure &amp; Travel
$ITB — Homebuilders
$XPH — Pharmaceuticals (Equal Weight)
$XHB — Homebuilders (Equal Weight)
$PAVE — U.S. Infrastructure
$DRAM — Memory
$XBI — Biotech (Equal https://t.co/vPmsEyg79A https://t.co/sdbwiqX0m6",en,2067883305132048757,114,16,0,0,109,22226,https://x.com/jfsrev/status/2067883305132048757,0,0,"[{""id"": ""1962458102709837975"", ""type"": ""quoted""}]",2026-09-07 05:59:32
2067852089703985448,153692841,jfsrev,2026-06-19T06:08:51.000Z,👍🏻 https://t.co/gneSNlyEqi,art,2067852089703985448,63,8,0,0,38,9635,https://x.com/jfsrev/status/2067852089703985448,0,0,"[{""id"": ""2067847450581512260"", ""type"": ""quoted""}]",2026-09-07 05:59:32
2067811734602363255,153692841,jfsrev,2026-06-19T03:28:30.000Z,the costliest trades are often made when euphoria overrides discipline https://t.co/Z5VpgXajvp,en,2067811734602363255,47,2,3,0,5,11142,https://x.com/jfsrev/status/2067811734602363255,0,0,"[{""id"": ""2067808559354577004"", ""type"": ""quoted""}]",2026-09-07 05:59:32
2067623602074374381,153692841,jfsrev,2026-06-18T15:00:55.000Z,https://t.co/fcAnzbPQnz https://t.co/WBK4kNgFpZ,zxx,2067623602074374381,9,0,1,0,3,8150,https://x.com/jfsrev/status/2067623602074374381,0,0,"[{""id"": ""2067581571717013687"", ""type"": ""quoted""}]",2026-09-07 05:59:32
2067622397168271781,153692841,jfsrev,2026-06-18T14:56:08.000Z,$WDC - 10 x ATR% from 50-MA extension https://t.co/OLuWtFgmiG,en,2067622397168271781,107,6,5,1,20,17409,https://x.com/jfsrev/status/2067622397168271781,0,0,,2026-09-07 05:59:32
2067600385016234063,153692841,jfsrev,2026-06-18T13:28:40.000Z,💪 https://t.co/WKv4AKyrgd,art,2067600385016234063,27,0,1,0,7,9532,https://x.com/jfsrev/status/2067600385016234063,0,0,"[{""id"": ""2067600238349787449"", ""type"": ""quoted""}]",2026-09-07 05:59:32
2067570788455317885,153692841,jfsrev,2026-06-18T11:31:04.000Z,Allbirds &gt; Newbird &gt; SmartBird &gt; ???? https://t.co/bJXn1GLA9t,en,2067570788455317885,18,0,3,0,0,5924,https://x.com/jfsrev/status/2067570788455317885,0,0,,2026-09-07 05:59:32
2067566395848851530,153692841,jfsrev,2026-06-18T11:13:36.000Z,"Hard Rule #9: “I don’t execute more than 3 trades per session.”

Across my own data, 87% of trades taken after that threshold ended in losses (above mean % of full data). The remaining 13% of winners didn’t produce enough profit factor to offset the drawdown created by the losers https://t.co/Je7h8G009X",en,2067566395848851530,129,8,5,2,132,26312,https://x.com/jfsrev/status/2067566395848851530,0,0,"[{""id"": ""2066904784263880902"", ""type"": ""quoted""}]",2026-09-07 05:59:32
2067552801329451196,153692841,jfsrev,2026-06-18T10:19:35.000Z,daily chart to see LoD of ATR https://t.co/x8N2M7pKOB,en,2067552801329451196,7,0,0,0,2,3290,https://x.com/jfsrev/status/2067552801329451196,0,0,"[{""id"": ""2067548022502982050"", ""type"": ""quoted""}]",2026-09-07 05:59:32
2067425687137587625,153692841,jfsrev,2026-06-18T01:54:29.000Z,"25 Hottest Stocks of the Week with 100M+ in Daily Dollar Liquidity

$WDC — Computer Hardware
$RXT — Software Infrastructure
$ARM — Semiconductors
$NBIS — Software Infrastructure
$STX — Computer Hardware
$PURR — Capital Markets
$SSRM — Gold
$AMC — Entertainment
$XE — Specialty https://t.co/iSSoPJ7a1I https://t.co/zPJAnJ0WW0",en,2067425687137587625,161,14,1,0,117,26735,https://x.com/jfsrev/status/2067425687137587625,0,0,"[{""id"": ""1789602959782977668"", ""type"": ""quoted""}]",2026-09-07 05:59:32
2067247585245708302,153692841,jfsrev,2026-06-17T14:06:46.000Z,"$SEI (even at 6.4% ADR) is a great example of a duration driven move with fundamental playing it out through time, rather than a magnitude driven move with range expansion. Same swing strategy used for explosive and linear names should not be applied on such CANSLIM based name. https://t.co/Bg5RzNX02U https://t.co/O5DkJiOuD9",en,2067247585245708302,74,7,1,1,28,12203,https://x.com/jfsrev/status/2067247585245708302,0,0,"[{""id"": ""2067206040819470464"", ""type"": ""quoted""}]",2026-09-07 05:59:32
2067199640794276197,153692841,jfsrev,2026-06-17T10:56:15.000Z,"don't drink
exercise daily
sleep 8 hours
hydrate intensely
eat lots of vegetables https://t.co/qZEXdwg9bq",en,2067199640794276197,123,5,8,0,24,23286,https://x.com/jfsrev/status/2067199640794276197,0,0,"[{""id"": ""2067197421957103903"", ""type"": ""quoted""}]",2026-09-07 05:59:32
2067191903230308382,153692841,jfsrev,2026-06-17T10:25:30.000Z,"To sum it up, the market still has room to run.

final week of pushing for #HYROX JKT https://t.co/2N4lS55zdf https://t.co/IQ7zKIF5ys",en,2067191903230308382,106,1,5,0,15,18866,https://x.com/jfsrev/status/2067191903230308382,0,0,"[{""id"": ""2067079798225342563"", ""type"": ""quoted""}]",2026-09-07 05:59:32
2067080364632555608,153692841,jfsrev,2026-06-17T03:02:18.000Z,thank you 🍻 https://t.co/uENsTOJMGH,en,2067080364632555608,12,0,0,0,4,7118,https://x.com/jfsrev/status/2067080364632555608,0,0,"[{""id"": ""2067059488621015080"", ""type"": ""quoted""}]",2026-09-07 05:59:32
2067079798225342563,153692841,jfsrev,2026-06-17T03:00:03.000Z,"A Simple Situational Awareness Read on Near-Term Extension in Under 10-Minutes. 

The question that's always on our minds after a month or two of rallies, especially following a red day, is: ""Are we too extended in the short term to stay involved?"" I would like to share with you https://t.co/ysMEopZ4qe",en,2067079798225342563,239,42,4,2,445,69327,https://x.com/jfsrev/status/2067079798225342563,0,0,,2026-09-07 05:59:32
2067056715770822672,153692841,jfsrev,2026-06-17T01:28:19.000Z,🙏🏻 https://t.co/mCtq3nFKkU,qme,2067056715770822672,58,0,3,1,4,63310,https://x.com/jfsrev/status/2067056715770822672,0,0,,2026-09-07 05:59:32
2066915410868318497,153692841,jfsrev,2026-06-16T16:06:50.000Z,https://t.co/ZSyge1Uhj4 https://t.co/Je7h8FZskp,zxx,2066915410868318497,114,10,4,0,113,17208,https://x.com/jfsrev/status/2066915410868318497,0,0,"[{""id"": ""2066904784263880902"", ""type"": ""quoted""}]",2026-09-07 05:59:32
2066904784263880902,153692841,jfsrev,2026-06-16T15:24:36.000Z,"The full 16 rules are detailed here

''Execution is about Control, Execution is about Restraint''

https://t.co/Uv5pqBbQHK https://t.co/GAtAnTgEJB https://t.co/GLDfGacxxN",en,2066904784263880902,82,18,0,3,195,101408,https://x.com/jfsrev/status/2066904784263880902,0,0,"[{""id"": ""2066903136028266605"", ""type"": ""quoted""}]",2026-09-07 05:59:32
2066828580500230428,153692841,jfsrev,2026-06-16T10:21:48.000Z,ATR% extension is now also on @Deepvue https://t.co/xIysbY2S1M,en,2066828580500230428,45,1,3,1,13,7971,https://x.com/jfsrev/status/2066828580500230428,0,0,"[{""id"": ""2066249809917616601"", ""type"": ""quoted""}]",2026-09-07 05:59:32
2066792851015368765,153692841,jfsrev,2026-06-16T07:59:49.000Z,"I thought my screen is tight, this is way tigher.

even in a low 2% adr name, this range qualification is very tight (only about 40% ATR). but it will give you the highest short term reward in the quickest fashion when range expands successively in 3-5 days https://t.co/a8PKANBIxV",en,2066792851015368765,143,5,3,1,155,58252,https://x.com/jfsrev/status/2066792851015368765,0,0,"[{""id"": ""2066703342621892790"", ""type"": ""quoted""}]",2026-09-07 05:59:32
2066785242032357863,153692841,jfsrev,2026-06-16T07:29:35.000Z,"it wouldn't make sense to reduce it to 20 look back period if there's already a benchmark 10 on TradingView. 

we should widen the number to look at the disparity. some contraction can last beyond 20 day period, the rvol % will be skewed if u depend on both 10 and 20 which will https://t.co/Z31NR5Hnlg",en,2066785242032357863,21,1,1,0,15,9454,https://x.com/jfsrev/status/2066785242032357863,0,0,"[{""id"": ""2066534074249101487"", ""type"": ""quoted""}]",2026-09-07 05:59:32
2066751717916729564,153692841,jfsrev,2026-06-16T05:16:22.000Z,https://t.co/WsMNNUm67q https://t.co/ZpRZkys61r https://t.co/GgT8iPt23p,zxx,2066751717916729564,2,0,1,0,4,2450,https://x.com/jfsrev/status/2066751717916729564,0,0,"[{""id"": ""2066751094647411049"", ""type"": ""quoted""}]",2026-09-07 05:59:32
2066734230693110008,153692841,jfsrev,2026-06-16T04:06:53.000Z,https://t.co/03pmHWUhk6 https://t.co/AWq2nStHi7,zxx,2066734230693110008,9,0,0,0,2,8294,https://x.com/jfsrev/status/2066734230693110008,0,0,"[{""id"": ""2066733151037038868"", ""type"": ""quoted""}]",2026-09-07 05:59:32
2066724616887026085,153692841,jfsrev,2026-06-16T03:28:41.000Z,"$UMAC (Update) - Stop Loss Avoidance Using RVOL as Execution Filter

A trending name on fintwit site over the weekend. Easily a false entry if you don't have volume in your execution control. a g2r day. but this name is definitely still in my Focus if it continues to build that https://t.co/V8v0IiNLjC https://t.co/vnSaiFAxR8",en,2066724616887026085,16,0,3,0,8,3022,https://x.com/jfsrev/status/2066724616887026085,0,0,"[{""id"": ""2066514312634700174"", ""type"": ""quoted""}]",2026-09-07 05:59:32
2066713733372723700,153692841,jfsrev,2026-06-16T02:45:26.000Z,$BB is an example https://t.co/lPWHCe2V1B https://t.co/jClDrvtMKd,en,2066713733372723700,82,4,7,0,31,34480,https://x.com/jfsrev/status/2066713733372723700,0,0,"[{""id"": ""2066639962960003506"", ""type"": ""quoted""}]",2026-09-07 05:59:32
2066698257854832961,153692841,jfsrev,2026-06-16T01:43:56.000Z,"Top 20 Strongest Industry Groups with 1-Month RS Above 80% Following the Peace Deal

$JETS — Airlines
$SOXX — Broad Semiconductors
$DRAM — Memory
$SPMO — S&amp;P 500 Momentum
$SMH — Semiconductor Giants
$BAI — AI &amp; Tech Active
$XHB — Homebuilders (Equal Weight)
$XPH — Pharmaceuticals https://t.co/uSAJv0kPoQ https://t.co/koV5oHzb2O",en,2066698257854832961,111,12,1,2,79,20918,https://x.com/jfsrev/status/2066698257854832961,0,0,"[{""id"": ""1659679126389936128"", ""type"": ""quoted""}]",2026-09-07 05:59:32
2066531234537406813,153692841,jfsrev,2026-06-15T14:40:15.000Z,"$BROS (Update) - Now at 5 x ATR% extension from 50-MA, highest extension since Feb'25 Top on Post Earnings Gap. https://t.co/Qqxvt7DK1f https://t.co/PuLLgqZsnW",en,2066531234537406813,45,0,3,1,11,8633,https://x.com/jfsrev/status/2066531234537406813,0,0,"[{""id"": ""2066360257673388493"", ""type"": ""quoted""}]",2026-09-07 05:59:32
2066525359060001160,153692841,jfsrev,2026-06-15T14:16:54.000Z,Today's market is a reminder that the first 30 minutes of a gap-up can be very expensive,en,2066525359060001160,274,10,12,0,40,29277,https://x.com/jfsrev/status/2066525359060001160,0,0,,2026-09-07 05:59:32
2066517620615266398,153692841,jfsrev,2026-06-15T13:46:09.000Z,$XE (Update) +19% on 9% ADR https://t.co/GsXUcmdIr6 https://t.co/dBHHFftRBC,en,2066517620615266398,11,0,3,0,1,2077,https://x.com/jfsrev/status/2066517620615266398,0,0,"[{""id"": ""2065279963222392960"", ""type"": ""quoted""}]",2026-09-07 05:59:32
2066512314304745582,153692841,jfsrev,2026-06-15T13:25:04.000Z,"just search RVOL in the page below. this question was answered before and I did another FAQ over the weekend

https://t.co/LFLtkMRab3 https://t.co/JSO6hXXKnf https://t.co/Xy1yqGbb0I",en,2066512314304745582,39,4,1,1,39,13154,https://x.com/jfsrev/status/2066512314304745582,0,0,"[{""id"": ""2066511568511119637"", ""type"": ""quoted""}]",2026-09-07 05:59:32
2066511262251728913,153692841,jfsrev,2026-06-15T13:20:53.000Z,"it's fine, it's a great question. look at the 2 image

1. my Swing Data RVOL is based on 50 bar lookback period (if chart on daily, it's 50 days)

2. @tradingview live market screener RVOL is based on 10* days look back period

3. At Live Market, the practice is to first sort our https://t.co/L6c5DtcuUM https://t.co/guQ7JlXuNd",en,2066511262251728913,83,17,4,1,112,11134,https://x.com/jfsrev/status/2066511262251728913,0,0,"[{""id"": ""2066507990392533455"", ""type"": ""quoted""}]",2026-09-07 05:59:32
2066510953571918252,153692841,jfsrev,2026-06-15T13:19:39.000Z,"it's fine, it's a great question. look at the 2 image

1. my Swing Data RVOL is based on 50 bar lookback period (if chart on daily, it's 50 days)

2. @tradingview live market screener RVOL is based on 50 days look back period

3. At Live Market, the practice is to first sort our https://t.co/mbKt1vVK4i https://t.co/guQ7JlXuNd",en,2066510953571918252,2,1,0,0,2,243,https://x.com/jfsrev/status/2066510953571918252,0,0,"[{""id"": ""2066507990392533455"", ""type"": ""quoted""}]",2026-09-07 05:59:32
2066507478901436759,153692841,jfsrev,2026-06-15T13:05:51.000Z,🍻 https://t.co/YusEtktpwz,art,2066507478901436759,13,0,0,0,4,5928,https://x.com/jfsrev/status/2066507478901436759,0,0,"[{""id"": ""2066506684772819274"", ""type"": ""quoted""}]",2026-09-07 05:59:32
2066484476277096704,153692841,jfsrev,2026-06-15T11:34:27.000Z,"just updated extensively under FAQ. 

https://t.co/LFLtkMRab3 https://t.co/g02Wzoroju https://t.co/zvma46uJLK",en,2066484476277096704,8,0,0,0,10,2348,https://x.com/jfsrev/status/2066484476277096704,0,0,"[{""id"": ""2066483797630070858"", ""type"": ""quoted""}]",2026-09-07 05:59:32
2066464427143217662,153692841,jfsrev,2026-06-15T10:14:47.000Z,💯 https://t.co/nj2ZQuva4j,art,2066464427143217662,31,0,0,0,14,7996,https://x.com/jfsrev/status/2066464427143217662,0,0,"[{""id"": ""2066464123672486263"", ""type"": ""quoted""}]",2026-09-07 05:59:32
2066382502412042256,153692841,jfsrev,2026-06-15T04:49:14.000Z,"If you have multiple focus names benefiting from a market gap-up driven by the announced peace deal to end the war, you should manage them together in a single live market panel like this, along with your Price Alert Log.

They are two separate panel within a screen, and they https://t.co/zYSs4HUFAw",en,2066382502412042256,68,2,0,0,70,14960,https://x.com/jfsrev/status/2066382502412042256,0,0,"[{""id"": ""1801498691746021731"", ""type"": ""quoted""}]",2026-09-07 05:59:32
2066381353831338031,153692841,jfsrev,2026-06-15T04:44:40.000Z,"$ROKU is a good example from the last close. the big volume move came in the final hour, not first hour. https://t.co/7PO2zkXJIX https://t.co/QAGo7OfBlK",en,2066381353831338031,71,5,3,1,31,15389,https://x.com/jfsrev/status/2066381353831338031,0,0,"[{""id"": ""2065454351313948882"", ""type"": ""quoted""}]",2026-09-07 05:59:32
2066360257673388493,153692841,jfsrev,2026-06-15T03:20:51.000Z,"$BROS (Update) — Breaking out of a 15-month downtrend while completing a 5-year cup and handle pattern on the weekly chart.

We began stalking this setup on June 4, well ahead of the June 10 breakout move. Now let's see how far this trend can run. https://t.co/CtegOL1gI2",en,2066360257673388493,86,6,7,2,28,50572,https://x.com/jfsrev/status/2066360257673388493,0,0,,2026-09-07 05:59:32
2066350571729436935,153692841,jfsrev,2026-06-15T02:42:21.000Z,https://t.co/giPc4ZqwgC https://t.co/yYnEHeUavG,zxx,2066350571729436935,29,1,0,1,3,9100,https://x.com/jfsrev/status/2066350571729436935,0,0,"[{""id"": ""2066348029490393546"", ""type"": ""quoted""}]",2026-09-07 05:59:32
2066112681623359723,153692841,jfsrev,2026-06-14T10:57:04.000Z,"""before a dancer leaps into their air he goes into a crouch to set himself for the spring. I found it was the same with stocks""

-World-famous dancer Nicolas Darvas turned $10,000 into $2 million in 18 months in 1957-1958. https://t.co/pZSnzWU8zp",en,2066112681623359723,107,7,3,1,45,39464,https://x.com/jfsrev/status/2066112681623359723,0,0,"[{""id"": ""1806188623735509403"", ""type"": ""quoted""}]",2026-09-07 05:59:32
2066059137063277037,153692841,jfsrev,2026-06-14T07:24:18.000Z,"classic theory.

get ready. https://t.co/aQIuQkhffb https://t.co/LUWZGeLTQy",en,2066059137063277037,34,2,1,0,19,4301,https://x.com/jfsrev/status/2066059137063277037,0,0,"[{""id"": ""2063856580584771836"", ""type"": ""quoted""}]",2026-09-07 05:59:32
2066057214494757342,153692841,jfsrev,2026-06-14T07:16:40.000Z,"use this as a template for study on stock move and their share structure 

https://t.co/IHEXXV8IES https://t.co/OTsEEh8mbh",en,2066057214494757342,21,0,0,0,29,9824,https://x.com/jfsrev/status/2066057214494757342,0,0,"[{""id"": ""2066055577864716357"", ""type"": ""quoted""}]",2026-09-07 05:59:32
2066038165480308774,153692841,jfsrev,2026-06-14T06:00:58.000Z,"nothing more than 3 execution per day. if you have stringent execution rules, it is very difficult to get beyond even 2 unless market condition dictates and lead you into the trade itself 

https://t.co/Uv5pqBbQHK https://t.co/shrflkSLhW https://t.co/CLUPQxzd08",en,2066038165480308774,70,1,2,0,49,10341,https://x.com/jfsrev/status/2066038165480308774,0,0,"[{""id"": ""2065490134347247631"", ""type"": ""quoted""}]",2026-09-07 05:59:32
2066032344440746127,153692841,jfsrev,2026-06-14T05:37:50.000Z,"@PradeepBonde timeline on his quoted replies is always a great weekend read. immerse information and thought provoking. Lots of my process from eg. share structure based screening filter, T+3 profit taking from 4 days momentum burst, and tight risk delayed earnings reaction play https://t.co/dXseo0B3PN",en,2066032344440746127,166,10,2,1,85,35773,https://x.com/jfsrev/status/2066032344440746127,0,0,"[{""id"": ""2065807275709657497"", ""type"": ""quoted""}]",2026-09-07 05:59:32
2066015045885292787,153692841,jfsrev,2026-06-14T04:29:06.000Z,"4th June is the optimal entry, not 12th June. the stop loss level is not at any advantage relative to this 2 group of buyers

https://t.co/BlsWPzYEaW https://t.co/Hsjc47HWUN",en,2066015045885292787,21,0,3,0,12,9396,https://x.com/jfsrev/status/2066015045885292787,0,0,"[{""id"": ""2066001925280084379"", ""type"": ""quoted""}]",2026-09-07 05:59:32
2065996311493755147,153692841,jfsrev,2026-06-14T03:14:39.000Z,"Value-driven capital entering the trade can serve as a tailwind, improving the odds of swing trade continuation. https://t.co/30fZhIC3r1 https://t.co/yYbOU5B62K",en,2065996311493755147,55,2,1,0,38,13517,https://x.com/jfsrev/status/2065996311493755147,0,0,"[{""id"": ""1853298477041877066"", ""type"": ""quoted""}]",2026-09-07 05:59:32
2065838487530823848,153692841,jfsrev,2026-06-13T16:47:31.000Z,under current volume https://t.co/OUE1sk7gX0 https://t.co/BDK8g1EUcF,en,2065838487530823848,20,1,1,0,7,9893,https://x.com/jfsrev/status/2065838487530823848,0,0,"[{""id"": ""2065837977100525797"", ""type"": ""quoted""}]",2026-09-07 05:59:32
2065837887099486259,153692841,jfsrev,2026-06-13T16:45:08.000Z,How do you view $LRCX as a tradable name for swing traders? https://t.co/uUHSci5bCT https://t.co/E9KdFqcekA,en,2065837887099486259,80,5,25,3,43,55183,https://x.com/jfsrev/status/2065837887099486259,0,0,"[{""id"": ""2064328255122063664"", ""type"": ""quoted""}]",2026-09-07 05:59:32
2065654519795450160,153692841,jfsrev,2026-06-13T04:36:30.000Z,"45 leading names that are above the 10-MA with over $100M in dollar volume to build your relative strength watchlist, even as the market remains beneath its 10 and 20-MAs.

$RXT — Software Infrastructure
$AMC — Entertainment
$AEHR — Semiconductor Equipment
$ALK — Airlines
$MARA — https://t.co/WN0k2u5Ede https://t.co/XRMxfYoo5t",en,2065654519795450160,204,19,2,1,241,34573,https://x.com/jfsrev/status/2065654519795450160,0,0,"[{""id"": ""1996636957129281701"", ""type"": ""quoted""}]",2026-09-07 05:59:32
2065606531153072248,153692841,jfsrev,2026-06-13T01:25:48.000Z,🍻 https://t.co/ebAho95lbJ,art,2065606531153072248,11,0,0,0,3,7281,https://x.com/jfsrev/status/2065606531153072248,0,0,"[{""id"": ""2065606358477451304"", ""type"": ""quoted""}]",2026-09-07 05:59:32
2065605009992208562,153692841,jfsrev,2026-06-13T01:19:46.000Z,"all the 16 rules for you

https://t.co/Uv5pqBbQHK https://t.co/Aul3Xnm7Vn https://t.co/maKCdarSj7",en,2065605009992208562,163,22,3,0,190,20383,https://x.com/jfsrev/status/2065605009992208562,0,0,"[{""id"": ""2065604207957176810"", ""type"": ""quoted""}]",2026-09-07 05:59:32
2065468909848039615,153692841,jfsrev,2026-06-12T16:18:57.000Z,👍🏻 https://t.co/ZLquTpEudm,art,2065468909848039615,10,0,0,0,1,6297,https://x.com/jfsrev/status/2065468909848039615,0,0,"[{""id"": ""2065450764323967226"", ""type"": ""quoted""}]",2026-09-07 05:59:32
2065448224123761031,153692841,jfsrev,2026-06-12T14:56:45.000Z,"Outsized performance isn’t driven by trade selection alone—it comes down to these four principles, which have a far greater impact on your results than simply being right on a few trades. 

Two traders can run the exact same ideas over a full year and still end up with https://t.co/FkWWbzcnjV",en,2065448224123761031,337,39,11,5,432,106280,https://x.com/jfsrev/status/2065448224123761031,0,0,"[{""id"": ""2065435663173144609"", ""type"": ""quoted""}]",2026-09-07 05:59:32
2065447563554443423,153692841,jfsrev,2026-06-12T14:54:07.000Z,"Outsized performance isn’t driven by trade selection alone—it comes down to these four principles, which have a far greater impact on your results than simply being right on a few trades. 

Two traders can run the exact same ideas over a full year and still end up with https://t.co/FkWWbzcnjV",,,5,0,0,1,5,1481,https://x.com/jfsrev/status/2065447563554443423,0,0,"[{""id"": ""2065435663173144609"", ""type"": ""quoted""}]",2026-09-07 05:59:40
2065446690488992150,153692841,jfsrev,2026-06-12T14:50:39.000Z,"Outsized performance isn’t driven by trade selection alone—it comes down to these four principles, which have a far greater impact on your results than simply being right on a few trades. 

Two traders can run the exact same ideas over a full year and still end up with https://t.co/FkWWbzcnjV",,,13,1,1,0,11,2095,https://x.com/jfsrev/status/2065446690488992150,0,0,"[{""id"": ""2065435663173144609"", ""type"": ""quoted""}]",2026-09-07 05:59:40
2065435663173144609,153692841,jfsrev,2026-06-12T14:06:50.000Z,"The 30 minute rule can save a swing trader from countless unnecessary stop-outs not just on financial capital, but also mental capital. I've kept an 8-year ""what if I traded immediate ORH on every focus name"" dataset. The result is a flat-to-negative equity curve, a sub-14% win https://t.co/K9I54u6i2N",,,279,21,15,4,341,129241,https://x.com/jfsrev/status/2065435663173144609,0,0,"[{""id"": ""2065429884688875777"", ""type"": ""quoted""}]",2026-09-07 05:59:40
2065429675732812268,153692841,jfsrev,2026-06-12T13:43:03.000Z,personally not. $MXL got good share structure and ADR% but was a very sluggish bearish rounding top pattern. this 3 days bounce comes with diminishing volume participation into declining 10-MA that's already below 20-MA. https://t.co/OZ17z0MIT0 https://t.co/1nriZiw4mM,,,5,1,1,0,1,2820,https://x.com/jfsrev/status/2065429675732812268,0,0,"[{""id"": ""2065429078958862649"", ""type"": ""quoted""}]",2026-09-07 05:59:40
2065389589834190974,153692841,jfsrev,2026-06-12T11:03:45.000Z,yes. you have good screen result 👍🏻 https://t.co/m5zCrOMTcr,,,7,0,1,0,2,2215,https://x.com/jfsrev/status/2065389589834190974,0,0,"[{""id"": ""2065389317724180573"", ""type"": ""quoted""}]",2026-09-07 05:59:40
2065365635992060365,153692841,jfsrev,2026-06-12T09:28:34.000Z,yes it does https://t.co/MtoiQbRxg6 https://t.co/9htiWdw7d0,,,10,0,0,0,4,1829,https://x.com/jfsrev/status/2065365635992060365,0,0,"[{""id"": ""2065364813077942595"", ""type"": ""quoted""}]",2026-09-07 05:59:40
2065334338389258294,153692841,jfsrev,2026-06-12T07:24:12.000Z,"30 Strongest Industry Groups At 1-Month RS (Sorted)

$PEJ — Leisure &amp; Travel
$PPH — Large-Cap Pharmaceuticals
$ITB — Homebuilders
$XHB — Homebuilders (Equal Weight)
$XRT — Retail
$XTN — Trucking
$BETZ — Sports Betting
$KRE — Regional Banks
$KBE — Large-Cap Banking
$XHS — https://t.co/OO7nxioLrc https://t.co/XRMxfYoVV1",,,69,9,0,0,58,18544,https://x.com/jfsrev/status/2065334338389258294,0,0,"[{""id"": ""1996636957129281701"", ""type"": ""quoted""}]",2026-09-07 05:59:40
2065307784149946589,153692841,jfsrev,2026-06-12T05:38:41.000Z,"Mean Reversion

https://t.co/Dz0XjLPRxx https://t.co/ZVnXD54L5L https://t.co/WEEg2z8Nor",,,9,0,0,0,6,2196,https://x.com/jfsrev/status/2065307784149946589,0,0,"[{""id"": ""2065305061757243750"", ""type"": ""quoted""}]",2026-09-07 05:59:40
2065255494177206322,153692841,jfsrev,2026-06-12T02:10:55.000Z,"$M (Update) — +8.1% (ADR 4.7%) breaks out to a 4-year high, backed by leadership from one of the market's strongest 1-month RS industry groups $XRT. https://t.co/Tt76p743An",,,36,1,3,0,15,8200,https://x.com/jfsrev/status/2065255494177206322,0,0,,2026-09-07 05:59:40
2065254392002126063,153692841,jfsrev,2026-06-12T02:06:32.000Z,$KSS (Update) - Broke out of 200-MA within this 1-Mth RS Strongest Group Movers https://t.co/hpsthqSiq5,,,31,1,2,0,12,5098,https://x.com/jfsrev/status/2065254392002126063,0,0,,2026-09-07 05:59:40
2065248006165946580,153692841,jfsrev,2026-06-12T01:41:09.000Z,"""The second you think you are smarter than the 10 &amp; 20 day MA, that's when you are doomed for mediocrity. Trust me. I talk from experience."" 

- @Qullamaggie, Market Wizard https://t.co/AhLN9xDbPj https://t.co/jXwo327Ydj",,,331,31,9,1,234,39732,https://x.com/jfsrev/status/2065248006165946580,0,0,"[{""id"": ""2064630204019208578"", ""type"": ""quoted""}]",2026-09-07 05:59:40
2065233828055310407,153692841,jfsrev,2026-06-12T00:44:49.000Z,yes i will enter https://t.co/bmxdqOANnf,,,13,0,1,0,9,8959,https://x.com/jfsrev/status/2065233828055310407,0,0,"[{""id"": ""2065230777671983513"", ""type"": ""quoted""}]",2026-09-07 05:59:40
2065229899041001865,153692841,jfsrev,2026-06-12T00:29:12.000Z,enhancing quality of execution criteria will directly reduce trade frequency. it gives you alot of trade control https://t.co/wOMSDMdCAg,,,14,0,2,0,2,1971,https://x.com/jfsrev/status/2065229899041001865,0,0,"[{""id"": ""2065107921118130616"", ""type"": ""quoted""}]",2026-09-07 05:59:40
2065093817792159841,153692841,jfsrev,2026-06-11T15:28:28.000Z,"$NASA (Update) - Positioning for $SPCX IPO Tomorrow

Top 10 Holdings

$ASTS
$RKLB
$PL
$SATS
$FLY
$VNP
$FTC
$OHB
$LUNR
$VSAT https://t.co/z0xFOTrYkC https://t.co/n6em8W7lBL",,,50,1,4,1,19,23001,https://x.com/jfsrev/status/2065093817792159841,0,0,"[{""id"": ""2060361605079011384"", ""type"": ""quoted""}]",2026-09-07 05:59:40
2065073513954935186,153692841,jfsrev,2026-06-11T14:07:47.000Z,"$GEO (Update) - 10 x ATR% from 50-MA

It's ok https://t.co/TKnFmtAaF4 https://t.co/JwEoM5qOdG",,,14,0,1,1,2,14687,https://x.com/jfsrev/status/2065073513954935186,0,0,"[{""id"": ""2062549631649910794"", ""type"": ""quoted""}]",2026-09-07 05:59:40
2065071950708556093,153692841,jfsrev,2026-06-11T14:01:34.000Z,"$GEO (Update)

It's ok https://t.co/wMqIIxDplS https://t.co/JwEoM5qOdG",,,3,0,0,0,0,435,https://x.com/jfsrev/status/2065071950708556093,0,0,"[{""id"": ""2062549631649910794"", ""type"": ""quoted""}]",2026-09-07 05:59:40
2065069172137046112,153692841,jfsrev,2026-06-11T13:50:32.000Z,yes they both come out in today's screener but didn't qualify ATR% extension rule https://t.co/3m29h9SV3F,,,5,0,1,0,1,1493,https://x.com/jfsrev/status/2065069172137046112,0,0,"[{""id"": ""2065068389165347206"", ""type"": ""quoted""}]",2026-09-07 05:59:40
2065068905383514479,153692841,jfsrev,2026-06-11T13:49:28.000Z,"In my opinion, the lesson from $ORCL earnings gap down is simple: don't initiate directly into the window of an imminent earnings release. 

I wrote about the importance of a duration cushion. Time in the trade and unrealized gains give you the flexibility to absorb event risk. https://t.co/n7pf5uhZ85 https://t.co/5VuQitYCW7",,,45,3,0,1,14,9354,https://x.com/jfsrev/status/2065068905383514479,0,0,"[{""id"": ""2065067349237960855"", ""type"": ""quoted""}]",2026-09-07 05:59:40
2065067483648639044,153692841,jfsrev,2026-06-11T13:43:49.000Z,let the market lead us into the trade without second guessing https://t.co/4Ak0atMEIV,,,10,0,2,0,0,1683,https://x.com/jfsrev/status/2065067483648639044,0,0,"[{""id"": ""2065066824492798041"", ""type"": ""quoted""}]",2026-09-07 05:59:40
2065065654726668573,153692841,jfsrev,2026-06-11T13:36:33.000Z,"based on ATR. I have a LoD dist. indicator to calculate that live in market session.

https://t.co/SvGb59qrqq https://t.co/lVnEH5F6Vt",,,8,0,1,0,2,1666,https://x.com/jfsrev/status/2065065654726668573,0,0,"[{""id"": ""2065057476312268853"", ""type"": ""quoted""}]",2026-09-07 05:59:40
2065064938515873795,153692841,jfsrev,2026-06-11T13:33:43.000Z,it's $51 mil avg dollar vol even with 10 successive session of low volume. https://t.co/SC6fnhjoGV,,,3,0,0,0,0,1307,https://x.com/jfsrev/status/2065064938515873795,0,0,"[{""id"": ""2065062345504850266"", ""type"": ""quoted""}]",2026-09-07 05:59:40
2065064608852013420,153692841,jfsrev,2026-06-11T13:32:24.000Z,May 18th downtrend line breakout has +44% move in 10 session. it is 6% ADR at $100mil avg dollar vol. I have some recency bias here for sure https://t.co/Jm6vig9ufi,,,4,0,1,0,1,1492,https://x.com/jfsrev/status/2065064608852013420,0,0,"[{""id"": ""2065063216657674513"", ""type"": ""quoted""}]",2026-09-07 05:59:40
2065064233902223834,153692841,jfsrev,2026-06-11T13:30:55.000Z,yes u got it but it is currently 6.6 x ATR% from 50-MA. https://t.co/zwgkmu2oO0,,,4,0,1,0,1,1764,https://x.com/jfsrev/status/2065064233902223834,0,0,"[{""id"": ""2065063354272772577"", ""type"": ""quoted""}]",2026-09-07 05:59:40
2065064016196796873,153692841,jfsrev,2026-06-11T13:30:03.000Z,"your thought process is sound on the trade design but you missed a key here. read rule #8 of my trade design and execution

https://t.co/Uv5pqBbQHK https://t.co/t5uu3qdCD1 https://t.co/b9GGsFJ3wn",,,5,0,1,0,1,1538,https://x.com/jfsrev/status/2065064016196796873,0,0,"[{""id"": ""2065062810548121636"", ""type"": ""quoted""}]",2026-09-07 05:59:40
2064866141965799645,153692841,jfsrev,2026-06-11T00:23:46.000Z,👍🏻 https://t.co/p0mp8Zx9V9,,,5,0,0,0,1,7212,https://x.com/jfsrev/status/2064866141965799645,0,0,"[{""id"": ""2064847824945107069"", ""type"": ""quoted""}]",2026-09-07 05:59:40
2064649783911051563,153692841,jfsrev,2026-06-10T10:04:02.000Z,🙏🏻 https://t.co/Xf8kcZA2Kq,,,19,0,0,0,5,6762,https://x.com/jfsrev/status/2064649783911051563,0,0,"[{""id"": ""2064640346110165277"", ""type"": ""quoted""}]",2026-09-07 05:59:40
2064635385914016229,153692841,jfsrev,2026-06-10T09:06:49.000Z,Under FAQ - https://t.co/Xfnl37ARdx https://t.co/KrKJkT6Tae https://t.co/tg2Pxa2jfk,,,24,1,1,0,11,11832,https://x.com/jfsrev/status/2064635385914016229,0,0,"[{""id"": ""2064634588631056439"", ""type"": ""quoted""}]",2026-09-07 05:59:40
2064634391272304793,153692841,jfsrev,2026-06-10T09:02:52.000Z,"actually the volume is much higher (2.3mil) than looking at NASDAQ primary volume alone  (180k). The only explanation is it is a consolidation of the ADR, ECNs, dark pools, and off exchange trades but i am not certain. 

If you play ADR names, the data across different platform https://t.co/T2VCpG1QL2",,,5,0,0,0,1,2151,https://x.com/jfsrev/status/2064634391272304793,0,0,"[{""id"": ""2064630754391576714"", ""type"": ""quoted""}]",2026-09-07 05:59:40
2064630525244121259,153692841,jfsrev,2026-06-10T08:47:30.000Z,$OKTA is nice but 6.7 x ATR% from 50MA. diffcult to pull this trigger over those below 3.5x. https://t.co/NI0rLXqIuL,,,13,0,1,0,1,1929,https://x.com/jfsrev/status/2064630525244121259,0,0,"[{""id"": ""2064630056765235696"", ""type"": ""quoted""}]",2026-09-07 05:59:40
2064630204019208578,153692841,jfsrev,2026-06-10T08:46:14.000Z,"This market is rotating more than it's correcting in my view. The only weakness is the pullback of extended mega cap tech, and weakness in energy which USOIL spot went down -9% since thursday. https://t.co/hQbqdhNiJu https://t.co/n82P1MSeKw",,,44,2,2,1,17,44480,https://x.com/jfsrev/status/2064630204019208578,0,0,"[{""id"": ""2064628959925399965"", ""type"": ""quoted""}]",2026-09-07 05:59:40
2064623490825937046,153692841,jfsrev,2026-06-10T08:19:33.000Z,"The white line on my charts marks where I set my first price alerts, also the optimal entry price designed to keep our LoD% below 70%. It hasn't account for pre-market gap move yet. https://t.co/FrTB8PFMmN",,,5,0,2,0,4,1623,https://x.com/jfsrev/status/2064623490825937046,0,0,"[{""id"": ""2064621152115569140"", ""type"": ""quoted""}]",2026-09-07 05:59:40
2064622588085903795,153692841,jfsrev,2026-06-10T08:15:58.000Z,i like your ADR% notes https://t.co/c00n5Mw46o,,,93,4,1,0,88,14136,https://x.com/jfsrev/status/2064622588085903795,0,0,"[{""id"": ""2064621425755881936"", ""type"": ""quoted""}]",2026-09-07 05:59:40
2064590181215412683,153692841,jfsrev,2026-06-10T06:07:12.000Z,"This is a kind of outlier setup that will not surface in most ppl's watchlist, and it's advantageous at execution when it's under the radar. It's extremely stretched to the downside (-3.7× ATR% from the 50-MA), making it a candidate for mean reversion, while also forming a https://t.co/1MrTCvR6vS",,,18,1,0,0,6,2308,https://x.com/jfsrev/status/2064590181215412683,0,0,"[{""id"": ""2064586617915121801"", ""type"": ""quoted""}]",2026-09-07 05:59:40
2064575046685958277,153692841,jfsrev,2026-06-10T05:07:03.000Z,"26 Relative Strength that already bounced above rising 10/20-day MAs while market $SPY and $QQQ (cap-weighted) bounced below their 20-day MAs. 

$RXO — Trucking
$OKTA — Software Infrastructure
$NTAP — Software Infrastructure
$BB — Software Infrastructure
$SNOW — Application https://t.co/hyuNSEtm7a https://t.co/XRMxfYoVV1",,,168,19,3,1,130,33793,https://x.com/jfsrev/status/2064575046685958277,0,0,"[{""id"": ""1996636957129281701"", ""type"": ""quoted""}]",2026-09-07 05:59:40
2064559372655866303,153692841,jfsrev,2026-06-10T04:04:46.000Z,"1-Month RS builds the house (structure). RS Thrust Rate opens the door (velocity and acceleration). RS Thrust Rate % measures the speed of recent relative strength over the past week, but it's calibrated with some weightage and bonus scoring.

First, the ranking is now https://t.co/N8aYoAWr7y",,,107,9,3,1,142,72598,https://x.com/jfsrev/status/2064559372655866303,0,0,"[{""id"": ""2064554448379334686"", ""type"": ""quoted""}]",2026-09-07 05:59:40
2064550263449628906,153692841,jfsrev,2026-06-10T03:28:34.000Z,"$ITB via $NAIL (Update) +11.5% from the flag breakout in an overlooked group. 

$XLF continues to show persistent strength. Another under-the-radar group we've been tracking over the past week is $ITB, which has emerged as one of today's strongest performers.

Learn to build your https://t.co/wyQCHaDBGw https://t.co/YzcdbGlnir",,,62,6,6,1,25,31787,https://x.com/jfsrev/status/2064550263449628906,0,0,"[{""id"": ""2062536245692248146"", ""type"": ""quoted""}]",2026-09-07 05:59:40
2064542997497491485,153692841,jfsrev,2026-06-10T02:59:42.000Z,https://t.co/LZUMYvRUMD https://t.co/BTURkMYPO0,,,14,0,1,0,2,7376,https://x.com/jfsrev/status/2064542997497491485,0,0,"[{""id"": ""2064540800038424688"", ""type"": ""quoted""}]",2026-09-07 05:59:40
2064522276146749816,153692841,jfsrev,2026-06-10T01:37:22.000Z,👍🏻 https://t.co/88kGYh6vLw,,,43,0,1,0,31,10177,https://x.com/jfsrev/status/2064522276146749816,0,0,"[{""id"": ""2059484236374016430"", ""type"": ""quoted""}]",2026-09-07 05:59:40
2064508062061445132,153692841,jfsrev,2026-06-10T00:40:53.000Z,https://t.co/m4mwe4hSyu https://t.co/YzacqfxQov,,,23,1,1,0,9,7607,https://x.com/jfsrev/status/2064508062061445132,0,0,"[{""id"": ""2064440225816785194"", ""type"": ""quoted""}]",2026-09-07 05:59:40
2064500455737360876,153692841,jfsrev,2026-06-10T00:10:39.000Z,you nailed it https://t.co/pISUYFByq8,,,10,1,1,0,2,5836,https://x.com/jfsrev/status/2064500455737360876,0,0,"[{""id"": ""2064410239655448663"", ""type"": ""quoted""}]",2026-09-07 05:59:40
2064500005055156610,153692841,jfsrev,2026-06-10T00:08:52.000Z,👍🏻 https://t.co/JUCCZK7dmn,,,19,1,0,0,5,6647,https://x.com/jfsrev/status/2064500005055156610,0,0,"[{""id"": ""2064473237468430645"", ""type"": ""quoted""}]",2026-09-07 05:59:40
2064388823015166455,153692841,jfsrev,2026-06-09T16:47:04.000Z,"IPO = ""It's Probably Overpriced."" 
— Warren Buffett

$SPCX",,,161,11,3,3,10,33267,https://x.com/jfsrev/status/2064388823015166455,0,0,,2026-09-07 05:59:40
2064378828420710410,153692841,jfsrev,2026-06-09T16:07:21.000Z,💯 https://t.co/IBVmVsmR05,,,11,0,0,0,9,7886,https://x.com/jfsrev/status/2064378828420710410,0,0,"[{""id"": ""2063863381938045291"", ""type"": ""quoted""}]",2026-09-07 05:59:40
2064351727118430320,153692841,jfsrev,2026-06-09T14:19:40.000Z,💯 https://t.co/HCL5mqeKPF,,,33,1,1,0,3,9319,https://x.com/jfsrev/status/2064351727118430320,0,0,"[{""id"": ""2064335371526389841"", ""type"": ""quoted""}]",2026-09-07 05:59:40
2064328855478042663,153692841,jfsrev,2026-06-09T12:48:47.000Z,👍🏻 https://t.co/Eo9CBt8Dgd,,,15,0,0,0,2,8393,https://x.com/jfsrev/status/2064328855478042663,0,0,"[{""id"": ""2064327414293872978"", ""type"": ""quoted""}]",2026-09-07 05:59:40
2064328255122063664,153692841,jfsrev,2026-06-09T12:46:24.000Z,"You need to do homework and submit to me. Not so easy if you want to learn the skill.

$BBY https://t.co/kp1lhF3jLL https://t.co/RpGe2wInr8",,,83,4,5,1,34,91060,https://x.com/jfsrev/status/2064328255122063664,0,0,"[{""id"": ""2064318228088676425"", ""type"": ""quoted""}]",2026-09-07 05:59:40
2064327798324683014,153692841,jfsrev,2026-06-09T12:44:35.000Z,You need to do homework and submit to me. Not so easy if you want to learn the skill. https://t.co/qp4V38pIrF https://t.co/RpGe2wInr8,,,4,0,1,0,1,1250,https://x.com/jfsrev/status/2064327798324683014,0,0,"[{""id"": ""2064318228088676425"", ""type"": ""quoted""}]",2026-09-07 05:59:40
2064326317651476728,153692841,jfsrev,2026-06-09T12:38:42.000Z,you get much more value than that. https://t.co/RpGe2wInr8,,,29,0,2,0,3,7862,https://x.com/jfsrev/status/2064326317651476728,0,0,"[{""id"": ""2064318228088676425"", ""type"": ""quoted""}]",2026-09-07 05:59:40
2064232840947192245,153692841,jfsrev,2026-06-09T06:27:15.000Z,🤲 https://t.co/zcJ8B33Pys,,,12,0,0,0,3,9254,https://x.com/jfsrev/status/2064232840947192245,0,0,"[{""id"": ""2064232579058761898"", ""type"": ""quoted""}]",2026-09-07 05:59:40
2064230774463926684,153692841,jfsrev,2026-06-09T06:19:02.000Z,"A Swing Trader's Product Edge: Capturing Positive Compounding, While Halving Capital with Leveraged ETFs

$SOXX vs. $SOXL (3× $SOXX)

Trade Setup
Entry: April 8 High
Stop: April 8 Low
Current Reference: June 8 Close
Holding Period: 42 trading days (2 months + 1 day)

Performance https://t.co/Qje6Tv0UbI https://t.co/PCZsborXXM",,,242,23,13,9,231,72466,https://x.com/jfsrev/status/2064230774463926684,0,0,"[{""id"": ""2062166612686598646"", ""type"": ""quoted""}]",2026-09-07 05:59:40
2063955587973702107,153692841,jfsrev,2026-06-08T12:05:33.000Z,Do you use volume to validate your trade setups?,,,15,0,6,1,1,10189,https://x.com/jfsrev/status/2063955587973702107,0,0,,2026-09-07 05:59:40
2063878812287545785,153692841,jfsrev,2026-06-08T07:00:28.000Z,"Be highly intentional with your progress if you don't want trading to remain a hobby. It's about much more than the wins and losses on a chart.

1. Trading As A Big Data Game Controlled By You, First Start By Reducing Randomness In Your Trading Behavior.
https://t.co/IWTe44oSow https://t.co/4iRcXHCAI3 https://t.co/jyCcZC3nfj",,,172,22,1,1,258,37110,https://x.com/jfsrev/status/2063878812287545785,0,0,"[{""id"": ""2063319768187404386"", ""type"": ""quoted""}]",2026-09-07 05:59:40
2063862162712629607,153692841,jfsrev,2026-06-08T05:54:18.000Z,🍻 https://t.co/rqjFPYyngq,,,11,0,0,0,0,8124,https://x.com/jfsrev/status/2063862162712629607,0,0,"[{""id"": ""2063859650064429058"", ""type"": ""quoted""}]",2026-09-07 05:59:40
2063853878223974611,153692841,jfsrev,2026-06-08T05:21:23.000Z,"Avoiding Stop Loss Idea with RVOL Entry Based Criteria

We dodged a bullet by refraining from executing on $MCHP on Thursday, despite multiple ORH and re-ORH price alerts.

Always seek reasons to avoid a trade. If your %risk to equity dictate you to build a trading portfolio of https://t.co/t01Lk1FNd6 https://t.co/jlPGFPkhlB",,,79,5,6,0,46,8672,https://x.com/jfsrev/status/2063853878223974611,0,0,"[{""id"": ""2062725528919146986"", ""type"": ""quoted""}]",2026-09-07 05:59:40
2063849222387237127,153692841,jfsrev,2026-06-08T05:02:53.000Z,"Besides $VCX, the May 2026 list is still the latest in the market. I also have removed those delisted ETF (low popularity and liquidity)

https://t.co/QGsTM5xt4L https://t.co/7qsFUn49fD https://t.co/TQELvMfhty",,,25,2,2,1,13,34225,https://x.com/jfsrev/status/2063849222387237127,0,0,"[{""id"": ""2063687666672226682"", ""type"": ""quoted""}]",2026-09-07 05:59:40
2063837441547465128,153692841,jfsrev,2026-06-08T04:16:04.000Z,"This is exactly the kind of stock @OliverKell_  talked about in his 2021 interview: a stock that can double in price in 3 months, but still give you just a low 10% win rate over 20-30 attempts, with low profit factor, while putting your equity through a -5% drawdown. 

Recent https://t.co/RV4Fo2diJm",,,48,5,1,1,35,8185,https://x.com/jfsrev/status/2063837441547465128,0,0,"[{""id"": ""2063835770155344005"", ""type"": ""quoted""}]",2026-09-07 05:59:40
2063821935889490104,153692841,jfsrev,2026-06-08T03:14:28.000Z,"the 10mins video provide the full walk through process, including 'screen on watchlist' for compression, before any impending expansive move.

https://t.co/3UAAPbJDbZ https://t.co/rEnnIwLTK1",,,32,2,2,0,68,9305,https://x.com/jfsrev/status/2063821935889490104,0,0,"[{""id"": ""2063817570700890306"", ""type"": ""quoted""}]",2026-09-07 05:59:40
2063244016712556875,153692841,jfsrev,2026-06-06T12:58:01.000Z,"At last, you've arrived at Singapore's biggest bookstore.

@NickSchmidt @RichardMoglen @RossHaber @AmeetRai @TraderLion https://t.co/Iu83Pr4FLn",,,209,6,9,1,61,30096,https://x.com/jfsrev/status/2063244016712556875,0,0,,2026-09-07 05:59:40
2063219974186090520,153692841,jfsrev,2026-06-06T11:22:29.000Z,"@jimcramer book in singapore 

you gotta to be kidding https://t.co/U3qJGZ2ZGi",,,63,5,10,0,4,6027,https://x.com/jfsrev/status/2063219974186090520,0,0,,2026-09-07 05:59:40
2063173006332199133,153692841,jfsrev,2026-06-06T08:15:51.000Z,appreciate this. thank you @thesetupfactory https://t.co/UKNW0WCjJ3,,,23,1,1,0,10,9029,https://x.com/jfsrev/status/2063173006332199133,0,0,"[{""id"": ""2063155347397689816"", ""type"": ""quoted""}]",2026-09-07 05:59:40
2063146220621799843,153692841,jfsrev,2026-06-06T06:29:25.000Z,"you can self built it for free and have the ownership for a lifetime with this step by step guide

https://t.co/UF7AwQPXnG https://t.co/7FXydhEzHK",,,120,8,0,0,160,29793,https://x.com/jfsrev/status/2063146220621799843,0,0,"[{""id"": ""2063145902609482132"", ""type"": ""quoted""}]",2026-09-07 05:59:40
2063116288701108592,153692841,jfsrev,2026-06-06T04:30:28.000Z,👍🏻 https://t.co/s2XEz2EgmG,,,25,2,0,0,20,11583,https://x.com/jfsrev/status/2063116288701108592,0,0,"[{""id"": ""2063097315426992507"", ""type"": ""quoted""}]",2026-09-07 05:59:40
2063091490486931611,153692841,jfsrev,2026-06-06T02:51:56.000Z,"8 out of 11 sectors hit 1-week relative strength highs, with 29 industry groups also hitting 1-week RS highs. Only $XLK was responsible for dragging the sell-off lower on its own.

Don’t be fearful. Be ahead, be different. https://t.co/WW8UFasFYX https://t.co/YzcdbGlnir",,,150,13,6,0,101,40538,https://x.com/jfsrev/status/2063091490486931611,0,0,"[{""id"": ""2062536245692248146"", ""type"": ""quoted""}]",2026-09-07 05:59:40
2063086463022157941,153692841,jfsrev,2026-06-06T02:31:57.000Z,"Build your pullback Relative Strength watchlist starting with these 26 leading names that are still holding above the 10-MA with over $100M in dollar volume, even as the market slices through its rising 10 and 20-MAs.

$CLF — Steel
$ZETA — Software - Infrastructure
$TWLO — https://t.co/bTU7ikCv6g https://t.co/XRMxfYoVV1",,,536,48,13,6,613,142321,https://x.com/jfsrev/status/2063086463022157941,0,0,"[{""id"": ""1996636957129281701"", ""type"": ""quoted""}]",2026-09-07 05:59:40
2062945782463115592,153692841,jfsrev,2026-06-05T17:12:56.000Z,"$TSLA (Update) - Remains Above $380, Approaching Rising 50-MA

Current Chg % -5.3% on a low 3.6% ADR, the rising 50-MA may be able to catch this uptrend channel breakdown for a pause. https://t.co/HX5FIZtJnC https://t.co/nQGcTXQsp1",,,47,1,1,0,3,10198,https://x.com/jfsrev/status/2062945782463115592,0,0,"[{""id"": ""2051661781899375002"", ""type"": ""quoted""}]",2026-09-07 05:59:40
2062916107632284024,153692841,jfsrev,2026-06-05T15:15:01.000Z,"$NASA (Update) -  $PL Stock Records Sharpest Single-Day Fall In 21 Months after announcing equity offering program that would allow the company to raise up to $1.5 billion (10% of market cap)

Top 10 Holdings

$ASTS
$RKLB
$PL
$SATS
$FLY 
$VNP
$FTC
$OHB
$LUNR 
$VSAT https://t.co/DV4CSpQXQZ https://t.co/n6em8W7lBL",,,42,3,1,0,4,12267,https://x.com/jfsrev/status/2062916107632284024,0,0,"[{""id"": ""2060361605079011384"", ""type"": ""quoted""}]",2026-09-07 05:59:40
2062900894602281285,153692841,jfsrev,2026-06-05T14:14:34.000Z,"the only way to do it on @tradingview is to custom your column with pre-mkt vol next next to avg vol. the relative volume at time feature is only for live market. you can see my pre-market screening setting under the link

https://t.co/gYWzNtwd5T https://t.co/47mifl9zhZ https://t.co/0XXPxotZQt",,,70,5,2,1,63,9529,https://x.com/jfsrev/status/2062900894602281285,0,0,"[{""id"": ""2062900034623181173"", ""type"": ""quoted""}]",2026-09-07 05:59:47
2062900225166151721,153692841,jfsrev,2026-06-05T14:11:55.000Z,"10-EMA , 8-SMA, 11.3-EMA all doesn't matter.

sit on with a non-discretionary sell rule and track your trading data for 1 year

https://t.co/QYbRkuOCEm https://t.co/ntMEJRP92W",,,77,5,4,1,27,13567,https://x.com/jfsrev/status/2062900225166151721,0,0,"[{""id"": ""2062899231405609187"", ""type"": ""quoted""}]",2026-09-07 05:59:47
2062896212555202682,153692841,jfsrev,2026-06-05T13:55:58.000Z,"don't second guess your full profit taking or exit. A 10-MA sell rule can sit you as long as 5 months. 

7th April 2025 - $TNA $SOXL $MAGS https://t.co/5q9niaU6LM https://t.co/seceUfEkJX",,,103,8,3,2,75,32735,https://x.com/jfsrev/status/2062896212555202682,0,0,"[{""id"": ""2062554388951163299"", ""type"": ""quoted""}]",2026-09-07 05:59:47
2062892380383330495,153692841,jfsrev,2026-06-05T13:40:44.000Z,"watch the video, it's inside
https://t.co/7k5FltjQQn https://t.co/FR3cKonmKl",,,11,0,1,0,13,6506,https://x.com/jfsrev/status/2062892380383330495,0,0,"[{""id"": ""2062890927589597598"", ""type"": ""quoted""}]",2026-09-07 05:59:47
2062891485323030564,153692841,jfsrev,2026-06-05T13:37:11.000Z,"https://t.co/H05fAwO8b7

This tweet traces back to a year ago, when I got ahead of consensus and was met with considerable skepticism. I am also updating Chapter 4 with a portfolio breakdown of those period, even drawdown.

If you're aiming for outlier performance, focus on https://t.co/gD4biyHVfm https://t.co/ESPESkWURY",,,48,4,1,0,20,9759,https://x.com/jfsrev/status/2062891485323030564,0,0,"[{""id"": ""2059280644262518797"", ""type"": ""quoted""}]",2026-09-07 05:59:47
2062849723586035999,153692841,jfsrev,2026-06-05T10:51:14.000Z,https://t.co/cDe5wg4ywx https://t.co/kZpjFJn6jr,,,8,0,0,0,11,7485,https://x.com/jfsrev/status/2062849723586035999,0,0,"[{""id"": ""2062844645495746777"", ""type"": ""quoted""}]",2026-09-07 05:59:47
2062799713125204239,153692841,jfsrev,2026-06-05T07:32:31.000Z,there u go https://t.co/7k5FltjQQn https://t.co/CO9xo24dhO,,,17,0,1,0,15,7965,https://x.com/jfsrev/status/2062799713125204239,0,0,"[{""id"": ""2062799077176471623"", ""type"": ""quoted""}]",2026-09-07 05:59:47
2062781453205934496,153692841,jfsrev,2026-06-05T06:19:57.000Z,"https://t.co/7k5FltjQQn

also with vol buzz https://t.co/vQzjqzRytq",,,10,0,0,0,16,7418,https://x.com/jfsrev/status/2062781453205934496,0,0,"[{""id"": ""2062779103292305744"", ""type"": ""quoted""}]",2026-09-07 05:59:47
2062758324358238644,153692841,jfsrev,2026-06-05T04:48:03.000Z,"Volume Expansion Based Entry Is a Quality Filter Itself.

Volume buzz is the one constant I've observed across 7 years of @Qullamaggie's stream (it elevated to also pre-buzz in 2024 for his EP). It's the foundation of his execution—similar to using RVOL to identify stocks with https://t.co/kEOtmZVnXS https://t.co/whka0cP02Z",,,273,24,10,3,363,44906,https://x.com/jfsrev/status/2062758324358238644,0,0,"[{""id"": ""2059284517291245878"", ""type"": ""quoted""}]",2026-09-07 05:59:47
2062733285651030310,153692841,jfsrev,2026-06-05T03:08:33.000Z,"Top 18 companies with short interest of 30% or higher by @finviz_com are concentrated in AI, semiconductors, and data center infrastructure.

They can produce the most violent squeezes when liquidity and narrative align.

$WOLF (chart) — Wolfspeed (96.35% Short Float)
$LCID — https://t.co/Pp1bm1cKa4 https://t.co/XZ7r65epXp",,,182,22,3,2,189,36314,https://x.com/jfsrev/status/2062733285651030310,0,0,"[{""id"": ""1944595506853970049"", ""type"": ""quoted""}]",2026-09-07 05:59:47
2062554388951163299,153692841,jfsrev,2026-06-04T15:17:41.000Z,"Unrealized profit giveback alone doesn't justify exiting the entire position if it remains above a rising 10-MA without a close below it.

$ARM $MU $AAPL $AMD $HUT $RIOT $SMCI $NBIS $ALAB $IONQ $APP $QCOM $TSM $ORCL $ONDS $DRAM $QTUM $BAI $SMH $SOXX $XSD $AIQ $WGMI $CIBR $EWY",,,193,17,4,2,75,50477,https://x.com/jfsrev/status/2062554388951163299,0,0,,2026-09-07 05:59:47
2062536245692248146,153692841,jfsrev,2026-06-04T14:05:35.000Z,"$XLF (Update) - Strongest Sector Bounce On Overlooked Chart

The strongest sector move today was the weakest sector YTD. https://t.co/CCJkvMQIYM",,,61,6,1,1,17,87002,https://x.com/jfsrev/status/2062536245692248146,0,0,,2026-09-07 05:59:47
2062488344316264477,153692841,jfsrev,2026-06-04T10:55:15.000Z,💪🏻 https://t.co/a2it4pbYAz,,,21,1,0,0,12,15083,https://x.com/jfsrev/status/2062488344316264477,0,0,"[{""id"": ""2062461456847638941"", ""type"": ""quoted""}]",2026-09-07 05:59:47
2062428113968279558,153692841,jfsrev,2026-06-04T06:55:55.000Z,yes https://t.co/Pg39zrHX2o,,,12,1,0,0,4,8090,https://x.com/jfsrev/status/2062428113968279558,0,0,"[{""id"": ""2062426887448912238"", ""type"": ""quoted""}]",2026-09-07 05:59:47
2062420838935371825,153692841,jfsrev,2026-06-04T06:27:00.000Z,https://t.co/B47f3yBL7O https://t.co/FEXvpyMuPZ,,,11,0,0,0,5,7406,https://x.com/jfsrev/status/2062420838935371825,0,0,"[{""id"": ""2062419954323095886"", ""type"": ""quoted""}]",2026-09-07 05:59:47
2062393811654115520,153692841,jfsrev,2026-06-04T04:39:36.000Z,"7 Groups Hitting 1-Month Relative Strength New Highs  

$DRAM — Memory
$QTUM — Quantum/AI
$SPMO — S&amp;P 500 Momentum
$BAI — AI &amp; Tech Active
$SMH — Semiconductors Giants
$SOXX — Broad Semiconductors
$XSD — Semiconductors (Equal Weight) https://t.co/fmzV9Dphue https://t.co/XRMxfYoVV1",,,116,15,6,1,110,29411,https://x.com/jfsrev/status/2062393811654115520,0,0,"[{""id"": ""1996636957129281701"", ""type"": ""quoted""}]",2026-09-07 05:59:47
2062361472060244369,153692841,jfsrev,2026-06-04T02:31:06.000Z,"$NASA (Update) - T+3 Day, undercutting 20-MA.

Top 10 Holdings
$ASTS
$RKLB
$PL
$SATS
$FLY
$VNP
$FTC
$OHB
$LUNR https://t.co/ClI1S77Lsd https://t.co/n6em8W7lBL",,,50,2,3,0,17,11343,https://x.com/jfsrev/status/2062361472060244369,0,0,"[{""id"": ""2060361605079011384"", ""type"": ""quoted""}]",2026-09-07 05:59:47
2062344030470766858,153692841,jfsrev,2026-06-04T01:21:48.000Z,"The Substack subscription grants access to Chapter 17, as the material within is sensitive and not meant for broad public circulation. If you’re not pursuing the institutional pathway — such as a full-time trading career or setting up an LLP structure for liability protection and https://t.co/cVeOP37POv",,,61,0,4,0,23,21602,https://x.com/jfsrev/status/2062344030470766858,0,0,"[{""id"": ""2062189044822319146"", ""type"": ""quoted""}]",2026-09-07 05:59:47
2062320889379852657,153692841,jfsrev,2026-06-03T23:49:50.000Z,👍🏻 https://t.co/MPblStxHi3,,,9,0,0,0,1,6595,https://x.com/jfsrev/status/2062320889379852657,0,0,"[{""id"": ""2062228934054539296"", ""type"": ""quoted""}]",2026-09-07 05:59:47
2062201359714398276,153692841,jfsrev,2026-06-03T15:54:52.000Z,"there's positive compounding when it trends eg. $ARM +90% from 19th may vs $ARMG (2x) +220% instead of 180%. you also halve your capital locked in without borrowing cost, unlike margin. https://t.co/YPbjuwBbQc",,,60,2,5,1,16,19065,https://x.com/jfsrev/status/2062201359714398276,0,0,"[{""id"": ""2062200807634989085"", ""type"": ""quoted""}]",2026-09-07 05:59:47
2062190526162698267,153692841,jfsrev,2026-06-03T15:11:49.000Z,"The full list is in two of the topics. I also urge you to understand the pros and cons of it.

https://t.co/SvGb59qZfY https://t.co/RAee8Zn77w https://t.co/9bU38VPNOt",,,41,5,2,1,29,15973,https://x.com/jfsrev/status/2062190526162698267,0,0,"[{""id"": ""2062187427557777844"", ""type"": ""quoted""}]",2026-09-07 05:59:47
2062182710509228452,153692841,jfsrev,2026-06-03T14:40:46.000Z,$GLW via $GLWG (Update) - Following through with another +7% move after high RVOL day entry https://t.co/NBrOsgYQNk https://t.co/TPYHPiHKYH,,,32,1,3,0,5,7111,https://x.com/jfsrev/status/2062182710509228452,0,0,"[{""id"": ""2061992011574739429"", ""type"": ""quoted""}]",2026-09-07 05:59:47
2062166765216674053,153692841,jfsrev,2026-06-03T13:37:24.000Z,"cheers, appreciate this. https://t.co/5ohT0FB2Xq",,,32,0,2,0,5,8258,https://x.com/jfsrev/status/2062166765216674053,0,0,"[{""id"": ""2062165175378018432"", ""type"": ""quoted""}]",2026-09-07 05:59:47
2062166612686598646,153692841,jfsrev,2026-06-03T13:36:48.000Z,"Under the FAQ session, this is extensively covered. I also want to highlight a few pointers discussed in the previous thread that is misunderstood;

1. if underlying asset rises steadily, a 2× or 3× ETF can actually outperform the expected multiple due to positive compounding. https://t.co/MSTIV93XZo https://t.co/i3Y2NdxVoQ",,,77,6,11,1,59,72534,https://x.com/jfsrev/status/2062166612686598646,0,0,"[{""id"": ""2062148946416271497"", ""type"": ""quoted""}]",2026-09-07 05:59:47
2062111572277989685,153692841,jfsrev,2026-06-03T09:58:05.000Z,$ARMG** https://t.co/4pyRhX9PmV,,,16,0,2,0,1,7879,https://x.com/jfsrev/status/2062111572277989685,0,0,"[{""id"": ""2062110659077341650"", ""type"": ""quoted""}]",2026-09-07 05:59:47
2062030307604517029,153692841,jfsrev,2026-06-03T04:35:10.000Z,"$INTC (7.7% ADR) via $INTW (15.6% ADR) at $200 Mil Avg Dollar Vol

This is actually one of the five focus ideas I shared with my group today, but I think it’s helpful to show how ADR%, the 3-stop framework, T+3 partial sale, and tight LoD entries all integrate within my process. https://t.co/WTY2heoStH https://t.co/ljGcgXE9JM",,,131,11,7,0,97,29287,https://x.com/jfsrev/status/2062030307604517029,0,0,"[{""id"": ""2062016384708854129"", ""type"": ""quoted""}]",2026-09-07 05:59:47
2061992011574739429,153692841,jfsrev,2026-06-03T02:03:00.000Z,"$GLW via $GLWG (Update) +26% move out on a ""Satay Stick"" bounce at gap support cushion. $BE via $BEX jumped along.

PS: Satay is a Singapore and Malaysia street dish consisting of small pieces of marinated meat skewered on sticks and grilled over charcoal.

""In trading circles, https://t.co/z1w5moXQaJ",,,80,4,7,1,20,20092,https://x.com/jfsrev/status/2061992011574739429,0,0,,2026-09-07 05:59:47
2061972658909262145,153692841,jfsrev,2026-06-03T00:46:06.000Z,👍🏻 https://t.co/DVRvQMVyTB,,,10,0,0,0,0,6484,https://x.com/jfsrev/status/2061972658909262145,0,0,"[{""id"": ""2061886499553997212"", ""type"": ""quoted""}]",2026-09-07 05:59:47
2061956380173738227,153692841,jfsrev,2026-06-02T23:41:24.000Z,https://t.co/jJKEPugbG4 https://t.co/ijICgx85nA,,,10,0,0,0,9,6949,https://x.com/jfsrev/status/2061956380173738227,0,0,"[{""id"": ""2061811250074669123"", ""type"": ""quoted""}]",2026-09-07 05:59:47
2061873523241734575,153692841,jfsrev,2026-06-02T18:12:10.000Z,https://t.co/SvGb59qZfY https://t.co/nLwddbM0mk https://t.co/fKr7KzPGQy,,,31,0,1,0,15,7563,https://x.com/jfsrev/status/2061873523241734575,0,0,"[{""id"": ""2061866893854581009"", ""type"": ""quoted""}]",2026-09-07 05:59:47
2061839461898735889,153692841,jfsrev,2026-06-02T15:56:49.000Z,💪 https://t.co/29K7b3b90P,,,34,3,0,0,5,10240,https://x.com/jfsrev/status/2061839461898735889,0,0,"[{""id"": ""2061837900006998515"", ""type"": ""quoted""}]",2026-09-07 05:59:47
2061839297087668438,153692841,jfsrev,2026-06-02T15:56:10.000Z,$CCJ Weekly (log) https://t.co/zRI0Xk9tVB https://t.co/r7zrB3Iv2w,,,36,1,1,0,3,7589,https://x.com/jfsrev/status/2061839297087668438,0,0,"[{""id"": ""2061837195435188389"", ""type"": ""quoted""}]",2026-09-07 05:59:47
2061829369916686538,153692841,jfsrev,2026-06-02T15:16:43.000Z,$CCJ (Update) +7.2% on T+3 Day https://t.co/wyZFuw8c6V https://t.co/ENNIP4Ottc,,,50,3,2,0,8,9729,https://x.com/jfsrev/status/2061829369916686538,0,0,"[{""id"": ""2060195236316692522"", ""type"": ""quoted""}]",2026-09-07 05:59:47
2061806904712815058,153692841,jfsrev,2026-06-02T13:47:27.000Z,https://t.co/of83meo1Bb https://t.co/hMA7NrTCVh https://t.co/2dCMSlP6U7,,,28,1,2,0,18,6658,https://x.com/jfsrev/status/2061806904712815058,0,0,"[{""id"": ""2061806347516084460"", ""type"": ""quoted""}]",2026-09-07 05:59:47
2061790141308608827,153692841,jfsrev,2026-06-02T12:40:50.000Z,"$VSCO trades as $VSXY today 

""Shares will begin trading on the New York Stock Exchange under $VSXY on June 2, 2026"" https://t.co/6zvL0HFWdd",,,23,1,1,0,3,7553,https://x.com/jfsrev/status/2061790141308608827,0,0,"[{""id"": ""2021967027410501792"", ""type"": ""quoted""}]",2026-09-07 05:59:47
2061769748279673210,153692841,jfsrev,2026-06-02T11:19:48.000Z,"routine lately 

1. post market screening ✅️ 
2. focus list preparation ✅️ 
3. crashing her pilates class ✅️ 
4. 5km timed run ✅️ 
5. pre market gapper scan (pending) https://t.co/4UasnHjS1F",,,121,2,9,0,19,16057,https://x.com/jfsrev/status/2061769748279673210,0,0,,2026-09-07 05:59:47
2061741583192748280,153692841,jfsrev,2026-06-02T09:27:53.000Z,🍻 https://t.co/zMxXOCoc3M,,,10,0,0,0,2,7752,https://x.com/jfsrev/status/2061741583192748280,0,0,"[{""id"": ""2061740956664447065"", ""type"": ""quoted""}]",2026-09-07 05:59:47
2061675889373675964,153692841,jfsrev,2026-06-02T05:06:50.000Z,"Trade Tight, Think in R, Focus the Process

Repeat https://t.co/YToLcy2C7s",,,201,25,4,0,238,24290,https://x.com/jfsrev/status/2061675889373675964,0,0,"[{""id"": ""1997335043237130288"", ""type"": ""quoted""}]",2026-09-07 05:59:47
2061667312927948807,153692841,jfsrev,2026-06-02T04:32:45.000Z,$TAN Solar is a bearish evening star confirmation https://t.co/HsQTdH0qeA https://t.co/hn1d3nytoS,,,71,3,2,1,23,15290,https://x.com/jfsrev/status/2061667312927948807,0,0,"[{""id"": ""2061665137225076766"", ""type"": ""quoted""}]",2026-09-07 05:59:47
2061623139281641586,153692841,jfsrev,2026-06-02T01:37:14.000Z,$ZM (Update) +9.8% move on Delayed Earnings Reaction Entry with 180% RVOL https://t.co/UxwE1a4X3L,,,66,2,2,0,14,9142,https://x.com/jfsrev/status/2061623139281641586,0,0,,2026-09-07 05:59:47
2061511096272654688,153692841,jfsrev,2026-06-01T18:12:01.000Z,👍🏻 https://t.co/B61vQMpyBx,,,15,0,2,0,2,8603,https://x.com/jfsrev/status/2061511096272654688,0,0,"[{""id"": ""2061477149714882993"", ""type"": ""quoted""}]",2026-09-07 05:59:47
2061467521379959257,153692841,jfsrev,2026-06-01T15:18:51.000Z,"Top 40 YTD Leaders and Their ADR% (20-Day)

$SNDK — Sandisk Corp
$AXTI — AXT Inc
$AAOI — Applied Optoelectronics Inc
$MXL — MaxLinear Inc
$VSH — Vishay Intertechnology Inc
$ARM — Arm Holdings Plc ADR
$IBRX — ImmunityBio Inc
$DELL — Dell Technologies Inc
$MU — Micron Technology https://t.co/vVFv6VLt66 https://t.co/ESPESkWURY",,,147,18,3,3,120,49288,https://x.com/jfsrev/status/2061467521379959257,0,0,"[{""id"": ""2059280644262518797"", ""type"": ""quoted""}]",2026-09-07 05:59:47
2061454104992665965,153692841,jfsrev,2026-06-01T14:25:33.000Z,"$NASA (Update) - Bearish Island Top Bearish Gap Down Follow Through

Top 10 Holdings
$ASTS $RKLB $PL $SATS $FLY $VNP $FTC $OHB $LUNR https://t.co/p4me11bcxP https://t.co/n6em8W7lBL",,,59,5,7,0,6,10791,https://x.com/jfsrev/status/2061454104992665965,0,0,"[{""id"": ""2060361605079011384"", ""type"": ""quoted""}]",2026-09-07 05:59:47
2061450789932171289,153692841,jfsrev,2026-06-01T14:12:22.000Z,"Periods of Strength Can Lead To Complacency and An Underestimation of Risk.

One of the most important skills is to balance the desire to act with the discipline to wait. Picking your spots when the setup, environment, and conditions are all in sync. 

""good times lead to",,,118,14,3,0,47,11862,https://x.com/jfsrev/status/2061450789932171289,0,0,,2026-09-07 05:59:47
2061442498917286371,153692841,jfsrev,2026-06-01T13:39:26.000Z,"$ARMG (Update) +31% at open, +200% from my birthday.

$ARM https://t.co/wIhteUZ9Dc https://t.co/mRpqL8lYh3",,,69,1,5,0,6,9801,https://x.com/jfsrev/status/2061442498917286371,0,0,"[{""id"": ""2056924917581640035"", ""type"": ""quoted""}]",2026-09-07 05:59:47
2061442344491385293,153692841,jfsrev,2026-06-01T13:38:49.000Z,"$ARMG (Update) +31% at open, +200% from my birthday. https://t.co/G5UpbzzAlJ https://t.co/mRpqL8lYh3",,,5,0,1,0,0,1305,https://x.com/jfsrev/status/2061442344491385293,0,0,"[{""id"": ""2056924917581640035"", ""type"": ""quoted""}]",2026-09-07 05:59:47
2060983399108796535,153692841,jfsrev,2026-05-31T07:15:08.000Z,"36 Strongest Industry Groups At 1-Month RS (Sorted)

$ICLN — Clean Energy
$TAN — Solar
$BUZZ — Social Media
$DRAM — Memory
$ARKG — ARK Genomics
$AIQ — AI Software &amp; Data Processing
$XSW — Software (Equal Weight)
$IGV — US Tech / Software
$JETS — Airlines
$BLOK — Blockchain
$ARGT https://t.co/d5Pb265FA8 https://t.co/Q1NYwCS3vW",,,210,25,7,2,204,35058,https://x.com/jfsrev/status/2060983399108796535,0,0,"[{""id"": ""1812759804395528495"", ""type"": ""quoted""}]",2026-09-07 05:59:47
2060626918190518777,153692841,jfsrev,2026-05-30T07:38:36.000Z,Do you use log charts or linear charts?,,,25,1,11,0,8,15616,https://x.com/jfsrev/status/2060626918190518777,0,0,,2026-09-07 05:59:47
2060619377410793494,153692841,jfsrev,2026-05-30T07:08:38.000Z,👏 https://t.co/qt2NUcESdZ,,,22,1,0,0,5,9985,https://x.com/jfsrev/status/2060619377410793494,0,0,"[{""id"": ""2060606477094769147"", ""type"": ""quoted""}]",2026-09-07 05:59:47
2060361605079011384,153692841,jfsrev,2026-05-29T14:04:20.000Z,"$NASA (Update) - Bearish Island Top Reversal Gap Down Confirmation

Top 10 Holdings
$ASTS
$RKLB
$PL
$SATS
$FLY
$VNP
$FTC
$OHB
$LUNR https://t.co/xhG9HuqgQr https://t.co/dZOgTurttc",,,140,13,8,2,57,83599,https://x.com/jfsrev/status/2060361605079011384,0,0,"[{""id"": ""2060203153803632920"", ""type"": ""quoted""}]",2026-09-07 05:59:47
2060286327997006225,153692841,jfsrev,2026-05-29T09:05:13.000Z,"Focus on these 46 leading names trading above $100M dollar volume — there are newer rotational group and may outperform what your current watchlist is surfacing. Run a 'Screen on Watchlist'' across the list for potential entry ideas.

$APP — Advertising Agencies
$FLY — Aerospace https://t.co/uBZuAyuoGs https://t.co/dqX3G256ev",,,397,44,13,1,470,50589,https://x.com/jfsrev/status/2060286327997006225,0,0,"[{""id"": ""1796806706028302775"", ""type"": ""quoted""}]",2026-09-07 05:59:47
2060263841611849964,153692841,jfsrev,2026-05-29T07:35:52.000Z,🍻 https://t.co/PZYw0IWe65,,,38,1,0,0,28,8209,https://x.com/jfsrev/status/2060263841611849964,0,0,"[{""id"": ""2060263348168511541"", ""type"": ""quoted""}]",2026-09-07 05:59:47
2060203153803632920,153692841,jfsrev,2026-05-29T03:34:43.000Z,"$NASA (Update) - The 3 Little Pigs on an island 

""Japanese Candlestick Charting Techniques by Steve Nilson, this is also in CFTe and CMT exam recommended reading list."" - https://t.co/pSelpfBiD8 https://t.co/8Mdea14GNA https://t.co/ywwXGF92Ji",,,32,1,0,1,20,32018,https://x.com/jfsrev/status/2060203153803632920,0,0,"[{""id"": ""2054390383732523270"", ""type"": ""quoted""}]",2026-09-07 05:59:47
2060195236316692522,153692841,jfsrev,2026-05-29T03:03:15.000Z,"$CCJ (Update) — Strong performance often comes from positioning ahead of consensus for higher reward to risk before the crowd jumps on.

$URA has been a group we’ve tracked since 21st May, leading to today’s top-down execution in $CCJ. It may be only T+0 but it’s not about https://t.co/ZUmVHkukL4 https://t.co/b481IcscsJ",,,95,5,3,1,42,32695,https://x.com/jfsrev/status/2060195236316692522,0,0,"[{""id"": ""2059502923374370985"", ""type"": ""quoted""}]",2026-09-07 05:59:47
2060194411364098512,153692841,jfsrev,2026-05-29T02:59:58.000Z,"$CCJ (Update) — Strong performance often comes from positioning ahead of consensus for higher reward to risk before the crowd jumps on.

$URA has been a group we’ve tracked since 21st May, leading to today’s top-down execution in $CCJ. It may be only T+0 but it’s not about https://t.co/E3gAkDH8jD https://t.co/b481IcscsJ",,,4,0,0,0,2,1275,https://x.com/jfsrev/status/2060194411364098512,0,0,"[{""id"": ""2059502923374370985"", ""type"": ""quoted""}]",2026-09-07 05:59:47
2060176068292796444,153692841,jfsrev,2026-05-29T01:47:05.000Z,"Think of RVOL based entry as surfing ocean waves, not drifting through a river stream. This may be helpful for you

https://t.co/SvGb59qZfY https://t.co/20ZeQW94K0 https://t.co/0TguXcWZiu",,,141,7,6,0,147,30902,https://x.com/jfsrev/status/2060176068292796444,0,0,"[{""id"": ""2060169615511028171"", ""type"": ""quoted""}]",2026-09-07 05:59:47
2060175860024701205,153692841,jfsrev,2026-05-29T01:46:15.000Z,"this may be helpful for you

https://t.co/SvGb59qZfY https://t.co/lVdlKwAzyM https://t.co/0TguXcWZiu",,,1,0,0,0,1,838,https://x.com/jfsrev/status/2060175860024701205,0,0,"[{""id"": ""2060169615511028171"", ""type"": ""quoted""}]",2026-09-07 05:59:47
2060160726866796902,153692841,jfsrev,2026-05-29T00:46:07.000Z,I will add $SNOW into this example as well https://t.co/uyKfoQjZPS https://t.co/yjDfJuSkua,,,49,3,1,0,18,9855,https://x.com/jfsrev/status/2060160726866796902,0,0,"[{""id"": ""2057674479715885424"", ""type"": ""quoted""}]",2026-09-07 05:59:47
2060009511625355673,153692841,jfsrev,2026-05-28T14:45:15.000Z,"It’s one of my 15 hard rules I hope everyone adopts  

https://t.co/GxDxIi8Hnn https://t.co/rDX3kXWj9a https://t.co/TIsjHIPL9C",,,73,8,3,0,73,13581,https://x.com/jfsrev/status/2060009511625355673,0,0,"[{""id"": ""2059584041221828781"", ""type"": ""quoted""}]",2026-09-07 05:59:47
2059993886559547410,153692841,jfsrev,2026-05-28T13:43:10.000Z,"$ONDS (Update) Another +16% at open, RVOL 81% https://t.co/y4Q2BkYgDn https://t.co/CaaCeq56sC",,,89,1,8,0,20,14919,https://x.com/jfsrev/status/2059993886559547410,0,0,"[{""id"": ""2059819001400979564"", ""type"": ""quoted""}]",2026-09-07 05:59:56
2059944678318063856,153692841,jfsrev,2026-05-28T10:27:37.000Z,🍻 https://t.co/BxaUv85o5d,,,13,0,0,0,5,7379,https://x.com/jfsrev/status/2059944678318063856,0,0,"[{""id"": ""2059942859646869875"", ""type"": ""quoted""}]",2026-09-07 05:59:56
2059937943591293066,153692841,jfsrev,2026-05-28T10:00:52.000Z,"the whole playbook is actually covered and there's more updates today. u may need more than few weeks to setup your chart template, screener, spreadsheet, process, routine in midst of digesting everything.

https://t.co/OxoxgHQz0d https://t.co/wwXAzcJccv",,,100,5,3,0,70,24944,https://x.com/jfsrev/status/2059937943591293066,0,0,"[{""id"": ""2059935987141062777"", ""type"": ""quoted""}]",2026-09-07 05:59:56
2059835416354984141,153692841,jfsrev,2026-05-28T03:13:27.000Z,"$PLTR (Update) — Weakest Mega, But Potentially the Best Inverse 2x Opportunity at 7% ADR.

Open sharing of thoughts and process on how to stay ahead when conditions start to shift. https://t.co/Ly8apSW9YQ https://t.co/XrQKypBnph",,,56,7,1,0,18,16033,https://x.com/jfsrev/status/2059835416354984141,0,0,"[{""id"": ""2053841333442482271"", ""type"": ""quoted""}]",2026-09-07 05:59:56
2059819001400979564,153692841,jfsrev,2026-05-28T02:08:14.000Z,"$ONDS (Update) +10.5% day on entry (+3R first day)

9% ADR name, 140% RVOL on $700 mil avg dollar vol but first M30 ORH is less than 40% LoD.

All 3 ingredients are what @Qullamaggie preached for 7 years in his stream. Be a sniper to execute at the most optimal entry condition. https://t.co/DJWVqMiDaK https://t.co/5WNs49VHKD",,,213,16,18,2,143,35151,https://x.com/jfsrev/status/2059819001400979564,0,0,"[{""id"": ""2059284517291245878"", ""type"": ""quoted""}]",2026-09-07 05:59:56
2059611001927213230,153692841,jfsrev,2026-05-27T12:21:43.000Z,You need to be highly intentional with how you spend your time and the quality of information that aligns with your style if you want to improve your performance.,,,199,17,7,0,33,12948,https://x.com/jfsrev/status/2059611001927213230,0,0,,2026-09-07 05:59:56
2059590004591206603,153692841,jfsrev,2026-05-27T10:58:17.000Z,https://t.co/OxoxgHQz0d https://t.co/HWaNz3hSEW,,,29,1,1,1,63,15235,https://x.com/jfsrev/status/2059590004591206603,0,0,"[{""id"": ""2059581362621837571"", ""type"": ""quoted""}]",2026-09-07 05:59:56
2059541820175265861,153692841,jfsrev,2026-05-27T07:46:49.000Z,"the RRR relationship with execution tightness is not linear. it has a parabolical effect on R returns. 

https://t.co/fP0resIVFt https://t.co/glYVnj3QPt https://t.co/c9O2fwV6an",,,58,6,2,0,47,10146,https://x.com/jfsrev/status/2059541820175265861,0,0,"[{""id"": ""2059537342306685438"", ""type"": ""quoted""}]",2026-09-07 05:59:56
2059531931164000616,153692841,jfsrev,2026-05-27T07:07:31.000Z,yes https://t.co/It98YWr4pQ,,,35,0,1,0,15,8798,https://x.com/jfsrev/status/2059531931164000616,0,0,"[{""id"": ""2059531495157690742"", ""type"": ""quoted""}]",2026-09-07 05:59:56
2059511152204497407,153692841,jfsrev,2026-05-27T05:44:57.000Z,"you will love this

https://t.co/fk3NSugWuf https://t.co/L1IfAKEfNW",,,15,0,1,0,9,8513,https://x.com/jfsrev/status/2059511152204497407,0,0,"[{""id"": ""2059510518956667347"", ""type"": ""quoted""}]",2026-09-07 05:59:56
2059502923374370985,153692841,jfsrev,2026-05-27T05:12:15.000Z,"just to emphasize the point regarding the new 2 positions from yesterday at this ATR% extended level. in terms of dollar equity deployed, I trimmed and sold more than I bought. 

the market is increasingly being driven by a small group of leaders and the numbers of hitting new https://t.co/cYlMWZXCtW https://t.co/90R3Z8LzZD",,,81,7,2,1,38,44400,https://x.com/jfsrev/status/2059502923374370985,0,0,"[{""id"": ""2059489359385235599"", ""type"": ""quoted""}]",2026-09-07 05:59:56
2059489359385235599,153692841,jfsrev,2026-05-27T04:18:21.000Z,"more than 500% return in this rolling one year can be done if the main principles what i shared in the 17 chapters is understood from top down. my win rate is only 37%-39% (considering there new positions we opened yesterday)

the next level is how u turn eg. 50mil to 100mil. https://t.co/MI5BjL1ZO6",,,200,12,8,1,137,44972,https://x.com/jfsrev/status/2059489359385235599,0,0,"[{""id"": ""2059487032523505793"", ""type"": ""quoted""}]",2026-09-07 05:59:56
2059484141599772708,153692841,jfsrev,2026-05-27T03:57:37.000Z,"the liquid leverage list is there but in the meantime i will update with the latest listing

https://t.co/SvGb59qZfY https://t.co/kXlRAhhA62 https://t.co/3W99nAvBl6",,,24,1,0,0,15,8083,https://x.com/jfsrev/status/2059484141599772708,0,0,"[{""id"": ""2059482356483023271"", ""type"": ""quoted""}]",2026-09-07 05:59:56
2059480584100176367,153692841,jfsrev,2026-05-27T03:43:29.000Z,"you could potentially cross +300% by 2x-ing their ADR% through names like $RKLX $QCML $ARMG $SNXX $AMDL $INTW $NVDL 

Still, this is strong performance nonetheless. Only 16% of USIC entrants are currently reporting profits. https://t.co/RJf1B8jH30",,,120,6,8,0,69,22728,https://x.com/jfsrev/status/2059480584100176367,0,0,"[{""id"": ""2059369446398206190"", ""type"": ""quoted""}]",2026-09-07 05:59:56
2059474309643665454,153692841,jfsrev,2026-05-27T03:18:33.000Z,"here you go

https://t.co/Uv5pqBbQHK https://t.co/z9ELS6wZGe https://t.co/I1FE18VwXR",,,105,10,0,0,115,14347,https://x.com/jfsrev/status/2059474309643665454,0,0,"[{""id"": ""2059294963695800767"", ""type"": ""quoted""}]",2026-09-07 05:59:56
2059473953413079095,153692841,jfsrev,2026-05-27T03:17:08.000Z,"there are sacrifices. the journey requires solitude and minimal distraction. be selective with how you spend your time everyday, down to every single hour. it's not about staring the live market chart, it's the post market process, including cultivating a sustainable lifestyle https://t.co/CnrTaNRabU",,,122,9,2,0,44,14788,https://x.com/jfsrev/status/2059473953413079095,0,0,"[{""id"": ""2059328018590437537"", ""type"": ""quoted""}]",2026-09-07 05:59:56
2059472447930507394,153692841,jfsrev,2026-05-27T03:11:09.000Z,"appreciate this alot, thank you https://t.co/0m6mJLrClg",,,24,0,1,0,1,5659,https://x.com/jfsrev/status/2059472447930507394,0,0,"[{""id"": ""2059312437711577117"", ""type"": ""quoted""}]",2026-09-07 05:59:56
2059449004744905074,153692841,jfsrev,2026-05-27T01:38:00.000Z,"your own trading journal and statistics of those stocks u trade, your execution behavior, your sell strategy and what happens to the stock after you sell, is what your should follow most closely https://t.co/CcO3VVMuIf",,,49,3,1,0,20,8990,https://x.com/jfsrev/status/2059449004744905074,0,0,"[{""id"": ""2059398850725794209"", ""type"": ""quoted""}]",2026-09-07 05:59:56
2059361472795554145,153692841,jfsrev,2026-05-26T19:50:10.000Z,🙏🏻 https://t.co/0m6mJLrClg,,,10,0,0,0,0,5071,https://x.com/jfsrev/status/2059361472795554145,0,0,"[{""id"": ""2059312437711577117"", ""type"": ""quoted""}]",2026-09-07 05:59:56
2059290738987577495,153692841,jfsrev,2026-05-26T15:09:06.000Z,"Fully immerse yourself in understanding why ADR%-based stock selection and LoD &lt; ATR execution matter to your trading account % performance

https://t.co/SvGb59qZfY https://t.co/Tx5u7XxUFx https://t.co/whka0cP02Z",,,276,40,6,1,379,30420,https://x.com/jfsrev/status/2059290738987577495,0,0,"[{""id"": ""2059284517291245878"", ""type"": ""quoted""}]",2026-09-07 05:59:56
2059286299044163603,153692841,jfsrev,2026-05-26T14:51:28.000Z,$DXYZ (Update) - our trading god setup from 21st May https://t.co/7GB4iESfWu https://t.co/6d9V2W4sSP,,,33,2,3,0,13,8446,https://x.com/jfsrev/status/2059286299044163603,0,0,"[{""id"": ""2057343619284275353"", ""type"": ""quoted""}]",2026-09-07 05:59:56
2059280644262518797,153692841,jfsrev,2026-05-26T14:28:59.000Z,This market will make you appreciate high ADR% securities. https://t.co/8iKryFP64O https://t.co/uKr6IRqPie,,,746,49,73,8,392,411686,https://x.com/jfsrev/status/2059280644262518797,0,0,"[{""id"": ""1856232860107350147"", ""type"": ""quoted""}]",2026-09-07 05:59:56
2059265962881499608,153692841,jfsrev,2026-05-26T13:30:39.000Z,$NASA (Update) - The open is literally going to the moon https://t.co/vcwDWqabhY https://t.co/ywwXGF92Ji,,,41,5,0,0,4,8224,https://x.com/jfsrev/status/2059265962881499608,0,0,"[{""id"": ""2054390383732523270"", ""type"": ""quoted""}]",2026-09-07 05:59:56
2059265628436152712,153692841,jfsrev,2026-05-26T13:29:19.000Z,"I have updated the ATR% investigation by @denis__hamel and @StratLaboratory. They are also others from the past that I have already linked up.

https://t.co/SvGb59qZfY https://t.co/dvjB6slCdZ https://t.co/gdVopFjTN6",,,34,3,0,0,27,5897,https://x.com/jfsrev/status/2059265628436152712,0,0,"[{""id"": ""2059092283857977488"", ""type"": ""quoted""}]",2026-09-07 05:59:56
2059261276837322906,153692841,jfsrev,2026-05-26T13:12:02.000Z,appreciate the kind words https://t.co/4yJEY6OExr,,,12,0,0,0,0,5007,https://x.com/jfsrev/status/2059261276837322906,0,0,"[{""id"": ""2059258892740104390"", ""type"": ""quoted""}]",2026-09-07 05:59:56
2059183539732848698,153692841,jfsrev,2026-05-26T08:03:08.000Z,💪🏻 https://t.co/jgFWoucPSL,,,13,0,1,0,0,5810,https://x.com/jfsrev/status/2059183539732848698,0,0,"[{""id"": ""2059180755079860369"", ""type"": ""quoted""}]",2026-09-07 05:59:56
2059099526611554521,153692841,jfsrev,2026-05-26T02:29:18.000Z,"Top 23 companies with short interest of 30% or higher by @finviz_com 

$GRPN $WOLF $FIG $LCID $BTDR $HPK $SOUN $CRML $CLSK $CSIQ $AI $RH $ONDS $EVGO $UPST $ASAN $CRK $SERV $WULF $APLD $SATS $EOSE $QUBT https://t.co/MY19Rf1wLe https://t.co/XZ7r65epXp",,,175,17,12,4,156,40664,https://x.com/jfsrev/status/2059099526611554521,0,0,"[{""id"": ""1944595506853970049"", ""type"": ""quoted""}]",2026-09-07 05:59:56
2059092283857977488,153692841,jfsrev,2026-05-26T02:00:31.000Z,"appreciate the research from @StratLaboratory, extensive and thorough enough to provide strong conviction to the public to deploy and incorporate partial profit taking based on ATR% extension from 50-MA

https://t.co/sCcjIxZpav https://t.co/HzZTnrK5Ar",,,78,8,6,1,85,20788,https://x.com/jfsrev/status/2059092283857977488,0,0,"[{""id"": ""1673515883271159809"", ""type"": ""quoted""}]",2026-09-07 05:59:56
2058926953718280406,153692841,jfsrev,2026-05-25T15:03:33.000Z,$CIBR — Current strongest group Cybersecurity records its second-ever 10x ATR% extension from the 50-MA since $CIBR 2015 inception https://t.co/A8x4IDcwEd,,,72,5,2,1,15,11870,https://x.com/jfsrev/status/2058926953718280406,0,0,,2026-09-07 05:59:56
2058793359297364039,153692841,jfsrev,2026-05-25T06:12:42.000Z,"The content page has now been fully updated with direct links for easier navigation and quick access across the site.

https://t.co/AA29DcF6zs https://t.co/zkrSw5WpgE https://t.co/XRMxfYoVV1",,,188,16,6,1,225,33085,https://x.com/jfsrev/status/2058793359297364039,0,0,"[{""id"": ""1996636957129281701"", ""type"": ""quoted""}]",2026-09-07 05:59:56
2058409567957254477,153692841,jfsrev,2026-05-24T04:47:39.000Z,"""Strong markets forgive mistakes. Weak markets expose them. Right now, even many inexperienced traders are making money.

They buy random stocks.
They chase extended moves.
They ignore risk.
They hold without a plan.

And suddenly everything disappears again. Because there was https://t.co/z7l3VoLy9L https://t.co/AHAmkgpSzM",,,192,24,4,0,103,34890,https://x.com/jfsrev/status/2058409567957254477,0,0,"[{""id"": ""1670213508095692800"", ""type"": ""quoted""}]",2026-09-07 05:59:56
2058164222090150236,153692841,jfsrev,2026-05-23T12:32:44.000Z,appreciate it thank you 🍻 https://t.co/CCiKsI0QI5,,,24,0,0,0,4,8255,https://x.com/jfsrev/status/2058164222090150236,0,0,"[{""id"": ""2058163763917013154"", ""type"": ""quoted""}]",2026-09-07 05:59:56
2058142194033365015,153692841,jfsrev,2026-05-23T11:05:12.000Z,👍🏻 https://t.co/WsgQsGipFF,,,6,0,0,0,2,7990,https://x.com/jfsrev/status/2058142194033365015,0,0,"[{""id"": ""2058138462809702619"", ""type"": ""quoted""}]",2026-09-07 05:59:56
2058021602550554734,153692841,jfsrev,2026-05-23T03:06:00.000Z,🍻 https://t.co/d1U5RYJcim,,,10,0,0,0,0,7513,https://x.com/jfsrev/status/2058021602550554734,0,0,"[{""id"": ""2058020697570484299"", ""type"": ""quoted""}]",2026-09-07 05:59:56
2058007916389765188,153692841,jfsrev,2026-05-23T02:11:37.000Z,"Been busy in Q1 and have been focusing most of my energy on my spam-free gated subscriber community and substack. Many in there may be surprised by how selective, precise, and innovative I am in only creating entries for asymmetrical returns. It’s easy to find good stocks, but https://t.co/O4TGbseehE https://t.co/j1uydIDyuy",,,122,3,3,0,51,34522,https://x.com/jfsrev/status/2058007916389765188,0,0,"[{""id"": ""1979027014721114490"", ""type"": ""quoted""}]",2026-09-07 05:59:56
2058004002667946165,153692841,jfsrev,2026-05-23T01:56:04.000Z,"Study all the years of best and long lasting performers I shared. They have similar traits 

https://t.co/z4jghDHPvp https://t.co/RGHX2OGCkW https://t.co/NGK1944Ql8",,,80,13,1,1,101,23658,https://x.com/jfsrev/status/2058004002667946165,0,0,"[{""id"": ""2057999111807250829"", ""type"": ""quoted""}]",2026-09-07 05:59:56
2057997271598514638,153692841,jfsrev,2026-05-23T01:29:19.000Z,"Focus on these 52 leading names trading above $100M dollar volume — they may outperform what your own watchlist is surfacing. Do a screen on screen for entry idea.

$FLY — Aerospace &amp; Defense
$LUNR — Aerospace &amp; Defense
$PL — Aerospace &amp; Defense
$RKLB — Aerospace &amp; Defense
$CENX https://t.co/FQ4EKOLIIA https://t.co/dqX3G256ev",,,629,98,13,4,1029,146247,https://x.com/jfsrev/status/2057997271598514638,0,0,"[{""id"": ""1796806706028302775"", ""type"": ""quoted""}]",2026-09-07 05:59:56
2057994175766036913,153692841,jfsrev,2026-05-23T01:17:01.000Z,appreciate the free Google Sheet shared for the community https://t.co/LPjZCcROsN,en,2057994175766036913,7,2,1,0,5,1478,https://x.com/jfsrev/status/2057994175766036913,0,0,"[{""id"": ""2057993067299234103"", ""type"": ""quoted""}]",2026-09-07 06:00:08
2057854690688438468,153692841,jfsrev,2026-05-22T16:02:46.000Z,🍻 https://t.co/T55Is2aEBr,art,2057854690688438468,3,0,0,0,0,1438,https://x.com/jfsrev/status/2057854690688438468,0,0,"[{""id"": ""2057854245047820716"", ""type"": ""quoted""}]",2026-09-07 06:00:18
2057831865025970353,153692841,jfsrev,2026-05-22T14:32:03.000Z,"A new one I added

$VCX - Private AI and Tech https://t.co/gTLVrAC3iE",en,2057831865025970353,37,3,1,1,27,12986,https://x.com/jfsrev/status/2057831865025970353,0,0,"[{""id"": ""2057761399229837722"", ""type"": ""quoted""}]",2026-09-07 06:00:18
2057831689536389622,153692841,jfsrev,2026-05-22T14:31:22.000Z,"A new one I added

VCX - Private AI and Tech https://t.co/gTLVrAC3iE",en,2057831689536389622,3,0,0,0,0,842,https://x.com/jfsrev/status/2057831689536389622,0,0,"[{""id"": ""2057761399229837722"", ""type"": ""quoted""}]",2026-09-07 06:00:18
2057820366664618473,153692841,jfsrev,2026-05-22T13:46:22.000Z,$DXYZ (Update) - 10 x ATR% from 50-MA in less than 2 days move from 3.6x. https://t.co/2k34QUZN0p https://t.co/6d9V2W4sSP,en,2057820366664618473,53,5,3,0,10,12234,https://x.com/jfsrev/status/2057820366664618473,0,0,"[{""id"": ""2057343619284275353"", ""type"": ""quoted""}]",2026-09-07 06:00:18
2057761399229837722,153692841,jfsrev,2026-05-22T09:52:03.000Z,"CIBR — Cybersecurity
NASA — Space Economy
UNG — Natural Gas
IGV — US Tech / Software
UFO — Space Industry
XES — Oil &amp; Gas Equipment &amp; Services
SVIX — Short VIX Futures (Volatility)
IHF — Health Care Providers
CLOU — Cloud Infrastructure &amp; SaaS
USO — Crude Oil
DXYZ — Pre-IPO &amp; https://t.co/3x91VKpEua",en,2057761399229837722,143,37,6,7,243,33719,https://x.com/jfsrev/status/2057761399229837722,0,0,"[{""id"": ""2057729949235400853"", ""type"": ""quoted""}]",2026-09-07 06:00:18
2057717582921396456,153692841,jfsrev,2026-05-22T06:57:56.000Z,$ARMG 💪🏻 https://t.co/juTYSp15hg,qme,2057717582921396456,22,3,0,0,2,7436,https://x.com/jfsrev/status/2057717582921396456,0,0,"[{""id"": ""2057712374891827210"", ""type"": ""quoted""}]",2026-09-07 06:00:18
2057710186140487729,153692841,jfsrev,2026-05-22T06:28:33.000Z,🫡 https://t.co/8KRqn22Kth,art,2057710186140487729,12,1,0,0,3,7442,https://x.com/jfsrev/status/2057710186140487729,0,0,"[{""id"": ""2057707678747787520"", ""type"": ""quoted""}]",2026-09-07 06:00:18
2057705960953803059,153692841,jfsrev,2026-05-22T06:11:46.000Z,🍻 https://t.co/rqzL31J2Vp,art,2057705960953803059,13,0,0,0,1,7415,https://x.com/jfsrev/status/2057705960953803059,0,0,"[{""id"": ""2057702573608685780"", ""type"": ""quoted""}]",2026-09-07 06:00:18
2057691748193972248,153692841,jfsrev,2026-05-22T05:15:17.000Z,$QQ - Roundhill Quantum Computing ETF. There's currently $QTUM with Defiance at $65 Million Average Dollar Volume https://t.co/6a32NbiwwP https://t.co/eQDoKPqrsX,en,2057691748193972248,36,4,1,0,12,9551,https://x.com/jfsrev/status/2057691748193972248,0,0,"[{""id"": ""2057567913222054175"", ""type"": ""quoted""}]",2026-09-07 06:00:18
2057678934951805035,153692841,jfsrev,2026-05-22T04:24:22.000Z,it is actually updated daily. I do post the updates under my substack timeline for direct reference https://t.co/iYKR8S5K2y,en,2057678934951805035,19,0,0,0,4,7787,https://x.com/jfsrev/status/2057678934951805035,0,0,"[{""id"": ""2057678619649155099"", ""type"": ""quoted""}]",2026-09-07 06:00:18
2057674479715885424,153692841,jfsrev,2026-05-22T04:06:40.000Z,"Don’t get drawn in by the one or two outliers everyone posts on Twitter/X. What rarely gets shown are the stop losses from chasing majority of other EPs.

I strongly believe every stock has its own historical ATR% extension range, and many tend to peak around the 10x level. https://t.co/obAQX3DoaT https://t.co/pdSnEl9ghw",en,2057674479715885424,202,19,9,4,190,116061,https://x.com/jfsrev/status/2057674479715885424,0,0,"[{""id"": ""2057381227351707802"", ""type"": ""quoted""}]",2026-09-07 06:00:18
2057655021349777802,153692841,jfsrev,2026-05-22T02:49:21.000Z,"''Always seek for reasons to avoid a trade'' — a real-time lesson witnessed in my gated community.

$BORR was a reminder why having a hard rule of avoiding trades within 3 days of earnings matters. No matter how clean the chart looks, you need enough duration cushion against an https://t.co/RB7YCVMUVR",en,2057655021349777802,106,5,4,2,58,18640,https://x.com/jfsrev/status/2057655021349777802,0,0,,2026-09-07 06:00:18
2057643970466095137,153692841,jfsrev,2026-05-22T02:05:26.000Z,"$DXYZ (Update) — A clean and powerful +26% close to day high. Already at 7.6x ATR% from 50-MA in just a single day move but another range expansive move may ignite a parabolic move to ATH for the remaining of the month.

P.S Educational Post: Upgrading Stalk to Focus; What Am I https://t.co/GGUvO0rCju https://t.co/6d9V2W4sSP",en,2057643970466095137,52,8,4,0,15,14114,https://x.com/jfsrev/status/2057643970466095137,0,0,"[{""id"": ""2057343619284275353"", ""type"": ""quoted""}]",2026-09-07 06:00:18
2057492377393299486,153692841,jfsrev,2026-05-21T16:03:03.000Z,"""The big lesson here is stay humble, stay curious and focus on the point and you want to achieve. If you give your best, you give yourself a good chance.""

- Mikel Arteta https://t.co/SxvTXOyo5s",en,2057492377393299486,41,1,1,0,5,9276,https://x.com/jfsrev/status/2057492377393299486,0,0,"[{""id"": ""1958442681249771855"", ""type"": ""quoted""}]",2026-09-07 06:00:18
2057473292077072820,153692841,jfsrev,2026-05-21T14:47:13.000Z,"Your progression has a pathway of first recognizing what a strong stock looks like, to eventually understanding when both the stock and the environment are aligned for asymmetrical reward to be actionable.",en,2057473292077072820,168,20,0,1,43,12172,https://x.com/jfsrev/status/2057473292077072820,0,0,,2026-09-07 06:00:18
2057458607801962752,153692841,jfsrev,2026-05-21T13:48:52.000Z,"$ARMG (Update) — further push with a +21% move at the open.

Taking some size off at 12x ATR% from the 50-MA, $ARM is at 9.5 x ATR% from 50-MA. This could still develop into a range-expansion move with a larger upside day ahead, but at this level of extension, it can also easily https://t.co/7MxmiOK0JG https://t.co/ZVdwGyWDlT",en,2057458607801962752,66,7,2,1,11,15096,https://x.com/jfsrev/status/2057458607801962752,0,0,"[{""id"": ""2057116655646613995"", ""type"": ""quoted""}]",2026-09-07 06:00:18
2057458537610240089,153692841,jfsrev,2026-05-21T13:48:35.000Z,"$ARMG (Update) — further push with a +21% move at the open.

Taking some size off at 12x ATR% from the 50-MA ($ARM is at 9.5 x ATR% from 50-MA). This could still develop into a range-expansion move with a larger upside day ahead, but at this level of extension, it can also easily https://t.co/Uwm8RBHFcx https://t.co/ZVdwGyWDlT",en,2057458537610240089,0,0,0,0,0,495,https://x.com/jfsrev/status/2057458537610240089,0,0,"[{""id"": ""2057116655646613995"", ""type"": ""quoted""}]",2026-09-07 06:00:18
2057457617509974184,153692841,jfsrev,2026-05-21T13:44:56.000Z,"$ARMG (Update) — further push with a +21% move at the open.

Taking some size off at 12x ATR% from the 50-MA. This could still develop into a range-expansion move with a larger upside day ahead, but at this level of extension, it can also easily tilt and deflate.

Scaling partial https://t.co/aymkEpCHA9 https://t.co/ZVdwGyWDlT",en,2057457617509974184,3,0,0,0,0,1599,https://x.com/jfsrev/status/2057457617509974184,0,0,"[{""id"": ""2057116655646613995"", ""type"": ""quoted""}]",2026-09-07 06:00:18
2057374459108167707,153692841,jfsrev,2026-05-21T08:14:29.000Z,https://t.co/z4jghDHPvp https://t.co/TNyayycL37 https://t.co/LwjUCaVDjh,zxx,2057374459108167707,27,4,2,0,28,7656,https://x.com/jfsrev/status/2057374459108167707,0,0,"[{""id"": ""2057369848976658686"", ""type"": ""quoted""}]",2026-09-07 06:00:18
2057343619284275353,153692841,jfsrev,2026-05-21T06:11:57.000Z,$DXYZ (Update) — We should have memory of how @Qullamaggie style second leg setup looks like. $DXYZ is currently extended to only 3.6x ATR% above the 50-MA after it ran to 23x on 11th May. It hasn’t done anything wrong since. Did not violate closed below 10-MA lower low sell rule https://t.co/d9AWCASko8 https://t.co/DUWypSMLD1,en,2057343619284275353,129,7,13,2,71,65711,https://x.com/jfsrev/status/2057343619284275353,0,0,"[{""id"": ""2053830665473561047"", ""type"": ""quoted""}]",2026-09-07 06:00:18
2057293690574717046,153692841,jfsrev,2026-05-21T02:53:33.000Z,"40 high beta leading names trading above $100M dollar volume and all major moving averages, following the institutional money flow.

$RXO — Trucking
$SATS — Telecom Services
$SEDG — Solar
$ENPH — Solar
$TENB — Software Infrastructure
$DOCN — Software Infrastructure
$WOLF — https://t.co/5BaW0zZSIp https://t.co/9xy7m1JY5r",en,2057293690574717046,177,27,3,1,174,31405,https://x.com/jfsrev/status/2057293690574717046,0,0,"[{""id"": ""1855108837273223273"", ""type"": ""quoted""}]",2026-09-07 06:00:18
2057268993749401933,153692841,jfsrev,2026-05-21T01:15:24.000Z,$LYTE Photonics &amp; Optics ETF https://t.co/31T3oqD2ED,en,2057268993749401933,37,3,2,1,21,10604,https://x.com/jfsrev/status/2057268993749401933,0,0,"[{""id"": ""2057193927455772873"", ""type"": ""quoted""}]",2026-09-07 06:00:18
2057137215604744638,153692841,jfsrev,2026-05-20T16:31:46.000Z,$MRAM (Update) - so May 13th was the exact top that I shared below. wanted a few more up days but parabolic screener is doing well even with tight filter of only 2 results in $MRAM and $RVI over the past 7 session https://t.co/Cg3fOyd2HG https://t.co/NI22W44U8c,en,2057137215604744638,34,1,0,0,12,10497,https://x.com/jfsrev/status/2057137215604744638,0,0,"[{""id"": ""2054558893842571510"", ""type"": ""quoted""}]",2026-09-07 06:00:18
2057116655646613995,153692841,jfsrev,2026-05-20T15:10:04.000Z,$ARMG (Update) - Huge +29% move with 117% RVOL in 90mins for a 222B market cap in $ARM https://t.co/zuG3Sx5EP0 https://t.co/mRpqL8lYh3,en,2057116655646613995,62,3,4,1,9,30719,https://x.com/jfsrev/status/2057116655646613995,0,0,"[{""id"": ""2056924917581640035"", ""type"": ""quoted""}]",2026-09-07 06:00:18
2056932733650374914,153692841,jfsrev,2026-05-20T02:59:14.000Z,"Simple @tradingview classic mean reversion screen using bullish candlestick patterns to spot pullback ideas from your watchlist name and help design/structure your trade. 

P.S This is a screen on screen process
https://t.co/3qr2WsmETV https://t.co/It6ZGbhMED https://t.co/qP1eIzbHfU",en,2056932733650374914,265,26,5,3,372,44129,https://x.com/jfsrev/status/2056932733650374914,0,0,"[{""id"": ""1945042238817624213"", ""type"": ""quoted""}]",2026-09-07 06:00:18
2056931989719314462,153692841,jfsrev,2026-05-20T02:56:16.000Z,"Simple @tradingview classic reversal screen using bullish candlestick patterns to spot pullback ideas from your watchlist name and help design/structure your trade. 

P.S This is a screen on screen process
https://t.co/3qr2WsmETV https://t.co/UUC5IrW56b",en,2056931989719314462,1,0,0,1,6,2923,https://x.com/jfsrev/status/2056931989719314462,0,0,"[{""id"": ""1945042238817624213"", ""type"": ""quoted""}]",2026-09-07 06:00:18
2056924917581640035,153692841,jfsrev,2026-05-20T02:28:10.000Z,"$ARM $ARMG (Update) — We’ve been focusing on leadership names that can either move sideways or pull back lightly while allowing the 50-MA to catch up to within 4x ATR% from the 50-MA, and setup for a low risk entry. Those are areas and inflection point that present the biggest https://t.co/ulxyIyvvTB",en,2056924917581640035,128,7,11,3,45,41412,https://x.com/jfsrev/status/2056924917581640035,0,0,,2026-09-07 06:00:18
2056919514630205488,153692841,jfsrev,2026-05-20T02:06:42.000Z,thank you @BrianLeeTrades ! https://t.co/e2vFp6iLCY,en,2056919514630205488,9,0,1,0,0,6510,https://x.com/jfsrev/status/2056919514630205488,0,0,"[{""id"": ""2056917006910414874"", ""type"": ""quoted""}]",2026-09-07 06:00:18
2056919467427615216,153692841,jfsrev,2026-05-20T02:06:31.000Z,thank you sir! https://t.co/8O07hssQOm,en,2056919467427615216,19,0,5,0,1,8530,https://x.com/jfsrev/status/2056919467427615216,0,0,"[{""id"": ""2056915002087583881"", ""type"": ""quoted""}]",2026-09-07 06:00:18
2056919409625808972,153692841,jfsrev,2026-05-20T02:06:17.000Z,thank u brother 🍻 https://t.co/C10MXcolbl,en,2056919409625808972,5,0,1,0,0,6610,https://x.com/jfsrev/status/2056919409625808972,0,0,"[{""id"": ""2056918706932900026"", ""type"": ""quoted""}]",2026-09-07 06:00:18
2056913932036821499,153692841,jfsrev,2026-05-20T01:44:31.000Z,$GPUX compute ETF https://t.co/STwe6yLRgp,fr,2056913932036821499,26,1,1,0,8,9114,https://x.com/jfsrev/status/2056913932036821499,0,0,"[{""id"": ""2056869686554378539"", ""type"": ""quoted""}]",2026-09-07 06:00:18
2056905923021648218,153692841,jfsrev,2026-05-20T01:12:42.000Z,"after 22 years! delightful birthday gift!

#coyg #arsenal https://t.co/mIp3J5AH0P https://t.co/jDsBUxCPI8",en,2056905923021648218,70,0,11,0,1,9776,https://x.com/jfsrev/status/2056905923021648218,0,0,"[{""id"": ""1946509369572757611"", ""type"": ""quoted""}]",2026-09-07 06:00:18
2056655421310660794,153692841,jfsrev,2026-05-19T08:37:17.000Z,https://t.co/z4jghDHPvp https://t.co/vfW2Ixmdge https://t.co/6HW8CduSZm,zxx,2056655421310660794,29,6,1,0,32,8824,https://x.com/jfsrev/status/2056655421310660794,0,0,"[{""id"": ""2056654912583291381"", ""type"": ""quoted""}]",2026-09-07 06:00:18
2056644752511307986,153692841,jfsrev,2026-05-19T07:54:54.000Z,"$NAVN (Update) — Another opportunity developing after a 3-week sideways consolidation, while maintaining RS above the rising 10 and 20-MA https://t.co/71eauXN3ST https://t.co/ZgIrc1aTRI",en,2056644752511307986,142,11,5,1,57,42634,https://x.com/jfsrev/status/2056644752511307986,0,0,"[{""id"": ""2038982479315603890"", ""type"": ""quoted""}]",2026-09-07 06:00:18
2056605638399344660,153692841,jfsrev,2026-05-19T05:19:28.000Z,"14 Strongest Industry Groups At 1-Month RS Based On Latest Close

$UNG — Natural Gas
$IGV — US Tech / Software
$UFO — Space Industry
$XES — Oil &amp; Gas Equipment &amp; Services
$IHF — Health Care Providers
$CLOU — Cloud Infrastructure &amp; SaaS
$USO — Crude Oil
$DXYZ — Pre-IPO &amp; Private https://t.co/AaAuJhQUWJ https://t.co/bpNDSS4l9v",en,2056605638399344660,117,11,6,0,96,26407,https://x.com/jfsrev/status/2056605638399344660,0,0,"[{""id"": ""1806709652975141131"", ""type"": ""quoted""}]",2026-09-07 06:00:18
2056418023037378972,153692841,jfsrev,2026-05-18T16:53:57.000Z,👍🏻 https://t.co/u8i4ErJkUZ,art,2056418023037378972,7,1,0,0,2,6313,https://x.com/jfsrev/status/2056418023037378972,0,0,"[{""id"": ""2056392101546639775"", ""type"": ""quoted""}]",2026-09-07 06:00:18
2055980049988513844,153692841,jfsrev,2026-05-17T11:53:36.000Z,thank you 🍻 https://t.co/8tFNovyhD0,en,2055980049988513844,16,3,0,0,10,8018,https://x.com/jfsrev/status/2055980049988513844,0,0,"[{""id"": ""2055976209406923105"", ""type"": ""quoted""}]",2026-09-07 06:00:18
2055912716473335931,153692841,jfsrev,2026-05-17T07:26:03.000Z,💯 https://t.co/Zz4T518uWm,art,2055912716473335931,21,2,0,0,14,10237,https://x.com/jfsrev/status/2055912716473335931,0,0,"[{""id"": ""2055909593780257000"", ""type"": ""quoted""}]",2026-09-07 06:00:18
2055888629311119384,153692841,jfsrev,2026-05-17T05:50:20.000Z,"Strongest mover screener for each time period 

https://t.co/gYWzNtwd5T https://t.co/FvGv9jmdJV https://t.co/hFOLScJ3mP",en,2055888629311119384,572,92,6,1,1078,97647,https://x.com/jfsrev/status/2055888629311119384,0,0,"[{""id"": ""2055624803134902711"", ""type"": ""quoted""}]",2026-09-07 06:00:18
2055672292685029828,153692841,jfsrev,2026-05-16T15:30:41.000Z,"Keep building and challenge your limits

Your wealth will follow suit 💪🏻 https://t.co/t83UPD8nuK https://t.co/P7ITUws0fF",en,2055672292685029828,122,8,6,0,14,25414,https://x.com/jfsrev/status/2055672292685029828,0,0,"[{""id"": ""1971175600212803648"", ""type"": ""quoted""}]",2026-09-07 06:00:18
2055550779898097839,153692841,jfsrev,2026-05-16T07:27:50.000Z,🙏🏻 https://t.co/FOwzqQFAB6,art,2055550779898097839,8,0,0,0,0,7024,https://x.com/jfsrev/status/2055550779898097839,0,0,"[{""id"": ""2055543688055644449"", ""type"": ""quoted""}]",2026-09-07 06:00:18
2055445285728636984,153692841,jfsrev,2026-05-16T00:28:39.000Z,"47 leading names trading above $100M dollar volume and all major moving averages, all closing positive intraday today.

$RDW — Aerospace &amp; Defense
$SATL — Aerospace &amp; Defense
$FIGR — Capital Markets
$NOK — Communication Equipment
$DELL — Computer Hardware
$P — Computer Hardware https://t.co/kXhKbXFYVW https://t.co/dqX3G256ev",en,2055445285728636984,380,51,4,2,472,72694,https://x.com/jfsrev/status/2055445285728636984,0,0,"[{""id"": ""1796806706028302775"", ""type"": ""quoted""}]",2026-09-07 06:00:18
2055293313683697797,153692841,jfsrev,2026-05-15T14:24:46.000Z,$DRAM — strong demand showing up on the rising 10-MA bounce https://t.co/HQMQBTBgUw https://t.co/OvAF6Y9JWT,en,2055293313683697797,51,3,3,0,9,11388,https://x.com/jfsrev/status/2055293313683697797,0,0,"[{""id"": ""2055276756932694361"", ""type"": ""quoted""}]",2026-09-07 06:00:18
2055232269372273146,153692841,jfsrev,2026-05-15T10:22:12.000Z,"Nasdaq Futures -1.4% 

What are you planning for last day of the week?",en,2055232269372273146,22,1,8,1,3,12726,https://x.com/jfsrev/status/2055232269372273146,0,0,,2026-09-07 06:00:18
2055190682072227920,153692841,jfsrev,2026-05-15T07:36:56.000Z,thank you sir @swing_ka_sultan https://t.co/b1FglFwaUD,en,2055190682072227920,29,0,1,0,7,13581,https://x.com/jfsrev/status/2055190682072227920,0,0,"[{""id"": ""2055103205961544003"", ""type"": ""quoted""}]",2026-09-07 06:00:18
2055112188529111065,153692841,jfsrev,2026-05-15T02:25:02.000Z,"The biggest winners I have in relative to size are early positions build in March from this space and $DBA before everyone jump on April rally in market. I am positioned purely on principle of Relative Strength from industry group first, a top-down approach.

There’s been https://t.co/d7nuZyxyLE https://t.co/utypfM0vnU",en,2055112188529111065,54,2,1,0,32,16547,https://x.com/jfsrev/status/2055112188529111065,0,0,"[{""id"": ""2055106133891690847"", ""type"": ""quoted""}]",2026-09-07 06:00:18
2055100496474726460,153692841,jfsrev,2026-05-15T01:38:34.000Z,"$BTCUSD (Update) — Added more exposure today via $BITX, on top of existing $FBTC and $MSTX positions highlighted in portfolio update

https://t.co/YLfFzoNxrr https://t.co/Xk1CkLbEx0 https://t.co/Z60TAxqZ7H",en,2055100496474726460,56,4,2,0,8,14078,https://x.com/jfsrev/status/2055100496474726460,0,0,"[{""id"": ""2053706470936764783"", ""type"": ""quoted""}]",2026-09-07 06:00:18
2054916541398008317,153692841,jfsrev,2026-05-14T13:27:36.000Z,$RVI also came up today in the parabolic screener https://t.co/rpEDYkbthf https://t.co/J2JHTP1iMf,en,2054916541398008317,32,2,1,0,7,9736,https://x.com/jfsrev/status/2054916541398008317,0,0,"[{""id"": ""2054030891526365373"", ""type"": ""quoted""}]",2026-09-07 06:00:18
2054888222728339656,153692841,jfsrev,2026-05-14T11:35:04.000Z,"Improving your performance often has nothing to do with finding the magic screener or indicator, but everything to do with mastering the space between your ears. I have some personal belief for structural non-negotiables for trading longevity and i am still trying to refine and https://t.co/z4jaJMdgdr",en,2054888222728339656,202,43,7,2,203,34079,https://x.com/jfsrev/status/2054888222728339656,0,0,"[{""id"": ""2054566153394311469"", ""type"": ""quoted""}]",2026-09-07 06:00:18
2054875032099394006,153692841,jfsrev,2026-05-14T10:42:40.000Z,"Improving your performance often has nothing to do with finding the magic screener or indicator, but everything to do with mastering the space between your ears. I have some personal belief for structural non-negotiables for trading longevity and i am still trying to refine and https://t.co/z4jaJMdgdr",en,2054875032099394006,54,10,1,0,44,7747,https://x.com/jfsrev/status/2054875032099394006,0,0,"[{""id"": ""2054566153394311469"", ""type"": ""quoted""}]",2026-09-07 06:00:18
2054776442115051900,153692841,jfsrev,2026-05-14T04:10:54.000Z,$DBA (Update) - It is still working after another 2 weeks https://t.co/79E2TKPBy6 https://t.co/Du5zMdDuMz,en,2054776442115051900,40,1,2,0,2,11818,https://x.com/jfsrev/status/2054776442115051900,0,0,"[{""id"": ""2050110079433892046"", ""type"": ""quoted""}]",2026-09-07 06:00:18
2054755025570910449,153692841,jfsrev,2026-05-14T02:45:48.000Z,"30 Leading Names Trading Above $1B Dollar Volume Liqudity, and All Major Moving Averages.

$PANW — Software Infrastructure
$NBIS — Software Infrastructure
$AKAM — Software Infrastructure
$WOLF — Semiconductors
$TSEM — Semiconductors
$QCOM — Semiconductors
$ON — Semiconductors
$MU https://t.co/XyTYkBZVT0 https://t.co/zPJAnJ0WW0",ca,2054755025570910449,188,25,5,1,181,30667,https://x.com/jfsrev/status/2054755025570910449,0,0,"[{""id"": ""1789602959782977668"", ""type"": ""quoted""}]",2026-09-07 06:00:18
2054748538488410374,153692841,jfsrev,2026-05-14T02:20:01.000Z,"$OUST (Update) - Strong PEG move +26% on 540% relative volume. Out of multi month base to 6 months high now. 

Still only T+0. Will only be a great trade if it don't look back from here. https://t.co/3IDoHsIXuv",en,2054748538488410374,76,4,6,0,24,11131,https://x.com/jfsrev/status/2054748538488410374,0,0,,2026-09-07 06:00:18
2054575540796059821,153692841,jfsrev,2026-05-13T14:52:35.000Z,😅 https://t.co/NcsdchIrGW https://t.co/EUwkwnY0go,qme,2054575540796059821,18,1,2,0,2,6913,https://x.com/jfsrev/status/2054575540796059821,0,0,"[{""id"": ""2054573487214542911"", ""type"": ""quoted""}]",2026-09-07 06:00:18
2054571804912730376,153692841,jfsrev,2026-05-13T14:37:45.000Z,"The most dangerous stock in the world is a tech stock that looks optically cheap

-@hkuppy",en,2054571804912730376,35,0,1,0,1,5457,https://x.com/jfsrev/status/2054571804912730376,0,0,,2026-09-07 06:00:18
2054569215496175829,153692841,jfsrev,2026-05-13T14:27:27.000Z,https://t.co/UF7AwQPXnG https://t.co/29oHBNUENP,zxx,2054569215496175829,7,0,2,0,13,5943,https://x.com/jfsrev/status/2054569215496175829,0,0,"[{""id"": ""2054569018745393368"", ""type"": ""quoted""}]",2026-09-07 06:00:18
2054566153394311469,153692841,jfsrev,2026-05-13T14:15:17.000Z,"Was digging up an old response as a reference for my subs, and 3 years later, not much has changed in my screening process. 'Screen on screen' result I introduced last year in my substack is for purpose of quality enhancement to filter down to the best, and most ready names for https://t.co/xAoY6IJFO0",en,2054566153394311469,78,5,2,2,67,50906,https://x.com/jfsrev/status/2054566153394311469,0,0,"[{""id"": ""1658343561212067840"", ""type"": ""quoted""}]",2026-09-07 06:00:18
2054558893842571510,153692841,jfsrev,2026-05-13T13:46:26.000Z,"$MRAM (Update) — not for me today.

Opening with a red print, but this setup will be far more attractive if the opportunity comes closer to the $80 region. Still not enough attention on this yet for multiple intraday halts to develop. If it goes down from here, so be it. Plenty https://t.co/tB9YZciaaN https://t.co/J2JHTP1iMf",en,2054558893842571510,42,3,1,1,8,21975,https://x.com/jfsrev/status/2054558893842571510,0,0,"[{""id"": ""2054030891526365373"", ""type"": ""quoted""}]",2026-09-07 06:00:18
2054529014258364492,153692841,jfsrev,2026-05-13T11:47:42.000Z,https://t.co/z4jghDHPvp https://t.co/KnZ0Gm6E1T https://t.co/QDIf8ApLtQ,zxx,2054529014258364492,27,1,0,0,31,8164,https://x.com/jfsrev/status/2054529014258364492,0,0,"[{""id"": ""2054502460534734963"", ""type"": ""quoted""}]",2026-09-07 06:00:18
2054434089093181614,153692841,jfsrev,2026-05-13T05:30:31.000Z,"25 Strongest Industry Groups At 1-Month RS 100%

$DXYZ — Pre-IPO &amp; Private Unicorn Equity
$AIQ — AI Software &amp; Data Processing
$EWY — South Korea Equities
$QTUM — Quantum / AI
$DRIV — EV &amp; Autonomous Vehicles
$BUZZ — Social Media
$SOXX — Broad Semiconductor
$ROBO — Robotics &amp; https://t.co/1AzLLghant https://t.co/RmU5dbyLSM",en,2054434089093181614,124,24,3,0,115,21602,https://x.com/jfsrev/status/2054434089093181614,0,0,"[{""id"": ""1726430162609451255"", ""type"": ""quoted""}]",2026-09-07 06:00:18
2054397598140960855,153692841,jfsrev,2026-05-13T03:05:30.000Z,"$KC rallied +180% off a MA consolidation following its prior downtrend. A shift of momentum is usually more violent in price surge. The kind of directional volatility eruption we all dream to swing trade on. 

$GLD or $XAUUSD is already an uptrend on a trend resumption base. Also https://t.co/S0vJwCldd5 https://t.co/WOxrBHEPxb",en,2054397598140960855,40,5,1,0,20,12203,https://x.com/jfsrev/status/2054397598140960855,0,0,"[{""id"": ""2054395404331139112"", ""type"": ""quoted""}]",2026-09-07 06:00:18
2054390383732523270,153692841,jfsrev,2026-05-13T02:36:50.000Z,"$NASA (ADR 4.3%) – A New Space Economy ETF that complements $UFO (ADR 3.4%) into your list, with solid liquidity supported by roughly $50 million in dollar volume.

Top 10 Holdings
$ASTS $RKLB $PL $SATS $FLY $VNP $FTC $OHB $LUNR https://t.co/6flhbQcRtB https://t.co/m0w3IXCJem",en,2054390383732523270,53,6,3,1,28,33391,https://x.com/jfsrev/status/2054390383732523270,0,0,"[{""id"": ""1725073467761180884"", ""type"": ""quoted""}]",2026-09-07 06:00:18
2054385160016314489,153692841,jfsrev,2026-05-13T02:16:05.000Z,"$QUBT (Update) – Avoided a losing idea by respecting ATR-based LoD distance, despite 900% RVOL.

The importance of not chasing entries extended beyond the security’s ATR-based volatility range remains critical. If your entries are precise and efficient — keeping risk contained https://t.co/TYxlSQ6JS6",en,2054385160016314489,87,5,2,0,63,12428,https://x.com/jfsrev/status/2054385160016314489,0,0,,2026-09-07 06:00:18
2054201586881368476,153692841,jfsrev,2026-05-12T14:06:38.000Z,You may make better decision by stepping away from the screen and your P&amp;L today,en,2054201586881368476,90,8,6,0,5,7012,https://x.com/jfsrev/status/2054201586881368476,0,0,,2026-09-07 06:00:18
2054200438380241119,153692841,jfsrev,2026-05-12T14:02:04.000Z,You may make a better decision by stepping away from the screen and your P&amp;L today,en,2054200438380241119,9,0,1,1,0,1978,https://x.com/jfsrev/status/2054200438380241119,0,0,,2026-09-07 06:00:18
2054071057137688654,153692841,jfsrev,2026-05-12T05:27:57.000Z,https://t.co/GDR5R0a2AX https://t.co/EjdG8c0UDN,zxx,2054071057137688654,13,0,1,0,1,7944,https://x.com/jfsrev/status/2054071057137688654,0,0,"[{""id"": ""2054067497306067204"", ""type"": ""quoted""}]",2026-09-07 06:00:18
2054067207597174862,153692841,jfsrev,2026-05-12T05:12:39.000Z,$COHR (Update) - Symmetrical Triangle Breakout on +13.6% Move https://t.co/C3dne0leYT,,,41,2,2,0,2,6245,https://x.com/jfsrev/status/2054067207597174862,0,0,,2026-09-07 06:00:26
2054065011295993958,153692841,jfsrev,2026-05-12T05:03:56.000Z,"$B (Update) - Post-Earnings Breakout from Down Trend line; Revised Financials and Projections.

$SLV $COPX $PLTM also under the radar https://t.co/d4kIbI6baQ",,,28,2,3,0,12,5644,https://x.com/jfsrev/status/2054065011295993958,0,0,,2026-09-07 06:00:26
2054053436849873171,153692841,jfsrev,2026-05-12T04:17:56.000Z,"$XLK - Only one sector has been single-handedly leading this rally. The remaining 10 sectors are all 0% at 1-Month RS%. 

The following 19 groups are the current leading industry groups at 100% 1-Month RS% with $XLK sector;

$DXYZ – Pre-IPO &amp; Private Unicorn Equity
$BOTZ – AI &amp; https://t.co/fWYjaCy8yX https://t.co/y1x7RDX7bJ",,,90,12,2,0,70,21520,https://x.com/jfsrev/status/2054053436849873171,0,0,"[{""id"": ""1659673821253865472"", ""type"": ""quoted""}]",2026-09-07 06:00:26
2054052880152428942,153692841,jfsrev,2026-05-12T04:15:43.000Z,"$XLK - Only one sector has been single-handedly leading this rally. The remaining 10 sectors are all 0% at 1-Month RS%. 

The following 19 groups are the current leading industry groups at 100% 1-Month RS% with $XLK sector;

$DXYZ – Pre-IPO &amp; Private Unicorn Equity
$BOTZ – AI &amp; https://t.co/XJuVgjMDmM https://t.co/y1x7RDX7bJ",,,1,0,2,0,0,969,https://x.com/jfsrev/status/2054052880152428942,0,0,"[{""id"": ""1659673821253865472"", ""type"": ""quoted""}]",2026-09-07 06:00:26
2054049723473182919,153692841,jfsrev,2026-05-12T04:03:11.000Z,$EWY (Update) – Another 8-session rally reaching 10× ATR% extension from the 50-MA https://t.co/QDXofFmVno,,,32,1,2,0,5,5216,https://x.com/jfsrev/status/2054049723473182919,0,0,,2026-09-07 06:00:26
2054040526048076276,153692841,jfsrev,2026-05-12T03:26:38.000Z,"$LITX (Update) +33% Day 
$LITE +16.5% https://t.co/Ng9o6MzRUw",,,44,2,5,0,4,7339,https://x.com/jfsrev/status/2054040526048076276,0,0,,2026-09-07 06:00:26
2054030891526365373,153692841,jfsrev,2026-05-12T02:48:21.000Z,"$MRAM – A New Stock Emerging From Parabolic Short Screener To Watchlist after $CAR 

P.S Chapter 3.1.8. A Free Simple Parabolic Short Screener 
https://t.co/Dz0XjLPRxx https://t.co/3ty0JEDN38 https://t.co/WT5h79rDwV",,,68,3,1,1,45,38098,https://x.com/jfsrev/status/2054030891526365373,0,0,"[{""id"": ""2049494275994632389"", ""type"": ""quoted""}]",2026-09-07 06:00:26
2054024513105662087,153692841,jfsrev,2026-05-12T02:23:00.000Z,"$DXYZ (Update) +30.5% Day, price range expansion remains aggressive with 550% RVOL day and it may not even reached the climatic top yet. Daily rate of change in price action is still increasing. https://t.co/aCXhctQzHw https://t.co/DUWypSMLD1",,,30,2,3,0,8,8205,https://x.com/jfsrev/status/2054024513105662087,0,0,"[{""id"": ""2053830665473561047"", ""type"": ""quoted""}]",2026-09-07 06:00:26
2053841333442482271,153692841,jfsrev,2026-05-11T14:15:07.000Z,"$PLTR - Can't Escape 7-Month Downtrend Channel In Market Rally

In a euphoric market environment like this, $PLTR displaying this type of trend behavior is a weak sign and could deteriorate further if the broader market begins correcting. 

Take a look at the inverse $PLTD basing https://t.co/SvbIThYh0c",,,70,3,14,1,15,30927,https://x.com/jfsrev/status/2053841333442482271,0,0,,2026-09-07 06:00:26
2053834522442281180,153692841,jfsrev,2026-05-11T13:48:03.000Z,"$PLTR - Can't Escape 7-Month Downtrend Channel In Market Rally

In a euphoric market environment like this, $PLTR displaying this type of trend behavior is a weak sign and could deteriorate further if the broader market begins correcting. 

Take a look at the inverse $PLTD basing https://t.co/MXJOHfOUmS",,,9,0,6,0,0,2962,https://x.com/jfsrev/status/2053834522442281180,0,0,,2026-09-07 06:00:26
2053830665473561047,153692841,jfsrev,2026-05-11T13:32:43.000Z,"$DXYZ – Pre-market +13%, extending its gain to +102% since April 29.

Some of the smoothest price action often comes from ideas that remain uncrowded and largely unspoken. https://t.co/feLZuZslPy",,,46,3,8,1,12,42964,https://x.com/jfsrev/status/2053830665473561047,0,0,,2026-09-07 06:00:26
2053706470936764783,153692841,jfsrev,2026-05-11T05:19:13.000Z,"$BTCUSD (Update) – 200-MA Rejection Pauses Momentum, Trend Structure Still Intact

Although spot $BTCUSD is pulling back following the weekend surge, price is still holding above a rising 10-MA and a 5-week uptrend line. I remain positioned with exposure through $FBTC and $MSTX. https://t.co/XAphQZYpXu https://t.co/tdYN8ueFzG",,,69,4,3,1,18,34546,https://x.com/jfsrev/status/2053706470936764783,0,0,"[{""id"": ""2051138343724077304"", ""type"": ""quoted""}]",2026-09-07 06:00:26
2052940128839246156,153692841,jfsrev,2026-05-09T02:34:03.000Z,"High-Momentum Leaders: 45 Stocks Showing Expanding 1-Month Relative Strength (&gt;5% ADR)

$FLY – Aerospace &amp; Defense
$LUNR – Aerospace &amp; Defense
$PL – Aerospace &amp; Defense
$RDW – Aerospace &amp; Defense
$RKLB – Aerospace &amp; Defense
$AUR – Auto Parts / Autonomous Tech
$CRCL – Capital https://t.co/dkOn6P74vf https://t.co/Z5ThHHnutq",,,479,75,9,6,604,94841,https://x.com/jfsrev/status/2052940128839246156,0,0,"[{""id"": ""1997975342699696445"", ""type"": ""quoted""}]",2026-09-07 06:00:26
2052667169499132264,153692841,jfsrev,2026-05-08T08:29:24.000Z,💯 https://t.co/7PTkkZRXrV,,,17,0,3,0,12,8560,https://x.com/jfsrev/status/2052667169499132264,0,0,"[{""id"": ""2052666058679451710"", ""type"": ""quoted""}]",2026-09-07 06:00:26
2052586947814789322,153692841,jfsrev,2026-05-08T03:10:38.000Z,$QQQ – Recent 3-year history of 8× ATR% extensions from 50-MA accompanied by lowering net new high/low breadth https://t.co/ApOdofsFo2 https://t.co/C0SlBldMLt,,,105,9,7,1,31,30201,https://x.com/jfsrev/status/2052586947814789322,0,0,"[{""id"": ""2052385482924015650"", ""type"": ""quoted""}]",2026-09-07 06:00:26
2052584673386406184,153692841,jfsrev,2026-05-08T03:01:35.000Z,$QQQ – Recent 3-year history of 8× ATR% extensions accompanied by lowering net new high/low breadth https://t.co/B8c6m8qZvJ https://t.co/C0SlBldMLt,,,5,0,1,0,1,2024,https://x.com/jfsrev/status/2052584673386406184,0,0,"[{""id"": ""2052385482924015650"", ""type"": ""quoted""}]",2026-09-07 06:00:26
2052389509149471005,153692841,jfsrev,2026-05-07T14:06:05.000Z,"Portoflio Update - Best month of 2026 but this intraday drag is probably what most will experience today. Some ideas have clinched 10 x ATR% from 50-MA to trim and trail. As much as I wish, I don't think it's sustainable for Market to continue a straight up rally without a week https://t.co/RSasVLvTMR https://t.co/C0SlBldeVV",,,131,7,9,0,54,23019,https://x.com/jfsrev/status/2052389509149471005,0,0,"[{""id"": ""2052385482924015650"", ""type"": ""quoted""}]",2026-09-07 06:00:26
2052385482924015650,153692841,jfsrev,2026-05-07T13:50:05.000Z,"$XLK has just recorded its first-ever 10× ATR% extension from the 50-MA since its 1998 inception at the open.

This rally since April has been exceptionally persistent, with only two negative day sessions on April 23 and April 28. We are now heading for the 6th consecutive week https://t.co/VRuwmGcZq2 https://t.co/0LdqCvD8an",,,74,7,8,1,20,72136,https://x.com/jfsrev/status/2052385482924015650,0,0,"[{""id"": ""1671541248044457986"", ""type"": ""quoted""}]",2026-09-07 06:00:26
2052381145254461739,153692841,jfsrev,2026-05-07T13:32:51.000Z,$BETR (Update) - Earnings Gap Down https://t.co/zBu9mqsFs8 https://t.co/fonwmIoXTQ,,,13,1,6,0,2,6521,https://x.com/jfsrev/status/2052381145254461739,0,0,"[{""id"": ""2051658750113787932"", ""type"": ""quoted""}]",2026-09-07 06:00:26
2052380310118240502,153692841,jfsrev,2026-05-07T13:29:31.000Z,"6 Top Pre-Market Movers (&gt;3%, traded &gt;1 Mil Shares BMO) with Market Cap Above 1B

$FLNC $DDOG $HIMX $PTON $U $BTG https://t.co/yC2KnkuhFp https://t.co/w4NAxAZoSB",,,56,7,4,0,17,9715,https://x.com/jfsrev/status/2052380310118240502,0,0,"[{""id"": ""1810643020599185525"", ""type"": ""quoted""}]",2026-09-07 06:00:26
2052334530267361303,153692841,jfsrev,2026-05-07T10:27:37.000Z,"$OKLO 79.62 USD +11.24 (+16.44%)

the only compelling setup with aligned entry timing at both the industry group and individual stock level is $OKLO. Most of the others are already lagging their respective groups from a price action perspective, even $WGMI and $BTCUSD. This is https://t.co/r59ZiUDoao",,,69,5,7,0,14,8939,https://x.com/jfsrev/status/2052334530267361303,0,0,,2026-09-07 06:00:26
2052087757561041102,153692841,jfsrev,2026-05-06T18:07:02.000Z,🍻 https://t.co/GQ7vcOSl8L,,,6,0,1,0,0,1552,https://x.com/jfsrev/status/2052087757561041102,0,0,"[{""id"": ""2052021366954574064"", ""type"": ""quoted""}]",2026-09-07 06:00:26
2052016206706823496,153692841,jfsrev,2026-05-06T13:22:42.000Z,"18 Top Pre-Market Movers (&gt;3%, traded &gt;1 Mil Shares BMO) with Market Cap Above 1B

$COMP $HUT $GLW $AMD $SMCI $POET $AG $UBER $STLA $CCL $WULF $KEEL $JBLU $AAL $MARA $MU $NCLH $IREN https://t.co/xP1PBiu0Cj https://t.co/w4NAxAZoSB",,,44,5,2,0,14,8736,https://x.com/jfsrev/status/2052016206706823496,0,0,"[{""id"": ""1810643020599185525"", ""type"": ""quoted""}]",2026-09-07 06:00:26
2051865763582292065,153692841,jfsrev,2026-05-06T03:24:54.000Z,"54 Leading Names Trading Above 100M+ Avg Dollar Volume, and All Major Moving Averages.

$ARM – Semiconductors
$MU – Semiconductors
$TSEM – Semiconductors
$ALAB – Semiconductors
$CRDO – Semiconductors
$INTC – Semiconductors
$QCOM – Semiconductors
$NVTS – Semiconductors
$MXL – https://t.co/zAQf6y6h14 https://t.co/zPJAnJ0WW0",,,392,90,10,4,454,82748,https://x.com/jfsrev/status/2051865763582292065,0,0,"[{""id"": ""1789602959782977668"", ""type"": ""quoted""}]",2026-09-07 06:00:26
2051836772926275989,153692841,jfsrev,2026-05-06T01:29:42.000Z,🍻 https://t.co/6yDGinERJ7,,,7,0,2,0,0,7657,https://x.com/jfsrev/status/2051836772926275989,0,0,"[{""id"": ""2051821711323017679"", ""type"": ""quoted""}]",2026-09-07 06:00:26
2051742598050750695,153692841,jfsrev,2026-05-05T19:15:29.000Z,"Your goals don't need to be bigger.

Your daily defaults do. https://t.co/rnqdChOrJv https://t.co/okYQCRyrXB",,,118,11,3,0,21,12851,https://x.com/jfsrev/status/2051742598050750695,0,0,"[{""id"": ""1499677167193837568"", ""type"": ""quoted""}]",2026-09-07 06:00:26
2051672359392911805,153692841,jfsrev,2026-05-05T14:36:23.000Z,Always trim and take some partial profits into strength https://t.co/OOeUICYUt7 https://t.co/3viLaUUtas,,,83,6,7,0,23,14149,https://x.com/jfsrev/status/2051672359392911805,0,0,"[{""id"": ""2051671323668275271"", ""type"": ""quoted""}]",2026-09-07 06:00:26
2051661781899375002,153692841,jfsrev,2026-05-05T13:54:21.000Z,"$TSLA (Update) - Have Traded Above $380, Approaching 200-MA

The ideal scenario remains for $TSLA to pullback from 200-MA and consolidate for another wave of higher low in the uptrend line. It is still relatively weaker to market on RS, the only way to play this is only when it https://t.co/ogvD0JqHNA https://t.co/1tVmTJk9Re",,,41,3,8,1,11,21353,https://x.com/jfsrev/status/2051661781899375002,0,0,"[{""id"": ""2044948864424407071"", ""type"": ""quoted""}]",2026-09-07 06:00:26
2051650613763817573,153692841,jfsrev,2026-05-05T13:09:58.000Z,"$BETR (RS 98) — 5-month base, sitting just 1.6 ATR% off the 50-MA

A 10% ADR name that will appear on strongest 9-month mover with close above all key MA. @Qullamaggie previously highlighted this name in 2025 October when it flag with a 20 session sideway action. $BETR currently https://t.co/qQYuEKQnXO https://t.co/67cf8UeHqZ",,,69,5,5,0,41,14552,https://x.com/jfsrev/status/2051650613763817573,0,0,"[{""id"": ""1978834436473942134"", ""type"": ""quoted""}]",2026-09-07 06:00:26
2051617407756853659,153692841,jfsrev,2026-05-05T10:58:01.000Z,"Trading can be unforgiving, missing just one day in the market or passing on a single setup can cost you the outlier trade that drives a year’s worth of returns.

If you missed entering $SMCI on 2024 January 19, you need to find out exactly why and fix the process gap so it https://t.co/DFVXHcPXtm https://t.co/K5ob4IWWT4",,,121,7,6,1,70,24001,https://x.com/jfsrev/status/2051617407756853659,0,0,"[{""id"": ""1748314687044043226"", ""type"": ""quoted""}]",2026-09-07 06:00:26
2051385173443535357,153692841,jfsrev,2026-05-04T19:35:12.000Z,"""When traders enjoy an extended winning streak they experience a high that is powerfully narcotic. This feeling, as overwhelming as passionate desire or wall-banging anger, is very difficult to control. Any trader knows the feeling, and we all fear its consequences. Under its https://t.co/7Jhh3e0aKM",,,119,11,3,0,42,21117,https://x.com/jfsrev/status/2051385173443535357,0,0,"[{""id"": ""2051348903916892423"", ""type"": ""quoted""}]",2026-09-07 06:00:26
2051293201936556260,153692841,jfsrev,2026-05-04T13:29:45.000Z,"17 Top Pre-Market Movers (&gt;3%) with Market Cap Above 1B

$BB $CRCL $GFS $LWLG $EBAY $JBLU $COHR $LITE $CRML $COIN $BTDR $NBIS $GLW $USAR $STX $POET $CRCL https://t.co/FSl5TY63X1 https://t.co/w4NAxAZoSB",,,35,5,3,0,23,9050,https://x.com/jfsrev/status/2051293201936556260,0,0,"[{""id"": ""1810643020599185525"", ""type"": ""quoted""}]",2026-09-07 06:00:26
2051273863800168633,153692841,jfsrev,2026-05-04T12:12:54.000Z,thank you @SteveDJacobs https://t.co/5etCJXyQ2s,,,25,1,3,0,1,5793,https://x.com/jfsrev/status/2051273863800168633,0,0,"[{""id"": ""2051258361870422214"", ""type"": ""quoted""}]",2026-09-07 06:00:26
2051273771915649438,153692841,jfsrev,2026-05-04T12:12:32.000Z,thank you https://t.co/Rp9VNNPyDw,,,6,2,3,0,0,5190,https://x.com/jfsrev/status/2051273771915649438,0,0,"[{""id"": ""2051266272302887258"", ""type"": ""quoted""}]",2026-09-07 06:00:26
2051138343724077304,153692841,jfsrev,2026-05-04T03:14:24.000Z,"$BTCUSD (Update) 3-Month High, It was not a Bear Flag.

Previously highlighted the contrast between the late-2025 “bear flag” and the early Q1 2026 base forming off the $60,000 floor, with notably bullish divergence in relative strength in the latter. Spot has now reclaimed https://t.co/tPxYbCozE0 https://t.co/VqqFVswdTg",,,69,7,4,1,17,40920,https://x.com/jfsrev/status/2051138343724077304,0,0,"[{""id"": ""2036286396118483017"", ""type"": ""quoted""}]",2026-09-07 06:00:26
2051126183778296168,153692841,jfsrev,2026-05-04T02:26:04.000Z,"this is great, here are the direct links for all 17 chapters. 

Chapter 1: Glossary – Terms and Expressions I Use https://t.co/qzl8roMeub

Chapter 2: Charting – My Approach Using TradingView
https://t.co/z4jghDHPvp

Chapter 3: My Screeners – Workflow of Finviz &amp; Tradingview https://t.co/HvRWhuKbeQ",,,315,43,6,5,598,81223,https://x.com/jfsrev/status/2051126183778296168,0,0,"[{""id"": ""2050876609406587059"", ""type"": ""quoted""}]",2026-09-07 06:00:26
2050805814043234493,153692841,jfsrev,2026-05-03T05:13:02.000Z,"6 Reasons Why @Quallamaggiie Consistently Prefers High ADR% Stocks (via Claude AI)

P.S. Chapter 2.1.1 Understanding of ADR%
https://t.co/OxoxgHQz0d https://t.co/MYseFwLLCB https://t.co/SZAbGzjpKB",,,544,88,9,5,581,100170,https://x.com/jfsrev/status/2050805814043234493,0,0,"[{""id"": ""1966503264569954671"", ""type"": ""quoted""}]",2026-09-07 06:00:26
2050431444195922328,153692841,jfsrev,2026-05-02T04:25:26.000Z,"High-Momentum Leaders: 30 Stocks Showing Expanding 1-Month Relative Strength (&gt;5% ADR)

$MU – Semiconductors
$AMD – Semiconductors
$INTC – Semiconductors
$ARM – Semiconductors
$QCOM – Semiconductors
$SNDK – Computer Hardware
$WDC – Computer Hardware
$MRVL – Semiconductors
$VRT – https://t.co/oKtiCdz3FW https://t.co/Z5ThHHmWDS",,,707,125,10,1,726,106036,https://x.com/jfsrev/status/2050431444195922328,0,0,"[{""id"": ""1997975342699696445"", ""type"": ""quoted""}]",2026-09-07 06:00:26
2050217764045181384,153692841,jfsrev,2026-05-01T14:16:20.000Z,https://t.co/OxoxgHQz0d https://t.co/DfaVrIhXS7,,,17,4,0,0,15,7749,https://x.com/jfsrev/status/2050217764045181384,0,0,"[{""id"": ""2050217346074132941"", ""type"": ""quoted""}]",2026-09-07 06:00:26
2050215764939206988,153692841,jfsrev,2026-05-01T14:08:24.000Z,😅 https://t.co/aq7jOWhDIC https://t.co/Du5zMdDuMz,,,23,1,2,0,5,10187,https://x.com/jfsrev/status/2050215764939206988,0,0,"[{""id"": ""2050110079433892046"", ""type"": ""quoted""}]",2026-09-07 06:00:26
2050208451155083608,153692841,jfsrev,2026-05-01T13:39:20.000Z,$NOK (Update) reached 10 x ADR% extension from 50-MA https://t.co/yDEILtl97p https://t.co/m3sUB8m7Cv,,,70,2,5,0,14,12245,https://x.com/jfsrev/status/2050208451155083608,0,0,"[{""id"": ""1988869619403096086"", ""type"": ""quoted""}]",2026-09-07 06:00:26
2050208000611340709,153692841,jfsrev,2026-05-01T13:37:33.000Z,"10 Strongest Market Movers above 5% ADR
 
$RIOT $AXTI $OWL $WIX $LITE $FIG $GLXY $SOUN $DOCN $FSLY

P.S. Chapter 3.2 Market Gapper Scan https://t.co/OxoxgHQz0d https://t.co/8GxbCK2XOe",,,62,2,2,1,23,5653,https://x.com/jfsrev/status/2050208000611340709,0,0,,2026-09-07 06:00:26
2050110079433892046,153692841,jfsrev,2026-05-01T07:08:26.000Z,"Lower ADR% names can still work for a swing traders' portfolio but you have to accept longer holding periods, larger capital allocation, and slower capital turnover. The key is to capped those holdings to just less than 50% of your account equity.

I’m still holding $DBA (0.69% https://t.co/z9wDwXvTUR https://t.co/HgNFzc1zud",,,36,2,3,1,21,26475,https://x.com/jfsrev/status/2050110079433892046,0,0,"[{""id"": ""2050099212184907936"", ""type"": ""quoted""}]",2026-09-07 06:00:26
2050080199958798565,153692841,jfsrev,2026-05-01T05:09:42.000Z,"15 Leading Groups with 100% 1-Month RS, All Hitting New 52-Week Highs in Yesterday’s Session

$LIT – Lithium &amp; Batteries
$HYDR – Hydrogen &amp; Fuel Cells
$DRIV – EVs &amp; Autonomous Vehicles
$ICLN – Clean Energy
$XSD – Semiconductors (Equal Weight)
$AIQ – AI Software &amp; Data Processing https://t.co/5t7o54eQKa https://t.co/bpNDSS4l9v",,,124,27,4,1,119,33121,https://x.com/jfsrev/status/2050080199958798565,0,0,"[{""id"": ""1806709652975141131"", ""type"": ""quoted""}]",2026-09-07 06:00:26
2049851135528452210,153692841,jfsrev,2026-04-30T13:59:29.000Z,"20 Strongest market movers &gt;3% Change 

$SFM $MARA $CLSK $TER $USAR $APLD $WULF $CHTR $ATI $CNH $STX $TEM $RCL $CARR $CCL $WDC $CORZ $CLS $VIAV

P.S. Chapter 3.2 Market Gapper Scan https://t.co/OxoxgHQz0d https://t.co/K0d40AbZWG",,,40,9,1,1,20,5656,https://x.com/jfsrev/status/2049851135528452210,0,0,,2026-09-07 06:00:26
2049682639683219536,153692841,jfsrev,2026-04-30T02:49:57.000Z,"29 Top Performers Trading Above 100M Avg Dollar Volume and All Key Moving Averages

$MXL – Semiconductors
$GFS – Semiconductors
$ALAB – Semiconductors
$ARM – Semiconductors
$MRVL – Semiconductors
$AMD – Semiconductors
$INTC – Semiconductors
$VG – Oil &amp; Gas Midstream
$SEI – Oil &amp; https://t.co/hIOAyf6gbm https://t.co/zPJAnJ0WW0",,,228,28,2,1,196,32173,https://x.com/jfsrev/status/2049682639683219536,0,0,"[{""id"": ""1789602959782977668"", ""type"": ""quoted""}]",2026-09-07 06:00:26
2049494275994632389,153692841,jfsrev,2026-04-29T14:21:27.000Z,"$CAR +74% 

out today entirely at 200-MA bounce https://t.co/qyDWi4PkXK https://t.co/q1DgB7layI",,,118,0,9,1,10,45822,https://x.com/jfsrev/status/2049494275994632389,0,0,"[{""id"": ""2047337404605010133"", ""type"": ""quoted""}]",2026-09-07 06:00:26
2049481379013099735,153692841,jfsrev,2026-04-29T13:30:12.000Z,"22 Top Pre-Market Movers (&gt;3%) with Market Cap Above 1B

$BE $NXPI $STX $APH $WDC $CLVT $V $UMC $SNDK $ETSY $SBUX $MU $AAOI $BBAI $SGML $AXTI $NBIS $PLUG $NIO $STM $EQNR $KOS

P.S. Chapter 3.2 Pre-Market Gapper Scan https://t.co/OxoxgHQz0d https://t.co/VjHktt4EKl https://t.co/w4NAxAZoSB",,,66,5,7,0,32,11491,https://x.com/jfsrev/status/2049481379013099735,0,0,"[{""id"": ""1810643020599185525"", ""type"": ""quoted""}]",2026-09-07 06:00:26
2049320855738667254,153692841,jfsrev,2026-04-29T02:52:21.000Z,Trying to catch a falling knife rarely pays. Missing the first move costs far less than stepping in too early.,,,188,14,10,1,37,14923,https://x.com/jfsrev/status/2049320855738667254,0,0,,2026-09-07 06:00:26
2049127837773512874,153692841,jfsrev,2026-04-28T14:05:22.000Z,"6 Strongest market movers &gt;3% Change
$POET $CNC $SEI $UAMY $NTNX $GTLB

P.S. Chapter 3.2 Market Gapper Scan https://t.co/vH3eUxFRI4 https://t.co/3SHSsZdp9X",,,42,2,1,0,9,6921,https://x.com/jfsrev/status/2049127837773512874,0,0,,2026-09-07 06:00:26
2049037040638169415,153692841,jfsrev,2026-04-28T08:04:34.000Z,"""I don’t think you can consistently be a winning trader if you’re banking on being right more than 50% of the time. You have to figure out how to make money being right only 20% to 30% of the time.""

-Bill Lipschutz, Market Wizard (Salomon Brothers' largest and most successful https://t.co/UxC6uJUvMZ",,,206,22,4,3,128,44367,https://x.com/jfsrev/status/2049037040638169415,0,0,"[{""id"": ""1963823786614214730"", ""type"": ""quoted""}]",2026-09-07 06:00:26
2048789733254586580,153692841,jfsrev,2026-04-27T15:41:51.000Z,"12 Strongest market movers &gt;3% Change
$UAMY $ZETA $MP $RIG $UEC $MU $CLF $WHR $CART $BTE $NOK $CRML 

P.S. Chapter 3.2 Market Gapper Scan https://t.co/OxoxgHQz0d https://t.co/yf47IvrfaJ",,,51,5,2,0,18,7205,https://x.com/jfsrev/status/2048789733254586580,0,0,,2026-09-07 06:00:26
2048737179254608381,153692841,jfsrev,2026-04-27T12:13:01.000Z,🍻 https://t.co/5aEcXnvzIg,,,15,0,1,0,3,6845,https://x.com/jfsrev/status/2048737179254608381,0,0,"[{""id"": ""2048732969851060514"", ""type"": ""quoted""}]",2026-09-07 06:00:26
2048400716835041464,153692841,jfsrev,2026-04-26T13:56:02.000Z,Under Chapter 6.2 Dynamic Sell Rules https://t.co/OxoxgHQz0d https://t.co/fPQnrhprEO https://t.co/kn9g1vHi6J,,,53,7,2,0,59,12009,https://x.com/jfsrev/status/2048400716835041464,0,0,"[{""id"": ""2048398296511619219"", ""type"": ""quoted""}]",2026-09-07 06:00:26
2048312978534228180,153692841,jfsrev,2026-04-26T08:07:24.000Z,"$MXL (Update) +129% week, less than 2 x ADR% Week from all-time-high

Next quarter earnings estimate is a further acceleration of +1,450 YoY EPS and +47% YoY Sales for this 5.4B market cap semiconductor company. 

MaxLinear, Inc. engages in the provision of communications https://t.co/cBWBJk9KF3 https://t.co/mDmfCiVx4R",,,127,8,7,0,46,34110,https://x.com/jfsrev/status/2048312978534228180,0,0,"[{""id"": ""2023320458574356753"", ""type"": ""quoted""}]",2026-09-07 06:00:26
2047872903723810972,153692841,jfsrev,2026-04-25T02:58:42.000Z,"High-Momentum Leaders: 30 Stocks Showing Expanding Relative Strength (&gt;5% ADR)        

$CORZ – Software Infrastructure
$POET – Semiconductors
$ARM – Semiconductors
$CRDO – Semiconductors
$SMTC – Semiconductors
$RMBS – Semiconductors
$GFS – Semiconductors
$ALAB – Semiconductors https://t.co/MWkJKMvgQv https://t.co/zPJAnJ0WW0",,,544,85,6,4,625,96853,https://x.com/jfsrev/status/2047872903723810972,0,0,"[{""id"": ""1789602959782977668"", ""type"": ""quoted""}]",2026-09-07 06:00:26
2047687002049724660,153692841,jfsrev,2026-04-24T14:40:00.000Z,"High ADR% = faster, larger, more efficient expression of edge

Volatility is the engine of profit if you can harness it with edge and risk control https://t.co/2nO7V0WogQ",,,129,10,3,0,69,18474,https://x.com/jfsrev/status/2047687002049724660,0,0,"[{""id"": ""2047520220613628387"", ""type"": ""quoted""}]",2026-09-07 06:00:26
2047670659241902321,153692841,jfsrev,2026-04-24T13:35:03.000Z,Under Chapter 6.2 Dynamic Sell Rules https://t.co/OxoxgHQz0d https://t.co/Dimg9Dxi12 https://t.co/bIiiEFhAMd,,,64,9,2,0,76,15593,https://x.com/jfsrev/status/2047670659241902321,0,0,"[{""id"": ""2047639629541851571"", ""type"": ""quoted""}]",2026-09-07 06:00:26
2047665918663422234,153692841,jfsrev,2026-04-24T13:16:13.000Z,"28 Top Pre-Market Movers (&gt;3%) with Market Cap Above 1B  

$MXL (+56%) $INTC $POET $AMD $QCOM $ARM $KEEL $SAP $ASX $TTD $OKLO $WOLF $USAR $AXTI $ABTC $SMR $NVTS $CRML $SMCI $TSM $HIMS $NBIS $PG $AAOI $MRVL $STM $BTI $IREN

P.S. Chapter 3.2 Pre-Market Gapper Scan https://t.co/6xTXf2NDWP https://t.co/w4NAxAZoSB",,,39,4,0,0,21,9752,https://x.com/jfsrev/status/2047665918663422234,0,0,"[{""id"": ""1810643020599185525"", ""type"": ""quoted""}]",2026-09-07 06:00:26
2047636655109185784,153692841,jfsrev,2026-04-24T11:19:56.000Z,🙏🏻 https://t.co/H0dd5VeZrb,,,5,0,1,0,0,6160,https://x.com/jfsrev/status/2047636655109185784,0,0,"[{""id"": ""2047627633857527857"", ""type"": ""quoted""}]",2026-09-07 06:00:26
2047521656768446693,153692841,jfsrev,2026-04-24T03:42:58.000Z,"$MXL (Update +128%) - Cleared structural pivot to 13 x ATR% from 50-MA at close. After hours 45.18 +10.93 (31.91%) with further fundamental acceleration

$MXL reported quarterly adjusted earnings of 22 cents​​ per share for the quarter ended March 31, higher than the same quarter https://t.co/hNzxyHz4dk https://t.co/mDmfCiVx4R",,,53,3,5,0,19,22770,https://x.com/jfsrev/status/2047521656768446693,0,0,"[{""id"": ""2023320458574356753"", ""type"": ""quoted""}]",2026-09-07 06:00:26
2047520220613628387,153692841,jfsrev,2026-04-24T03:37:16.000Z,"$SOXL (3x SOXX) has drawn significant interest after 17 straight higher closes, +135% MTD run. 

I track only 30 (out of 147) liquid leveraged ETFs with higher ADR% its holdings, and over 100M in average dollar volume - offering similar advantages, which is also advocated by https://t.co/B5uj0Zdr0L https://t.co/F3GoWodSpb",,,152,16,5,1,250,51204,https://x.com/jfsrev/status/2047520220613628387,0,0,"[{""id"": ""1945012986550345985"", ""type"": ""quoted""}]",2026-09-07 06:00:26
2047337404605010133,153692841,jfsrev,2026-04-23T15:30:49.000Z,"wanted to trim via trailing to cover some size in $CAR but it just went straight down without MA reclaim. may not be able to cover any today but won't be surprise if it gaps at open tomorrow, will still hold through tomorrow's open.

there are also some extended ETF inverse long https://t.co/CAP7ShO4ti https://t.co/1XBrdH3FuG",,,45,2,3,1,8,41505,https://x.com/jfsrev/status/2047337404605010133,0,0,"[{""id"": ""2047128526839771356"", ""type"": ""quoted""}]",2026-09-07 06:00:26
2047316833611714639,153692841,jfsrev,2026-04-23T14:09:05.000Z,"$XSD Semicon (Equal Weight!) first 10 x ATR% extension from 50-MA since inception 20 years ago! This hot streak is unreal.

$SOXX - 9.3x
$SMH - 7.4x https://t.co/jC8JkkBC9A https://t.co/30ZCacV2oR",,,21,1,8,0,4,6790,https://x.com/jfsrev/status/2047316833611714639,0,0,"[{""id"": ""2046055158338170970"", ""type"": ""quoted""}]",2026-09-07 06:00:26
2047310053158584643,153692841,jfsrev,2026-04-23T13:42:08.000Z,"a strong catalyst can expand a stock’s ADR% in a massive manner when it breaks out and trends. $AXTI current 17% ADR begin from being 6% ADR until the breakout move on 20th August 2025, and it begin its 3,500% share price incline, along with ADR% in less than 9 months. https://t.co/5zh9yg6r6h",,,55,3,3,0,20,17209,https://x.com/jfsrev/status/2047310053158584643,0,0,"[{""id"": ""2047308188802814139"", ""type"": ""quoted""}]",2026-09-07 06:00:26
2047305015581421917,153692841,jfsrev,2026-04-23T13:22:07.000Z,"Top Pre-Market Movers (&gt;3%) with Market Cap Above 1B

$QS $MBLY $TXN $NOK $OKLO $APLD $STM $CMCSA $CSX $SMR $HIMS $ON 

P.S. Chapter 3.2 Pre-Market Gapper Scan https://t.co/OxoxgHQz0d https://t.co/kyNplMZh65 https://t.co/w4NAxAZoSB",,,43,4,3,0,23,9617,https://x.com/jfsrev/status/2047305015581421917,0,0,"[{""id"": ""1810643020599185525"", ""type"": ""quoted""}]",2026-09-07 06:00:26
2047303918561165694,153692841,jfsrev,2026-04-23T13:17:45.000Z,you can https://t.co/q804yDFswo https://t.co/ZtqvryTPC4,,,25,1,3,0,20,7059,https://x.com/jfsrev/status/2047303918561165694,0,0,"[{""id"": ""2047303478276407571"", ""type"": ""quoted""}]",2026-09-07 06:00:26
2047299571710394392,153692841,jfsrev,2026-04-23T13:00:29.000Z,under 'Current Volume' and scroll all the way down to dollar volume https://t.co/oxEPxUBBfk https://t.co/HTN2gi2nP6,,,13,0,4,0,7,7436,https://x.com/jfsrev/status/2047299571710394392,0,0,"[{""id"": ""2047289492508209273"", ""type"": ""quoted""}]",2026-09-07 06:00:26
2047216050954293577,153692841,jfsrev,2026-04-23T07:28:36.000Z,"$AMD at 10× ATR% extension from the 50-MA, the second time in a year (last july) https://t.co/Pq481HRKug https://t.co/V6tez4F2BV",,,57,1,6,0,17,8562,https://x.com/jfsrev/status/2047216050954293577,0,0,"[{""id"": ""1683199459889676288"", ""type"": ""quoted""}]",2026-09-07 06:00:26
2047180035514368132,153692841,jfsrev,2026-04-23T05:05:29.000Z,"50 Strongest Name Trading Over $100M Avg Volume — Mainly Dominated by 5 Industry Groups

$CCJ – Uranium
$EXPE – Travel Services
$ALB – Specialty Chemicals
$NXT – Solar
$CRWV – Software Infrastructure
$NET – Software Infrastructure
$CRWD – Software Infrastructure
$NBIS – Software https://t.co/KvGY5MEXE1 https://t.co/zPJAnJ0WW0",,,243,32,6,0,261,36111,https://x.com/jfsrev/status/2047180035514368132,0,0,"[{""id"": ""1789602959782977668"", ""type"": ""quoted""}]",2026-09-07 06:00:26
2047128526839771356,153692841,jfsrev,2026-04-23T01:40:49.000Z,I may be holding $CAR through with trimmed size in the session later https://t.co/TrBNwAY8JZ https://t.co/c6jCzRQtOQ,en,2047128526839771356,41,1,4,1,5,17231,https://x.com/jfsrev/status/2047128526839771356,0,0,"[{""id"": ""2047117716226760958"", ""type"": ""quoted""}]",2026-09-07 06:00:33
2046945673720009203,153692841,jfsrev,2026-04-22T13:34:13.000Z,"16 Strongest market movers &gt;3% at Open

$AXTI $RDW $LUNR $POET $RCAT $NVTS $FLY $BMNR $USAR $NBIS $CRCL $CRDO $MSTR $CRWV $RKLB $HUT

P.S. Chapter 3.2 Market Gapper Scan https://t.co/OxoxgHQz0d https://t.co/9BX6VOueZ1",en,2046945673720009203,73,9,0,0,26,9151,https://x.com/jfsrev/status/2046945673720009203,0,0,,2026-09-07 06:00:42
2046781624898228542,153692841,jfsrev,2026-04-22T02:42:21.000Z,"$CAR – Up Over 600% in a Month Since Its RS Move on March 23, Ahead of the Market’s March 31 Bottom

""The Dow Jones Transportation Average $DJT is one of the top U.S. equity indexes this year with a 34% gain through Monday, and it owes much of the move to one stock — Avis Budget https://t.co/AveYFU2qdS",en,2046781624898228542,60,10,6,1,9,42927,https://x.com/jfsrev/status/2046781624898228542,0,0,,2026-09-07 06:00:42
2046767258123550900,153692841,jfsrev,2026-04-22T01:45:16.000Z,"14 Leading Industry Groups Showing Shallow Pullbacks Today

$XSD – Semiconductors (Equal Weight)
$QTUM – Quantum Computing &amp; AI
$SOXX – Broad Semiconductors
$XTN – Trucking
$IDGT – Digital Infrastructure &amp; Data Centers
$FDRV – EVs &amp; Future Transportation
$SMH – Semiconductor https://t.co/afZmjxh3cQ https://t.co/Q1NYwCS3vW",en,2046767258123550900,65,7,0,0,55,23762,https://x.com/jfsrev/status/2046767258123550900,0,0,"[{""id"": ""1812759804395528495"", ""type"": ""quoted""}]",2026-09-07 06:00:42
2046620266344972316,153692841,jfsrev,2026-04-21T16:01:10.000Z,https://t.co/3YImZFtb7L https://t.co/HQDKeIP77j,zxx,2046620266344972316,24,0,5,0,4,10737,https://x.com/jfsrev/status/2046620266344972316,0,0,"[{""id"": ""2046618596420284672"", ""type"": ""quoted""}]",2026-09-07 06:00:42
2046578465885884740,153692841,jfsrev,2026-04-21T13:15:04.000Z,"Today's Pre-market movers &gt;3% with market cap above $1B

$BULL $NVTS $LCID $UNH $ALAB $POET $SOUN $FRMI $APLD $CRDO $ABTC $LUNR $RDW $CVS

P.S. Chapter 3.2 Pre-Market Gapper Scan https://t.co/OxoxgHQ1aF https://t.co/1P5J0lL98L https://t.co/w4NAxAYR33",en,2046578465885884740,63,3,0,0,22,12386,https://x.com/jfsrev/status/2046578465885884740,0,0,"[{""id"": ""1810643020599185525"", ""type"": ""quoted""}]",2026-09-07 06:00:42
2046534863713681762,153692841,jfsrev,2026-04-21T10:21:48.000Z,💯 https://t.co/kJTczJb8Dr,art,2046534863713681762,7,0,0,0,1,1401,https://x.com/jfsrev/status/2046534863713681762,0,0,"[{""id"": ""2046498907165700474"", ""type"": ""quoted""}]",2026-09-07 06:00:42
2046402484697248250,153692841,jfsrev,2026-04-21T01:35:47.000Z,"Don’t rush your process to success

Stay committed, think long-term, and let a well-defined process shape the outcome. https://t.co/wG7cdPpZdQ https://t.co/iln4ceO5jR",en,2046402484697248250,197,15,1,1,43,21411,https://x.com/jfsrev/status/2046402484697248250,0,0,"[{""id"": ""1765249321992421511"", ""type"": ""quoted""}]",2026-09-07 06:00:42
2046216063164268724,153692841,jfsrev,2026-04-20T13:15:00.000Z,"Pre-Market Movers &gt;3%
$MRVL $GFS $UMC $USAR $SGML $KOS

P.S. Chapter 3.2 Pre-Market Gapper Scan
https://t.co/OxoxgHQz0d https://t.co/UtXGhmq4RE https://t.co/w4NAxAZoSB",en,2046216063164268724,44,2,1,0,21,9057,https://x.com/jfsrev/status/2046216063164268724,0,0,"[{""id"": ""1810643020599185525"", ""type"": ""quoted""}]",2026-09-07 06:00:42
2046055158338170970,153692841,jfsrev,2026-04-20T02:35:38.000Z,"Semiconductor Historical Extension — Price % vs Volatility (ATR Multiple) from 50-MA

$SOXX (Broad Semiconductors) &amp; $XSD (Equal Weight Semiconductors), 2 of the 20 strongest RS groups in this month’s recovery, is already extended beyond its historical range from the 50-MA (18% https://t.co/gaKOEmddjZ https://t.co/tVtmoY7ubf",en,2046055158338170970,54,4,1,2,23,26554,https://x.com/jfsrev/status/2046055158338170970,0,0,"[{""id"": ""1942476042398228613"", ""type"": ""quoted""}]",2026-09-07 06:00:42
2045788775494922285,153692841,jfsrev,2026-04-19T08:57:07.000Z,"Current Breadth Level Situation $SPY $QQQ $IWM

""If you want to improve your market timing skills and setups, study market breadth. It is the most used concept in market timing models, and many resources on it are freely available."" -@PradeepBonde https://t.co/YMhYDhl5Gz https://t.co/5CwSnmhCzc",en,2045788775494922285,142,11,3,1,118,26637,https://x.com/jfsrev/status/2045788775494922285,0,0,"[{""id"": ""1909103399959974111"", ""type"": ""quoted""}]",2026-09-07 06:00:42
2045788655697240393,153692841,jfsrev,2026-04-19T08:56:39.000Z,"Current Breadth Level Situation

""If you want to improve your market timing skills and setups, study market breadth. It is the most used concept in market timing models, and many resources on it are freely available."" -@PradeepBonde https://t.co/mST9vkPmT2 https://t.co/5CwSnmhCzc",en,2045788655697240393,0,0,0,0,1,657,https://x.com/jfsrev/status/2045788655697240393,0,0,"[{""id"": ""1909103399959974111"", ""type"": ""quoted""}]",2026-09-07 06:00:42
2045651624803320072,153692841,jfsrev,2026-04-18T23:52:08.000Z,ADR 4.3% https://t.co/SlqKgfwwoX,und,2045651624803320072,21,0,0,0,3,11961,https://x.com/jfsrev/status/2045651624803320072,0,0,"[{""id"": ""2045633334764560557"", ""type"": ""quoted""}]",2026-09-07 06:00:42
2045329901323227172,153692841,jfsrev,2026-04-18T02:33:43.000Z,"High-Momentum Leaders: 28 Stocks Showing Expanding Relative Strength (&gt;5% ADR)      

$PL – Aerospace &amp; Defense
$RKLB – Aerospace &amp; Defense
$CVNA – Auto &amp; Truck Dealerships
$CARR – Building Products &amp; Equipment
$IREN – Capital Markets
$AAOI – Communication Equipment
$CIEN – https://t.co/e7r6jxelEn https://t.co/zPJAnJ0WW0",en,2045329901323227172,434,66,5,2,443,71083,https://x.com/jfsrev/status/2045329901323227172,0,0,"[{""id"": ""1789602959782977668"", ""type"": ""quoted""}]",2026-09-07 06:00:42
2045148967604977721,153692841,jfsrev,2026-04-17T14:34:45.000Z,"this article released by CNBC yesterday (after tax day deadline lol 😅) is a good read for those that filed for this year's extension, or planning how to lower their tax bills for next year and beyond.

https://t.co/vUS4Pl8pf5 https://t.co/14WErIeY9R",en,2045148967604977721,12,3,0,0,5,8282,https://x.com/jfsrev/status/2045148967604977721,0,0,"[{""id"": ""1774991608645329084"", ""type"": ""quoted""}]",2026-09-07 06:00:42
2044977775573135561,153692841,jfsrev,2026-04-17T03:14:30.000Z,"Educational Thread — RS Bearish Divergence: Why “Cheap” Isn’t an Opportunity $ARGT vs $EWZ &amp; $ILF

One of the few groups hitting 1-month RS highs ahead of the Mar 31 pivot in $SPY and $QQQ was LatAm equities which can be expressed via directly ETF execution into $ARGT $EWZ $ILF. https://t.co/dNJyv1J8c6",en,2044977775573135561,97,13,2,0,81,14468,https://x.com/jfsrev/status/2044977775573135561,0,0,,2026-09-07 06:00:42
2044948864424407071,153692841,jfsrev,2026-04-17T01:19:37.000Z,"$TSLA let it rest and consolidate above $380 is fine. If it's gonna lag the market, it actually presents an opportunity for $TSLA to exhibit relative strength in any overdue pullback before another wave of rally https://t.co/WGSsYgeeFP https://t.co/vMiOMUpOgN",en,2044948864424407071,64,1,4,1,10,23326,https://x.com/jfsrev/status/2044948864424407071,0,0,"[{""id"": ""2044593120830972056"", ""type"": ""quoted""}]",2026-09-07 06:00:42
2044784157918990367,153692841,jfsrev,2026-04-16T14:25:08.000Z,"""Every trader has strengths and weakness. Some are good holders of winners, but may hold their losers a little too long. Others may cut their winners a little short, but are quick to take their losses. As long as you stick to your own style, you get the good and bad in your own https://t.co/Z4veDRpsJS",en,2044784157918990367,121,12,0,0,40,20069,https://x.com/jfsrev/status/2044784157918990367,0,0,"[{""id"": ""1673047698646396928"", ""type"": ""quoted""}]",2026-09-07 06:00:42
2044775420437131379,153692841,jfsrev,2026-04-16T13:50:24.000Z,"$AEHR — Gapped to ~15× ATR% from the 50-MA, likely due for a pullback similar to $MRVL within the semiconductor ecosystem https://t.co/lLHTeRoNVG https://t.co/rT8oBZB2ry",en,2044775420437131379,28,1,3,0,9,7533,https://x.com/jfsrev/status/2044775420437131379,0,0,"[{""id"": ""2044270218328060369"", ""type"": ""quoted""}]",2026-09-07 06:00:42
2044729197944602918,153692841,jfsrev,2026-04-16T10:46:44.000Z,"$LWLG — 5th instance crossing 10x ATR% move from the 50-MA within a year. 

Not the ideal spot the chase the rally based on historical pullback from this extension. https://t.co/iRIqUy2ftj https://t.co/HzZTnrK5Ar",en,2044729197944602918,62,4,1,0,12,11394,https://x.com/jfsrev/status/2044729197944602918,0,0,"[{""id"": ""1673515883271159809"", ""type"": ""quoted""}]",2026-09-07 06:00:42
2044712374838706284,153692841,jfsrev,2026-04-16T09:39:53.000Z,"15 Strongest Industry Groups Extending to New 1-Month Highs Yesterday

$XSD – Semiconductors (Equal)
$QTUM – Quantum / AI
$KCE – Capital Markets &amp; Financial Services
$ARKG – Genomics
$URA – Uranium
$IAI – Broker-Dealers
$BLOK – Blockchain
$IPAY – Digital Payments &amp; Fintech
$IBUY https://t.co/QWJYoGTkBq https://t.co/m0w3IXCJem",en,2044712374838706284,88,18,2,0,78,17598,https://x.com/jfsrev/status/2044712374838706284,0,0,"[{""id"": ""1725073467761180884"", ""type"": ""quoted""}]",2026-09-07 06:00:42
2044446146593259763,153692841,jfsrev,2026-04-15T16:01:59.000Z,"$TSLA — Descending Channel Breakout as AI5 Chip Reveal Puts Stock in Focus

+7.8% move out of descending channel range on strong volume run rate (+86% now at 11.54AM ET), but the current first test of the declining 50-MA may face rejection for further consolidation as range has https://t.co/EaHMuRv5i3",en,2044446146593259763,66,7,6,0,18,10391,https://x.com/jfsrev/status/2044446146593259763,0,0,,2026-09-07 06:00:42
2044423393974587428,153692841,jfsrev,2026-04-15T14:31:35.000Z,"Uranium and Nuclear Mover Day

$URA $URNM $NLR https://t.co/sqx7EBm70N https://t.co/JOl12PFO2n",en,2044423393974587428,6,0,1,0,1,1645,https://x.com/jfsrev/status/2044423393974587428,0,0,"[{""id"": ""2044380383157100658"", ""type"": ""quoted""}]",2026-09-07 06:00:42
2044396318030991433,153692841,jfsrev,2026-04-15T12:43:59.000Z,"Top Pre-Market Movers Today

$QBTS $BULL $IONQ $HOOD $RGTI $OKLO $INFQ $QUBT $SNAP $GTLB $SMR $STNE $AEO $ASX $EOSE $STLA $UPST

laggard participations less $ASX https://t.co/agSCNOF42a https://t.co/w4NAxAZoSB",en,2044396318030991433,62,1,2,0,25,11206,https://x.com/jfsrev/status/2044396318030991433,0,0,"[{""id"": ""1810643020599185525"", ""type"": ""quoted""}]",2026-09-07 06:00:42
2044270218328060369,153692841,jfsrev,2026-04-15T04:22:55.000Z,$MRVL — First 10 x ATR% from 50-MA since December 2024 https://t.co/NtIZZKc3on https://t.co/FOOgxmtwwO,en,2044270218328060369,65,2,0,1,16,18693,https://x.com/jfsrev/status/2044270218328060369,0,0,"[{""id"": ""2042058665440825435"", ""type"": ""quoted""}]",2026-09-07 06:00:42
2044254372042027048,153692841,jfsrev,2026-04-15T03:19:57.000Z,"29 High Momentum Leaders Trading Over $100M Avg Volume — Mainly Dominated by Three Industry Groups

Technology (Infra / Hardware / Components)
$CRWV $INFQ $NBIS $APLD $CIFR $CLS $TTMI $AAOI $SNDK $COHR

Semiconductors
$ALAB $CRDO $INTC $MRVL $MU $RMBS $AEHR $AMKR $AXTI https://t.co/HMQm0Tlbqx https://t.co/zPJAnJ0WW0",en,2044254372042027048,146,20,2,0,125,26016,https://x.com/jfsrev/status/2044254372042027048,0,0,"[{""id"": ""1789602959782977668"", ""type"": ""quoted""}]",2026-09-07 06:00:42
2044249392438489578,153692841,jfsrev,2026-04-15T03:00:10.000Z,"29 High Momentum Leaders Trading Over $100M Avg Volume — Mainly Dominated by Three Industry Groups

Technology (Infra / Hardware / Components)
$CRWV $INFQ $NBIS $APLD $CIFR $CLS $TTMI $AAOI $SNDK $COHR

Semiconductors
$ALAB $CRDO $INTC $MRVL $MU $RMBS $AEHR $AMKR $AXTI https://t.co/66K8z36Aqz https://t.co/zPJAnJ0WW0",en,2044249392438489578,10,2,0,0,5,3663,https://x.com/jfsrev/status/2044249392438489578,0,0,"[{""id"": ""1789602959782977668"", ""type"": ""quoted""}]",2026-09-07 06:00:42
2044233833395163163,153692841,jfsrev,2026-04-15T01:58:20.000Z,this is under chapter 2.1 https://t.co/OxoxgHQz0d https://t.co/r96cedojaV https://t.co/huBod3Breo,en,2044233833395163163,24,1,1,0,47,9272,https://x.com/jfsrev/status/2044233833395163163,0,0,"[{""id"": ""2044228358423142806"", ""type"": ""quoted""}]",2026-09-07 06:00:42
2044216043158286619,153692841,jfsrev,2026-04-15T00:47:39.000Z,there's a few version inside under chapter 5.3 https://t.co/aJAQl2e9N3 https://t.co/JFRVNa1Z0o https://t.co/J1rA2ewcbp,en,2044216043158286619,35,2,3,0,35,15781,https://x.com/jfsrev/status/2044216043158286619,0,0,"[{""id"": ""2044121329918521366"", ""type"": ""quoted""}]",2026-09-07 06:00:42
2044074262630482381,153692841,jfsrev,2026-04-14T15:24:15.000Z,"$SPY Seasonality (Since 1928)

1) January: +1.1% — Often strong from the “January Effect” as capital gets redeployed, though variability is high.

2) February: +0.3% — Moderately positive, but typically softer than January.

3) March: +0.8% — Generally constructive as Q1 wraps https://t.co/R2LgOIPFeu",en,2044074262630482381,52,12,3,0,42,8459,https://x.com/jfsrev/status/2044074262630482381,0,0,,2026-09-07 06:00:42
2044066238142525697,153692841,jfsrev,2026-04-14T14:52:22.000Z,"At some point this week, you’ve got to take some profits into strength before the weekend https://t.co/j9yb0dRUsm",en,2044066238142525697,91,1,5,0,11,10913,https://x.com/jfsrev/status/2044066238142525697,0,0,"[{""id"": ""1813592325777699255"", ""type"": ""quoted""}]",2026-09-07 06:00:42
2043952441851629980,153692841,jfsrev,2026-04-14T07:20:11.000Z,"39 Industry Groups Hit New 1-Month RS Highs, Most Since Sep 11, 2025

$SOXX – Broad Semiconductors
$SPMO – S&amp;P 500 Momentum
$XSD – Semiconductors (Equal Weight)
$SMH – Semiconductor Giants
$GRID – Infrastructure &amp; Electrical Equipment
$PAVE – U.S. Infrastructure
$EWZ – Brazilian https://t.co/9zUnXWSngn https://t.co/zlTTgHYliM",en,2043952441851629980,97,19,1,0,82,19052,https://x.com/jfsrev/status/2043952441851629980,0,0,"[{""id"": ""1996467543767474436"", ""type"": ""quoted""}]",2026-09-07 06:00:42
2043930996643700820,153692841,jfsrev,2026-04-14T05:54:58.000Z,"$BTCUSD (Update) — Strength Building Into Declining 100-MA on Highest Volume Day of the Month

$BTC continues to build off its $60,000 floor price since Feb 6th. Strength is supported with $WGMI crypto mining group intraday +8.4% move with strong showing from $BITF $IREN $MARA https://t.co/WVeC6zC8Bg https://t.co/VqqFVswdTg",en,2043930996643700820,61,4,1,1,16,21342,https://x.com/jfsrev/status/2043930996643700820,0,0,"[{""id"": ""2036286396118483017"", ""type"": ""quoted""}]",2026-09-07 06:00:42
2043704466046931136,153692841,jfsrev,2026-04-13T14:54:49.000Z,"Index Futures Update

$ES -0.03%  
$NQ -0.04%

Losses have been mostly pared back, with selling pressure easing. Honestly wouldn’t mind more headline shocks from POTUS to really test the market’s resolve. This could be another classic reminder price action and relative strength https://t.co/3hDuDSaqnE https://t.co/OqqN42RWai",en,2043704466046931136,33,0,0,0,3,7005,https://x.com/jfsrev/status/2043704466046931136,0,0,"[{""id"": ""2043550051214278933"", ""type"": ""quoted""}]",2026-09-07 06:00:42
2043565904991338890,153692841,jfsrev,2026-04-13T05:44:14.000Z,"Top 24 Market Leading Industry Groups by 1-Month Relative Strength

$SOXX – Broad Semiconductors
$SPMO – S&amp;P 500 Momentum
$XSD – Semiconductors (Equal Weight)
$SMH – Semiconductor Giants
$GRID – Infrastructure &amp; Electrical Equipment
$PAVE – U.S. Infrastructure
$EWZ – Brazilian https://t.co/lBT42ArqIw https://t.co/RmU5dbyLSM",en,2043565904991338890,161,15,5,2,130,36194,https://x.com/jfsrev/status/2043565904991338890,0,0,"[{""id"": ""1726430162609451255"", ""type"": ""quoted""}]",2026-09-07 06:00:42
2043564293002830002,153692841,jfsrev,2026-04-13T05:37:49.000Z,"Top 24 Market Leading Industry Groups by 1-Month Relative Strength

$SOXX – Broad Semiconductors
$SPMO – S&amp;P 500 Momentum
$XSD – Semiconductors (Equal Weight)
$SMH – Semiconductor Giants
$GRID – Infrastructure &amp; Electrical Equipment
$PAVE – U.S. Infrastructure
$EWZ – Brazilian https://t.co/A0EUm4OQwq https://t.co/RmU5dbyLSM",en,2043564293002830002,0,0,0,0,6,1501,https://x.com/jfsrev/status/2043564293002830002,0,0,"[{""id"": ""1726430162609451255"", ""type"": ""quoted""}]",2026-09-07 06:00:42
2043558099328610489,153692841,jfsrev,2026-04-13T05:13:13.000Z,"$MSFT (Update) — Bear flag breakdown, with further RS divergence as the next bear flag develops

After leading the initial breakdown, $MSFT is forming another bear flag off the March 27 low, with VCP and RS bearish divergence developing even as the broader market rallied. Price https://t.co/J0D3rJYMs3 https://t.co/7HUaJteoVf",en,2043558099328610489,67,6,6,0,16,14010,https://x.com/jfsrev/status/2043558099328610489,0,0,"[{""id"": ""2034139872370561152"", ""type"": ""quoted""}]",2026-09-07 06:00:42
2043550051214278933,153692841,jfsrev,2026-04-13T04:41:14.000Z,"Futures are holding up better than expected after the weekend’s failed peace talks, especially compared to the -1.5% to -2% news driven drops we saw just weeks ago. $ES is currently only -0.74% and red to green intraday after gap down.

Feels like a regime where bad news brings https://t.co/R7QWVuP4WM",en,2043550051214278933,107,2,8,2,14,19468,https://x.com/jfsrev/status/2043550051214278933,0,0,,2026-09-07 06:00:42
2042751612943503459,153692841,jfsrev,2026-04-10T23:48:31.000Z,"High-Momentum Leaders: 34 Stocks Showing Expanding Relative Strength. 70% of them are from technology sector this week.

$DAL – Airlines
$STZ – Beverages - Brewers
$CIEN – Communication Equipment
$LITE – Communication Equipment
$ASTS – Communication Equipment
$NOK – Communication https://t.co/W4absjDduS https://t.co/zPJAnJ0WW0",en,2042751612943503459,349,57,3,1,297,50913,https://x.com/jfsrev/status/2042751612943503459,0,0,"[{""id"": ""1789602959782977668"", ""type"": ""quoted""}]",2026-09-07 06:00:42
2042645247952589237,153692841,jfsrev,2026-04-10T16:45:52.000Z,Trading is about grinding your mathematical edge while staying resilient and composed. https://t.co/ZkcRhC2WYw https://t.co/LInyRMFz15,en,2042645247952589237,77,7,1,0,15,11332,https://x.com/jfsrev/status/2042645247952589237,0,0,"[{""id"": ""1982702781103485051"", ""type"": ""quoted""}]",2026-09-07 06:00:42
2042634283823886349,153692841,jfsrev,2026-04-10T16:02:18.000Z,"It is under Chapter 2 with full breakdown and use case

https://t.co/OxoxgHQz0d https://t.co/mcHqvDxFi0 https://t.co/xDws5osyBN",en,2042634283823886349,26,6,3,0,36,8010,https://x.com/jfsrev/status/2042634283823886349,0,0,"[{""id"": ""2042623087133200763"", ""type"": ""quoted""}]",2026-09-07 06:00:42
2042600988666925298,153692841,jfsrev,2026-04-10T13:50:00.000Z,"$AAOI (Update) - 7.2 x ATR% from 50-MA

More likely to extend another 10× ATR% from the 50-MA given this relative strength imho. 

@CitronResearch https://t.co/LlK6MwQqRz https://t.co/HWJaG5vev7",en,2042600988666925298,66,6,4,0,21,14155,https://x.com/jfsrev/status/2042600988666925298,0,0,"[{""id"": ""2020828949555867771"", ""type"": ""quoted""}]",2026-09-07 06:00:42
2042548559120339300,153692841,jfsrev,2026-04-10T10:21:39.000Z,"the key is first understanding your strategy’s historical win rate within the framework of the law of large numbers, before deciding whether a 3-stop strategy makes sense to smooth out your long term drawdowns. a good fit imho is at least 500 sample size, and at least within a https://t.co/0aEob0qTTd",en,2042548559120339300,43,3,1,1,26,10646,https://x.com/jfsrev/status/2042548559120339300,0,0,"[{""id"": ""2042446999384178857"", ""type"": ""quoted""}]",2026-09-07 06:00:42
2042531452110410019,153692841,jfsrev,2026-04-10T09:13:41.000Z,🍻 https://t.co/rHyvapFGtN,art,2042531452110410019,7,0,0,0,2,6247,https://x.com/jfsrev/status/2042531452110410019,0,0,"[{""id"": ""2042513952631066847"", ""type"": ""quoted""}]",2026-09-07 06:00:42
2042444300349554873,153692841,jfsrev,2026-04-10T03:27:22.000Z,"appreciate it, @FreedomTradesx. thanks for putting together this piece on 3 stop-loss strategy. https://t.co/biOTyAzxl4 https://t.co/aF7h7VHC9c https://t.co/oBrS6EeUvB",en,2042444300349554873,85,8,4,0,131,16497,https://x.com/jfsrev/status/2042444300349554873,0,0,"[{""id"": ""1841852289742733701"", ""type"": ""quoted""}]",2026-09-07 06:00:42
2042058665440825435,153692841,jfsrev,2026-04-09T01:55:00.000Z,"22 liquid leaders above key SMAs, closing strong with no signs of profit-taking today

$LIN – Specialty Chemicals
$INTC – Semiconductors
$MRVL – Semiconductors
$ADI – Semiconductors
$TXN – Semiconductors
$TER – Semiconductor Equipment
$AMAT – Semiconductor Equipment
$LRCX – https://t.co/MMCbfAOG9S",en,2042058665440825435,317,47,9,4,239,39344,https://x.com/jfsrev/status/2042058665440825435,0,0,,2026-09-07 06:00:42
2041880302818357756,153692841,jfsrev,2026-04-08T14:06:15.000Z,delaying your entry by just 30 minutes after the open has been exceptionally beneficial in this market,en,2041880302818357756,398,19,5,2,53,38845,https://x.com/jfsrev/status/2041880302818357756,0,0,,2026-09-07 06:00:42
2041784723740225923,153692841,jfsrev,2026-04-08T07:46:27.000Z,💯 https://t.co/9on0DEkCtn,art,2041784723740225923,30,0,0,0,19,9377,https://x.com/jfsrev/status/2041784723740225923,0,0,"[{""id"": ""2041783973991297113"", ""type"": ""quoted""}]",2026-09-07 06:00:42
2041536442611192259,153692841,jfsrev,2026-04-07T15:19:52.000Z,"i can't say for certain because the information can be skewed. you can't depend on the 'theme' map to trade on ideas without a deep dive. i will give u a live example now under 'Waste' theme. 

1. $CLH is a 15.8 B large cap company +0.42%. 
2. $BALL is a 15 B large cap company https://t.co/2BU1R7TxjR https://t.co/ndyYEFJqMt",en,2041536442611192259,38,6,2,0,10,11208,https://x.com/jfsrev/status/2041536442611192259,0,0,"[{""id"": ""2041532031729893842"", ""type"": ""quoted""}]",2026-09-07 06:00:42
2041530883484819925,153692841,jfsrev,2026-04-07T14:57:47.000Z,"ETFs are directly tradable (if liquid) and may be more liquid than even the strongest names within their underlying basket or theme.

There are also leveraged ETF alternatives that can reduce your overall capital outlay, given their higher ADR% exposure. I have a very extensive https://t.co/5ONwRtN1Lv https://t.co/I0TPiDBNK4",en,2041530883484819925,63,9,3,1,40,10665,https://x.com/jfsrev/status/2041530883484819925,0,0,"[{""id"": ""2041525677048869296"", ""type"": ""quoted""}]",2026-09-07 06:00:42
2041463226718974010,153692841,jfsrev,2026-04-07T10:28:56.000Z,"The only certainty is that the outcomes will unfold after hours, a significant and uncontrollable gap risk to the market for any new positions without sufficient profit cushion to carry over. https://t.co/AezhEzaW0F",en,2041463226718974010,61,1,4,2,6,14472,https://x.com/jfsrev/status/2041463226718974010,0,0,"[{""id"": ""2041446166856913064"", ""type"": ""quoted""}]",2026-09-07 06:00:42
2041335186575823165,153692841,jfsrev,2026-04-07T02:00:09.000Z,"""The worse a situation becomes, the less it takes to turn it around, and the bigger the upside."" - George Soros

it is less than 24 hours to an immediate headline risk; hard to price, harder to trade. but a negative fundamental outcome is a great test of whether the market can https://t.co/UlifcL9nSY https://t.co/nhQf6WLa8N",en,2041335186575823165,163,17,5,3,66,53792,https://x.com/jfsrev/status/2041335186575823165,0,0,"[{""id"": ""2038615499224051951"", ""type"": ""quoted""}]",2026-09-07 06:00:42
2040791120469512445,153692841,jfsrev,2026-04-05T13:58:13.000Z,"Top 20 Market Leading Industry Groups by 1-Month Relative Strength

$USO — Crude Oil
$EWZ — Brazilian Equities
$KRE — Regional Banks
$XBI — Biotech (Equal Weight)
$ILF — Latin America 40
$IBB — Biotech Megacap
$KBE — Large-Cap Banking
$UFO — Space Industry
$IGF — Global https://t.co/jBBrDfUkR9 https://t.co/RmU5dbyLSM",en,2040791120469512445,314,52,9,1,291,51821,https://x.com/jfsrev/status/2040791120469512445,0,0,"[{""id"": ""1726430162609451255"", ""type"": ""quoted""}]",2026-09-07 06:00:42
2040346282410299473,153692841,jfsrev,2026-04-04T08:30:36.000Z,"under chapter 5.3

https://t.co/aJAQl2e9N3 https://t.co/TEvxcw7esZ https://t.co/0B47xpWjzB",en,2040346282410299473,41,5,2,0,31,11806,https://x.com/jfsrev/status/2040346282410299473,0,0,"[{""id"": ""2040343568477548974"", ""type"": ""quoted""}]",2026-09-07 06:00:42
2039952621965086999,153692841,jfsrev,2026-04-03T06:26:20.000Z,"18 liquid leaders holding above key 10/20/50/200-SMAs

$SATS - Telecom Services
$GEV - Specialty Industrial Machinery
$INTC - Semiconductors
$AMD - Semiconductors
$MRVL - Semiconductors
$ARM - Semiconductors
$COHR - Scientific &amp; Technical Instruments
$SHEL - Oil &amp; Gas Integrated https://t.co/zH5EyLm8fu",en,2039952621965086999,898,116,9,4,801,216041,https://x.com/jfsrev/status/2039952621965086999,0,0,,2026-09-07 06:00:42
2039676198230609933,153692841,jfsrev,2026-04-02T12:07:55.000Z,"Yesterday's thoughts, today’s premarket

S&amp;P 500 Futures -1.7%  $SPY https://t.co/Ysfhvqlqd5",en,2039676198230609933,75,5,1,0,4,6955,https://x.com/jfsrev/status/2039676198230609933,0,0,,2026-09-07 06:00:42
2039675963219595643,153692841,jfsrev,2026-04-02T12:06:59.000Z,"Yesterday's thoughts, today’s premarket

S&amp;P 500 Futures -1.7% https://t.co/Su3f59hUvg",en,2039675963219595643,2,0,0,0,0,641,https://x.com/jfsrev/status/2039675963219595643,0,0,,2026-09-07 06:00:42
2039342314242674967,153692841,jfsrev,2026-04-01T14:01:11.000Z,An isolated A-rated setup can also still turn into a C-rated outcome if it lacks the tailwind from strong relative strength group participation. https://t.co/4C9jLrc2hF,en,2039342314242674967,57,2,2,0,37,12430,https://x.com/jfsrev/status/2039342314242674967,0,0,"[{""id"": ""1980639074680729612"", ""type"": ""quoted""}]",2026-09-07 06:00:42
2039338265518711291,153692841,jfsrev,2026-04-01T13:45:06.000Z,"IBD RS is based on 1 year formula, weighted heavily on more recent quarters. the same iteration is creater by @DumbleDax on tradingview. Chapter 2.3.2

RS% STS by @yang927 is based on solely 1 month RS on the spreadsheet I shared on Chapter 5.3 https://t.co/T4aTMruROA https://t.co/HC1qWcQW9Q",en,2039338265518711291,52,4,1,0,63,12736,https://x.com/jfsrev/status/2039338265518711291,0,0,"[{""id"": ""2039223381544014157"", ""type"": ""quoted""}]",2026-09-07 06:00:42
2039165911211627004,153692841,jfsrev,2026-04-01T02:20:13.000Z,"Relative Strength First, Setup Second — Always  

The strongest oversold bounces are clustered within the top 1-month RS groups. 5 of them are now playing out bullish RS divergence that was highlighted before the start of the week.  

$ARGT — Argentinian Equities
$EWZ — Brazilian https://t.co/PvGa6X5qLO https://t.co/nhQf6WLa8N",en,2039165911211627004,214,32,6,0,220,37658,https://x.com/jfsrev/status/2039165911211627004,0,0,"[{""id"": ""2038615499224051951"", ""type"": ""quoted""}]",2026-09-07 06:00:42
2038990221182984317,153692841,jfsrev,2026-03-31T14:42:05.000Z,"$BOAT (IBD RS 89) — Relative Strength Group

When you zoom in and focus on top down approach via relative strength industry groups first without factoring in the broader index, you’d be surprised how weak the rest of the market has been throughout March. @alexwslater nice https://t.co/PgK86ql6FX https://t.co/a9s89q4qFj",en,2038990221182984317,98,6,4,0,47,22076,https://x.com/jfsrev/status/2038990221182984317,0,0,"[{""id"": ""2038986547697946663"", ""type"": ""quoted""}]",2026-09-07 06:00:42
2038986813118058497,153692841,jfsrev,2026-03-31T14:28:33.000Z,"This is $BRZE on the weekly chart, mapped with each quarterly earnings report and YoY growth in earnings/sales. Very consistent double digit earnings and sales growth. There have been some strong reactions, but they’ve been short-lived especially if you are on a trailing stop https://t.co/y06lyamkFd https://t.co/4w2IFcBxET",en,2038986813118058497,29,3,3,0,3,7372,https://x.com/jfsrev/status/2038986813118058497,0,0,"[{""id"": ""2038984016133779864"", ""type"": ""quoted""}]",2026-09-07 06:00:42
2038982479315603890,153692841,jfsrev,2026-03-31T14:11:20.000Z,"$NAVN - A Clear Path of Least Resistance

yes I would, given $NAVN is a play for new IPO with a clear earnings trajectory. This is how I’d view the path of least resistance on the daily timeframe.

Market Cap $2.9B | ADR: 9% | Avg $ Volume: $29.5M https://t.co/ZukbSNoCZi https://t.co/GM6fMU6QFD",en,2038982479315603890,41,3,3,1,12,56087,https://x.com/jfsrev/status/2038982479315603890,0,0,"[{""id"": ""2038980434093306136"", ""type"": ""quoted""}]",2026-09-07 06:00:42
2038869296022200527,153692841,jfsrev,2026-03-31T06:41:35.000Z,🍻 https://t.co/9SxMhjVhmR,art,2038869296022200527,7,0,0,0,0,6294,https://x.com/jfsrev/status/2038869296022200527,0,0,"[{""id"": ""2038868734966944177"", ""type"": ""quoted""}]",2026-09-07 06:00:42
2038826824030167173,153692841,jfsrev,2026-03-31T03:52:49.000Z,"10 Groups Exhibiting 1-Month RS Bullish Divergence

$EWZ — Brazil Equities
$KRE — Regional Banks
$ILF — Latin America 40
$IGF — Global Infrastructure
$GNR — Natural Resources
$KBE — Large-Cap Banks
$GUNR — Upstream Natural Resources
$ARGT — Argentina Equities
$MOO — Global https://t.co/ZzZxBWCqJH https://t.co/nhQf6WLa8N",en,2038826824030167173,216,29,2,3,187,41704,https://x.com/jfsrev/status/2038826824030167173,0,0,"[{""id"": ""2038615499224051951"", ""type"": ""quoted""}]",2026-09-07 06:00:42
2038819620015186170,153692841,jfsrev,2026-03-31T03:24:11.000Z,"$QBTS (Update) — Bearish Head &amp; Shoulders Breakdown in Progress

After losing the $17 consolidation with a series of lower highs into mid-March, $QBTS broke lower on 18th march, along with a 10-MA rejection last wednesday, slipping below $13 today. In the meantime, $QTUM ETF just https://t.co/WXDVBTFZZs https://t.co/T2npYtza6n",en,2038819620015186170,37,4,3,0,9,12065,https://x.com/jfsrev/status/2038819620015186170,0,0,"[{""id"": ""2032297342972711401"", ""type"": ""quoted""}]",2026-09-07 06:00:42
2038815814233837597,153692841,jfsrev,2026-03-31T03:09:04.000Z,"$MSFT (Update) — Bearish Flag Breakdown Extends Into Third Week After Divergence

After leading the initial breakdown, $XLK &amp; $MGK intensified downside pressure as heavyweight $META $NVDA $GOOGL $TSLA $AMZN rolled into 6–9 month low breakdowns in their respective chart patterns https://t.co/BtZIvS1Aux https://t.co/7HUaJteoVf",en,2038815814233837597,46,3,5,0,6,13282,https://x.com/jfsrev/status/2038815814233837597,0,0,"[{""id"": ""2034139872370561152"", ""type"": ""quoted""}]",2026-09-07 06:00:42
2038615499224051951,153692841,jfsrev,2026-03-30T13:53:05.000Z,"RS Bullish Divergence Emerging Across Select Industry Groups

There are a number of groups showing this right now. Even if you’re staying out of the market, it doesn’t mean switching off. Use this time to build a focused watchlist of RS-driven groups and names so you’re prepared https://t.co/zfeLtl900G https://t.co/OJscbzVfkU",en,2038615499224051951,134,12,9,1,111,129365,https://x.com/jfsrev/status/2038615499224051951,0,0,"[{""id"": ""1917142121079042435"", ""type"": ""quoted""}]",2026-09-07 06:00:42
2036263104208842911,153692841,jfsrev,2026-03-24T02:05:30.000Z,"Earlier pre-market note to the inner group; the extreme market move on POTUS comment isn’t backed by parties involved. The more you track developments around the current war, the more discipline you need to enforce, especially to avoid FOMO driven execution on days like this. If https://t.co/LsRrKBZCjg",,,56,3,6,1,6,11592,https://x.com/jfsrev/status/2036263104208842911,0,0,,2026-09-07 06:01:37
2035948214365667776,153692841,jfsrev,2026-03-23T05:14:15.000Z,"Developments Across Key Mega-Cap Movers Following the $MSFT Breakdown Within $XLK Descending Triangle Still Holding

$NVDA - Bearish rounding top with lost of 200-MA on last close, but holding at a key 9-month support around the $165 level—this zone has acted as support since the https://t.co/TFa5O7IvaO https://t.co/HvKLA0MPkK",,,68,5,5,0,23,20868,https://x.com/jfsrev/status/2035948214365667776,0,0,"[{""id"": ""2035658256165793881"", ""type"": ""quoted""}]",2026-09-07 06:01:46
2035931143984533623,153692841,jfsrev,2026-03-23T04:06:25.000Z,"Weekend Brief: US stock futures steady to lower as Hormuz standoff escalates and oil volatility fuels recession and inflation concerns ahead of key US data

- US equity futures trade little changed to slightly lower Sunday night as geopolitical tensions in the Strait of Hormuz https://t.co/8Cyg7FJdMV",,,44,3,2,0,10,14159,https://x.com/jfsrev/status/2035931143984533623,0,0,"[{""id"": ""2013570111186313242"", ""type"": ""quoted""}]",2026-09-07 06:01:46
2035882103510802836,153692841,jfsrev,2026-03-23T00:51:32.000Z,🍻 https://t.co/Lk05nkXuDM,,,36,1,2,0,31,11347,https://x.com/jfsrev/status/2035882103510802836,0,0,"[{""id"": ""2035860384821768689"", ""type"": ""quoted""}]",2026-09-07 06:01:46
2035740303559442792,153692841,jfsrev,2026-03-22T15:28:05.000Z,🍻 https://t.co/9yZwxknNf1,,,20,0,0,0,14,6998,https://x.com/jfsrev/status/2035740303559442792,0,0,"[{""id"": ""2035737103238156518"", ""type"": ""quoted""}]",2026-09-07 06:01:46
2035665999484399669,153692841,jfsrev,2026-03-22T10:32:49.000Z,"Mainly because cap-weighted $XLK surprisingly didn’t break down on Friday. in my view, that’s not optimism - if megacap tech further weaken their posture, it could trigger a more aggressive selloff with broader participation.

tech hasn't sell as hard relative to utilities, real https://t.co/hn2JurU8ro https://t.co/znL4Tg2peb",,,61,5,6,2,14,37916,https://x.com/jfsrev/status/2035665999484399669,0,0,"[{""id"": ""2035663014506995930"", ""type"": ""quoted""}]",2026-09-07 06:01:46
2035658256165793881,153692841,jfsrev,2026-03-22T10:02:03.000Z,"$MSFT (Update) — 6-Week Bearish Flag Breakdown, Week 1 of the Move

After losing its 7-year trendline support, Microsoft extended its weakness with 4 consecutive red sessions, also failing to participate in Thursday’s r2g tech bounce. Price broke down cleanly from the highlighted https://t.co/8UYD8eKY4q https://t.co/7HUaJteoVf",,,132,17,8,2,26,45960,https://x.com/jfsrev/status/2035658256165793881,0,0,"[{""id"": ""2034139872370561152"", ""type"": ""quoted""}]",2026-09-07 06:01:46
2035566718408630434,153692841,jfsrev,2026-03-22T03:58:19.000Z,https://t.co/i7HkB5iqPV https://t.co/CVQttBjo9P,,,9,1,0,0,11,8337,https://x.com/jfsrev/status/2035566718408630434,0,0,"[{""id"": ""2035356742520049709"", ""type"": ""quoted""}]",2026-09-07 06:01:46
2035539175488037269,153692841,jfsrev,2026-03-22T02:08:52.000Z,https://t.co/T4aTMruROA https://t.co/j7WUTexyAp,,,22,2,1,1,40,12567,https://x.com/jfsrev/status/2035539175488037269,0,0,"[{""id"": ""2035486423747297424"", ""type"": ""quoted""}]",2026-09-07 06:01:46
2035539102700064935,153692841,jfsrev,2026-03-22T02:08:35.000Z,💯 https://t.co/L1uaK4R4zF,,,16,0,0,0,3,8568,https://x.com/jfsrev/status/2035539102700064935,0,0,"[{""id"": ""2035402514749673620"", ""type"": ""quoted""}]",2026-09-07 06:01:46
2035329126232621069,153692841,jfsrev,2026-03-21T12:14:12.000Z,"High-Momentum Leaders: 19 Stocks Showing Expanding Relative Strength    

$PL — Aerospace &amp; Defense
$CF — Agricultural Inputs
$CRCL — Capital Markets
$CIEN — Communication Equipment
$LITE — Communication Equipment
$SNDK — Computer Hardware
$STX — Computer Hardware
$WDC — Computer https://t.co/Jh5MVVV9tQ https://t.co/zPJAnJ0WW0",,,592,108,10,4,635,95608,https://x.com/jfsrev/status/2035329126232621069,0,0,"[{""id"": ""1789602959782977668"", ""type"": ""quoted""}]",2026-09-07 06:01:46
2035196983569490289,153692841,jfsrev,2026-03-21T03:29:07.000Z,"The most straightforward breadth indicator by Quallamaggie 

Chapter 5.3 Situational Awareness Can Be Objective https://t.co/aJAQl2e9N3 https://t.co/qS3IMD9eqL https://t.co/7snaJ2R2NC",,,278,19,6,0,383,45078,https://x.com/jfsrev/status/2035196983569490289,0,0,"[{""id"": ""1819302708194738483"", ""type"": ""quoted""}]",2026-09-07 06:01:46
2035082827935736272,153692841,jfsrev,2026-03-20T19:55:30.000Z,🙏🏻 https://t.co/Vqn86bhxLB,,,8,0,0,0,4,5406,https://x.com/jfsrev/status/2035082827935736272,0,0,"[{""id"": ""2035079629162127472"", ""type"": ""quoted""}]",2026-09-07 06:01:46
2034997700178190367,153692841,jfsrev,2026-03-20T14:17:14.000Z,thank u @tealeaftrader sir https://t.co/PBoOkZraf6,,,11,0,1,0,1,5290,https://x.com/jfsrev/status/2034997700178190367,0,0,"[{""id"": ""2034966537807729040"", ""type"": ""quoted""}]",2026-09-07 06:01:46
2034995980807151798,153692841,jfsrev,2026-03-20T14:10:24.000Z,thank you @cfromhertz 🍻 https://t.co/2MH3BplqZ5,,,10,0,1,0,0,4590,https://x.com/jfsrev/status/2034995980807151798,0,0,"[{""id"": ""2034967506922656212"", ""type"": ""quoted""}]",2026-09-07 06:01:46
2034995746890740104,153692841,jfsrev,2026-03-20T14:09:29.000Z,your work on Substack deserves a huge mention 👏 https://t.co/M8v2sMIoiB,,,33,2,1,0,7,7714,https://x.com/jfsrev/status/2034995746890740104,0,0,"[{""id"": ""2034977879365149140"", ""type"": ""quoted""}]",2026-09-07 06:01:46
2034942255048597801,153692841,jfsrev,2026-03-20T10:36:55.000Z,"Gap down open, again. 

Where do you think we close intraday this time?",,,15,0,14,0,1,10228,https://x.com/jfsrev/status/2034942255048597801,0,0,,2026-09-07 06:01:46
2034827088021397817,153692841,jfsrev,2026-03-20T02:59:17.000Z,thank you paul https://t.co/X233HqZZP1,,,15,1,0,0,4,7305,https://x.com/jfsrev/status/2034827088021397817,0,0,"[{""id"": ""2034826873692463402"", ""type"": ""quoted""}]",2026-09-07 06:01:46
2034824767807922609,153692841,jfsrev,2026-03-20T02:50:04.000Z,"2026 YTD: 24 Top High-Momentum Liquid Leaders Above $1B Dollar Volume Participation.

$GEV — Specialty Industrial Machinery
$NBIS — Software Infrastructure
$MU — Semiconductors
$LRCX — Semiconductor Equipment &amp; Materials
$AMAT — Semiconductor Equipment &amp; Materials
$COHR — https://t.co/DlhUmSASnV https://t.co/XBQtYcCHSj",,,227,30,2,2,198,48637,https://x.com/jfsrev/status/2034824767807922609,0,0,"[{""id"": ""1659786288067928064"", ""type"": ""quoted""}]",2026-09-07 06:01:46
2034810945437065371,153692841,jfsrev,2026-03-20T01:55:09.000Z,"I completed this project late last year to repurpose my Substack into a content hub, a one stop Trader's Guide—archiving my long-form Twitter threads into short, easily accessible links into 17 chapters of different topics, along with an FAQ and a glossary of terms I frequently https://t.co/lZcL8tSO3w https://t.co/XRMxfYoVV1",,,263,20,15,5,152,25026,https://x.com/jfsrev/status/2034810945437065371,0,0,"[{""id"": ""1996636957129281701"", ""type"": ""quoted""}]",2026-09-07 06:01:46
2034810766390698432,153692841,jfsrev,2026-03-20T01:54:26.000Z,"I completed this project late last year to repurpose my Substack into a content hub, a one stop Trader's Guide—archiving my long-form Twitter threads into short, easily accessible links into 17 chapters of different topics, along with an FAQ and a glossary of terms I frequently https://t.co/5qMOzbBfoN https://t.co/XRMxfYoVV1",,,1,0,0,0,1,852,https://x.com/jfsrev/status/2034810766390698432,0,0,"[{""id"": ""1996636957129281701"", ""type"": ""quoted""}]",2026-09-07 06:01:46
2034801384869306620,153692841,jfsrev,2026-03-20T01:17:09.000Z,$SPY +0.4% (Intraday) https://t.co/b9aoYyb9FY https://t.co/I8rZcyZBlp,,,32,2,1,0,0,7297,https://x.com/jfsrev/status/2034801384869306620,0,0,"[{""id"": ""2034622564786704639"", ""type"": ""quoted""}]",2026-09-07 06:01:46
2034647216598745439,153692841,jfsrev,2026-03-19T15:04:33.000Z,Definition of luck is when preparation meets opportunity.,,,74,4,4,1,5,5642,https://x.com/jfsrev/status/2034647216598745439,0,0,,2026-09-07 06:01:46
2034622564786704639,153692841,jfsrev,2026-03-19T13:26:35.000Z,Gap down open. Where do you think we close intraday?,,,6,0,6,1,0,15056,https://x.com/jfsrev/status/2034622564786704639,0,0,,2026-09-07 06:01:46
2034572552882794537,153692841,jfsrev,2026-03-19T10:07:51.000Z,"$MU — Exceptionally strong earnings reinforce that AI demand is pushing through the Fed’s cautious macro narrative.

2 key developments from yesterday: the Fed held rates steady, with the dot plot now signaling just 1 cut for the rest of 2026 (down from 3) with expectation of https://t.co/cF7GBDm0ia https://t.co/l8BvvHlgGx",,,98,5,6,0,27,15427,https://x.com/jfsrev/status/2034572552882794537,0,0,"[{""id"": ""2033912112880488736"", ""type"": ""quoted""}]",2026-09-07 06:01:46
2034470516921446827,153692841,jfsrev,2026-03-19T03:22:24.000Z,"Top 20 Market Leading Industry Groups by 1-Month Relative Strength

$USO — Crude Oil
$XES — Oil &amp; Gas Equipment &amp; Services
$XOP — Oil &amp; Gas E&amp;P
$FCG — Natural Gas E&amp;P
$UFO — Space Industry
$IYZ — Telecommunications Services
$IDGT — Digital Infrastructure &amp; Data Centers
$HYDR — https://t.co/5ANKUR04mj",,,118,14,1,0,65,10784,https://x.com/jfsrev/status/2034470516921446827,0,0,,2026-09-07 06:01:46
2034456564598534517,153692841,jfsrev,2026-03-19T02:26:58.000Z,"$SPY (Update) — Short Term Perspective with $MMTW % Of Stocks Above 20-MA

2 days of gains have been fully erased today, with $MMTW returning to historically oversold levels—similar to where we started the week. A 2–3 day rebound wouldn’t be surprising, even with $SPY at a new https://t.co/F8UuibzVIb https://t.co/wjOkTmqVpC",,,93,3,4,0,35,16068,https://x.com/jfsrev/status/2034456564598534517,0,0,"[{""id"": ""1659656948869132288"", ""type"": ""quoted""}]",2026-09-07 06:01:46
2034425761340465293,153692841,jfsrev,2026-03-19T00:24:33.000Z,bait @jimcramer https://t.co/cQtjp2ITEK https://t.co/unHyB6Xgr5,,,29,1,2,1,0,7119,https://x.com/jfsrev/status/2034425761340465293,0,0,"[{""id"": ""2034347108791193873"", ""type"": ""quoted""}]",2026-09-07 06:01:46
2034274931509461408,153692841,jfsrev,2026-03-18T14:25:13.000Z,"$BTSG — 17 months on, now pushing toward new all-time highs at $44.9 from $15.

Many of the strongest movers in this environment are sub-3 year IPOs of a certain share structure, sharing similar traits of strong growth and consistent YoY earnings beats. eg. $SNDK $GEV $KRMN $UMAC https://t.co/9v977QNPIS https://t.co/8fWe28ldIi",,,46,3,3,0,15,8274,https://x.com/jfsrev/status/2034274931509461408,0,0,"[{""id"": ""1845831791581823210"", ""type"": ""quoted""}]",2026-09-07 06:01:46
2034139872370561152,153692841,jfsrev,2026-03-18T05:28:32.000Z,"$MSFT — 6-Week Bearish Flag, RS Divergence

Microsoft has broken below a 7-year trendline support and failed to reclaim it during the early March bounce, despite a 10 vs 20-MA golden cross attempt. The past 6 weeks of tight, congestive price action have developed into a bearish https://t.co/9g5dTwDP84",,,181,22,20,4,45,78414,https://x.com/jfsrev/status/2034139872370561152,0,0,,2026-09-07 06:01:46
2034110451655840169,153692841,jfsrev,2026-03-18T03:31:38.000Z,"$SPY - Update

Monday +1.02%
Tuesday +0.26%

The market remains within a downtrend channel even with any further potential +1% move into the end of a positive week. There’s still no clear sign of a strong breadth thrust, even though strength in select tech names may create a https://t.co/XOPZFerN8i https://t.co/60fmTD5D6v",,,192,13,6,4,42,68178,https://x.com/jfsrev/status/2034110451655840169,0,0,"[{""id"": ""2032721640358899781"", ""type"": ""quoted""}]",2026-09-07 06:01:46
2034088178488119767,153692841,jfsrev,2026-03-18T02:03:07.000Z,"$CRCL — 10x ATR% extended from the 50-MA into major resistance.

Awakening after a period of neglect from Q4 earnings report, now up +120.37% over the past month. Imagine the potential of this rally in a more favorable market environment. Triple digit % EPS surprise in last 2 https://t.co/HPNkHQycuS",,,181,7,14,0,41,14557,https://x.com/jfsrev/status/2034088178488119767,0,0,,2026-09-07 06:01:46
2033912112880488736,153692841,jfsrev,2026-03-17T14:23:30.000Z,"A Great Tool To Bookmark: Earnings Date Market Map

Most of us are familiar with @finviz_com free stock market map. It’s great to see them expanding its capabilities by adding multiple metrics lately. 

One standout feature is the earnings date filter which provides a direct https://t.co/qYhYOoAnOn https://t.co/HusJwfbdPX",,,119,7,4,1,102,32095,https://x.com/jfsrev/status/2033912112880488736,0,0,"[{""id"": ""1956359894077985168"", ""type"": ""quoted""}]",2026-09-07 06:01:46
2033780440340042230,153692841,jfsrev,2026-03-17T05:40:17.000Z,"chapter 2.4 by @finallynitin

https://t.co/VYP8NIQMii https://t.co/HrXYOqpkGN https://t.co/l6bs3mVPYS",,,92,6,2,0,106,17197,https://x.com/jfsrev/status/2033780440340042230,0,0,"[{""id"": ""2033777097110655440"", ""type"": ""quoted""}]",2026-09-07 06:01:46
2033779302970626227,153692841,jfsrev,2026-03-17T05:35:46.000Z,"chapter 2.4

https://t.co/VYP8NIQMii https://t.co/CbeIJnviLG https://t.co/l6bs3mVPYS",,,3,0,0,0,4,1057,https://x.com/jfsrev/status/2033779302970626227,0,0,"[{""id"": ""2033777097110655440"", ""type"": ""quoted""}]",2026-09-07 06:01:46
2033740933490217052,153692841,jfsrev,2026-03-17T03:03:18.000Z,"$TSLA — Bullish Falling Wedge Pattern

Tesla has shown relative strength since March 3, continuing to trade within a tightening range inside a 3-month falling wedge from mid Dec all-time-high. It’s also been 6 weeks since $TSLA last traded a session with volume above its 50-day https://t.co/1M2IHt9Zao",,,298,27,19,4,66,25219,https://x.com/jfsrev/status/2033740933490217052,0,0,,2026-09-07 06:01:46
2033740602991665369,153692841,jfsrev,2026-03-17T03:01:59.000Z,"$TSLA — Bullish Falling Wedge Pattern

Tesla has shown relative strength since March 3, continuing to trade within a tightening range inside a 3-month falling wedge from mid Dec all-time-high. It’s also been 6 weeks since $TSLA last traded a session with volume above its 50-day https://t.co/n6Teb2PlaY",,,4,0,0,0,0,856,https://x.com/jfsrev/status/2033740602991665369,0,0,,2026-09-07 06:01:46
2033723822592151857,153692841,jfsrev,2026-03-17T01:55:18.000Z,"$BTCUSD (+12.8% MTD) — Horn Bottom pattern 

""Charting principles are not magic, but simply provide a structure for a trading process"" -Peter Brandt, Diary of a Professional Commodity Trader (2011) https://t.co/4MGJzsfcwt https://t.co/NhHzKRlKcm",,,220,17,9,0,114,30583,https://x.com/jfsrev/status/2033723822592151857,0,0,"[{""id"": ""2033324078728466635"", ""type"": ""quoted""}]",2026-09-07 06:01:46
2033361281991037322,153692841,jfsrev,2026-03-16T01:54:42.000Z,"10 Growth Names Attracting Institutional Inflows

$NIO — Auto Manufacturers
$XPEV — Auto Manufacturers
$CRCL — Capital Markets / Digital Assets
$BGC — Capital Markets
$CIEN — Communication Equipment
$CNX — Natural Gas E&amp;P
$VG — LNG Infrastructure / Gas Midstream
$MU — https://t.co/kRZ4ti7uzX https://t.co/dqX3G256ev",,,166,18,3,0,116,23368,https://x.com/jfsrev/status/2033361281991037322,0,0,"[{""id"": ""1796806706028302775"", ""type"": ""quoted""}]",2026-09-07 06:01:46
2032721640358899781,153692841,jfsrev,2026-03-14T07:32:59.000Z,"$SPY — The Current Reality

Price is sitting at downtrend channel support, which could allow for a short-term bounce. Moves within this channel can easily reach +2% in upcoming week, making it tempting to turn optimistic if it happens over the course of 3-4 consecutive sessions https://t.co/Tv0rxJBEpo https://t.co/WN9TRYFudV",,,288,27,12,5,95,73682,https://x.com/jfsrev/status/2032721640358899781,0,0,"[{""id"": ""1659660014406213632"", ""type"": ""quoted""}]",2026-09-07 06:01:46
2032661756842226045,153692841,jfsrev,2026-03-14T03:35:02.000Z,"High-Momentum Leaders: 17 Stocks Showing Expanding Relative Strength    

$PL — Aerospace &amp; Defense
$MOS — Agricultural Inputs
$CF — Agricultural Inputs
$AA — Aluminum
$CRCL — Capital Markets
$AAOI — Communication Equipment
$CIEN — Communication Equipment
$VIAV — Communication https://t.co/RKBpDlBUbg https://t.co/zPJAnJ0WW0",,,433,70,2,2,400,54053,https://x.com/jfsrev/status/2032661756842226045,0,0,"[{""id"": ""1789602959782977668"", ""type"": ""quoted""}]",2026-09-07 06:01:46
2032474826817130542,153692841,jfsrev,2026-03-13T15:12:14.000Z,"$WGMI $DAPP $BITQ $BKCH (Update)

$BTDR +7.08%
$CIFR +8.43%
$CLSK +5.34%
$COIN +3.28%
$CORZ +2.15%
$HUT +4.24%
$IREN +4.21%
$MARA +11.7%
$RIOT +3.55%
$MSTR +4.9% https://t.co/qyNcAPaPAE https://t.co/po3CHTA7Pu",,,36,3,0,0,11,6514,https://x.com/jfsrev/status/2032474826817130542,0,0,"[{""id"": ""2032304399708823631"", ""type"": ""quoted""}]",2026-09-07 06:01:46
2032471177927786702,153692841,jfsrev,2026-03-13T14:57:44.000Z,"yes but solely because in this environment it is extremely easy to identify relative strength with naked eyes when major indexes have 10-ma vs 20-ma death crosses. 

start the weekend watchlist building from do a simple 10-ma above 20-ma liquid stock scan. good to build a https://t.co/dUHMErILT0",,,69,3,3,0,38,9827,https://x.com/jfsrev/status/2032471177927786702,0,0,"[{""id"": ""2032468401256603956"", ""type"": ""quoted""}]",2026-09-07 06:01:46
2032467974112563380,153692841,jfsrev,2026-03-13T14:45:01.000Z,$XHB Homebuilders - 4th consecutive week of red close with selling momentum accelerating https://t.co/buLqjh7llv https://t.co/ATPT1Oq2Ap,,,44,6,1,0,5,10043,https://x.com/jfsrev/status/2032467974112563380,0,0,"[{""id"": ""1657412434938953728"", ""type"": ""quoted""}]",2026-09-07 06:01:46
2032465823583863198,153692841,jfsrev,2026-03-13T14:36:28.000Z,$XHB Homebuilders - 4th consecutive red close with selling momentum accelerating https://t.co/O7yYWKYTrl https://t.co/ATPT1Oq2Ap,,,11,0,0,0,0,1742,https://x.com/jfsrev/status/2032465823583863198,0,0,"[{""id"": ""1657412434938953728"", ""type"": ""quoted""}]",2026-09-07 06:01:46
2032463270221897925,153692841,jfsrev,2026-03-13T14:26:19.000Z,"$PLTR - Bullish Pennant Hovering Beneath 50-MA

Came across $PLTR from @Markadiusz45 portfolio update post. The relative strength here looks promising relative to not just the market, sector, but also its own industry group $IGV that's currently showing leadership. Price has been https://t.co/Ok3QuXMN3X",,,98,4,4,1,32,32562,https://x.com/jfsrev/status/2032463270221897925,0,0,,2026-09-07 06:01:46
2032400798488142026,153692841,jfsrev,2026-03-13T10:18:05.000Z,"Useful Symbols for a quick bird’s-eye view on your Tradingview watchlist panel. 

Almost all of them are approaching 6-month low level. One more round of capitulation would likely set up some very attractive long-bias opportunities for quick bounces. https://t.co/5OT2zbWLnr https://t.co/5CwSnmhCzc",,,385,50,11,3,453,56344,https://x.com/jfsrev/status/2032400798488142026,0,0,"[{""id"": ""1909103399959974111"", ""type"": ""quoted""}]",2026-09-07 06:01:46
2032338226514706858,153692841,jfsrev,2026-03-13T06:09:26.000Z,🍻 https://t.co/eVSTbfMTTB,,,21,0,0,0,4,8023,https://x.com/jfsrev/status/2032338226514706858,0,0,"[{""id"": ""2032298294211486007"", ""type"": ""quoted""}]",2026-09-07 06:01:46
2032304399708823631,153692841,jfsrev,2026-03-13T03:55:01.000Z,"$WGMI $DAPP $BITQ $BKCH — Coordinated Bullish Wedge Formation

The past month of relative strength in major crypto coins $BTC, $ETH, $XRP, $SOL has coincided with constructive price structures across key Bitcoin mining, blockchain technology, and digital asset infrastructure https://t.co/XoMK5a1HxT https://t.co/os1EB9YbVK",,,85,4,4,1,47,22748,https://x.com/jfsrev/status/2032304399708823631,0,0,"[{""id"": ""2032124643637903511"", ""type"": ""quoted""}]",2026-09-07 06:01:46
2032297342972711401,153692841,jfsrev,2026-03-13T03:26:59.000Z,"$QBTS  — Bearish Head &amp; Shoulders Pattern

The stock has been consolidating in a lower-high range above the $17s over the past month. Mid-term weakness may resume after rejection at the declining 10/20 MAs. Price is now approaching a pivotal breakdown level of a 9-month classical https://t.co/3KqcSMNovu",,,81,5,4,1,21,21187,https://x.com/jfsrev/status/2032297342972711401,0,0,,2026-09-07 06:01:46
2032124643637903511,153692841,jfsrev,2026-03-12T16:00:44.000Z,"Another session of relative strength

$BTC $ETH $XRP $SOL

@finviz_com https://t.co/NiXOs4krsg https://t.co/TDfC6HbhpP",,,45,3,5,1,2,36285,https://x.com/jfsrev/status/2032124643637903511,0,0,"[{""id"": ""2031806714232947124"", ""type"": ""quoted""}]",2026-09-07 06:01:46
2032116742894612654,153692841,jfsrev,2026-03-12T15:29:21.000Z,"Longevity in trading runs deeper than most realize. It’s not just about strategy—it’s about building a sustainable process over time that allows you to show up every day without sacrificing too much family time, lifestyle balance, or most importantly, your mental well-being. Some https://t.co/W9IKHkYnHv",,,145,13,2,0,55,18077,https://x.com/jfsrev/status/2032116742894612654,0,0,"[{""id"": ""2032088627728007177"", ""type"": ""quoted""}]",2026-09-07 06:01:46
2032045705305735528,153692841,jfsrev,2026-03-12T10:47:04.000Z,Take some time away from the screen time if the indecisive price action is starting to wear on you. https://t.co/CNkN4YjErU,,,49,4,1,0,2,7491,https://x.com/jfsrev/status/2032045705305735528,0,0,,2026-09-07 06:01:46
2032015701326823692,153692841,jfsrev,2026-03-12T08:47:50.000Z,"$ARKW — Surprisingly, 1 of the 9 strongest groups on a 1-month RS basis.

There are several 1-month leading industry groups aren’t at new highs, but are bouncing off long-term pivotal trendline support. 

The following are 10 major stocks in ARK Next Generation Internet ETF with https://t.co/C2eZPWJY7p",,,47,5,2,0,20,7645,https://x.com/jfsrev/status/2032015701326823692,0,0,,2026-09-07 06:01:46
2031991382320300528,153692841,jfsrev,2026-03-12T07:11:12.000Z,"1-Month RS Liquid Leaders: 9 Highly Liquid Stocks With Expanding Relative Strength (&gt;$100M Avg. Dollar Volume)

$CZR — Casinos &amp; Gaming
$ALM — Industrial Metals &amp; Mining
$VRT — Data Center Infrastructure &amp; Power
$FSLY — Edge Cloud Software
$AMPX — Battery Technology
$AAOI — https://t.co/3sJLraNqi4",,,125,21,1,0,84,11201,https://x.com/jfsrev/status/2031991382320300528,0,0,,2026-09-07 06:01:46
2031806714232947124,153692841,jfsrev,2026-03-11T18:57:24.000Z,Furthering their case of relative strength https://t.co/hfGOXDdJKO https://t.co/TO7NgmKqkM,,,10,0,0,1,1,10049,https://x.com/jfsrev/status/2031806714232947124,0,0,"[{""id"": ""2031375115548782798"", ""type"": ""quoted""}]",2026-09-07 06:01:46
2031740394602643584,153692841,jfsrev,2026-03-11T14:33:52.000Z,"Intraday Market Overview

The opportunity cost of forcing subpar trades is just too high https://t.co/Fhogm1g5NO https://t.co/bpNDSS4l9v",,,85,5,0,0,46,11927,https://x.com/jfsrev/status/2031740394602643584,0,0,"[{""id"": ""1806709652975141131"", ""type"": ""quoted""}]",2026-09-07 06:01:46
2031431445336723494,153692841,jfsrev,2026-03-10T18:06:13.000Z,"the full list is available under chapter 5.3

https://t.co/0oadtsHHUm https://t.co/y7bPFXxATJ https://t.co/IQr2r3PPJr",,,53,4,0,0,56,10431,https://x.com/jfsrev/status/2031431445336723494,0,0,"[{""id"": ""2031428643293978972"", ""type"": ""quoted""}]",2026-09-07 06:01:46
2031386985726935255,153692841,jfsrev,2026-03-10T15:09:33.000Z,"Take this market volatility as a test of staying calm in conviction, maintaining inner peace and stability, rather than forcing trades for validation. 

The opportunity cost of forcing subpar trades to recover a drawdown is too high. Your time is better spent reviewing your",,,209,19,4,3,41,31425,https://x.com/jfsrev/status/2031386985726935255,0,0,,2026-09-07 06:01:46
2031355298372530344,153692841,jfsrev,2026-03-10T13:03:38.000Z,"Top 15 Market Leading Industry Groups by 1-Month Relative Strength — 60% are in the technology space.

$AIQ — Artificial Intelligence &amp; Technology
$ARKF — Fintech Innovation
$ARKK — Disruptive Innovation
$ARKW — Next-Generation Internet
$CLOU — Cloud Computing
$FCG — Natural Gas https://t.co/9gNxM1ngga",,,112,13,1,1,77,9160,https://x.com/jfsrev/status/2031355298372530344,0,0,,2026-09-07 06:01:46
2031282272788426840,153692841,jfsrev,2026-03-10T08:13:27.000Z,"$IGV (Update) — US Tech / Software

Now on 10 consecutive positive closes in a row https://t.co/UGBGA1WYlP https://t.co/TFAMXjy8DO",,,53,0,2,0,7,8870,https://x.com/jfsrev/status/2031282272788426840,0,0,"[{""id"": ""2029410271857668568"", ""type"": ""quoted""}]",2026-09-07 06:01:46
2031001299874140463,153692841,jfsrev,2026-03-09T13:36:58.000Z,"Trading might be part-time during this period, but conviction in yourself has to be full-time.",,,122,7,0,1,8,8900,https://x.com/jfsrev/status/2031001299874140463,0,0,,2026-09-07 06:01:46
2030991070721610156,153692841,jfsrev,2026-03-09T12:56:19.000Z,it's entirely covered in chapter 6.2 https://t.co/P7P7x9l52J https://t.co/ioFtvCyojF,,,62,2,1,0,69,9373,https://x.com/jfsrev/status/2030991070721610156,0,0,"[{""id"": ""2030690197810090258"", ""type"": ""quoted""}]",2026-09-07 06:01:46
2030973852176744921,153692841,jfsrev,2026-03-09T11:47:54.000Z,"for my case, 3 predetermined sell stops order has to be placed upon execution. under chapter 6.2, there are various other iteration innovated by others as well https://t.co/TuvaBPw7Pe https://t.co/U0SgPJTmQQ",,,28,2,0,0,19,7333,https://x.com/jfsrev/status/2030973852176744921,0,0,"[{""id"": ""2030912573768401341"", ""type"": ""quoted""}]",2026-09-07 06:01:46
2030895825652793510,153692841,jfsrev,2026-03-09T06:37:51.000Z,"Oil rising this quickly effectively taxes the global economy. The macro backdrop is reaching a real stress point.

$USO $WTI https://t.co/W6ougPWgs9",,,40,1,0,0,2,5662,https://x.com/jfsrev/status/2030895825652793510,0,0,,2026-09-07 06:01:46
2030845403797885235,153692841,jfsrev,2026-03-09T03:17:30.000Z,"Huge gap down in futures at the open (ES -2%, NQ -2.2%, USOIL +23%), but the work continues. Keep building your relative strength watchlist. The toughest phase usually comes right before the breakthrough.

10 Growth Names Attracting Institutional Inflows

$CRK — Oil &amp; Gas E&amp;P https://t.co/7gbzpmvYzu https://t.co/dqX3G256ev",,,135,10,3,1,119,23273,https://x.com/jfsrev/status/2030845403797885235,0,0,"[{""id"": ""1796806706028302775"", ""type"": ""quoted""}]",2026-09-07 06:01:46
2030813961747341596,153692841,jfsrev,2026-03-09T01:12:33.000Z,"it's on Chapter 9 

https://t.co/aJAQl2e9N3 https://t.co/IoMIFCLsQq https://t.co/OS8IAzTHd6",,,34,1,0,0,42,9413,https://x.com/jfsrev/status/2030813961747341596,0,0,"[{""id"": ""2030723520943005796"", ""type"": ""quoted""}]",2026-09-07 06:01:46
2030681452455883001,153692841,jfsrev,2026-03-08T16:26:01.000Z,Using a 3-stop strategy together with a 10× ATR% from 50-MA creates a significant trading edge https://t.co/zCfXDCgseJ,,,322,26,7,0,471,48526,https://x.com/jfsrev/status/2030681452455883001,0,0,"[{""id"": ""2030528665889755609"", ""type"": ""quoted""}]",2026-09-07 06:01:46
2030660862323888514,153692841,jfsrev,2026-03-08T15:04:12.000Z,$AAOI (Update) - Stalling at 10 x ATR% from 50-MA https://t.co/8bPh6g7YAT https://t.co/HWJaG5vev7,,,72,3,2,0,27,14107,https://x.com/jfsrev/status/2030660862323888514,0,0,"[{""id"": ""2020828949555867771"", ""type"": ""quoted""}]",2026-09-07 06:01:46
2030612346696343601,153692841,jfsrev,2026-03-08T11:51:25.000Z,the hardest phase is usually right before the breakthrough.,,,150,11,2,1,12,12895,https://x.com/jfsrev/status/2030612346696343601,0,0,,2026-09-07 06:01:46
2030337903486963891,153692841,jfsrev,2026-03-07T17:40:52.000Z,it's under chapter 16 https://t.co/3JNGh7fuC2 https://t.co/c5VdP4nQp9,,,127,13,2,1,172,20212,https://x.com/jfsrev/status/2030337903486963891,0,0,"[{""id"": ""2030335411571355891"", ""type"": ""quoted""}]",2026-09-07 06:01:46
2030329302810812535,153692841,jfsrev,2026-03-07T17:06:42.000Z,"It's under chapter 6 

https://t.co/OxoxgHQz0d https://t.co/KLQDN0kwf9 https://t.co/78nz8R2EAP",,,51,3,2,0,51,9225,https://x.com/jfsrev/status/2030329302810812535,0,0,"[{""id"": ""2030325807109828926"", ""type"": ""quoted""}]",2026-09-07 06:01:46
2030161365017711072,153692841,jfsrev,2026-03-07T05:59:22.000Z,"High-Momentum Leaders: 18 Stocks Showing Expanding Relative Strength  

$KRMN – Aerospace &amp; Defense
$PL – Aerospace &amp; Defense
$CENX – Aluminum
$FIGS – Apparel Manufacturing
$AAOI – Communication Equipment
$AMPX – Electrical Equipment &amp; Parts
$ACHC – Medical Care Facilities
$PTEN https://t.co/oBPJOBcSuO https://t.co/zPJAnJ0WW0",,,390,64,2,1,393,52558,https://x.com/jfsrev/status/2030161365017711072,0,0,"[{""id"": ""1789602959782977668"", ""type"": ""quoted""}]",2026-09-07 06:01:46
2029410271857668568,153692841,jfsrev,2026-03-05T04:14:48.000Z,"5 New Industry Groups at New Highs on 1-Month RS (e.g. $IGV bouncing off 15-month support)

$WCLD — Cloud Tech
$IGV — U.S. Tech / Software
$ARKF — ARK Fintech
$ARKW — ARK Internet &amp; Next-Gen Tech
$BETZ — Sports Betting https://t.co/MqXg179qSG",,,75,6,2,1,45,18311,https://x.com/jfsrev/status/2029410271857668568,0,0,,2026-09-07 06:01:46
2029226647657037839,153692841,jfsrev,2026-03-04T16:05:08.000Z,"""Cutting losses is like buying an insurance policy"" https://t.co/pr1V0G5Ctd",,,130,10,3,0,40,10118,https://x.com/jfsrev/status/2029226647657037839,0,0,,2026-09-07 06:01:46
2025451495395917839,153692841,jfsrev,2026-02-22T06:04:02.000Z,"High-Momentum Leaders: 10 Stocks Showing Expanding Relative Strength

$JBLU — Airlines
$CENX — Aluminum
$UAA — Apparel Manufacturing
$VSCO — Apparel Retail
$WT — Asset Management
$AAOI — Communication Equipment
$LITE — Communication Equipment
$HYMC — Gold Mining
$CAVA — https://t.co/tddWxq37PI https://t.co/zPJAnJ0WW0",,,204,24,2,1,180,32730,https://x.com/jfsrev/status/2025451495395917839,0,0,"[{""id"": ""1789602959782977668"", ""type"": ""quoted""}]",2026-09-07 06:02:06
2025044585190490466,153692841,jfsrev,2026-02-21T03:07:07.000Z,"Institutional Inflows: 11 Growth Names Gaining Momentum 

$BGC — Capital Markets
$RIOT — Capital Markets
$LITE — Communication Equipment
$CDE — Gold Mining
$EXE — Oil &amp; Gas E&amp;P
$EQT — Oil &amp; Gas E&amp;P
$SM — Oil &amp; Gas E&amp;P
$VG — Oil &amp; Gas Midstream
$HL — Precious Metals &amp; Mining
$MU — https://t.co/ERRkJE0Ipc https://t.co/dqX3G256ev",en,2025044585190490466,233,27,0,0,209,33456,https://x.com/jfsrev/status/2025044585190490466,0,0,"[{""id"": ""1796806706028302775"", ""type"": ""quoted""}]",2026-09-07 06:02:17
2024798293243609176,153692841,jfsrev,2026-02-20T10:48:26.000Z,poll result for option 1 is way more than I'd have expected https://t.co/61z9SLJ9gU,en,2024798293243609176,14,1,3,0,4,7418,https://x.com/jfsrev/status/2024798293243609176,0,0,"[{""id"": ""2024437514107572451"", ""type"": ""quoted""}]",2026-09-07 06:02:17
2024738821603258506,153692841,jfsrev,2026-02-20T06:52:07.000Z,"$CSIQ - Pressing into the apex of a 3-month bullish flag, ahead of earnings release.

Estimated ER date: 12/3 https://t.co/ewsjiAxoRY https://t.co/NEA0WSN8E4",en,2024738821603258506,70,3,0,0,29,11912,https://x.com/jfsrev/status/2024738821603258506,0,0,"[{""id"": ""2007678934792777825"", ""type"": ""quoted""}]",2026-09-07 06:02:17
2024676482485014575,153692841,jfsrev,2026-02-20T02:44:24.000Z,"Top 10 ""Short Squeeze"" Candidates Under 15 DTC (Days to Cover)

$LUNR $FLNC $TNGX $ORIC $SPRY $WOLF $KALV $HPK $GRPN $TECX https://t.co/nmMkG7H3j2 https://t.co/XZ7r65epXp",en,2024676482485014575,133,7,4,4,104,21759,https://x.com/jfsrev/status/2024676482485014575,0,0,"[{""id"": ""1944595506853970049"", ""type"": ""quoted""}]",2026-09-07 06:02:17
2024501142462623799,153692841,jfsrev,2026-02-19T15:07:40.000Z,"A drawdown is a test of patience, not a signal to increase your size.

They end with quiet, boring discipline.",en,2024501142462623799,194,18,4,4,29,14520,https://x.com/jfsrev/status/2024501142462623799,0,0,,2026-09-07 06:02:17
2024437514107572451,153692841,jfsrev,2026-02-19T10:54:50.000Z,Have you used any form of vibe coding to support or enhance your trading process?,en,2024437514107572451,24,1,17,2,20,20867,https://x.com/jfsrev/status/2024437514107572451,0,0,,2026-09-07 06:02:17
2024367009174364370,153692841,jfsrev,2026-02-19T06:14:40.000Z,"$NVDA - 6-Month Bullish Ascending Triangle with Tightening VCP Structure, Ahead of 25/2 AH Earnings.

As NVDA heads into the Feb 25th after-hours earnings report, it has notably lagged the broader semiconductor group $SOXX, $SMH. I wouldn't discount this as a period of artificial https://t.co/Fkuvp4Adu8 https://t.co/aGZPOFiGpf",en,2024367009174364370,104,1,5,1,27,30502,https://x.com/jfsrev/status/2024367009174364370,0,0,"[{""id"": ""2024052382733410414"", ""type"": ""quoted""}]",2026-09-07 06:02:17
2024128270288183491,153692841,jfsrev,2026-02-18T14:26:00.000Z,"$SEDG - Q4'25 Sales Beat Estimates

SolarEdge (SEDG) Q4 CY2025 Highlights:

Revenue: $335.4 million vs analyst estimates of $328 million (70.9% year-on-year growth, 2.2% beat)
Adjusted EPS: -$0.14 vs analyst estimates of -$0.23 (39% beat)
Adjusted EBITDA: -$41.23 million (-12.3% https://t.co/8iIPGPx2d8",en,2024128270288183491,44,0,0,0,9,6116,https://x.com/jfsrev/status/2024128270288183491,0,0,,2026-09-07 06:02:17
2024052382733410414,153692841,jfsrev,2026-02-18T09:24:27.000Z,"$BOTZ - one of the top 8 strongest groups, closing at a relative strength high with a perfect 100% 1-month RS rating and VARS. Below are the top 10 US-listed holdings, sorted by weightage.

1. $NVDA - NVIDIA Corporation - 10.78%
2. $ISRG - Intuitive Surgical Inc - 5.67%
3. $CGNX https://t.co/mAzGTr90B8",en,2024052382733410414,122,6,3,2,59,29594,https://x.com/jfsrev/status/2024052382733410414,0,0,,2026-09-07 06:02:17
2023774828571058631,153692841,jfsrev,2026-02-17T15:01:33.000Z,Post-open (first 30 minutes) thematic map @finviz_com https://t.co/rGN8s7VCTu https://t.co/7snaJ2R2NC,en,2023774828571058631,78,2,3,0,13,11849,https://x.com/jfsrev/status/2023774828571058631,0,0,"[{""id"": ""1819302708194738483"", ""type"": ""quoted""}]",2026-09-07 06:02:17
2023595696772014580,153692841,jfsrev,2026-02-17T03:09:45.000Z,"Happy Lunar New Year! Gong Xi Fa Cai! 恭喜发财! 🧧 

As we step into the Year of the Horse, may the months ahead be filled with strong health, clear thinking, and steady resilience  guiding us confidently through both life and the markets. https://t.co/qDLaU3CsSG",en,2023595696772014580,133,5,3,1,0,11888,https://x.com/jfsrev/status/2023595696772014580,0,0,,2026-09-07 06:02:17
2023320458574356753,153692841,jfsrev,2026-02-16T08:56:03.000Z,"$MXL - Under the Radar MidCap Semicon at a Structural Pivot with Accelerating Fundamentals

A large 10-month bullish ascending triangle is pressing into major resistance, supported by VARS throughout a choppy February. Technicals are now converging with strong YoY Q1’26 estimates https://t.co/zKxSHTw08C",en,2023320458574356753,135,9,2,1,74,75627,https://x.com/jfsrev/status/2023320458574356753,0,0,,2026-09-07 06:02:17
2022910986227958212,153692841,jfsrev,2026-02-15T05:48:57.000Z,"10 names showing maximum institutional and short-interest confluence in this Apex screen — all with low float and short interest above 30%.

1-Month Relative Strength % Sorted
$WT (95%) – Inv Banking &amp; Services
$UA (90%) – Apparel
$JBLU (75%) – Passenger Transport
$ULCC (70%) – https://t.co/dMj59yxPyR https://t.co/zPJAnJ0WW0",en,2022910986227958212,94,6,0,0,88,19598,https://x.com/jfsrev/status/2022910986227958212,0,0,"[{""id"": ""1789602959782977668"", ""type"": ""quoted""}]",2026-09-07 06:02:17
2022534440543830077,153692841,jfsrev,2026-02-14T04:52:42.000Z,"Institutional Footprints: 15 Growth Names Gaining Momentum.

1-Month Relative Strength % Sorted
$IAG (95%) – Metals &amp; Mining
$SEI (95%) – Oil &amp; Gas Equip &amp; Services
$DVLT (85%) – Software &amp; IT
$NBIS (75%) – Prof &amp; Comm Services
$CRWV (75%) – Software &amp; IT
$LPTH (65%) – Office https://t.co/ksuk1hXrr5 https://t.co/dqX3G256ev",en,2022534440543830077,229,28,7,1,187,32401,https://x.com/jfsrev/status/2022534440543830077,0,0,"[{""id"": ""1796806706028302775"", ""type"": ""quoted""}]",2026-09-07 06:02:17
2022261972516081965,153692841,jfsrev,2026-02-13T10:50:00.000Z,"If you’re sitting out today’s market, don’t sit still. ​

Train your body.
​Hard-code your mindset.
​Review old trades to spark new ideas.

​Observation is still participation. Preparation is the only edge you control. https://t.co/VVqCce7wBW",en,2022261972516081965,184,4,5,0,14,14337,https://x.com/jfsrev/status/2022261972516081965,0,0,,2026-09-07 06:02:17
2022226675065663856,153692841,jfsrev,2026-02-13T08:29:45.000Z,"Market overview from top-down: major indices, segments, and both equal and cap-weighted sectors with their 1-month RS % sorted. https://t.co/1O4MWe8r1D https://t.co/Q1NYwCS3vW",en,2022226675065663856,84,8,0,1,53,14267,https://x.com/jfsrev/status/2022226675065663856,0,0,"[{""id"": ""1812759804395528495"", ""type"": ""quoted""}]",2026-09-07 06:02:17
2021967027410501792,153692841,jfsrev,2026-02-12T15:18:00.000Z,"$VSCO (Update)  +156% 4 months on from the initial highlighted VARS

For full list of similar focus ideas - https://t.co/kYMNCpPUUY https://t.co/ohf58JSWQW https://t.co/6xdwXrJTq1",en,2021967027410501792,49,2,0,1,14,18095,https://x.com/jfsrev/status/2021967027410501792,0,0,"[{""id"": ""1986261445827567914"", ""type"": ""quoted""}]",2026-09-07 06:02:17
2021965804372471890,153692841,jfsrev,2026-02-12T15:13:08.000Z,"$STX (Update) – Six months on from the 10× ATR% pullback off the 50-MA  

Impeccable strength https://t.co/VAdqi8pVqh https://t.co/fsJLxkOwb0",en,2021965804372471890,51,5,1,0,16,10490,https://x.com/jfsrev/status/2021965804372471890,0,0,"[{""id"": ""1952199616923062404"", ""type"": ""quoted""}]",2026-09-07 06:02:17
2021847830072324259,153692841,jfsrev,2026-02-12T07:24:21.000Z,"Green Energy Alpha: 20 Strongest Names in the Clean Edge Group sorted by 1-Month Relative Strength %

$HASI – Investment Banking
$AEIS – Machinery &amp; Equipment
$ALGM – Semiconductors
$AMSC – Machinery &amp; Equipment
$CLNE – Oil &amp; Gas
$SEDG – Renewable Energy
$BE – Machinery &amp; https://t.co/vsGe3K2KYV https://t.co/bpNDSS4l9v",en,2021847830072324259,132,11,0,0,102,17811,https://x.com/jfsrev/status/2021847830072324259,0,0,"[{""id"": ""1806709652975141131"", ""type"": ""quoted""}]",2026-09-07 06:02:17
2021760397825781973,153692841,jfsrev,2026-02-12T01:36:55.000Z,"$MRP - Breaks 6-Month Downtrend Line, Signaling a Structural Shift

- 5 breakout attempts above $31.50 over the past 4 months
- clean display of volatility adjusted relative strength (VARS) throughout the period
- relative strength vs $XLF sector, likely supported by lending https://t.co/GDhKat4djz",en,2021760397825781973,68,2,0,0,34,9896,https://x.com/jfsrev/status/2021760397825781973,0,0,,2026-09-07 06:02:17
2021604190909509871,153692841,jfsrev,2026-02-11T15:16:13.000Z,"$WSC - The 5-Year Rounding Top, A Lesson In Fundamental Gravity, Why These Filter Matter in Your Screen Setting

This is a textbook example of why fundamental momentum and technical structure are two sides of the same coin. A 5-year rounding top on a name like $WSC is essentially https://t.co/DZdgLkJlej https://t.co/8am6t8SJWE",en,2021604190909509871,38,3,1,0,16,10005,https://x.com/jfsrev/status/2021604190909509871,0,0,"[{""id"": ""1852557367625572433"", ""type"": ""quoted""}]",2026-09-07 06:02:17
2021418244075389321,153692841,jfsrev,2026-02-11T02:57:20.000Z,"$HSAI (ADR 5.2%) - IPO U-base To Keep An eye On

- 3-year IPO Base (Matured) 
- 5.2% ADR (High octane)
- 8 straight quarters of YoY EPS/Sales growth 
- VARS-ing since 5th December 2025

$CRWV in my 20th May post below went to rallied +180% in a month till 20th June after its 30 https://t.co/cKZRwPQk08 https://t.co/CNAYtGlIz1",en,2021418244075389321,136,10,2,0,70,20120,https://x.com/jfsrev/status/2021418244075389321,0,0,"[{""id"": ""1924670455761514918"", ""type"": ""quoted""}]",2026-09-07 06:02:17
2021173000574468432,153692841,jfsrev,2026-02-10T10:42:49.000Z,"Every year, strive to streamline your trading strategy. It will always be a work in progress to simplify the work to amplify the results. True financial freedom isn't about the things you can buy; it’s about reclaiming your time - your life and health.

​The ultimate benchmark of https://t.co/7Bm45DigxF",en,2021173000574468432,153,10,5,2,45,19963,https://x.com/jfsrev/status/2021173000574468432,0,0,"[{""id"": ""1841775829296284051"", ""type"": ""quoted""}]",2026-09-07 06:02:17
2021143811620319617,153692841,jfsrev,2026-02-10T08:46:50.000Z,"$AXTI is in a strong trend with VARS and has a history of pulling back from 10× ATR% from the 50-MA since recapturing it's 200-MA in January 2025. 

It's currently at at 5.5 x ATR% from 50-MA and has traded at beyond 1xATR for the last 3 bullish day, short term extended in all https://t.co/5iCrq3qm8G https://t.co/Efain79LRB",en,2021143811620319617,58,4,2,0,16,10701,https://x.com/jfsrev/status/2021143811620319617,0,0,"[{""id"": ""2020837061402693876"", ""type"": ""quoted""}]",2026-09-07 06:02:17
2021093444320743840,153692841,jfsrev,2026-02-10T05:26:41.000Z,"$RUN – Another $TAN name with a clean, extended base with 7-month VARS alongside $ARRY https://t.co/WfnQ3w3Esb https://t.co/YhvLsZQ9BU",en,2021093444320743840,124,10,1,0,49,12502,https://x.com/jfsrev/status/2021093444320743840,0,0,"[{""id"": ""2020779400082731317"", ""type"": ""quoted""}]",2026-09-07 06:02:17
2021068037101912451,153692841,jfsrev,2026-02-10T03:45:44.000Z,"$HIMS – Multiple Technical and Fundamental Red Flags Ahead of Current Breakdown

Price is down -28.65% MTD, but several warning signs had already emerged since early November. These included VARW warning, a major support break aligning with the first YoY EPS deceleration since https://t.co/fU0W3k9vuF https://t.co/ylL9TYpYiz",en,2021068037101912451,64,6,3,1,14,12585,https://x.com/jfsrev/status/2021068037101912451,0,0,"[{""id"": ""2019228756662251709"", ""type"": ""quoted""}]",2026-09-07 06:02:17
2020883363054420077,153692841,jfsrev,2026-02-09T15:31:54.000Z,"$CLS (7.8% ADR) – Ranged sideways for 4 months, now entering its second week of VARS, potentially https://t.co/QYK1Clilr6",en,2020883363054420077,113,4,3,0,36,11457,https://x.com/jfsrev/status/2020883363054420077,0,0,,2026-09-07 06:02:17
2020828949555867771,153692841,jfsrev,2026-02-09T11:55:41.000Z,"$AAOI (11.5% ADR) – Less than 1 x ADR from its 52-week high

Currently trading under 2.5 x ATR% from the 50-MA, within one of the most relentless 3-month performing group in $SOXX. The last time it reached this price in early December 2024, it was extended beyond 12 x ATR% from https://t.co/L6cWmTWL65 https://t.co/fq42hach9P",en,2020828949555867771,139,7,7,1,61,47711,https://x.com/jfsrev/status/2020828949555867771,0,0,"[{""id"": ""2020379556574847442"", ""type"": ""quoted""}]",2026-09-07 06:02:17
2020779400082731317,153692841,jfsrev,2026-02-09T08:38:47.000Z,"$ARRY - Relative Strength Leader Forming a 19-Month Rounding Base with Nett Institutional Inflows

A few $TAN  solar names are on my focus and stalk list published exclusively today, but $ARRY stands out. It has the longest multi-month base, shows net institutional inflows over https://t.co/3L1SAfNj5k https://t.co/P4qFkU4RZw",en,2020779400082731317,121,3,8,1,41,30121,https://x.com/jfsrev/status/2020779400082731317,0,0,"[{""id"": ""2020027773511970864"", ""type"": ""quoted""}]",2026-09-07 06:02:17
2020379556574847442,153692841,jfsrev,2026-02-08T06:09:57.000Z,"This week’s hottest stocks, backed by net institutional inflows, are showing exceptional relative strength and relative volume.

$ULCC (100%) – Passenger Transport
$UA (100%) – Apparel
$TWST (100%) – Pharma
$JBLU (100%) – Passenger Transport
$CENX (100%) – Metals &amp; Mining
$ENPH https://t.co/sjTjMSGR43 https://t.co/zPJAnJ0WW0",en,2020379556574847442,185,12,1,3,164,47545,https://x.com/jfsrev/status/2020379556574847442,0,0,"[{""id"": ""1789602959782977668"", ""type"": ""quoted""}]",2026-09-07 06:02:17
2020200240348025243,153692841,jfsrev,2026-02-07T18:17:25.000Z,"Believe in yourself, and channel your focus and effort into making it happen. https://t.co/BX4sznm28G https://t.co/FUZFouiJxJ",en,2020200240348025243,96,12,2,1,29,12207,https://x.com/jfsrev/status/2020200240348025243,0,0,"[{""id"": ""1842112913936679299"", ""type"": ""quoted""}]",2026-09-07 06:02:17
2020068133877477877,153692841,jfsrev,2026-02-07T09:32:28.000Z,appreciate this! thank you to whoever you are 🙏🏻 https://t.co/i2ZfGEu3NU,en,2020068133877477877,49,0,0,0,5,5114,https://x.com/jfsrev/status/2020068133877477877,0,0,,2026-09-07 06:02:17
2020027773511970864,153692841,jfsrev,2026-02-07T06:52:06.000Z,"CANSLIM-Calibrated Screener (Refer to Chapter 3.1, https://t.co/OxoxgHQz0d)

I start my daily screening with this core screener, which is the source of most ideas shared with my subscribers. It’s built on both technical and fundamental growth filters with net positive https://t.co/5odDsVZGdO https://t.co/dqX3G256ev",en,2020027773511970864,281,39,0,1,347,55471,https://x.com/jfsrev/status/2020027773511970864,0,0,"[{""id"": ""1796806706028302775"", ""type"": ""quoted""}]",2026-09-07 06:02:17
2020008680373252167,153692841,jfsrev,2026-02-07T05:36:14.000Z,"yes, good charting tools with a clean layout can make a real difference in your daily routine, especially when it comes to efficiency. https://t.co/uNZeOgL0Gd",en,2020008680373252167,30,0,0,0,8,9465,https://x.com/jfsrev/status/2020008680373252167,0,0,"[{""id"": ""2019910611195293933"", ""type"": ""quoted""}]",2026-09-07 06:02:17
2019828503064277263,153692841,jfsrev,2026-02-06T17:40:16.000Z,$BTCUSD - Update https://t.co/TlrDUKyd6x https://t.co/HwfoD33JV7,en,2019828503064277263,44,2,0,0,5,7986,https://x.com/jfsrev/status/2019828503064277263,0,0,"[{""id"": ""2019604255804649776"", ""type"": ""quoted""}]",2026-09-07 06:02:17
2019780513104617755,153692841,jfsrev,2026-02-06T14:29:34.000Z,"Some charts to steady your mind and reinforce patience on the current weakness in high growth mega cap/technology names.

$APP $PLTR $HOOD $RDDT

there are more https://t.co/FmnRQTFuaw",en,2019780513104617755,110,4,3,0,24,13935,https://x.com/jfsrev/status/2019780513104617755,0,0,,2026-09-07 06:02:17
2019667147321139622,153692841,jfsrev,2026-02-06T06:59:06.000Z,"A simple screen to identify names showing immediate relative strength after the sell-off (link below):

Strongest 1-Mth RS% (Sorted)
$LITE — Communications &amp; Networking
$FORM — Semiconductors &amp; Semiconductor Equipment
$GLW — Electronic Equipment &amp; Parts
$MTSI — Semiconductors &amp; https://t.co/QHZAIwKi0a",en,2019667147321139622,638,92,6,6,722,49478,https://x.com/jfsrev/status/2019667147321139622,0,0,,2026-09-07 06:02:17
2019604251836838133,153692841,jfsrev,2026-02-06T02:49:10.000Z,"$BTCUSD - Monthly Logarithmic Chart

This primary trendline has served as a definitive floor for every major correction exceeding 50% since 2014. https://t.co/1U2UPXRqAd",en,2019604251836838133,125,6,2,2,18,28208,https://x.com/jfsrev/status/2019604251836838133,0,0,,2026-09-07 06:02:17
2019317541621973261,153692841,jfsrev,2026-02-05T07:49:53.000Z,"Expanding your horizons outside of Mega Cap Growth $MGK, $IVW and Tech $XLK might feel like unchartered territory for your watchlist, but that’s where the opportunity lies. Stay agile and embrace the market's current rotation. If you keep your screening parameters too rigid and https://t.co/kvcXqmcRvw https://t.co/Sy5sRePqpm",en,2019317541621973261,127,10,0,0,89,10587,https://x.com/jfsrev/status/2019317541621973261,0,0,"[{""id"": ""2017177380897562652"", ""type"": ""quoted""}]",2026-09-07 06:02:17
2019228756662251709,153692841,jfsrev,2026-02-05T01:57:05.000Z,"There’s a fine line between being patient with your portfolio holdings and crossing into denial. Misplaced patience can quietly become an excuse to ignore reality.

Balloning losses is a main trigger to emotionally driven decisions, which is just the beginning of how years of",en,2019228756662251709,152,6,1,3,27,25580,https://x.com/jfsrev/status/2019228756662251709,0,0,,2026-09-07 06:02:17
2018680616066134418,153692841,jfsrev,2026-02-03T13:38:58.000Z,"There are many similar setup appearing in the market after earnings, even on the weekly chart. https://t.co/vzyiRFJov5",en,2018680616066134418,92,9,2,0,96,12655,https://x.com/jfsrev/status/2018680616066134418,0,0,"[{""id"": ""1659775853574893569"", ""type"": ""quoted""}]",2026-09-07 06:02:17
2017901555874480323,153692841,jfsrev,2026-02-01T10:03:16.000Z,"8 of this week’s high ADR% hottest stocks with net institutional inflows over the last 3 months — grouped by industry.

$RDW $LUNR $CENX $UA $UAA $ASTS $SATS $FLNC

You can now enjoy a free 7-day trial on Finviz Elite with no credit card required via https://t.co/UV2Bh1W2XL https://t.co/Rbc096UsCp https://t.co/zPJAnJ0WW0",en,2017901555874480323,101,4,0,0,47,19338,https://x.com/jfsrev/status/2017901555874480323,0,0,"[{""id"": ""1789602959782977668"", ""type"": ""quoted""}]",2026-09-07 06:02:17
2017561356292284616,153692841,jfsrev,2026-01-31T11:31:26.000Z,🍻 https://t.co/QVPw67U42a,art,2017561356292284616,40,2,1,0,25,9845,https://x.com/jfsrev/status/2017561356292284616,0,0,"[{""id"": ""2017546548800848261"", ""type"": ""quoted""}]",2026-09-07 06:02:17
2017470411072802874,153692841,jfsrev,2026-01-31T05:30:03.000Z,"11 growth stocks stand out this week — each showing positive net institutional buying in ownership change over the past 3 months, sorted by industry group.

$ASST $LCID $AAOI $GH $AMPX $ALHC $SM $SEI $VG $UNIT $NXT 

You can now enjoy a free 7-day trial on Finviz Elite with no https://t.co/T53EuKH8aL https://t.co/dqX3G256ev",en,2017470411072802874,100,7,2,0,66,20894,https://x.com/jfsrev/status/2017470411072802874,0,0,"[{""id"": ""1796806706028302775"", ""type"": ""quoted""}]",2026-09-07 06:02:17
2017188507551437099,153692841,jfsrev,2026-01-30T10:49:52.000Z,👍🏻 https://t.co/AkYTVjwepj,art,2017188507551437099,13,0,0,0,11,6935,https://x.com/jfsrev/status/2017188507551437099,0,0,"[{""id"": ""2017183681342017676"", ""type"": ""quoted""}]",2026-09-07 06:02:17
2017177380897562652,153692841,jfsrev,2026-01-30T10:05:39.000Z,"Importance of Relative Strength When Building Your Portfolio, RS Leadership Endures Beyond the December, and Yesterday's Shakeout

6 weeks after the short-term market pullback that rebounded on the close of 18th December, the strongest 1-month RS groups remain largely intact from https://t.co/xaheqymUSu https://t.co/wYjtnol927",en,2017177380897562652,98,8,0,0,116,15775,https://x.com/jfsrev/status/2017177380897562652,0,0,"[{""id"": ""2001557526069051659"", ""type"": ""quoted""}]",2026-09-07 06:02:17
2017083900833779759,153692841,jfsrev,2026-01-30T03:54:12.000Z,"$GLD  - 10 x ATR% multiple from 50-MA also reflected on the weekly chart. 

The same signal is not reflected at current print of $XAUUSD with the current sell off at the asia market session. It was initially reflected based on yesterdaý's weekly print prior to market open. https://t.co/rQauulE7ac https://t.co/8Qo5cotEFH",en,2017083900833779759,43,2,1,0,11,8896,https://x.com/jfsrev/status/2017083900833779759,0,0,"[{""id"": ""2016844187166265798"", ""type"": ""quoted""}]",2026-09-07 06:02:17
2017063335481790532,153692841,jfsrev,2026-01-30T02:32:29.000Z,100% !! https://t.co/fZEeLYYskP,und,2017063335481790532,18,0,0,0,11,7522,https://x.com/jfsrev/status/2017063335481790532,0,0,"[{""id"": ""2016948447602233615"", ""type"": ""quoted""}]",2026-09-07 06:02:17
2016901339251691845,153692841,jfsrev,2026-01-29T15:48:46.000Z,"A session like today where unrealized profits quickly fade reinforces the importance of having and implementing a partial profit-taking strategy.

Giving back a single day of gains after two strong weeks is part of the game. What isn’t acceptable is surrendering, in one session, https://t.co/ljfuirheVc",en,2016901339251691845,133,9,3,1,83,25048,https://x.com/jfsrev/status/2016901339251691845,0,0,"[{""id"": ""1866483247930306837"", ""type"": ""quoted""}]",2026-09-07 06:02:17
2016896558789513348,153692841,jfsrev,2026-01-29T15:29:46.000Z,"$XAGUSD -8.6%
$XAUUSD -4.5% https://t.co/R70I9GrOq6",und,2016896558789513348,21,0,0,0,1,6009,https://x.com/jfsrev/status/2016896558789513348,0,0,"[{""id"": ""2016894461729788317"", ""type"": ""quoted""}]",2026-09-07 06:02:17
2016890955979518420,153692841,jfsrev,2026-01-29T15:07:30.000Z,cheers https://t.co/KPOtWnQhEO,en,2016890955979518420,21,0,0,0,13,5336,https://x.com/jfsrev/status/2016890955979518420,0,0,"[{""id"": ""2016890856809386026"", ""type"": ""quoted""}]",2026-09-07 06:02:17
2016890180695982323,153692841,jfsrev,2026-01-29T15:04:25.000Z,"Under Chapter 2.2, along with all the explanation and showcase

https://t.co/T4aTMruROA https://t.co/CK8Jw1LFGE https://t.co/r8NiAHBPJ7",en,2016890180695982323,41,1,0,0,43,7040,https://x.com/jfsrev/status/2016890180695982323,0,0,"[{""id"": ""2016888350599417946"", ""type"": ""quoted""}]",2026-09-07 06:02:17
2016883588051194197,153692841,jfsrev,2026-01-29T14:38:13.000Z,🙏 https://t.co/fM5ktl7Bf0,art,2016883588051194197,6,0,0,0,0,4806,https://x.com/jfsrev/status/2016883588051194197,0,0,"[{""id"": ""2016880972696899743"", ""type"": ""quoted""}]",2026-09-07 06:02:17
2016844187166265798,153692841,jfsrev,2026-01-29T12:01:40.000Z,"$XAUUSD gold futures stretched to more than 11× ATR% above its 50-MA on 16 October 2024, which was followed by a roughly 10% correction in 3 weeks.

We are back at a similar extension today even with increasing VARS . An elevated ATR% multiple from the 50-MA is not a timing https://t.co/J2x71JY7Sg https://t.co/6sgC2QryUF",en,2016844187166265798,112,10,4,3,57,37582,https://x.com/jfsrev/status/2016844187166265798,0,0,"[{""id"": ""2016826148295147761"", ""type"": ""quoted""}]",2026-09-07 06:02:17
2016049679285223758,153692841,jfsrev,2026-01-27T07:24:34.000Z,"Competency in trading and real profit comes from your own analysis, not following crowd based analysis. You are the one assuming the risk, prioritize your own 'homework' so you can hold your positions with peace of mind.",en,2016049679285223758,190,19,1,3,23,30177,https://x.com/jfsrev/status/2016049679285223758,0,0,,2026-09-07 06:02:17
2015754034104455642,153692841,jfsrev,2026-01-26T11:49:47.000Z,"11 of this week’s high ADR% hottest stocks with net institutional inflows over the last 3 months — grouped by industry.     

$LUNR $RCAT $RDW $CENX $AXL $ASTS $LMND $CRK $BNAI $CSIQ $FLNC

You can now enjoy a free 7-day trial on Finviz Elite with no credit card required via https://t.co/RxSbfJKLje https://t.co/zPJAnJ0WW0",en,2015754034104455642,101,6,2,0,48,17154,https://x.com/jfsrev/status/2015754034104455642,0,0,"[{""id"": ""1789602959782977668"", ""type"": ""quoted""}]",2026-09-07 06:02:17
2014966401383972890,153692841,jfsrev,2026-01-24T07:40:01.000Z,"17 growth stocks stand out this week — each showing positive net institutional buying in ownership change over the past 3 months, sorted by industry group.

$RCAT $CLSK $WULF $ASPI $GAU $AU $APLD $UAMY $HL $ASM $KVYO $NAVN $FIG $ZETA $NUAI $NTSK $ARRY    

You can now enjoy a https://t.co/dnY6ujwFBw https://t.co/dqX3G24yoX",en,2014966401383972890,132,12,1,0,108,27824,https://x.com/jfsrev/status/2014966401383972890,0,0,"[{""id"": ""1796806706028302775"", ""type"": ""quoted""}]",2026-09-07 06:02:17
2014964734018150634,153692841,jfsrev,2026-01-24T07:33:23.000Z,💯 https://t.co/y8srflvE49,art,2014964734018150634,15,1,1,0,8,9647,https://x.com/jfsrev/status/2014964734018150634,0,0,"[{""id"": ""2014919874406183002"", ""type"": ""quoted""}]",2026-09-07 06:02:39
2014700304667967781,153692841,jfsrev,2026-01-23T14:02:38.000Z,"this was a great read during my flight time

#ARSMUN https://t.co/YsazXEUj24 https://t.co/uKr6IRqPie",en,2014700304667967781,114,10,6,2,144,32913,https://x.com/jfsrev/status/2014700304667967781,0,0,"[{""id"": ""1856232860107350147"", ""type"": ""quoted""}]",2026-09-07 06:02:39
2014594280006795547,153692841,jfsrev,2026-01-23T07:01:20.000Z,"$OTF - 6-month basing structure with VARS present.

Not the cleanest IPO base as $CRWV and $XPEV during their time, but worth to keep in watchlist if it continues to consolidate and tightened its range for a few more weeks/months https://t.co/JoPEE8n2KF",,,49,2,1,0,21,8629,https://x.com/jfsrev/status/2014594280006795547,0,0,,2026-09-07 06:02:50
2014395547315224919,153692841,jfsrev,2026-01-22T17:51:38.000Z,"$BABA (Update) - Another +6% move as the “T-Head chip unit IPO” option resurfaces. If this mirrors the prior two bull-flag breakouts (+$60 each), the measured move projects toward ~$220, assuming the advance starts from the $157–$160 base from 12th January in the quoted post https://t.co/CMTsBmjiRx https://t.co/Hmt9zPCZSW",,,40,1,4,0,6,7799,https://x.com/jfsrev/status/2014395547315224919,0,0,"[{""id"": ""2010911057163010332"", ""type"": ""quoted""}]",2026-09-07 06:02:57
2013969503684534701,153692841,jfsrev,2026-01-21T13:38:42.000Z,"inter milan 1 - 3 arsenal 💪🏻 

#INTARS #coyg https://t.co/F9GyRrwccE",,,29,0,1,0,0,5443,https://x.com/jfsrev/status/2013969503684534701,0,0,,2026-09-07 06:02:57
2013962570000949529,153692841,jfsrev,2026-01-21T13:11:08.000Z,Daily Digest https://t.co/RbAV1NVBVb https://t.co/8Cyg7FIFXn,,,24,1,0,0,3,7189,https://x.com/jfsrev/status/2013962570000949529,0,0,"[{""id"": ""2013570111186313242"", ""type"": ""quoted""}]",2026-09-07 06:02:57
2013587952367185999,153692841,jfsrev,2026-01-20T12:22:33.000Z,💯 https://t.co/VzFrgOOfzw,,,12,0,0,0,0,7768,https://x.com/jfsrev/status/2013587952367185999,0,0,"[{""id"": ""2013584117124694338"", ""type"": ""quoted""}]",2026-09-07 06:02:57
2013570111186313242,153692841,jfsrev,2026-01-20T11:11:39.000Z,@finviz_com new AI-powered 'Daily Digest' has certainly made pre-market reading much easier and more condensed https://t.co/SxULyNsQkm https://t.co/w4NAxAZoSB,,,104,7,2,1,71,37828,https://x.com/jfsrev/status/2013570111186313242,0,0,"[{""id"": ""1810643020599185525"", ""type"": ""quoted""}]",2026-09-07 06:02:57
2013541175865799077,153692841,jfsrev,2026-01-20T09:16:40.000Z,"milan 🇮🇹 
5 more hours to market open

#INTARS https://t.co/SAsg01UTN0",,,60,0,3,0,0,5955,https://x.com/jfsrev/status/2013541175865799077,0,0,,2026-09-07 06:02:57
2013261646605730047,153692841,jfsrev,2026-01-19T14:45:55.000Z,"Higher standards imho = cutting out ALOT of sub-optimal charts and learning to really sit on the fence in unfavorable environments. Performance can be elevated by trading clean, executing less, and waiting more—but it’s difficult unless you accept that excitement in the market https://t.co/Ba6O28uN2G",,,170,11,3,1,77,25658,https://x.com/jfsrev/status/2013261646605730047,0,0,"[{""id"": ""2012952740033360096"", ""type"": ""quoted""}]",2026-09-07 06:02:57
2013122664186163651,153692841,jfsrev,2026-01-19T05:33:39.000Z,"While $XLK continues to lag on a relative basis, price is compressing into a four-week tight range — even with a prospective gap-down open tomorrow. Beneath the surface, several longer term tech charts are quietly improving for those willing to stay patient with their watchlist https://t.co/TMq3L9zDhj",,,124,8,4,2,45,16964,https://x.com/jfsrev/status/2013122664186163651,0,0,,2026-09-07 06:02:57
2012930646101139747,153692841,jfsrev,2026-01-18T16:50:39.000Z,"5 of this week’s high ADR% hottest stocks with net institutional inflows over the last 3 months — grouped by industry.   

$RDW   $LUNR   $HYMC   $BYND   $FLNC

You can now enjoy a free 7-day trial on Finviz Elite with no credit card required via https://t.co/UV2Bh1W2XL https://t.co/Le0nMGZJ0l https://t.co/zPJAnJ0WW0",,,88,6,2,2,65,20450,https://x.com/jfsrev/status/2012930646101139747,0,0,"[{""id"": ""1789602959782977668"", ""type"": ""quoted""}]",2026-09-07 06:02:57
2012350941425787079,153692841,jfsrev,2026-01-17T02:27:06.000Z,"17 growth stocks stand out this week — each showing positive net institutional buying in ownership change over the past 3 months, sorted by industry group.

$RCAT $RIOT $MARA $GEMI $ASPI $AAOI $UMAC $IONQ $QUBT $UPST $ENVX $AMPX $TEM $SEI $ASM $ALTS $CRWV     

You can now enjoy https://t.co/4QLdyPPppM https://t.co/dqX3G256ev",,,156,14,4,0,139,29208,https://x.com/jfsrev/status/2012350941425787079,0,0,"[{""id"": ""1796806706028302775"", ""type"": ""quoted""}]",2026-09-07 06:02:57
2011979029684121797,153692841,jfsrev,2026-01-16T01:49:16.000Z,👍🏻 https://t.co/oGgyY5XpCj,,,10,0,0,0,5,8235,https://x.com/jfsrev/status/2011979029684121797,0,0,"[{""id"": ""2011852391998701924"", ""type"": ""quoted""}]",2026-09-07 06:02:57
2010911057163010332,153692841,jfsrev,2026-01-13T03:05:31.000Z,$BABA yesterday's move reminded me of $COIN from 2024 January https://t.co/Zk8uqayQn7 https://t.co/vlKU8JWIvC,,,92,11,4,3,31,41098,https://x.com/jfsrev/status/2010911057163010332,0,0,"[{""id"": ""1751903862225776941"", ""type"": ""quoted""}]",2026-09-07 06:02:57
2010902879151013920,153692841,jfsrev,2026-01-13T02:33:01.000Z,"This week’s 14 beaten-down stocks showing potential long-term cup-and-handle formations, backed by positive institutional accumulation over the past three months.   

$EH $HIVE $CLSK $BTBT $GLXY $BMNR $CAN $QUBT $DDD $TWST $UDMY $AUR $APPS $AEVA

You can now enjoy a free 7-day https://t.co/3INvbXDOl3 https://t.co/zVoQfMaRuY",,,52,3,1,0,44,15426,https://x.com/jfsrev/status/2010902879151013920,0,0,"[{""id"": ""1947145787479331055"", ""type"": ""quoted""}]",2026-09-07 06:02:57
2010636364782694872,153692841,jfsrev,2026-01-12T08:53:59.000Z,thank you 🍻 https://t.co/gXtI6O39yI,,,10,0,1,0,0,6753,https://x.com/jfsrev/status/2010636364782694872,0,0,"[{""id"": ""2010621519513215373"", ""type"": ""quoted""}]",2026-09-07 06:02:57
2010160659422712053,153692841,jfsrev,2026-01-11T01:23:42.000Z,"5 of this week’s high ADR% hottest stocks with net institutional inflows over the last 3 months — grouped by industry. 

$LUNR $AXL $ONDS $REAL $FLNC  

You can now enjoy a free 7-day trial on Finviz Elite with no credit card required via https://t.co/UV2Bh1W2XL

@finviz_com https://t.co/WYBykRoWYg https://t.co/zPJAnJ0WW0",,,65,3,2,1,43,18358,https://x.com/jfsrev/status/2010160659422712053,0,0,"[{""id"": ""1789602959782977668"", ""type"": ""quoted""}]",2026-09-07 06:02:57
2010160400218894646,153692841,jfsrev,2026-01-11T01:22:41.000Z,"5 of this week’s high ADR% hottest stocks with net institutional inflows over the last 3 months — grouped by industry. 

$LUNR  $AXL  $ONDS  $REAL  $FLNC            

You can now enjoy a free 7-day trial on Finviz Elite with no credit card required via https://t.co/UV2Bh1W2XL https://t.co/dk5AuB9emQ https://t.co/zPJAnJ0WW0",,,0,0,0,0,0,729,https://x.com/jfsrev/status/2010160400218894646,0,0,"[{""id"": ""1789602959782977668"", ""type"": ""quoted""}]",2026-09-07 06:02:57
2010160308250390920,153692841,jfsrev,2026-01-11T01:22:19.000Z,"5 of this week’s high ADR% hottest stocks with net institutional inflows over the last 3 months — grouped by industry. 

$LUNR $AXL $ONDS $REAL $FLNC            

You can now enjoy a free 7-day trial on Finviz Elite with no credit card required via https://t.co/UV2Bh1W2XL https://t.co/n4mV8UdQ9n https://t.co/zPJAnJ0WW0",,,1,0,0,0,0,492,https://x.com/jfsrev/status/2010160308250390920,0,0,"[{""id"": ""1789602959782977668"", ""type"": ""quoted""}]",2026-09-07 06:02:57
2009882716783915235,153692841,jfsrev,2026-01-10T06:59:16.000Z,"$FIG - Weekly VCP supported by positive net institutional flow, strong sales estimate.

On the daily, it is a ascending triangle with volatility contraction. While price action remains coiled within 10 &amp; 20-MA, $FIG is likely to approach declining 50-MA within the month. Next https://t.co/CrlwFgLEbL https://t.co/sKT5tyO6qr",,,88,5,2,1,41,15556,https://x.com/jfsrev/status/2009882716783915235,0,0,"[{""id"": ""2009791306764300385"", ""type"": ""quoted""}]",2026-09-07 06:02:57
2009825833003954345,153692841,jfsrev,2026-01-10T03:13:14.000Z,"$DNUT in my list

https://t.co/Ikr3pLuIyH https://t.co/EIGhmZzzEo",,,38,0,0,0,11,8680,https://x.com/jfsrev/status/2009825833003954345,0,0,"[{""id"": ""2009824547881861161"", ""type"": ""quoted""}]",2026-09-07 06:02:57
2009803865957572658,153692841,jfsrev,2026-01-10T01:45:56.000Z,💪🏻 https://t.co/Bn0iWtHBea,,,9,0,0,0,1,7069,https://x.com/jfsrev/status/2009803865957572658,0,0,"[{""id"": ""2009792707015705028"", ""type"": ""quoted""}]",2026-09-07 06:02:57
2009791306764300385,153692841,jfsrev,2026-01-10T00:56:02.000Z,"14 growth stocks stand out this week — each showing positive net institutional buying in ownership change over the past 3 months, sorted by industry group.
$RIOT $WULF $ONDS $EOSE $IAG $APLD $ATEC $SEI $CMBT $HL $FIG $SOUN $CRWV $ZETA   

You can now enjoy a free 7-day trial on https://t.co/JTxSzAkDAk https://t.co/dqX3G256ev",,,103,6,3,2,78,33193,https://x.com/jfsrev/status/2009791306764300385,0,0,"[{""id"": ""1796806706028302775"", ""type"": ""quoted""}]",2026-09-07 06:02:57
2009560077615996971,153692841,jfsrev,2026-01-09T09:37:12.000Z,👏 https://t.co/dzNsjfjenF,,,32,0,0,0,1,6749,https://x.com/jfsrev/status/2009560077615996971,0,0,"[{""id"": ""2009558477824241997"", ""type"": ""quoted""}]",2026-09-07 06:02:57
2009540136443240848,153692841,jfsrev,2026-01-09T08:17:58.000Z,"$DNUT — A 6-month bullish ascending triangle pattern signaling a potential trend reversal.

Price has been tightening since Q3 earnings following a +119% beat. Q4 estimates point to +161% EPS growth, the strongest since $DNUT IPO in July 2021. The company’s share float is under https://t.co/T7TMMpcHWi",,,73,6,1,2,36,9186,https://x.com/jfsrev/status/2009540136443240848,0,0,,2026-09-07 06:02:57
2009448872482050372,153692841,jfsrev,2026-01-09T02:15:19.000Z,"Updated with additional FAQs, each paired with thought-provoking questions from recent weeks https://t.co/pTjXJoYecc https://t.co/XRMxfYoVV1",,,64,5,1,0,39,13328,https://x.com/jfsrev/status/2009448872482050372,0,0,"[{""id"": ""1996636957129281701"", ""type"": ""quoted""}]",2026-09-07 06:02:57
2008424613043482848,153692841,jfsrev,2026-01-06T06:25:17.000Z,$SMCZ (ADR 8%) — A 6-month clean base structure with a steady VARS buildup. https://t.co/ktpjdUjb19,,,44,1,0,1,12,8321,https://x.com/jfsrev/status/2008424613043482848,0,0,,2026-09-07 06:02:57
2008203982083338426,153692841,jfsrev,2026-01-05T15:48:34.000Z,"If you’re looking for a New Year resolution for your trading as we head into 2026, here’s one I strongly recommend:

We’ve been conditioned to believe more effort equals more results.

But trading works in reverse.

Less effort, better decisions, and more patience often lead to",,,253,18,6,3,73,15767,https://x.com/jfsrev/status/2008203982083338426,0,0,,2026-09-07 06:02:57
2008181381684400485,153692841,jfsrev,2026-01-05T14:18:46.000Z,the refinitiv stock data outrage is sorted about 8 hours ago for me https://t.co/QfDyk2YWZX,,,15,0,1,0,7,6673,https://x.com/jfsrev/status/2008181381684400485,0,0,"[{""id"": ""2008176117191233541"", ""type"": ""quoted""}]",2026-09-07 06:02:57
2007678934792777825,153692841,jfsrev,2026-01-04T05:02:13.000Z,"3 of this week’s high ADR% hottest stocks with net institutional inflows over the last 3 months — grouped by industry. I have included the filter for your reference.

$LUNR $CSIQ $FLNC          

You can now enjoy a free 7-day trial on Finviz Elite with no credit card required https://t.co/LYcdVj5o93 https://t.co/zPJAnJ0WW0",,,179,12,3,2,158,41230,https://x.com/jfsrev/status/2007678934792777825,0,0,"[{""id"": ""1789602959782977668"", ""type"": ""quoted""}]",2026-09-07 06:02:57
2007410326988538170,153692841,jfsrev,2026-01-03T11:14:52.000Z,"https://t.co/xZ1AAnLzYQ 

it is the exact same criteria but I include a institution accumulation filter to further sieve the results to keep it condensed and quality https://t.co/rrv8nPkd1e",,,9,0,0,0,6,8048,https://x.com/jfsrev/status/2007410326988538170,0,0,"[{""id"": ""2007357672698630271"", ""type"": ""quoted""}]",2026-09-07 06:02:57
2007356747019948158,153692841,jfsrev,2026-01-03T07:41:58.000Z,"23 growth stocks stand out this week — each showing positive net institutional buying in ownership change over the past 3 months, sorted by industry group. 

$RKLB $JOBY $CIFR $CLSK $RIOT $MARA $BMNR $WULF $ONDS $AAOI $ASTS $QBTS $QUBT $EOSE $BE $RDDT $SEI $VG $ALAB $SOUN $CRWV https://t.co/1BR1oCuMAO https://t.co/dqX3G256ev",,,177,16,4,1,145,27553,https://x.com/jfsrev/status/2007356747019948158,0,0,"[{""id"": ""1796806706028302775"", ""type"": ""quoted""}]",2026-09-07 06:02:57
2007016381657883089,153692841,jfsrev,2026-01-02T09:09:28.000Z,"When I’m trading at my best, I’m patient. 

Always seek reason to avoid trade, not to trade. https://t.co/9cTdXTldqH",,,133,4,5,1,14,9015,https://x.com/jfsrev/status/2007016381657883089,0,0,,2026-09-07 06:02:57
2006915387984851023,153692841,jfsrev,2026-01-02T02:28:09.000Z,appreciate this 🍻 https://t.co/xUBIwn1HqX,,,14,0,0,0,1,8431,https://x.com/jfsrev/status/2006915387984851023,0,0,"[{""id"": ""2006914776065053027"", ""type"": ""quoted""}]",2026-09-07 06:02:57
2006641929816359356,153692841,jfsrev,2026-01-01T08:21:32.000Z,"Happy new year 2026 to all.

A new year doesn’t change the game but discipline does. Focus on process, price risk properly, and let probabilities work over time. Wishing everyone a profitable and controlled year ahead. https://t.co/YTNnz7iSlj",,,122,0,4,0,8,9503,https://x.com/jfsrev/status/2006641929816359356,0,0,,2026-09-07 06:02:57
2006378777811861586,153692841,jfsrev,2025-12-31T14:55:52.000Z,Master capital preservation before pursuing returns.,,,167,7,1,1,17,18450,https://x.com/jfsrev/status/2006378777811861586,0,0,,2026-09-07 06:02:57
2006300965536985393,153692841,jfsrev,2025-12-31T09:46:40.000Z,🙏🏻 https://t.co/7SpVvEfP5B,,,28,0,1,0,10,8882,https://x.com/jfsrev/status/2006300965536985393,0,0,"[{""id"": ""2006297784216174871"", ""type"": ""quoted""}]",2026-09-07 06:02:57
2006152929477116174,153692841,jfsrev,2025-12-30T23:58:25.000Z,💯 https://t.co/HZG5ot5DNa,,,10,0,0,0,3,8948,https://x.com/jfsrev/status/2006152929477116174,0,0,"[{""id"": ""2005998685776220594"", ""type"": ""quoted""}]",2026-09-07 06:02:57
2005662652153086014,153692841,jfsrev,2025-12-29T15:30:14.000Z,"$XAGUSD $SI $SLV $AQG (Update)

Down -10% today, a very painful profit loss situation if anyone carrying size without periodic sale. You have to always sell some into quantifiably measured extension because we can never be able to predict the top. https://t.co/1jDzYonG2M https://t.co/swedwA9luU",,,79,7,0,1,18,16671,https://x.com/jfsrev/status/2005662652153086014,0,0,"[{""id"": ""2004770268359897222"", ""type"": ""quoted""}]",2026-09-07 06:02:57
2005177179135692808,153692841,jfsrev,2025-12-28T07:21:08.000Z,"4 of this week’s high ADR% hottest stocks with net institutional inflows over the last 3 months — grouped by industry.  

$LUNR $ASTS $CSIQ $FLNC        

You can now enjoy a free 7-day trial on Finviz Elite with no credit card required via https://t.co/UV2Bh1W2XL

@finviz_com https://t.co/Q109GiHvf4 https://t.co/zPJAnJ0WW0",,,115,7,0,0,52,25723,https://x.com/jfsrev/status/2005177179135692808,0,0,"[{""id"": ""1789602959782977668"", ""type"": ""quoted""}]",2026-09-07 06:02:57
2004770268359897222,153692841,jfsrev,2025-12-27T04:24:13.000Z,"There was plenty of FOMO chasing silver during yesterday’s outsized 2.5× ADR% move, but the most optimal, highest RRR entry across silver $XAGUSD, $SI, $SLV, $AGQ was on 6 November. This is a 45R T+50 day outcome achieved through 1R risk with optimal entry day and price area — https://t.co/780hzzguCJ https://t.co/xmKZ22rUi2",,,131,8,3,2,57,38581,https://x.com/jfsrev/status/2004770268359897222,0,0,"[{""id"": ""2003695736245092376"", ""type"": ""quoted""}]",2026-09-07 06:02:57
2004715043263578439,153692841,jfsrev,2025-12-27T00:44:46.000Z,"7 growth stocks stand out this week — each showing positive net institutional buying in ownership change over the past 3 months, sorted by industry group.     

$SSRM $NGD $ORLA $CDE $VG $HL $EXK $CRWV

You can now enjoy a free 7-day trial on Finviz Elite with no credit card https://t.co/guiRCrghIy https://t.co/dqX3G256ev",,,89,2,1,0,57,20151,https://x.com/jfsrev/status/2004715043263578439,0,0,"[{""id"": ""1796806706028302775"", ""type"": ""quoted""}]",2026-09-07 06:02:57
2004438285482102879,153692841,jfsrev,2025-12-26T06:25:02.000Z,sell futher 'some' into strength https://t.co/r5aVXhOCLZ,,,37,0,2,0,18,12911,https://x.com/jfsrev/status/2004438285482102879,0,0,"[{""id"": ""2004434818474692874"", ""type"": ""quoted""}]",2026-09-07 06:02:57
2004192205033054485,153692841,jfsrev,2025-12-25T14:07:12.000Z,🙏🏻 https://t.co/gNGkSe4WR8,,,22,0,0,0,0,8110,https://x.com/jfsrev/status/2004192205033054485,0,0,"[{""id"": ""2004141362170536086"", ""type"": ""quoted""}]",2026-09-07 06:02:57
2003829320968749259,153692841,jfsrev,2025-12-24T14:05:14.000Z,"Christmas will arrive first here in the Asia-Pacific time zone, so let me be among the first to wish everyone a Merry Christmas and a blessed holiday season to you and your loved ones. https://t.co/BzEmc1okKZ https://t.co/XRMxfYoVV1",,,147,4,15,0,6,15356,https://x.com/jfsrev/status/2003829320968749259,0,0,"[{""id"": ""1996636957129281701"", ""type"": ""quoted""}]",2026-09-07 06:02:57
2003695736245092376,153692841,jfsrev,2025-12-24T05:14:25.000Z,"Silver is registering its first 10× ATR% extension from the 50-MA since August 2020 and April 2011.

$XAGUSD $SLV https://t.co/K1CXoFgtmc https://t.co/CZ1QAubI7M",,,142,15,3,3,25,49097,https://x.com/jfsrev/status/2003695736245092376,0,0,"[{""id"": ""1994651123794444294"", ""type"": ""quoted""}]",2026-09-07 06:03:05
2003379473887138237,153692841,jfsrev,2025-12-23T08:17:42.000Z,"As the market pushes higher over consecutive sessions, your focus list should be narrowing, not expanding relative to prior sessions.",en,2003379473887138237,141,9,2,1,30,14210,https://x.com/jfsrev/status/2003379473887138237,0,0,,2026-09-07 06:03:14
2003376083639701630,153692841,jfsrev,2025-12-23T08:04:13.000Z,"1-Month RS at new highs for the following industry group following the post-17 Dec pullback referenced in the quoted tweet below

$PALL $PEJ $SVIX $COPX $GDXJ $GDX $SIL $XME $ITA $SILJ $XAR $TAN $ARKX $ARKQ $XBI $SLV $JETS $UFO $XPH $GLD $IAI $FFTY $IPAY $LIT $PLTM https://t.co/hye4YZPdx2 https://t.co/wYjtnol927",en,2003376083639701630,42,6,0,0,23,13158,https://x.com/jfsrev/status/2003376083639701630,0,0,"[{""id"": ""2001557526069051659"", ""type"": ""quoted""}]",2026-09-07 06:03:14
2003275138486403257,153692841,jfsrev,2025-12-23T01:23:06.000Z,"appreciate it, 🍻 https://t.co/CMmrIBWNzu",en,2003275138486403257,25,0,0,0,4,8338,https://x.com/jfsrev/status/2003275138486403257,0,0,"[{""id"": ""2003260576223650115"", ""type"": ""quoted""}]",2026-09-07 06:03:14
2003001367884103784,153692841,jfsrev,2025-12-22T07:15:14.000Z,"This week’s 14 beaten-down stocks showing potential long-term cup-and-handle formations, backed by positive institutional accumulation over the past three months. 

$EVTL $RCAT $JBLU $UPST $TWST $ENVX $DJT $QDEL $INDI $WRD $AIOT $RZLV $SERV $EU      

You can now enjoy a free https://t.co/t342h8NSRR https://t.co/zVoQfMaRuY",en,2003001367884103784,69,5,2,0,42,17840,https://x.com/jfsrev/status/2003001367884103784,0,0,"[{""id"": ""1947145787479331055"", ""type"": ""quoted""}]",2026-09-07 06:03:14
2002668222576050210,153692841,jfsrev,2025-12-21T09:11:26.000Z,🙏🏻 https://t.co/mftMGuJum5,art,2002668222576050210,17,1,2,0,4,11242,https://x.com/jfsrev/status/2002668222576050210,0,0,"[{""id"": ""2002647646377594965"", ""type"": ""quoted""}]",2026-09-07 06:03:14
2002608506856456664,153692841,jfsrev,2025-12-21T05:14:09.000Z,"5 of this week’s high ADR% hottest stocks with net institutional inflows over the last 3 months — grouped by industry.

$LUNR $ASTS $REAL $CSIQ $FLNC        

You can now enjoy a free 7-day trial on Finviz Elite with no credit card required via https://t.co/UV2Bh1W2XL https://t.co/1FNPZPyZrz https://t.co/zPJAnJ0WW0",en,2002608506856456664,123,8,6,0,100,30417,https://x.com/jfsrev/status/2002608506856456664,0,0,"[{""id"": ""1789602959782977668"", ""type"": ""quoted""}]",2026-09-07 06:03:14
2002336499493449993,153692841,jfsrev,2025-12-20T11:13:17.000Z,🍻 https://t.co/j4pPUk3Q8L,art,2002336499493449993,4,0,1,0,1,8021,https://x.com/jfsrev/status/2002336499493449993,0,0,"[{""id"": ""2002327930580709878"", ""type"": ""quoted""}]",2026-09-07 06:03:14
2002273741288714565,153692841,jfsrev,2025-12-20T07:03:55.000Z,"14 growth stocks stand out this week — each showing positive net institutional buying exceeding +10% in ownership change over the past 3 months, sorted by industry group.   

$RIOT $WULF $ONDS $AAOI $IONQ $QUBT $UPST $SEI $HL $FIG $KVYO $NTSK $ZETA $CRWV

You can now enjoy a free https://t.co/AsYMiXAZsP https://t.co/dqX3G256ev",en,2002273741288714565,158,14,3,1,81,32143,https://x.com/jfsrev/status/2002273741288714565,0,0,"[{""id"": ""1796806706028302775"", ""type"": ""quoted""}]",2026-09-07 06:03:14
2001889903752417319,153692841,jfsrev,2025-12-19T05:38:41.000Z,💯 https://t.co/jIDCnx2WT2,art,2001889903752417319,18,1,2,0,10,10372,https://x.com/jfsrev/status/2001889903752417319,0,0,"[{""id"": ""2001887966864773461"", ""type"": ""quoted""}]",2026-09-07 06:03:14
2001865831542915394,153692841,jfsrev,2025-12-19T04:03:01.000Z,"$BBAR $GGAL $SUPV — Strongest intraday-moving group $ARGT

Following another session of consolidation with clear VARS despite the broader market sell-off, Argentine banks broke out of their tight, spring-coil consolidation and closed at the highs of the day. 

I also share my https://t.co/IB4Y5WkgY5 https://t.co/be6nh8RVw1",en,2001865831542915394,100,4,5,0,40,20345,https://x.com/jfsrev/status/2001865831542915394,0,0,"[{""id"": ""2000837279364055243"", ""type"": ""quoted""}]",2026-09-07 06:03:14
2001661029215015007,153692841,jfsrev,2025-12-18T14:29:13.000Z,"prudent to delay your long entry ideas from this gap up

at least for the first 30 minutes settlement",en,2001661029215015007,110,1,4,2,10,21442,https://x.com/jfsrev/status/2001661029215015007,0,0,,2026-09-07 06:03:14
2001579686225416336,153692841,jfsrev,2025-12-18T09:05:59.000Z,"Under Chapter 5, just do a quick search within the page and it will direct you there eg. 'STS""

https://t.co/OxoxgHQz0d https://t.co/1VQ5Sm3QJL https://t.co/MKydCiY08y",en,2001579686225416336,20,1,1,0,14,10145,https://x.com/jfsrev/status/2001579686225416336,0,0,"[{""id"": ""2001568369334792348"", ""type"": ""quoted""}]",2026-09-07 06:03:14
2001557526069051659,153692841,jfsrev,2025-12-18T07:37:56.000Z,"Relative Strength Emerging Across Pockets of the Market During the Four-Day Selloff

4 straight days of sustained weakness, wiping out 13 days of index gains since the post-market breadth exercise I shared below, posted ahead of the first red day where I clearly flagged the need https://t.co/txSGnuZ77S https://t.co/9eTSLcVcu0",en,2001557526069051659,133,12,2,2,133,55898,https://x.com/jfsrev/status/2001557526069051659,0,0,"[{""id"": ""1999318917567910328"", ""type"": ""quoted""}]",2026-09-07 06:03:14
2001502457978065332,153692841,jfsrev,2025-12-18T03:59:06.000Z,great time to do a periodic review and A B C rating of your own decision making for each trades https://t.co/Wnvk2o53lc,en,2001502457978065332,38,1,0,0,13,9219,https://x.com/jfsrev/status/2001502457978065332,0,0,"[{""id"": ""1801928622854533378"", ""type"": ""quoted""}]",2026-09-07 06:03:14
2001183220201873673,153692841,jfsrev,2025-12-17T06:50:34.000Z,"Under Chapter 4
https://t.co/OxoxgHQz0d https://t.co/O2pTRwC7cx https://t.co/92gpI0e8zs",en,2001183220201873673,21,0,0,0,15,9420,https://x.com/jfsrev/status/2001183220201873673,0,0,"[{""id"": ""2001181150232948872"", ""type"": ""quoted""}]",2026-09-07 06:03:14
2001140572871139329,153692841,jfsrev,2025-12-17T04:01:06.000Z,"This week’s 6 beaten-down stocks showing potential long-term cup-and-handle formations, backed by positive institutional accumulation over the past three months.  

$EVTL $JBLU $TWST $WRD $RZLV $OLPX

You can now enjoy a free 7-day trial on Finviz Elite with no credit card https://t.co/J0JPKZ9auk https://t.co/zVoQfMaRuY",en,2001140572871139329,43,3,0,1,29,16063,https://x.com/jfsrev/status/2001140572871139329,0,0,"[{""id"": ""1947145787479331055"", ""type"": ""quoted""}]",2026-09-07 06:03:14
2000942675118448945,153692841,jfsrev,2025-12-16T14:54:44.000Z,"$BE — Played out Its 2-Month Volatility-Adjusted Relative Weakness (VARW)

An extremely popular long this month that has already expressed its downside, with early warning signals coming from VARW https://t.co/AxcMldnTBd https://t.co/pxHT8vzH9s",en,2000942675118448945,58,2,0,0,30,15149,https://x.com/jfsrev/status/2000942675118448945,0,0,"[{""id"": ""1976121442086564329"", ""type"": ""quoted""}]",2026-09-07 06:03:14
2000837279364055243,153692841,jfsrev,2025-12-16T07:55:55.000Z,"$BBAR $GGAL $SUPV — exhibiting coordinated 1-month Volatility-Adjusted Relative Strength (VARS) within $ARGT banks

They will appear in your pre-set screener if you have a tightening/compression filter, overlayed with relative strength. https://t.co/HzdU3BMtR2 https://t.co/jdunSHTlFe",en,2000837279364055243,70,4,0,1,37,39871,https://x.com/jfsrev/status/2000837279364055243,0,0,"[{""id"": ""1985916545370063298"", ""type"": ""quoted""}]",2026-09-07 06:03:14
2000767175955771846,153692841,jfsrev,2025-12-16T03:17:21.000Z,🍻 https://t.co/lkGzuKfa4N,art,2000767175955771846,13,0,0,0,2,8974,https://x.com/jfsrev/status/2000767175955771846,0,0,"[{""id"": ""2000707502002889098"", ""type"": ""quoted""}]",2026-09-07 06:03:14
2000565133127622762,153692841,jfsrev,2025-12-15T13:54:31.000Z,"Risk is intimidating, but it’s an inherent part of financial markets. The edge comes from accepting it, anticipating it, managing it, and mitigating it.

In short: master risk.

https://t.co/aJAQl2e9N3 https://t.co/NN3RPirSnI",en,2000565133127622762,65,3,0,0,24,10537,https://x.com/jfsrev/status/2000565133127622762,0,0,,2026-09-07 06:03:14
2000494174681088369,153692841,jfsrev,2025-12-15T09:12:33.000Z,https://t.co/OxoxgHQz0d https://t.co/YFv8pMp5Ut https://t.co/WEignVXyDV,zxx,2000494174681088369,40,4,0,0,61,16126,https://x.com/jfsrev/status/2000494174681088369,0,0,"[{""id"": ""2000485562155942362"", ""type"": ""quoted""}]",2026-09-07 06:03:14
2000486472584233279,153692841,jfsrev,2025-12-15T08:41:56.000Z,https://t.co/UF7AwQPXnG https://t.co/WEignVXyDV,zxx,2000486472584233279,11,1,0,0,7,7846,https://x.com/jfsrev/status/2000486472584233279,0,0,"[{""id"": ""2000485562155942362"", ""type"": ""quoted""}]",2026-09-07 06:03:14
2000481697834606796,153692841,jfsrev,2025-12-15T08:22:58.000Z,"My latest 45-name Liquid Mega list, ranked by 1-month relative strength. I’ve also included an “Average $ Volume” column to show liquidity, along with the available liquid leverage and inverse proxies for each name as a reference guide.

Strongest to weakest by 1-month relative https://t.co/YjS5XDww2S https://t.co/uvHLGAGAbP",en,2000481697834606796,118,8,0,0,102,17775,https://x.com/jfsrev/status/2000481697834606796,0,0,"[{""id"": ""1989960229652681215"", ""type"": ""quoted""}]",2026-09-07 06:03:14
2000039949970940089,153692841,jfsrev,2025-12-14T03:07:37.000Z,"10 of this week’s high ADR% hottest stocks with net institutional inflows over the last 3 months — grouped by industry. 

$LUNR $CLSK $WULF $ONDS $ASTS $EOSE $APLD $SEI $CSIQ $FLNC   

You can now enjoy a free 7-day trial on Finviz Elite with no credit card required via https://t.co/YaYX7Ljy1D https://t.co/zPJAnJ0WW0",en,2000039949970940089,142,14,1,0,89,28494,https://x.com/jfsrev/status/2000039949970940089,0,0,"[{""id"": ""1789602959782977668"", ""type"": ""quoted""}]",2026-09-07 06:03:14
1999691385205920193,153692841,jfsrev,2025-12-13T04:02:33.000Z,"13 growth stocks stand out this week — each showing positive net institutional buying over the past 3 months, sorted by industry group. 

$RKLB $RIVN $UPST $AU $WPM $SSRM $CDE $IAG $HL $EXK $NAVN $SHOP $RXO

You can now enjoy a free 7-day trial on Finviz Elite with no credit card https://t.co/V4qVDYtt8H https://t.co/dqX3G256ev",en,1999691385205920193,165,18,0,1,103,44946,https://x.com/jfsrev/status/1999691385205920193,0,0,"[{""id"": ""1796806706028302775"", ""type"": ""quoted""}]",2026-09-07 06:03:14
1999318917567910328,153692841,jfsrev,2025-12-12T03:22:30.000Z,"It may already be late to add fresh longs in $IWM names after a 12-day upcycle following the initial downtrend-channel breakout. R2TW is now pushing above the 80% mark, which sits within the historical correction zone (80–90%).

If you have been rewarded during this phrase of the https://t.co/0T7qgrwxxI https://t.co/5CwSnmhCzc",en,1999318917567910328,147,10,2,5,70,61967,https://x.com/jfsrev/status/1999318917567910328,0,0,"[{""id"": ""1909103399959974111"", ""type"": ""quoted""}]",2026-09-07 06:03:14
1999140476700745864,153692841,jfsrev,2025-12-11T15:33:26.000Z,"$GEMI — Gemini Space Station Inc. What a use of the “Space Station” name, given it isn’t a space-related company. 

Gemini Space Station, Inc. is a holding company, which offers a mobile and web based crypto asset exchange platform, proprietary wallet infrastructure and custody https://t.co/N0ajNz6FIr",en,1999140476700745864,28,2,2,0,9,6548,https://x.com/jfsrev/status/1999140476700745864,0,0,,2026-09-07 06:03:14
1999127770429870361,153692841,jfsrev,2025-12-11T14:42:57.000Z,🤝 https://t.co/xMLKkskSTY,art,1999127770429870361,12,0,0,0,0,6957,https://x.com/jfsrev/status/1999127770429870361,0,0,"[{""id"": ""1999127112050225187"", ""type"": ""quoted""}]",2026-09-07 06:03:14
1999029361874518204,153692841,jfsrev,2025-12-11T08:11:54.000Z,"$UNIT (ADR 5.2%) — A high VARS name within the rate-sensitive $SCHH group.

Price bottomed on 14 October, rebounding off the 200-MA and showing clear VARS relative to $SPY despite sitting in one of the weakest groups $SCHH. However, an immediate entry even as a follow-through to https://t.co/967OCt0LTH https://t.co/TnHLhJimTz",en,1999029361874518204,46,4,2,0,18,13896,https://x.com/jfsrev/status/1999029361874518204,0,0,"[{""id"": ""1995699983958639009"", ""type"": ""quoted""}]",2026-09-07 06:03:14
1998974288410591355,153692841,jfsrev,2025-12-11T04:33:04.000Z,"The toughest moments in trading are the ones we actually need.

They’re what build the internal framework for long-term consistency, the foundation that eventually forms real trading conviction for our decision makings. https://t.co/otYeWZpmTO",en,1998974288410591355,87,5,2,0,34,20658,https://x.com/jfsrev/status/1998974288410591355,0,0,"[{""id"": ""1958439372380148017"", ""type"": ""quoted""}]",2026-09-07 06:03:14
1998607503085437204,153692841,jfsrev,2025-12-10T04:15:35.000Z,"$LLY - (Update - 'Always Sell Some Into Strength')

8 straight sessions of downside action since clinching  10 x ATR% from 50-MA. This reinforces the core perk of swing trading: “Always sell some into strength”, which allows you to bank realized gains, dampen the volatility of https://t.co/yEx5ndtFyU https://t.co/CzsA5pPSQX",en,1998607503085437204,139,11,5,2,74,48291,https://x.com/jfsrev/status/1998607503085437204,0,0,"[{""id"": ""1995017969341227223"", ""type"": ""quoted""}]",2026-09-07 06:03:14
1998415358257213818,153692841,jfsrev,2025-12-09T15:32:04.000Z,"There appears to be an abundance of this 2-3 week price structure in the market. 

PS: Notice the 10 &amp; 20-MA of the stock chart of different industry groups https://t.co/IHroZwkEj7 https://t.co/7snaJ2R2NC",en,1998415358257213818,90,6,1,0,38,17159,https://x.com/jfsrev/status/1998415358257213818,0,0,"[{""id"": ""1819302708194738483"", ""type"": ""quoted""}]",2026-09-07 06:03:14
1998409845008130085,153692841,jfsrev,2025-12-09T15:10:10.000Z,there's definitely no free lunch in this world. but embrace the short-term grind for long-term wins. https://t.co/LCXor7Yaqu,en,1998409845008130085,27,0,1,0,7,8310,https://x.com/jfsrev/status/1998409845008130085,0,0,"[{""id"": ""1998409002674528377"", ""type"": ""quoted""}]",2026-09-07 06:03:14
1998397006113538153,153692841,jfsrev,2025-12-09T14:19:09.000Z,"$WULF (ADR 8.4%) – The most resilient price structure in the $WGMI group  

After several days of screening, filtering, and building watchlists, many of you probably have your charts filled with crypto miners and blockchain-related names from $BLOK, $DAPP, and $WGMI stocks like https://t.co/va30lVJTCF https://t.co/udyKsyAikB",en,1998397006113538153,127,7,4,0,33,17844,https://x.com/jfsrev/status/1998397006113538153,0,0,"[{""id"": ""1997574098990547071"", ""type"": ""quoted""}]",2026-09-07 06:03:14
1998320804321485052,153692841,jfsrev,2025-12-09T09:16:21.000Z,"$DNUT - Update 

ADR% has eased to 5.8% on the VCP, yet it continues to grind higher, showing further VARS. Price has been drifting sideways for the past 8 sessions while holding above the 10-MA, pushing toward its key major resistance level at $4.50.

All it probably needs is a https://t.co/VsAeZxRN62 https://t.co/D20yUsDz9n",en,1998320804321485052,69,3,1,0,13,13125,https://x.com/jfsrev/status/1998320804321485052,0,0,"[{""id"": ""1996235718788780491"", ""type"": ""quoted""}]",2026-09-07 06:03:14
1998316198828875813,153692841,jfsrev,2025-12-09T08:58:03.000Z,Market extension via price action isn’t just about stretching far from moving averages (eg. ATR% multiple from 50-MA) — it can also appear via a string of consecutive up days https://t.co/vNUeuFLG0H,en,1998316198828875813,57,4,2,0,16,7897,https://x.com/jfsrev/status/1998316198828875813,0,0,,2026-09-07 06:03:14
1997903963795181654,153692841,jfsrev,2025-12-08T05:39:58.000Z,"This week’s 16 beaten-down stocks showing potential long-term cup-and-handle formations, backed by positive institutional accumulation over the past three months.

$LUNR  $RCAT  $ULCC  $JBLU  $ECX  $AAOI  $QUBT  $UPST  $TWST  $ENVX  $NXDR  $QSI  $WRD  $AIOT  $EVGO  $OLPX    

You https://t.co/Jvy3PUi3AB https://t.co/zVoQfMaRuY",en,1997903963795181654,72,7,1,0,40,14372,https://x.com/jfsrev/status/1997903963795181654,0,0,"[{""id"": ""1947145787479331055"", ""type"": ""quoted""}]",2026-09-07 06:03:14
1997892070091149318,153692841,jfsrev,2025-12-08T04:52:43.000Z,"This infographic by @SobkoYaroslav  is concise that I’ve included it in Chapter 16’s FAQs. Thanks again for sharing, @SobkoYaroslav 

https://t.co/OxoxgHQz0d https://t.co/wfWm5dwZDv https://t.co/YToLcy2C7s",en,1997892070091149318,73,5,0,0,52,12453,https://x.com/jfsrev/status/1997892070091149318,0,0,"[{""id"": ""1997335043237130288"", ""type"": ""quoted""}]",2026-09-07 06:03:14
1997876095753068815,153692841,jfsrev,2025-12-08T03:49:14.000Z,keep it going! https://t.co/sjSDRLsRIk,en,1997876095753068815,33,1,0,0,14,10973,https://x.com/jfsrev/status/1997876095753068815,0,0,"[{""id"": ""1997875889691144316"", ""type"": ""quoted""}]",2026-09-07 06:03:14
1997574098990547071,153692841,jfsrev,2025-12-07T07:49:12.000Z,"12 of this week’s high ADR% hottest stocks with net institutional inflows over the last 3 months — grouped by industry.    

$SPCE $LUNR $CLSK $WULF $ONDS $EOSE $APLD $BBAI $SEI $CRML $CSIQ $FLNC 

You can now enjoy a free 7-day trial on Finviz Elite with no credit card required https://t.co/WMGU5zt9Hm https://t.co/zPJAnJ0WW0",en,1997574098990547071,184,23,2,3,153,53150,https://x.com/jfsrev/status/1997574098990547071,0,0,"[{""id"": ""1789602959782977668"", ""type"": ""quoted""}]",2026-09-07 06:03:14
1997566361028149488,153692841,jfsrev,2025-12-07T07:18:28.000Z,"Calm mind, Steady grind.

The same principle applies to your trading discipline. https://t.co/onS7UK5JNI",en,1997566361028149488,103,0,2,1,7,11227,https://x.com/jfsrev/status/1997566361028149488,0,0,,2026-09-07 06:03:14
1997516660354482323,153692841,jfsrev,2025-12-07T04:00:58.000Z,"good highlight by @cfromhertz, another angle to approach equal weighted etf https://t.co/RMo0n1MBXo",en,1997516660354482323,67,5,2,0,57,16354,https://x.com/jfsrev/status/1997516660354482323,0,0,"[{""id"": ""1997342233951973394"", ""type"": ""quoted""}]",2026-09-07 06:03:14
1997224508403622075,153692841,jfsrev,2025-12-06T08:40:04.000Z,"Ok, you got me. Thanks to the Q4 market pullback, I’ve officially moved up from “single” to “unmarried.” https://t.co/6uxtWqsHUG https://t.co/C537SKMGzI",en,1997224508403622075,340,2,14,0,4,23211,https://x.com/jfsrev/status/1997224508403622075,0,0,"[{""id"": ""1997221833582715124"", ""type"": ""quoted""}]",2026-09-07 06:03:14
1997197883087769636,153692841,jfsrev,2025-12-06T06:54:16.000Z,"Ideas and trade selection, guided by strict adherence to; 

i) linearity, 
ii) tightness, 
iii) range duration with VARS, 
iv) ADR%, 
v) and sector/group RS to market, 

are all correlated with win rate % and profit factor. These are some key rules that can help reduce subpar https://t.co/XRMxfYoVV1",en,1997197883087769636,121,12,2,0,151,22729,https://x.com/jfsrev/status/1997197883087769636,0,0,"[{""id"": ""1996636957129281701"", ""type"": ""quoted""}]",2026-09-07 06:03:14
1997124975028064271,153692841,jfsrev,2025-12-06T02:04:33.000Z,"17 growth stocks stand out this week — each showing positive net institutional buying over the past 3 months, sorted by industry group. I’ve added “positive change from open” from last session.  

$RKLB $CVNA $ASTS $ONDS $UPST $BE $SGHC $TEM $QXO $RDDT $ALAB $SOUN $SAIL $ZETA https://t.co/sDRHLRwrf8 https://t.co/dqX3G256ev",en,1997124975028064271,182,22,5,2,114,33446,https://x.com/jfsrev/status/1997124975028064271,0,0,"[{""id"": ""1796806706028302775"", ""type"": ""quoted""}]",2026-09-07 06:03:14
1996931320115527853,153692841,jfsrev,2025-12-05T13:15:02.000Z,"$VSCO - Update (+12% Pre-Market)

""** $VSCO raises annual sales and profit forecast, betting on strong demand for its curated product assortment of iconic brands including Victoria's Secret and PINK

** Now expects annual net sales of $6.45 billion to $6.48 billion vs. prior https://t.co/lo4bOOfKi3 https://t.co/6xdwXrJlAt",en,1996931320115527853,41,2,2,1,7,9306,https://x.com/jfsrev/status/1996931320115527853,0,0,"[{""id"": ""1986261445827567914"", ""type"": ""quoted""}]",2026-09-07 06:03:14
1996928002542985268,153692841,jfsrev,2025-12-05T13:01:51.000Z,🍻 https://t.co/aTT89neFfe,art,1996928002542985268,16,0,0,0,0,5714,https://x.com/jfsrev/status/1996928002542985268,0,0,"[{""id"": ""1996660664694460526"", ""type"": ""quoted""}]",2026-09-07 06:03:14
1996742567770443974,153692841,jfsrev,2025-12-05T00:45:00.000Z,💯 https://t.co/ahZUDQQuTt,art,1996742567770443974,17,0,1,0,10,9519,https://x.com/jfsrev/status/1996742567770443974,0,0,"[{""id"": ""1996690133878259906"", ""type"": ""quoted""}]",2026-09-07 06:03:14
1996636957129281701,153692841,jfsrev,2025-12-04T17:45:20.000Z,"My Trading Process, Tools, Routine, and Core Beliefs 

A 60 pages of experience-based lessons and insights curated from 15 years of my tweets.

1. Glossary – Terms and Expressions I Use
2. Charting – My Approach Using TradingView
3. My Screeners – Workflow of Finviz &amp; Tradingview https://t.co/B4oxvwctDk https://t.co/ddAVHqtzvG",en,1996636957129281701,2098,318,77,15,3368,989290,https://x.com/jfsrev/status/1996636957129281701,0,0,"[{""id"": ""1683198395748585472"", ""type"": ""quoted""}]",2026-09-07 06:03:14
1996618811987083767,153692841,jfsrev,2025-12-04T16:33:14.000Z,worth sharing to TOS users https://t.co/et59ICuxf2,en,1996618811987083767,34,3,0,0,31,9461,https://x.com/jfsrev/status/1996618811987083767,0,0,"[{""id"": ""1996615140729655348"", ""type"": ""quoted""}]",2026-09-07 06:03:14
1996467543767474436,153692841,jfsrev,2025-12-04T06:32:09.000Z,"Another Instance of Situational Awareness

Strengthening breadth must come alongside a growing count of industry groups hitting fresh 1-month RS highs in my opinion. Here’s what I’ve observed since we hit the all-time high on 29 October.

29 October: $SPY at $687 (ATH), Net https://t.co/7VX76nKfuy https://t.co/bpNDSS4l9v",en,1996467543767474436,204,19,3,1,188,54438,https://x.com/jfsrev/status/1996467543767474436,0,0,"[{""id"": ""1806709652975141131"", ""type"": ""quoted""}]",2026-09-07 06:03:14
1996235718788780491,153692841,jfsrev,2025-12-03T15:10:58.000Z,"$DNUT (ADR 7%) — an intriguing multi-month base with 2-month VARS, worth keeping an eye on. https://t.co/QnP1fFDtsM",en,1996235718788780491,64,1,3,1,12,21513,https://x.com/jfsrev/status/1996235718788780491,0,0,,2026-09-07 06:03:14
1995876840544894999,153692841,jfsrev,2025-12-02T15:24:55.000Z,A session where laggards took the spotlight — they all face the uphill task of running into a declining 10-MA or 20-MA. https://t.co/WRua2ntCGe,en,1995876840544894999,36,0,0,1,9,8175,https://x.com/jfsrev/status/1995876840544894999,0,0,,2026-09-07 06:03:14
1995752458472357969,153692841,jfsrev,2025-12-02T07:10:40.000Z,"My latest 41-name Liquid Mega list, organized by 1-month RS. There’s plenty of reactive chatter following the media coverage of $MSTR hitting a 52-week low today, but you could’ve been ahead of it by spotting its deepest bout of relative weakness since late October. 

$RDDT $AAPL https://t.co/ObGy0IJKlB https://t.co/uvHLGAGAbP",en,1995752458472357969,83,5,1,0,43,13290,https://x.com/jfsrev/status/1995752458472357969,0,0,"[{""id"": ""1989960229652681215"", ""type"": ""quoted""}]",2026-09-07 06:03:14
1995699983958639009,153692841,jfsrev,2025-12-02T03:42:09.000Z,"This week’s 8 beaten-down stocks showing potential long-term cup-and-handle formations, backed by positive institutional accumulation over the past three months.

$EVEX $EVTL $ULCC $HUN $AAOI $UNIT $MXL $NPWR  

You can now enjoy a free 7-day trial on Finviz Elite with no credit https://t.co/xpSijboj8u https://t.co/zVoQfMaRuY",en,1995699983958639009,36,0,0,1,26,23196,https://x.com/jfsrev/status/1995699983958639009,0,0,"[{""id"": ""1947145787479331055"", ""type"": ""quoted""}]",2026-09-07 06:03:14
1995374056804426205,153692841,jfsrev,2025-12-01T06:07:02.000Z,"$BTCUSD (Update) - Second Bear flag breakdown in progress. Worth holding off any immediate long equities after a five straight day rally. I still see this market as loose, with room for a lower high to form in the major indexes like $SPY and $QQQ. https://t.co/jiO4zR8zR3 https://t.co/4PXnsZH43C",en,1995374056804426205,73,4,2,0,12,14951,https://x.com/jfsrev/status/1995374056804426205,0,0,"[{""id"": ""1991877497634644121"", ""type"": ""quoted""}]",2026-09-07 06:03:14
1995108766711525651,153692841,jfsrev,2025-11-30T12:32:51.000Z,appreciate this @ColinHartl 🤝 https://t.co/Uyf8Szkq5c,en,1995108766711525651,12,1,0,0,0,7847,https://x.com/jfsrev/status/1995108766711525651,0,0,"[{""id"": ""1995108126262255941"", ""type"": ""quoted""}]",2026-09-07 06:03:14
1995017969341227223,153692841,jfsrev,2025-11-30T06:32:04.000Z,$LLY — Pausing after reaching a 10× ATR% extension above the 50-MA https://t.co/qBEGSgmX4j https://t.co/V6tez4F2BV,en,1995017969341227223,99,6,0,1,55,48114,https://x.com/jfsrev/status/1995017969341227223,0,0,"[{""id"": ""1683199459889676288"", ""type"": ""quoted""}]",2026-09-07 06:03:14
1995006316860031295,153692841,jfsrev,2025-11-30T05:45:46.000Z,"Thank you all for the incredible participation for first @finviz_com black friday giveaway. Huge congrats to @ChrisSemke, @Sauceroz, and @JereemyLouis for winning the contest! I’ve DM’d all three of you to claim your subscriptions.

And a big thank you to @finviz_com for the https://t.co/46XgHgmU9K",en,1995006316860031295,13,1,3,0,5,8008,https://x.com/jfsrev/status/1995006316860031295,0,0,"[{""id"": ""1992833512974823744"", ""type"": ""quoted""}]",2026-09-07 06:03:14
1995003177545207988,153692841,jfsrev,2025-11-30T05:33:17.000Z,"12 of this week’s hottest stocks with net institutional inflows over the last 3 months — grouped by industry.  

$FLNC $SYM $CSIQ $NVTS $CRML $SEI $REAL $APLD $EOSE $ONDS $CLSK $WULF

You can now enjoy a free 7-day trial on Finviz Elite with no credit card required via https://t.co/xCmXz6khnY https://t.co/zPJAnJ0WW0",en,1995003177545207988,133,15,0,0,93,25036,https://x.com/jfsrev/status/1995003177545207988,0,0,"[{""id"": ""1789602959782977668"", ""type"": ""quoted""}]",2026-09-07 06:03:14
1994711476150681624,153692841,jfsrev,2025-11-29T10:14:10.000Z,"I will look at the VARS of both relative to the major market index. That's a quantifiable metrics, not based on second guessing https://t.co/NQ9ekRBlsc",en,1994711476150681624,15,1,0,0,4,8452,https://x.com/jfsrev/status/1994711476150681624,0,0,"[{""id"": ""1994660740834496721"", ""type"": ""quoted""}]",2026-09-07 06:03:14
1994651123794444294,153692841,jfsrev,2025-11-29T06:14:21.000Z,"$GDX $GDXJ ( $NUGT $JNUG) $SIL $SILJ - Update

All closed with weekly high https://t.co/jmvHcaKIeM https://t.co/opZmX3JtjZ",en,1994651123794444294,49,0,1,1,19,34739,https://x.com/jfsrev/status/1994651123794444294,0,0,"[{""id"": ""1993704489136926994"", ""type"": ""quoted""}]",2026-09-07 06:03:14
1994645014027407521,153692841,jfsrev,2025-11-29T05:50:04.000Z,Winners will be announced tomorrow https://t.co/46XgHgmU9K,en,1994645014027407521,4,0,0,0,0,5139,https://x.com/jfsrev/status/1994645014027407521,0,0,"[{""id"": ""1992833512974823744"", ""type"": ""quoted""}]",2026-09-07 06:03:14
1994606317647138890,153692841,jfsrev,2025-11-29T03:16:18.000Z,"25 growth stocks stand out this week — each showing positive net institutional buying over the past 3 months, sorted by industry group.   

$RIOT $CLSK $HOOD $WULF $BMNR $MARA $BITF $QBTS $QUBT $IONQ $UPST $EOSE $ORLA $AU $TEM $RDDT $SEI $HL $BROS $ALAB $SOUN $FIG $ZETA $NTSK https://t.co/gAHexrP26X https://t.co/dqX3G256ev",en,1994606317647138890,58,6,0,0,52,12754,https://x.com/jfsrev/status/1994606317647138890,0,0,"[{""id"": ""1796806706028302775"", ""type"": ""quoted""}]",2026-09-07 06:03:14
1994418210108776707,153692841,jfsrev,2025-11-28T14:48:50.000Z,appreciate this @LoneStockTrader. you are a great follow yourself! https://t.co/kNaUJ2sfpf https://t.co/tuIo3ohvNW,en,1994418210108776707,29,0,3,0,16,7251,https://x.com/jfsrev/status/1994418210108776707,0,0,"[{""id"": ""1994407310404599909"", ""type"": ""quoted""}]",2026-09-07 06:03:14
1994294705228796059,153692841,jfsrev,2025-11-28T06:38:04.000Z,"It may be a little late, but here’s a small Thanksgiving gift for everyone who’s been waiting — Chapter 8 is now complete. It includes an 7 part series to 'What Do I Monitor In My Journal'

https://t.co/T4aTMruROA https://t.co/53ZhTRgaXU https://t.co/oZGC9zhOKO",en,1994294705228796059,215,14,1,2,138,43821,https://x.com/jfsrev/status/1994294705228796059,0,0,"[{""id"": ""1993973062933598562"", ""type"": ""quoted""}]",2026-09-07 06:03:14
1994276776982229304,153692841,jfsrev,2025-11-28T05:26:50.000Z,"Refer to chapter 2.2

https://t.co/T4aTMrujZ2 https://t.co/jLTSx0XMaY https://t.co/BYLxtqUOh9",en,1994276776982229304,25,0,0,0,15,7542,https://x.com/jfsrev/status/1994276776982229304,0,0,"[{""id"": ""1994275390429294827"", ""type"": ""quoted""}]",2026-09-07 06:03:14
1994269140400656851,153692841,jfsrev,2025-11-28T04:56:29.000Z,"If you missed the earlier giveaway, you can still participate for @finviz_com offers of 3 annual Elite subscriptions to three lucky followers. 

You can also get free direct access to my full daily post market screen via the link below

1. https://t.co/qJTXb3q6Iq

2. https://t.co/IbygzqKxfN https://t.co/46XgHgmU9K",en,1994269140400656851,17,7,0,0,20,6343,https://x.com/jfsrev/status/1994269140400656851,0,0,"[{""id"": ""1992833512974823744"", ""type"": ""quoted""}]",2026-09-07 06:03:14
1994267199674913227,153692841,jfsrev,2025-11-28T04:48:46.000Z,"Thank you all for the amazing participation.

Congrats to @Jr26Trading (Ultimate) and @kal_trades  (Premium) for winning the contest! I’ve DM’d both of you to collect your subscriptions.

And a big thank you to @tradingview for the generous annual giveaway! https://t.co/GpMjIabJSL",en,1994267199674913227,16,0,2,0,2,7242,https://x.com/jfsrev/status/1994267199674913227,0,0,"[{""id"": ""1991162624759775523"", ""type"": ""quoted""}]",2026-09-07 06:03:14
1994253708121788580,153692841,jfsrev,2025-11-28T03:55:10.000Z,"On TradingView screeners, I exclude the Health Technology sector.

On Finviz screeners, I exclude Biotech and Drug Manufacturers group https://t.co/LneXf48RNq https://t.co/jHsYYhnaqr",en,1994253708121788580,55,3,1,1,40,11302,https://x.com/jfsrev/status/1994253708121788580,0,0,"[{""id"": ""1993475247132028970"", ""type"": ""quoted""}]",2026-09-07 06:03:14
1993973062933598562,153692841,jfsrev,2025-11-27T09:19:59.000Z,"Wishing everyone a blessed Thanksgiving — take the time to step away from the screens, recharge, and enjoy quality moments with your loved ones. https://t.co/PqgZozcAyM",en,1993973062933598562,72,3,7,1,1,39956,https://x.com/jfsrev/status/1993973062933598562,0,0,,2026-09-07 06:03:14
1993874829959909818,153692841,jfsrev,2025-11-27T02:49:38.000Z,💪🏻 https://t.co/qzY0fDbsqS,art,1993874829959909818,31,0,1,0,1,11766,https://x.com/jfsrev/status/1993874829959909818,0,0,"[{""id"": ""1993835569680675105"", ""type"": ""quoted""}]",2026-09-07 06:03:14
1992774472324329830,153692841,jfsrev,2025-11-24T01:57:12.000Z,"6 of this week’s hottest stocks with net institutional inflows over the last 3 months — grouped by industry.

$FLNC $CSIQ $SEI $REAL $APLD $EOSE 

You can now enjoy a free 7-day trial on Finviz Elite with no credit card required via https://t.co/UV2Bh1W2XL

@finviz_com https://t.co/9jtRGxNmEk https://t.co/zPJAnJ0WW0",en,1992774472324329830,70,2,3,0,37,13968,https://x.com/jfsrev/status/1992774472324329830,0,0,"[{""id"": ""1789602959782977668"", ""type"": ""quoted""}]",2026-09-07 06:03:27
1992406285225271762,153692841,jfsrev,2025-11-23T01:34:10.000Z,https://t.co/T4aTMruROA https://t.co/nNPN67JqBl https://t.co/fsGIAyWRr4,zxx,1992406285225271762,39,5,0,0,36,14249,https://x.com/jfsrev/status/1992406285225271762,0,0,"[{""id"": ""1992401182619512870"", ""type"": ""quoted""}]",2026-09-07 06:03:42
1992197866534953391,153692841,jfsrev,2025-11-22T11:45:59.000Z,"17 growth stocks stand out this week — each showing positive net institutional buying over the past 3 months, sorted by industry group. 

$RIVN $LITE $GH $AU $HMY $TEM $QXO $AS $ATEC $BROS $SHOP $CWAN $KVYO $NTSK $SAIL $TOST $ZETA

You can now enjoy a free 7-day trial on Finviz https://t.co/iHJ1v4xVm9 https://t.co/dqX3G256ev",en,1992197866534953391,138,10,7,0,88,34148,https://x.com/jfsrev/status/1992197866534953391,0,0,"[{""id"": ""1796806706028302775"", ""type"": ""quoted""}]",2026-09-07 06:03:42
1992184519429124603,153692841,jfsrev,2025-11-22T10:52:57.000Z,trading is not about being right. most important is that you are in the money https://t.co/9o8aPVGo0l,en,1992184519429124603,29,0,0,0,4,8679,https://x.com/jfsrev/status/1992184519429124603,0,0,"[{""id"": ""1992117937218687093"", ""type"": ""quoted""}]",2026-09-07 06:03:42
1991986685329264900,153692841,jfsrev,2025-11-21T21:46:49.000Z,"peak

0545 AM

#market https://t.co/0FAdbn3ctg",en,1991986685329264900,72,0,1,1,1,5486,https://x.com/jfsrev/status/1991986685329264900,0,0,,2026-09-07 06:03:42
1991893009760444453,153692841,jfsrev,2025-11-21T15:34:35.000Z,Black Friday Sale Starts Now With @tradingview https://t.co/GpMjIachIj,en,1991893009760444453,18,2,2,0,3,7186,https://x.com/jfsrev/status/1991893009760444453,0,0,"[{""id"": ""1991162624759775523"", ""type"": ""quoted""}]",2026-09-07 06:03:42
1991878525473952115,153692841,jfsrev,2025-11-21T14:37:02.000Z,appreciate this @Duke_Haderach https://t.co/uL6PgQXXYJ,en,1991878525473952115,7,0,1,0,1,5673,https://x.com/jfsrev/status/1991878525473952115,0,0,"[{""id"": ""1991878269944348678"", ""type"": ""quoted""}]",2026-09-07 06:03:42
1991877497634644121,153692841,jfsrev,2025-11-21T14:32:57.000Z,"$BTCUSD (Update) — The bear flag has played out, and $QQQ and $SPY may exhibit a similar one week consolidation pattern, before a further breakdown. https://t.co/jTjjMYM3Q6 https://t.co/71wJHe79xf",en,1991877497634644121,48,2,0,1,7,26231,https://x.com/jfsrev/status/1991877497634644121,0,0,"[{""id"": ""1986614088252989505"", ""type"": ""quoted""}]",2026-09-07 06:03:42
1991874916896174553,153692841,jfsrev,2025-11-21T14:22:42.000Z,💯 https://t.co/5txVJaaxja,art,1991874916896174553,8,0,0,0,2,6053,https://x.com/jfsrev/status/1991874916896174553,0,0,"[{""id"": ""1991874424484810905"", ""type"": ""quoted""}]",2026-09-07 06:03:42
1991833233600995768,153692841,jfsrev,2025-11-21T11:37:04.000Z,🍻 https://t.co/IXipZjJi38,art,1991833233600995768,28,0,0,0,10,8842,https://x.com/jfsrev/status/1991833233600995768,0,0,"[{""id"": ""1991827282928001253"", ""type"": ""quoted""}]",2026-09-07 06:03:42
1991759746668589203,153692841,jfsrev,2025-11-21T06:45:03.000Z,🙏 https://t.co/bjj0BfEfT8,art,1991759746668589203,3,0,0,0,3,8189,https://x.com/jfsrev/status/1991759746668589203,0,0,"[{""id"": ""1991759592074990036"", ""type"": ""quoted""}]",2026-09-07 06:03:42
1991757989989298231,153692841,jfsrev,2025-11-21T06:38:04.000Z,keep it simple so your dollar-based P&amp;L doesn’t steer your decisions emotionally. implementation of structured sell rules will allow your actions depend solely on how price action evolves on the chart. https://t.co/QgfguiyEaw https://t.co/EIVoGXyO9Y,en,1991757989989298231,29,3,0,1,17,9455,https://x.com/jfsrev/status/1991757989989298231,0,0,"[{""id"": ""1991748936688890219"", ""type"": ""quoted""}]",2026-09-07 06:03:42
1991747957088227369,153692841,jfsrev,2025-11-21T05:58:12.000Z,"We got the declining 10-MA rejection, but after being positioned short for going 2 weeks from early breadth deterioration. November has offered much more clarity than October — a far easier month to navigate, in my opinion. Even some long-biased focus ideas I shared with my X https://t.co/RpjWdi5zVn https://t.co/5SlqTGeV2X",en,1991747957088227369,100,3,2,3,46,48718,https://x.com/jfsrev/status/1991747957088227369,0,0,"[{""id"": ""1985678590302998907"", ""type"": ""quoted""}]",2026-09-07 06:03:42
1991734018526851264,153692841,jfsrev,2025-11-21T05:02:49.000Z,thank you 🍻 https://t.co/Uphrh9Gxaz,en,1991734018526851264,7,0,0,0,2,7515,https://x.com/jfsrev/status/1991734018526851264,0,0,"[{""id"": ""1991728058416730506"", ""type"": ""quoted""}]",2026-09-07 06:03:42
1991493279209369910,153692841,jfsrev,2025-11-20T13:06:12.000Z,"https://t.co/T4aTMruROA

Chapter 3. My Screeners - Workflow: Finviz Post Market &amp; TradingView Pre-/Live-Market RVOL https://t.co/QL3V9q1Uv0",en,1991493279209369910,34,3,1,0,39,12963,https://x.com/jfsrev/status/1991493279209369910,0,0,"[{""id"": ""1991440185905877123"", ""type"": ""quoted""}]",2026-09-07 06:03:42
1991492657064059048,153692841,jfsrev,2025-11-20T13:03:44.000Z,🙏🏻 https://t.co/F9l1jck9tX,art,1991492657064059048,7,0,0,0,0,5836,https://x.com/jfsrev/status/1991492657064059048,0,0,"[{""id"": ""1991468250912420142"", ""type"": ""quoted""}]",2026-09-07 06:03:42
1991413959614922860,153692841,jfsrev,2025-11-20T07:51:01.000Z,Will price face another rejection at the declining 10-MA this week? $ES $NQ,en,1991413959614922860,8,0,3,0,1,6512,https://x.com/jfsrev/status/1991413959614922860,0,0,,2026-09-07 06:03:42
1991403759059263677,153692841,jfsrev,2025-11-20T07:10:29.000Z,"anywhere, anytime — with @tradingview

#ppsclub https://t.co/lHC9EqB8tZ",en,1991403759059263677,85,2,7,0,8,8074,https://x.com/jfsrev/status/1991403759059263677,0,0,,2026-09-07 06:03:42
1991332256854732847,153692841,jfsrev,2025-11-20T02:26:21.000Z,thank you @JohnMuchow 🍻 https://t.co/i3KmJqTLYV,en,1991332256854732847,25,0,1,0,17,9072,https://x.com/jfsrev/status/1991332256854732847,0,0,"[{""id"": ""1991319561409380358"", ""type"": ""quoted""}]",2026-09-07 06:03:42
1991162624759775523,153692841,jfsrev,2025-11-19T15:12:18.000Z,"I’m celebrating my 9th Black Friday with TradingView, and they’re giving away two FREE Annual Subscriptions (Ultimate and Premium) to two lucky followers.

To enter:
🔁 Retweet
📷 Follow me and @tradingview

Winners will be announced next Wednesday — good luck! https://t.co/7jKgZ6RuA1 https://t.co/Q1GJl4WDsu",en,1991162624759775523,450,599,164,12,47,95738,https://x.com/jfsrev/status/1991162624759775523,0,0,"[{""id"": ""1858822375015661742"", ""type"": ""quoted""}]",2026-09-07 06:03:42
1990277297937805681,153692841,jfsrev,2025-11-17T04:34:20.000Z,that shall be 2 more to add into my list https://t.co/qZRnpJfq1l,en,1990277297937805681,11,0,1,0,7,10344,https://x.com/jfsrev/status/1990277297937805681,0,0,"[{""id"": ""1990219209599582370"", ""type"": ""quoted""}]",2026-09-07 06:03:42
1990271629822472396,153692841,jfsrev,2025-11-17T04:11:48.000Z,"This week’s 6 beaten-down stocks showing potential long-term cup-and-handle formations, backed by positive institutional accumulation over the past three months. 

$DNUT $LUNR $PTEN $SGML $TNDM $ZIM 

You can now enjoy a free 7-day trial on Finviz Elite with no credit card https://t.co/cf4V5Q3Aiq https://t.co/zVoQfMaRuY",en,1990271629822472396,41,3,3,0,26,19010,https://x.com/jfsrev/status/1990271629822472396,0,0,"[{""id"": ""1947145787479331055"", ""type"": ""quoted""}]",2026-09-07 06:03:42
1989960229652681215,153692841,jfsrev,2025-11-16T07:34:25.000Z,"This is my updated 38-name Liquid Mega list (1-Month RS Sorted), including leveraged long, inverse short, and leveraged inverse short ETFs. My daily focus list, pulled from this set, is available exclusively to subscribers.

https://t.co/kYMNCpPUUY

$AAPL $MU $NFLX $NVDA $GOOGL https://t.co/IdGPzNcXEd https://t.co/GmlKNUsGFw",en,1989960229652681215,80,6,6,1,59,55169,https://x.com/jfsrev/status/1989960229652681215,0,0,"[{""id"": ""1970761700472430903"", ""type"": ""quoted""}]",2026-09-07 06:03:42
1989868016801288558,153692841,jfsrev,2025-11-16T01:27:59.000Z,"8 of this week’s hottest stocks with net institutional inflows over the last 3 months — grouped by industry. 

$FLNC $SEI $CRK $REAL $APLD $EOSE $IREN $CIFR 

You can now enjoy a free 7-day trial on Finviz Elite with no credit card required via https://t.co/UV2Bh1W2XL https://t.co/cZVOUNzja5 https://t.co/zPJAnJ0WW0",en,1989868016801288558,110,13,2,0,66,26460,https://x.com/jfsrev/status/1989868016801288558,0,0,"[{""id"": ""1789602959782977668"", ""type"": ""quoted""}]",2026-09-07 06:03:42
1989553005834985929,153692841,jfsrev,2025-11-15T04:36:15.000Z,"10 growth stocks stand out this week — each showing positive net institutional buying over the past 3 months, sorted by industry group.

$PRMB $ONDS $UPST $ONON $SSRM $ORLA $EQX $CRK $MU $CWAN

You can now enjoy a free 7-day trial on Finviz Elite with no credit card required via https://t.co/XjBDctzMSD https://t.co/dqX3G256ev",en,1989553005834985929,97,7,2,0,50,18740,https://x.com/jfsrev/status/1989553005834985929,0,0,"[{""id"": ""1796806706028302775"", ""type"": ""quoted""}]",2026-09-07 06:03:42
1989247929408975164,153692841,jfsrev,2025-11-14T08:23:59.000Z,"appreciate this, @jonasgal89 https://t.co/PbPfrgvkCv",en,1989247929408975164,3,0,0,0,0,2367,https://x.com/jfsrev/status/1989247929408975164,0,0,"[{""id"": ""1989247219808055802"", ""type"": ""quoted""}]",2026-09-07 06:03:42
1989238598856794371,153692841,jfsrev,2025-11-14T07:46:54.000Z,Some of your best trading decisions this week may have come from restraint.,en,1989238598856794371,103,4,1,2,2,15704,https://x.com/jfsrev/status/1989238598856794371,0,0,,2026-09-07 06:03:42
1989227059168821380,153692841,jfsrev,2025-11-14T07:01:03.000Z,"End of Day Change % Comparison: Strongest 1-Month RS Groups vs Weakest 1-Month RS Groups (Non Sorted from quoted post)

Even after the sell-off, the strongest groups continued to hold up better than the weakest ones. https://t.co/Hg6Xn4ckg9 https://t.co/cUGf16DpeK",en,1989227059168821380,34,3,0,1,19,12076,https://x.com/jfsrev/status/1989227059168821380,0,0,"[{""id"": ""1988989182489030890"", ""type"": ""quoted""}]",2026-09-07 06:03:42
1989037130774114326,153692841,jfsrev,2025-11-13T18:26:21.000Z,a life back in 2013 as a civil engineer and part-time trader (local market) https://t.co/gtmi3u65FY,en,1989037130774114326,95,2,4,0,4,10502,https://x.com/jfsrev/status/1989037130774114326,0,0,,2026-09-07 06:03:42
1988989182489030890,153692841,jfsrev,2025-11-13T15:15:49.000Z,"Intraday Change % Comparison: Strongest 1-Month RS Groups vs Weakest 1-Month RS Groups

Always prioritize relative strength first, setup second. Try working it top-down: from segement i.e. $IVE value vs $IVW growth, to sector i.e. $XLV vs $XLC, to industry groups. You’ll often https://t.co/Un5z38sCNu https://t.co/gsHmi3J738",en,1988989182489030890,32,3,1,1,34,20189,https://x.com/jfsrev/status/1988989182489030890,0,0,"[{""id"": ""1918527933955883091"", ""type"": ""quoted""}]",2026-09-07 06:03:42
1988987202999906710,153692841,jfsrev,2025-11-13T15:07:57.000Z,"Intraday Change % Comparison: Strongest 1-Month RS Groups vs Weakest 1-Month RS Groups

Always prioritize relative strength first, setup second. Try working it top-down: from segement i.e. $IVE value vs $IVW growth, to sector i.e. $XLV vs $XLC, to industry groups. You’ll often https://t.co/0OBkOGoKUH https://t.co/gsHmi3J738",en,1988987202999906710,6,1,1,0,2,1937,https://x.com/jfsrev/status/1988987202999906710,0,0,"[{""id"": ""1918527933955883091"", ""type"": ""quoted""}]",2026-09-07 06:03:42
1988961400778293568,153692841,jfsrev,2025-11-13T13:25:25.000Z,"The Substack subscription grants access to Chapter 17, as the material within is sensitive and not meant for broad public circulation. If you’re not pursuing the institutional pathway — such as a full-time trading career or setting up an LLP structure for liability protection and https://t.co/8YbikueCbj",en,1988961400778293568,20,1,3,0,5,12127,https://x.com/jfsrev/status/1988961400778293568,0,0,"[{""id"": ""1988958646441767338"", ""type"": ""quoted""}]",2026-09-07 06:03:42
1988951148846612824,153692841,jfsrev,2025-11-13T12:44:41.000Z,What do you think is the real intention behind companies’ push for AI and automation?,en,1988951148846612824,7,0,19,0,1,6648,https://x.com/jfsrev/status/1988951148846612824,0,0,,2026-09-07 06:03:42
1988935368419471661,153692841,jfsrev,2025-11-13T11:41:59.000Z,you should see a 'Subs' tab for all latest and past postings https://t.co/KmHLgutqfm https://t.co/ChUdp29iRJ,en,1988935368419471661,6,0,2,0,1,6100,https://x.com/jfsrev/status/1988935368419471661,0,0,"[{""id"": ""1988928452108644850"", ""type"": ""quoted""}]",2026-09-07 06:03:42
1988890915726061704,153692841,jfsrev,2025-11-13T08:45:20.000Z,"Latest 1-Month RS ranking of the Liquid Mega 32.

Despite chatter about $NVDA weakness, it has displayed VARS since October 21st and could easily climb into the top 5 RS leaders with a post-earnings gap-up after its November 19th ER (after hours). From a top-down view, $SMH https://t.co/bOnImXvdhU https://t.co/bpNDSS4l9v",en,1988890915726061704,50,1,4,0,31,11525,https://x.com/jfsrev/status/1988890915726061704,0,0,"[{""id"": ""1806709652975141131"", ""type"": ""quoted""}]",2026-09-07 06:03:42
1988890549676634548,153692841,jfsrev,2025-11-13T08:43:53.000Z,"Latest 1-Month RS ranking of the Liquid Mega 32.

Despite chatter about $NVDA’s weakness, it has displayed VARS since October 21st and could easily climb into the top 5 RS leaders with a post-earnings gap-up after its November 19th ER (after hours). From a top-down view, $SMH https://t.co/tfacff1yaO https://t.co/bpNDSS4l9v",en,1988890549676634548,1,0,0,0,0,565,https://x.com/jfsrev/status/1988890549676634548,0,0,"[{""id"": ""1806709652975141131"", ""type"": ""quoted""}]",2026-09-07 06:03:42
1988869619403096086,153692841,jfsrev,2025-11-13T07:20:43.000Z,"$NOK (4.2% ADR) – Consolidating in a bull flag after a 20% surge following $NVDA $1B AI networking investment 3 weeks ago.

I’ve been tracking $NOK in my stalk list since last Tuesday within my subscribers' community, and the sideways consolidation has now produced intraday gains https://t.co/6rzGuY8leH",en,1988869619403096086,126,6,10,2,33,27894,https://x.com/jfsrev/status/1988869619403096086,0,0,,2026-09-07 06:03:42
1988758784450478162,153692841,jfsrev,2025-11-13T00:00:18.000Z,appreciate this. thank you 💯 https://t.co/aHZLZ0RmGJ,en,1988758784450478162,9,0,2,0,0,7209,https://x.com/jfsrev/status/1988758784450478162,0,0,"[{""id"": ""1988707158922523001"", ""type"": ""quoted""}]",2026-09-07 06:03:42
1988633392133366155,153692841,jfsrev,2025-11-12T15:42:02.000Z,"Chapters 10 to 15 and 17 (private) have been completed. The upcoming focus will be on finalizing Chapters 7 and 8, along with developing an extended subtopic on drawdown management.

https://t.co/OxoxgHQ1aF https://t.co/04YJTYdR9M",en,1988633392133366155,67,4,2,0,35,16798,https://x.com/jfsrev/status/1988633392133366155,0,0,"[{""id"": ""1975494028436328729"", ""type"": ""quoted""}]",2026-09-07 06:03:42
1988556139613864213,153692841,jfsrev,2025-11-12T10:35:03.000Z,you shall find value in my daily processes https://t.co/rVWHdaLSwb,en,1988556139613864213,10,0,0,0,1,9101,https://x.com/jfsrev/status/1988556139613864213,0,0,"[{""id"": ""1988554589545644223"", ""type"": ""quoted""}]",2026-09-07 06:03:42
1988516152096727291,153692841,jfsrev,2025-11-12T07:56:10.000Z,💯 https://t.co/UpmJdWVkTm,art,1988516152096727291,25,0,1,0,9,11435,https://x.com/jfsrev/status/1988516152096727291,0,0,"[{""id"": ""1988511178121724248"", ""type"": ""quoted""}]",2026-09-07 06:03:42
1988439131052232842,153692841,jfsrev,2025-11-12T02:50:06.000Z,🍻 https://t.co/W4cF6LlZ8N,art,1988439131052232842,7,0,0,0,2,9508,https://x.com/jfsrev/status/1988439131052232842,0,0,"[{""id"": ""1988437027097112703"", ""type"": ""quoted""}]",2026-09-07 06:03:42
1988431302731919701,153692841,jfsrev,2025-11-12T02:19:00.000Z,"Commentary to my subscribers on Biotech and Energy prior to their moves today

$XBI +3.56%
$LABU +10.6%
$WTI +1.7%
$USOIL +1.7%

You can subscribe for my direct trade ideas and curated market commentary.

https://t.co/kYMNCpPUUY https://t.co/2t75y4Tf7E",en,1988431302731919701,51,3,9,1,17,17304,https://x.com/jfsrev/status/1988431302731919701,0,0,,2026-09-07 06:03:42
1988072181130293374,153692841,jfsrev,2025-11-11T02:31:59.000Z,"This week’s 18 beaten-down stocks showing potential long-term cup-and-handle formations, backed by positive institutional accumulation over the past three months.

$AAOI $AIOT $BCRX $BFLY $BLND $CC $CGC $EU $GT $LUNR $NPWR $PLTK $PTEN $QSI $RCAT $TNDM $TWST $ZIM

You can now https://t.co/SwyuXBHlYg https://t.co/zVoQfMaRuY",en,1988072181130293374,82,8,2,0,55,24433,https://x.com/jfsrev/status/1988072181130293374,0,0,"[{""id"": ""1947145787479331055"", ""type"": ""quoted""}]",2026-09-07 06:03:42
1987731873410527261,153692841,jfsrev,2025-11-10T03:59:43.000Z,🙏 appreciate it @aperiwal93 https://t.co/eXKmsVY1HP,en,1987731873410527261,9,0,1,0,2,9435,https://x.com/jfsrev/status/1987731873410527261,0,0,"[{""id"": ""1987729605122220415"", ""type"": ""quoted""}]",2026-09-07 06:03:42
1987404096219857161,153692841,jfsrev,2025-11-09T06:17:15.000Z,"13 of this week’s hottest stocks with net institutional inflows over the last 3 months — grouped by industry. 

$FLNC $SEDG $ARRY $CORZ $BTDR $CRML $PBF $SEI $CRK $LMND $APLD $WULF $CIFR

You can now enjoy a free 7-day trial on Finviz Elite with no credit card required via https://t.co/sOM85uXs2e https://t.co/zPJAnJ0p6s",en,1987404096219857161,125,15,2,1,86,29214,https://x.com/jfsrev/status/1987404096219857161,0,0,"[{""id"": ""1789602959782977668"", ""type"": ""quoted""}]",2026-09-07 06:03:42
1987403988837466453,153692841,jfsrev,2025-11-09T06:16:49.000Z,"13 of this week’s hottest stocks with net institutional inflows over the last 3 months — grouped by industry. 

$FLNC $SEDG $ARRY $CORZ $BTDR $CRML $PBF $SEI $CRK $LMND $APLD $WULF $CIFR

You can now enjoy a free 7-day trial on Finviz Elite with no credit card required via https://t.co/zPJAnJ0WW0",en,1987403988837466453,0,0,0,0,0,508,https://x.com/jfsrev/status/1987403988837466453,0,0,"[{""id"": ""1789602959782977668"", ""type"": ""quoted""}]",2026-09-07 06:03:42
1986994616852488437,153692841,jfsrev,2025-11-08T03:10:07.000Z,"Most may be right on the idea, just a few days early on timing. https://t.co/xNTOhXdasE",en,1986994616852488437,19,0,2,0,3,10857,https://x.com/jfsrev/status/1986994616852488437,0,0,"[{""id"": ""1985906689841967367"", ""type"": ""quoted""}]",2026-09-07 06:03:42
1986986231398633588,153692841,jfsrev,2025-11-08T02:36:48.000Z,"13 growth stocks stand out this week, each recording more than +10% net institutional buying over the past three months.

$BMNR $CHYM $EOSE $EQX $FSLR $IREN $KVYO $MP $NTSK $ONDS $QBTS $QXO $SEI

You can now enjoy a free 7-day trial on Finviz Elite with no credit card required https://t.co/ysHVXXuW3U https://t.co/dqX3G256ev",en,1986986231398633588,148,18,7,1,132,35489,https://x.com/jfsrev/status/1986986231398633588,0,0,"[{""id"": ""1796806706028302775"", ""type"": ""quoted""}]",2026-09-07 06:03:42
1986782954249691604,153692841,jfsrev,2025-11-07T13:09:03.000Z,"You need composure to succeed in the market. The shorter your time horizon, the greater the composure is required of you.",en,1986782954249691604,79,1,1,0,6,5878,https://x.com/jfsrev/status/1986782954249691604,0,0,,2026-09-07 06:03:42
1986681168885092478,153692841,jfsrev,2025-11-07T06:24:36.000Z,"search '3-stop'. the full guide is inside

https://t.co/T4aTMruROA https://t.co/ObItZOkLdt https://t.co/IfU70Pemw7",en,1986681168885092478,100,7,2,0,145,30340,https://x.com/jfsrev/status/1986681168885092478,0,0,"[{""id"": ""1986680023911440690"", ""type"": ""quoted""}]",2026-09-07 06:03:42
1986614088252989505,153692841,jfsrev,2025-11-07T01:58:02.000Z,"$BTCUSD (Update) – Developing Bear Flag Points To Further Downside Potential.

Similar bear flag formations are unfolding across the top 5 market-cap coins: $BTCUSD, $ETHUSD, $XRPUSD, $SOLUSD, $BNBUSD https://t.co/yd8mLNbj4s https://t.co/l8dxIhQrUS",en,1986614088252989505,37,3,1,1,5,20504,https://x.com/jfsrev/status/1986614088252989505,0,0,"[{""id"": ""1985626091567063133"", ""type"": ""quoted""}]",2026-09-07 06:03:42
1986605274367733809,153692841,jfsrev,2025-11-07T01:23:01.000Z,1 more session https://t.co/xNTOhXdasE,en,1986605274367733809,10,0,0,0,0,8380,https://x.com/jfsrev/status/1986605274367733809,0,0,"[{""id"": ""1985906689841967367"", ""type"": ""quoted""}]",2026-09-07 06:03:42
1986581195464069137,153692841,jfsrev,2025-11-06T23:47:20.000Z,🍻 https://t.co/99KT9SubEa,art,1986581195464069137,2,0,1,0,0,6909,https://x.com/jfsrev/status/1986581195464069137,0,0,"[{""id"": ""1986328672442458331"", ""type"": ""quoted""}]",2026-09-07 06:03:42
1986322527006916623,153692841,jfsrev,2025-11-06T06:39:29.000Z,"The Substack subscription grants access to Chapter 17, as the material within is sensitive and not meant for broad public circulation. If you’re not pursuing the institutional pathway — such as a full-time trading career or setting up an LLP structure for liability protection and https://t.co/TBP1SzuJUv",en,1986322527006916623,78,2,3,1,44,30852,https://x.com/jfsrev/status/1986322527006916623,0,0,"[{""id"": ""1985994979827691748"", ""type"": ""quoted""}]",2026-09-07 06:03:42
1986277928641176053,153692841,jfsrev,2025-11-06T03:42:16.000Z,$XLY is indeed the top performing 1-month RS cap-weighted sector now https://t.co/eZ5VlkgPN8 https://t.co/k4zNb7dWFA,en,1986277928641176053,22,2,1,0,9,10257,https://x.com/jfsrev/status/1986277928641176053,0,0,"[{""id"": ""1986272908621324723"", ""type"": ""quoted""}]",2026-09-07 06:03:42
1986269790135329031,153692841,jfsrev,2025-11-06T03:09:55.000Z,😅 https://t.co/2e7nPXvCki,art,1986269790135329031,7,0,1,0,0,7267,https://x.com/jfsrev/status/1986269790135329031,0,0,"[{""id"": ""1986269136331366909"", ""type"": ""quoted""}]",2026-09-07 06:03:42
1986261445827567914,153692841,jfsrev,2025-11-06T02:36:46.000Z,"$VSCO — One of the few resilient names the market didn’t see coming.

Impeccable VARS and hasn’t closed below the 20-MA in 4 months. Shook off the Oct 10 and Nov 4 sell-offs like a itch scratch. https://t.co/f8g11ukZ9f",en,1986261445827567914,49,1,8,1,16,27111,https://x.com/jfsrev/status/1986261445827567914,0,0,,2026-09-07 06:03:42
1986261328147997015,153692841,jfsrev,2025-11-06T02:36:18.000Z,"$VSCO — One of the few resilient names the market didn’t see coming.

Hasn’t closed below the 20-MA in 4 months. Shook off the Oct 10 and Nov 4 sell-offs like a itch scratch. https://t.co/UeQgb579eT",en,1986261328147997015,1,0,0,0,0,424,https://x.com/jfsrev/status/1986261328147997015,0,0,,2026-09-07 06:03:42
1986254146513899670,153692841,jfsrev,2025-11-06T02:07:46.000Z,"Updated Chapter 2.1.1 (Leveraged ETFs and actual underlying reasons traders go for higher ADR%)

https://t.co/T4aTMruROA https://t.co/XM6jBq4MHQ https://t.co/6F3524KkGq",en,1986254146513899670,20,1,1,0,29,9795,https://x.com/jfsrev/status/1986254146513899670,0,0,"[{""id"": ""1986252984481960281"", ""type"": ""quoted""}]",2026-09-07 06:03:42
1986252984481960281,153692841,jfsrev,2025-11-06T02:03:08.000Z,"https://t.co/Q1Qye80rWe

You might find this useful for building your own complete list of tradable leveraged ETFs:

Here’s how I create my liquid leveraged ETF list:
1. Copy the full list from the site.
2. Use ChatGPT to extract only the ticker symbols separated by commas (e.g. https://t.co/jJNTyhKnxC",en,1986252984481960281,71,9,0,1,110,17207,https://x.com/jfsrev/status/1986252984481960281,0,0,"[{""id"": ""1986148544496247030"", ""type"": ""quoted""}]",2026-09-07 06:03:42
1986249673066357146,153692841,jfsrev,2025-11-06T01:49:59.000Z,"$STX — Making a Comeback After Stellar Quarter.

PEAD price action remains loose, trading at 4.1× ATR% above the 50-MA. A few more days of sideways consolidation could help as the market recalibrates around their 20-MAs. https://t.co/WOujkEIVir https://t.co/fsJLxkOwb0",en,1986249673066357146,28,0,0,0,8,10188,https://x.com/jfsrev/status/1986249673066357146,0,0,"[{""id"": ""1952199616923062404"", ""type"": ""quoted""}]",2026-09-07 06:03:42
1986088035361132830,153692841,jfsrev,2025-11-05T15:07:42.000Z,😅 https://t.co/vLuWelwg81,art,1986088035361132830,1,0,0,0,0,5603,https://x.com/jfsrev/status/1986088035361132830,0,0,"[{""id"": ""1986087781328671134"", ""type"": ""quoted""}]",2026-09-07 06:03:42
1985944243198967998,153692841,jfsrev,2025-11-05T05:36:19.000Z,"They are all available below 

https://t.co/T4aTMruROA https://t.co/u7oMvdDdYJ https://t.co/8w4kzXAmXj",en,1985944243198967998,231,19,5,1,395,48580,https://x.com/jfsrev/status/1985944243198967998,0,0,"[{""id"": ""1985943521694793751"", ""type"": ""quoted""}]",2026-09-07 06:03:42
1985916545370063298,153692841,jfsrev,2025-11-05T03:46:15.000Z,"Only 23 strongest stocks with 1-month relative strength after yesterday’s close, sorted by industry group.

$BBAR $GGAL $SUPV $CIFR $VIAV $SNDK $GH $INDV $BE $TE $CLS $CLOV $PACB $ATEC $VIST $PUMP $YPF $TMQ $AXTI $NUAI $CSIQ $FLS $LUMN

PS: You can now enjoy a free 7-day trial on https://t.co/Z7sLvHYZX7",en,1985916545370063298,130,11,5,1,87,37675,https://x.com/jfsrev/status/1985916545370063298,0,0,,2026-09-07 06:03:42
1985906689841967367,153692841,jfsrev,2025-11-05T03:07:05.000Z,S&amp;P 500 and Nasdaq 100 futures back at the 20-MA — will we see a 3-day grind higher?,en,1985906689841967367,14,0,2,1,1,29174,https://x.com/jfsrev/status/1985906689841967367,0,0,,2026-09-07 06:03:42
1985789384181104929,153692841,jfsrev,2025-11-04T19:20:58.000Z,"search 'etf'

https://t.co/T4aTMruROA https://t.co/ip4hvpMIu3 https://t.co/fpHLnIdz00",en,1985789384181104929,13,2,2,0,19,7693,https://x.com/jfsrev/status/1985789384181104929,0,0,"[{""id"": ""1985718365105623203"", ""type"": ""quoted""}]",2026-09-07 06:03:42
1985678590302998907,153692841,jfsrev,2025-11-04T12:00:42.000Z,"This debate has surfaced countless times over my 15 years on Twitter, with people coming and going. After all, market breadth remains a key factor in grasping the market’s overall direction — it’s your situational read.
https://t.co/T4aTMruROA

Chapter 5.3 https://t.co/kL3s8ZvSLq",en,1985678590302998907,82,9,3,1,82,30988,https://x.com/jfsrev/status/1985678590302998907,0,0,,2026-09-07 06:03:42
1985626091567063133,153692841,jfsrev,2025-11-04T08:32:06.000Z,"$BTCUSD (Update) – Bearish double top breakdown in progress.

A break below 103,530 would mark a four-month low. https://t.co/KkMWbOCoPT https://t.co/E6gvjPhlJ2",en,1985626091567063133,52,1,2,1,9,25077,https://x.com/jfsrev/status/1985626091567063133,0,0,"[{""id"": ""1984556602192482746"", ""type"": ""quoted""}]",2026-09-07 06:03:42
1985480163816325258,153692841,jfsrev,2025-11-03T22:52:14.000Z,https://t.co/dtinpSfTyV https://t.co/z4t3mc01dX,zxx,1985480163816325258,8,0,0,0,13,8313,https://x.com/jfsrev/status/1985480163816325258,0,0,"[{""id"": ""1985460972245696860"", ""type"": ""quoted""}]",2026-09-07 06:03:42
1985479626714751162,153692841,jfsrev,2025-11-03T22:50:06.000Z,🍻 https://t.co/Veu5mTIaJ3,art,1985479626714751162,19,0,0,0,7,8016,https://x.com/jfsrev/status/1985479626714751162,0,0,"[{""id"": ""1985284079151878146"", ""type"": ""quoted""}]",2026-09-07 06:03:42
1985479337999811006,153692841,jfsrev,2025-11-03T22:48:57.000Z,just search any of the term on my substack. it is almost completed. https://t.co/T4aTMruROA https://t.co/3nyQva9N7C https://t.co/1JRoU2Sbsm,en,1985479337999811006,28,4,1,0,23,8640,https://x.com/jfsrev/status/1985479337999811006,0,0,"[{""id"": ""1985390133600755765"", ""type"": ""quoted""}]",2026-09-07 06:03:42
1985253780116684880,153692841,jfsrev,2025-11-03T07:52:40.000Z,"💯 

""after doing monthly review, i realized that 90% of my losses this month would have been avoided using 30 ORB + LoD dist &gt; 60% as strict entry criteria. sometimes you miss out on moves, but more importantly you will avoid many more losses finding reasons to not enter https://t.co/2ufYZU3qzD",en,1985253780116684880,177,9,6,2,166,55251,https://x.com/jfsrev/status/1985253780116684880,0,0,"[{""id"": ""1985252945332428924"", ""type"": ""quoted""}]",2026-09-07 06:03:42
1985234957737066877,153692841,jfsrev,2025-11-03T06:37:52.000Z,"$MVST (ADR 10%) – Setup with Time Cushion to ER within $LIT (Top 10 1-Month RS Industry Group)

Among the lithium names, $MVST stands out for its strong liquidity at a high ADR%, clean and linear price structure, and tendency to make parabolic moves up to 10× ATR% from the 50-MA. https://t.co/tVjqWH82hp https://t.co/vlQ2t0Alpd",en,1985234957737066877,61,4,0,1,37,15066,https://x.com/jfsrev/status/1985234957737066877,0,0,"[{""id"": ""1984875734217998646"", ""type"": ""quoted""}]",2026-09-07 06:03:42
1985223389871505425,153692841,jfsrev,2025-11-03T05:51:54.000Z,"$NTSK (ADR 5.1%) – IPO U-Base, reminiscent of $CRWV

6 weeks ago, $NTSK IPO raised over $900M, giving it a current market cap of around $8B, with more than 85% of shares still insider-owned. The price action remains somewhat loose (about 1x ATR per day), but volatility has https://t.co/B6lkvD5ejC https://t.co/UjKhUz9nno",en,1985223389871505425,90,6,1,0,41,21716,https://x.com/jfsrev/status/1985223389871505425,0,0,"[{""id"": ""1984458063034925144"", ""type"": ""quoted""}]",2026-09-07 06:03:42
1985194248761991473,153692841,jfsrev,2025-11-03T03:56:06.000Z,"This week’s 15 beaten-down stocks — potential long-term cup-and-handle setups with positive institutional accumulation over the past 3 months.

$ACDC $BFLY $BRZE $CFLT $DDD $FIVN $LUNR $MCW $NVX $PDYN $PTEN $TDOC $TWST $WRD $ZIP

You can now enjoy a free 7-day trial on Finviz https://t.co/rxNE0ulOSS https://t.co/zVoQfMaRuY",en,1985194248761991473,59,3,1,0,25,16233,https://x.com/jfsrev/status/1985194248761991473,0,0,"[{""id"": ""1947145787479331055"", ""type"": ""quoted""}]",2026-09-07 06:03:42
1985171961899843817,153692841,jfsrev,2025-11-03T02:27:33.000Z,💯 https://t.co/EX0T6UuNUC,art,1985171961899843817,59,3,0,0,64,12923,https://x.com/jfsrev/status/1985171961899843817,0,0,"[{""id"": ""1985168942634250305"", ""type"": ""quoted""}]",2026-09-07 06:03:42
1984875734217998646,153692841,jfsrev,2025-11-02T06:50:26.000Z,"Here’s a curated watchlist featuring names that made it through October to qualify for both my focus and stalk lists (displayed using @tradingview’s Advanced View watchlist option).

$RGTI $TSM $APP $OKLO $TEM $CRWV $TSLA $BORR $BW $DDOG $NTSK $GTLB $QBTS $HNGE $APLD $SLDE $GRAB https://t.co/xlXS3yD7Jg",,,217,15,18,2,178,47777,https://x.com/jfsrev/status/1984875734217998646,0,0,,2026-09-07 06:03:54
1984812047088173529,153692841,jfsrev,2025-11-02T02:37:22.000Z,"This week’s 12 'Hottest Stocks' with positive institutional accumulation over the past 3 months. They are sorted by industry groups. I have included a intraday positive close from last session in the filter. 

$FLNC $SYM $SEDG $ARRY $SOUN $NVTS $INDI $LMND $TEM $EOSE $DDD $WULF https://t.co/JaYs7VWxRv https://t.co/zPJAnJ0WW0",,,296,30,8,2,254,75805,https://x.com/jfsrev/status/1984812047088173529,0,0,"[{""id"": ""1789602959782977668"", ""type"": ""quoted""}]",2026-09-07 06:03:54
1984556602192482746,153692841,jfsrev,2025-11-01T09:42:19.000Z,"$BTCUSD – Bearish Double Top to Re-Test 200-MA support. VARW to $SPY since 14th October with Bearish Divergence.

A quick glance at the four largest spot cryptos,

$BTCUSD - At 200-MA with Bearish Divergence to RS
$ETHUSD - 2.5 x ADR% above 200-MA
$XRPUSD - 1 x ADR% below 200-MA https://t.co/CnpEOMZB8q",,,67,7,5,1,9,28001,https://x.com/jfsrev/status/1984556602192482746,0,0,,2026-09-07 06:03:54
1984458063034925144,153692841,jfsrev,2025-11-01T03:10:46.000Z,"This week +5%&gt; net positive institutional transaction in last 3 months are found in this 18 standout growth stock. Earnings season will kick off with reports beginning from major banks next week.

$COIN $EOSE $IONQ $NTSK $QBTS $RBRK $RKLB $SMR $TEM $UPST

You can now enjoy a free https://t.co/eon9f03334 https://t.co/dqX3G256ev",,,115,7,3,1,52,46635,https://x.com/jfsrev/status/1984458063034925144,0,0,"[{""id"": ""1796806706028302775"", ""type"": ""quoted""}]",2026-09-07 06:03:54
1984449330116509899,153692841,jfsrev,2025-11-01T02:36:04.000Z,"nope, we didn't enter. it could do a few more sideway days with time cushion for execution prior to 10/11 earnings report https://t.co/je3WlGEWEm",,,12,0,3,0,7,9417,https://x.com/jfsrev/status/1984449330116509899,0,0,"[{""id"": ""1984350610414514643"", ""type"": ""quoted""}]",2026-09-07 06:03:54
1984260310551900407,153692841,jfsrev,2025-10-31T14:04:58.000Z,"Glad October’s behind us — looking forward to what November brings. Opportunities are always ahead.

Wishing everyone a wonderful Halloween! 🎃 https://t.co/JVDbY5Yw5H",,,66,2,1,0,1,9853,https://x.com/jfsrev/status/1984260310551900407,0,0,,2026-09-07 06:03:54
1984253396627664916,153692841,jfsrev,2025-10-31T13:37:30.000Z,u got me 👍🏻 https://t.co/tQa13ODwDk,,,3,0,1,0,1,5642,https://x.com/jfsrev/status/1984253396627664916,0,0,"[{""id"": ""1983900811626463256"", ""type"": ""quoted""}]",2026-09-07 06:03:54
1984225302692893033,153692841,jfsrev,2025-10-31T11:45:51.000Z,"search 'ETF', it's under chapter 5

https://t.co/T4aTMruROA https://t.co/cc2to1DXww https://t.co/O9MDVwmvFh",,,18,2,2,0,15,7254,https://x.com/jfsrev/status/1984225302692893033,0,0,"[{""id"": ""1984218406254768476"", ""type"": ""quoted""}]",2026-09-07 06:03:54
1984173969285771703,153692841,jfsrev,2025-10-31T08:21:53.000Z,"1-Month RS High — 10 Leading Industry Group despite $SPY -1.1%

$SLX $SMH $ARGT $BAI $AIQ $SOXX $DRIV $XES $OIH $LIT https://t.co/pV3hRsDrzz",,,27,2,1,0,16,6259,https://x.com/jfsrev/status/1984173969285771703,0,0,,2026-09-07 06:03:54
1984080905804386763,153692841,jfsrev,2025-10-31T02:12:05.000Z,"appreciate this @LoneStockTrader, i am enjoying your X sub daily market top-down commentary and trading ideas. https://t.co/Vt4idKo7u2",,,23,0,3,0,8,9337,https://x.com/jfsrev/status/1984080905804386763,0,0,"[{""id"": ""1984077815902605358"", ""type"": ""quoted""}]",2026-09-07 06:03:54
1983905064545579219,153692841,jfsrev,2025-10-30T14:33:21.000Z,"I’ve spent the past few days finalizing Chapter 6.2 '3-Stop Strategy' and the full draft is now published and updated.

https://t.co/T4aTMrujZ2

This topic has been widely discussed on X over the past 2 years. I’d like to express my appreciation to @RomanBreakouts @shrederickson https://t.co/zn8V9hzlN3 https://t.co/Nyy5TvMI80",,,161,11,10,4,157,43979,https://x.com/jfsrev/status/1983905064545579219,0,0,"[{""id"": ""1937402718278369337"", ""type"": ""quoted""}]",2026-09-07 06:03:54
1983897234417877069,153692841,jfsrev,2025-10-30T14:02:14.000Z,$MTUM - Monotonous Momentum https://t.co/ZW98KFk6er https://t.co/VAYtKY5Glg,,,26,3,5,0,14,6701,https://x.com/jfsrev/status/1983897234417877069,0,0,"[{""id"": ""1983891974408302812"", ""type"": ""quoted""}]",2026-09-07 06:03:54
1983891974408302812,153692841,jfsrev,2025-10-30T13:41:20.000Z,A highly dangerous time to try and revenge trade your losses.,,,149,7,6,1,5,18973,https://x.com/jfsrev/status/1983891974408302812,0,0,,2026-09-07 06:03:54
1983803202236772537,153692841,jfsrev,2025-10-30T07:48:35.000Z,"search 'sheet' under my substack

https://t.co/T4aTMruROA https://t.co/5WzIHxGKrA https://t.co/Bt6pJzCQjc",,,26,1,0,0,22,11185,https://x.com/jfsrev/status/1983803202236772537,0,0,"[{""id"": ""1983612081225265213"", ""type"": ""quoted""}]",2026-09-07 06:03:54
1983802891761774680,153692841,jfsrev,2025-10-30T07:47:21.000Z,appreciate this. thank you https://t.co/wefypXTlt9,,,10,0,0,0,2,6044,https://x.com/jfsrev/status/1983802891761774680,0,0,"[{""id"": ""1983616821438902522"", ""type"": ""quoted""}]",2026-09-07 06:03:54
1983501710094950602,153692841,jfsrev,2025-10-29T11:50:34.000Z,"1. Friendship
2. Relationship
3. Stock Ideas from October 2025 https://t.co/ZpcmRscqut",,,35,2,2,0,9,7230,https://x.com/jfsrev/status/1983501710094950602,0,0,,2026-09-07 06:03:54
1983499348479516948,153692841,jfsrev,2025-10-29T11:41:10.000Z,"1. Friendship
2. Relationship
3. Stocks Idea from October 2025 https://t.co/cIQ0b3XCBo",,,5,0,0,0,0,1132,https://x.com/jfsrev/status/1983499348479516948,0,0,,2026-09-07 06:03:54
1983497430298406992,153692841,jfsrev,2025-10-29T11:33:33.000Z,"1. Friend
2. Woman
3. Stocks Idea from October 2025 https://t.co/TleYDGlowR",,,7,0,1,0,1,1103,https://x.com/jfsrev/status/1983497430298406992,0,0,,2026-09-07 06:03:54
1983464084172353766,153692841,jfsrev,2025-10-29T09:21:03.000Z,"Low Beta is useful for diversifying correlation among your trading ideas before positioning to your portfolio.

But worth pointing out that a beta below absolute value of 1, or 100% (low correlation) can suggest 2 separate things:

i) High ADR% + Low Beta → independent https://t.co/x2gect65gH",,,90,10,3,0,95,22379,https://x.com/jfsrev/status/1983464084172353766,0,0,"[{""id"": ""1983416699346133383"", ""type"": ""quoted""}]",2026-09-07 06:03:54
1983436951333306665,153692841,jfsrev,2025-10-29T07:33:14.000Z,"Top 10 stocks feature the highest short interest % with the lowest share float based on last close:-

$DFDV $DNUT $GRND $GRPN $NNE $SEI $SYM $ULCC $UPST $WOLF

You can now enjoy a free 7-day trial on Finviz Elite with no credit card required via https://t.co/UV2Bh1W2XL https://t.co/mr745xZvAu https://t.co/qkPBCLt9yi",,,58,3,3,0,20,12783,https://x.com/jfsrev/status/1983436951333306665,0,0,"[{""id"": ""1943548132232663415"", ""type"": ""quoted""}]",2026-09-07 06:03:54
1983436698953609305,153692841,jfsrev,2025-10-29T07:32:14.000Z,"Top 10 stocks feature the highest short interest % with the lowest share float based on last close:-

$DFDV $DNUT $GRND $GRPN $NNE $SEI $SYM $ULCC $UPST $WOLF

All my post-market screeners are built on Finviz Elite. You can enjoy a free 7-day trial with no credit card required https://t.co/W0KUJRCcyg https://t.co/qkPBCLt9yi",,,1,0,0,0,0,530,https://x.com/jfsrev/status/1983436698953609305,0,0,"[{""id"": ""1943548132232663415"", ""type"": ""quoted""}]",2026-09-07 06:03:54
1983416699346133383,153692841,jfsrev,2025-10-29T06:12:45.000Z,"Latest 1-Month Relative Strength Progress for the Mega Liquid 32, Sorted.

I’ve included each stock’s industry group using @Refinitiv data, along with a data bar showing individual beta comparisons to $SPY

$INTC $SOFI $AVGO $MSFT $NVDA $AMD $GOOGL $AAPL $MU $TSLA $AMZN $PLTR https://t.co/cbDdHDAN94 https://t.co/bpNDSS4l9v",,,75,2,2,1,61,38963,https://x.com/jfsrev/status/1983416699346133383,0,0,"[{""id"": ""1806709652975141131"", ""type"": ""quoted""}]",2026-09-07 06:03:54
1983398885054890089,153692841,jfsrev,2025-10-29T05:01:58.000Z,"All of them are openly available on my Substack.

For quick access, direct links to import the screeners are shared in my subscriber community, allowing them to start screening immediately, and compare their homework with my daily focus list.

https://t.co/kYMNCpPUUY https://t.co/QmJjfT4RFE https://t.co/AOCj5AgKX9",,,103,8,2,0,140,28123,https://x.com/jfsrev/status/1983398885054890089,0,0,"[{""id"": ""1983397037778591999"", ""type"": ""quoted""}]",2026-09-07 06:03:54
1983398784567783732,153692841,jfsrev,2025-10-29T05:01:34.000Z,"All of them are openly available on my Substack.

For quick access, direct links to import the screeners are shared in my subscriber community, allowing them to start screening immediately, and compare their homework with my daily focus list. https://t.co/K1oabQXadb https://t.co/AOCj5AgKX9",,,0,0,0,0,0,406,https://x.com/jfsrev/status/1983398784567783732,0,0,"[{""id"": ""1983397037778591999"", ""type"": ""quoted""}]",2026-09-07 06:03:54
1983350679373787575,153692841,jfsrev,2025-10-29T01:50:25.000Z,this is excellent https://t.co/46BXtfI8Oc,,,69,2,2,0,95,16346,https://x.com/jfsrev/status/1983350679373787575,0,0,"[{""id"": ""1983261198502993986"", ""type"": ""quoted""}]",2026-09-07 06:03:54
1983174563455467620,153692841,jfsrev,2025-10-28T14:10:36.000Z,"$RGTI - ''A few more days''

Another new leg may be in the build up phase. $RGTX for 2x at ADR 27% https://t.co/FKoL0vFVe4 https://t.co/dRzPwzAaXg",,,82,6,6,1,24,25947,https://x.com/jfsrev/status/1983174563455467620,0,0,"[{""id"": ""1976572991988232489"", ""type"": ""quoted""}]",2026-09-07 06:03:54
1983104450421239940,153692841,jfsrev,2025-10-28T09:31:59.000Z,"it's published under my substack chapter 3.1.3. 

https://t.co/3efkdua2Pz https://t.co/P6avsUmzGq https://t.co/FiksPPXNp0",,,37,2,1,0,39,9673,https://x.com/jfsrev/status/1983104450421239940,0,0,"[{""id"": ""1983102918812413978"", ""type"": ""quoted""}]",2026-09-07 06:03:54
1983082511854154238,153692841,jfsrev,2025-10-28T08:04:49.000Z,"This week’s 11 beaten-down stocks — potential long-term cup-and-handle setups with positive institutional accumulation over the past 3 months.

$BFLY $BLMN $BLND $CRK $LUNR $MVIS $PDYN $PTEN $TDOC $TWST $WRD

All my post-market screeners are now built on @finviz_com (Elite). You https://t.co/BOoSJ4Nb70 https://t.co/zVoQfMaRuY",,,66,9,6,1,37,17806,https://x.com/jfsrev/status/1983082511854154238,0,0,"[{""id"": ""1947145787479331055"", ""type"": ""quoted""}]",2026-09-07 06:03:54
1983015845027856837,153692841,jfsrev,2025-10-28T03:39:54.000Z,"Thankful to @tradingview for adding screen sharing — it now makes screener access much easier. I’ve also figured out a way to share my Finviz post-market screeners to free finviz users, all available exclusively to subscribers to maintain quality interactions and proper context. https://t.co/L8XgV1n3Cq",,,77,6,2,0,78,18424,https://x.com/jfsrev/status/1983015845027856837,0,0,,2026-09-07 06:03:54
1982816704611688769,153692841,jfsrev,2025-10-27T14:28:35.000Z,"@erikcarell got mine installed. this really saves time daily.

thank you for sharing https://t.co/1FkCbJjGd1 https://t.co/2Zmdojxc8z",,,5,0,1,0,4,462,https://x.com/jfsrev/status/1982816704611688769,0,0,"[{""id"": ""1982771249941282845"", ""type"": ""quoted""}]",2026-09-07 06:03:54
1982702781103485051,153692841,jfsrev,2025-10-27T06:55:54.000Z,"Yes, losing streaks are a natural part of trading and can occur several times a year. The key is understanding the variance in your own trading data — specifically, that your win rate % naturally implies the probability of experiencing consecutive losses over a series of trades. https://t.co/KgPlrd0nyg",,,145,13,1,1,61,46452,https://x.com/jfsrev/status/1982702781103485051,0,0,"[{""id"": ""1982563572921327905"", ""type"": ""quoted""}]",2026-09-07 06:03:54
1982652016875946112,153692841,jfsrev,2025-10-27T03:34:11.000Z,💯 calibration period https://t.co/fNbI2IU9ez,,,7,0,0,0,1,7843,https://x.com/jfsrev/status/1982652016875946112,0,0,"[{""id"": ""1982651420529786963"", ""type"": ""quoted""}]",2026-09-07 06:03:54
1982648012938850452,153692841,jfsrev,2025-10-27T03:18:16.000Z,"""How we manage risk is what keeps us in the game for the long haul"" -@RealSimpleAriel https://t.co/cgysRwOF0f",,,70,4,1,0,34,22541,https://x.com/jfsrev/status/1982648012938850452,0,0,"[{""id"": ""1982647642510279132"", ""type"": ""quoted""}]",2026-09-07 06:03:54
1982610092378972492,153692841,jfsrev,2025-10-27T00:47:35.000Z,💯 https://t.co/KgPlrd0nyg,,,9,0,1,0,3,8180,https://x.com/jfsrev/status/1982610092378972492,0,0,"[{""id"": ""1982563572921327905"", ""type"": ""quoted""}]",2026-09-07 06:03:54
1982442087984615544,153692841,jfsrev,2025-10-26T13:40:00.000Z,🍻 https://t.co/gC8llocD3h,,,13,0,1,0,1,8299,https://x.com/jfsrev/status/1982442087984615544,0,0,"[{""id"": ""1982427317927567435"", ""type"": ""quoted""}]",2026-09-07 06:03:54
1982331679701365183,153692841,jfsrev,2025-10-26T06:21:17.000Z,"“Everyone wants to win — until they realize how many losses it takes.”

October has been one of the toughest months for me (and likely for some of you), especially when comparing LoD stops based sizing swing traders vs. % stops based sizing position traders. I’ve had 16 straight https://t.co/BItgya7TZP",,,716,64,29,10,324,117389,https://x.com/jfsrev/status/1982331679701365183,0,0,,2026-09-07 06:03:54
1982276622712795161,153692841,jfsrev,2025-10-26T02:42:30.000Z,"This week’s 16 'Hottest Stocks' with positive institutional accumulation over the past 3 months. They are sorted by industry groups.

$FLNC $SEDG $CORZ $BTDR $SOUN $NVTS $INDI $CRML $PBF $SEI $APLD $TEM $EOSE $DDD $AAOI $WULF $CIFR $CLSK

Here’s the direct screener link for https://t.co/TYkFp7NiJX https://t.co/zPJAnJ0WW0",,,272,33,5,1,259,48555,https://x.com/jfsrev/status/1982276622712795161,0,0,"[{""id"": ""1789602959782977668"", ""type"": ""quoted""}]",2026-09-07 06:03:54
1981935205049942284,153692841,jfsrev,2025-10-25T04:05:50.000Z,"This week +5%&gt; net positive institutional transaction in last 3 months, are found in this 23 standout growth stock. 

$BMNR $CHYM $COIN $EOSE $HIMS $HOOD $IONQ $IREN $KGC $MARA $MP $NTSK $ONDS $ORLA $OUST $PGY $QBTS $RDDT $RIOT $SEI $SMR $TEM $UPST

My post market screeners are https://t.co/dqX3G24yoX",,,114,9,1,0,104,29696,https://x.com/jfsrev/status/1981935205049942284,0,0,"[{""id"": ""1796806706028302775"", ""type"": ""quoted""}]",2026-09-07 06:03:54
1981743937871368215,153692841,jfsrev,2025-10-24T15:25:48.000Z,"all 16 screeners are already shared in my substack. with the new feature, I will share them in our subscribers community for discussion 
https://t.co/T4aTMruROA https://t.co/g9WOtLxXkT",,,54,10,2,0,26,10334,https://x.com/jfsrev/status/1981743937871368215,0,0,"[{""id"": ""1981738766327796193"", ""type"": ""quoted""}]",2026-09-07 06:03:54
1981718923104956452,153692841,jfsrev,2025-10-24T13:46:24.000Z,💯 https://t.co/83LGv81u5V,,,7,2,1,0,7,6117,https://x.com/jfsrev/status/1981718923104956452,0,0,"[{""id"": ""1981706877168914520"", ""type"": ""quoted""}]",2026-09-07 06:03:54
1981713949780476086,153692841,jfsrev,2025-10-24T13:26:38.000Z,"stay composed with this gap-up open — it might be wiser to delay any entry for further confirmation before entering (re-ORH based entries are more favourable imo)

If you chase the open, all it takes is an intraday pullback from the current expanded range (at futures) within the",,,98,8,4,0,8,8208,https://x.com/jfsrev/status/1981713949780476086,0,0,,2026-09-07 06:03:54
1981574907453657435,153692841,jfsrev,2025-10-24T04:14:08.000Z,😅 https://t.co/xug1ZvQz2m,,,14,2,1,0,3,8647,https://x.com/jfsrev/status/1981574907453657435,0,0,"[{""id"": ""1981571995692417042"", ""type"": ""quoted""}]",2026-09-07 06:03:54
1981339822745932032,153692841,jfsrev,2025-10-23T12:39:59.000Z,$TSLA - Pre-market 421.93 −17.04 (-3.88%) https://t.co/3l3kUNIg8X https://t.co/CyY75hKAyq,,,19,1,0,0,2,7795,https://x.com/jfsrev/status/1981339822745932032,0,0,"[{""id"": ""1980896543923401149"", ""type"": ""quoted""}]",2026-09-07 06:03:54
1981336199005687908,153692841,jfsrev,2025-10-23T12:25:35.000Z,🍻 https://t.co/BpUZtyrMWG,,,7,1,2,0,2,6382,https://x.com/jfsrev/status/1981336199005687908,0,0,"[{""id"": ""1981335297150390339"", ""type"": ""quoted""}]",2026-09-07 06:03:54
1981259570371866734,153692841,jfsrev,2025-10-23T07:21:06.000Z,💯 https://t.co/lZnrDKppqR,,,13,2,0,0,13,7157,https://x.com/jfsrev/status/1981259570371866734,0,0,"[{""id"": ""1981259245728186560"", ""type"": ""quoted""}]",2026-09-07 06:03:54
1981246565542158515,153692841,jfsrev,2025-10-23T06:29:25.000Z,this is a great free spreadsheet by @i_manage_risk to give a practical idea of 3 staggered stops calculation and sizing https://t.co/sn3ffEgCyO,,,61,5,5,0,90,19589,https://x.com/jfsrev/status/1981246565542158515,0,0,"[{""id"": ""1981092735789781298"", ""type"": ""quoted""}]",2026-09-07 06:03:54
1981205535384097033,153692841,jfsrev,2025-10-23T03:46:23.000Z,"$XAUUSD Gold (Update) – Pullback from 10× ATR% above the 50-MA, currently resting on the rising 20-MA at 3.7× ATR% from the 50-MA.

I’m remain in my gold futures position (for 56 days) as yesterday’s move did not break Tuesday’s LoD (8:13 PM ET), following the first close below https://t.co/gjug5Izaoc https://t.co/hOQWmuTcqr",,,62,6,0,0,29,18121,https://x.com/jfsrev/status/1981205535384097033,0,0,"[{""id"": ""1978656438999556586"", ""type"": ""quoted""}]",2026-09-07 06:03:54
1981205009208660460,153692841,jfsrev,2025-10-23T03:44:17.000Z,"$XAUUSD Gold (Update) – Pullback from 10× ATR% above the 50-MA, currently resting on the rising 20-MA at 3.7× ATR% from the 50-MA.

I’m remain in my gold futures position (for 56 days) as yesterday’s move did not break Tuesday’s LoD (8:13 PM ET), following the first close below https://t.co/jWW8KwQ7CM https://t.co/hOQWmuTcqr",,,4,0,0,0,0,1041,https://x.com/jfsrev/status/1981205009208660460,0,0,"[{""id"": ""1978656438999556586"", ""type"": ""quoted""}]",2026-09-07 06:03:54
1981157542878466088,153692841,jfsrev,2025-10-23T00:35:41.000Z,🙏🏻 https://t.co/CoO4LylcIt,,,6,1,0,0,0,6604,https://x.com/jfsrev/status/1981157542878466088,0,0,"[{""id"": ""1981102516818628757"", ""type"": ""quoted""}]",2026-09-07 06:03:54
1981040782892249495,153692841,jfsrev,2025-10-22T16:51:43.000Z,🙏🏻 https://t.co/LaLCNDoJFK,,,2,1,0,0,1,6058,https://x.com/jfsrev/status/1981040782892249495,0,0,"[{""id"": ""1981035391437226196"", ""type"": ""quoted""}]",2026-09-07 06:03:54
1981013112812912881,153692841,jfsrev,2025-10-22T15:01:46.000Z,💕 https://t.co/xc6G6UZdhv,,,10,1,1,0,0,6177,https://x.com/jfsrev/status/1981013112812912881,0,0,"[{""id"": ""1981013021381296470"", ""type"": ""quoted""}]",2026-09-07 06:03:54
1981010557491921108,153692841,jfsrev,2025-10-22T14:51:36.000Z,"agree, 

you are in control of your entry
you are in control of your final exit
you are in control of your risk level
you are in control of your position size

focus on what you can control. https://t.co/PmXhCxGewT",,,93,7,2,0,42,20083,https://x.com/jfsrev/status/1981010557491921108,0,0,"[{""id"": ""1981009744186982763"", ""type"": ""quoted""}]",2026-09-07 06:03:54
1981002803083710855,153692841,jfsrev,2025-10-22T14:20:48.000Z,The best free productivity tool you need for twitter/x https://t.co/sddH3SRPw1,,,34,1,1,0,42,8382,https://x.com/jfsrev/status/1981002803083710855,0,0,"[{""id"": ""1960806086996582545"", ""type"": ""quoted""}]",2026-09-07 06:03:54
1980981222580039743,153692841,jfsrev,2025-10-22T12:55:02.000Z,"Chapter 6 is a big topic. i am now on 6.2, dedicating this solely to my 3-stop strategy

https://t.co/OxoxgHQz0d https://t.co/D5tamEJUDT https://t.co/04YJTYeoZk",,,139,10,2,2,154,28371,https://x.com/jfsrev/status/1980981222580039743,0,0,"[{""id"": ""1975494028436328729"", ""type"": ""quoted""}]",2026-09-07 06:03:54
1980980161232404658,153692841,jfsrev,2025-10-22T12:50:49.000Z,"intraday % = (price-open)/open
daily % = use excel stock data chg%
1-month (refer to the link below, if u use the 25 data set, the formula is (1st data-25th data)/25th data

https://t.co/xAkF3ePmGI

you may also refer to the googlesheet shared by others in my substack via search https://t.co/ZngaUMsiWR",,,21,4,2,0,25,6909,https://x.com/jfsrev/status/1980980161232404658,0,0,"[{""id"": ""1980977832693272643"", ""type"": ""quoted""}]",2026-09-07 06:03:54
1980977148413555094,153692841,jfsrev,2025-10-22T12:38:51.000Z,"Latest 32 Mega Liquid Performance (1-Month RS Sorted)

Strongest $MU, $AAPL, $GOOGL, $INTC, $AMD, $RIOT, $NFLX, $SMCI, $UNH, $TSLA, $OKLO, $SOUN, $SOFI, $SMR, $TEM, $AVGO, $RGTI, $PLTR, $MRVL, $COIN, $BABA, $META, $HOOD, $NVDA, $CRWV, $RDDT, $MSFT, $MSTR, $HIMS, $AMZN, $ORCL, https://t.co/nQ5IxmPZsl https://t.co/9er8FdRzoi",,,39,3,2,0,15,8085,https://x.com/jfsrev/status/1980977148413555094,0,0,"[{""id"": ""1980976599605617063"", ""type"": ""quoted""}]",2026-09-07 06:03:54
1980896543923401149,153692841,jfsrev,2025-10-22T07:18:34.000Z,$TSLA AH Earnings Reaction,,,13,1,0,1,0,17613,https://x.com/jfsrev/status/1980896543923401149,0,0,,2026-09-07 06:03:54
1980884544262926748,153692841,jfsrev,2025-10-22T06:30:53.000Z,"Appreciate the kind words and subscribing to our community. I’m making this reply public as the 3-stop strategy within T+3 has now been adopted by quite a number of traders — it’s only fair that everyone understands my statement: “If your win rate is below 40%, your top priority https://t.co/xra8jmoznA https://t.co/9C9kL9Yzut",,,79,11,4,3,73,24614,https://x.com/jfsrev/status/1980884544262926748,0,0,"[{""id"": ""1980877350440169823"", ""type"": ""quoted""}]",2026-09-07 06:03:54
1980880624023162894,153692841,jfsrev,2025-10-22T06:15:18.000Z,thank you 🍷 https://t.co/rGIqCXOtrI,,,5,1,0,0,0,6862,https://x.com/jfsrev/status/1980880624023162894,0,0,"[{""id"": ""1980877974057676902"", ""type"": ""quoted""}]",2026-09-07 06:03:54
1980704532947722738,153692841,jfsrev,2025-10-21T18:35:35.000Z,💪🏻 https://t.co/84KnmKQXTJ,,,9,1,0,0,0,7145,https://x.com/jfsrev/status/1980704532947722738,0,0,"[{""id"": ""1980703562767229152"", ""type"": ""quoted""}]",2026-09-07 06:03:54
1980639074680729612,153692841,jfsrev,2025-10-21T14:15:28.000Z,"As I’ll be dedicating more time to subscriber space, I want to share these 14 hard rules — forged through painful lessons over time. They’re my non-negotiables, built to sharpen trading discipline, expansive RRR in controlled risk, and specifically in managing gap-down losses https://t.co/0RqJihTfk4 https://t.co/j1uydIDyuy",,,279,16,4,1,357,78381,https://x.com/jfsrev/status/1980639074680729612,0,0,"[{""id"": ""1979027014721114490"", ""type"": ""quoted""}]",2026-09-07 06:03:54
1980526886951538983,153692841,jfsrev,2025-10-21T06:49:40.000Z,🫡 https://t.co/6sBcCG8qRX,,,23,1,0,0,1,7553,https://x.com/jfsrev/status/1980526886951538983,0,0,"[{""id"": ""1980525624789004724"", ""type"": ""quoted""}]",2026-09-07 06:03:54
1980524706911728101,153692841,jfsrev,2025-10-21T06:41:01.000Z,"Watched @LeifSoreide’s interview with @Clement_Ang17 today. I was pleasantly surprised by his mention!

Really well-structured interview, and I had no idea @Clement_Ang17 (ah sir 😅) is that young and already a father!

PS: Q3 with $ETHUSD, $ETH, $ETHA, and $ETHU was definitely a https://t.co/GJOhFZ6xaX https://t.co/PGMug4NXss",,,116,11,7,0,75,36786,https://x.com/jfsrev/status/1980524706911728101,0,0,"[{""id"": ""1979913393386480011"", ""type"": ""quoted""}]",2026-09-07 06:03:54
1980507698279125007,153692841,jfsrev,2025-10-21T05:33:25.000Z,$CYRX is a solid find — it shares a similar beaten-down base structure as the few stocks I shared earlier but has already reclaimed the 200-MA and is trading within a defined 6-month uptrend channel. It doesn’t show up on my screeners because I apply an average volume cutoff https://t.co/sluY2N94gQ https://t.co/wz506Gu0tQ,,,13,1,0,0,7,2415,https://x.com/jfsrev/status/1980507698279125007,0,0,"[{""id"": ""1980503322546368527"", ""type"": ""quoted""}]",2026-09-07 06:03:54
1980462419404288084,153692841,jfsrev,2025-10-21T02:33:30.000Z,"This week’s 13 beaten-down stocks — potential long-term cup-and-handle setups with positive institutional accumulation over the past 3 months. I've added 'Week Up' in performance for RS over the last 5  sessions of volatility.

$AIOT $BFLY $BLMN $BLND $BRZE $CGC $CLOV $FSLY $LUNR https://t.co/VGhjn3nRcM https://t.co/zVoQfMaRuY",,,62,5,2,0,43,19469,https://x.com/jfsrev/status/1980462419404288084,0,0,"[{""id"": ""1947145787479331055"", ""type"": ""quoted""}]",2026-09-07 06:03:54
1980187151083135458,153692841,jfsrev,2025-10-20T08:19:41.000Z,happy diwali @swing_ka_sultan 🙏🏻 https://t.co/5OlpkSnRtb,,,22,2,1,0,0,10464,https://x.com/jfsrev/status/1980187151083135458,0,0,"[{""id"": ""1980164854637003242"", ""type"": ""quoted""}]",2026-09-07 06:03:54
1980172361367494841,153692841,jfsrev,2025-10-20T07:20:55.000Z,🙏 https://t.co/vTkrSNsSga,,,5,1,1,0,0,7907,https://x.com/jfsrev/status/1980172361367494841,0,0,"[{""id"": ""1980172107485942083"", ""type"": ""quoted""}]",2026-09-07 06:03:54
1980169778687066224,153692841,jfsrev,2025-10-20T07:10:39.000Z,"17 Hottest Stocks by Industry Group — All Showing Net Positive Institutional Transactions To Watchlist for the Coming Week:

$FLNC $NNE $CORZ $BKKT $SOUN $BTDR $NVTS $SEI $APLD $TEM $EOSE $VUZI $DDD $ASTS $CLSK $WULF $CIFR

Here’s the direct screener link for registered users: https://t.co/zPJAnJ0WW0",,,133,17,12,2,133,32843,https://x.com/jfsrev/status/1980169778687066224,0,0,"[{""id"": ""1789602959782977668"", ""type"": ""quoted""}]",2026-09-07 06:03:54
1979794756097183804,153692841,jfsrev,2025-10-19T06:20:27.000Z,"welcome to the gated community, and appreciate the support 🙏🏻 https://t.co/hJ55z5A9ks",,,11,2,1,0,0,9532,https://x.com/jfsrev/status/1979794756097183804,0,0,"[{""id"": ""1979536977017151625"", ""type"": ""quoted""}]",2026-09-07 06:03:54
1979789155078152204,153692841,jfsrev,2025-10-19T05:58:11.000Z,"Chapter 9 explains everything thoroughly with 6 graphics.

https://t.co/T4aTMruROA

At the sacrifice of win rate%, it is worthwhile because R returns to LoD stop tightness (equivalent to bigger position sizing) has parabolical effect. https://t.co/fzBfMhKRf8",,,24,2,0,0,22,9062,https://x.com/jfsrev/status/1979789155078152204,0,0,"[{""id"": ""1979566936854819276"", ""type"": ""quoted""}]",2026-09-07 06:03:54
1979788755725898036,153692841,jfsrev,2025-10-19T05:56:36.000Z,"Chapter 9 explains everything thoroughly with 6 graphics.

https://t.co/T4aTMruROA

At the sacrifice of win rate%, it is worthwhile because R returns to stop LoD stop tightness (equivalent to bigger position sizing) has parabolical effect. https://t.co/fzBfMhKRf8",,,3,0,0,0,0,708,https://x.com/jfsrev/status/1979788755725898036,0,0,"[{""id"": ""1979566936854819276"", ""type"": ""quoted""}]",2026-09-07 06:03:54
1979510921413406887,153692841,jfsrev,2025-10-18T11:32:35.000Z,"welcome, and thanks for the support 🙏🏻 https://t.co/5qhHbCsSNf",,,5,3,1,0,0,7034,https://x.com/jfsrev/status/1979510921413406887,0,0,"[{""id"": ""1979499498641699280"", ""type"": ""quoted""}]",2026-09-07 06:03:54
1979510759316197459,153692841,jfsrev,2025-10-18T11:31:57.000Z,thank you 🍻 https://t.co/9DDTXbvaSg,,,5,3,0,0,0,6506,https://x.com/jfsrev/status/1979510759316197459,0,0,"[{""id"": ""1979478482037121152"", ""type"": ""quoted""}]",2026-09-07 06:03:54
1979391728835776657,153692841,jfsrev,2025-10-18T03:38:58.000Z,appreciate the strong support on both X subscriber space and Substack 💪🏻 https://t.co/jgQbNoedIB https://t.co/j1uydIDyuy,,,74,4,0,1,5,26106,https://x.com/jfsrev/status/1979391728835776657,0,0,"[{""id"": ""1979027014721114490"", ""type"": ""quoted""}]",2026-09-07 06:04:05
1979375678983410066,153692841,jfsrev,2025-10-18T02:35:11.000Z,"This week +5%&gt; net positive institutional transaction in last 3 months, with positive change from Friday's open are found in this 7 standout growth stock. This market remains loose with 1 x ATR&gt; swing for past 5 sessions.

$ATEC $COIN $GRND $HOOD $IREN $MP $RIOT

My post market https://t.co/XflpbR4lCx https://t.co/dqX3G256ev",,,114,9,3,1,60,37951,https://x.com/jfsrev/status/1979375678983410066,0,0,"[{""id"": ""1796806706028302775"", ""type"": ""quoted""}]",2026-09-07 06:04:05
1979212098480804281,153692841,jfsrev,2025-10-17T15:45:10.000Z,"Situation awareness begins from the 9th Oct market close, preceding the 10th Oct sell-off that triggered the volatility spike, which remains elevated today

We do not know if the market is strong or weak on intraday basis with such wide swings for last 5 sessions, but the market https://t.co/nLDyKAYzrY",,,65,9,5,0,34,14821,https://x.com/jfsrev/status/1979212098480804281,0,0,"[{""id"": ""1976520759108567120"", ""type"": ""quoted""}]",2026-09-07 06:04:05
1979204037531832640,153692841,jfsrev,2025-10-17T15:13:09.000Z,End of day $SPY $QQQ change %,,,8,2,1,0,0,6325,https://x.com/jfsrev/status/1979204037531832640,0,0,,2026-09-07 06:04:05
1979169182894707159,153692841,jfsrev,2025-10-17T12:54:39.000Z,🙏🏻 https://t.co/yOc2JPdCNT,,,5,2,0,0,1,9169,https://x.com/jfsrev/status/1979169182894707159,0,0,"[{""id"": ""1979168980188233965"", ""type"": ""quoted""}]",2026-09-07 06:04:05
1979160810971685265,153692841,jfsrev,2025-10-17T12:21:23.000Z,thank you 🙏🏻 https://t.co/2PKrJeZBtX,,,3,2,0,0,0,1204,https://x.com/jfsrev/status/1979160810971685265,0,0,"[{""id"": ""1979160539914772737"", ""type"": ""quoted""}]",2026-09-07 06:04:05
1979157162158100646,153692841,jfsrev,2025-10-17T12:06:53.000Z,thank you 🍻 https://t.co/ZNxhbrUrqS,,,6,2,0,0,0,6268,https://x.com/jfsrev/status/1979157162158100646,0,0,"[{""id"": ""1979155813320266160"", ""type"": ""quoted""}]",2026-09-07 06:04:05
1979143935500091562,153692841,jfsrev,2025-10-17T11:14:19.000Z,❤️ https://t.co/An0PiUDmrX,,,5,2,0,0,0,6453,https://x.com/jfsrev/status/1979143935500091562,0,0,"[{""id"": ""1979125823555715085"", ""type"": ""quoted""}]",2026-09-07 06:04:05
1979124889832374570,153692841,jfsrev,2025-10-17T09:58:38.000Z,❤️ https://t.co/RLjOYHNSZH,,,5,2,0,0,0,8589,https://x.com/jfsrev/status/1979124889832374570,0,0,"[{""id"": ""1979124745648951524"", ""type"": ""quoted""}]",2026-09-07 06:04:05
1979110918303682814,153692841,jfsrev,2025-10-17T09:03:07.000Z,"Today’s anticipated open may mark the first gap down in this volatile market. Just the beginning move for $UVXY

$ES -1.18% 5.02AM ET https://t.co/kbf4F4kCVU",,,45,4,1,0,7,10433,https://x.com/jfsrev/status/1979110918303682814,0,0,"[{""id"": ""1978329921828028638"", ""type"": ""quoted""}]",2026-09-07 06:04:05
1979080486245781611,153692841,jfsrev,2025-10-17T07:02:12.000Z,🍻 https://t.co/9HTYwHDbI0,,,7,2,1,0,0,9510,https://x.com/jfsrev/status/1979080486245781611,0,0,"[{""id"": ""1979077002050113942"", ""type"": ""quoted""}]",2026-09-07 06:04:05
1979041957822312746,153692841,jfsrev,2025-10-17T04:29:06.000Z,"$UVIX (Update) - T+4, +20% day https://t.co/i0acqKihqz https://t.co/6rFPyuIDmn",,,38,3,1,0,8,11691,https://x.com/jfsrev/status/1979041957822312746,0,0,"[{""id"": ""1978093156794028461"", ""type"": ""quoted""}]",2026-09-07 06:04:05
1979030950072692747,153692841,jfsrev,2025-10-17T03:45:21.000Z,"thank you, @SPTX806 

I dont follow many, and your work is mind intriguing and deep too https://t.co/Acql35XxzG",,,11,2,0,0,0,9365,https://x.com/jfsrev/status/1979030950072692747,0,0,"[{""id"": ""1979029990499897513"", ""type"": ""quoted""}]",2026-09-07 06:04:05
1979027014721114490,153692841,jfsrev,2025-10-17T03:29:43.000Z,"Some genuinely good and thoughtful questions from non-verified accounts often get lost in the flood of spam bots whenever a post is open, replies to everyone for a more constructive discussion. I do not think this would be resolved because it will not be in the commercial https://t.co/t5gPideOHZ https://t.co/M1TvzFL0wm",,,92,7,10,4,29,155296,https://x.com/jfsrev/status/1979027014721114490,0,0,"[{""id"": ""1977446408136650785"", ""type"": ""quoted""}]",2026-09-07 06:04:05
1978830146950799501,153692841,jfsrev,2025-10-16T14:27:26.000Z,"appreciate for strong participation in the poll.

i’ve gathered conclusive evidence from 1,500 real-time swing trades, and the results were surprisingly definitive. I’ll be uploading and sharing the findings as a subtopic on my Substack this weekend.

https://t.co/T4aTMrujZ2

One https://t.co/wJvl3yXrw4",,,66,5,1,0,37,15518,https://x.com/jfsrev/status/1978830146950799501,0,0,"[{""id"": ""1978480300255764982"", ""type"": ""quoted""}]",2026-09-07 06:04:05
1978656438999556586,153692841,jfsrev,2025-10-16T02:57:11.000Z,"$XAUUSD Gold (Update) - Clinching its first 10 x ATR% from 50-MA since 1979.

49 calendar holding days, remains my biggest position. https://t.co/NONMpYB0H3 https://t.co/m88ng1vhi8",,,69,9,5,2,9,37373,https://x.com/jfsrev/status/1978656438999556586,0,0,"[{""id"": ""1965797574864154771"", ""type"": ""quoted""}]",2026-09-07 06:04:05
1978480300255764982,153692841,jfsrev,2025-10-15T15:17:16.000Z,Do you think multiple partial profit taking could actually hurt overall performance in the long run?,,,21,5,33,2,11,35173,https://x.com/jfsrev/status/1978480300255764982,0,0,,2026-09-07 06:04:05
1978385875584037032,153692841,jfsrev,2025-10-15T09:02:04.000Z,let me try https://t.co/M1TvzFKsGO,,,16,2,6,0,0,12478,https://x.com/jfsrev/status/1978385875584037032,0,0,"[{""id"": ""1977446408136650785"", ""type"": ""quoted""}]",2026-09-07 06:04:05
1978329921828028638,153692841,jfsrev,2025-10-15T05:19:43.000Z,"If you’re looking to go long in this market, it's worth reminding we’re currently in a $VIX setup similar to April 1st just this year, right before the real selloff that hit just a few days later. You can’t afford to be mediocre or sloppy with execution when volatility remains https://t.co/ZYfnffeJjb https://t.co/HhLDXQOpM6",,,299,28,7,2,98,66308,https://x.com/jfsrev/status/1978329921828028638,0,0,"[{""id"": ""1978327608019517802"", ""type"": ""quoted""}]",2026-09-07 06:04:05
1978327608019517802,153692841,jfsrev,2025-10-15T05:10:31.000Z,"My Trading Watchlist/Focus List from Latest 1-Month Relative Strength of Liquid 28 (Rank Sorted), and their Q3 Earnings Report (ER) Date. 

The market can remain bullish in the long term, but this period is primarily for building your bull-case watchlist, while the heightened https://t.co/KrsAEHraMQ https://t.co/bpNDSS4l9v",,,96,13,2,1,89,81521,https://x.com/jfsrev/status/1978327608019517802,0,0,"[{""id"": ""1806709652975141131"", ""type"": ""quoted""}]",2026-09-07 06:04:05
1978283751667884165,153692841,jfsrev,2025-10-15T02:16:15.000Z,"$SOUN (Update) - The breakout was on 2nd October, not today. 

My only stock based holding left. https://t.co/2Feen1HQ1j https://t.co/bEeahQl0Ps",,,108,9,5,0,17,21883,https://x.com/jfsrev/status/1978283751667884165,0,0,"[{""id"": ""1973651119722164544"", ""type"": ""quoted""}]",2026-09-07 06:04:05
1978278917220733108,153692841,jfsrev,2025-10-15T01:57:03.000Z,new aged crypto trader vs. old school stock trader https://t.co/CBmFt6YM7M,,,18,2,1,0,0,5271,https://x.com/jfsrev/status/1978278917220733108,0,0,,2026-09-07 06:04:05
1978257496625058098,153692841,jfsrev,2025-10-15T00:31:56.000Z,"this is the thought process to my $UVIX trade

https://t.co/Vp12GIiu93 https://t.co/PYjtKq42j3",,,10,3,2,0,10,8560,https://x.com/jfsrev/status/1978257496625058098,0,0,"[{""id"": ""1978256238057029917"", ""type"": ""quoted""}]",2026-09-07 06:04:05
1978098475330859076,153692841,jfsrev,2025-10-14T14:00:02.000Z,"$AMD – Bullish Flag Consolidation Amid a Tough Tape

I’ve liked the series of positive headlines from $AMD since October 6, culminating in today’s AI chip partnership with $ORCL (I will never chase gap up that's extended at open eg. 6th october) 

Despite the tough market tape, https://t.co/JnOvrdTW0P",,,95,9,5,1,21,16464,https://x.com/jfsrev/status/1978098475330859076,0,0,,2026-09-07 06:04:05
1978093156794028461,153692841,jfsrev,2025-10-14T13:38:54.000Z,$UVIX (Update) - T+2 https://t.co/g1lBS2osBg https://t.co/BlTrtdYwFx,,,29,2,2,1,8,20286,https://x.com/jfsrev/status/1978093156794028461,0,0,"[{""id"": ""1976681511039705285"", ""type"": ""quoted""}]",2026-09-07 06:04:05
1978063541056745770,153692841,jfsrev,2025-10-14T11:41:13.000Z,"search 'RVOL'

https://t.co/T4aTMrujZ2 https://t.co/MZEsBuz3Ej https://t.co/UYKpr1pfxs",,,74,11,0,0,92,15529,https://x.com/jfsrev/status/1978063541056745770,0,0,"[{""id"": ""1978061663996686796"", ""type"": ""quoted""}]",2026-09-07 06:04:05
1978048685792751909,153692841,jfsrev,2025-10-14T10:42:11.000Z,that woman of our lives https://t.co/E6V7Y7F1MO,,,53,2,0,0,3,10356,https://x.com/jfsrev/status/1978048685792751909,0,0,,2026-09-07 06:04:05
1977744715782009200,153692841,jfsrev,2025-10-13T14:34:19.000Z,"I've expanded Chapter 16, and an extended Chapter 17 (subscriber-only due to sensitive content).

https://t.co/T4aTMrujZ2 https://t.co/RPetbsSkGY",,,58,2,0,0,22,10609,https://x.com/jfsrev/status/1977744715782009200,0,0,,2026-09-07 06:04:05
1977639131695239627,153692841,jfsrev,2025-10-13T07:34:46.000Z,"This week’s 25 beaten-down stocks — potential long-term cup-and-handle setups with positive institutional accumulation over the past 3 months

$AAOI $ACHC $AIOT $BFLY $BLND $CFLT $CGC $CYH $DDD $EVTL $FSLY $LCID $LFST $LUNR $MVIS $NXDR $OGN $PDYN $QDEL $QSI $TALK $TDOC $TWST $WRD https://t.co/hAePyBNsWs https://t.co/zVoQfMaRuY",,,69,9,0,0,54,24017,https://x.com/jfsrev/status/1977639131695239627,0,0,"[{""id"": ""1947145787479331055"", ""type"": ""quoted""}]",2026-09-07 06:04:05
1977415228360188323,153692841,jfsrev,2025-10-12T16:45:03.000Z,read chapter 3.1 on all my screeners. I segregate finviz and tradingview into post market screening and live market screening separately in order to capitalise their strength within the filter parameters available https://t.co/CSZkG5HhoP https://t.co/9qz3XSEaQ1,,,50,5,10,0,70,14249,https://x.com/jfsrev/status/1977415228360188323,0,0,"[{""id"": ""1977409777945972931"", ""type"": ""quoted""}]",2026-09-07 06:04:05
1977399001520706046,153692841,jfsrev,2025-10-12T15:40:34.000Z,"21 Stocks Categorized by Industry Group, with Net Positive Institutional Transactions to Watchlist For Coming Week.    

$FLNC $SERV $RR $SEDG $CORZ $BKKT $SOUN $BTDR $NVTS $CRML $SEI $REAL $APLD $TEM $EOSE $VUZI $IONQ $DDD $ASTS $CLSK $WULF

PS: My screeners are now all build on https://t.co/j1BOHgscYL https://t.co/zPJAnJ0WW0",,,117,10,2,1,102,25939,https://x.com/jfsrev/status/1977399001520706046,0,0,"[{""id"": ""1789602959782977668"", ""type"": ""quoted""}]",2026-09-07 06:04:05
1976993966538342548,153692841,jfsrev,2025-10-11T12:51:07.000Z,https://t.co/30bqN6ZDEF https://t.co/pYDRti3YZO,,,25,4,1,0,30,8106,https://x.com/jfsrev/status/1976993966538342548,0,0,"[{""id"": ""1976982484937326959"", ""type"": ""quoted""}]",2026-09-07 06:04:05
1976965394507436261,153692841,jfsrev,2025-10-11T10:57:34.000Z,"search 'etf list'

https://t.co/T4aTMruROA https://t.co/GGhqAGSCmw",,,16,3,0,0,19,7968,https://x.com/jfsrev/status/1976965394507436261,0,0,"[{""id"": ""1976931493135237438"", ""type"": ""quoted""}]",2026-09-07 06:04:05
1976905286154961379,153692841,jfsrev,2025-10-11T06:58:44.000Z,this is well done 👍🏻 https://t.co/8t5RhqZ2KJ,,,57,8,0,0,76,13403,https://x.com/jfsrev/status/1976905286154961379,0,0,"[{""id"": ""1976895152737456458"", ""type"": ""quoted""}]",2026-09-07 06:04:05
1976817155246289257,153692841,jfsrev,2025-10-11T01:08:31.000Z,"Situational Awareness is under Chapter 5.3. It can be objective and quantifiable.

https://t.co/T4aTMruROA https://t.co/H2VrjzlU5l https://t.co/BlTrtdZ4v5",,,130,8,1,0,133,28960,https://x.com/jfsrev/status/1976817155246289257,0,0,"[{""id"": ""1976681511039705285"", ""type"": ""quoted""}]",2026-09-07 06:04:05
1976816188899631198,153692841,jfsrev,2025-10-11T01:04:41.000Z,"This week +5%&gt; net positive institutional transaction in last 3 months are found in this 18 standout growth stock. Earnings season will kick off with reports beginning from major banks next week.

$AG $ALHC $COIN $EOSE $EQX $HIMS $HOOD $IONQ $IREN $MARA $ONDS $ORLA $QBTS $RBRK https://t.co/n9xtHzSAfg https://t.co/dqX3G256ev",,,112,13,3,1,85,31902,https://x.com/jfsrev/status/1976816188899631198,0,0,"[{""id"": ""1796806706028302775"", ""type"": ""quoted""}]",2026-09-07 06:04:05
1976795301446115614,153692841,jfsrev,2025-10-10T23:41:41.000Z,🍻 https://t.co/nuUz0sF08x,,,5,2,0,0,0,7251,https://x.com/jfsrev/status/1976795301446115614,0,0,"[{""id"": ""1976744414879138172"", ""type"": ""quoted""}]",2026-09-07 06:04:05
1976720830135693559,153692841,jfsrev,2025-10-10T18:45:46.000Z,"borrowed time is up

$QQQ -2.5% https://t.co/08LtKi7kPF",,,42,3,1,0,5,9844,https://x.com/jfsrev/status/1976720830135693559,0,0,"[{""id"": ""1976139792674087243"", ""type"": ""quoted""}]",2026-09-07 06:04:05
1976681511039705285,153692841,jfsrev,2025-10-10T16:09:31.000Z,$UVXY $UVIX https://t.co/J6Kr0MwinV https://t.co/nLDyKAYzrY,,,44,6,1,1,16,48218,https://x.com/jfsrev/status/1976681511039705285,0,0,"[{""id"": ""1976520759108567120"", ""type"": ""quoted""}]",2026-09-07 06:04:05
1976680457971568789,153692841,jfsrev,2025-10-10T16:05:20.000Z,$UVXY $UVIX https://t.co/nLDyKAYzrY,,,5,0,1,0,2,2337,https://x.com/jfsrev/status/1976680457971568789,0,0,"[{""id"": ""1976520759108567120"", ""type"": ""quoted""}]",2026-09-07 06:04:05
1976641002665546026,153692841,jfsrev,2025-10-10T13:28:33.000Z,💯 https://t.co/HMK0nYOj88,,,18,2,0,0,5,5048,https://x.com/jfsrev/status/1976641002665546026,0,0,"[{""id"": ""1976633476259696782"", ""type"": ""quoted""}]",2026-09-07 06:04:05
1976612792380936447,153692841,jfsrev,2025-10-10T11:36:28.000Z,"well observed. iirc $JPM $GS $WFC earnings are on Tuesday pre open. so there's only today, and monday as time cushion, which is very tight for any potential gap down https://t.co/uxuLDOYQoS",,,13,2,16,0,2,6352,https://x.com/jfsrev/status/1976612792380936447,0,0,"[{""id"": ""1976610168474685640"", ""type"": ""quoted""}]",2026-09-07 06:04:05
1976572991988232489,153692841,jfsrev,2025-10-10T08:58:18.000Z,"$RGTI (Update) - This is a +43R trade at pre-market now at full position size @Qullamaggie , zero violation of 10-MA. Very comfortable holding for swing traders if you stick to a simple 10-MA sell rule (even without calibration). If you can get in tighter by 50% from LoD of ATR, https://t.co/UuOEf4JRjG https://t.co/rNktiixbUM",,,297,25,7,4,203,81728,https://x.com/jfsrev/status/1976572991988232489,0,0,"[{""id"": ""1966729241707544714"", ""type"": ""quoted""}]",2026-09-07 06:04:05
1976571362488770934,153692841,jfsrev,2025-10-10T08:51:50.000Z,"$RGTI (Update) - This is a +43R trade at pre-market now at full position size @Qullamaggie , zero violation of 10-MA. Very comfortable holding for swing traders if you stick to a simple 10-MA sell rule (even without calibration). If you can get in tighter by 50% from LoD of ATR, https://t.co/slIuENgXCl https://t.co/rNktiixJKk",,,8,0,0,0,3,2275,https://x.com/jfsrev/status/1976571362488770934,0,0,"[{""id"": ""1966729241707544714"", ""type"": ""quoted""}]",2026-09-07 06:04:05
1976522565884727521,153692841,jfsrev,2025-10-10T05:37:56.000Z,"try this new update today by @tradingview 
https://t.co/4q5rNce4ue https://t.co/PWhWxOKWUp",,,44,5,20,1,36,10615,https://x.com/jfsrev/status/1976522565884727521,0,0,"[{""id"": ""1976521237485715799"", ""type"": ""quoted""}]",2026-09-07 06:04:05
1976520759108567120,153692841,jfsrev,2025-10-10T05:30:45.000Z,"Top Down Market Overview

Participation in this bull market is narrowing from a top-down sectoral perspective from the POV in both equal-weighted and cap-weighted indices. At segment level, they are mainly led by $IVW. The combination of megacap, growth tech are the play, https://t.co/TVLIZHOepw https://t.co/04YJTYeoZk",,,61,4,4,1,62,44632,https://x.com/jfsrev/status/1976520759108567120,0,0,"[{""id"": ""1975494028436328729"", ""type"": ""quoted""}]",2026-09-07 06:04:05
1976520291817042349,153692841,jfsrev,2025-10-10T05:28:54.000Z,"Top Down Market Overview

Participation in this bull market is narrowing from a top-down sectoral perspective from the POV in both equal-weighted and cap-weighted indices. At segment level, they are mainly led by $IVW. The combination of megacap, growth tech are the play, https://t.co/HTfYdisQhF https://t.co/04YJTYeoZk",,,0,0,0,0,1,726,https://x.com/jfsrev/status/1976520291817042349,0,0,"[{""id"": ""1975494028436328729"", ""type"": ""quoted""}]",2026-09-07 06:04:05
1976163847938638201,153692841,jfsrev,2025-10-09T05:52:31.000Z,"Updated Chapter 2.3
https://t.co/T4aTMruROA https://t.co/KIUjkhZ8Mv https://t.co/naVAuvoYX4",,,56,4,21,0,27,11031,https://x.com/jfsrev/status/1976163847938638201,0,0,"[{""id"": ""1976133837085344073"", ""type"": ""quoted""}]",2026-09-07 06:04:05
1976133837085344073,153692841,jfsrev,2025-10-09T03:53:16.000Z,"Volatility Adjusted Relative Strength (VARS) - With Histogram Option

https://t.co/WhME8dMzu7 https://t.co/pxHT8vzH9s",,,135,12,2,2,148,35714,https://x.com/jfsrev/status/1976133837085344073,0,0,"[{""id"": ""1976121442086564329"", ""type"": ""quoted""}]",2026-09-07 06:04:05
1976121442086564329,153692841,jfsrev,2025-10-09T03:04:01.000Z,"VARS – Volatility-Adjusted RS with Histogram

I’ve developed a new version of VARS that includes an option to toggle it into a histogram view. I recommend using a single neutral color rather than the conventional “red below 0, green above 0” scheme — because true RS analysis https://t.co/wfAROKNhOx",,,237,27,3,3,247,63317,https://x.com/jfsrev/status/1976121442086564329,0,0,,2026-09-07 06:04:05
1976078450449690641,153692841,jfsrev,2025-10-09T00:13:11.000Z,should monthly return % be based on;,,,19,2,33,0,3,11907,https://x.com/jfsrev/status/1976078450449690641,0,0,,2026-09-07 06:04:05
1976075423902822780,153692841,jfsrev,2025-10-09T00:01:09.000Z,https://t.co/T4aTMruROA https://t.co/eOWKSb9JLR,,,5,2,0,0,9,6610,https://x.com/jfsrev/status/1976075423902822780,0,0,"[{""id"": ""1976071222908907804"", ""type"": ""quoted""}]",2026-09-07 06:04:05
1976062821382369553,153692841,jfsrev,2025-10-08T23:11:04.000Z,it updates every few mins even at market https://t.co/leNAYViLKA,,,11,1,0,0,15,6597,https://x.com/jfsrev/status/1976062821382369553,0,0,"[{""id"": ""1976025647635156996"", ""type"": ""quoted""}]",2026-09-07 06:04:05
1975924685360538088,153692841,jfsrev,2025-10-08T14:02:10.000Z,a good reminder before Q3 earnings season kickoff next week https://t.co/JWuJnojO5P,,,27,3,0,0,22,7843,https://x.com/jfsrev/status/1975924685360538088,0,0,"[{""id"": ""1856274307913265637"", ""type"": ""quoted""}]",2026-09-07 06:04:05
1975902534981267900,153692841,jfsrev,2025-10-08T12:34:09.000Z,$FIG https://t.co/XnC4tZ3VR6,,,13,3,0,0,1,5800,https://x.com/jfsrev/status/1975902534981267900,0,0,"[{""id"": ""1974826539536846948"", ""type"": ""quoted""}]",2026-09-07 06:04:05
1975898888323420299,153692841,jfsrev,2025-10-08T12:19:40.000Z,there’s not much to do in this market.,,,114,11,2,1,3,14248,https://x.com/jfsrev/status/1975898888323420299,0,0,,2026-09-07 06:04:05
1975895366651535635,153692841,jfsrev,2025-10-08T12:05:40.000Z,🫡 https://t.co/CB46kIi2Ru,,,4,2,5,0,0,5133,https://x.com/jfsrev/status/1975895366651535635,0,0,"[{""id"": ""1975865042622185969"", ""type"": ""quoted""}]",2026-09-07 06:04:05
1975863768203821535,153692841,jfsrev,2025-10-08T10:00:06.000Z,"thank you, if you are here https://t.co/yiVZupS690 https://t.co/04YJTYeoZk",,,78,6,9,1,29,12852,https://x.com/jfsrev/status/1975863768203821535,0,0,"[{""id"": ""1975494028436328729"", ""type"": ""quoted""}]",2026-09-07 06:04:05
1975752670485811574,153692841,jfsrev,2025-10-08T02:38:39.000Z,$NBIS – Steady pauses at 10× ATR% above the 50-MA is a constant on this name https://t.co/DzV0y8orlp,,,86,7,2,0,16,10546,https://x.com/jfsrev/status/1975752670485811574,0,0,,2026-09-07 06:04:05
1975709825431707756,153692841,jfsrev,2025-10-07T23:48:23.000Z,thank you 🍻 https://t.co/iu4yy2HDfY,,,8,2,0,0,0,6557,https://x.com/jfsrev/status/1975709825431707756,0,0,"[{""id"": ""1975667981884793233"", ""type"": ""quoted""}]",2026-09-07 06:04:05
1975552612515881037,153692841,jfsrev,2025-10-07T13:23:41.000Z,more +R annually https://t.co/HtMD5GXbyA,,,9,2,1,1,4,6284,https://x.com/jfsrev/status/1975552612515881037,0,0,"[{""id"": ""1975551267465560409"", ""type"": ""quoted""}]",2026-09-07 06:04:05
1975494028436328729,153692841,jfsrev,2025-10-07T09:30:53.000Z,"Chapter 9 completed 

https://t.co/OxoxgHQz0d https://t.co/QpyszaZ9To https://t.co/RbYhcxEn9n",,,177,13,4,2,93,90015,https://x.com/jfsrev/status/1975494028436328729,0,0,"[{""id"": ""1964628585341497535"", ""type"": ""quoted""}]",2026-09-07 06:04:05
1975100741355512132,153692841,jfsrev,2025-10-06T07:28:06.000Z,"see who triggers and can hold their price later. I dont know what the market will do. take all this information like the dashboard display of your car. 

5 consecutive weeks up in $QQQE is equivalent to engine temperature meter beyond mid range https://t.co/YVOtaLwfAn",,,25,2,0,0,9,9465,https://x.com/jfsrev/status/1975100741355512132,0,0,"[{""id"": ""1975099425807806646"", ""type"": ""quoted""}]",2026-09-07 06:04:05
1975098668673016170,153692841,jfsrev,2025-10-06T07:19:52.000Z,"May seem like there's plenty of opportunities at face value, but the caveat is if inverse ETF at market index level,  $WEBS for this case, is setting up, you ought to be very careful with further exposure, especially when $QQQE is already up for five consecutive week https://t.co/RBXVJLw238 https://t.co/YeBWha62mH",,,41,7,1,2,29,16207,https://x.com/jfsrev/status/1975098668673016170,0,0,"[{""id"": ""1975058662432608568"", ""type"": ""quoted""}]",2026-09-07 06:04:05
1975091969878896796,153692841,jfsrev,2025-10-06T06:53:15.000Z,"May seem like there's plenty of opportunities at face value, but the caveat is if inverse ETF at market index level  $WEBS for this case, is setting up, you ought to be very careful with further exposure, especially when $QQQE is already up for five consecutive week https://t.co/3Ocra1RWfg https://t.co/YeBWha62mH",,,10,0,0,0,2,2329,https://x.com/jfsrev/status/1975091969878896796,0,0,"[{""id"": ""1975058662432608568"", ""type"": ""quoted""}]",2026-09-07 06:04:05
1975058662432608568,153692841,jfsrev,2025-10-06T04:40:54.000Z,"A show case of 14 screeners compiled — this is the consolidated focus list (some stocks have already overlap across screeners). 
https://t.co/T4aTMruROA

Hottest Stock Screen: 
$SBET $OPAD $BBAI $SFRM $OPEN

Beaten-Down Long Bases Stock Screen:
$XPRO $LAB $HYLN $CLMT

IPO Screen: https://t.co/uDpVNbXSUE https://t.co/7NnsZa5b9V",,,208,27,2,2,263,52885,https://x.com/jfsrev/status/1975058662432608568,0,0,"[{""id"": ""1966512765079867526"", ""type"": ""quoted""}]",2026-09-07 06:04:05
1975051398976033140,153692841,jfsrev,2025-10-06T04:12:02.000Z,$MU $INTC - Two mega cap leaders in Semicon group already breached 10 x ATR% from 50-MA https://t.co/bRqBsOEAKZ,,,59,9,0,0,9,9456,https://x.com/jfsrev/status/1975051398976033140,0,0,,2026-09-07 06:04:05
1975039587115483646,153692841,jfsrev,2025-10-06T03:25:06.000Z,that's a simple and sleek mainframe https://t.co/kKGJoKR8uS,,,84,6,0,1,72,17314,https://x.com/jfsrev/status/1975039587115483646,0,0,"[{""id"": ""1974186668174553351"", ""type"": ""quoted""}]",2026-09-07 06:04:05
1975034366205280284,153692841,jfsrev,2025-10-06T03:04:21.000Z,"This week’s 19 beaten-down stocks — potential long-term cup-and-handle setups with positive institutional accumulation over the past 3 months

$BFLY $BLMN $BLND $BRZE $CFLT $CGC $EVTL $JAMF $LCID $LUNR $NWL $QDEL $QSI $RVLV $TALK $TDOC $TWST $ULCC $WRD

PS: My screeners are now https://t.co/8kMrYwFMb0 https://t.co/zVoQfMaRuY",,,69,8,1,1,54,20634,https://x.com/jfsrev/status/1975034366205280284,0,0,"[{""id"": ""1947145787479331055"", ""type"": ""quoted""}]",2026-09-07 06:04:05
1975030902439960801,153692841,jfsrev,2025-10-06T02:50:36.000Z,"This week’s 19 beaten-down stocks — potential long-term cup-and-handle setups with positive institutional accumulation over the past 3 months

$BFLY $BLMN $BLND $BRZE $CFLT $CGC $EVTL $JAMF $LCID $LUNR $NWL $QDEL $QSI $RVLV $TALK $TDOC $TWST $ULCC $WRD

PS: My screeners are now https://t.co/zVoQfMaRuY",,,5,0,0,0,4,2156,https://x.com/jfsrev/status/1975030902439960801,0,0,"[{""id"": ""1947145787479331055"", ""type"": ""quoted""}]",2026-09-07 06:04:05
1974866325127545146,153692841,jfsrev,2025-10-05T15:56:37.000Z,yesss https://t.co/tmcNpzPOwS,,,6,2,0,0,0,6048,https://x.com/jfsrev/status/1974866325127545146,0,0,"[{""id"": ""1974864692125532643"", ""type"": ""quoted""}]",2026-09-07 06:04:05
1974826539536846948,153692841,jfsrev,2025-10-05T13:18:32.000Z,"yes, it's beginning to base https://t.co/ttfnDhECmc",,,11,2,0,2,5,14809,https://x.com/jfsrev/status/1974826539536846948,0,0,"[{""id"": ""1974826167942484232"", ""type"": ""quoted""}]",2026-09-07 06:04:05
1974814616560480285,153692841,jfsrev,2025-10-05T12:31:09.000Z,"10 seconds is all it take to clear all 20 in turn 18

#SingaporeGP https://t.co/lthI7LaCf7 https://t.co/QyorEqnMYc",,,32,3,0,0,2,8590,https://x.com/jfsrev/status/1974814616560480285,0,0,"[{""id"": ""1974794077666501062"", ""type"": ""quoted""}]",2026-09-07 06:04:05
1974794077666501062,153692841,jfsrev,2025-10-05T11:09:32.000Z,"F1 Singapore GP

#Formula1 #SingaporeGP2025 https://t.co/IHtkzC3lHw",,,31,4,1,1,0,15020,https://x.com/jfsrev/status/1974794077666501062,0,0,,2026-09-07 06:04:05
1974707341741425110,153692841,jfsrev,2025-10-05T05:24:53.000Z,https://t.co/Q7SHABkBZg https://t.co/OUAoURXHzE,,,21,2,8,0,16,8934,https://x.com/jfsrev/status/1974707341741425110,0,0,"[{""id"": ""1974706946482831707"", ""type"": ""quoted""}]",2026-09-07 06:04:05
1974699474368057585,153692841,jfsrev,2025-10-05T04:53:37.000Z,Let me be the first in Singapore to receive this priceless piece of art @gfc4 @jackschwager https://t.co/XIRX6Wo7Lr https://t.co/lPuULkIkmq,,,193,4,6,5,24,37381,https://x.com/jfsrev/status/1974699474368057585,0,0,"[{""id"": ""1974122638319702444"", ""type"": ""quoted""}]",2026-09-07 06:04:05
1974676457214689496,153692841,jfsrev,2025-10-05T03:22:09.000Z,"Hot/Theme Stocks Categorized by Industry Group, with Net Positive Institutional Transactions to Watchlist For Coming Week.  

$FLNC $NNE $PGY $BKKT $SOUN $BTDR $SEI $RKT $REAL $UPXI $APLD $TEM $EOSE $DDD $ASTS $ASPI $WULF $CLSK $RIOT

PS: My screeners are now all build on https://t.co/ccmTPEYeuJ https://t.co/zPJAnJ0WW0",,,154,14,2,1,113,28317,https://x.com/jfsrev/status/1974676457214689496,0,0,"[{""id"": ""1789602959782977668"", ""type"": ""quoted""}]",2026-09-07 06:04:05
1974453734194516346,153692841,jfsrev,2025-10-04T12:37:08.000Z,🍻 https://t.co/x59PLWqZii,,,12,2,13,0,12,6870,https://x.com/jfsrev/status/1974453734194516346,0,0,"[{""id"": ""1974435865691836754"", ""type"": ""quoted""}]",2026-09-07 06:04:05
1974379227878469928,153692841,jfsrev,2025-10-04T07:41:04.000Z,it's a tight yet good scan parameter tbf. only the best names https://t.co/ESFvLeq0Pz,,,26,4,12,0,15,10587,https://x.com/jfsrev/status/1974379227878469928,0,0,"[{""id"": ""1974375993248002320"", ""type"": ""quoted""}]",2026-09-07 06:04:05
1974331868788224331,153692841,jfsrev,2025-10-04T04:32:53.000Z,"High Short Float Screener – A notable new name drawing attention this month.

If you track high short float plays, this weekly screen result has been resulting in 5 constant names — until today, when a fresh name with a +197% short float newly appeared in the market.

Tell me you https://t.co/NqOTblwogf",,,95,6,4,1,109,18156,https://x.com/jfsrev/status/1974331868788224331,0,0,,2026-09-07 06:04:05
1974331712873316533,153692841,jfsrev,2025-10-04T04:32:16.000Z,"High Short Float Screener – A notable new name drawing attention this month.

If you track high short float plays, this weekly screen result has been resulting in 5 constant names — until today, when a fresh name with a +197% short float newly appeared in the market.

Tell me you https://t.co/vAC6b2aHr0",,,1,0,0,0,0,459,https://x.com/jfsrev/status/1974331712873316533,0,0,,2026-09-07 06:04:05
1974328182531895369,153692841,jfsrev,2025-10-04T04:18:14.000Z,@Jaygabani19 good eye on $RCAT and $LAES with similar parabolical structure https://t.co/83JGsvQQjK https://t.co/OMgPOoY0Oc,,,3,0,1,0,3,1501,https://x.com/jfsrev/status/1974328182531895369,0,0,"[{""id"": ""1973652784705900857"", ""type"": ""quoted""}]",2026-09-07 06:04:05
1974312202988650504,153692841,jfsrev,2025-10-04T03:14:44.000Z,"This week +5%&gt; net positive institutional transaction in last 3 months are found in this 20 standout growth stock.  

$BMNR $CHYM $COIN $EOSE $FIG $HIMS $HOOD $IONQ $IREN $MARA $MP $ONDS $QBTS $QXO $RIOT $RKLB $SEI $SMR $SOUN $TEM

PS: My screeners are now all build on https://t.co/gFYkLgDWB5 https://t.co/dqX3G256ev",en,1974312202988650504,228,34,2,1,187,44492,https://x.com/jfsrev/status/1974312202988650504,0,0,"[{""id"": ""1796806706028302775"", ""type"": ""quoted""}]",2026-09-07 06:04:14
1974128599210078651,153692841,jfsrev,2025-10-03T15:05:10.000Z,https://t.co/wXiXJds1sz https://t.co/tFpZSKK9W7,zxx,1974128599210078651,2,2,17,0,2,4279,https://x.com/jfsrev/status/1974128599210078651,0,0,"[{""id"": ""1974126549902504407"", ""type"": ""quoted""}]",2026-09-07 06:04:34
1974084156553674935,153692841,jfsrev,2025-10-03T12:08:34.000Z,https://t.co/10u1Xv6T67 https://t.co/6XxCHmdbwc,zxx,1974084156553674935,3,3,11,0,3,5293,https://x.com/jfsrev/status/1974084156553674935,0,0,"[{""id"": ""1974069872398324065"", ""type"": ""quoted""}]",2026-09-07 06:04:34
1974017390745956694,153692841,jfsrev,2025-10-03T07:43:16.000Z,I wish u get a winner so huge that you can't even see the red histogram on the graph https://t.co/cFW0oIJi9S,en,1974017390745956694,64,4,16,0,25,11989,https://x.com/jfsrev/status/1974017390745956694,0,0,"[{""id"": ""1974015891764322495"", ""type"": ""quoted""}]",2026-09-07 06:04:34
1973986687207563541,153692841,jfsrev,2025-10-03T05:41:15.000Z,"$SRFM * – After over 3 months on the watchlist, it’s now moving into the focus list. ADR has softened to 7.2%. Still remaining high for my interest https://t.co/g3jroO9NpC https://t.co/EGBgkJ3mOI",en,1973986687207563541,78,6,0,1,34,16080,https://x.com/jfsrev/status/1973986687207563541,0,0,"[{""id"": ""1949670570968408279"", ""type"": ""quoted""}]",2026-09-07 06:04:34
1973985160279519592,153692841,jfsrev,2025-10-03T05:35:11.000Z,this is very nice @SPTX806 https://t.co/k237gdYyrl,en,1973985160279519592,72,4,5,0,31,14627,https://x.com/jfsrev/status/1973985160279519592,0,0,,2026-09-07 06:04:34
1973959568800772162,153692841,jfsrev,2025-10-03T03:53:30.000Z,"yes, per full loss for me can be contained within -0.67R per trade. I'm always on the low win rate% side of market, and the only way to increase my profit factor massively is to work on reducing R loss first. @BrianLeeTrades https://t.co/1K4dEnayKC",en,1973959568800772162,58,5,17,1,38,16765,https://x.com/jfsrev/status/1973959568800772162,0,0,"[{""id"": ""1973958399663747244"", ""type"": ""quoted""}]",2026-09-07 06:04:34
1973929489119031328,153692841,jfsrev,2025-10-03T01:53:58.000Z,$RGTI (Update) - 0 closed below 10-MA. https://t.co/d5L4oAMOBx https://t.co/rNktiixJKk,en,1973929489119031328,50,3,0,0,10,12228,https://x.com/jfsrev/status/1973929489119031328,0,0,"[{""id"": ""1966729241707544714"", ""type"": ""quoted""}]",2026-09-07 06:04:34
1973912714839015820,153692841,jfsrev,2025-10-03T00:47:19.000Z,$SOUN (Update) - T+0 https://t.co/JQRLI6K8OT https://t.co/bEeahQlyF0,en,1973912714839015820,87,8,3,1,20,15550,https://x.com/jfsrev/status/1973912714839015820,0,0,"[{""id"": ""1973651119722164544"", ""type"": ""quoted""}]",2026-09-07 06:04:34
1973668474263331103,153692841,jfsrev,2025-10-02T08:36:47.000Z,😄 https://t.co/cZLV4T0adD,art,1973668474263331103,7,2,0,0,1,5499,https://x.com/jfsrev/status/1973668474263331103,0,0,"[{""id"": ""1973665719117336837"", ""type"": ""quoted""}]",2026-09-07 06:04:34
1973656458958086335,153692841,jfsrev,2025-10-02T07:49:03.000Z,https://t.co/FtPSzrm2EN https://t.co/IlcTkkIqQk,zxx,1973656458958086335,6,2,0,0,7,5626,https://x.com/jfsrev/status/1973656458958086335,0,0,"[{""id"": ""1973655872682516507"", ""type"": ""quoted""}]",2026-09-07 06:04:34
1973655851937476920,153692841,jfsrev,2025-10-02T07:46:38.000Z,"Portfolio Update (Educational Thread Part 5) - Don’t second guess your partial profit-taking or your eventual exit. A 10-MA sell rule can sit you as long as 5 months.

$BABX have now exceeded +100% in a calendar month. $TNA (41 days), $XAUUSD gold (35 days) are also notable https://t.co/BXUhc1Dnqa https://t.co/fHbttJOwI6",en,1973655851937476920,99,6,3,0,50,16654,https://x.com/jfsrev/status/1973655851937476920,0,0,"[{""id"": ""1968946399740940605"", ""type"": ""quoted""}]",2026-09-07 06:04:34
1973651119722164544,153692841,jfsrev,2025-10-02T07:27:50.000Z,"$SOUN - When a stock is showing an accelerating rate of change and ADR%, it may be setting up for a potential parabolic run.

This kind of long saucer base structure, with further price acceleration will always get into my focus list when pull back to a clusters of simple moving https://t.co/Am1DoQkNkr",en,1973651119722164544,336,35,6,6,153,72645,https://x.com/jfsrev/status/1973651119722164544,0,0,,2026-09-07 06:04:34
1973649494643486734,153692841,jfsrev,2025-10-02T07:21:22.000Z,"$SOUN - When a stock is showing an accelerating rate of change and ADR%, it may be setting up for a potential parabolic run.

This kind of long saucer base structure, with further price acceleration will always get into my focus list when pull back to a clusters of simple moving https://t.co/tVNeph99Hf",en,1973649494643486734,9,0,1,0,2,802,https://x.com/jfsrev/status/1973649494643486734,0,0,,2026-09-07 06:04:34
1973564874963001748,153692841,jfsrev,2025-10-02T01:45:07.000Z,"I got stopped out of $CRWV within T+1

Still trust price more https://t.co/PWEyGo3obd",en,1973564874963001748,50,4,3,0,5,15282,https://x.com/jfsrev/status/1973564874963001748,0,0,"[{""id"": ""1973015458790908330"", ""type"": ""quoted""}]",2026-09-07 06:04:34
1973414219392623044,153692841,jfsrev,2025-10-01T15:46:28.000Z,yes! https://t.co/6aqv4Z7i8i,qst,1973414219392623044,13,1,0,0,6,6146,https://x.com/jfsrev/status/1973414219392623044,0,0,"[{""id"": ""1973396753169916237"", ""type"": ""quoted""}]",2026-09-07 06:04:34
1973280471762321837,153692841,jfsrev,2025-10-01T06:55:00.000Z,🫡 https://t.co/sU1OzDe8LW,art,1973280471762321837,7,1,1,0,0,6673,https://x.com/jfsrev/status/1973280471762321837,0,0,"[{""id"": ""1973279171901268027"", ""type"": ""quoted""}]",2026-09-07 06:04:34
1973222735003484671,153692841,jfsrev,2025-10-01T03:05:35.000Z,thank you! I really appreciate your gift! https://t.co/7RQdOBCvbu,en,1973222735003484671,30,2,0,0,2,17918,https://x.com/jfsrev/status/1973222735003484671,0,0,"[{""id"": ""1973222367527837819"", ""type"": ""quoted""}]",2026-09-07 06:04:34
1973219642601775321,153692841,jfsrev,2025-10-01T02:53:18.000Z,"Latest 1-Month Relative Strength of Liquid 28 (Rank Sorted), Including their Long/Short Synthetic ETFs.  Strongest. 

Strongest $APP $HOOD $SMCI $CRWV $BABA $RIOT $TSLA $COIN $PLTR $NVDA $INTC $HIMS $RGTI $AAPL $SOUN $OKLO $MSFT $UNH $AMD $TEM $GOOGL $SOFI $AVGO $RDDT $MSTR $AMZN https://t.co/xxOznfH0HL https://t.co/bpNDSS4l9v",en,1973219642601775321,136,18,1,1,101,28754,https://x.com/jfsrev/status/1973219642601775321,0,0,"[{""id"": ""1806709652975141131"", ""type"": ""quoted""}]",2026-09-07 06:04:34
1973194534533333205,153692841,jfsrev,2025-10-01T01:13:31.000Z,thank you 🍻 https://t.co/fSFNPZtahH,en,1973194534533333205,7,1,9,0,0,6081,https://x.com/jfsrev/status/1973194534533333205,0,0,"[{""id"": ""1973089283926888707"", ""type"": ""quoted""}]",2026-09-07 06:04:34
1973033158095626739,153692841,jfsrev,2025-09-30T14:32:16.000Z,$STX - Update https://t.co/yG5tK0XCNu https://t.co/fsJLxkOwb0,en,1973033158095626739,30,2,0,0,10,8058,https://x.com/jfsrev/status/1973033158095626739,0,0,"[{""id"": ""1952199616923062404"", ""type"": ""quoted""}]",2026-09-07 06:04:34
1972899925865451781,153692841,jfsrev,2025-09-30T05:42:51.000Z,$ROBN $HOOD - Update https://t.co/rievYCdNFL https://t.co/fHbttJOwI6,en,1972899925865451781,28,2,2,0,6,16943,https://x.com/jfsrev/status/1972899925865451781,0,0,"[{""id"": ""1968946399740940605"", ""type"": ""quoted""}]",2026-09-07 06:04:34
1972844628039843866,153692841,jfsrev,2025-09-30T02:03:07.000Z,"This week’s 20 beaten-down stocks — potential long-term cup-and-handle setups with positive institutional accumulation over the past 3 months

$AAOI $ACHC $BLMN $BLND $BZAI $CC $CGC $CIVI $CLOV $EVTL $JAMF $LAES $LUNR $MVIS $PDYN $QDEL $TALK $TDOC $ULCC $WRD

PS: My screeners are https://t.co/AmBo6W0HBR https://t.co/zVoQfMaRuY",en,1972844628039843866,100,7,1,1,71,22139,https://x.com/jfsrev/status/1972844628039843866,0,0,"[{""id"": ""1947145787479331055"", ""type"": ""quoted""}]",2026-09-07 06:04:34
1972668480798273632,153692841,jfsrev,2025-09-29T14:23:10.000Z,"Updated Chapter 2.ii with 2 more useful ATR% based indicator recently released by both @traderwillhu and @GoosiferTrading 

https://t.co/T4aTMrujZ2 https://t.co/6WltUIDhcr https://t.co/V6tez4EuMn",en,1972668480798273632,68,4,2,0,55,13876,https://x.com/jfsrev/status/1972668480798273632,0,0,"[{""id"": ""1683199459889676288"", ""type"": ""quoted""}]",2026-09-07 06:04:34
1972306317017846157,153692841,jfsrev,2025-09-28T14:24:04.000Z,thank you 🍻 https://t.co/TwJb0x9hwG,en,1972306317017846157,17,2,21,0,5,7177,https://x.com/jfsrev/status/1972306317017846157,0,0,"[{""id"": ""1972306108250501400"", ""type"": ""quoted""}]",2026-09-07 06:04:34
1972291005765620146,153692841,jfsrev,2025-09-28T13:23:13.000Z,"16 Hot/Theme Stocks Categorized by Industry Group, with Net Positive Institutional Transactions to Watchlist For Coming Week.

$FLNC $TRIP $SEDG $PGY $SOUN $BTDR $PBF $SEI $REAL $UPXI $APLD $EOSE $ASPI $RIOT $WULF $ULCC

PS: My screeners are now all build on @FINVIZ_com (Elite), https://t.co/5EL8qyy129 https://t.co/zPJAnJ0WW0",en,1972291005765620146,120,4,1,1,69,22772,https://x.com/jfsrev/status/1972291005765620146,0,0,"[{""id"": ""1789602959782977668"", ""type"": ""quoted""}]",2026-09-07 06:04:34
1972153640942293467,153692841,jfsrev,2025-09-28T04:17:23.000Z,book can be on hindsight. I thought referencing back to every real time thought process before the action is better https://t.co/3wAC7rqp4u,en,1972153640942293467,27,1,0,0,1,9951,https://x.com/jfsrev/status/1972153640942293467,0,0,"[{""id"": ""1971957496479952962"", ""type"": ""quoted""}]",2026-09-07 06:04:34
1971989950582362199,153692841,jfsrev,2025-09-27T17:26:56.000Z,❤️ https://t.co/JuJQvxivws,art,1971989950582362199,10,1,14,0,5,7966,https://x.com/jfsrev/status/1971989950582362199,0,0,"[{""id"": ""1971973466602852862"", ""type"": ""quoted""}]",2026-09-07 06:04:34
1971989884761264504,153692841,jfsrev,2025-09-27T17:26:40.000Z,🍻 https://t.co/RVGptdV9qf,art,1971989884761264504,7,0,8,0,0,6805,https://x.com/jfsrev/status/1971989884761264504,0,0,"[{""id"": ""1971975320086761790"", ""type"": ""quoted""}]",2026-09-07 06:04:34
1971865074324381715,153692841,jfsrev,2025-09-27T09:10:43.000Z,"Chapter 6 is now underway

https://t.co/T4aTMruROA https://t.co/l6ULuoCWB2 https://t.co/CtiDoPz6ul",en,1971865074324381715,158,7,4,1,75,29470,https://x.com/jfsrev/status/1971865074324381715,0,0,"[{""id"": ""1970712830631616620"", ""type"": ""quoted""}]",2026-09-07 06:04:34
1971841529808670905,153692841,jfsrev,2025-09-27T07:37:10.000Z,$LIF - Update https://t.co/cjn7AFiCO8 https://t.co/Wr6FWNGEPi,en,1971841529808670905,65,5,15,0,21,12311,https://x.com/jfsrev/status/1971841529808670905,0,0,"[{""id"": ""1944301326453944377"", ""type"": ""quoted""}]",2026-09-07 06:04:34
1971825281431371954,153692841,jfsrev,2025-09-27T06:32:36.000Z,"The latest introduction of Seasonality (table view) by @tradingview looks incredible to analyze seasonality data outside of price charts in a clear, structured table. eg. $AAPL

Below is the free access link
https://t.co/F1qOjwLXS3

This is the description
https://t.co/wXMcmdOIWh https://t.co/a2p9epkZT0",en,1971825281431371954,172,15,19,1,169,19187,https://x.com/jfsrev/status/1971825281431371954,0,0,,2026-09-07 06:04:34
1971824458341274083,153692841,jfsrev,2025-09-27T06:29:20.000Z,"The latest introduction of Seasonality (table view) by @tradingview looks incredible analyze seasonality data outside of price charts in a clear, structured table. eg. $AAPL

Below is the free access link
https://t.co/F1qOjwLXS3

This is the description
https://t.co/wXMcmdOIWh https://t.co/yz1eC8Ofz2",en,1971824458341274083,6,0,1,0,1,1308,https://x.com/jfsrev/status/1971824458341274083,0,0,,2026-09-07 06:04:34
1971815472929890353,153692841,jfsrev,2025-09-27T05:53:37.000Z,https://t.co/T4aTMruROA https://t.co/fb1eCpDD2o https://t.co/X81vk5qoSI,zxx,1971815472929890353,42,5,11,0,35,9673,https://x.com/jfsrev/status/1971815472929890353,0,0,"[{""id"": ""1971814311757787409"", ""type"": ""quoted""}]",2026-09-07 06:04:34
1971773056264880609,153692841,jfsrev,2025-09-27T03:05:05.000Z,"This week +5%&gt; net positive institutional transaction in last 3 months are found in this 20 standout growth stock.

$BMNR $EOSE $HIMS $IONQ $IOT $IREN $MARA $MP $ONDS $ORLA $QBTS $RDDT $RIOT $RKLB $SAIL $SEI $SGHC $SMR $SOUN $TEM

PS: My screeners are now all build on @FINVIZ_com https://t.co/nj65zsBshg https://t.co/dqX3G256ev",en,1971773056264880609,202,30,4,4,151,44043,https://x.com/jfsrev/status/1971773056264880609,0,0,"[{""id"": ""1796806706028302775"", ""type"": ""quoted""}]",2026-09-07 06:04:34
1971585943821054142,153692841,jfsrev,2025-09-26T14:41:33.000Z,what u do with a trade is much more important than the trade itself. - @PeterLBrandt,en,1971585943821054142,36,2,0,0,2,5629,https://x.com/jfsrev/status/1971585943821054142,0,0,,2026-09-07 06:04:34
1971413209849770222,153692841,jfsrev,2025-09-26T03:15:10.000Z,thank you sir https://t.co/wU5sCoZqVR,en,1971413209849770222,12,2,16,0,0,7944,https://x.com/jfsrev/status/1971413209849770222,0,0,"[{""id"": ""1971411287403004036"", ""type"": ""quoted""}]",2026-09-07 06:04:34
1971402094562496683,153692841,jfsrev,2025-09-26T02:31:00.000Z,"Added Chapter 17, inspired by @PeterLBrandt: the true measure of your gains is ultimately reflected in your tax return to the government, not screenshot of daily P&amp;L in dollar terms (can be paper account)

This also represents the kind of contribution we give back to society. https://t.co/349LOtox2j https://t.co/W0O7DxaDjO",en,1971402094562496683,67,3,2,0,20,16415,https://x.com/jfsrev/status/1971402094562496683,0,0,"[{""id"": ""1965598941359309256"", ""type"": ""quoted""}]",2026-09-07 06:04:34
1971401564305932390,153692841,jfsrev,2025-09-26T02:28:54.000Z,"Added Chapter 17, inspired by @PeterLBrandt: the true measure of your gains is ultimately reflected in your tax return to the government, not screenshot of daily P&amp;L in dollar terms (can be paper account)

This also represents the kind of contribution we give back to society. https://t.co/aBjGjbJwwp https://t.co/W0O7DxaDjO",en,1971401564305932390,2,0,0,0,0,867,https://x.com/jfsrev/status/1971401564305932390,0,0,"[{""id"": ""1965598941359309256"", ""type"": ""quoted""}]",2026-09-07 06:04:34
1971392160344985667,153692841,jfsrev,2025-09-26T01:51:32.000Z,"$SPY – Market Holding Within 4-Month Uptrend Channel

After 3 days of pullback, I’m seeing calls that this confirms a market top. From a timeframe standpoint, that view could work out as a short-term swing, but I don’t see any compelling short setups at the moment—other than the https://t.co/vsYfdJnTaC",en,1971392160344985667,131,8,3,1,25,15569,https://x.com/jfsrev/status/1971392160344985667,0,0,,2026-09-07 06:04:34
1971185068468261284,153692841,jfsrev,2025-09-25T12:08:37.000Z,🍻 https://t.co/xrmdombOH9,art,1971185068468261284,9,0,0,0,0,5606,https://x.com/jfsrev/status/1971185068468261284,0,0,"[{""id"": ""1971184694206267701"", ""type"": ""quoted""}]",2026-09-07 06:04:34
1971175600212803648,153692841,jfsrev,2025-09-25T11:31:00.000Z,"The rat race is never my thing, and it shouldn't be yours if you are committed to this endeavour with me. https://t.co/e3KHn38fgD",en,1971175600212803648,300,41,2,4,97,89263,https://x.com/jfsrev/status/1971175600212803648,0,0,,2026-09-07 06:04:34
1971170197907308661,153692841,jfsrev,2025-09-25T11:09:32.000Z,"I respect all differing views, and I try to learn from another pov as well. 👍🏻 

all ideas are viable with risk reward angled at either their technical, or fundamental value https://t.co/Xtt7nS8ji3",en,1971170197907308661,10,1,10,0,1,5200,https://x.com/jfsrev/status/1971170197907308661,0,0,"[{""id"": ""1971167394556203010"", ""type"": ""quoted""}]",2026-09-07 06:04:34
1971168136536916123,153692841,jfsrev,2025-09-25T11:01:20.000Z,"I respect all differing views, and I try to learn from another pov as well. 👍🏻 

all trading ideas viable with risk reward angled at either their technical, or fundamental value https://t.co/Xtt7nS8ji3",en,1971168136536916123,3,0,3,0,0,1535,https://x.com/jfsrev/status/1971168136536916123,0,0,"[{""id"": ""1971167394556203010"", ""type"": ""quoted""}]",2026-09-07 06:04:34
1971123069260628379,153692841,jfsrev,2025-09-25T08:02:16.000Z,🍻 https://t.co/VY9s4qOtKZ,art,1971123069260628379,5,1,0,1,0,5915,https://x.com/jfsrev/status/1971123069260628379,0,0,"[{""id"": ""1971116438669910323"", ""type"": ""quoted""}]",2026-09-07 06:04:34
1971106038469492905,153692841,jfsrev,2025-09-25T06:54:35.000Z,"$AVGX has 25% more liquidity and also trades on NASDAQ, but thanks for bringing up $AVL. Will compare the spread at open between the 2 later https://t.co/n9lC8LuWrW",en,1971106038469492905,12,1,0,0,4,6202,https://x.com/jfsrev/status/1971106038469492905,0,0,"[{""id"": ""1971070283978358786"", ""type"": ""quoted""}]",2026-09-07 06:04:34
1971104970050240924,153692841,jfsrev,2025-09-25T06:50:20.000Z,$IREN is due for a $BITF action https://t.co/0BA61CEE1s,en,1971104970050240924,13,2,9,0,3,7300,https://x.com/jfsrev/status/1971104970050240924,0,0,"[{""id"": ""1971070383441969507"", ""type"": ""quoted""}]",2026-09-07 06:04:34
1971103576094277814,153692841,jfsrev,2025-09-25T06:44:48.000Z,that 1 winning trade to cover over 50 losses 👍🏻 https://t.co/aQa1yJ1ChI,en,1971103576094277814,25,1,2,0,13,7700,https://x.com/jfsrev/status/1971103576094277814,0,0,"[{""id"": ""1971089405399138421"", ""type"": ""quoted""}]",2026-09-07 06:04:34
1971099240668815419,153692841,jfsrev,2025-09-25T06:27:34.000Z,VARS is relative to the context of the market move. $CRDO can be a standout to the thematic rally but for every 1 of such move I can find you 20 compelling setup that fails. trading afterall is a big data game and I want to be on the higher probability side to tilt the edge to my https://t.co/z79f4YyIe6,en,1971099240668815419,16,2,10,0,3,6877,https://x.com/jfsrev/status/1971099240668815419,0,0,"[{""id"": ""1971091258270798019"", ""type"": ""quoted""}]",2026-09-07 06:04:34
1971070680277057644,153692841,jfsrev,2025-09-25T04:34:05.000Z,"yes, $AMD is laggard not just to market. it is laggard to its own industry group $SOX $SMH severely.

$AMD also rejected 50-MA twice in a month alone. For anyone without RS/VARS and MAs on their chart, they will see $AMD as a 1-month base setup, but these are obvious traps that https://t.co/YvarD8raGB https://t.co/xcpEj3DvkO",en,1971070680277057644,78,6,17,3,34,19127,https://x.com/jfsrev/status/1971070680277057644,0,0,"[{""id"": ""1971069626219102257"", ""type"": ""quoted""}]",2026-09-07 06:04:34
1971067014346310018,153692841,jfsrev,2025-09-25T04:19:31.000Z,"$MSOS – This risk-reward setup looks much better today compared to August.

I quoted my reply to a question back then about why I wasn’t chasing the $MSOS and $CNBS move in late August. Looking back, it’s clear—you don’t chase after the rocket has already left the launch pad (the https://t.co/g5NJI2FEu1 https://t.co/xM5XRbIJfF",en,1971067014346310018,70,4,0,2,22,16961,https://x.com/jfsrev/status/1971067014346310018,0,0,"[{""id"": ""1959446170419482657"", ""type"": ""quoted""}]",2026-09-07 06:04:34
1971064180586451404,153692841,jfsrev,2025-09-25T04:08:15.000Z,"$AVGO - Bull Flag with 3 days tightness within rising 10 &amp; 20-MA

Mega cap growth $IVW remains the strongest 1-month RS market segment. If I were to go through the list of the liquid 26 below, $AVGO $CRWV are the ones that will qualify into my focus list based on their RS to the https://t.co/vGFHTW8Cjx https://t.co/NoClyMzN94",en,1971064180586451404,88,7,5,3,38,18413,https://x.com/jfsrev/status/1971064180586451404,0,0,"[{""id"": ""1970429195802337561"", ""type"": ""quoted""}]",2026-09-07 06:04:34
1971042683578876376,153692841,jfsrev,2025-09-25T02:42:50.000Z,i have fixed the link to the topic b) https://t.co/Z56TTGZ3ft,en,1971042683578876376,15,1,7,0,7,8694,https://x.com/jfsrev/status/1971042683578876376,0,0,"[{""id"": ""1970801298573529350"", ""type"": ""quoted""}]",2026-09-07 06:04:34
1971041896480096438,153692841,jfsrev,2025-09-25T02:39:42.000Z,cheers https://t.co/X68hTSsGYK,en,1971041896480096438,8,2,2,0,0,5644,https://x.com/jfsrev/status/1971041896480096438,0,0,"[{""id"": ""1970812834163601664"", ""type"": ""quoted""}]",2026-09-07 06:04:34
1971041271667208239,153692841,jfsrev,2025-09-25T02:37:13.000Z,thanks for bringing this up. i didnt know $SOUN have a leverage synthetic etf. haven't qualify my 1M avg volume cut off but it will build with more attention later on like the rest https://t.co/Gg8NV8PyMA,en,1971041271667208239,7,1,2,0,0,6414,https://x.com/jfsrev/status/1971041271667208239,0,0,"[{""id"": ""1970898412297125989"", ""type"": ""quoted""}]",2026-09-07 06:04:34
1971017146546389086,153692841,jfsrev,2025-09-25T01:01:22.000Z,💯 lovey https://t.co/6IyKFwjKL6,en,1971017146546389086,43,1,10,0,8,11370,https://x.com/jfsrev/status/1971017146546389086,0,0,"[{""id"": ""1971008663692423532"", ""type"": ""quoted""}]",2026-09-07 06:04:34
1971017036290818431,153692841,jfsrev,2025-09-25T01:00:55.000Z,💯 lovey https://t.co/6IyKFwjKL6,en,1971017036290818431,1,0,0,0,0,466,https://x.com/jfsrev/status/1971017036290818431,0,0,"[{""id"": ""1971008663692423532"", ""type"": ""quoted""}]",2026-09-07 06:04:34
1970876242451898755,153692841,jfsrev,2025-09-24T15:41:27.000Z,thank you @Trader_Benny https://t.co/7E0rJ3K84S,en,1970876242451898755,15,1,17,0,0,5092,https://x.com/jfsrev/status/1970876242451898755,0,0,"[{""id"": ""1970873830236123628"", ""type"": ""quoted""}]",2026-09-07 06:04:34
1970858908823749039,153692841,jfsrev,2025-09-24T14:32:35.000Z,"i trust the volume run rate, than the price push. it fades more often than not when volume run rate is not high https://t.co/f9ZgMAPGBU",en,1970858908823749039,14,2,14,0,4,5013,https://x.com/jfsrev/status/1970858908823749039,0,0,"[{""id"": ""1970858132655255675"", ""type"": ""quoted""}]",2026-09-07 06:04:34
1970855101901525194,153692841,jfsrev,2025-09-24T14:17:27.000Z,thank you so much Adam @flywatertrader https://t.co/lujIqvRfxL,en,1970855101901525194,5,1,9,0,0,4534,https://x.com/jfsrev/status/1970855101901525194,0,0,"[{""id"": ""1970854963061665879"", ""type"": ""quoted""}]",2026-09-07 06:04:34
1970851604816638288,153692841,jfsrev,2025-09-24T14:03:33.000Z,thank you sir! https://t.co/qAuBgMe0Os,en,1970851604816638288,11,1,7,0,0,4996,https://x.com/jfsrev/status/1970851604816638288,0,0,"[{""id"": ""1970849744391221421"", ""type"": ""quoted""}]",2026-09-07 06:04:34
1970847447179231428,153692841,jfsrev,2025-09-24T13:47:02.000Z,You’ll truly evolve when you shift from focusing on making money to keeping it while operating with less activity.,en,1970847447179231428,87,9,0,0,26,8890,https://x.com/jfsrev/status/1970847447179231428,0,0,,2026-09-07 06:04:34
1970846586378018873,153692841,jfsrev,2025-09-24T13:43:37.000Z,"$BABA - Update

selling some into strength today 💪🏻 https://t.co/97RzZm6Wvr https://t.co/fHbttJOwI6",en,1970846586378018873,34,1,1,0,5,6751,https://x.com/jfsrev/status/1970846586378018873,0,0,"[{""id"": ""1968946399740940605"", ""type"": ""quoted""}]",2026-09-07 06:04:34
1970844589000147354,153692841,jfsrev,2025-09-24T13:35:41.000Z,"I’m quite certain I’ll be less active on social media next year or so, so I might as well leave some notes behind for reference, and I hope it helps everyone to shorten their learning curve. https://t.co/u6DwKt6B7a",en,1970844589000147354,135,2,6,1,10,12676,https://x.com/jfsrev/status/1970844589000147354,0,0,"[{""id"": ""1970842592779948530"", ""type"": ""quoted""}]",2026-09-07 06:04:34
1970843701955231995,153692841,jfsrev,2025-09-24T13:32:09.000Z,thank you @itradecharts https://t.co/Ayybsft2Ky,en,1970843701955231995,5,1,0,0,0,3662,https://x.com/jfsrev/status/1970843701955231995,0,0,"[{""id"": ""1970842833889403349"", ""type"": ""quoted""}]",2026-09-07 06:04:34
1970839920366453243,153692841,jfsrev,2025-09-24T13:17:08.000Z,that's heartening to know! https://t.co/8C5bcRzlYq,en,1970839920366453243,5,1,0,0,0,4868,https://x.com/jfsrev/status/1970839920366453243,0,0,"[{""id"": ""1970838009408016490"", ""type"": ""quoted""}]",2026-09-07 06:04:34
1970834939617886541,153692841,jfsrev,2025-09-24T12:57:20.000Z,https://t.co/T4aTMruROA https://t.co/Q3Yx0axOO5 https://t.co/BXSGWFIqgo,zxx,1970834939617886541,28,1,0,0,25,5649,https://x.com/jfsrev/status/1970834939617886541,0,0,"[{""id"": ""1970821865724899473"", ""type"": ""quoted""}]",2026-09-07 06:04:34
1970814516373123380,153692841,jfsrev,2025-09-24T11:36:11.000Z,"thank you for reading, john https://t.co/X68hTSsGYK",en,1970814516373123380,12,1,4,0,1,4840,https://x.com/jfsrev/status/1970814516373123380,0,0,"[{""id"": ""1970812834163601664"", ""type"": ""quoted""}]",2026-09-07 06:04:34
1970798702412612011,153692841,jfsrev,2025-09-24T10:33:20.000Z,"Chapter 3.9 have my full list 

https://t.co/T4aTMruROA https://t.co/YtoU6rL29O",en,1970798702412612011,20,2,1,0,7,5631,https://x.com/jfsrev/status/1970798702412612011,0,0,"[{""id"": ""1970797715748725099"", ""type"": ""quoted""}]",2026-09-07 06:04:34
1970796694129480137,153692841,jfsrev,2025-09-24T10:25:22.000Z,"https://t.co/T4aTMruROA

read chapter 5.3.d.viii https://t.co/D8UEAh9skn",en,1970796694129480137,6,1,1,0,9,5126,https://x.com/jfsrev/status/1970796694129480137,0,0,"[{""id"": ""1970795271178334380"", ""type"": ""quoted""}]",2026-09-07 06:04:34
1970795916375527502,153692841,jfsrev,2025-09-24T10:22:16.000Z,"https://t.co/T4aTMruROA

read chapter 5.3.viii https://t.co/D8UEAh9skn",en,1970795916375527502,1,0,0,0,0,795,https://x.com/jfsrev/status/1970795916375527502,0,0,"[{""id"": ""1970795271178334380"", ""type"": ""quoted""}]",2026-09-07 06:04:34
1970793329312010290,153692841,jfsrev,2025-09-24T10:11:59.000Z,thank you 🙏🏻 https://t.co/hDZOu79BKA,en,1970793329312010290,7,1,0,0,3,4532,https://x.com/jfsrev/status/1970793329312010290,0,0,"[{""id"": ""1970790231663395188"", ""type"": ""quoted""}]",2026-09-07 06:04:34
1970777670037512573,153692841,jfsrev,2025-09-24T09:09:46.000Z,🍻 https://t.co/qVM2cUTO6O,art,1970777670037512573,5,1,6,0,0,4920,https://x.com/jfsrev/status/1970777670037512573,0,0,"[{""id"": ""1970777472888107138"", ""type"": ""quoted""}]",2026-09-07 06:04:34
1970775406975516789,153692841,jfsrev,2025-09-24T09:00:46.000Z,"great trades. I would take those, too, if there's capital allowance in my portfolio during then https://t.co/gc4S3Uczg5",en,1970775406975516789,9,1,4,0,2,5220,https://x.com/jfsrev/status/1970775406975516789,0,0,"[{""id"": ""1970774391350042758"", ""type"": ""quoted""}]",2026-09-07 06:04:34
1970766680042414271,153692841,jfsrev,2025-09-24T08:26:06.000Z,$GDXU 🍻 https://t.co/B2JlzIOK01,qme,1970766680042414271,14,1,4,0,4,5548,https://x.com/jfsrev/status/1970766680042414271,0,0,"[{""id"": ""1970765427304489349"", ""type"": ""quoted""}]",2026-09-07 06:04:34
1970761700472430903,153692841,jfsrev,2025-09-24T08:06:19.000Z,"the reason why we should trade leveraged ETFs of underlying products.

halving the capital requirement for every 100% increase in adr%. https://t.co/SZAbGzjpKB",en,1970761700472430903,150,12,12,2,74,75474,https://x.com/jfsrev/status/1970761700472430903,0,0,"[{""id"": ""1966503264569954671"", ""type"": ""quoted""}]",2026-09-07 06:04:34
1970752398101725663,153692841,jfsrev,2025-09-24T07:29:21.000Z,"I have non discretionary partial profit taking and sell rules

https://t.co/T83KvbcMFm https://t.co/Ld603wqf1X",en,1970752398101725663,13,1,5,0,3,5445,https://x.com/jfsrev/status/1970752398101725663,0,0,"[{""id"": ""1970751426809995657"", ""type"": ""quoted""}]",2026-09-07 06:04:34
1970750699857473630,153692841,jfsrev,2025-09-24T07:22:36.000Z,$RGTI (Update) - The Q's Effect https://t.co/zIwGn1aUyf https://t.co/rNktiixJKk,en,1970750699857473630,74,4,10,0,27,15937,https://x.com/jfsrev/status/1970750699857473630,0,0,"[{""id"": ""1966729241707544714"", ""type"": ""quoted""}]",2026-09-07 06:04:34
1970712830631616620,153692841,jfsrev,2025-09-24T04:52:07.000Z,"Chapter 5 is done, featuring a detailed write-up on Situational Awareness, along with my thought process behind going aggressively short on March 28th and heavily long on April 7th—both during peak market volatility expansion phrase. 

Chapter 6 will take a little while because https://t.co/BklnOXCiCs https://t.co/Uf84ML05Tc",en,1970712830631616620,305,25,27,4,174,78782,https://x.com/jfsrev/status/1970712830631616620,0,0,"[{""id"": ""1969101488442986766"", ""type"": ""quoted""}]",2026-09-07 06:04:34
1970693106849960114,153692841,jfsrev,2025-09-24T03:33:45.000Z,$AMZN (Short) - Update https://t.co/qnlIjQgTXf https://t.co/egb820ITqG,en,1970693106849960114,75,2,3,0,11,16969,https://x.com/jfsrev/status/1970693106849960114,0,0,"[{""id"": ""1970441134448292236"", ""type"": ""quoted""}]",2026-09-07 06:04:34
1970499536637567417,153692841,jfsrev,2025-09-23T14:44:34.000Z,"If you are going long on tech/comm names today, annotate the trades in the index chart and see the result 1-month later https://t.co/ZkhGXZTQuk",en,1970499536637567417,54,4,1,1,43,12490,https://x.com/jfsrev/status/1970499536637567417,0,0,"[{""id"": ""1922500217607487503"", ""type"": ""quoted""}]",2026-09-07 06:04:34
1970494529997562129,153692841,jfsrev,2025-09-23T14:24:40.000Z,"Today is the day for energy group

$XLE +1.9%
$RSPG +1.5%
$XES +3.2%
$XOP +2.8%
$OIH +3.3% https://t.co/fHbttJOwI6",en,1970494529997562129,16,1,0,0,1,5398,https://x.com/jfsrev/status/1970494529997562129,0,0,"[{""id"": ""1968946399740940605"", ""type"": ""quoted""}]",2026-09-07 06:04:34
1970468516089500101,153692841,jfsrev,2025-09-23T12:41:18.000Z,"When your local market can no longer provide enough liquidity for consistent monthly opportunities, 

you move to the US market. https://t.co/SWI0oP27IU",en,1970468516089500101,42,2,0,0,4,5378,https://x.com/jfsrev/status/1970468516089500101,0,0,,2026-09-07 06:04:34
1970441134448292236,153692841,jfsrev,2025-09-23T10:52:30.000Z,"$AMZN (Short) - Weakest Liquid Mega, VARS Weakness, Bearish Divergence, Lost 10 &amp; 20-MA with immediate MA death cross.

I am looking at $AMZD (Inverse Long $AMZN) as a focus list idea this week. The high RRR positioning in the short term will be tilted towards going swing short. https://t.co/iMV8TcO5Hq https://t.co/NoClyMzN94",en,1970441134448292236,50,6,1,4,24,32395,https://x.com/jfsrev/status/1970441134448292236,0,0,"[{""id"": ""1970429195802337561"", ""type"": ""quoted""}]",2026-09-07 06:04:34
1970429195802337561,153692841,jfsrev,2025-09-23T10:05:03.000Z,"Latest 1-Month Relative Strength of Liquid 26 (Rank Sorted), Including their Long/Short Synthetic ETFs.  Strongest. I am focus on weakest RS $AMZD as a inverse long idea on the potential trendline breakdown this week.

Strongest $OKLO $SOFI $CRWV $TSLA $AAPL $APP $RGTI $HOOD https://t.co/5AiXAnCNTO https://t.co/bpNDSS4l9v",en,1970429195802337561,59,9,0,1,41,43054,https://x.com/jfsrev/status/1970429195802337561,0,0,"[{""id"": ""1806709652975141131"", ""type"": ""quoted""}]",2026-09-07 06:04:34
1970429010745401738,153692841,jfsrev,2025-09-23T10:04:19.000Z,"Latest 1-Month Relative Strength of Liquid 26 (Rank Sorted), Including their Long/Short Synthetic ETFs.  Strongest. I am focus on weakest RS $AMZD as a inverse long idea on the potential trendline breakdown this week.

Strongest
$OKLO
$SOFI
$CRWV
$TSLA
$AAPL
$APP
$RGTI
$HOOD https://t.co/KVm5WdSD8L https://t.co/bpNDSS4l9v",en,1970429010745401738,0,0,0,0,0,491,https://x.com/jfsrev/status/1970429010745401738,0,0,"[{""id"": ""1806709652975141131"", ""type"": ""quoted""}]",2026-09-07 06:04:34
1970242392050803095,153692841,jfsrev,2025-09-22T21:42:46.000Z,It's extended now at 7 x atr% from 50-Ma https://t.co/O37rDLROvM,en,1970242392050803095,11,1,10,0,8,7053,https://x.com/jfsrev/status/1970242392050803095,0,0,"[{""id"": ""1970185984152101027"", ""type"": ""quoted""}]",2026-09-07 06:04:34
1970028711098319166,153692841,jfsrev,2025-09-22T07:33:40.000Z,"This week’s 26 beaten-down stocks — potential long-term cup-and-handle setups with positive institutional accumulation over the past 3 months

$AIOT $BTE $CGC $CPRI $CRI $CTKB $DEFT $EBS $EVTL $FLNC $HPP $JAMF $LAB $LEG $LUNR $MVIS $MXL $NEO $OGN $PDYN $QDEL $QSI $RVLV $TDOC https://t.co/KwkKhG5PuM https://t.co/zVoQfMajFq",en,1970028711098319166,76,5,1,2,73,23206,https://x.com/jfsrev/status/1970028711098319166,0,0,"[{""id"": ""1947145787479331055"", ""type"": ""quoted""}]",2026-09-07 06:04:34
1969827717357904181,153692841,jfsrev,2025-09-21T18:15:00.000Z,"1-1 equaliser at 93rd min

now it's time to head back home, Singapore 🇸🇬 

#ARSMCI https://t.co/jUDk51arla",en,1969827717357904181,25,1,0,0,1,4905,https://x.com/jfsrev/status/1969827717357904181,0,0,,2026-09-07 06:04:34
1969733259853746301,153692841,jfsrev,2025-09-21T11:59:39.000Z,I really love the chill vibe at Hyde Park https://t.co/X9M9UXlnGt https://t.co/Av5t4t3kuc,en,1969733259853746301,33,1,1,0,0,8694,https://x.com/jfsrev/status/1969733259853746301,0,0,"[{""id"": ""1785640565893451786"", ""type"": ""quoted""}]",2026-09-07 06:04:34
1969677120528875985,153692841,jfsrev,2025-09-21T08:16:35.000Z,"I really enjoyed today's weekly free newsletter by @BlogJulianKomar. The truth is, most of what you see on social media rarely shows losing trades (I highlighted on potential of my $BITX stop-out on the remaining 1/3 position prior to friday's gap down). In this issue, he shared https://t.co/i5Zjc0wq7f",en,1969677120528875985,94,5,2,3,58,20259,https://x.com/jfsrev/status/1969677120528875985,0,0,,2026-09-07 06:04:34
1969676435020222849,153692841,jfsrev,2025-09-21T08:13:51.000Z,"I really enjoyed the today's weekly free newsletter by @BlogJulianKomar. The truth is, most of what you see on social media rarely shows losing trades (I highlighted on potential of my $BITX stop-out on the remaining 1/3 position prior to friday's gap down). In this issue, he https://t.co/S9ldgoa3Pa",en,1969676435020222849,4,1,0,0,2,529,https://x.com/jfsrev/status/1969676435020222849,0,0,,2026-09-07 06:04:34
1969655865893666964,153692841,jfsrev,2025-09-21T06:52:07.000Z,🍻 https://t.co/owp2Eya3kL,art,1969655865893666964,7,1,1,0,1,7567,https://x.com/jfsrev/status/1969655865893666964,0,0,"[{""id"": ""1969649337488556051"", ""type"": ""quoted""}]",2026-09-07 06:04:34
1969634726429225041,153692841,jfsrev,2025-09-21T05:28:07.000Z,"21 Hot/Theme Stocks Categorized by Industry Group, with Net Positive Institutional Transactions to Watchlist For Coming Week.

$FLNC $SERV $BKSY $SEDG $PGY $SOUN $BTDR $RKT $REAL $LMND $APLD $BBAI $BE $EOSE $QBTS $ASPI $CIFR $RIOT $WULF $ULCC $RCAT

PS: My screeners are now all https://t.co/VLXO3BGNpd https://t.co/zPJAnJ0p6s",en,1969634726429225041,210,24,1,2,184,38913,https://x.com/jfsrev/status/1969634726429225041,0,0,"[{""id"": ""1789602959782977668"", ""type"": ""quoted""}]",2026-09-07 06:04:34
1969600295635218909,153692841,jfsrev,2025-09-21T03:11:18.000Z,"usually 6 to 8, and I don't execute more than 3 trades a day, so this has to be built over a week with market traction. good period can go up to 12 (after partial scaling out can unlock capital for new entrants but I highly advocate to priortize adding existing positions over https://t.co/9yrf8U6oki",en,1969600295635218909,79,4,2,0,39,15291,https://x.com/jfsrev/status/1969600295635218909,0,0,"[{""id"": ""1966562077117493595"", ""type"": ""quoted""}]",2026-09-07 06:04:34
1969468203844977063,153692841,jfsrev,2025-09-20T18:26:25.000Z,pro gamers are highly skilled in both anticipationary and reactionary decision-making @BrianLeeTrades https://t.co/l15C3qyAPx,en,1969468203844977063,21,1,0,0,7,8224,https://x.com/jfsrev/status/1969468203844977063,0,0,"[{""id"": ""1966172399147311203"", ""type"": ""quoted""}]",2026-09-07 06:04:34
1969414898762596365,153692841,jfsrev,2025-09-20T14:54:36.000Z,"brighton 2-0 spursy

#bhatot https://t.co/iRHSkyKP6N",en,1969414898762596365,21,2,1,4,0,6943,https://x.com/jfsrev/status/1969414898762596365,0,0,,2026-09-07 06:04:34
1969374253079273692,153692841,jfsrev,2025-09-20T12:13:05.000Z,#Gaza https://t.co/G27wRW4MUn,qme,1969374253079273692,49,3,4,0,0,6894,https://x.com/jfsrev/status/1969374253079273692,0,0,,2026-09-07 06:04:34
1969305213770092644,153692841,jfsrev,2025-09-20T07:38:45.000Z,I appreciate this @KayKlingson 🙏🏻 https://t.co/XmwEU1t9Qd,en,1969305213770092644,17,1,3,0,2,7824,https://x.com/jfsrev/status/1969305213770092644,0,0,"[{""id"": ""1969102470476382652"", ""type"": ""quoted""}]",2026-09-07 06:04:34
1969278704653148393,153692841,jfsrev,2025-09-20T05:53:25.000Z,"This week +5%&gt; net positive institutional transaction in last 3 months are found in this 22 standout growth stock. 
     
$ASST $BMNR $COIN $EOSE $FIG $HIMS $HSAI $IONQ $IREN $MARA $MP $ONDS $OUST $QBTS $RDDT $RIOT $RKLB $SAIL $SGHC $SMR $SOUN $TEM

PS: My screeners are now all https://t.co/A9awsh4dLv https://t.co/dqX3G24yoX",en,1969278704653148393,227,25,1,1,162,36164,https://x.com/jfsrev/status/1969278704653148393,0,0,"[{""id"": ""1796806706028302775"", ""type"": ""quoted""}]",2026-09-07 06:04:34
1969101488442986766,153692841,jfsrev,2025-09-19T18:09:13.000Z,"Did some extensive updates to chapters 5 and 6. not quite there yet, but I do hope overall, the post will be more than sufficient to fill your weekend. 

https://t.co/OxoxgHQ1aF https://t.co/mDvvSbckFp https://t.co/RbYhcxDPjP",en,1969101488442986766,186,14,16,2,185,84616,https://x.com/jfsrev/status/1969101488442986766,0,0,"[{""id"": ""1964628585341497535"", ""type"": ""quoted""}]",2026-09-07 06:04:42
1969045377794924548,153692841,jfsrev,2025-09-19T14:26:15.000Z,"yes. only sell some, never sell everything.

high can go higher, extension can get more extended. https://t.co/4CC5YjTxnt",en,1969045377794924548,63,5,2,0,29,8222,https://x.com/jfsrev/status/1969045377794924548,0,0,"[{""id"": ""1969044900105609586"", ""type"": ""quoted""}]",2026-09-07 06:04:42
1969006266384109606,153692841,jfsrev,2025-09-19T11:50:50.000Z,"There's dollar volume filter now on @FINVIZ_com, even on the free version. https://t.co/TQKB7NSNz3 https://t.co/wOpM7pQRFf",en,1969006266384109606,90,3,3,1,45,18607,https://x.com/jfsrev/status/1969006266384109606,0,0,"[{""id"": ""1966698664602345550"", ""type"": ""quoted""}]",2026-09-07 06:04:42
1969005402399392219,153692841,jfsrev,2025-09-19T11:47:24.000Z,updated https://t.co/x5XGKXUu0p https://t.co/FeLaVyoSRn,en,1969005402399392219,22,1,3,0,18,5504,https://x.com/jfsrev/status/1969005402399392219,0,0,"[{""id"": ""1969005049834569944"", ""type"": ""quoted""}]",2026-09-07 06:04:42
1968999341000917234,153692841,jfsrev,2025-09-19T11:23:19.000Z,"should be a stop loss for $BITX later

$BTCUSD spot -0.57% currently https://t.co/fHbttJNYSy",en,1968999341000917234,7,2,3,0,2,6155,https://x.com/jfsrev/status/1968999341000917234,0,0,"[{""id"": ""1968946399740940605"", ""type"": ""quoted""}]",2026-09-07 06:04:42
1968979482246570117,153692841,jfsrev,2025-09-19T10:04:25.000Z,code shared below https://t.co/WPfOe0zpLH,en,1968979482246570117,10,1,0,0,20,5817,https://x.com/jfsrev/status/1968979482246570117,0,0,"[{""id"": ""1968978995778650488"", ""type"": ""quoted""}]",2026-09-07 06:04:42
1968946399740940605,153692841,jfsrev,2025-09-19T07:52:57.000Z,"Focus List &amp; Latest Portfolio Update (Educational Thread Part 4) – It’s been 3 weeks since the last post. If you’ve already built a durable portfolio (beyond T+3), the priority now should be lurking for opportunity to add to your existing positions (if u have good cushion from https://t.co/JTldjjDzpc https://t.co/0vtEtR5OMF",en,1968946399740940605,85,9,2,1,53,70312,https://x.com/jfsrev/status/1968946399740940605,0,0,"[{""id"": ""1960244719000392001"", ""type"": ""quoted""}]",2026-09-07 06:04:42
1968867199675773333,153692841,jfsrev,2025-09-19T02:38:14.000Z,🍻 https://t.co/zE8RyXeKns,art,1968867199675773333,20,1,1,0,6,7679,https://x.com/jfsrev/status/1968867199675773333,0,0,"[{""id"": ""1968798029047116252"", ""type"": ""quoted""}]",2026-09-07 06:04:42
1968762155370467559,153692841,jfsrev,2025-09-18T19:40:50.000Z,"yes

https://t.co/OxoxgHQ1aF https://t.co/6EMg2vNOPx https://t.co/YwhSElildC",und,1968762155370467559,18,1,1,0,22,6992,https://x.com/jfsrev/status/1968762155370467559,0,0,"[{""id"": ""1968761434633826493"", ""type"": ""quoted""}]",2026-09-07 06:04:42
1968750849217204267,153692841,jfsrev,2025-09-18T18:55:54.000Z,"you need enduring passion

@tradingview https://t.co/gLatQESvlv",en,1968750849217204267,154,0,2,1,17,14326,https://x.com/jfsrev/status/1968750849217204267,0,0,,2026-09-07 06:04:42
1968731492491870622,153692841,jfsrev,2025-09-18T17:38:59.000Z,"acceptance of uncertainty through predefined risk management, with a clear maximum pain tolerance set for each individual trade. Your dollar-value pain tolerance should not shake you emotionally or push you into actions outside your intended plan.

It’s best to start small and https://t.co/FFJnbfgRUM",en,1968731492491870622,127,9,2,4,62,29224,https://x.com/jfsrev/status/1968731492491870622,0,0,"[{""id"": ""1968723777732194510"", ""type"": ""quoted""}]",2026-09-07 06:04:42
1968722428663595101,153692841,jfsrev,2025-09-18T17:02:58.000Z,"fat finger mistake, but well done for the trade overall 👍🏻 https://t.co/LqNS9UHUVi",en,1968722428663595101,4,1,2,0,1,5578,https://x.com/jfsrev/status/1968722428663595101,0,0,"[{""id"": ""1968720795363864616"", ""type"": ""quoted""}]",2026-09-07 06:04:42
1968716655543922801,153692841,jfsrev,2025-09-18T16:40:02.000Z,Your relationship with uncertainties in trading will determine your entire performance within this journey.,en,1968716655543922801,46,5,3,0,10,3834,https://x.com/jfsrev/status/1968716655543922801,0,0,,2026-09-07 06:04:42
1968690778420449414,153692841,jfsrev,2025-09-18T14:57:12.000Z,"Thanks for this @erikcarell. I have updated my chapter 3 with your input. This is a free productivity hack that's new to me, and will be helpful to everyone in this endeavor. 

https://t.co/OxoxgHQ1aF https://t.co/NeMxoB9En5 https://t.co/qhkLyISgDK",en,1968690778420449414,73,9,8,1,55,11721,https://x.com/jfsrev/status/1968690778420449414,0,0,"[{""id"": ""1968688679905341497"", ""type"": ""quoted""}]",2026-09-07 06:04:42
1968689034416332813,153692841,jfsrev,2025-09-18T14:50:16.000Z,wow i am not aware of this capability on @FINVIZ_com https://t.co/qhkLyISgDK,en,1968689034416332813,32,6,8,0,41,7050,https://x.com/jfsrev/status/1968689034416332813,0,0,"[{""id"": ""1968688679905341497"", ""type"": ""quoted""}]",2026-09-07 06:04:42
1968685903473234141,153692841,jfsrev,2025-09-18T14:37:50.000Z,"$BITX and $XXRP interest me if they could re-ORH today, not tomorrow. https://t.co/y6XjCxd4ii",en,1968685903473234141,15,3,1,0,3,5552,https://x.com/jfsrev/status/1968685903473234141,0,0,"[{""id"": ""1966505551040225362"", ""type"": ""quoted""}]",2026-09-07 06:04:42
1968650833211347437,153692841,jfsrev,2025-09-18T12:18:29.000Z,"I’ve never liked it when the index opens with a gap up.

Worth delaying your entry",en,1968650833211347437,198,16,1,3,20,26989,https://x.com/jfsrev/status/1968650833211347437,0,0,,2026-09-07 06:04:42
1968592891221029108,153692841,jfsrev,2025-09-18T08:28:14.000Z,"@tradingview for charts, watchlist management, and pre/live market screening (rvol, gappers)

@FINVIZ_com for post market setup and institutional accumulation screening

Under Chapter 2 &amp; 3
https://t.co/T4aTMrujZ2 https://t.co/VLRibBd57W",en,1968592891221029108,45,1,6,1,30,4407,https://x.com/jfsrev/status/1968592891221029108,0,0,,2026-09-07 06:04:42
1968426304031834223,153692841,jfsrev,2025-09-17T21:26:17.000Z,"what a first champions league night experience. last-minute winner always offers the best experience 

#LIVATM https://t.co/HP1kftJnuE",en,1968426304031834223,38,1,5,0,0,5523,https://x.com/jfsrev/status/1968426304031834223,0,0,,2026-09-07 06:04:42
1968338150654451763,153692841,jfsrev,2025-09-17T15:35:59.000Z,$BABA - Update https://t.co/52ThhrggXi https://t.co/e7tiALF5Q4,en,1968338150654451763,28,1,0,0,2,10310,https://x.com/jfsrev/status/1968338150654451763,0,0,"[{""id"": ""1968207568066711700"", ""type"": ""quoted""}]",2026-09-07 06:04:42
1968269594550022420,153692841,jfsrev,2025-09-17T11:03:34.000Z,not a bad looking one https://t.co/3guJTWCUaw,en,1968269594550022420,3,1,0,0,0,5951,https://x.com/jfsrev/status/1968269594550022420,0,0,"[{""id"": ""1968268210429714881"", ""type"": ""quoted""}]",2026-09-07 06:04:42
1968243533388910754,153692841,jfsrev,2025-09-17T09:20:01.000Z,🇬🇧 for the next 7 days https://t.co/vzqLT4cvll,en,1968243533388910754,105,2,8,0,7,10003,https://x.com/jfsrev/status/1968243533388910754,0,0,,2026-09-07 06:04:42
1968207568066711700,153692841,jfsrev,2025-09-17T06:57:06.000Z,"$BABX - Update (11.5 x ATR% from 50-MA)

The underlying $BABA is now 9.5x ATR% from 50-MA. Still mainly positioned in this, along with $TNA $XAUUSD as my 3 biggest position on my portfolio currently. They have all survived beyond T+20 (calendar) days on a simple calibrated 10-MA https://t.co/DzrhFeXRfy https://t.co/TcYGeAnQOM",en,1968207568066711700,54,5,1,1,16,19506,https://x.com/jfsrev/status/1968207568066711700,0,0,"[{""id"": ""1966501807259021385"", ""type"": ""quoted""}]",2026-09-07 06:04:42
1968207378622394847,153692841,jfsrev,2025-09-17T06:56:21.000Z,"This week’s 18 beaten-down stocks — potential long-term cup-and-handle setups with positive institutional accumulation over the past 3 months

$AIOT $CGC $CLOV $CRK $DEFT $EU $FSLY $JAMF $LAB $LAES $MXL $QDEL $RVLV $ULCC $UNIT $WRD

PS: My screeners are now all build on https://t.co/kOMrDx8LLE https://t.co/zVoQfMajFq",en,1968207378622394847,90,9,1,0,60,23160,https://x.com/jfsrev/status/1968207378622394847,0,0,"[{""id"": ""1947145787479331055"", ""type"": ""quoted""}]",2026-09-07 06:04:42
1968206175138128224,153692841,jfsrev,2025-09-17T06:51:34.000Z,"$BABX - Update (11.5 x ATR% from 50-MA)

The underlying $BABA is now 9.5x ATR% from 50-MA. Still mainly positioned in this, along with $TNA $XAUUSD as my 3 biggest position on my portfolio currently. They have all survived beyond T+20 (calendar) days.

You need to learn to hold a https://t.co/BRreZ1eelu https://t.co/TcYGeAniZe",en,1968206175138128224,8,0,0,1,2,957,https://x.com/jfsrev/status/1968206175138128224,0,0,"[{""id"": ""1966501807259021385"", ""type"": ""quoted""}]",2026-09-07 06:04:42
1967987598191890747,153692841,jfsrev,2025-09-16T16:23:01.000Z,"yes, $OPAD is in my focus list this week to get back in https://t.co/qpI9BdEC2D",en,1967987598191890747,20,2,10,0,3,7248,https://x.com/jfsrev/status/1967987598191890747,0,0,"[{""id"": ""1967801229205180517"", ""type"": ""quoted""}]",2026-09-07 06:04:42
1967732746454999302,153692841,jfsrev,2025-09-15T23:30:20.000Z,thank you for the kind words https://t.co/wYKbrQAnfC,en,1967732746454999302,7,1,11,0,1,6722,https://x.com/jfsrev/status/1967732746454999302,0,0,"[{""id"": ""1967731206491082785"", ""type"": ""quoted""}]",2026-09-07 06:04:42
1967594658579775837,153692841,jfsrev,2025-09-15T14:21:37.000Z,"Today there is only space for mega cap growth names to play.

$IVW $MGK $RSPT $XLC $XLK

There's monthly retail sales data tomorrow 8.30AM E.T (Pre-Market) https://t.co/JP13fOcF5j",en,1967594658579775837,15,3,0,0,3,4009,https://x.com/jfsrev/status/1967594658579775837,0,0,,2026-09-07 06:04:42
1967593116942356927,153692841,jfsrev,2025-09-15T14:15:29.000Z,"$STX - Update

The one that got away without heightened volume footprint on 25th August. https://t.co/spSCeJw52M https://t.co/g7FWy9m4xz",en,1967593116942356927,27,5,0,0,4,7020,https://x.com/jfsrev/status/1967593116942356927,0,0,"[{""id"": ""1956555354814480603"", ""type"": ""quoted""}]",2026-09-07 06:04:42
1967591119480656263,153692841,jfsrev,2025-09-15T14:07:33.000Z,$RZLV - Update https://t.co/8GRMZ3j957 https://t.co/ndins33puQ,en,1967591119480656263,49,7,1,0,14,9339,https://x.com/jfsrev/status/1967591119480656263,0,0,"[{""id"": ""1947665762765967757"", ""type"": ""quoted""}]",2026-09-07 06:04:42
1967588112881836279,153692841,jfsrev,2025-09-15T13:55:36.000Z,"Update Chapter 4. with this as well

https://t.co/OxoxgHQz0d https://t.co/wREQt3jpan https://t.co/y6XjCxdC7Q",en,1967588112881836279,23,1,0,0,8,5135,https://x.com/jfsrev/status/1967588112881836279,0,0,"[{""id"": ""1966505551040225362"", ""type"": ""quoted""}]",2026-09-07 06:04:42
1967585019561730266,153692841,jfsrev,2025-09-15T13:43:19.000Z,"$BABX - Update

The underlying $BABA is now at 8.3x ATR% from 50-MA. I am still in position https://t.co/HEOHEv9wS0 https://t.co/TcYGeAnQOM",en,1967585019561730266,20,1,0,0,3,5408,https://x.com/jfsrev/status/1967585019561730266,0,0,"[{""id"": ""1966501807259021385"", ""type"": ""quoted""}]",2026-09-07 06:04:42
1967584524646453692,153692841,jfsrev,2025-09-15T13:41:21.000Z,"$BITF (Update) - 15 x ATR% from 50-MA. 

Never sell everything. https://t.co/RiTjM9F0nS https://t.co/CkLMixEDZt",en,1967584524646453692,25,3,1,0,6,6407,https://x.com/jfsrev/status/1967584524646453692,0,0,"[{""id"": ""1966498596221853751"", ""type"": ""quoted""}]",2026-09-07 06:04:42
1967539605907050928,153692841,jfsrev,2025-09-15T10:42:51.000Z,"Spot $ETHUSD -4.1% from Friday close

$ETHA slated for gap down at open https://t.co/y6XjCxdC7Q",en,1967539605907050928,23,2,7,0,2,6503,https://x.com/jfsrev/status/1967539605907050928,0,0,"[{""id"": ""1966505551040225362"", ""type"": ""quoted""}]",2026-09-07 06:04:42
1967514884192768328,153692841,jfsrev,2025-09-15T09:04:37.000Z,🍻 https://t.co/CfwZk1gsVO,art,1967514884192768328,5,1,5,0,0,5495,https://x.com/jfsrev/status/1967514884192768328,0,0,"[{""id"": ""1967461034454814838"", ""type"": ""quoted""}]",2026-09-07 06:04:42
1967478082748764595,153692841,jfsrev,2025-09-15T06:38:23.000Z,"https://t.co/OxoxgHQz0d

Worked on Chapter 15, 

will be resuming back chapter 5, 6, and 7 beginning this week https://t.co/vAtxkLhbIL https://t.co/RbYhcxEn9n",en,1967478082748764595,79,14,7,1,49,18247,https://x.com/jfsrev/status/1967478082748764595,0,0,"[{""id"": ""1964628585341497535"", ""type"": ""quoted""}]",2026-09-07 06:04:42
1967459726096212141,153692841,jfsrev,2025-09-15T05:25:26.000Z,"good find on $PSIX, but if i could elevate your execution skill, 9th september is the day you should aim to get in. consider the below reasoning;

1. first move out of tightness = lowered avg entry price, lowered stop loss.

2. today (15th september) open is already T+4 for https://t.co/VpPcZC1xqL",en,1967459726096212141,92,13,11,1,63,20577,https://x.com/jfsrev/status/1967459726096212141,0,0,"[{""id"": ""1967453050538426823"", ""type"": ""quoted""}]",2026-09-07 06:04:42
1967458179853525408,153692841,jfsrev,2025-09-15T05:19:18.000Z,"good find on $PSIX, but if i could elevate your execution skill, 9th september is the day you should aim to get in. consider the below reasoning;

1. first move out of tightness = lowered avg entry price, lowered stop loss.

2. today (15th september) open is already T+4 for https://t.co/VpPcZC1xqL",en,1967458179853525408,4,0,2,0,2,987,https://x.com/jfsrev/status/1967458179853525408,0,0,"[{""id"": ""1967453050538426823"", ""type"": ""quoted""}]",2026-09-07 06:04:42
1967457970142470298,153692841,jfsrev,2025-09-15T05:18:28.000Z,"good find on $PSIX, but if i could elevate your execution skill, 9th september is the day you should aim to get in. consider the below reasoning;

1. first move out of tightness = lowered avg entry price, lowered stop loss.

2. today (15th september) open is already T+4 for https://t.co/VpPcZC1xqL",en,1967457970142470298,0,0,0,0,0,555,https://x.com/jfsrev/status/1967457970142470298,0,0,"[{""id"": ""1967453050538426823"", ""type"": ""quoted""}]",2026-09-07 06:04:42
1967408667587916219,153692841,jfsrev,2025-09-15T02:02:33.000Z,"Here are 4 similar types of charts that meet the criteria for my Focus List that may remain off your radar. Take note of the highlighted parameters within each chart.

$SOUN $DFDV $GEVO $XPRO https://t.co/J0zu9lgWNb https://t.co/rNktiixJKk",en,1967408667587916219,157,22,2,2,90,26560,https://x.com/jfsrev/status/1967408667587916219,0,0,"[{""id"": ""1966729241707544714"", ""type"": ""quoted""}]",2026-09-07 06:04:42
1967064776175219188,153692841,jfsrev,2025-09-14T03:16:03.000Z,"16 Hot/Theme Stocks Categorized by Industry Group, with Net Positive Institutional Transactions to Watchlist For Coming Week.   

$FLNC $BKSY $SEDG $PGY $SOUN $PBF $REAL $APLD $BBAI $BE $EOSE $AAOI $WULF $CIFR $RIOT $ULCC

PS: My screeners are now all build on @FINVIZ_com https://t.co/rjkONMHAQB https://t.co/zPJAnJ0WW0",en,1967064776175219188,119,15,0,0,83,22519,https://x.com/jfsrev/status/1967064776175219188,0,0,"[{""id"": ""1789602959782977668"", ""type"": ""quoted""}]",2026-09-07 06:04:42
1966934258783842336,153692841,jfsrev,2025-09-13T18:37:25.000Z,"I strongly urge everyone to read this well thought out write-up by @pedma7 

ace of a deep dive https://t.co/VGwEWg6GsU",en,1966934258783842336,110,10,1,1,144,22532,https://x.com/jfsrev/status/1966934258783842336,0,0,"[{""id"": ""1966797249108709824"", ""type"": ""quoted""}]",2026-09-07 06:04:42
1966730184628768906,153692841,jfsrev,2025-09-13T05:06:30.000Z,"https://t.co/T4aTMrujZ2

It's not my indicator, it's by mattishenner from Reddit. https://t.co/gZ1iQvtmA3 https://t.co/d2FSrjtmID",en,1966730184628768906,70,5,4,0,86,16853,https://x.com/jfsrev/status/1966730184628768906,0,0,"[{""id"": ""1966728327269335275"", ""type"": ""quoted""}]",2026-09-07 06:04:42
1966729241707544714,153692841,jfsrev,2025-09-13T05:02:45.000Z,"$RGTI - This is how tight @Qullamaggie executes his trade, hallmark of tight risk for asymmetrical idea

A few pointers to also observed,
1. Liquidity
2. RS
3. High ADR%
4. Price traded out of 5 days consolidated price action (0 anticipation trade)
5. Entry is not extended from https://t.co/HqWQrEyQFA https://t.co/Gtrlhc3UiG",en,1966729241707544714,571,83,6,5,556,201998,https://x.com/jfsrev/status/1966729241707544714,0,0,"[{""id"": ""1966503721556197870"", ""type"": ""quoted""}]",2026-09-07 06:04:42
1966727337862484292,153692841,jfsrev,2025-09-13T04:55:12.000Z,"Latest 1-Month Relative Strength of Liquid 26 (Rank Sorted), Including their Long/Short Synthetic ETFs.

Strongest: $APP $TSLA $RGTI $HIMS $OKLO
$UNH $BABA $RIOT $AVGO $TEM $SOFI $GOOGL $RDDT $CRWV $PLTR $COIN $HOOD $SMCI $NVDA $AAPL $MSFT $AMD $MSTR $AMZN
Weakest: $NFLX https://t.co/wCpk5aHHuc https://t.co/bpNDSS3NjX",en,1966727337862484292,87,16,0,1,67,13983,https://x.com/jfsrev/status/1966727337862484292,0,0,"[{""id"": ""1806709652975141131"", ""type"": ""quoted""}]",2026-09-07 06:04:42
1966701051329081621,153692841,jfsrev,2025-09-13T03:10:44.000Z,"I believe many already have the answer, or may have experienced it with clarity this week.

Because I did.

$TSLA https://t.co/n19XUBXLxZ",en,1966701051329081621,13,1,0,0,3,7144,https://x.com/jfsrev/status/1966701051329081621,0,0,"[{""id"": ""1956629510855729355"", ""type"": ""quoted""}]",2026-09-07 06:04:42
1966698664602345550,153692841,jfsrev,2025-09-13T03:01:15.000Z,"This week net positive institutional transaction in last 3 months are found in this 25 standout growth stock. I have tightened the parameter to avg vol 5M to keep the results within 25 liquid names.   
 
$AFRM $AG $ALAB $ASTS $BMNR $CDE $CLSK $EOSE $EQX $FIG $HIMS $HOOD $IONQ https://t.co/6VlBFFrrqE https://t.co/dqX3G256ev",en,1966698664602345550,265,45,1,2,196,54925,https://x.com/jfsrev/status/1966698664602345550,0,0,"[{""id"": ""1796806706028302775"", ""type"": ""quoted""}]",2026-09-07 06:04:42
1966693079659774331,153692841,jfsrev,2025-09-13T02:39:04.000Z,"Under Chapter 1: Glossary

https://t.co/T4aTMrujZ2 https://t.co/0RlWiUlbyQ https://t.co/hDjw0yhscM",en,1966693079659774331,17,1,4,0,14,6699,https://x.com/jfsrev/status/1966693079659774331,0,0,"[{""id"": ""1966548390495535476"", ""type"": ""quoted""}]",2026-09-07 06:04:42
1966512765079867526,153692841,jfsrev,2025-09-12T14:42:33.000Z,https://t.co/OxoxgHQz0d https://t.co/EDHS5orDfj https://t.co/nPxovo8yUg,zxx,1966512765079867526,71,9,10,2,110,58432,https://x.com/jfsrev/status/1966512765079867526,0,0,"[{""id"": ""1966512377001582626"", ""type"": ""quoted""}]",2026-09-07 06:04:42
1966511757910032579,153692841,jfsrev,2025-09-12T14:38:33.000Z,"If you’ve accepted that your win rate will often be below 35% in most months, the only way to consistently finish positive on those months is by having a non-discretionary sell rule to hold onto your winning trades for as long as possible, while also cutting losing trades within https://t.co/UtY0L45X6x",en,1966511757910032579,225,21,2,1,121,50496,https://x.com/jfsrev/status/1966511757910032579,0,0,"[{""id"": ""1966506622756299148"", ""type"": ""quoted""}]",2026-09-07 06:04:42
1966511581841490376,153692841,jfsrev,2025-09-12T14:37:51.000Z,"If you’ve accepted that your win rate will often be below 35% in most months, the only way to consistently finish positive on those months is by having a non-discretionary sell rule to hold onto your winning trades for as long as possible, while also cutting losing trades within https://t.co/UtY0L45X6x",en,1966511581841490376,1,0,0,0,0,507,https://x.com/jfsrev/status/1966511581841490376,0,0,"[{""id"": ""1966506622756299148"", ""type"": ""quoted""}]",2026-09-07 06:04:42
1966510958613815752,153692841,jfsrev,2025-09-12T14:35:23.000Z,"$SOLUSD (Update) - Relative Strength First, Setup Second

The strongest of the 4 biggest coin. https://t.co/3IqNhpGIPR https://t.co/0MINk1rEyM",en,1966510958613815752,24,4,11,1,10,6477,https://x.com/jfsrev/status/1966510958613815752,0,0,"[{""id"": ""1965411150969143532"", ""type"": ""quoted""}]",2026-09-07 06:04:42
1966508008705577012,153692841,jfsrev,2025-09-12T14:23:39.000Z,"If you’ve accepted that your win rate will often be below 35% in most months, the only way to consistently finish positive on those months is by having a non-discretionary sell rule to hold onto your winning trades for as long as possible, while also cutting losing trades within https://t.co/UtY0L45X6x",en,1966508008705577012,17,1,1,0,2,2601,https://x.com/jfsrev/status/1966508008705577012,0,0,"[{""id"": ""1966506622756299148"", ""type"": ""quoted""}]",2026-09-07 06:04:42
1966505551040225362,153692841,jfsrev,2025-09-12T14:13:53.000Z,"If you’re thinking to execute the trade on $ETHA ETF today (Friday) with position sizing based on LoD stop, instead of spot $ETHUSD, consider the downside risk for Monday’s open since spot trades over the weekend.",en,1966505551040225362,42,2,4,2,4,24479,https://x.com/jfsrev/status/1966505551040225362,0,0,,2026-09-07 06:04:42
1966505115994726811,153692841,jfsrev,2025-09-12T14:12:10.000Z,"If you’re thinking to execute the trade on $ETHA ETF today (Friday) instead of spot $ETHUSD, consider the downside risk for Monday’s open since spot trades over the weekend.",en,1966505115994726811,0,0,0,0,0,686,https://x.com/jfsrev/status/1966505115994726811,0,0,,2026-09-07 06:04:42
1966501807259021385,153692841,jfsrev,2025-09-12T13:59:01.000Z,"$BABX - Update

$BABA is capable of 11+ x ATR% from 50-MA (late oct last year, early feb this year). Scale out some but still holding majority of it. https://t.co/MqZeTGoaGU https://t.co/5DHERW2Q7C",en,1966501807259021385,24,3,0,2,7,23793,https://x.com/jfsrev/status/1966501807259021385,0,0,"[{""id"": ""1965410462952292815"", ""type"": ""quoted""}]",2026-09-07 06:04:42
1966498596221853751,153692841,jfsrev,2025-09-12T13:46:15.000Z,$BITF (Update) - Reached 10 x ATR% from 50-MA https://t.co/Ekg86lvkg8 https://t.co/BdGMDhHmRR,en,1966498596221853751,14,4,0,2,5,12176,https://x.com/jfsrev/status/1966498596221853751,0,0,"[{""id"": ""1965597653137563983"", ""type"": ""quoted""}]",2026-09-07 06:04:42
1966325920681345150,153692841,jfsrev,2025-09-12T02:20:06.000Z,"thank you, benny 🍻 https://t.co/fx5bh9j7BJ",en,1966325920681345150,10,1,0,0,1,7069,https://x.com/jfsrev/status/1966325920681345150,0,0,"[{""id"": ""1966223688333922686"", ""type"": ""quoted""}]",2026-09-07 06:04:42
1965955572811047292,153692841,jfsrev,2025-09-11T01:48:28.000Z,"Top 20 1-Month RS Leading Industry Groups Ahead of Pre-Market CPI (8:30 AM ET)

$XTL $FFTY $QTUM $WGMI $AIQ $BLOK $SIL $GDXJ $XME $COPX $HYDR $OIH $GRID $URNM $KWEB $GLD $URA $IDGT $FDN https://t.co/VVnN5ZIg57 https://t.co/bpNDSS4l9v",en,1965955572811047292,44,3,0,0,34,13694,https://x.com/jfsrev/status/1965955572811047292,0,0,"[{""id"": ""1806709652975141131"", ""type"": ""quoted""}]",2026-09-07 06:04:42
1965797574864154771,153692841,jfsrev,2025-09-10T15:20:39.000Z,"$XAUUSD $GLD (update) - T+9, still going strong. https://t.co/E2dqkdxkgF https://t.co/9lC1PYSyLv",en,1965797574864154771,25,3,19,1,4,25388,https://x.com/jfsrev/status/1965797574864154771,0,0,"[{""id"": ""1961598920896987381"", ""type"": ""quoted""}]",2026-09-07 06:04:42
1965786809507717343,153692841,jfsrev,2025-09-10T14:37:52.000Z,"Unless you were already positioned in $BLOK or $WGMI names from yesterday, today’s action appears broadly mixed across segments and groups.

Momentum could pick back up after tomorrow’s pre-market CPI. No harm in staying sidelined when key data could trigger a gap down. 

Always",en,1965786809507717343,24,2,1,0,1,4434,https://x.com/jfsrev/status/1965786809507717343,0,0,,2026-09-07 06:04:42
1965784376513540440,153692841,jfsrev,2025-09-10T14:28:12.000Z,$SOLT $SOLUSD https://t.co/0MINk1scok,qct,1965784376513540440,11,2,1,0,1,5481,https://x.com/jfsrev/status/1965784376513540440,0,0,"[{""id"": ""1965411150969143532"", ""type"": ""quoted""}]",2026-09-07 06:04:42
1965757112136651054,153692841,jfsrev,2025-09-10T12:39:52.000Z,https://t.co/qRulIYwhwf https://t.co/t7YnFGzCBw,zxx,1965757112136651054,1,1,10,0,2,4903,https://x.com/jfsrev/status/1965757112136651054,0,0,"[{""id"": ""1965756609562587374"", ""type"": ""quoted""}]",2026-09-07 06:04:42
1965696581795225601,153692841,jfsrev,2025-09-10T08:39:20.000Z,"thank you, sir 🫡 https://t.co/Jea1abdHun",en,1965696581795225601,12,1,8,0,1,5734,https://x.com/jfsrev/status/1965696581795225601,0,0,"[{""id"": ""1965694875141374309"", ""type"": ""quoted""}]",2026-09-07 06:04:42
1965694448513548438,153692841,jfsrev,2025-09-10T08:30:52.000Z,thank you erik https://t.co/OoqVScraVZ,en,1965694448513548438,10,1,4,0,2,5703,https://x.com/jfsrev/status/1965694448513548438,0,0,"[{""id"": ""1965694088394748187"", ""type"": ""quoted""}]",2026-09-07 06:04:42
1965598848761700696,153692841,jfsrev,2025-09-10T02:10:59.000Z,"This week’s 18 beaten-down stocks — potential long-term cup-and-handle setups with positive institutional accumulation over the past 3 months

$AAOI $AIOT $BILL $BTBT $BTE $CGC $CIVI $GEVO $HPP $MXL $NWL $NXDR $OGN $RC $RCAT $SERV $ULCC $UNIT

PS: My screeners are now all build https://t.co/sZl21kwUxN https://t.co/zVoQfMaRuY",en,1965598848761700696,95,11,5,0,89,28668,https://x.com/jfsrev/status/1965598848761700696,0,0,"[{""id"": ""1947145787479331055"", ""type"": ""quoted""}]",2026-09-07 06:04:42
1965597653137563983,153692841,jfsrev,2025-09-10T02:06:14.000Z,"$BITF - Strongest $BLOK Mover, +24%, it got all the right ingredients 

Strong price action supported by high RVOL out of Cup and Handle Pattern, reclaiming 200-MA in the process. Playing out 2 months VARS during consolidation period below 3 x ATR% from 50-MA. https://t.co/f0WER8Br8G https://t.co/klLLdVJ0XS",en,1965597653137563983,26,2,1,1,15,13975,https://x.com/jfsrev/status/1965597653137563983,0,0,"[{""id"": ""1962450280391520598"", ""type"": ""quoted""}]",2026-09-07 06:04:42
1965569788719378517,153692841,jfsrev,2025-09-10T00:15:30.000Z,😍 https://t.co/ip5ohLpQYd,art,1965569788719378517,5,1,11,0,4,5486,https://x.com/jfsrev/status/1965569788719378517,0,0,"[{""id"": ""1965564098336407788"", ""type"": ""quoted""}]",2026-09-07 06:04:42
1965559225389883817,153692841,jfsrev,2025-09-09T23:33:32.000Z,this is huge https://t.co/eRLmn7Qfiv,en,1965559225389883817,84,3,2,0,25,18110,https://x.com/jfsrev/status/1965559225389883817,0,0,"[{""id"": ""1965529657539023203"", ""type"": ""quoted""}]",2026-09-07 06:04:42
1965411150969143532,153692841,jfsrev,2025-09-09T13:45:08.000Z,"try compare 4 charts instead

$BTCUSD
$ETHUSD
$XRPUSD
$SOLUSD

now tell me who have the VARS https://t.co/ok5IGglTIQ",en,1965411150969143532,7,0,12,1,11,16477,https://x.com/jfsrev/status/1965411150969143532,0,0,"[{""id"": ""1965323077094703557"", ""type"": ""quoted""}]",2026-09-07 06:04:42
1965410462952292815,153692841,jfsrev,2025-09-09T13:42:24.000Z,"$BABX - Update

Big move for 2 days. T+6 already https://t.co/CdNoUoHQUJ https://t.co/x04zk0g9DA",en,1965410462952292815,13,1,7,1,6,10819,https://x.com/jfsrev/status/1965410462952292815,0,0,"[{""id"": ""1961931440389833011"", ""type"": ""quoted""}]",2026-09-07 06:04:42
1965353486167793772,153692841,jfsrev,2025-09-09T09:56:00.000Z,thank you @SwinglyHQ https://t.co/w5LEfl4k2h,en,1965353486167793772,6,1,8,0,1,5887,https://x.com/jfsrev/status/1965353486167793772,0,0,"[{""id"": ""1965341962804064584"", ""type"": ""quoted""}]",2026-09-07 06:04:42
1965241268768055681,153692841,jfsrev,2025-09-09T02:30:05.000Z,"$LAC - Long Base with VARS and a month of tightening price action beneath 200-MA

Upgrading $LAC from watchlist to focus list https://t.co/kSFdMl4uiP https://t.co/DELxazCUqX",en,1965241268768055681,82,6,16,1,36,20772,https://x.com/jfsrev/status/1965241268768055681,0,0,"[{""id"": ""1965061652069728650"", ""type"": ""quoted""}]",2026-09-07 06:04:42
1965073488500375753,153692841,jfsrev,2025-09-08T15:23:23.000Z,you dont overstay a bad relationship/ marriage. same principle applies to stock holdings https://t.co/U11F7VyXOC,en,1965073488500375753,37,1,1,0,6,7537,https://x.com/jfsrev/status/1965073488500375753,0,0,"[{""id"": ""1965071459480662111"", ""type"": ""quoted""}]",2026-09-07 06:04:42
1964961134798328200,153692841,jfsrev,2025-09-08T07:56:56.000Z,"more is updated today with all key discussions and hyperlinks. it will take time to complete this project, but I'll build it daily. you can give me feedback on further organisations if required 

https://t.co/T4aTMruROA https://t.co/UAqYVEJO3M https://t.co/RbYhcxEn9n",en,1964961134798328200,276,30,2,3,271,67446,https://x.com/jfsrev/status/1964961134798328200,0,0,"[{""id"": ""1964628585341497535"", ""type"": ""quoted""}]",2026-09-07 06:04:42
1964628585341497535,153692841,jfsrev,2025-09-07T09:55:30.000Z,"I’ve started building the post today. It’ll be a long work in progress as I’ll need time to organize all the chapters and sub-chapters, but the access link is below.

https://t.co/T4aTMruROA https://t.co/1bmyctWWun",en,1964628585341497535,188,15,2,4,164,162531,https://x.com/jfsrev/status/1964628585341497535,0,0,"[{""id"": ""1962708407116537859"", ""type"": ""quoted""}]",2026-09-07 06:04:42
1964596680919310589,153692841,jfsrev,2025-09-07T07:48:43.000Z,"thank you ekalavya, already building the page and will post link once it's ready. https://t.co/kBWlvvytgK",en,1964596680919310589,13,1,2,0,2,7350,https://x.com/jfsrev/status/1964596680919310589,0,0,"[{""id"": ""1964568966480998525"", ""type"": ""quoted""}]",2026-09-07 06:04:42
1964512257918062970,153692841,jfsrev,2025-09-07T02:13:15.000Z,"16 Hot/Theme Stocks Categorized by Industry Group, with Net Positive Institutional Transactions to Watchlist For Coming Week. 

$BKSY $SEDG $PGY $SOUN $REAL $LMND $BBAI $TEM $EOSE $UPST $AAOI $ASTS $WULF $RIOT $CIFR $ULCC

PS: My screeners are now all build on @FINVIZ_com https://t.co/XYHZlSFg82 https://t.co/zPJAnJ0WW0",en,1964512257918062970,113,13,2,1,103,30830,https://x.com/jfsrev/status/1964512257918062970,0,0,"[{""id"": ""1789602959782977668"", ""type"": ""quoted""}]",2026-09-07 06:04:42
1964234400637288671,153692841,jfsrev,2025-09-06T07:49:09.000Z,"fully agree

relative strength always precedes setup

$IWM $GLD $BABA $GOOGL $OPEN $OPAD https://t.co/xxzdLIQORX",en,1964234400637288671,203,28,8,1,171,24856,https://x.com/jfsrev/status/1964234400637288671,0,0,"[{""id"": ""1960299515837030531"", ""type"": ""quoted""}]",2026-09-07 06:04:42
1964193745605448078,153692841,jfsrev,2025-09-06T05:07:36.000Z,"Can anyone connect me with a local property agent in Brighton, UK?",en,1964193745605448078,10,1,2,2,0,7638,https://x.com/jfsrev/status/1964193745605448078,0,0,,2026-09-07 06:04:42
1964135439557939551,153692841,jfsrev,2025-09-06T01:15:55.000Z,"$OIH Oil Services (Small Cap) reclaiming the 200-MA. Names like $BTE, $CIVIC, $MUR, $XPRO showing similar setups on RS are moving from my watchlist to focus list. https://t.co/8MYch6Prko",en,1964135439557939551,51,6,5,2,40,15152,https://x.com/jfsrev/status/1964135439557939551,0,0,,2026-09-07 06:04:42
1964130023751004326,153692841,jfsrev,2025-09-06T00:54:24.000Z,"This week net positive institutional transaction in last 3 months are found in this 24 standout growth stock. I have tightened the parameter to avg vol 5M to keep the results within 25 liquid names.

$AFRM $AG $ALAB $BMNR $CDE $EOSE $GTLB $HIMS $IONQ $IREN $LCID $PLTR $QBTS $QXO https://t.co/04HD6sa4tN https://t.co/dqX3G256ev",en,1964130023751004326,187,23,1,1,168,39956,https://x.com/jfsrev/status/1964130023751004326,0,0,"[{""id"": ""1796806706028302775"", ""type"": ""quoted""}]",2026-09-07 06:04:42
1964118117241794866,153692841,jfsrev,2025-09-06T00:07:05.000Z,"you can refer to chapter 31 below

https://t.co/fO8QZWApPr https://t.co/XFFngNmhdX",en,1964118117241794866,4,1,10,0,13,6868,https://x.com/jfsrev/status/1964118117241794866,0,0,"[{""id"": ""1964035135659266344"", ""type"": ""quoted""}]",2026-09-07 06:04:42
1963988369009971245,153692841,jfsrev,2025-09-05T15:31:30.000Z,💯 https://t.co/e8WFuN4tRi,art,1963988369009971245,6,2,13,0,3,6232,https://x.com/jfsrev/status/1963988369009971245,0,0,"[{""id"": ""1963977975356895422"", ""type"": ""quoted""}]",2026-09-07 06:04:42
1963969536409129203,153692841,jfsrev,2025-09-05T14:16:40.000Z,"sort the RVOL at open everyday and u will get it 

https://t.co/v7AMFI8jCI https://t.co/fdHJlbF5UU https://t.co/POpisoR9OX",en,1963969536409129203,35,3,1,0,38,7675,https://x.com/jfsrev/status/1963969536409129203,0,0,"[{""id"": ""1963968727675699574"", ""type"": ""quoted""}]",2026-09-07 06:04:42
1963967942925988219,153692841,jfsrev,2025-09-05T14:10:21.000Z,"$BROS $TSLA – 30 minutes after the open

I am keen with $TSLA via $TSLL re-ORH if it happens. It is about 50% LoD ATR. https://t.co/etpyvccRJS https://t.co/C3EQht2JYt",en,1963967942925988219,20,5,6,0,13,8061,https://x.com/jfsrev/status/1963967942925988219,0,0,"[{""id"": ""1963451002134380791"", ""type"": ""quoted""}]",2026-09-07 06:04:42
1963908967710556259,153692841,jfsrev,2025-09-05T10:16:00.000Z,"thank you @LoneStockTrader , you are one of my best follow over the years in twitter https://t.co/N1R6EY1NmE",en,1963908967710556259,17,1,5,0,5,5790,https://x.com/jfsrev/status/1963908967710556259,0,0,"[{""id"": ""1963906932277903513"", ""type"": ""quoted""}]",2026-09-07 06:04:42
1963828882420740477,153692841,jfsrev,2025-09-05T04:57:46.000Z,thank you for being involved in most of those discussions! you are really an underrated follow in this space. https://t.co/kjuNAMh1Nb,en,1963828882420740477,10,1,0,0,2,7090,https://x.com/jfsrev/status/1963828882420740477,0,0,"[{""id"": ""1963824181230944316"", ""type"": ""quoted""}]",2026-09-07 06:04:42
1963827447390171356,153692841,jfsrev,2025-09-05T04:52:04.000Z,"thank you @SPTX806. you are a great follow yourself, i like your charts https://t.co/t0A2sTbgKR",en,1963827447390171356,6,1,1,0,1,6209,https://x.com/jfsrev/status/1963827447390171356,0,0,"[{""id"": ""1963825801729576987"", ""type"": ""quoted""}]",2026-09-07 06:04:42
1963800993357021616,153692841,jfsrev,2025-09-05T03:06:57.000Z,"👍🏻 

more new features coming https://t.co/F6fPn1sHQI",en,1963800993357021616,7,1,0,0,1,5891,https://x.com/jfsrev/status/1963800993357021616,0,0,"[{""id"": ""1963800737210929607"", ""type"": ""quoted""}]",2026-09-07 06:04:42
1963792969192046678,153692841,jfsrev,2025-09-05T02:35:04.000Z,"This has become one of my favorite new features on @FINVIZ_com. It’s similar to the 13-F filing by 'Superinvestor' function on Dataroma I’ve recommended before, but Finviz presents the data in a more holistic way.

''Billionaire Stanley Druckenmiller Sold His Entire Stake in https://t.co/TAZpKkNTjS",en,1963792969192046678,80,6,1,1,70,12457,https://x.com/jfsrev/status/1963792969192046678,0,0,,2026-09-07 06:04:42
1963790986389459298,153692841,jfsrev,2025-09-05T02:27:11.000Z,"This has become one of my favorite new features on @FINVIZ_com. It’s similar to the 13-F filing by 'Superinvestor' function on Dataroma I’ve recommended before, but Finviz presents the data in a more holistic way.

''Billionaire Stanley Druckenmiller Sold His Entire Stake in https://t.co/FtIqE5eBpL",en,1963790986389459298,4,0,0,0,4,1179,https://x.com/jfsrev/status/1963790986389459298,0,0,,2026-09-07 06:04:42
1963487552075436142,153692841,jfsrev,2025-09-04T06:21:26.000Z,"read chapters 22, 30, and 31 in my pinned thread. 

https://t.co/SnRME6ZMgy https://t.co/Iy3o1dCKPZ",en,1963487552075436142,47,5,7,0,80,15737,https://x.com/jfsrev/status/1963487552075436142,0,0,"[{""id"": ""1963486348385411517"", ""type"": ""quoted""}]",2026-09-07 06:04:42
1963486055493259402,153692841,jfsrev,2025-09-04T06:15:30.000Z,"Screening criteria can be relaxed over time, but execution rules should only become stricter.

You can only ease your screening criteria once you’ve strengthened your discipline to obey stricter execution rules.

All of this requires time and data to give you conviction.",en,1963486055493259402,86,4,6,0,19,9395,https://x.com/jfsrev/status/1963486055493259402,0,0,,2026-09-07 06:04:42
1963455604468687339,153692841,jfsrev,2025-09-04T04:14:30.000Z,"if @Qullamaggie is disciplined on his sell rules for $OPEN, I'll be disciplined on my sell rules to $OPAD.

Be disciplined to your own sell rules, and it helps if it's a non-discretionary one.

https://t.co/Y5mtnvOVyq https://t.co/2Qbip0bSQN https://t.co/7Elk5tXILy",en,1963455604468687339,30,2,5,0,20,15555,https://x.com/jfsrev/status/1963455604468687339,0,0,"[{""id"": ""1963452120830808350"", ""type"": ""quoted""}]",2026-09-07 06:04:42
1963443551779594671,153692841,jfsrev,2025-09-04T03:26:36.000Z,"$RDDT (Liquid) — 2 of my 4 straightforward live-market execution rules kept me from getting caught in yesterday’s false move.

You should know them by now. Be a sniper, not a machine gun. https://t.co/Ud8OevMBMc",en,1963443551779594671,167,5,7,0,128,30382,https://x.com/jfsrev/status/1963443551779594671,0,0,,2026-09-07 06:04:42
1963443383751643288,153692841,jfsrev,2025-09-04T03:25:56.000Z,"$RDDT (Liquid) — 2 of my 4 straightforward live-market execution rules kept me from getting caught in yesterday’s false move.

You should know them by now. https://t.co/Adhywv79cJ",en,1963443383751643288,0,0,0,0,0,481,https://x.com/jfsrev/status/1963443383751643288,0,0,,2026-09-07 06:04:42
1963426319301046307,153692841,jfsrev,2025-09-04T02:18:07.000Z,"If you are also invested for income, which dividend-paying company or ETF is your favorite, and has consistently delivered growth in distributions (dividend) for you?",en,1963426319301046307,14,1,19,0,8,6802,https://x.com/jfsrev/status/1963426319301046307,0,0,,2026-09-07 06:04:42
