name,description,exchange,industry,close,SMA10,SMA20,SMA30,SMA50,SMA100,SMA150,SMA200,EMA10,EMA21,high,low,ADRP,ATRP,atr_abs,average_volume_10d_calc,average_volume_30d_calc,dollar_volume_30d,average_dollar_volume_30d,rvol,gap_pct,market_cap_basic,Perf.1M,perf_1m_rank,Perf.3M,perf_3m_rank,Perf.6M,perf_6m_rank,momentum_score,atr_extension_from_50d,sma20_distance_pct,ema21_atr_dist,day_range_atr,lod_atr_pct,bb_width,ma_spread_pct,above_all_mas,ma_aligned,ema_aligned,above_sma200,near_sma20,near_ema,range_tight,adr_tight,bb_tight,plan_tight,wide_day,lod_ok,rvol_ok,rvol_pass,rvol_expand,ma_coiled,earnings_date,earnings_soon,large_gap,hard_rule_passes,hard_rule_fails,tightness_flags,focus_score,tradingview_url,is_top_1m,is_top_3m,is_top_6m
XHLD,"TEN Holdings, Inc.",NASDAQ,Miscellaneous Commercial Services,10.46,10.13,9.49,8.33,5.69,3.57,2.88,2.64,9.87,9.0,10.54,9.65,14.2,13.24,1.38,4348415.2,5561563.5,58173954.0,46338020.0,0.68,-0.3,125284063.21951221,37.63,10,720.39,2,623.88,1,460.63,6.34,10.23,1.23,0.64,58.5,0.429,71.55,True,True,True,True,False,True,True,True,False,True,False,True,False,False,False,False,2026-11-16,False,False,4,">4x 50-MA, thin RVOL","EMA, near21, ADR",9,https://www.tradingview.com/chart/?symbol=NASDAQ:XHLD&interval=D,True,True,True
USDE,StablecoinX Inc.,NASDAQ,Packaged Software,12.6,7.9,7.68,6.21,4.45,6.67,8.52,9.74,8.52,7.35,13.79,12.2,10.46,12.55,1.58,5847299.6,8155130.033333333,102754638.0,50680056.0,2.04,28.07,342557812.404318,150.0,1,1147.52,1,17.21,195,438.24,14.59,64.07,5.69,1.01,25.3,0.809,41.96,True,True,True,True,False,False,False,False,False,False,True,True,True,True,True,False,,False,True,4,">4x 50-MA, large gap","EMA, RVOL",6,https://www.tradingview.com/chart/?symbol=NASDAQ:USDE&interval=D,True,True,False
QMCO,Quantum Corporation,NASDAQ,Computer Peripherals,26.1,24.14,23.73,23.05,18.21,14.53,11.61,10.52,24.37,23.17,26.5,25.06,6.39,6.89,1.8,1109868.7,2015758.6,52611299.0,46464580.0,0.99,3.69,1028601002.0805104,25.48,29,95.21,13,387.85,2,169.51,6.29,9.98,1.84,0.8,57.9,0.181,52.15,True,True,True,True,False,False,True,False,False,False,False,True,False,False,False,False,2026-11-13,False,True,3,">4x 50-MA, thin RVOL, large gap",EMA,7,https://www.tradingview.com/chart/?symbol=NASDAQ:QMCO&interval=D,False,True,True
MXL,"MaxLinear, Inc",NASDAQ,Semiconductors,85.98,72.54,67.13,69.05,71.33,80.68,60.99,50.34,73.69,70.82,88.98,83.1,5.37,7.15,6.15,2983996.9,2446958.5,210389492.0,168962484.0,1.49,2.97,7797800215.673817,27.79,22,1.25,200,377.67,3,135.57,2.87,28.09,2.99,0.96,46.8,0.433,35.29,True,True,True,True,False,False,True,False,False,False,False,True,False,False,True,False,2026-10-28,False,True,4,"thin RVOL, large gap","EMA, RVOL",7,https://www.tradingview.com/chart/?symbol=NASDAQ:MXL&interval=D,True,False,True
LIFE,Ethos Technologies Inc.,NASDAQ,Packaged Software,36.49,38.79,38.3,36.8,30.62,25.05,20.97,,37.79,36.91,37.03,35.2,7.03,7.18,2.62,1880867.9,1512120.6,55177281.0,55650070.0,0.55,0.94,2326558821.8175,7.64,99,136.64,3,259.51,6,134.6,2.67,-4.74,0.16,0.7,49.3,0.183,48.85,False,False,False,False,False,True,True,True,False,True,False,True,False,False,False,False,2026-12-02,False,False,4,"thin RVOL, below 200-MA","near21, ADR",5,https://www.tradingview.com/chart/?symbol=NASDAQ:LIFE&interval=D,False,True,True
ASST,"Strive, Inc.",NASDAQ,Financial Conglomerates,30.33,28.11,25.75,21.75,17.88,16.52,14.56,15.04,27.96,25.12,31.95,28.83,6.5,6.5,1.97,10667209.8,9453707.7,286730955.0,205613416.0,1.8,5.15,2896186923.9481554,71.74,3,113.59,5,197.06,11,127.47,10.7,17.77,3.19,1.58,76.0,0.463,44.66,True,True,True,True,False,False,False,False,False,False,True,False,True,True,True,False,2026-11-13,False,True,3,"LoD>60% ATR, >4x 50-MA, large gap","EMA, RVOL",5,https://www.tradingview.com/chart/?symbol=NASDAQ:ASST&interval=D,True,True,True
APPS,"Digital Turbine, Inc.",NASDAQ,Packaged Software,12.05,11.36,11.03,11.42,10.67,9.21,7.32,6.74,11.26,11.17,12.24,10.75,6.22,6.94,0.84,2709909.3,2731165.433333333,32910543.0,31201289.0,1.36,0.98,1458245798.935272,12.51,66,32.56,78,302.34,4,115.8,1.87,9.22,1.13,1.78,155.4,0.203,38.36,True,True,True,True,False,True,False,False,False,True,True,False,False,False,True,False,2026-11-11,False,False,4,"LoD>60% ATR, thin RVOL","EMA, near21, RVOL",6,https://www.tradingview.com/chart/?symbol=NASDAQ:APPS&interval=D,False,False,True
SDGR,"Schrodinger, Inc.",NASDAQ,Packaged Software,30.24,23.45,21.74,20.7,18.71,16.55,15.03,15.42,25.02,22.51,31.03,29.0,5.95,5.35,1.62,2855838.5,1648243.2666666666,49842876.0,34126877.0,1.09,1.41,2262122188.052377,52.53,6,101.87,7,158.02,17,104.14,11.52,39.09,6.42,1.25,76.6,0.669,27.83,True,True,True,True,False,False,False,False,False,False,True,False,False,False,False,False,2026-11-11,False,False,3,"LoD>60% ATR, >4x 50-MA, thin RVOL",EMA,5,https://www.tradingview.com/chart/?symbol=NASDAQ:SDGR&interval=D,True,True,True
DELL,Dell Technologies Inc.,NYSE,Computer Processing Hardware,575.31,551.59,510.33,494.61,465.54,405.13,324.9,274.68,550.12,520.89,592.44,567.38,5.83,5.68,32.65,9526452.7,8722469.733333332,5018124062.0,4314185865.0,0.78,3.29,365789436820.08856,30.95,17,45.65,57,223.64,9,100.08,4.15,12.73,1.84,0.77,24.3,0.389,48.13,True,True,True,True,False,False,True,True,False,True,False,True,False,True,False,False,2026-12-01,False,True,4,">4x 50-MA, large gap","EMA, ADR",8,https://www.tradingview.com/chart/?symbol=NYSE:DELL&interval=D,True,False,True
BLZE,"Backblaze, Inc.",NASDAQ,Computer Peripherals,13.6,13.13,13.72,15.29,15.01,12.21,9.41,8.24,13.38,13.95,13.82,13.11,5.34,7.1,0.97,1773639.7,2466442.8,33543622.0,37704100.0,0.84,1.52,841840011.367781,-16.1,377,31.91,81,275.69,5,97.17,-1.33,-0.85,0.35,0.73,50.8,0.267,49.85,False,False,False,True,True,True,True,False,False,True,False,True,False,False,False,False,2026-11-11,False,False,5,thin RVOL,near21,6,https://www.tradingview.com/chart/?symbol=NASDAQ:BLZE&interval=D,False,False,True
GPRO,"GoPro, Inc.",NASDAQ,Electronics/Appliances,1.3,1.35,1.17,0.99,0.88,0.94,0.92,1.04,1.3,1.18,1.38,1.29,18.96,12.66,0.16,36449332.4,64927128.666666664,84405267.0,64159041.0,0.24,-1.15,243285539.77099234,106.58,2,75.65,23,94.03,56,92.09,3.81,10.94,0.78,0.55,6.1,1.247,36.67,False,False,False,True,False,True,True,True,False,True,False,True,False,False,False,False,2026-11-05,False,False,5,thin RVOL,"near21, ADR",6,https://www.tradingview.com/chart/?symbol=NASDAQ:GPRO&interval=D,True,True,False
CORT,Corcept Therapeutics Incorporated,NASDAQ,Pharmaceuticals: Major,113.76,113.07,114.49,115.02,108.6,89.8,72.77,68.56,112.95,113.03,116.65,109.0,4.65,4.49,5.11,2640542.3,1420130.6666666667,161554065.0,163342009.0,0.52,0.0,12297273665.278084,-6.35,248,42.15,64,233.12,7,89.64,1.06,-0.63,0.14,1.5,93.2,0.129,40.37,False,False,False,True,True,True,False,False,False,True,True,False,False,True,False,False,2026-11-04,False,False,5,LoD>60% ATR,near21,4,https://www.tradingview.com/chart/?symbol=NASDAQ:CORT&interval=D,False,False,True
OKTA,"Okta, Inc.",NASDAQ,Packaged Software,191.33,180.67,169.27,161.13,153.97,131.39,112.92,106.88,181.42,171.64,192.22,180.55,4.74,4.97,9.5,4075978.0,3964313.2,758492045.0,638771768.0,0.94,0.84,33448454206.085045,40.97,8,65.7,31,145.48,25,84.05,4.88,13.03,2.31,1.23,113.4,0.425,38.57,True,True,True,True,False,False,False,False,False,False,True,False,False,True,False,False,2026-12-08,False,False,4,"LoD>60% ATR, >4x 50-MA",EMA,5,https://www.tradingview.com/chart/?symbol=NASDAQ:OKTA&interval=D,True,False,False
FIVN,"Five9, Inc.",NASDAQ,Packaged Software,37.01,32.53,33.03,32.93,30.39,26.21,22.86,21.93,33.52,32.78,37.13,32.8,5.09,5.43,2.01,2419502.9,1991980.4666666666,73723197.0,65586953.0,1.84,1.63,2765518083.4086847,14.87,56,97.6,10,139.55,29,84.0,4.02,12.06,2.38,2.15,209.4,0.2,29.98,True,True,True,True,False,False,False,False,False,False,True,False,True,True,True,False,2026-11-09,False,False,4,"LoD>60% ATR, >4x 50-MA","EMA, RVOL",5,https://www.tradingview.com/chart/?symbol=NASDAQ:FIVN&interval=D,False,True,False
RNG,"RingCentral, Inc.",NYSE,Packaged Software,77.3,72.0,70.97,69.0,61.27,51.15,46.61,42.05,72.87,70.3,77.71,72.67,4.3,4.36,3.37,1488803.0,1447191.6666666667,111867916.0,99850919.0,0.99,1.13,6455026506.200947,18.45,41,120.98,4,108.64,46,82.69,6.0,8.92,2.28,1.49,137.3,0.175,38.75,True,True,True,True,False,False,False,False,False,False,True,False,False,False,False,False,2026-11-09,False,False,3,"LoD>60% ATR, >4x 50-MA, thin RVOL",EMA,5,https://www.tradingview.com/chart/?symbol=NYSE:RNG&interval=D,False,True,False
BAND,Bandwidth Inc.,NASDAQ,Packaged Software,54.31,50.4,49.12,50.01,52.76,55.1,42.53,35.47,50.63,50.21,54.93,49.84,7.85,7.81,4.24,994429.1,806167.5333333333,43782959.0,40318454.0,0.68,0.56,1747738539.7967353,11.18,76,9.12,164,226.38,8,82.23,0.38,10.57,1.04,1.2,105.3,0.253,36.15,False,True,True,True,False,True,False,False,False,True,True,False,False,False,False,False,2026-10-29,False,False,4,"LoD>60% ATR, thin RVOL","EMA, near21",5,https://www.tradingview.com/chart/?symbol=NASDAQ:BAND&interval=D,False,False,True
GTLB,GitLab Inc.,NASDAQ,Packaged Software,49.79,48.42,46.96,45.24,40.63,34.23,30.52,31.9,48.63,46.67,50.16,49.1,4.36,4.36,2.17,3893562.2,5350903.2,266421470.0,242076644.0,0.58,0.3,8295760773.135488,17.85,46,90.84,15,134.86,31,81.18,5.16,6.02,1.53,0.49,31.8,0.237,35.94,True,True,True,True,False,False,True,True,False,True,False,True,False,False,False,False,2026-12-07,False,False,4,">4x 50-MA, thin RVOL","EMA, ADR",8,https://www.tradingview.com/chart/?symbol=NASDAQ:GTLB&interval=D,False,True,False
AMC,"AMC Entertainment Holdings, Inc.",NYSE,Movies/Entertainment,2.89,2.59,2.61,2.57,2.5,2.16,1.86,1.81,2.65,2.6,3.0,2.67,5.45,5.93,0.17,29450102.800000034,22762306.166666668,65783065.0,58392903.0,1.85,1.85,2579627380.7000003,14.68,57,36.97,73,189.0,12,80.22,2.6,10.9,1.89,1.93,128.4,0.171,27.51,True,True,True,True,False,False,False,False,False,False,True,False,True,True,True,False,2026-11-11,False,False,5,LoD>60% ATR,"EMA, RVOL",5,https://www.tradingview.com/chart/?symbol=NYSE:AMC&interval=D,False,False,True
NTSK,"Netskope, Inc.",NASDAQ,Packaged Software,18.4,16.35,15.33,15.29,14.36,12.54,11.65,12.93,16.68,15.76,18.42,17.45,6.02,5.59,1.03,8570198.6,6319382.833333333,116276644.0,96642322.0,0.97,0.51,7518014015.597485,27.34,24,107.21,6,106.05,48,80.2,5.04,20.05,2.99,0.94,92.4,0.392,25.51,True,True,True,True,False,False,True,False,False,False,False,False,False,False,False,False,2026-12-11,False,False,3,"LoD>60% ATR, >4x 50-MA, thin RVOL",EMA,6,https://www.tradingview.com/chart/?symbol=NASDAQ:NTSK&interval=D,False,True,False
NEO,"NeoGenomics, Inc.",NASDAQ,Medical/Nursing Services,19.41,18.56,18.02,17.49,16.41,13.66,11.97,12.02,18.8,18.05,20.05,19.28,4.02,4.15,0.8,1826542.7,1759244.9,34146944.0,30763036.0,0.81,0.05,2493708141.8272223,16.93,47,74.24,24,143.23,27,78.13,4.4,7.7,1.82,0.96,16.1,0.211,33.97,True,True,True,True,False,False,True,False,False,False,False,True,False,False,False,False,2026-11-10,False,False,4,">4x 50-MA, thin RVOL",EMA,7,https://www.tradingview.com/chart/?symbol=NASDAQ:NEO&interval=D,False,False,False
PURR,Hyperliquid Strategies Inc,NASDAQ,Financial Conglomerates,13.55,12.15,12.0,10.59,9.03,8.55,7.46,6.56,12.43,11.54,14.76,13.49,7.92,8.68,1.18,26127973.4,25196357.233333334,341410641.0,266867218.0,1.33,3.97,3223806292.8530874,28.8,21,57.56,45,146.36,22,77.57,5.76,12.95,2.0,1.08,5.1,0.279,41.29,True,True,True,True,False,False,False,False,False,False,True,True,False,False,True,False,2026-12-02,False,True,3,">4x 50-MA, thin RVOL, large gap","EMA, RVOL",6,https://www.tradingview.com/chart/?symbol=NASDAQ:PURR&interval=D,True,False,True
GRAL,"GRAIL, Inc.",NASDAQ,Medical Specialties,107.97,80.56,80.37,77.84,74.68,69.07,63.78,72.29,83.56,80.13,111.5,92.0,4.54,5.87,6.34,1487400.0,926696.7,100055443.0,72132836.0,2.99,16.06,4822612983.968677,36.88,11,79.95,19,114.65,41,77.16,7.59,34.33,5.91,3.08,251.8,0.333,15.54,True,True,True,True,False,False,False,False,False,False,True,False,True,True,True,False,2026-11-18,False,True,3,"LoD>60% ATR, >4x 50-MA, large gap","EMA, RVOL",5,https://www.tradingview.com/chart/?symbol=NASDAQ:GRAL&interval=D,True,True,False
CRWD,"CrowdStrike Holdings, Inc.",NASDAQ,Packaged Software,249.35,228.53,218.73,216.55,208.33,185.77,158.13,147.57,232.92,223.1,250.31,230.85,5.05,5.34,13.32,12751145.2,11150574.266666668,2780395693.0,2414682875.0,1.09,-2.54,255318139426.4117,30.59,20,49.09,52,149.99,21,76.55,3.68,14.0,2.2,1.46,138.8,0.345,32.47,True,True,True,True,False,False,False,False,False,False,True,False,False,True,False,False,2026-12-01,False,True,4,"LoD>60% ATR, large gap",EMA,5,https://www.tradingview.com/chart/?symbol=NASDAQ:CRWD&interval=D,True,False,True
AMLX,"Amylyx Pharmaceuticals, Inc.",NASDAQ,Pharmaceuticals: Major,32.39,32.82,34.14,32.34,27.17,21.25,19.22,17.79,32.99,32.4,33.16,31.9,4.72,5.73,1.86,1571067.8,2980442.966666667,96536548.0,96376597.0,0.65,0.43,4065367549.0867023,-18.61,400,101.74,8,132.35,34,71.83,3.35,-5.14,0.01,0.68,26.4,0.218,50.49,False,False,False,True,False,True,True,False,False,True,False,True,False,False,False,False,2026-11-05,False,False,5,thin RVOL,near21,5,https://www.tradingview.com/chart/?symbol=NASDAQ:AMLX&interval=D,False,True,False
CVI,CVR Energy Inc.,NYSE,Oil Refining/Marketing,53.15,50.69,46.01,42.59,39.08,35.32,33.28,31.44,50.6,46.67,55.19,52.7,4.77,4.64,2.46,1339300.9,1072415.7333333334,56998896.0,45671684.0,0.91,-0.93,5343201333.573292,46.9,7,101.33,9,63.19,94,70.47,7.76,15.53,2.99,1.01,18.3,0.46,36.22,True,True,True,True,False,False,False,False,False,False,True,True,False,False,False,False,2026-11-02,False,False,4,">4x 50-MA, thin RVOL",EMA,6,https://www.tradingview.com/chart/?symbol=NYSE:CVI&interval=D,True,True,False
RBRK,"Rubrik, Inc.",NYSE,Information Technology Services,112.96,99.22,96.68,97.71,89.87,80.18,70.69,70.46,102.34,98.12,113.16,106.0,4.9,5.43,6.13,3550758.2,3808126.1666666665,430165932.0,372105971.0,0.97,0.81,23417108406.131012,16.31,49,60.39,38,131.19,35,69.3,4.73,16.84,2.79,1.17,113.4,0.321,25.47,True,True,True,True,False,False,False,False,False,False,True,False,False,True,False,False,2026-12-03,False,False,4,"LoD>60% ATR, >4x 50-MA",EMA,5,https://www.tradingview.com/chart/?symbol=NYSE:RBRK&interval=D,False,False,False
ETON,"Eton Pharmaceuticals, Inc.",NASDAQ,Pharmaceuticals: Major,55.31,56.99,59.18,57.35,51.77,41.91,35.12,30.31,56.87,56.85,56.74,53.6,4.69,5.25,2.9,414897.9,610722.3333333334,33779052.0,35027470.0,0.77,0.0,1580933230.2353153,-7.45,266,71.03,26,143.55,26,69.04,1.3,-6.54,0.52,1.08,58.9,0.183,52.19,False,False,False,True,False,True,False,False,False,True,True,True,False,False,False,False,2026-11-05,False,False,5,thin RVOL,near21,4,https://www.tradingview.com/chart/?symbol=NASDAQ:ETON&interval=D,False,False,False
HPE,Hewlett Packard Enterprise Company,NYSE,Computer Processing Hardware,61.75,58.38,55.65,55.74,52.73,46.93,39.14,35.12,58.38,56.49,63.86,60.3,5.96,5.87,3.62,26787568.8,23185868.26666669,1431727365.0,1292310740.0,0.74,3.11,81970944299.15651,15.85,53,33.51,77,153.18,19,67.51,2.91,10.97,1.59,0.98,40.0,0.248,37.66,True,True,True,True,False,False,True,False,False,False,False,True,False,True,False,False,2026-12-03,False,True,5,large gap,EMA,7,https://www.tradingview.com/chart/?symbol=NYSE:HPE&interval=D,False,False,True
PENG,"Penguin Solutions, Inc.",NASDAQ,Semiconductors,54.91,50.52,50.24,52.63,54.9,55.88,44.26,38.19,51.24,51.55,55.58,54.04,4.04,6.12,3.36,1339158.0,1473867.5,80930064.0,77567190.0,1.02,2.05,2813736543.677298,5.98,116,-10.87,270,202.53,10,65.88,0.0,9.3,1.06,0.46,25.9,0.174,32.22,False,True,False,True,False,True,True,True,False,True,False,True,False,False,False,False,2026-10-06,False,True,4,"thin RVOL, large gap","near21, ADR",7,https://www.tradingview.com/chart/?symbol=NASDAQ:PENG&interval=D,False,False,True
AMBQ,"Ambiq Micro, Inc.",NYSE,Semiconductors,71.09,62.68,60.28,61.2,64.94,69.02,55.82,49.54,63.24,62.25,71.26,65.5,4.58,5.62,3.99,743023.7,533321.2333333333,37913806.0,32640504.0,1.17,1.13,1719278638.653682,21.25,36,-13.36,285,177.37,13,61.75,1.69,17.94,2.53,1.44,140.0,0.234,27.41,True,True,True,True,False,False,False,False,False,False,True,False,False,False,False,False,2026-11-05,False,False,4,"LoD>60% ATR, thin RVOL",EMA,5,https://www.tradingview.com/chart/?symbol=NYSE:AMBQ&interval=D,False,False,True
TWLO,Twilio Inc.,NYSE,Packaged Software,266.06,238.06,234.96,235.58,221.47,209.85,182.2,168.91,242.58,236.03,266.48,244.14,4.1,4.41,11.73,2043811.1,2070819.2333333334,550962165.0,487834621.0,1.6,1.35,40860223970.69488,21.27,35,46.39,55,113.5,45,60.39,4.57,13.24,2.89,1.9,186.8,0.169,25.99,True,True,True,True,False,False,False,False,False,False,True,False,True,True,True,False,2026-10-29,False,False,4,"LoD>60% ATR, >4x 50-MA","EMA, RVOL",5,https://www.tradingview.com/chart/?symbol=NYSE:TWLO&interval=D,False,False,False
VRNS,"Varonis Systems, Inc.",NASDAQ,Packaged Software,48.46,46.77,45.26,44.46,44.49,39.09,33.86,33.32,46.9,45.74,48.79,47.02,4.19,4.09,1.98,2046507.399999998,1730907.733333334,83871134.0,76950100.0,0.86,-0.04,5565564780.70616,18.36,43,45.6,58,115.36,40,59.77,2.18,7.06,1.45,0.89,72.3,0.202,27.76,True,True,True,True,False,True,True,False,False,True,False,False,False,False,False,False,2026-11-02,False,False,4,"LoD>60% ATR, thin RVOL","EMA, near21",7,https://www.tradingview.com/chart/?symbol=NASDAQ:VRNS&interval=D,False,False,False
HNGE,"Hinge Health, Inc.",NYSE,Packaged Software,94.45,92.58,91.7,90.51,86.74,75.38,64.22,59.09,93.05,91.31,95.82,92.92,4.15,4.46,4.21,2133478.9,1871587.6333333333,176771452.0,169401140.0,0.53,0.19,7621588024.734457,10.21,80,38.8,72,129.36,36,59.45,1.99,3.0,0.77,0.69,36.3,0.096,35.46,True,True,True,True,False,True,True,True,True,True,False,True,False,False,False,False,2026-11-03,False,False,5,thin RVOL,"EMA, near21, ADR, BB",10,https://www.tradingview.com/chart/?symbol=NYSE:HNGE&interval=D,False,False,False
ALAB,"Astera Labs, Inc.",NASDAQ,Semiconductors,340.74,288.15,288.49,295.01,303.93,314.55,255.22,232.18,294.78,294.01,343.0,308.34,5.44,6.83,23.27,4489111.4,3757592.9,1280362205.0,1108522471.0,1.35,1.96,59113315503.28521,15.98,52,-14.69,298,173.34,15,58.21,1.77,18.11,2.33,1.49,139.3,0.261,24.17,True,True,True,True,False,False,False,False,False,False,True,False,False,True,True,False,2026-11-10,False,False,5,LoD>60% ATR,"EMA, RVOL",5,https://www.tradingview.com/chart/?symbol=NASDAQ:ALAB&interval=D,False,False,True
SNDK,Sandisk Corporation,NASDAQ,Computer Peripherals,1766.64,1660.38,1599.95,1573.32,1501.22,1594.73,1307.21,1076.04,1655.79,1612.2,1834.49,1737.01,5.09,6.52,115.21,9943951.0,12173346.366666667,21505920625.0,19152583508.0,0.99,1.91,258669665620.6748,10.08,82,-12.01,279,171.37,16,56.48,2.71,10.42,1.47,0.85,25.7,0.265,33.08,True,True,True,True,False,True,True,False,False,True,False,True,False,True,False,False,2026-11-05,False,False,6,,"EMA, near21",8,https://www.tradingview.com/chart/?symbol=NASDAQ:SNDK&interval=D,False,False,True
SMTC,Semtech Corporation,NASDAQ,Semiconductors,177.37,165.9,150.21,144.81,137.67,141.39,123.52,112.3,165.59,154.82,190.64,176.05,5.84,6.7,11.88,3850816.0,3395471.466666667,602254774.0,491704448.0,1.27,2.86,16553165672.891943,35.35,13,9.85,160,123.53,37,56.24,4.3,18.08,2.17,1.23,11.1,0.489,30.22,True,True,True,True,False,False,False,False,False,False,True,True,False,True,True,False,2026-12-02,False,True,4,">4x 50-MA, large gap","EMA, RVOL",6,https://www.tradingview.com/chart/?symbol=NASDAQ:SMTC&interval=D,True,False,False
PANW,"Palo Alto Networks, Inc.",NASDAQ,Packaged Software,371.76,357.63,354.94,361.73,353.7,310.39,261.03,241.49,362.72,358.46,374.56,357.59,4.75,5.08,18.9,6913428.300000009,6414294.0000000065,2384577937.0,2320255397.0,0.78,0.14,304099668768.87665,5.49,120,30.11,82,132.79,32,56.13,1.0,4.74,0.73,0.9,75.0,0.219,31.24,True,True,True,True,False,True,True,False,False,True,False,False,False,True,False,False,2026-11-12,False,False,5,LoD>60% ATR,"EMA, near21",7,https://www.tradingview.com/chart/?symbol=NASDAQ:PANW&interval=D,False,False,False
MRVL,"Marvell Technology, Inc.",NASDAQ,Semiconductors,257.38,233.61,228.49,227.59,216.38,223.92,184.23,159.24,235.84,230.01,261.18,244.98,4.03,5.7,14.68,19221338.2,22719822.533333335,5847627924.0,5170774117.0,1.12,2.93,225696528283.54938,1.98,157,-7.69,244,173.59,14,55.96,3.32,12.64,2.09,1.1,84.4,0.239,28.9,True,True,True,True,False,False,False,False,False,False,True,False,False,True,False,False,2026-11-26,False,True,4,"LoD>60% ATR, large gap",EMA,5,https://www.tradingview.com/chart/?symbol=NASDAQ:MRVL&interval=D,False,False,True
XMTR,"Xometry, Inc.",NASDAQ,Information Technology Services,99.53,90.67,90.96,90.4,90.95,87.75,73.23,70.44,92.89,91.37,100.72,96.84,4.06,4.59,4.57,865272.4,591749.5,58896828.0,53493070.0,1.21,1.87,5705415316.819716,18.22,44,11.97,150,136.24,30,55.48,2.06,9.42,1.95,0.85,58.9,0.192,20.61,True,True,True,True,False,False,True,False,False,False,False,True,False,False,True,False,2026-11-05,False,False,5,thin RVOL,"EMA, RVOL",7,https://www.tradingview.com/chart/?symbol=NASDAQ:XMTR&interval=D,False,False,False
DINO,HF Sinclair Corporation,NYSE,Oil Refining/Marketing,109.29,110.7,105.59,101.05,95.68,83.06,74.52,68.52,110.44,105.82,118.39,108.66,4.19,4.23,4.62,2865367.5,2567302.533333333,280580494.0,259416508.0,1.22,-1.59,19429996565.738567,16.27,51,68.14,28,79.46,72,54.62,3.37,3.5,0.78,2.11,13.7,0.247,38.59,False,False,False,True,False,True,False,False,False,True,True,True,False,True,True,False,2026-10-29,False,False,6,,"near21, RVOL",4,https://www.tradingview.com/chart/?symbol=NYSE:DINO&interval=D,False,False,False
OSCR,"Oscar Health, Inc.",NYSE,Managed Health Care,31.29,32.41,31.66,31.36,30.75,28.03,23.31,21.32,32.05,31.73,32.16,30.37,5.88,5.97,1.87,6037229.0,5366663.266666667,167922894.0,168289616.0,1.52,-3.52,8556845111.281046,-0.45,175,10.96,155,152.34,20,54.28,0.3,-1.17,0.23,0.96,49.3,0.137,35.45,False,False,False,True,True,True,True,False,False,True,False,True,True,True,True,False,2026-11-10,False,True,5,large gap,"near21, RVOL",6,https://www.tradingview.com/chart/?symbol=NYSE:OSCR&interval=D,False,False,True
SNOW,Snowflake Inc.,NYSE,Packaged Software,339.39,332.23,329.26,329.57,311.94,261.03,227.42,223.11,332.83,328.74,339.53,329.13,4.3,4.59,15.58,4237765.9,4898277.833333333,1662426514.0,1614336855.0,0.78,0.96,119736785218.93817,5.51,119,49.87,50,105.24,50,53.54,1.92,3.08,0.71,0.67,65.8,0.125,32.15,True,True,True,True,False,True,True,True,False,True,False,False,False,True,False,False,2026-12-02,False,False,5,LoD>60% ATR,"EMA, near21, ADR",8,https://www.tradingview.com/chart/?symbol=NYSE:SNOW&interval=D,False,False,False
AYA,Aya Gold & Silver Inc.,NASDAQ,Precious Metals,28.68,28.17,28.12,27.72,24.93,21.92,20.22,19.14,28.12,27.64,28.96,28.25,4.94,5.77,1.66,1523545.6,1251183.5,35883943.0,34681972.0,0.45,0.42,4130957649.0946107,3.58,140,51.75,48,104.64,51,53.32,2.61,1.98,0.65,0.43,26.0,0.147,31.51,True,True,True,True,True,True,True,True,False,True,False,True,False,False,False,False,2026-11-17,False,False,5,thin RVOL,"EMA, near21, ADR",10,https://www.tradingview.com/chart/?symbol=NASDAQ:AYA&interval=D,False,False,False
SBET,"Sharplink, Inc.",NASDAQ,Advertising/Marketing Services,9.98,8.77,8.61,7.96,7.23,6.62,6.79,7.45,8.84,8.41,10.12,9.62,5.51,6.27,0.63,9665320.3,9361426.600000022,93427037.0,74526317.0,1.53,6.84,2167891639.007487,26.81,26,96.46,12,35.41,151,52.89,6.08,15.86,2.98,0.79,57.6,0.222,21.57,True,True,True,True,False,False,True,False,False,False,False,True,True,True,True,False,2026-11-12,False,True,4,">4x 50-MA, large gap","EMA, RVOL",7,https://www.tradingview.com/chart/?symbol=NASDAQ:SBET&interval=D,False,True,False
MGNI,"Magnite, Inc.",NASDAQ,Packaged Software,25.31,24.2,24.0,24.05,22.43,19.13,16.95,16.45,24.48,24.0,25.55,24.95,4.07,4.07,1.03,2274779.1,2434392.4333333313,61614472.0,58548761.0,0.7,0.0,3630065530.8608346,7.79,96,43.97,63,105.94,49,52.57,3.15,5.47,1.34,0.58,35.2,0.119,30.62,True,True,True,True,False,True,True,True,False,True,False,True,False,False,False,False,2026-11-11,False,False,5,thin RVOL,"EMA, near21, ADR",9,https://www.tradingview.com/chart/?symbol=NASDAQ:MGNI&interval=D,False,False,False
OMER,Omeros Corporation,NASDAQ,Pharmaceuticals: Major,18.49,18.22,18.57,17.92,15.18,13.29,12.77,12.59,18.17,17.85,18.51,17.82,4.25,4.79,0.89,1602371.7,2165394.9,40038152.0,38804598.0,0.67,2.01,1338459975.3391156,-0.8,180,79.86,20,78.47,75,52.51,4.55,-0.4,0.75,0.78,75.6,0.141,32.3,False,False,True,True,True,True,True,False,False,True,False,False,False,False,False,False,2026-11-11,False,True,2,"LoD>60% ATR, >4x 50-MA, thin RVOL, large gap","EMA, near21",6,https://www.tradingview.com/chart/?symbol=NASDAQ:OMER&interval=D,False,True,False
QLYS,"Qualys, Inc.",NASDAQ,Packaged Software,181.03,172.78,175.72,179.33,168.8,140.06,123.68,126.26,176.07,175.05,181.77,173.9,5.57,5.38,9.75,896495.3,703422.2,127340521.0,126142124.0,0.46,0.38,6262733311.473366,-0.4,174,63.98,34,93.64,57,52.41,1.35,3.02,0.64,0.81,73.2,0.201,28.75,True,True,True,True,False,True,True,False,False,True,False,False,False,False,False,False,2026-11-04,False,False,4,"LoD>60% ATR, thin RVOL","EMA, near21",7,https://www.tradingview.com/chart/?symbol=NASDAQ:QLYS&interval=D,False,False,False
ZETA,Zeta Global Holdings Corp.,NYSE,Packaged Software,31.15,30.66,30.45,29.85,26.81,23.23,21.14,20.75,30.67,30.01,31.15,30.06,4.4,4.45,1.39,4986744.9,6759075.966666667,210545216.0,201785454.0,1.06,1.62,7819073329.839562,10.81,79,59.58,40,86.08,65,52.16,3.64,2.31,0.85,0.79,78.6,0.145,31.83,True,True,True,True,True,True,True,False,False,True,False,False,False,False,False,False,2026-11-10,False,False,4,"LoD>60% ATR, thin RVOL","EMA, near21",8,https://www.tradingview.com/chart/?symbol=NYSE:ZETA&interval=D,False,False,False
INSP,"Inspire Medical Systems, Inc.",NYSE,Medical Specialties,75.72,71.66,66.8,64.28,59.75,52.23,53.85,64.27,71.94,67.83,77.26,74.92,4.75,4.44,3.37,1097819.0,678686.5,51390142.0,43625968.0,1.04,-0.36,2189093605.35504,23.79,31,88.03,16,43.87,135,51.9,6.01,13.35,2.62,0.7,23.8,0.347,25.67,True,True,True,True,False,False,True,True,False,True,False,True,False,False,False,False,2026-11-09,False,False,4,">4x 50-MA, thin RVOL","EMA, ADR",8,https://www.tradingview.com/chart/?symbol=NYSE:INSP&interval=D,False,True,False
S,"SentinelOne, Inc.",NYSE,Packaged Software,23.8,21.72,21.26,21.56,20.66,18.53,16.89,16.31,22.26,21.61,23.8,22.36,4.79,5.07,1.21,9272064.6,8916431.6,212211072.0,192259070.0,0.9,0.36,8283569456.508218,13.17,61,62.24,36,79.15,74,51.52,3.0,11.96,2.0,1.2,119.3,0.281,22.74,True,True,True,True,False,False,False,False,False,False,True,False,False,False,False,False,2026-12-08,False,False,4,"LoD>60% ATR, thin RVOL",EMA,5,https://www.tradingview.com/chart/?symbol=NYSE:S&interval=D,False,False,False
DK,"Delek US Holdings, Inc.",NYSE,Oil Refining/Marketing,74.37,76.78,74.01,71.44,68.19,57.56,52.04,46.87,76.35,73.88,79.17,74.05,5.59,5.72,4.25,3114834.5,2115205.7666666666,157307853.0,151108185.0,0.56,-1.16,4553836934.717742,14.95,55,72.99,25,63.88,92,50.61,1.59,0.49,0.12,1.2,7.5,0.189,40.22,False,False,False,True,True,True,False,False,False,True,True,True,False,False,False,False,2026-11-11,False,False,5,thin RVOL,near21,5,https://www.tradingview.com/chart/?symbol=NYSE:DK&interval=D,False,False,False
ILMN,"Illumina, Inc.",NASDAQ,Medical Specialties,238.82,220.68,219.85,212.57,205.03,182.18,163.23,156.62,226.7,218.97,248.31,238.26,4.11,4.33,10.33,5527342.3,2966362.7666666666,708426756.0,630568138.0,0.59,0.79,36061819265.46056,12.44,67,48.7,54,89.22,59,50.12,3.81,8.63,2.1,0.97,5.4,0.216,26.83,True,True,True,True,False,False,True,False,False,False,False,True,False,True,False,False,2026-10-29,False,False,6,,EMA,7,https://www.tradingview.com/chart/?symbol=NASDAQ:ILMN&interval=D,False,False,False
APPN,Appian Corporation,NASDAQ,Packaged Software,38.62,36.56,38.46,37.73,33.34,27.97,26.69,28.16,37.65,37.17,38.76,37.73,4.83,5.2,2.01,1016222.0,853706.4333333333,32970142.0,32211482.0,0.52,0.61,2766284814.2473345,3.54,141,91.09,14,55.6,112,50.08,3.05,0.42,0.75,0.51,44.3,0.261,30.48,True,True,True,True,True,True,True,True,False,True,False,True,False,False,False,False,2026-10-29,False,False,5,thin RVOL,"EMA, near21, ADR",10,https://www.tradingview.com/chart/?symbol=NASDAQ:APPN&interval=D,False,True,False
NET,"Cloudflare, Inc.",NYSE,Information Technology Services,351.67,320.76,304.27,304.44,293.4,262.36,241.21,228.6,322.96,310.9,352.45,321.85,5.09,5.23,18.4,3471562.6,3450309.1666666665,1213370225.0,1050415573.0,1.19,1.05,125222555530.1479,25.21,30,63.45,35,61.32,98,49.99,3.8,15.58,2.51,1.66,162.1,0.29,26.21,True,True,True,True,False,False,False,False,False,False,True,False,False,True,False,False,2026-10-29,False,False,5,LoD>60% ATR,EMA,5,https://www.tradingview.com/chart/?symbol=NYSE:NET&interval=D,False,False,False
BMNR,"BitMine Immersion Technologies, Inc.",NYSE,Financial Conglomerates,28.25,24.85,24.75,22.9,20.55,19.2,19.75,22.06,25.12,24.0,28.33,27.08,5.39,6.34,1.79,44674267.7,43785448.733333334,1236938927.0,1002803537.0,1.19,6.04,17041145067.391302,26.97,25,86.96,17,32.01,158,48.65,5.91,14.15,2.79,0.7,65.3,0.203,20.0,True,True,True,True,False,False,True,False,False,False,False,False,False,True,False,False,2026-11-20,False,True,3,"LoD>60% ATR, >4x 50-MA, large gap",EMA,6,https://www.tradingview.com/chart/?symbol=NYSE:BMNR&interval=D,False,True,False
GH,"Guardant Health, Inc.",NASDAQ,Medical Specialties,173.87,169.49,166.64,165.69,161.34,142.85,125.38,120.63,171.84,167.89,181.37,172.86,4.96,4.74,8.24,1833969.4,1968804.4,342316021.0,326214482.0,1.45,1.11,23332688189.755272,3.96,134,35.13,75,104.55,52,47.88,1.64,4.34,0.75,1.03,12.3,0.172,28.1,True,True,True,True,False,True,False,False,False,True,True,True,False,True,True,False,2026-10-29,False,False,6,,"EMA, near21, RVOL",7,https://www.tradingview.com/chart/?symbol=NASDAQ:GH&interval=D,False,False,False
TEM,"Tempus AI, Inc.",NASDAQ,Packaged Software,78.03,68.06,66.76,63.62,57.46,54.41,53.26,56.17,70.85,66.51,80.25,77.13,5.75,6.17,4.81,7341243.1,7626288.766666667,595079312.0,485176865.0,0.78,1.59,14079324046.727776,18.95,40,66.02,30,56.5,108,47.16,5.81,16.88,2.81,0.65,18.7,0.361,18.96,True,True,True,True,False,False,True,True,False,True,False,True,False,True,False,False,2026-11-10,False,False,5,>4x 50-MA,"EMA, ADR",8,https://www.tradingview.com/chart/?symbol=NASDAQ:TEM&interval=D,False,False,False
ANF,Abercrombie & Fitch Company,NYSE,Apparel/Footwear Retail,136.76,141.85,139.76,129.63,117.74,99.98,97.28,100.02,139.05,135.17,139.24,135.12,4.05,4.66,6.37,1440707.1,2044773.3666666667,279643206.0,265065335.0,0.63,0.45,5803325515.857984,27.53,23,60.89,37,52.4,119,46.94,3.47,-2.15,0.25,0.65,25.7,0.313,32.59,False,False,False,True,True,True,True,True,False,True,False,True,False,False,False,False,2026-11-24,False,False,5,thin RVOL,"near21, ADR",7,https://www.tradingview.com/chart/?symbol=NYSE:ANF&interval=D,True,False,False
PBF,PBF Energy Inc.,NYSE,Oil Refining/Marketing,72.48,75.65,73.76,73.16,69.27,56.06,51.36,46.3,75.01,73.7,78.48,72.14,5.76,6.11,4.43,4762282.5,3365647.7666666666,243942150.0,246225181.0,0.95,-2.14,8591550849.032257,3.06,149,86.95,18,50.22,123,46.74,0.76,-1.74,0.27,1.43,7.7,0.179,40.5,False,False,False,True,True,True,False,False,False,True,True,True,False,False,False,False,2026-10-29,False,True,4,"thin RVOL, large gap",near21,5,https://www.tradingview.com/chart/?symbol=NYSE:PBF&interval=D,False,True,False
SLS,"SELLAS Life Sciences Group, Inc.",NASDAQ,Pharmaceuticals: Major,11.37,12.2,13.04,12.96,12.47,10.57,8.66,7.34,12.05,12.5,11.94,11.13,8.04,9.08,1.03,7706546.9,7365859.3,83749820.0,95428390.0,0.74,0.87,2296122668.373368,-16.95,387,33.76,76,122.5,38,46.44,-0.97,-12.83,0.99,0.78,23.3,0.368,50.18,False,False,False,True,False,True,True,False,False,True,False,True,False,False,False,False,2026-11-18,False,False,5,thin RVOL,near21,5,https://www.tradingview.com/chart/?symbol=NASDAQ:SLS&interval=D,False,False,False
PI,"Impinj, Inc.",NASDAQ,Semiconductors,184.04,175.52,172.25,171.88,161.72,150.79,136.73,142.92,177.13,173.08,185.72,181.29,4.25,4.49,8.26,402460.0,377714.73333333334,69516508.0,64923056.0,0.55,1.64,5623386779.125448,12.09,69,45.16,59,78.36,76,45.2,3.07,6.85,1.41,0.54,33.3,0.145,21.07,True,True,True,True,False,True,True,True,False,True,False,True,False,False,False,False,2026-10-28,False,False,5,thin RVOL,"EMA, near21, ADR",9,https://www.tradingview.com/chart/?symbol=NASDAQ:PI&interval=D,False,False,False
HTFL,"Heartflow, Inc.",NASDAQ,Packaged Software,50.33,48.66,49.05,45.73,37.78,33.95,31.24,30.86,49.16,47.1,51.13,48.51,4.89,4.96,2.5,2444982.0,2400473.966666667,120815855.0,109784877.0,0.56,-0.26,4376376124.016552,6.29,112,50.91,49,76.84,79,44.68,6.7,2.61,1.38,1.05,72.9,0.11,36.13,True,True,True,True,True,True,False,False,False,True,True,False,False,False,False,False,2026-11-18,False,False,3,"LoD>60% ATR, >4x 50-MA, thin RVOL","EMA, near21",7,https://www.tradingview.com/chart/?symbol=NASDAQ:HTFL&interval=D,False,False,False
ESTC,Elastic N.V.,NYSE,Packaged Software,89.71,86.28,87.84,86.23,77.35,67.04,61.89,64.4,87.37,86.02,90.12,86.96,4.22,4.93,4.42,2193583.2,2871670.933333333,257617599.0,247631842.0,0.55,0.63,9418767593.863615,5.01,126,52.05,47,76.52,80,44.53,3.24,2.13,0.87,0.71,62.2,0.246,28.93,True,True,True,True,True,True,True,False,False,True,False,False,False,False,False,False,2026-12-02,False,False,4,"LoD>60% ATR, thin RVOL","EMA, near21",8,https://www.tradingview.com/chart/?symbol=NYSE:ESTC&interval=D,False,False,False
WGS,GeneDx Holdings Corp.,NASDAQ,Medical/Nursing Services,97.83,92.73,89.77,86.59,77.96,66.44,68.66,81.82,94.63,89.71,102.21,97.14,5.1,5.27,5.15,645269.4,544988.4666666666,53316222.0,47189916.0,1.22,0.2,2917539071.7498517,16.87,48,76.65,22,39.86,143,44.46,4.84,8.98,1.72,0.98,13.4,0.264,26.87,True,True,True,True,False,False,True,False,False,False,False,True,False,False,True,False,2026-11-03,False,False,4,">4x 50-MA, thin RVOL","EMA, RVOL",7,https://www.tradingview.com/chart/?symbol=NASDAQ:WGS&interval=D,False,True,False
ORKA,"Oruka Therapeutics, Inc.",NASDAQ,Pharmaceuticals: Major,93.38,93.76,94.44,99.11,96.42,83.27,71.42,61.44,94.3,95.27,96.0,91.75,4.85,5.26,4.91,919411.3,854159.4333333333,79761408.0,84659728.0,1.38,0.83,6182661157.632055,-11.47,315,11.15,153,132.4,33,44.03,-0.6,-1.12,0.38,0.87,33.2,0.144,37.46,False,False,False,True,True,True,True,False,False,True,False,True,False,False,True,False,2026-11-18,False,False,5,thin RVOL,"near21, RVOL",6,https://www.tradingview.com/chart/?symbol=NASDAQ:ORKA&interval=D,False,False,False
FCEL,"FuelCell Energy, Inc.",NASDAQ,Electronic Equipment/Instruments,17.96,16.56,16.91,18.13,19.18,19.92,15.85,13.93,16.88,17.33,18.47,17.63,7.01,9.46,1.7,6787305.899999996,7681227.433333328,137954845.0,139237610.0,0.7,1.21,1435977356.6294866,-5.52,236,-19.1,321,156.57,18,43.98,-0.67,6.23,0.38,0.49,19.4,0.373,33.36,False,False,False,True,False,True,True,True,False,True,False,True,False,False,False,False,2026-12-17,False,False,5,thin RVOL,"near21, ADR",6,https://www.tradingview.com/chart/?symbol=NASDAQ:FCEL&interval=D,False,False,True
P,"Everpure, Inc.",NYSE,Computer Peripherals,113.66,100.06,99.11,103.37,92.49,84.62,78.1,76.16,102.07,100.03,113.8,104.4,4.34,5.25,5.97,10259063.2,5868047.833333333,666962317.0,606578149.0,0.75,1.31,37874610650.56577,2.4,154,56.3,46,72.55,84,43.75,4.36,14.68,2.59,1.57,155.1,0.219,21.03,True,True,True,True,False,False,False,False,False,False,True,False,False,True,False,False,2026-12-02,False,False,4,"LoD>60% ATR, >4x 50-MA",EMA,5,https://www.tradingview.com/chart/?symbol=NYSE:P&interval=D,False,False,False
ZS,"Zscaler, Inc.",NASDAQ,Packaged Software,207.13,183.52,180.43,180.81,168.97,155.8,152.48,168.14,189.66,182.58,207.75,194.24,4.59,4.83,10.01,3772924.7,3181871.2,659060982.0,575318374.0,0.59,-0.17,33773520164.26633,18.2,45,66.37,29,45.77,130,43.45,4.67,14.8,2.78,1.35,128.8,0.288,14.98,True,True,True,True,False,False,False,False,False,False,True,False,False,True,False,False,2026-12-01,False,False,4,"LoD>60% ATR, >4x 50-MA",EMA,5,https://www.tradingview.com/chart/?symbol=NASDAQ:ZS&interval=D,False,False,False
TENB,"Tenable Holdings, Inc.",NASDAQ,Packaged Software,36.2,34.67,34.95,35.48,35.49,31.57,27.49,26.49,35.35,35.17,36.73,35.31,6.47,6.54,2.37,6762140.5,4784627.266666667,173203507.0,169745816.0,0.33,0.45,3987067459.503246,6.66,110,36.09,74,87.56,62,43.44,0.31,3.57,0.45,0.6,37.6,0.234,24.88,True,True,True,True,False,True,True,True,False,True,False,True,False,False,False,False,2026-11-04,False,False,5,thin RVOL,"EMA, near21, ADR",9,https://www.tradingview.com/chart/?symbol=NASDAQ:TENB&interval=D,False,False,False
CHYM,"Chime Financial, Inc.",NASDAQ,Packaged Software,29.92,32.23,32.67,32.43,28.74,23.77,22.83,23.4,31.72,31.75,30.79,29.7,4.77,4.97,1.49,10081969.8,8272841.333333333,247523413.0,268307548.0,0.76,1.12,11327266026.27102,-6.5,250,77.88,21,58.39,103,43.26,0.83,-8.42,1.16,0.73,14.8,0.151,32.9,False,False,False,True,False,True,True,False,False,True,False,True,False,True,False,False,2026-11-11,False,False,6,,near21,5,https://www.tradingview.com/chart/?symbol=NASDAQ:CHYM&interval=D,False,True,False
SAIL,"SailPoint, Inc.",NASDAQ,Packaged Software,20.32,19.08,19.08,19.08,17.82,16.15,15.17,16.04,19.55,19.1,20.59,19.73,5.9,5.9,1.2,5994743.2,4114891.8666666667,83614603.0,78521738.0,1.03,0.71,11600924096.266264,8.66,87,58.5,41,61.14,99,42.77,2.38,6.49,1.09,0.72,49.2,0.231,19.24,True,True,True,True,False,True,True,True,False,True,False,True,False,True,False,False,2026-12-15,False,False,6,,"EMA, near21, ADR",9,https://www.tradingview.com/chart/?symbol=NASDAQ:SAIL&interval=D,False,False,False
FROG,JFrog Ltd.,NASDAQ,Packaged Software,92.0,90.91,92.3,91.9,88.79,82.54,69.62,67.21,92.03,91.48,95.27,91.78,5.64,5.79,5.33,1678234.8,1968227.7,181076948.0,180878813.0,1.1,0.78,11343720710.225191,2.68,153,17.83,126,106.56,47,42.35,0.62,-0.33,0.1,0.66,4.2,0.19,27.28,False,False,False,True,True,True,True,True,False,True,False,True,False,True,False,False,2026-11-04,False,False,6,,"near21, ADR",7,https://www.tradingview.com/chart/?symbol=NASDAQ:FROG&interval=D,False,False,False
MRX,Marex Group Limited,NASDAQ,Internet Software/Services,75.71,73.45,73.15,71.8,68.69,63.61,56.87,52.47,73.46,72.51,76.41,73.68,4.28,4.27,3.24,810808.1,778739.7,58958383.0,55914549.0,1.33,0.27,5445886127.702648,7.74,97,18.59,124,98.3,54,41.54,2.39,3.51,1.03,0.84,62.7,0.127,27.71,True,True,True,True,False,True,True,False,False,True,False,False,False,False,True,False,2026-11-05,False,False,4,"LoD>60% ATR, thin RVOL","EMA, near21, RVOL",7,https://www.tradingview.com/chart/?symbol=NASDAQ:MRX&interval=D,False,False,False
HPQ,HP Inc.,NYSE,Information Technology Services,32.95,33.43,32.05,31.3,29.31,26.3,23.87,23.34,33.29,32.21,34.91,32.62,5.14,5.08,1.67,18524594.599999994,16151532.56666677,532192998.0,505559121.0,0.88,-2.91,29714015283.322678,11.85,73,40.36,68,72.33,85,41.51,2.44,2.81,0.45,1.37,19.4,0.23,30.61,False,False,False,True,True,True,False,False,False,True,True,True,False,True,False,False,2026-12-01,False,True,5,large gap,near21,5,https://www.tradingview.com/chart/?symbol=NYSE:HPQ&interval=D,False,False,False
AEHR,Aehr Test Systems,NASDAQ,Electronic Production Equipment,96.93,90.5,87.9,98.42,93.06,94.13,79.86,66.2,90.37,91.39,99.17,93.2,6.8,9.23,8.95,2873881.7,2763769.7,267892197.0,272005608.0,0.74,3.43,3165689711.313297,-10.66,308,-6.34,240,141.36,28,41.45,0.45,10.27,0.66,0.67,41.7,0.312,28.81,True,True,False,True,False,True,True,False,False,True,False,True,False,False,False,False,2026-10-06,False,True,4,"thin RVOL, large gap",near21,7,https://www.tradingview.com/chart/?symbol=NASDAQ:AEHR&interval=D,False,False,False
ATEX,Anterix Inc.,NASDAQ,Wireless Telecommunications,83.62,80.21,85.32,87.12,91.79,81.75,67.5,56.62,80.84,84.12,86.43,79.95,5.12,6.15,5.14,378924.2,354217.0,29619626.0,30859149.0,1.25,3.91,1639770182.4369404,-2.91,197,11.57,152,114.19,43,40.95,-1.45,-2.0,0.1,1.26,71.4,0.283,42.06,False,False,False,True,True,True,False,False,False,True,True,False,False,False,True,False,2026-11-18,False,True,3,"LoD>60% ATR, thin RVOL, large gap","near21, RVOL",4,https://www.tradingview.com/chart/?symbol=NASDAQ:ATEX&interval=D,False,False,False
RUM,RUM Group Inc.,NASDAQ,Internet Software/Services,9.17,8.21,8.67,8.37,7.43,7.45,6.82,6.72,8.56,8.36,9.36,8.94,6.28,7.03,0.64,7971176.4,5792566.266666667,53117833.0,48506950.0,0.72,1.21,4546579425.049505,6.75,107,39.36,70,76.01,82,40.71,3.33,5.77,1.38,0.64,35.7,0.342,21.22,True,True,True,True,False,True,True,True,False,True,False,True,False,False,False,False,2026-11-16,False,False,5,thin RVOL,"EMA, near21, ADR",9,https://www.tradingview.com/chart/?symbol=NASDAQ:RUM&interval=D,False,False,False
NAVN,"Navan, Inc.",NASDAQ,Packaged Software,21.53,22.51,25.55,26.7,26.51,23.72,19.67,18.32,22.87,24.55,21.65,20.71,5.73,6.7,1.44,6988177.2,3749921.8333333335,80735817.0,100141038.0,0.78,-1.12,5611482287.785113,-25.14,425,0.89,206,145.78,23,40.51,-2.8,-15.73,1.83,0.65,56.8,0.537,38.05,False,False,False,True,False,False,True,False,False,False,False,True,False,False,False,False,2026-12-15,False,False,5,thin RVOL,,4,https://www.tradingview.com/chart/?symbol=NASDAQ:NAVN&interval=D,False,False,True
NTAP,"NetApp, Inc.",NASDAQ,Computer Peripherals,198.15,191.93,189.26,192.84,184.92,165.32,144.17,134.75,193.1,190.89,200.84,195.19,4.35,4.08,8.08,2392001.4,2523424.8333333335,500016631.0,486606731.0,0.74,1.19,38920424786.88533,1.52,162,28.2,88,89.31,58,39.68,1.76,4.69,0.93,0.7,36.7,0.112,28.86,True,True,True,True,False,True,True,True,False,True,False,True,False,True,False,False,2026-12-01,False,False,6,,"EMA, near21, ADR",9,https://www.tradingview.com/chart/?symbol=NASDAQ:NTAP&interval=D,False,False,False
MSTR,Strategy Inc,NASDAQ,Internet Software/Services,168.5,137.61,134.11,122.89,112.29,124.88,129.76,136.98,141.09,132.19,169.52,164.49,4.75,5.82,9.8,25038422.6,26871160.366666667,4527790522.0,3302116284.0,1.77,6.93,64741997707.88397,40.79,9,58.16,42,20.01,184,39.65,8.61,25.65,4.72,0.51,40.9,0.332,15.03,True,True,True,True,False,False,True,True,False,True,False,True,True,True,True,False,2026-11-04,False,True,4,">4x 50-MA, large gap","EMA, ADR, RVOL",8,https://www.tradingview.com/chart/?symbol=NASDAQ:MSTR&interval=D,True,False,False
PGY,Pagaya Technologies Ltd.,NASDAQ,Packaged Software,20.9,21.0,21.61,21.4,20.19,17.65,15.81,17.21,21.06,21.14,21.2,20.6,5.06,5.69,1.19,2172719.2999999956,2190005.8333333335,45771122.0,46869775.0,0.71,1.86,1743600168.7904012,1.83,159,41.22,66,75.63,83,39.56,0.62,-3.3,0.2,0.5,25.2,0.166,27.79,False,False,False,True,False,True,True,True,False,True,False,True,False,False,False,False,2026-11-17,False,False,5,thin RVOL,"near21, ADR",6,https://www.tradingview.com/chart/?symbol=NASDAQ:PGY&interval=D,False,False,False
NUAI,"New Era Energy & Digital, Inc.",NASDAQ,Engineering & Construction,7.65,6.07,5.54,5.45,5.2,5.1,4.94,4.87,6.04,5.71,7.94,6.75,6.93,8.28,0.63,8904493.3,6726943.666666667,51461119.0,36637178.0,3.75,17.15,815178921.7576792,36.36,12,23.79,102,58.06,105,39.4,5.7,38.12,4.1,1.88,142.0,0.52,15.69,True,True,True,True,False,False,False,False,False,False,True,False,True,True,True,False,2026-12-02,False,True,3,"LoD>60% ATR, >4x 50-MA, large gap","EMA, RVOL",5,https://www.tradingview.com/chart/?symbol=NASDAQ:NUAI&interval=D,True,False,False
SMCI,"Super Micro Computer, Inc.",NASDAQ,Computer Processing Hardware,41.2,38.65,38.08,37.57,33.81,33.62,31.73,31.64,38.77,37.77,41.72,40.0,5.13,5.94,2.45,40361775.0,50019401.5,2060799342.0,1879445665.0,1.18,3.94,27066974299.76976,10.89,78,23.91,100,82.06,69,38.95,3.68,8.2,1.53,0.7,49.0,0.168,17.01,True,True,True,True,False,False,True,False,False,False,False,True,False,True,False,False,2026-11-03,False,True,5,large gap,EMA,7,https://www.tradingview.com/chart/?symbol=NASDAQ:SMCI&interval=D,False,False,False
SHAZ,"SharonAI Holdings, Inc.",NASDAQ,Data Processing Services,59.93,55.87,56.1,59.31,59.3,63.36,,,56.26,57.0,60.71,54.53,7.0,9.19,5.51,1627313.5,1674176.7666666666,100333414.0,99288727.0,0.64,-0.89,2145704096.5052118,-2.49,194,-28.04,366,145.72,24,38.4,0.11,6.84,0.56,1.12,98.0,0.216,12.5,False,True,False,False,False,True,False,False,False,True,True,False,False,False,False,False,2026-11-04,False,False,3,"LoD>60% ATR, thin RVOL, below 200-MA",near21,3,https://www.tradingview.com/chart/?symbol=NASDAQ:SHAZ&interval=D,False,False,False
HOOD,"Robinhood Markets, Inc.",NASDAQ,Investment Banks/Brokers,123.3,114.06,112.05,106.89,103.4,96.48,89.81,94.89,114.42,111.02,126.41,121.5,5.25,5.59,6.89,25002555.3,22188790.4,2735877856.0,2371671051.0,1.15,4.36,110856845831.36455,21.96,33,21.3,113,71.67,86,38.31,3.45,10.04,1.98,0.71,26.1,0.234,19.67,True,True,True,True,False,False,True,False,False,False,False,True,False,True,False,False,2026-11-04,False,True,5,large gap,EMA,7,https://www.tradingview.com/chart/?symbol=NASDAQ:HOOD&interval=D,False,False,False
DOCU,"DocuSign, Inc.",NASDAQ,Packaged Software,68.57,68.13,66.11,64.39,60.0,53.57,51.18,53.7,68.36,66.12,69.87,67.96,4.04,4.06,2.78,3617197.0,3461545.2,237358154.0,222878511.0,0.8,0.14,12815900978.133924,10.95,77,58.03,43,44.42,134,37.8,3.52,3.72,0.91,0.68,21.7,0.197,24.72,True,True,True,True,False,True,True,True,False,True,False,True,False,True,False,False,2026-12-03,False,False,6,,"EMA, near21, ADR",9,https://www.tradingview.com/chart/?symbol=NASDAQ:DOCU&interval=D,False,False,False
DFTX,"Definium Therapeutics, Inc.",NASDAQ,Pharmaceuticals: Major,39.28,38.45,39.72,41.24,42.28,35.48,30.12,26.27,38.84,39.77,39.54,37.97,4.83,5.62,2.21,2680558.3999999985,2323755.533333331,91277117.0,95842522.0,0.79,0.49,5277934320.779181,-14.4,360,7.85,169,119.81,39,37.75,-1.26,-1.11,0.22,0.71,59.4,0.231,40.77,False,False,False,True,True,True,True,False,False,True,False,True,False,False,False,False,2026-11-05,False,False,5,thin RVOL,near21,6,https://www.tradingview.com/chart/?symbol=NASDAQ:DFTX&interval=D,False,False,False
SWKS,"Skyworks Solutions, Inc.",NASDAQ,Semiconductors,88.74,84.8,76.6,73.89,69.19,70.0,65.75,64.93,84.56,79.06,91.83,88.13,6.31,5.46,4.85,10024936.8,7017607.133333334,622742457.0,518556722.0,0.44,1.01,13352954669.361198,30.65,19,21.76,110,58.89,101,37.1,5.18,15.86,2.24,0.76,12.6,0.485,22.39,True,True,True,True,False,False,True,True,False,True,False,True,False,True,False,False,2026-10-29,False,False,5,>4x 50-MA,"EMA, ADR",8,https://www.tradingview.com/chart/?symbol=NASDAQ:SWKS&interval=D,True,False,False
DDOG,"Datadog, Inc.",NASDAQ,Packaged Software,245.05,228.05,226.73,232.86,243.38,232.12,195.03,179.67,231.21,231.33,245.31,226.83,4.44,5.07,12.42,3538926.0,3960263.7333333334,970462628.0,922190973.0,0.84,-0.08,87991338480.8042,4.21,132,10.85,156,96.18,55,37.08,0.14,8.08,1.17,1.49,146.7,0.174,26.0,True,True,False,True,False,True,False,False,False,True,True,False,False,True,False,False,2026-11-05,False,False,5,LoD>60% ATR,near21,5,https://www.tradingview.com/chart/?symbol=NASDAQ:DDOG&interval=D,False,False,False
PARR,"Par Pacific Holdings, Inc. Common Stock",NYSE,Oil Refining/Marketing,82.0,83.65,80.99,79.94,78.85,68.8,64.38,57.94,83.21,81.56,85.97,80.67,5.36,5.5,4.51,1013354.7000000014,936280.6000000003,76775009.0,74849392.0,1.02,-1.09,4108169666.7061753,12.7,65,59.72,39,35.54,149,35.99,0.73,1.25,0.1,1.18,29.5,0.17,31.35,False,False,False,True,True,True,False,False,False,True,True,True,False,False,False,False,2026-11-09,False,False,5,thin RVOL,near21,5,https://www.tradingview.com/chart/?symbol=NYSE:PARR&interval=D,False,False,False
BE,Bloom Energy Corporation,NYSE,Electronic Production Equipment,272.89,268.64,244.02,235.24,225.99,254.27,225.34,199.68,263.26,250.28,282.0,265.36,5.83,6.89,18.79,20610955.3,14865253.7,4056579082.0,3496922101.0,0.7,1.65,80373568312.9188,32.33,15,-11.79,278,84.86,67,35.13,3.01,11.83,1.31,0.89,40.1,0.444,25.27,True,True,True,True,False,True,True,False,False,True,False,True,False,True,False,False,2026-10-29,False,False,6,,"EMA, near21",8,https://www.tradingview.com/chart/?symbol=NYSE:BE&interval=D,True,False,False
TGTX,"TG Therapeutics, Inc.",NASDAQ,Pharmaceuticals: Major,57.16,55.31,55.46,53.68,53.45,49.39,43.54,40.19,55.7,54.91,58.92,56.0,4.17,4.17,2.39,1948284.0,1936681.3,110700703.0,103964603.0,1.17,0.63,8749426506.513803,11.86,71,5.85,172,87.23,63,34.98,1.66,3.07,0.98,1.22,48.6,0.082,26.71,True,True,True,True,False,True,False,False,True,True,True,True,False,False,False,False,2026-11-09,False,False,5,thin RVOL,"EMA, near21, BB",8,https://www.tradingview.com/chart/?symbol=NASDAQ:TGTX&interval=D,False,False,False
BLSH,Bullish,NYSE,Packaged Software,40.14,35.74,34.58,31.75,28.39,30.0,32.3,33.83,36.04,33.94,40.75,38.72,5.79,6.26,2.51,1817244.8,1775373.9,71263508.0,56366346.0,1.46,4.41,6033130344.643192,34.92,14,64.51,32,5.49,235,34.98,6.61,16.09,2.92,0.81,56.5,0.262,18.32,True,True,True,True,False,False,True,False,False,False,False,True,False,False,True,False,2026-11-25,False,True,3,">4x 50-MA, thin RVOL, large gap","EMA, RVOL",7,https://www.tradingview.com/chart/?symbol=NYSE:BLSH&interval=D,True,False,False
STX,Seagate Technology Holdings PLC,NASDAQ,Computer Peripherals,877.32,838.26,831.18,848.32,842.67,855.71,718.57,622.37,834.42,837.54,914.82,861.96,5.13,5.97,52.34,4388041.4,3879221.966666667,3403338412.0,3290806708.0,0.99,4.13,199497576719.53186,1.7,160,-10.86,268,113.9,44,34.91,0.69,5.55,0.8,1.01,29.4,0.165,26.6,True,True,False,True,False,True,False,False,False,True,True,True,False,True,False,False,2026-10-28,False,True,5,large gap,near21,6,https://www.tradingview.com/chart/?symbol=NASDAQ:STX&interval=D,False,False,False
DOCN,"DigitalOcean Holdings, Inc.",NYSE,Packaged Software,146.16,128.45,120.14,121.87,122.37,137.86,117.36,101.31,128.36,124.48,148.04,129.03,6.47,6.93,10.13,3696662.9,2638717.8666666667,385675003.0,321584944.0,1.36,1.05,17185426080.105118,26.24,27,-8.36,253,85.48,66,34.45,2.81,21.66,2.51,1.88,169.1,0.345,25.0,True,True,True,True,False,False,False,False,False,False,True,False,False,True,True,False,2026-11-09,False,False,5,LoD>60% ATR,"EMA, RVOL",5,https://www.tradingview.com/chart/?symbol=NYSE:DOCN&interval=D,False,False,False
WT,"WisdomTree, Inc.",NYSE,Investment Managers,23.72,23.27,23.85,23.47,22.13,20.24,18.81,17.59,23.24,23.26,23.85,23.02,4.77,4.18,0.99,3756991.4,2709950.3666666667,64280023.0,63607052.0,0.62,1.43,3593867331.7624617,3.45,142,29.62,85,67.16,89,33.41,1.72,-0.53,0.48,0.84,70.6,0.148,26.39,False,False,False,True,True,True,True,True,False,True,False,False,False,False,False,False,2026-10-23,False,False,4,"LoD>60% ATR, thin RVOL","near21, ADR",6,https://www.tradingview.com/chart/?symbol=NYSE:WT&interval=D,False,False,False
ELF,"e.l.f. Beauty, Inc.",NYSE,Household/Personal Care,97.79,97.02,101.91,99.69,92.29,76.73,75.67,77.24,97.56,98.17,98.87,95.02,4.39,4.57,4.47,1551660.1,1682177.9666666666,164500183.0,167701929.0,1.15,1.1,5770392036.080465,-1.24,187,57.8,44,42.49,139,33.02,1.3,-4.04,0.09,0.86,62.0,0.214,26.83,False,False,False,True,False,True,True,False,False,True,False,False,False,False,False,False,2026-11-11,False,False,4,"LoD>60% ATR, thin RVOL",near21,4,https://www.tradingview.com/chart/?symbol=NYSE:ELF&interval=D,False,False,False
MANE,"Veradermics, Incorporated",NYSE,Pharmaceuticals: Major,112.8,103.68,101.54,104.07,106.36,106.2,90.87,,105.03,104.02,113.24,105.4,4.54,5.12,5.77,787959.0,663103.5333333333,74798079.0,69011395.0,0.76,0.65,4712799353.480093,7.24,105,12.25,148,77.22,78,32.24,1.18,11.09,1.65,1.36,128.1,0.158,13.74,False,True,True,False,False,False,False,False,False,False,True,False,False,False,False,False,2026-12-02,False,False,3,"LoD>60% ATR, thin RVOL, below 200-MA",EMA,3,https://www.tradingview.com/chart/?symbol=NYSE:MANE&interval=D,False,False,False
PAY,"Paymentus Holdings, Inc.",NYSE,Miscellaneous Commercial Services,34.5,35.89,36.46,37.67,35.82,30.0,28.52,28.79,35.85,36.29,35.33,34.47,4.03,4.72,1.63,857532.1,1033502.3,35655829.0,38935477.0,0.67,0.26,4344917923.030821,-9.87,291,70.71,27,35.51,150,32.11,-0.78,-5.38,1.05,0.53,1.8,0.158,23.02,False,False,False,True,False,True,True,True,False,True,False,True,False,False,False,False,2026-11-09,False,False,5,thin RVOL,"near21, ADR",6,https://www.tradingview.com/chart/?symbol=NYSE:PAY&interval=D,False,False,False
BFLY,"Butterfly Network, Inc.",NYSE,Medical Specialties,8.14,7.59,7.9,8.34,7.99,6.84,5.94,5.39,7.77,7.89,8.16,7.83,6.06,6.99,0.57,4523560.1,4830217.033333333,39317967.0,40269519.0,0.95,1.52,2208261420.568528,-12.47,332,19.35,121,87.13,64,31.34,0.27,3.05,0.45,0.59,54.7,0.294,31.87,True,True,False,True,False,True,True,True,False,True,False,True,False,False,False,False,2026-10-29,False,False,5,thin RVOL,"near21, ADR",8,https://www.tradingview.com/chart/?symbol=NYSE:BFLY&interval=D,False,False,False
SYRE,"Spyre Therapeutics, Inc.",NASDAQ,Pharmaceuticals: Major,92.03,90.49,91.88,96.36,97.83,88.78,75.88,65.16,91.2,92.84,94.06,89.65,4.17,4.86,4.47,1350599.2999999998,1188379.9,109366602.0,114515060.0,1.13,0.91,8114631785.422714,-15.45,366,-5.82,234,114.37,42,31.03,-1.22,0.16,0.18,0.99,53.3,0.235,35.5,False,False,False,True,True,True,True,False,False,True,False,True,False,False,False,False,2026-11-05,False,False,5,thin RVOL,near21,6,https://www.tradingview.com/chart/?symbol=NASDAQ:SYRE&interval=D,False,False,False
PRGO,Perrigo Company plc,NYSE,Pharmaceuticals: Major,14.13,13.81,14.16,13.83,12.6,11.72,11.6,12.23,13.83,13.75,14.22,13.61,4.08,4.06,0.57,2672364.2,2531875.9,35775406.0,35020063.0,0.63,3.21,1960809656.7212386,3.29,147,46.27,56,43.02,137,30.86,2.98,-0.21,0.68,1.06,90.7,0.13,18.09,False,False,True,True,True,True,False,False,False,True,True,False,False,False,False,False,2026-11-11,False,True,3,"LoD>60% ATR, thin RVOL, large gap","EMA, near21",5,https://www.tradingview.com/chart/?symbol=NYSE:PRGO&interval=D,False,False,False
NBIS,Nebius Group N.V.,NASDAQ,Packaged Software,232.8,224.01,218.08,223.71,212.22,216.85,184.27,161.39,221.35,220.23,237.96,221.3,6.0,7.4,17.24,17016579.4,20247596.0,4713640349.0,4529569454.0,1.04,1.08,63287895643.19228,2.85,152,-9.68,259,99.2,53,30.79,1.31,6.75,0.77,0.97,66.7,0.215,26.9,True,True,True,True,False,True,True,False,False,True,False,False,False,True,False,False,2026-10-22,False,False,5,LoD>60% ATR,"EMA, near21",7,https://www.tradingview.com/chart/?symbol=NASDAQ:NBIS&interval=D,False,False,False
COHU,"Cohu, Inc.",NASDAQ,Semiconductors,60.62,54.6,51.57,53.1,52.19,53.61,46.89,41.91,54.58,53.28,61.44,58.08,4.87,6.2,3.76,1145674.4,1012119.3,61349611.0,53742691.0,1.27,3.74,2869419074.572987,9.59,84,-6.18,237,88.71,60,30.71,2.61,17.54,2.22,0.9,67.6,0.334,20.94,True,True,True,True,False,False,True,False,False,False,False,False,False,False,True,False,2026-10-29,False,True,3,"LoD>60% ATR, thin RVOL, large gap","EMA, RVOL",6,https://www.tradingview.com/chart/?symbol=NASDAQ:COHU&interval=D,False,False,False
WIX,Wix.com Ltd.,NASDAQ,Packaged Software,83.53,78.73,81.71,79.32,69.85,62.6,68.06,74.2,80.39,78.94,84.33,77.1,6.27,5.89,4.92,1161256.0,1537127.6333333333,128396271.0,121917534.0,0.93,-0.15,3495689491.654733,1.27,167,96.49,11,-5.81,287,30.65,3.32,2.23,0.99,1.47,130.6,0.231,22.88,True,True,True,True,True,True,False,False,False,True,True,False,False,False,False,False,2026-11-05,False,False,4,"LoD>60% ATR, thin RVOL","EMA, near21",7,https://www.tradingview.com/chart/?symbol=NASDAQ:WIX&interval=D,False,True,False
HUT,Hut 8 Corp.,NASDAQ,Data Processing Services,103.42,94.58,89.05,87.83,93.23,101.03,86.53,77.89,94.01,91.77,107.84,100.26,6.94,7.97,8.24,5032001.000000008,4913954.999999999,508201226.0,431601677.0,1.13,5.96,12747493913.138546,11.91,70,-8.66,256,87.73,61,30.33,1.37,16.14,1.59,0.92,38.3,0.335,22.38,True,True,True,True,False,False,True,False,False,False,False,True,False,True,False,False,2026-11-18,False,True,5,large gap,EMA,7,https://www.tradingview.com/chart/?symbol=NASDAQ:HUT&interval=D,False,False,False
ASAN,"Asana, Inc.",NYSE,Packaged Software,9.54,9.23,9.51,9.44,8.83,7.93,7.5,8.65,9.48,9.37,9.69,9.39,5.27,6.21,0.59,9940147.4,6782704.733333333,64707003.0,64035515.0,1.08,0.63,2184374999.7728705,1.06,169,40.09,69,49.06,128,30.07,1.3,0.36,0.29,0.51,25.3,0.24,20.97,True,True,True,True,True,True,True,True,False,True,False,True,False,False,False,False,2026-12-08,False,False,5,thin RVOL,"EMA, near21, ADR",10,https://www.tradingview.com/chart/?symbol=NYSE:ASAN&interval=D,False,False,False
SPSC,"SPS Commerce, Inc.",NASDAQ,Packaged Software,81.65,80.46,81.72,80.47,75.1,65.41,62.73,68.78,81.01,80.29,82.27,79.74,4.25,4.08,3.33,670189.7,550546.3666666667,44952111.0,44304393.0,0.68,1.25,2939414249.327816,2.85,151,44.64,61,42.6,138,30.03,2.14,-0.09,0.42,0.76,57.3,0.105,23.27,False,False,True,True,True,True,True,True,False,True,False,True,False,False,False,False,2026-10-22,False,False,5,thin RVOL,"EMA, near21, ADR",8,https://www.tradingview.com/chart/?symbol=NASDAQ:SPSC&interval=D,False,False,False
QRVO,"Qorvo, Inc.",NASDAQ,Semiconductors,117.21,113.22,105.22,102.44,97.13,96.29,91.05,89.31,113.0,107.5,119.89,116.66,4.51,3.92,4.59,1841603.5,1236536.4666666666,144934439.0,126670796.0,0.56,1.08,10340457738.024323,21.71,34,19.03,123,45.44,131,28.73,5.28,11.4,2.31,0.7,12.0,0.345,20.4,True,True,True,True,False,False,True,True,False,True,False,True,False,True,False,False,2026-11-04,False,False,5,>4x 50-MA,"EMA, ADR",8,https://www.tradingview.com/chart/?symbol=NASDAQ:QRVO&interval=D,False,False,False
BRKR,Bruker Corporation,NASDAQ,Medical Specialties,61.58,57.49,57.65,57.8,58.23,55.0,49.11,48.56,58.95,58.16,62.67,60.57,4.43,4.72,2.91,2536906.8,2094768.8333333333,128995865.0,121076242.0,0.64,1.08,9382286460.364555,3.32,145,10.74,157,70.2,88,28.09,1.22,6.81,1.24,0.72,34.7,0.193,15.7,True,True,True,True,False,True,True,False,False,True,False,True,False,False,False,False,2026-10-29,False,False,5,thin RVOL,"EMA, near21",8,https://www.tradingview.com/chart/?symbol=NASDAQ:BRKR&interval=D,False,False,False
MDB,"MongoDB, Inc.",NASDAQ,Packaged Software,407.3,377.1,394.41,409.32,379.15,352.74,325.53,344.42,387.49,390.43,407.61,379.0,4.67,5.35,21.78,1583768.7,1822531.2,742316958.0,745989966.0,0.75,0.88,32810598327.54067,-4.38,218,28.89,86,58.13,104,27.55,1.39,3.27,0.81,1.31,129.9,0.292,16.91,True,True,False,True,False,True,False,False,False,True,True,False,False,True,False,False,2026-12-07,False,False,5,LoD>60% ATR,near21,5,https://www.tradingview.com/chart/?symbol=NASDAQ:MDB&interval=D,False,False,False
MMED,"MiniMed Group, Inc.",NASDAQ,Medical Specialties,21.12,22.23,21.69,21.13,19.62,16.43,,,21.94,21.53,22.3,21.09,5.66,4.94,1.04,2424275.5,2056162.1,43426144.0,43436767.0,0.99,1.61,5942111089.872418,3.83,138,49.36,51,28.78,161,27.33,1.55,-2.64,0.38,1.16,2.9,0.27,27.5,False,False,False,False,True,True,False,False,False,True,True,True,False,False,False,False,2026-12-30,False,False,4,"thin RVOL, below 200-MA",near21,4,https://www.tradingview.com/chart/?symbol=NASDAQ:MMED&interval=D,False,False,False
VSAT,"ViaSat, Inc.",NASDAQ,Telecommunications Equipment,76.38,73.76,72.22,74.99,74.96,72.96,65.68,59.23,73.73,73.75,78.31,76.0,5.14,5.38,4.11,1891360.1,1708966.4,130530854.0,128154251.0,1.18,1.92,10521788664.0,1.65,161,23.87,101,56.39,109,27.3,0.35,5.76,0.66,0.56,9.2,0.165,20.59,True,True,False,True,False,True,True,True,False,True,False,True,False,True,False,False,2026-11-11,False,False,6,,"near21, ADR",8,https://www.tradingview.com/chart/?symbol=NASDAQ:VSAT&interval=D,False,False,False
CNH,CNH Industrial N.V.,NYSE,Trucks/Construction/Farm Machinery,13.48,13.63,13.03,12.22,11.62,11.09,11.12,10.95,13.47,12.96,13.74,13.44,4.62,4.01,0.54,18180953.5,22347410.466666672,301243093.0,273159847.0,0.83,1.19,16684545598.037178,22.1,32,32.16,80,24.13,173,26.13,4.0,3.45,1.0,0.56,7.4,0.297,19.88,False,False,True,True,False,True,True,True,False,True,False,True,False,True,False,False,2026-11-10,False,False,6,,"EMA, near21, ADR",7,https://www.tradingview.com/chart/?symbol=NYSE:CNH&interval=D,False,False,False
FSLY,"Fastly, Inc.",NASDAQ,Information Technology Services,27.42,23.86,23.06,24.44,23.24,21.34,22.32,19.27,24.24,23.75,28.07,23.7,7.32,7.66,2.1,6945852.1,5744262.266666667,157507671.0,140387855.0,1.59,1.51,4368006195.364627,19.17,39,64.0,33,-6.96,291,25.4,2.35,18.9,2.02,2.08,176.9,0.286,16.74,True,True,True,True,False,False,False,False,False,False,True,False,True,True,True,False,2026-11-04,False,False,5,LoD>60% ATR,"EMA, RVOL",5,https://www.tradingview.com/chart/?symbol=NASDAQ:FSLY&interval=D,False,False,False
BETA,"Beta Technologies, Inc.",NYSE,Aerospace & Defense,22.07,20.86,21.08,22.46,21.14,19.01,18.36,20.3,21.15,21.33,22.61,20.73,6.74,7.23,1.6,5588828.1,3397665.1333333333,74986469.0,76311559.0,1.12,0.77,5163079082.266029,-13.65,350,44.72,60,44.91,132,25.33,0.61,4.7,0.48,1.18,84.0,0.191,12.58,True,True,False,True,False,True,False,False,False,True,True,False,False,False,False,False,2026-12-03,False,False,4,"LoD>60% ATR, thin RVOL",near21,5,https://www.tradingview.com/chart/?symbol=NYSE:BETA&interval=D,False,False,False
VSXY,Victorias Secret & Co.,NYSE,Apparel/Footwear Retail,81.63,76.14,80.39,83.46,84.84,75.3,67.45,64.78,77.75,79.83,82.46,78.68,4.54,5.05,4.12,2077136.5,1959808.0,159979127.0,163567535.0,0.78,1.64,6511138454.05569,-7.3,260,2.86,191,80.4,71,25.32,-0.75,1.54,0.44,0.92,71.4,0.299,24.57,False,False,False,True,True,True,True,False,False,True,False,False,False,False,False,False,2026-12-02,False,False,4,"LoD>60% ATR, thin RVOL",near21,5,https://www.tradingview.com/chart/?symbol=NYSE:VSXY&interval=D,False,False,False
SITM,SiTime Corporation,NASDAQ,Semiconductors,638.32,593.56,586.95,614.61,597.83,646.42,564.96,515.71,597.25,597.71,644.97,615.0,5.18,6.43,41.02,555098.0,421007.63333333336,268737593.0,258753888.0,1.39,2.54,19194943916.993767,3.79,139,-7.99,249,77.6,77,24.46,1.05,8.75,1.06,0.73,56.9,0.179,20.48,False,True,False,True,False,True,True,False,False,True,False,True,False,True,True,False,2026-11-04,False,True,5,large gap,"near21, RVOL",6,https://www.tradingview.com/chart/?symbol=NASDAQ:SITM&interval=D,False,False,False
BULL,Webull Corporation,NASDAQ,Packaged Software,8.25,8.71,8.98,8.68,8.2,7.47,6.88,7.17,8.53,8.64,8.66,8.21,5.83,6.4,0.53,14839108.7,17504657.766666666,144413427.0,151998778.0,1.01,3.88,4370556304.0,-8.23,281,21.32,112,58.65,102,23.92,0.1,-8.15,0.71,0.85,7.6,0.278,25.45,False,False,False,True,False,True,True,False,False,True,False,True,False,False,False,False,2026-11-19,False,True,4,"thin RVOL, large gap",near21,5,https://www.tradingview.com/chart/?symbol=NASDAQ:BULL&interval=D,False,False,False
AUGO,Aura Minerals Inc.,NASDAQ,Other Metals/Minerals,89.15,86.79,86.44,84.11,73.14,71.52,75.71,71.01,87.05,84.61,89.75,86.66,4.36,5.0,4.46,1098860.4000000013,995184.8333333319,88720728.0,83706157.0,0.68,1.16,7469809885.311048,0.06,172,44.58,62,24.18,172,22.94,4.38,3.13,1.07,0.69,55.8,0.117,17.7,True,True,True,True,False,True,True,False,False,True,False,True,False,False,False,False,2026-11-05,False,False,4,">4x 50-MA, thin RVOL","EMA, near21",8,https://www.tradingview.com/chart/?symbol=NASDAQ:AUGO&interval=D,False,False,False
PTRN,Pattern Group Inc. - Series A,NASDAQ,Advertising/Marketing Services,20.24,19.75,20.32,20.65,22.39,21.18,18.11,16.82,19.9,20.37,20.26,19.5,4.03,4.87,0.99,1884295.6,1593941.2,32261370.0,32922324.0,1.13,1.02,3590557545.0914664,-0.49,177,-2.08,212,70.8,87,22.74,-1.97,-0.42,0.13,0.77,75.1,0.143,27.5,False,False,False,True,True,True,True,False,False,True,False,False,False,False,False,False,2026-11-11,False,False,4,"LoD>60% ATR, thin RVOL",near21,5,https://www.tradingview.com/chart/?symbol=NASDAQ:PTRN&interval=D,False,False,False
DUOL,"Duolingo, Inc.",NASDAQ,Packaged Software,149.42,146.61,148.4,145.37,139.63,127.85,118.87,129.76,147.66,146.47,151.4,141.87,4.83,5.09,7.61,1207494.3,1193962.2666666666,178401842.0,173568683.0,1.05,0.07,6990765684.7506695,2.01,156,16.53,131,49.58,125,22.71,1.38,0.69,0.4,1.25,99.2,0.153,19.76,True,True,True,True,True,True,False,False,False,True,True,False,False,False,False,False,2026-11-11,False,False,4,"LoD>60% ATR, thin RVOL","EMA, near21",7,https://www.tradingview.com/chart/?symbol=NASDAQ:DUOL&interval=D,False,False,False
CXW,"CoreCivic, Inc.",NYSE,Miscellaneous Commercial Services,32.41,34.65,34.1,33.75,32.68,28.71,25.53,23.93,34.35,33.98,35.38,32.29,4.5,4.45,1.44,2220270.1,1850418.0333333334,59972048.0,62445441.0,0.94,-0.62,3205138087.5322165,-3.83,211,9.98,159,61.97,97,22.71,-0.19,-4.95,1.04,2.15,8.3,0.108,33.09,False,False,False,True,False,True,False,False,False,True,True,True,False,False,False,False,2026-11-09,False,False,5,thin RVOL,near21,4,https://www.tradingview.com/chart/?symbol=NYSE:CXW&interval=D,False,False,False
SN,"SharkNinja, Inc.",NYSE,Electronics/Appliances,167.5,167.46,175.26,178.25,170.43,148.32,136.67,131.92,168.92,171.82,169.05,165.26,4.46,3.97,6.66,2762188.2,1950896.6333333333,326775186.0,347739521.0,0.96,1.18,23595984878.144794,-6.94,256,22.49,106,51.97,120,22.51,-0.43,-4.43,0.63,0.57,33.7,0.224,25.88,False,False,False,True,False,True,True,True,False,True,False,True,False,True,False,False,2026-11-05,False,False,6,,"near21, ADR",6,https://www.tradingview.com/chart/?symbol=NYSE:SN&interval=D,False,False,False
BHVN,Biohaven Ltd.,NYSE,Pharmaceuticals: Major,14.22,13.4,14.44,14.37,14.37,13.09,12.07,11.91,13.67,14.01,14.49,13.56,7.37,7.92,1.13,3985260.1,3387902.6666666665,48175976.0,48692066.0,0.86,2.06,2147842497.7268724,4.56,128,-5.45,233,66.71,90,21.94,-0.14,-1.5,0.19,0.83,59.1,0.386,17.78,False,False,False,True,True,True,True,False,False,True,False,True,False,False,False,False,2026-11-17,False,True,4,"thin RVOL, large gap",near21,6,https://www.tradingview.com/chart/?symbol=NYSE:BHVN&interval=D,False,False,False
OUST,"Ouster, Inc.",NASDAQ,Semiconductors,38.12,35.26,35.32,38.04,38.37,38.96,33.12,30.68,35.5,36.31,38.54,35.99,4.52,6.72,2.56,2010835.2,2333370.2333333334,88948073.0,88762959.0,1.52,4.17,2748922158.267618,-3.52,207,-11.64,275,80.45,70,21.77,-0.1,7.92,0.74,1.0,83.2,0.15,21.72,False,False,False,True,False,True,True,False,False,True,False,False,True,True,True,False,2026-11-05,False,True,4,"LoD>60% ATR, large gap","near21, RVOL",4,https://www.tradingview.com/chart/?symbol=NASDAQ:OUST&interval=D,False,False,False
NWL,Newell Brands Inc.,NASDAQ,Industrial Machinery,5.6,5.79,5.91,5.96,5.75,5.13,4.77,4.6,5.73,5.82,5.64,5.31,5.09,5.17,0.29,6803879.8,6713018.033333333,37592901.0,40018538.0,0.98,1.09,2385039974.4525547,-3.61,210,12.22,149,55.99,111,21.53,-0.52,-5.25,0.75,1.12,100.1,0.151,23.48,False,False,False,True,False,True,False,False,False,True,True,False,False,False,False,False,2026-10-23,False,False,4,"LoD>60% ATR, thin RVOL",near21,3,https://www.tradingview.com/chart/?symbol=NASDAQ:NWL&interval=D,False,False,False
RIOT,"Riot Platforms, Inc.",NASDAQ,Information Technology Services,24.18,21.76,20.88,20.5,20.67,22.69,20.31,19.03,21.9,21.26,25.07,23.96,5.53,6.62,1.6,15618014.8,19615389.9,474300128.0,402131839.0,1.46,4.42,9073761208.906105,11.61,75,-10.77,267,63.38,93,21.4,2.56,15.78,2.08,0.69,13.4,0.3,15.13,True,True,True,True,False,False,True,False,False,False,False,True,False,False,True,False,2026-11-10,False,True,4,"thin RVOL, large gap","EMA, RVOL",7,https://www.tradingview.com/chart/?symbol=NASDAQ:RIOT&interval=D,False,False,False
CRML,Critical Metals Corp.,NASDAQ,Precious Metals,9.33,6.98,7.19,6.97,6.75,8.73,8.97,9.67,7.22,7.08,9.64,8.57,5.38,7.71,0.72,11217505.8,8905008.466666667,83083729.0,62070877.0,9.69,29.2,1370472024.3298664,55.5,5,-4.11,224,12.82,207,21.4,4.95,29.81,4.12,1.49,105.6,0.395,31.23,False,True,True,False,False,False,False,False,False,False,True,False,True,True,True,False,2027-03-03,False,True,2,"LoD>60% ATR, >4x 50-MA, below 200-MA, large gap","EMA, RVOL",3,https://www.tradingview.com/chart/?symbol=NASDAQ:CRML&interval=D,True,False,False
SMCIP,"Super Micro Computer, Inc. - Depositary Shares Each Representing a 1/20th Interest in a Share of 7% Series A Mandatory Convertible Preferred Stock",NASDAQ,Computer Processing Hardware,68.83,65.14,64.24,63.57,58.12,,,,65.29,63.83,69.74,67.69,4.08,4.98,3.43,826625.7,677051.9666666667,46601487.0,43042676.0,0.43,2.76,25680777315.0,9.39,85,18.1,125,35.63,148,21.04,3.7,7.15,1.58,0.6,33.3,0.152,10.2,False,True,True,False,False,False,True,True,False,True,False,True,False,True,False,False,2026-11-03,False,True,4,"below 200-MA, large gap","EMA, ADR",6,https://www.tradingview.com/chart/?symbol=NASDAQ:SMCIP&interval=D,False,False,False
MARA,"MARA Holdings, Inc.",NASDAQ,Data Processing Services,13.28,11.91,11.51,10.94,11.2,12.26,11.25,10.95,12.01,11.59,13.98,13.16,5.97,7.0,0.93,53112977.1,50520373.3,670910557.0,552819185.0,1.01,5.29,5130054833.389729,13.5,60,-5.35,230,54.78,113,20.98,2.65,15.35,2.09,0.88,12.9,0.262,9.83,True,True,True,True,False,False,True,False,False,False,False,True,False,False,False,False,2026-11-11,False,True,4,"thin RVOL, large gap",EMA,7,https://www.tradingview.com/chart/?symbol=NASDAQ:MARA&interval=D,False,False,False
SNAP,Snap Inc.,NYSE,Packaged Software,5.7,5.62,5.57,5.48,5.2,5.29,5.2,5.73,5.63,5.54,5.87,5.53,4.79,5.06,0.29,35285140.8,35817774.833333336,204161317.0,196102317.0,1.04,0.18,9639827685.732368,8.57,90,25.83,93,28.09,163,20.83,1.9,2.24,0.58,1.18,58.9,0.123,9.32,False,True,True,False,True,True,False,False,False,True,True,True,False,False,False,False,2026-10-15,False,False,4,"thin RVOL, below 200-MA","EMA, near21",6,https://www.tradingview.com/chart/?symbol=NYSE:SNAP&interval=D,False,False,False
QCOM,QUALCOMM Incorporated,NASDAQ,Semiconductors,194.23,182.28,173.95,170.11,168.62,187.72,170.14,168.67,182.28,176.63,195.31,179.23,4.58,4.6,8.94,19066781.7,12421446.9,2412617631.0,2112970927.0,1.02,1.63,203986929218.85495,19.22,38,-6.32,239,49.22,127,20.71,3.3,11.66,2.17,1.8,167.9,0.225,9.83,True,True,True,True,False,False,False,False,False,False,True,False,False,True,False,False,2026-11-11,False,False,5,LoD>60% ATR,EMA,5,https://www.tradingview.com/chart/?symbol=NASDAQ:QCOM&interval=D,False,False,False
UMAC,"Unusual Machines, Inc.",AMEX,Electronic Equipment/Instruments,24.25,23.58,23.85,25.36,23.43,21.94,19.66,18.07,23.6,23.98,24.79,23.76,6.39,8.41,2.04,2556835.4,4015378.033333333,97372917.0,101843372.0,0.86,4.7,1211445257.8623812,-7.93,275,13.11,144,56.86,106,20.68,0.42,1.67,0.13,0.51,24.0,0.17,23.85,True,True,False,True,True,True,True,True,False,True,False,True,False,False,False,False,2026-11-12,False,True,4,"thin RVOL, large gap","near21, ADR",9,https://www.tradingview.com/chart/?symbol=AMEX:UMAC&interval=D,False,False,False
GKOS,Glaukos Corporation,NYSE,Medical Specialties,161.53,169.55,174.92,178.39,171.13,151.75,138.99,132.77,168.07,171.89,166.74,160.23,4.22,4.18,6.75,844517.5,695006.2,112264351.0,123979608.0,0.98,1.5,9527675090.216654,-12.69,334,22.66,104,51.73,122,20.57,-1.34,-7.66,1.44,0.96,19.3,0.176,26.1,False,False,False,True,False,True,True,False,False,True,False,True,False,False,False,False,2026-11-04,False,False,5,thin RVOL,near21,5,https://www.tradingview.com/chart/?symbol=NYSE:GKOS&interval=D,False,False,False
KEEL,Keel Infrastructure Corp.,NASDAQ,Data Processing Services,4.07,3.63,3.46,3.44,3.72,4.36,3.68,3.41,3.65,3.58,4.19,4.02,6.02,7.8,0.32,36551802.6,38619592.6,157181742.0,132838525.0,1.0,4.11,2513522990.9875317,16.29,50,-34.04,398,79.3,73,20.52,1.21,17.51,1.76,0.54,15.8,0.303,23.33,False,True,True,True,False,False,True,True,False,True,False,True,False,False,False,False,2026-11-16,False,True,4,"thin RVOL, large gap","EMA, ADR",7,https://www.tradingview.com/chart/?symbol=NASDAQ:KEEL&interval=D,False,False,False
RHI,Robert Half Inc.,NYSE,Personnel Services,36.96,37.86,41.04,41.75,40.77,35.11,31.71,30.85,38.38,39.76,37.99,36.85,4.2,4.28,1.58,2031629.0,1926551.3,71205336.0,80436728.0,0.61,0.59,3783293406.4719105,-15.77,372,24.74,97,49.27,126,19.41,-2.19,-9.94,1.65,0.72,7.0,0.322,27.56,False,False,False,True,False,False,True,True,False,True,False,True,False,False,False,False,2026-10-27,False,False,5,thin RVOL,ADR,5,https://www.tradingview.com/chart/?symbol=NYSE:RHI&interval=D,False,False,False
AUR,"Aurora Innovation, Inc.",NASDAQ,Packaged Software,6.51,6.43,6.13,6.3,6.32,6.52,5.85,5.48,6.37,6.32,6.61,6.03,4.88,5.41,0.35,32773026.8,31018594.933333334,201931053.0,195401639.0,1.75,3.65,13046991111.000002,5.68,118,2.68,192,49.66,124,19.34,0.57,6.13,0.57,1.65,136.3,0.234,15.96,False,True,True,True,False,True,False,False,False,True,True,False,True,True,True,False,2026-11-04,False,True,4,"LoD>60% ATR, large gap","EMA, near21, RVOL",5,https://www.tradingview.com/chart/?symbol=NASDAQ:AUR&interval=D,False,False,False
CCXI,Churchill Capital Corp. XI Class A,NASDAQ,Financial Conglomerates,13.58,12.66,13.26,14.11,14.4,12.98,,,12.84,13.31,13.64,12.81,4.84,6.31,0.86,2557580.9,2394066.5,32511423.0,33778682.0,0.98,1.01,756405997.8945737,-6.34,247,30.08,83,33.66,157,19.13,-0.9,2.39,0.32,0.97,89.9,0.252,12.76,False,False,False,False,True,True,True,False,False,True,False,False,False,False,False,False,,False,False,3,"LoD>60% ATR, thin RVOL, below 200-MA",near21,4,https://www.tradingview.com/chart/?symbol=NASDAQ:CCXI&interval=D,False,False,False
CLF,Cleveland-Cliffs Inc.,NYSE,Steel,12.07,12.12,11.96,11.93,11.52,11.47,10.8,11.42,12.16,12.01,12.76,12.0,4.44,5.0,0.6,12636976.7,13850921.533333333,167180623.0,165223026.0,1.39,1.52,6886418271.2128,8.74,86,4.96,178,42.0,140,18.57,0.95,0.88,0.11,1.25,10.8,0.133,10.97,False,False,False,True,True,True,False,False,False,True,True,True,False,False,True,False,2026-10-26,False,False,5,thin RVOL,"near21, RVOL",5,https://www.tradingview.com/chart/?symbol=NYSE:CLF&interval=D,False,False,False
IT,"Gartner, Inc.",NYSE,Internet Software/Services,183.32,183.37,188.84,188.16,173.7,160.75,159.27,175.26,186.49,185.48,192.91,183.23,4.44,4.74,8.7,1256255.4,1241564.1333333333,227603537.0,233612293.0,0.56,1.51,11576470089.59931,-5.08,228,41.04,67,19.35,186,18.43,1.17,-2.92,0.25,1.11,1.0,0.199,16.13,False,False,False,True,True,True,False,False,False,True,True,True,False,True,False,False,2026-11-03,False,False,6,,near21,5,https://www.tradingview.com/chart/?symbol=NYSE:IT&interval=D,False,False,False
OMDA,"Omada Health, Inc.",NASDAQ,Internet Software/Services,20.61,20.56,22.07,22.74,22.28,20.12,17.8,17.09,20.75,21.51,20.73,20.12,5.31,5.31,1.09,1779380.3,1379563.3333333333,28432800.0,31369431.0,0.44,-0.05,1261676236.431718,-13.07,342,15.79,134,51.88,121,18.2,-1.41,-6.6,0.78,0.56,44.8,0.307,25.18,False,False,False,True,False,True,True,True,False,True,False,True,False,False,False,False,2026-11-05,False,False,5,thin RVOL,"near21, ADR",6,https://www.tradingview.com/chart/?symbol=NASDAQ:OMDA&interval=D,False,False,False
BLLN,"BillionToOne, Inc.",NASDAQ,Medical/Nursing Services,103.86,102.46,99.21,97.65,109.89,104.32,95.66,94.67,102.99,101.94,107.21,103.62,4.93,5.56,5.78,638262.5,615494.1,63925217.0,60100639.0,0.59,0.65,4900845504.912009,8.59,88,5.62,175,39.48,144,17.9,-0.99,4.69,0.34,0.62,4.2,0.19,14.66,False,False,True,True,False,True,True,True,False,True,False,True,False,False,False,False,2026-12-15,False,False,5,thin RVOL,"EMA, near21, ADR",7,https://www.tradingview.com/chart/?symbol=NASDAQ:BLLN&interval=D,False,False,False
VOYG,"Voyager Technologies, Inc.",NYSE,Information Technology Services,37.66,34.88,34.45,36.88,33.46,34.96,32.54,31.59,35.4,35.17,37.82,36.13,5.54,6.24,2.35,1659939.0,1446289.2666666666,54467254.0,53344933.0,0.67,0.95,2298354276.551436,-3.04,199,11.12,154,44.85,133,17.64,2.01,9.32,1.14,0.72,65.1,0.148,8.95,True,True,True,True,False,True,True,False,False,True,False,False,False,False,False,False,2026-11-09,False,False,4,"LoD>60% ATR, thin RVOL","EMA, near21",7,https://www.tradingview.com/chart/?symbol=NYSE:VOYG&interval=D,False,False,False
BTDR,Bitdeer Technologies Group,NASDAQ,Data Processing Services,13.14,11.94,11.51,10.81,11.01,13.22,11.94,12.01,11.94,11.56,13.66,12.99,6.1,7.47,0.98,9707717.5,13703152.633333333,180059426.0,148133364.0,1.32,3.89,3571218788.8080187,18.43,42,-20.22,326,53.15,117,17.12,2.59,14.17,1.83,0.68,15.3,0.286,16.83,False,True,True,True,False,False,True,False,False,False,False,True,False,False,True,False,2026-11-16,False,True,4,"thin RVOL, large gap","EMA, RVOL",6,https://www.tradingview.com/chart/?symbol=NASDAQ:BTDR&interval=D,False,False,False
AFRM,"Affirm Holdings, Inc.",NASDAQ,Finance/Rental/Leasing,71.05,70.93,73.05,74.02,74.69,72.92,65.68,66.71,71.54,72.61,73.16,70.04,4.44,5.01,3.56,4029177.4,4936728.5,350754560.0,365436390.0,1.0,1.67,23973779647.371857,-6.28,243,1.56,197,54.46,114,16.58,-0.97,-2.73,0.43,0.88,28.4,0.164,12.67,False,False,False,True,True,True,True,False,False,True,False,True,False,True,False,False,2026-11-11,False,False,6,,near21,6,https://www.tradingview.com/chart/?symbol=NASDAQ:AFRM&interval=D,False,False,False
TARS,"Tarsus Pharmaceuticals, Inc.",NASDAQ,Pharmaceuticals: Major,77.46,80.08,78.22,75.63,69.16,65.84,66.9,68.78,78.87,77.26,78.57,76.39,4.76,4.06,3.14,692777.4,746704.7333333333,57839749.0,56476639.0,0.61,0.0,3624483905.56819,8.0,94,21.26,114,20.37,183,16.54,2.96,-0.97,0.06,0.69,34.1,0.272,18.38,False,False,False,True,True,True,True,True,False,True,False,True,False,False,False,False,2026-11-10,False,False,5,thin RVOL,"near21, ADR",7,https://www.tradingview.com/chart/?symbol=NASDAQ:TARS&interval=D,False,False,False
COIN,"Coinbase Global, Inc.",NASDAQ,Investment Banks/Brokers,201.05,179.85,181.68,173.27,167.5,171.32,176.29,188.91,183.07,178.5,208.33,200.65,5.0,6.31,12.68,11688703.7,10516650.033333333,2114372489.0,1822202424.0,1.31,5.63,53044428850.0,11.66,74,28.07,89,8.92,226,16.22,3.18,10.66,2.0,0.61,3.2,0.199,10.65,True,True,True,True,False,False,True,False,False,False,False,True,False,True,True,False,2026-10-29,False,True,5,large gap,"EMA, RVOL",7,https://www.tradingview.com/chart/?symbol=NASDAQ:COIN&interval=D,False,False,False
CLSK,"CleanSpark, Inc.",NASDAQ,Data Processing Services,14.76,13.45,12.76,12.48,13.02,14.09,12.78,12.6,13.48,13.07,15.18,14.68,5.9,6.68,0.99,18712532.8,18875437.633333333,278601459.0,235640963.0,1.29,4.46,3790620135.889426,12.29,68,-10.87,269,46.72,129,16.05,2.0,15.66,1.93,0.51,8.1,0.295,10.11,True,True,True,True,False,False,True,True,False,True,False,True,False,False,True,False,2026-12-16,False,True,4,"thin RVOL, large gap","EMA, ADR, RVOL",8,https://www.tradingview.com/chart/?symbol=NASDAQ:CLSK&interval=D,False,False,False
ERO,Ero Copper Corp.,NYSE,Other Metals/Minerals,34.7,34.73,36.05,35.85,32.29,30.01,29.52,29.52,34.44,34.72,34.95,33.63,4.49,5.49,1.9,1395279.9,1602269.9,55598766.0,57441376.0,1.05,1.43,3619301383.4068685,-7.81,274,22.27,108,33.67,156,16.04,1.36,-3.75,0.01,0.69,56.3,0.27,18.82,False,False,False,True,False,True,True,False,False,True,False,True,False,False,False,False,2026-11-10,False,False,5,thin RVOL,near21,5,https://www.tradingview.com/chart/?symbol=NYSE:ERO&interval=D,False,False,False
BSP,Bending Spoons S.p.A.,NASDAQ,Packaged Software,38.81,39.04,40.51,41.47,39.01,,,,39.26,39.85,38.99,36.91,5.96,7.25,2.81,2085238.2,1958451.2333333334,76007492.0,81222848.0,0.94,1.5,24652863098.857937,-2.8,196,25.19,94,25.19,166,15.86,-0.07,-4.19,0.36,0.74,67.5,0.199,3.86,False,False,False,False,False,True,True,False,False,True,False,False,False,True,False,True,2026-12-02,False,False,4,"LoD>60% ATR, below 200-MA",near21,4,https://www.tradingview.com/chart/?symbol=NASDAQ:BSP&interval=D,False,False,False
SANM,Sanmina Corporation,NASDAQ,Electronic Production Equipment,209.47,201.94,197.89,199.18,199.51,220.24,195.37,185.84,200.52,199.75,210.18,194.74,4.52,5.17,10.82,549177.7,582269.0333333333,121967894.0,115975958.0,1.53,0.87,11227037791.462067,8.43,92,-13.8,289,52.89,118,15.84,0.97,5.85,0.94,1.43,136.1,0.153,16.42,False,True,True,True,False,True,False,False,False,True,True,False,True,True,True,False,2026-11-09,False,False,5,LoD>60% ATR,"EMA, near21, RVOL",5,https://www.tradingview.com/chart/?symbol=NASDAQ:SANM&interval=D,False,False,False
HIVE,HIVE Digital Technologies Ltd,NASDAQ,Information Technology Services,3.48,3.11,3.0,2.93,2.95,3.28,2.91,2.9,3.14,3.04,3.6,3.47,4.87,6.11,0.21,13462723.399999995,20936500.566666666,72859022.0,61431182.0,1.07,4.99,954485148.5762006,7.41,102,-23.52,342,62.62,95,15.5,2.96,16.13,2.34,0.61,4.7,0.272,10.88,True,True,True,True,False,False,True,False,False,False,False,True,False,False,False,False,2026-11-16,False,True,4,"thin RVOL, large gap",EMA,7,https://www.tradingview.com/chart/?symbol=NASDAQ:HIVE&interval=D,False,False,False
SIG,Signet Jewelers Limited,NYSE,Specialty Stores,98.63,98.71,90.8,89.98,91.03,87.68,88.68,88.81,97.57,93.94,101.42,97.86,4.18,4.34,4.28,1620516.4,972583.3333333334,95925894.0,87514345.0,0.59,0.92,3779229441.9225936,20.49,37,15.7,135,9.36,223,15.18,1.92,8.62,1.15,0.83,18.0,0.391,11.19,False,False,True,True,False,True,True,False,False,True,False,True,False,False,False,False,2026-12-08,False,False,5,thin RVOL,"EMA, near21",6,https://www.tradingview.com/chart/?symbol=NYSE:SIG&interval=D,False,False,False
ARXS,"Arxis, Inc.",NASDAQ,Aerospace & Defense,51.21,51.13,51.94,53.48,50.98,45.56,,,51.17,51.77,53.83,50.74,4.48,5.0,2.56,1058222.2,696282.6333333333,35656634.0,37234642.0,0.97,0.62,22062616982.837368,-5.48,233,16.2,133,34.76,154,15.16,0.09,-1.4,0.22,1.21,18.5,0.112,12.46,False,False,False,False,True,True,False,False,False,True,True,True,False,True,False,False,2026-12-02,False,False,5,below 200-MA,near21,4,https://www.tradingview.com/chart/?symbol=NASDAQ:ARXS&interval=D,False,False,False
AI,"C3.ai, Inc.",NYSE,Packaged Software,10.84,10.65,10.5,10.39,9.87,9.77,9.51,10.47,10.65,10.49,10.97,10.49,4.61,4.66,0.51,5031215.8,5196241.4,56327257.0,54006269.0,0.8,1.91,1704913623.6488547,3.93,135,12.8,146,27.38,164,14.7,2.12,3.23,0.72,0.95,69.2,0.131,10.57,True,True,True,True,False,True,True,False,False,True,False,False,False,False,False,False,2026-12-09,False,False,4,"LoD>60% ATR, thin RVOL","EMA, near21",7,https://www.tradingview.com/chart/?symbol=NYSE:AI&interval=D,False,False,False
PBLS,"Parabilis Medicines, Inc.",NASDAQ,Pharmaceuticals: Major,36.93,38.0,38.76,38.48,35.86,,,,38.45,38.17,42.32,34.72,7.4,7.64,2.82,1589599.3,779898.2333333333,28801642.0,30007624.0,1.17,-0.36,4562082650.370238,-6.29,245,39.31,71,10.73,218,14.58,0.39,-4.71,0.43,2.69,78.2,0.174,7.84,False,False,False,False,False,True,False,False,False,True,True,False,False,False,False,False,2026-12-02,False,False,3,"LoD>60% ATR, thin RVOL, below 200-MA",near21,2,https://www.tradingview.com/chart/?symbol=NASDAQ:PBLS&interval=D,False,False,False
CCC,CCC Intelligent Solutions Holdings Inc.,NASDAQ,Packaged Software,6.5,6.69,7.05,7.07,6.7,5.78,5.74,6.17,6.7,6.84,6.63,6.4,4.85,4.83,0.31,14365035.3,10728833.466666667,69737418.0,75813514.0,0.63,1.22,3828465595.648855,-12.28,329,48.74,53,7.26,230,14.57,-0.62,-7.74,1.02,0.73,31.8,0.223,20.09,False,False,False,True,False,True,True,True,False,True,False,True,False,False,False,False,2026-10-29,False,False,5,thin RVOL,"near21, ADR",6,https://www.tradingview.com/chart/?symbol=NASDAQ:CCC&interval=D,False,False,False
AXGN,"Axogen, Inc.",NASDAQ,Medical Specialties,45.93,44.76,47.29,47.8,45.28,43.94,40.41,38.42,45.44,46.18,46.58,44.32,5.07,5.14,2.36,1618631.9,1095211.7666666666,50303076.0,52355686.0,0.77,1.33,2694782546.4092245,-1.23,186,4.24,182,40.16,142,14.39,0.28,-2.88,0.11,0.96,68.2,0.254,19.31,False,False,False,True,True,True,True,False,False,True,False,False,False,False,False,False,2026-11-10,False,False,4,"LoD>60% ATR, thin RVOL",near21,5,https://www.tradingview.com/chart/?symbol=NASDAQ:AXGN&interval=D,False,False,False
ACHC,"Acadia Healthcare Company, Inc.",NASDAQ,Medical/Nursing Services,28.37,28.16,28.48,28.83,30.16,28.14,26.72,23.56,28.29,28.56,29.14,28.31,4.31,4.84,1.37,1399722.2,1493088.0666666667,42358908.0,43045729.0,1.12,0.0,2641254741.915637,4.42,130,13.39,142,25.03,168,14.28,-1.22,-0.39,0.13,0.6,4.4,0.116,23.26,False,False,False,True,True,True,True,True,False,True,False,True,False,False,False,False,2026-11-04,False,False,5,thin RVOL,"near21, ADR",7,https://www.tradingview.com/chart/?symbol=NASDAQ:ACHC&interval=D,False,False,False
SG,"Sweetgreen, Inc.",NYSE,Restaurants,7.48,6.98,6.9,6.62,6.53,7.38,6.85,6.83,7.01,6.86,7.62,7.23,5.79,5.84,0.44,5380099.9,5145994.5,38492039.0,34076776.0,1.1,0.97,890429021.3850416,13.16,62,-10.1,263,39.03,145,14.03,2.48,8.43,1.55,0.89,57.2,0.132,11.36,True,True,True,True,False,False,True,False,False,False,False,True,False,False,False,False,2026-11-05,False,False,5,thin RVOL,EMA,7,https://www.tradingview.com/chart/?symbol=NYSE:SG&interval=D,False,False,False
LITE,Lumentum Holdings Inc.,NASDAQ,Electrical Products,954.49,920.26,904.57,896.01,844.82,866.17,825.78,716.99,912.44,899.08,983.45,946.0,5.85,6.93,66.15,5249427.0,4833581.466666667,4613605174.0,4330951025.0,0.92,3.05,85617747617.01723,6.22,113,14.7,139,19.99,185,13.64,1.87,5.52,0.89,0.57,12.8,0.205,21.3,True,True,True,True,False,True,True,True,False,True,False,True,False,True,False,False,2026-11-10,False,True,5,large gap,"EMA, near21, ADR",9,https://www.tradingview.com/chart/?symbol=NASDAQ:LITE&interval=D,False,False,False
CBRL,"Cracker Barrel Old Country Store, Inc.",NASDAQ,Restaurants,44.87,47.54,51.7,53.57,54.02,46.46,40.82,37.99,47.34,50.25,46.29,44.16,4.88,5.17,2.32,1057445.2,854263.0666666667,38330784.0,45766717.0,1.69,1.75,1002910104.2019528,-18.93,401,-2.82,219,62.4,96,13.55,-3.27,-13.21,2.07,0.92,30.4,0.38,35.74,False,False,False,True,False,False,True,False,False,False,False,True,True,True,True,False,2026-09-23,True,False,5,earnings soon,RVOL,3,https://www.tradingview.com/chart/?symbol=NASDAQ:CBRL&interval=D,False,False,False
PATH,"UiPath, Inc.",NYSE,Packaged Software,13.59,13.85,15.66,15.74,14.39,12.63,12.08,12.91,14.22,14.8,13.79,13.44,6.23,6.4,0.87,55654339.4,64110307.5,871259079.0,1008797059.0,0.76,1.19,7082506024.911128,-14.26,358,32.33,79,21.77,181,13.28,-0.87,-13.2,1.28,0.4,17.2,0.504,26.32,False,False,False,True,False,True,True,True,False,True,False,True,False,False,False,False,2026-12-09,False,False,5,thin RVOL,"near21, ADR",6,https://www.tradingview.com/chart/?symbol=NYSE:PATH&interval=D,False,False,False
KSS,Kohl's Corporation,NYSE,Department Stores,17.43,17.08,17.7,18.05,18.2,16.81,16.07,17.12,17.17,17.58,17.8,16.78,4.97,5.35,0.93,3826501.0,4350032.966666667,75821075.0,78502145.0,1.13,2.72,1976151292.3287008,-0.46,176,1.07,204,38.88,146,13.17,-0.79,-1.53,0.16,1.09,69.2,0.206,12.2,False,False,False,True,True,True,False,False,False,True,True,False,False,False,False,False,2026-11-12,False,True,3,"LoD>60% ATR, thin RVOL, large gap",near21,4,https://www.tradingview.com/chart/?symbol=NYSE:KSS&interval=D,False,False,False
EAT,"Brinker International, Inc.",NYSE,Restaurants,200.3,208.98,222.47,227.0,216.6,184.12,171.33,167.15,208.79,215.94,202.33,197.3,4.36,4.72,9.45,1990986.9,1325243.2,265446213.0,300825789.0,0.58,2.49,8365531956.019522,-14.15,354,22.55,105,30.92,160,13.1,-1.6,-9.96,1.54,0.53,31.8,0.284,27.62,False,False,False,True,False,False,True,True,False,True,False,True,False,False,False,False,2026-11-04,False,True,4,"thin RVOL, large gap",ADR,5,https://www.tradingview.com/chart/?symbol=NYSE:EAT&interval=D,False,False,False
MNDY,monday.com Ltd.,NASDAQ,Packaged Software,87.96,88.44,92.26,91.11,88.06,82.64,78.74,92.0,89.83,90.34,87.99,83.82,5.58,6.13,5.39,1292795.6,1357322.9666666666,119390128.0,123669315.0,0.85,-0.15,3718431168.883825,-3.13,202,23.16,103,17.61,192,12.55,-0.02,-4.66,0.43,0.77,76.8,0.243,15.37,False,False,False,False,False,True,True,False,False,True,False,False,False,False,False,False,2026-11-16,False,False,3,"LoD>60% ATR, thin RVOL, below 200-MA",near21,3,https://www.tradingview.com/chart/?symbol=NASDAQ:MNDY&interval=D,False,False,False
IBRX,"ImmunityBio, Inc.",NASDAQ,Pharmaceuticals: Major,8.45,8.18,8.11,7.99,7.75,7.77,7.9,6.9,8.23,8.1,8.87,8.26,5.28,5.62,0.47,11562224.7,8702117.1,73532889.0,69544419.0,1.13,2.83,8955616282.606133,7.64,98,19.86,119,9.03,225,12.18,1.6,4.13,0.78,1.28,40.0,0.122,15.13,True,True,True,True,False,True,False,False,False,True,True,True,False,False,False,False,2026-11-05,False,True,4,"thin RVOL, large gap","EMA, near21",7,https://www.tradingview.com/chart/?symbol=NASDAQ:IBRX&interval=D,False,False,False
SHOP,Shopify Inc.,NASDAQ,Miscellaneous Commercial Services,137.92,130.5,139.31,143.18,136.38,124.14,123.58,130.25,133.3,136.29,138.03,126.39,4.15,4.45,6.14,10621031.1,8029658.8,1107450542.0,1149721342.0,1.72,0.23,177453940934.50385,-6.59,253,27.88,90,14.91,199,12.07,0.25,-1.0,0.27,1.9,187.7,0.28,11.41,False,False,False,True,True,True,False,False,False,True,True,False,True,True,True,False,2026-10-22,False,False,5,LoD>60% ATR,"near21, RVOL",4,https://www.tradingview.com/chart/?symbol=NASDAQ:SHOP&interval=D,False,False,False
IOT,Samsara Inc.,NYSE,Packaged Software,38.05,39.84,39.82,39.79,38.61,35.42,33.66,33.8,39.7,39.6,40.0,38.03,6.03,5.95,2.26,7508617.2,6874923.3,261590832.0,273525698.0,0.61,0.86,22282277954.283184,-2.44,193,21.26,115,17.08,196,11.97,-0.24,-4.45,0.66,0.87,0.9,0.144,16.24,False,False,False,True,False,True,True,False,False,True,False,True,False,True,False,False,2026-11-26,False,False,6,,near21,5,https://www.tradingview.com/chart/?symbol=NYSE:IOT&interval=D,False,False,False
INFQ,"Infleqtion, Inc.",NYSE,Computer Processing Hardware,13.96,13.22,13.18,13.0,11.81,12.77,12.52,13.26,13.27,13.02,14.29,13.45,5.49,6.78,0.95,9450271.5,9371087.466666667,130820381.0,121827261.0,1.15,2.72,3145984174.781557,10.18,81,-4.09,223,28.66,162,11.59,2.68,5.91,1.06,0.89,53.9,0.152,10.35,True,True,True,True,False,True,True,False,False,True,False,True,False,False,False,False,2026-12-02,False,True,4,"thin RVOL, large gap","EMA, near21",8,https://www.tradingview.com/chart/?symbol=NYSE:INFQ&interval=D,False,False,False
FLEX,Flex Ltd.,NASDAQ,Electronic Production Equipment,111.61,110.41,109.86,113.28,116.36,128.0,108.65,97.5,109.93,111.44,111.97,107.8,4.06,4.96,5.53,3553517.900000001,3110372.4999999916,347148675.0,352328482.0,0.81,1.82,41229064519.26818,-0.74,179,-24.88,348,59.72,100,11.37,-0.82,1.6,0.03,0.75,68.9,0.101,27.33,False,False,False,True,True,True,True,False,False,True,False,False,False,True,False,False,2026-11-04,False,False,5,LoD>60% ATR,near21,5,https://www.tradingview.com/chart/?symbol=NASDAQ:FLEX&interval=D,False,False,False
VSH,"Vishay Intertechnology, Inc.",NYSE,Electronic Production Equipment,32.62,31.82,31.29,31.96,33.93,40.98,34.06,29.8,31.87,32.09,33.54,32.24,4.21,5.73,1.87,2990492.5,3508291.3333333335,114440463.0,112114466.0,0.63,3.17,5003236485.542909,2.14,155,-45.03,423,76.04,81,11.05,-0.68,4.25,0.29,0.7,20.4,0.109,34.28,False,False,False,True,False,True,True,False,False,True,False,True,False,False,False,False,2026-11-11,False,True,4,"thin RVOL, large gap",near21,5,https://www.tradingview.com/chart/?symbol=NYSE:VSH&interval=D,False,False,False
RBLX,Roblox Corporation,NYSE,Packaged Software,51.25,47.52,43.77,41.72,43.81,45.66,50.38,57.6,47.35,45.07,51.54,49.67,4.12,4.71,2.41,10028553.2,10829904.2,555032590.0,451838043.0,0.95,6.44,36611766381.848595,32.29,16,9.74,162,-9.44,306,10.87,3.61,17.09,2.91,0.78,65.5,0.396,26.99,False,True,True,False,False,False,True,False,False,False,False,False,False,True,False,False,2026-11-11,False,True,3,"LoD>60% ATR, below 200-MA, large gap",EMA,4,https://www.tradingview.com/chart/?symbol=NYSE:RBLX&interval=D,True,False,False
JHX,James Hardie Industries plc.,NYSE,Construction Materials,26.65,27.6,28.66,29.26,28.18,25.52,24.11,23.63,27.35,28.11,26.75,25.54,4.11,4.0,1.07,17909195.9,9904211.333333334,263947232.0,289820333.0,0.95,1.84,15470925027.536793,-14.03,352,10.72,158,34.87,153,10.52,-1.36,-7.01,1.3,1.13,103.7,0.204,18.86,False,False,False,True,False,True,False,False,False,True,True,False,False,True,False,False,2026-11-09,False,False,5,LoD>60% ATR,near21,3,https://www.tradingview.com/chart/?symbol=NYSE:JHX&interval=D,False,False,False
TDW,Tidewater Inc.,NYSE,Marine Shipping,85.57,89.87,91.85,92.33,86.04,80.81,80.83,75.19,89.32,90.1,86.65,84.87,4.35,4.1,3.51,641041.6,616672.3333333334,52768652.0,56934479.0,0.67,-0.81,4257640669.504672,-11.65,318,30.05,84,12.96,205,10.45,-0.13,-6.84,1.23,0.51,20.0,0.148,19.48,False,False,False,True,False,True,True,True,False,True,False,True,False,False,False,False,2026-11-11,False,False,5,thin RVOL,"near21, ADR",6,https://www.tradingview.com/chart/?symbol=NYSE:TDW&interval=D,False,False,False
SEZL,Sezzle Inc.,NASDAQ,Packaged Software,116.55,117.69,119.62,120.6,138.6,133.15,112.09,101.28,117.75,121.3,119.53,115.91,4.13,5.54,6.46,418835.89999999997,536131.4333333333,62486119.0,64655485.0,1.98,1.5,3924823042.0,-0.89,181,-21.45,332,53.54,115,10.4,-2.87,-2.57,0.71,0.56,9.9,0.111,32.02,False,False,False,True,True,True,True,False,False,True,False,True,True,True,True,False,2026-11-05,False,False,6,,"near21, RVOL",6,https://www.tradingview.com/chart/?symbol=NASDAQ:SEZL&interval=D,False,False,False
CRDO,Credo Technology Group Holding Ltd,NASDAQ,Information Technology Services,187.27,165.23,186.68,208.03,212.25,218.57,187.26,175.83,173.21,185.81,188.76,176.49,5.32,7.58,14.2,8970199.3,7306462.7,1368281270.0,1519962218.0,1.25,2.85,35197755853.12594,-19.64,408,-32.55,389,83.24,68,10.35,-1.55,0.31,0.1,0.86,75.9,0.649,28.48,False,False,False,True,True,True,True,False,False,True,False,False,False,True,True,False,2026-12-02,False,True,4,"LoD>60% ATR, large gap","near21, RVOL",5,https://www.tradingview.com/chart/?symbol=NASDAQ:CRDO&interval=D,False,False,False
WOLF,"Wolfspeed, Inc.",NYSE,Semiconductors,27.71,25.59,26.06,27.44,27.54,38.89,32.71,29.15,25.7,26.39,28.22,26.23,6.3,8.44,2.34,2346510.5000001146,3298682.2333333553,91406485.0,90531234.0,1.16,5.51,1466706067.3040252,3.16,148,-41.54,419,65.93,91,9.18,0.07,6.32,0.59,0.85,63.3,0.23,47.99,False,True,False,False,False,True,True,False,False,True,False,False,False,False,False,False,2026-10-28,False,True,2,"LoD>60% ATR, thin RVOL, below 200-MA, large gap",near21,4,https://www.tradingview.com/chart/?symbol=NYSE:WOLF&interval=D,False,False,False
SEI,"Solaris Energy Infrastructure, Inc.",NYSE,Oilfield Services/Equipment,69.09,65.85,59.04,59.25,58.72,66.3,63.64,60.52,64.96,61.88,71.4,68.23,5.07,6.25,4.32,3548981.4,2694384.3666666667,186155016.0,159636885.0,0.73,2.33,5538651292.593023,25.62,28,-10.2,264,11.44,214,8.95,2.83,17.02,1.87,0.73,19.9,0.489,10.98,True,True,True,True,False,False,True,False,False,False,False,True,False,False,False,False,2026-11-02,False,True,4,"thin RVOL, large gap",EMA,7,https://www.tradingview.com/chart/?symbol=NYSE:SEI&interval=D,False,False,False
CNXC,Concentrix Corporation,NASDAQ,Information Technology Services,27.53,28.2,29.0,27.61,26.45,25.71,27.1,30.29,28.47,28.24,28.35,26.7,6.89,6.49,1.79,1772030.6,1379188.9333333333,37969071.0,38082625.0,0.7,-0.47,1679835295.5177612,8.43,91,12.83,145,4.64,237,8.63,0.63,-5.07,0.39,0.93,46.7,0.27,16.66,False,False,False,False,False,True,True,False,False,True,False,True,False,False,False,False,2026-09-29,False,False,4,"thin RVOL, below 200-MA",near21,4,https://www.tradingview.com/chart/?symbol=NASDAQ:CNXC&interval=D,False,False,False
FIVE,"Five Below, Inc.",NASDAQ,Discount Stores,236.14,241.75,245.65,243.76,230.15,217.41,219.93,212.57,239.94,240.64,241.67,235.3,4.51,4.11,9.71,1159420.3,1191527.6333333333,281367335.0,290442407.0,0.85,0.96,13000459835.086273,-1.55,189,25.97,91,1.21,254,8.54,0.63,-3.87,0.46,0.66,8.7,0.13,14.01,False,False,False,True,False,True,True,True,False,True,False,True,False,True,False,False,2026-12-02,False,False,6,,"near21, ADR",6,https://www.tradingview.com/chart/?symbol=NASDAQ:FIVE&interval=D,False,False,False
ACMR,"ACM Research, Inc.",NASDAQ,Industrial Machinery,72.77,69.98,72.38,75.18,78.53,81.03,70.77,65.15,69.92,72.42,73.4,70.61,4.78,6.63,4.82,1004712.6,916585.6333333349,66699937.0,68905394.0,1.72,4.3,5068372062.004232,-8.59,284,-22.63,337,56.19,110,8.32,-1.11,0.54,0.07,0.58,44.8,0.258,21.82,False,False,False,True,True,True,True,False,False,True,False,True,True,True,True,False,2026-11-11,False,True,5,large gap,"near21, RVOL",6,https://www.tradingview.com/chart/?symbol=NASDAQ:ACMR&interval=D,False,False,False
BRZE,"Braze, Inc.",NASDAQ,Internet Software/Services,25.4,25.29,28.98,29.08,27.52,24.99,23.49,24.6,26.05,27.35,25.41,24.01,5.49,6.3,1.6,3605797.4,2880163.6333333333,73156156.0,83761879.0,0.51,1.11,2885044478.436349,-16.83,386,28.74,87,12.69,209,8.2,-1.22,-12.34,1.13,0.87,86.8,0.553,21.62,False,False,False,True,False,True,True,False,False,True,False,False,False,False,False,False,2026-12-15,False,False,4,"LoD>60% ATR, thin RVOL",near21,4,https://www.tradingview.com/chart/?symbol=NASDAQ:BRZE&interval=D,False,False,False
FIGR,"Figure Technology Solutions, Inc.",NASDAQ,Finance/Rental/Leasing,35.29,35.45,36.06,35.17,32.54,32.77,32.96,36.87,35.07,34.97,37.46,35.0,7.39,7.3,2.58,5195404.9,4954499.3,174844280.0,174257998.0,0.78,5.4,7918295359.147647,-4.65,222,25.16,95,3.86,239,8.12,1.16,-2.14,0.12,0.95,11.3,0.228,12.28,False,False,True,False,True,True,True,False,False,True,False,True,False,False,False,False,2026-11-12,False,True,3,"thin RVOL, below 200-MA, large gap","EMA, near21",6,https://www.tradingview.com/chart/?symbol=NASDAQ:FIGR&interval=D,False,False,False
RELY,"Remitly Global, Inc.",NASDAQ,Miscellaneous Commercial Services,21.59,22.43,24.39,24.63,24.3,22.96,21.0,19.19,22.63,23.58,22.06,21.56,4.98,4.84,1.05,4644513.5,3766638.433333333,81321724.0,92764144.0,0.84,0.14,4570258735.488372,-12.8,336,4.96,177,31.33,159,7.83,-2.3,-11.47,1.74,0.48,3.3,0.346,24.08,False,False,False,True,False,False,True,True,False,True,False,True,False,False,False,False,2026-11-04,False,False,5,thin RVOL,ADR,5,https://www.tradingview.com/chart/?symbol=NASDAQ:RELY&interval=D,False,False,False
AGCO,AGCO Corporation,NYSE,Trucks/Construction/Farm Machinery,119.9,122.45,120.4,114.04,113.27,114.31,116.92,115.95,121.2,119.04,122.25,118.7,4.17,3.73,4.47,1096295.7,1146142.2666666666,137422458.0,130702244.0,0.73,0.5,8396803654.591369,14.58,58,6.84,171,1.53,249,7.65,1.57,-0.41,0.19,0.79,26.9,0.206,7.65,False,False,False,True,True,True,True,True,False,True,False,True,False,False,False,False,2026-11-03,False,False,5,thin RVOL,"near21, ADR",7,https://www.tradingview.com/chart/?symbol=NYSE:AGCO&interval=D,False,False,False
CLS,"Celestica, Inc.",NYSE,Electronic Components,344.4,329.9,315.79,317.13,323.11,350.15,336.67,328.93,327.67,322.84,348.0,333.1,4.85,5.67,19.53,2152778.7,2252457.9,775746501.0,714315967.0,0.92,2.65,43432668290.36527,13.07,63,-2.63,218,12.5,211,7.65,1.16,9.06,1.18,0.76,57.9,0.222,9.98,False,True,True,True,False,True,True,False,False,True,False,True,False,True,False,False,2026-10-26,False,True,5,large gap,"EMA, near21",7,https://www.tradingview.com/chart/?symbol=NYSE:CLS&interval=D,False,False,False
AMBA,"Ambarella, Inc.",NASDAQ,Semiconductors,68.85,66.1,67.19,71.01,71.95,73.29,68.02,68.39,66.56,68.13,69.38,66.75,5.85,6.13,4.22,2097382.6,1525735.4333333333,105046885.0,108348576.0,0.49,1.5,3039106001.5102034,-6.05,241,3.71,186,25.05,167,7.57,-0.7,2.47,0.17,0.62,49.7,0.164,10.45,False,False,False,True,True,True,True,True,False,True,False,True,False,False,False,False,2026-12-01,False,False,5,thin RVOL,"near21, ADR",7,https://www.tradingview.com/chart/?symbol=NASDAQ:AMBA&interval=D,False,False,False
OCTV,Octave Intelligence plc,NASDAQ,Packaged Software,19.21,18.35,18.8,18.78,18.25,,,,18.67,18.66,19.87,18.74,4.09,4.58,0.88,4216079.8,3110379.566666667,59750391.0,58421741.0,0.69,1.22,5156689684.79915,6.72,109,21.2,116,-5.6,285,7.44,1.14,2.17,0.64,1.28,52.9,0.159,2.85,False,True,True,False,True,True,False,False,False,True,True,True,False,False,False,True,2026-11-12,False,False,4,"thin RVOL, below 200-MA","EMA, near21",7,https://www.tradingview.com/chart/?symbol=NASDAQ:OCTV&interval=D,False,False,False
GWRE,"Guidewire Software, Inc.",NYSE,Information Technology Services,149.38,146.02,170.12,172.84,163.81,147.9,146.73,153.69,152.3,160.65,150.15,143.86,4.94,5.97,8.91,1720021.6,1491286.8333333333,222768427.0,257750537.0,0.47,1.13,12248064198.468779,-17.91,393,42.14,65,-1.92,270,7.44,-1.48,-12.19,1.18,0.71,61.9,0.605,16.13,False,False,False,False,False,True,True,False,False,True,False,False,False,True,False,False,2026-12-03,False,False,4,"LoD>60% ATR, below 200-MA",near21,3,https://www.tradingview.com/chart/?symbol=NYSE:GWRE&interval=D,False,False,False
EXK,Endeavour Silver Corporation,NYSE,Precious Metals,10.13,10.24,10.59,10.55,9.54,9.28,9.67,9.94,10.21,10.27,10.3,9.86,4.71,5.71,0.58,7541772.9,8780242.933333334,88943861.0,92672537.0,0.74,0.88,2999943475.2162356,-10.67,309,25.84,92,6.97,232,7.38,1.08,-4.37,0.24,0.76,46.7,0.215,12.97,False,False,False,True,False,True,True,False,False,True,False,True,False,False,False,False,2026-11-10,False,False,5,thin RVOL,near21,5,https://www.tradingview.com/chart/?symbol=NYSE:EXK&interval=D,False,False,False
SRPT,"Sarepta Therapeutics, Inc.",NASDAQ,Pharmaceuticals: Major,20.14,20.62,20.81,20.02,18.58,18.27,18.64,19.27,20.54,20.32,20.5,19.96,6.56,6.47,1.3,3229971.8,3004704.466666667,60514748.0,60145169.0,0.52,0.9,2127328283.7503731,3.87,137,16.21,132,1.92,247,7.34,1.3,-3.24,0.14,0.41,13.4,0.238,12.62,False,False,False,True,False,True,True,True,False,True,False,True,False,False,False,False,2026-11-04,False,False,5,thin RVOL,"near21, ADR",6,https://www.tradingview.com/chart/?symbol=NASDAQ:SRPT&interval=D,False,False,False
DJT,Trump Media & Technology Group Corp.,NASDAQ,Advertising/Marketing Services,9.12,8.8,9.11,8.91,9.2,8.82,9.14,10.07,8.87,8.96,9.32,8.99,4.2,4.87,0.44,3080859.0,3857336.433333333,35178908.0,34379797.0,1.58,2.37,2534824620.9627123,4.35,131,14.0,141,2.13,246,6.83,-0.18,0.15,0.37,0.74,28.1,0.17,13.86,False,False,False,False,True,True,True,False,False,True,False,True,True,True,True,False,,False,True,4,"below 200-MA, large gap","near21, RVOL",5,https://www.tradingview.com/chart/?symbol=NASDAQ:DJT&interval=D,False,False,False
CRCL,"Circle Internet Group, Inc.",NYSE,Packaged Software,94.49,90.56,91.78,86.29,77.28,84.97,89.42,85.97,90.42,88.45,99.97,93.12,6.44,7.4,6.99,16817469.5,15647502.666666666,1478532527.0,1350181278.0,0.99,6.88,23988730794.046524,7.4,103,24.15,99,-11.5,313,6.68,3.01,2.95,0.92,0.98,19.6,0.235,15.35,True,True,True,True,True,True,True,False,False,True,False,True,False,True,False,False,2026-11-18,False,True,5,large gap,"EMA, near21",9,https://www.tradingview.com/chart/?symbol=NYSE:CRCL&interval=D,False,False,False
AXTI,AXT Inc,NASDAQ,Electronic Production Equipment,79.93,66.47,63.99,68.68,63.46,79.2,70.45,57.44,67.46,66.34,81.5,72.77,6.55,8.92,7.13,10026354.1,9727167.133333333,777492469.0,668100747.0,1.27,4.88,5241266717.188206,5.98,117,-4.79,227,18.84,188,6.68,2.91,24.91,2.3,1.22,100.4,0.367,27.23,True,True,True,True,False,False,False,False,False,False,True,False,False,False,True,False,2026-10-29,False,True,3,"LoD>60% ATR, thin RVOL, large gap","EMA, RVOL",5,https://www.tradingview.com/chart/?symbol=NASDAQ:AXTI&interval=D,False,False,False
POET,POET Technologies Inc.,NASDAQ,Electrical Products,8.41,7.76,7.72,8.06,7.91,9.79,8.83,8.29,7.77,7.83,8.65,8.01,4.76,6.28,0.53,8889845.4,9221565.233333299,77553364.0,74285856.0,1.48,4.23,1455418574.6371796,1.33,164,-25.21,350,43.76,136,6.62,1.0,8.99,1.17,1.21,75.7,0.195,24.64,False,True,False,True,False,True,False,False,False,True,True,False,False,False,True,False,2026-11-12,False,True,3,"LoD>60% ATR, thin RVOL, large gap","near21, RVOL",4,https://www.tradingview.com/chart/?symbol=NASDAQ:POET&interval=D,False,False,False
HIMS,"Hims & Hers Health, Inc.",NYSE,Medical/Nursing Services,29.35,28.09,28.82,29.27,30.09,29.58,26.85,27.95,28.37,28.78,29.52,28.18,4.15,5.59,1.64,8522910.8,11300505.566666666,331669838.0,330803466.0,1.0,1.82,6847748645.471597,-7.33,261,-9.72,260,35.25,152,6.07,-0.44,1.86,0.36,0.82,71.3,0.181,11.03,False,False,False,True,True,True,True,False,False,True,False,False,False,False,False,False,2026-11-09,False,False,4,"LoD>60% ATR, thin RVOL",near21,5,https://www.tradingview.com/chart/?symbol=NYSE:HIMS&interval=D,False,False,False
ARQT,"Arcutis Biotherapeutics, Inc.",NASDAQ,Pharmaceuticals: Major,25.96,24.72,24.49,24.98,25.91,24.75,24.54,25.37,25.06,24.95,26.08,25.19,4.32,4.57,1.19,4824006.2,2690536.5,69846328.0,67197494.0,0.39,0.75,3262963256.233255,1.84,158,-2.26,214,17.84,191,5.81,0.05,6.01,0.88,0.75,64.9,0.147,5.46,True,True,True,True,False,True,True,False,False,True,False,False,False,False,False,False,2026-10-29,False,False,4,"LoD>60% ATR, thin RVOL","EMA, near21",7,https://www.tradingview.com/chart/?symbol=NASDAQ:ARQT&interval=D,False,False,False
HP,"Helmerich & Payne, Inc.",NYSE,Contract Drilling,40.29,42.69,43.23,43.32,39.74,38.53,37.49,35.95,42.25,42.43,40.85,39.7,4.28,4.01,1.61,1220112.3,1379102.0666666667,55564022.0,59745460.0,0.59,-1.15,4026539956.2209735,-9.11,289,15.18,137,9.28,224,5.11,0.35,-6.81,1.26,0.71,36.6,0.164,18.09,False,False,False,True,False,True,True,True,False,True,False,True,False,False,False,False,2026-11-18,False,False,5,thin RVOL,"near21, ADR",6,https://www.tradingview.com/chart/?symbol=NYSE:HP&interval=D,False,False,False
SPCX,Space Exploration Technologies Corp,NASDAQ,Specialty Telecommunications,151.85,150.23,146.08,144.04,134.76,,,,149.81,146.31,158.13,151.6,4.48,4.91,7.46,115543132.8,97231647.33333333,14764625648.0,14005343714.0,0.73,1.35,2060766961347.8044,13.06,64,0.52,207,1.23,253,4.94,2.58,3.95,0.77,0.88,3.4,0.152,10.19,False,True,True,False,False,True,True,False,False,True,False,True,False,True,False,False,2026-11-05,False,False,5,below 200-MA,"EMA, near21",6,https://www.tradingview.com/chart/?symbol=NASDAQ:SPCX&interval=D,False,False,False
WDC,Western Digital Corporation,NASDAQ,Computer Peripherals,448.17,443.7,448.62,457.38,479.02,512.65,444.7,387.31,440.62,451.18,460.49,437.2,4.89,6.3,28.22,7118288.1,6691160.166666661,2998777252.0,3060436293.0,1.1,3.23,161583620578.44025,-6.1,242,-32.63,390,53.48,116,4.92,-1.02,-0.1,0.11,0.83,38.9,0.165,27.97,False,False,False,True,True,True,True,False,False,True,False,True,False,True,False,False,2026-10-22,False,True,5,large gap,near21,6,https://www.tradingview.com/chart/?symbol=NASDAQ:WDC&interval=D,False,False,False
CF,"CF Industries Holdings, Inc.",NYSE,Chemicals: Agricultural,123.27,132.42,131.7,128.01,125.39,120.31,119.5,110.76,130.66,130.01,127.65,122.21,4.42,4.42,5.45,2702194.700000006,2658690.4000000157,327736766.0,340347820.0,1.22,-0.87,18655449545.61261,-3.26,204,19.77,120,-1.83,268,4.89,-0.38,-6.4,1.17,1.0,19.4,0.139,17.57,False,False,False,True,False,True,True,False,False,True,False,True,False,True,True,False,2026-11-04,False,False,6,,"near21, RVOL",5,https://www.tradingview.com/chart/?symbol=NYSE:CF&interval=D,False,False,False
RDDT,"Reddit, Inc.",NYSE,Internet Software/Services,158.73,155.09,154.47,155.73,163.06,165.99,158.72,172.19,155.5,156.04,160.35,151.74,4.58,5.15,8.18,5651042.7,6511724.666666667,1033606056.0,1014101270.0,1.01,1.21,30539100926.478752,4.57,127,-4.95,228,14.19,201,4.6,-0.52,2.76,0.33,1.05,85.5,0.124,11.16,False,False,False,False,True,True,False,False,False,True,True,False,False,True,False,False,2026-11-04,False,False,4,"LoD>60% ATR, below 200-MA",near21,3,https://www.tradingview.com/chart/?symbol=NYSE:RDDT&interval=D,False,False,False
HRI,Herc Holdings Inc.,NYSE,Finance/Rental/Leasing,140.74,141.09,144.91,152.71,153.74,146.27,136.43,141.94,141.04,145.38,141.69,133.9,5.09,5.22,7.35,1240104.3,652662.5333333333,91855725.0,99671141.0,0.57,0.89,4705141530.072601,-14.22,356,-6.02,235,33.91,155,4.56,-1.62,-2.88,0.61,1.06,93.1,0.193,12.3,False,False,False,False,True,True,False,False,False,True,True,False,False,False,False,False,2026-10-15,False,False,3,"LoD>60% ATR, thin RVOL, below 200-MA",near21,3,https://www.tradingview.com/chart/?symbol=NYSE:HRI&interval=D,False,False,False
RDW,Redwire Corporation,NYSE,Aerospace & Defense,11.6,10.93,10.89,11.57,10.73,12.43,11.4,10.86,11.01,11.05,11.7,11.0,5.59,6.7,0.78,14193511.1,13161746.633333333,152676261.0,152342830.0,1.02,2.79,2899914269.0875235,-3.33,205,-7.9,247,24.06,174,4.28,1.21,6.52,0.74,0.9,77.2,0.151,14.62,False,True,False,True,False,True,True,False,False,True,False,False,False,False,False,False,2026-11-11,False,True,3,"LoD>60% ATR, thin RVOL, large gap",near21,5,https://www.tradingview.com/chart/?symbol=NYSE:RDW&interval=D,False,False,False
COMP,"Compass, Inc.",NYSE,Real Estate Development,10.13,10.41,10.73,11.33,11.52,10.36,9.67,10.15,10.43,10.79,10.59,10.05,4.34,5.26,0.53,15053831.9,11499824.2,116493219.0,130296841.0,1.21,1.49,7776240243.197422,-15.65,369,5.69,173,22.64,177,4.22,-2.29,-5.57,1.15,1.01,15.0,0.176,18.25,False,False,False,False,False,True,False,False,False,True,True,True,False,False,True,False,2026-11-11,False,False,4,"thin RVOL, below 200-MA","near21, RVOL",3,https://www.tradingview.com/chart/?symbol=NYSE:COMP&interval=D,False,False,False
PTEN,"Patterson-UTI Energy, Inc.",NASDAQ,Oil & Gas Production,11.42,12.37,12.35,12.11,11.25,11.17,10.77,9.81,12.15,12.11,11.64,11.3,4.32,4.69,0.54,9016130.0,8069207.566666666,92150350.0,97734242.0,1.0,-1.19,4355415318.5483885,-7.38,265,13.29,143,6.53,233,4.15,0.33,-7.57,1.22,0.63,21.5,0.158,22.45,False,False,False,True,False,True,True,True,False,True,False,True,False,False,False,False,2026-10-28,False,False,5,thin RVOL,"near21, ADR",6,https://www.tradingview.com/chart/?symbol=NASDAQ:PTEN&interval=D,False,False,False
KD,"Kyndryl Holdings, Inc.",NYSE,Data Processing Services,12.2,12.85,12.98,12.97,12.93,12.48,12.63,15.57,12.76,12.89,12.61,12.08,4.51,5.04,0.61,3892677.9,3721810.933333333,45406093.0,48261963.0,0.89,1.49,2657382800.09942,-0.89,182,14.13,140,-2.48,274,3.58,-1.11,-5.99,1.06,0.86,19.5,0.113,25.32,False,False,False,False,False,True,True,False,False,True,False,True,False,False,False,False,2026-11-10,False,False,4,"thin RVOL, below 200-MA",near21,4,https://www.tradingview.com/chart/?symbol=NYSE:KD&interval=D,False,False,False
BTBT,"Bit Digital, Inc.",NASDAQ,Miscellaneous Commercial Services,1.82,1.6,1.56,1.53,1.49,1.67,1.64,1.75,1.61,1.57,1.88,1.75,6.41,7.34,0.13,31137700.3,32019072.366666667,58274712.0,48930479.0,1.77,5.49,656353003.66474,9.64,83,-13.54,287,14.47,200,3.52,2.99,17.04,2.21,0.97,52.4,0.306,14.38,True,True,True,True,False,False,True,False,False,False,False,True,True,True,True,False,2026-11-12,False,True,5,large gap,"EMA, RVOL",7,https://www.tradingview.com/chart/?symbol=NASDAQ:BTBT&interval=D,False,False,False
GLXY,Galaxy Digital Inc.,NASDAQ,Investment Banks/Brokers,26.07,24.25,24.41,23.43,22.94,26.12,24.71,25.02,24.2,23.97,26.22,25.33,5.88,6.84,1.78,5164198.1,5717199.566666666,149047393.0,133934929.0,1.43,5.1,10190478716.62819,7.51,101,-16.08,305,19.1,187,3.51,2.0,6.81,1.28,0.5,41.5,0.226,12.2,False,True,True,True,False,True,True,True,False,True,False,True,False,True,True,False,2026-10-27,False,True,5,large gap,"EMA, near21, ADR, RVOL",8,https://www.tradingview.com/chart/?symbol=NASDAQ:GLXY&interval=D,False,False,False
ATI,ATI Inc.,NYSE,Other Metals/Minerals,189.16,194.05,201.29,208.69,203.05,190.14,177.93,163.29,193.37,199.0,193.17,187.25,4.24,4.58,8.66,1782702.6,1826539.3,345508174.0,381175616.0,0.93,0.1,25757992555.03439,-10.32,302,-4.21,225,24.45,171,3.31,-1.49,-6.03,1.08,0.68,22.0,0.195,21.02,False,False,False,True,False,True,True,True,False,True,False,True,False,True,False,False,2026-11-03,False,False,6,,"near21, ADR",6,https://www.tradingview.com/chart/?symbol=NYSE:ATI&interval=D,False,False,False
TSEM,Tower Semiconductor Ltd.,NASDAQ,Semiconductors,233.82,212.11,211.67,223.05,226.58,238.43,213.79,191.67,215.37,216.53,240.0,224.07,4.12,5.9,13.8,2338177.6,1704883.7333333334,398635915.0,380267213.0,0.98,1.53,26380729019.4915,3.03,150,-16.58,309,22.58,179,3.01,0.54,10.46,1.35,1.15,70.6,0.195,20.0,False,True,False,True,False,True,False,False,False,True,True,False,False,True,False,False,2026-11-16,False,False,5,LoD>60% ATR,near21,4,https://www.tradingview.com/chart/?symbol=NASDAQ:TSEM&interval=D,False,False,False
MOS,Mosaic Company (The),NYSE,Chemicals: Agricultural,24.07,25.26,24.92,24.11,23.51,22.85,24.0,24.57,24.89,24.64,24.94,23.03,4.67,4.56,1.1,9011317.2,8229825.366666666,198091897.0,198421090.0,1.53,0.98,7651748402.674428,1.26,168,11.95,151,-4.26,278,2.99,0.53,-3.41,0.5,1.74,94.8,0.132,10.0,False,False,False,False,False,True,False,False,False,True,True,False,True,True,True,False,2026-11-10,False,False,4,"LoD>60% ATR, below 200-MA","near21, RVOL",2,https://www.tradingview.com/chart/?symbol=NYSE:MOS&interval=D,False,False,False
RXO,"RXO, Inc.",NYSE,Packaged Software,19.72,19.72,20.41,21.1,22.58,23.55,20.86,19.3,19.92,20.5,20.44,19.34,5.32,5.66,1.12,1961576.3,1594723.2666666666,31447943.0,33654508.0,0.89,0.89,3252343363.6090813,-9.91,293,-21.99,334,40.66,141,2.92,-2.24,-3.4,0.67,0.98,33.6,0.188,21.59,False,False,False,True,False,True,True,False,False,True,False,True,False,False,False,False,2026-11-05,False,False,5,thin RVOL,near21,5,https://www.tradingview.com/chart/?symbol=NYSE:RXO&interval=D,False,False,False
CDE,"Coeur Mining, Inc.",NYSE,Precious Metals,19.52,20.06,20.66,20.23,18.33,17.92,18.88,19.18,19.99,19.99,20.01,19.4,4.49,5.3,1.04,31951138.7,35731840.733333334,697485531.0,722700300.0,0.59,0.35,20065292576.080967,-10.24,300,17.06,128,1.67,248,2.83,1.22,-5.51,0.44,0.58,11.1,0.156,14.04,False,False,False,True,False,True,True,True,False,True,False,True,False,True,False,False,2026-11-11,False,False,6,,"near21, ADR",6,https://www.tradingview.com/chart/?symbol=NYSE:CDE&interval=D,False,False,False
COHR,Coherent Corp.,NYSE,Semiconductors,321.52,296.64,288.19,298.36,296.71,332.55,312.72,283.75,298.06,295.56,332.86,316.64,5.34,7.0,22.52,7280883.5,7046941.1,2265732502.0,2102527696.0,1.08,2.87,62963980465.06579,8.26,93,-17.28,313,16.92,198,2.63,1.19,11.57,1.25,0.72,21.7,0.224,15.18,False,True,True,True,False,True,True,False,False,True,False,True,False,True,False,False,2026-11-11,False,True,5,large gap,"EMA, near21",7,https://www.tradingview.com/chart/?symbol=NYSE:COHR&interval=D,False,False,False
ASND,Ascendis Pharma A/S,NASDAQ,Pharmaceuticals: Major,237.59,252.14,255.31,254.35,254.17,246.26,241.28,234.59,248.13,252.29,241.5,237.0,4.13,4.08,9.7,1022000.7,697165.6666666666,165639591.0,177323274.0,0.81,0.82,14820114991.570845,-6.32,246,4.21,183,9.71,221,2.53,-1.6,-6.94,1.43,0.46,6.1,0.176,8.72,False,False,False,True,False,True,True,True,False,True,False,True,False,True,False,False,2026-11-11,False,False,6,,"near21, ADR",6,https://www.tradingview.com/chart/?symbol=NASDAQ:ASND&interval=D,False,False,False
IREN,IREN Limited,NASDAQ,Data Processing Services,47.23,44.45,42.1,42.24,40.5,47.15,45.35,45.57,44.18,43.0,48.77,46.4,5.87,6.57,3.1,37612301.0,43106710.666666664,2035929945.0,1820791536.0,1.1,2.51,18586773746.2997,7.34,104,-11.65,276,11.42,215,2.37,2.53,12.19,1.5,0.76,26.8,0.311,14.07,True,True,True,True,False,True,True,False,False,True,False,True,False,True,False,False,2026-12-01,False,True,5,large gap,"EMA, near21",8,https://www.tradingview.com/chart/?symbol=NASDAQ:IREN&interval=D,False,False,False
M,Macy's Inc,NYSE,Department Stores,22.19,21.88,22.19,22.65,23.36,22.63,21.44,21.6,22.03,22.33,22.56,21.81,4.19,4.01,0.89,8480658.6,6301199.9,139823626.0,142707475.0,0.71,0.36,5795509688.528714,-3.86,212,-8.34,252,18.41,189,2.07,-1.25,0.02,0.16,0.84,42.8,0.105,8.66,False,False,False,True,True,True,True,False,False,True,False,True,False,False,False,False,2026-11-12,False,False,5,thin RVOL,near21,6,https://www.tradingview.com/chart/?symbol=NYSE:M&interval=D,False,False,False
OWL,Blue Owl Capital Inc.,NYSE,Investment Managers,10.02,10.37,11.1,11.38,10.85,10.24,10.02,11.24,10.39,10.79,10.1,9.86,4.09,4.0,0.4,17090005.7,18214671.866666667,182511012.0,207197964.0,0.77,2.24,15622104660.67073,-13.32,347,9.75,161,9.63,222,2.02,-1.92,-9.77,1.78,0.59,39.9,0.289,12.16,False,False,False,False,False,False,True,True,False,True,False,True,False,True,False,False,2026-10-29,False,True,4,"below 200-MA, large gap",ADR,4,https://www.tradingview.com/chart/?symbol=NYSE:OWL&interval=D,False,False,False
AKAM,"Akamai Technologies, Inc.",NASDAQ,Data Processing Services,117.41,107.47,107.24,110.79,113.85,123.26,116.94,110.54,108.26,109.01,117.58,105.4,4.19,4.61,5.42,3725526.7,3216848.566666667,377690190.0,356394653.0,1.37,1.45,16873767081.022673,6.48,111,-1.91,211,1.35,251,1.97,0.68,9.48,1.67,2.25,221.7,0.11,13.64,False,True,False,True,False,False,False,False,False,False,True,False,False,True,True,False,2026-11-10,False,False,5,LoD>60% ATR,RVOL,3,https://www.tradingview.com/chart/?symbol=NASDAQ:AKAM&interval=D,False,False,False
CVNA,Carvana Co.,NYSE,Specialty Stores,67.18,68.89,71.34,71.39,69.24,69.28,68.56,73.03,68.28,69.66,68.01,65.44,4.25,4.74,3.18,7343506.5,7739549.433333334,519942931.0,552541913.0,0.76,1.2,73929158633.94533,-6.53,252,1.79,196,10.27,219,1.84,-0.63,-5.84,0.75,0.81,54.7,0.192,6.65,False,False,False,False,False,True,True,False,False,True,False,True,False,True,False,False,2026-10-29,False,False,5,below 200-MA,near21,4,https://www.tradingview.com/chart/?symbol=NYSE:CVNA&interval=D,False,False,False
INSM,Insmed Incorporated,NASDAQ,Pharmaceuticals: Major,121.0,124.32,123.91,125.54,118.39,113.75,125.32,136.79,123.17,123.26,124.48,120.92,4.12,4.22,5.11,2199876.6,2004558.6,242551591.0,251654959.0,0.82,2.55,26424161529.24167,-3.37,206,22.42,107,-13.57,324,1.83,0.52,-2.35,0.43,0.7,1.6,0.096,19.04,False,False,False,False,True,True,True,True,True,True,False,True,False,True,False,False,2026-10-22,False,True,4,"below 200-MA, large gap","near21, ADR, BB",7,https://www.tradingview.com/chart/?symbol=NASDAQ:INSM&interval=D,False,False,False
HL,Hecla Mining Company,NYSE,Precious Metals,18.35,19.28,19.92,19.56,17.79,17.27,18.21,19.18,19.11,19.23,19.04,17.86,4.77,5.62,1.03,36792263.1,36245945.63333333,665113102.0,708801549.0,1.22,0.32,12326950787.875263,-13.97,351,21.64,111,-2.86,275,1.6,0.56,-7.86,0.81,1.14,47.5,0.201,14.4,False,False,False,False,False,True,False,False,False,True,True,True,False,True,True,False,2026-11-11,False,False,5,below 200-MA,"near21, RVOL",3,https://www.tradingview.com/chart/?symbol=NYSE:HL&interval=D,False,False,False
PSKY,Paramount Skydance Corporation,NASDAQ,Cable/Satellite TV,9.91,10.58,10.68,10.46,9.71,10.0,10.19,10.75,10.52,10.47,11.49,9.84,5.37,5.27,0.52,26310641.1,15505683.266666668,153661321.0,162155851.0,3.22,4.31,11118483789.4094,-4.44,220,1.12,203,7.72,229,1.47,0.39,-7.18,1.01,3.16,13.4,0.118,10.52,False,False,False,False,False,True,False,False,False,True,True,True,True,True,True,False,2026-11-16,False,True,4,"below 200-MA, large gap","near21, RVOL",3,https://www.tradingview.com/chart/?symbol=NASDAQ:PSKY&interval=D,False,False,False
SGRY,"Surgery Partners, Inc.",NASDAQ,Hospital/Nursing Management,13.66,13.85,13.95,14.21,14.8,14.72,14.32,14.63,13.77,14.03,13.74,13.08,4.98,5.02,0.69,2272135.6,2548577.6,34813570.0,36204244.0,1.07,1.21,1788343413.0430188,-3.12,201,-6.44,242,12.8,208,1.08,-1.54,-2.09,0.52,0.96,83.8,0.089,7.01,False,False,False,False,True,True,True,False,True,True,False,False,False,False,False,False,2026-11-10,False,False,3,"LoD>60% ATR, thin RVOL, below 200-MA","near21, BB",5,https://www.tradingview.com/chart/?symbol=NASDAQ:SGRY&interval=D,False,False,False
ONTO,Onto Innovation Inc.,NYSE,Electronic Equipment/Instruments,275.98,263.71,268.27,284.73,282.18,288.21,268.17,247.42,263.1,269.95,277.14,268.27,4.08,6.26,17.29,1031249.5,976496.8333333334,269493596.0,278033061.0,0.8,3.25,13543509883.299547,-8.92,286,-13.92,292,24.6,170,0.59,-0.35,2.87,0.36,0.51,44.6,0.233,14.78,False,False,False,True,True,True,True,False,False,True,False,True,False,True,False,False,2026-10-29,False,True,5,large gap,near21,6,https://www.tradingview.com/chart/?symbol=NYSE:ONTO&interval=D,False,False,False
STEP,StepStone Group Inc.,NASDAQ,Investment Managers,47.45,48.89,49.62,49.47,47.46,47.69,47.99,52.74,48.49,48.88,47.84,46.22,4.47,4.64,2.2,1278828.7,1085646.9333333333,51513947.0,53704782.0,0.88,1.94,5726108204.927662,-4.37,217,5.63,174,0.4,259,0.55,-0.0,-4.38,0.63,0.74,55.9,0.116,11.13,False,False,False,False,False,True,True,False,False,True,False,True,False,False,False,False,2026-11-05,False,False,4,"thin RVOL, below 200-MA",near21,4,https://www.tradingview.com/chart/?symbol=NASDAQ:STEP&interval=D,False,False,False
DIOD,Diodes Incorporated,NASDAQ,Semiconductors,90.73,91.16,90.67,93.7,91.88,98.83,90.93,82.13,91.08,91.6,94.43,90.68,4.13,5.26,4.77,516579.8,645117.8666666667,58531544.0,60445716.0,1.42,2.23,4178271265.5189996,-1.54,188,-19.99,324,22.61,178,0.36,-0.24,0.07,0.18,0.79,1.0,0.072,18.41,False,False,False,True,True,True,True,False,True,True,False,True,False,False,True,False,2026-11-05,False,True,4,"thin RVOL, large gap","near21, BB, RVOL",7,https://www.tradingview.com/chart/?symbol=NASDAQ:DIOD&interval=D,False,False,False
VCYT,"Veracyte, Inc.",NASDAQ,Medical Specialties,41.52,41.09,42.4,42.61,47.27,47.39,42.8,42.47,41.11,42.37,41.98,39.4,4.95,5.25,2.18,1428728.3,1298754.3,53924279.0,55339704.0,1.06,0.52,3337823030.983792,-1.56,190,-21.35,330,23.9,175,0.33,-2.32,-2.08,0.38,1.19,97.5,0.172,15.17,False,False,False,False,True,True,False,False,False,True,True,False,False,False,False,False,2026-11-10,False,False,3,"LoD>60% ATR, thin RVOL, below 200-MA",near21,3,https://www.tradingview.com/chart/?symbol=NASDAQ:VCYT&interval=D,False,False,False
VG,"Venture Global, Inc.",NYSE,Oil & Gas Pipelines,13.66,14.86,14.67,14.41,14.02,13.19,13.06,11.76,14.54,14.51,13.9,13.4,4.51,4.9,0.67,16492275.6,14522337.0,198375123.0,209315284.0,1.11,-1.57,34151269600.542084,-4.87,227,21.96,109,-16.35,337,0.25,-0.52,-6.89,1.19,0.75,38.8,0.146,22.69,False,False,False,True,False,True,True,False,False,True,False,True,False,True,False,False,2026-11-16,False,False,6,,near21,5,https://www.tradingview.com/chart/?symbol=NYSE:VG&interval=D,False,False,False
MMYT,MakeMyTrip Limited,NASDAQ,Internet Software/Services,47.97,49.22,53.71,55.99,56.0,51.83,50.14,55.86,49.81,52.51,49.01,47.08,4.56,4.62,2.22,939408.7,569212.3666666667,27305117.0,31868303.0,1.14,0.29,4511993746.819282,-22.35,415,5.08,176,17.23,194,-0.01,-3.1,-10.68,1.87,0.87,39.9,0.357,14.12,False,False,False,False,False,False,True,False,False,False,False,True,False,False,False,False,2026-11-03,False,False,4,"thin RVOL, below 200-MA",,3,https://www.tradingview.com/chart/?symbol=NASDAQ:MMYT&interval=D,False,False,False
FIG,FIGMA INC,NYSE,Packaged Software,22.33,22.93,25.01,25.27,24.65,22.64,22.91,25.3,23.38,24.17,22.99,22.24,5.64,6.5,1.45,15498529.9,15405348.933333334,344001442.0,389334248.0,0.67,0.71,11902105026.385632,-17.9,392,17.46,127,0.36,260,-0.03,-1.45,-10.72,1.17,0.52,6.5,0.393,11.9,False,False,False,False,False,True,True,True,False,True,False,True,False,True,False,False,2026-11-11,False,False,5,below 200-MA,"near21, ADR",5,https://www.tradingview.com/chart/?symbol=NYSE:FIG&interval=D,False,False,False
OLLI,"Ollie's Bargain Outlet Holdings, Inc.",NASDAQ,Department Stores,79.71,75.01,74.56,75.44,73.36,75.56,83.39,90.78,75.64,75.07,80.34,76.56,4.73,4.44,3.54,1735235.1,1715494.7666666666,136742088.0,129408634.0,1.09,1.64,4734965152.651898,6.11,114,8.4,167,-15.61,335,-0.36,1.95,6.91,1.39,1.07,89.2,0.111,21.87,False,True,True,False,False,True,False,False,False,True,True,False,False,False,False,False,2026-12-09,False,False,3,"LoD>60% ATR, thin RVOL, below 200-MA","EMA, near21",4,https://www.tradingview.com/chart/?symbol=NASDAQ:OLLI&interval=D,False,False,False
FORM,"FormFactor, Inc.",NASDAQ,Semiconductors,119.31,110.98,106.93,112.39,110.68,121.63,117.02,104.98,111.12,110.26,123.78,118.49,4.18,6.1,7.28,1247372.3,1125748.1666666667,134313014.0,126518521.0,1.05,3.9,9320583786.929546,1.38,163,-13.86,290,10.86,217,-0.54,1.28,11.57,1.35,0.73,11.3,0.256,13.95,False,True,True,True,False,True,True,False,False,True,False,True,False,False,False,False,2026-11-04,False,True,4,"thin RVOL, large gap","EMA, near21",7,https://www.tradingview.com/chart/?symbol=NASDAQ:FORM&interval=D,False,False,False
CIFR,Cipher Digital Inc.,NASDAQ,Data Processing Services,18.9,16.98,16.49,16.64,18.29,20.54,18.9,18.38,17.17,17.06,19.25,18.29,7.31,8.78,1.66,41228406.5,35989029.36666667,680192655.0,598857449.0,1.07,1.77,7844080885.4198475,7.88,95,-27.63,363,17.57,193,-0.73,0.38,14.6,1.23,0.58,36.8,0.291,21.41,False,True,True,True,False,True,True,True,False,True,False,True,False,False,False,False,2026-11-11,False,False,5,thin RVOL,"EMA, near21, ADR",8,https://www.tradingview.com/chart/?symbol=NASDAQ:CIFR&interval=D,False,False,False
HUBS,"HubSpot, Inc.",NYSE,Packaged Software,213.86,230.81,240.21,235.94,231.08,216.75,225.72,253.9,230.15,233.87,221.06,212.42,5.67,6.51,13.91,2195666.1,1673114.6,357812288.0,394763024.0,0.73,1.34,10664385182.691376,-10.02,296,20.52,118,-12.97,322,-0.82,-1.15,-10.97,1.31,0.62,10.4,0.226,17.37,False,False,False,False,False,True,True,True,False,True,False,True,False,True,False,False,2026-11-11,False,False,5,below 200-MA,"near21, ADR",5,https://www.tradingview.com/chart/?symbol=NYSE:HUBS&interval=D,False,False,False
MTSI,"MACOM Technology Solutions Holdings, Inc.",NASDAQ,Semiconductors,279.11,265.77,265.44,275.44,274.54,315.51,291.51,268.57,266.15,268.72,285.95,277.19,4.04,5.51,15.38,1613358.5,1307521.2,364942242.0,360144293.0,0.96,3.66,21315887997.006126,4.5,129,-24.86,347,16.98,197,-1.12,0.3,5.15,0.7,0.57,12.5,0.179,17.94,False,True,False,True,False,True,True,False,False,True,False,True,False,True,False,False,2026-11-05,False,True,5,large gap,near21,6,https://www.tradingview.com/chart/?symbol=NASDAQ:MTSI&interval=D,False,False,False
GLW,Corning Incorporated,NYSE,Electronic Components,158.98,155.22,151.91,154.47,154.35,172.58,164.15,147.44,152.46,153.32,159.87,151.92,4.13,5.64,8.96,9914656.7,9102218.866666667,1447070755.0,1405974237.0,0.94,4.16,136943517288.04568,3.33,144,-17.39,314,9.79,220,-1.42,0.53,4.66,0.65,0.89,78.8,0.212,15.81,False,True,False,True,False,True,True,False,False,True,False,False,False,True,False,False,2026-11-03,False,True,4,"LoD>60% ATR, large gap",near21,5,https://www.tradingview.com/chart/?symbol=NYSE:GLW&interval=D,False,False,False
VICR,Vicor Corporation,NASDAQ,Electronic Components,223.9,196.88,192.73,202.77,210.56,254.87,233.03,207.86,202.64,200.98,232.74,223.28,5.09,6.96,15.58,867027.6,835165.5333333333,186993563.0,169349299.0,1.28,3.38,10323297619.471087,6.08,115,-32.42,388,21.97,180,-1.46,0.91,16.17,1.64,0.61,4.0,0.286,27.75,False,True,True,True,False,False,True,False,False,False,False,True,False,True,True,False,2026-10-27,False,True,5,large gap,"EMA, RVOL",6,https://www.tradingview.com/chart/?symbol=NASDAQ:VICR&interval=D,False,False,False
ATRO,Astronics Corporation,NASDAQ,Aerospace & Defense,68.62,70.22,72.68,76.43,74.19,72.8,68.81,65.09,69.46,72.15,69.48,66.2,4.62,5.62,3.86,814527.6999999996,739652.0999999996,50754927.0,56529514.0,0.89,1.57,2946309206.9100604,-10.49,306,-13.17,283,18.17,190,-1.83,-1.34,-5.59,0.87,0.85,62.8,0.218,13.25,False,False,False,True,False,True,True,False,False,True,False,False,False,False,False,False,2026-11-11,False,False,4,"LoD>60% ATR, thin RVOL",near21,4,https://www.tradingview.com/chart/?symbol=NASDAQ:ATRO&interval=D,False,False,False
KOS,Kosmos Energy Ltd.,NYSE,Integrated Oil,2.63,2.88,2.86,2.8,2.66,2.69,2.64,2.27,2.83,2.82,2.66,2.58,5.21,5.94,0.16,12523862.6,11671953.633333333,30697238.0,32638673.0,1.0,-3.85,1566132424.6080585,-12.91,337,9.13,163,-1.87,269,-1.88,-0.19,-7.88,1.11,0.51,32.0,0.145,22.86,False,False,False,True,False,True,True,True,False,True,False,True,False,False,False,False,2026-11-09,False,True,4,"thin RVOL, large gap","near21, ADR",6,https://www.tradingview.com/chart/?symbol=NYSE:KOS&interval=D,False,False,False
AG,First Majestic Silver Corp.,NYSE,Precious Metals,19.31,19.6,20.28,20.06,18.6,18.79,20.22,20.04,19.58,19.7,20.09,19.02,4.44,5.36,1.04,9120439.0,9628429.533333333,185924974.0,193149506.0,1.19,0.6,9518022225.062788,-11.83,320,15.08,138,-9.0,303,-1.92,0.72,-4.79,0.37,1.03,28.0,0.192,8.73,False,False,False,False,False,True,False,False,False,True,True,True,False,False,False,False,2026-11-11,False,False,4,"thin RVOL, below 200-MA",near21,3,https://www.tradingview.com/chart/?symbol=NYSE:AG&interval=D,False,False,False
FIGS,"FIGS, Inc.",NYSE,Apparel/Footwear,13.13,13.27,14.17,14.27,12.76,12.37,13.11,12.69,13.42,13.64,13.31,12.81,4.5,4.92,0.65,2805468.1,2497282.5,32789319.0,35642048.0,0.48,1.07,2181421407.098009,-9.88,292,19.15,122,-15.02,330,-1.92,0.59,-7.37,0.76,0.77,49.5,0.271,13.78,False,False,False,True,False,True,True,False,False,True,False,True,False,False,False,False,2026-11-05,False,False,5,thin RVOL,near21,5,https://www.tradingview.com/chart/?symbol=NYSE:FIGS&interval=D,False,False,False
SHLS,"Shoals Technologies Group, Inc.",NASDAQ,Semiconductors,7.84,7.29,7.15,7.45,8.28,9.12,8.41,8.6,7.36,7.43,7.87,7.42,5.4,6.49,0.51,4512474.6,4548624.666666667,35638474.0,33889528.0,0.65,1.45,1318630148.4559212,5.03,125,-23.41,341,12.25,213,-2.05,-0.83,9.61,0.85,0.89,81.7,0.172,25.17,False,False,False,False,False,True,True,False,False,True,False,False,False,False,False,False,2026-11-10,False,False,3,"LoD>60% ATR, thin RVOL, below 200-MA",near21,3,https://www.tradingview.com/chart/?symbol=NASDAQ:SHLS&interval=D,False,False,False
TMDX,"TransMedics Group, Inc.",NASDAQ,Medical Specialties,87.29,86.38,87.59,88.45,83.51,78.3,92.0,102.2,86.78,86.69,89.53,86.74,4.83,4.81,4.2,817321.6,730402.4333333333,63756828.0,64600930.0,0.73,1.08,3026793272.8120804,-4.19,215,16.92,129,-20.19,348,-2.49,0.94,-0.34,0.14,0.66,13.0,0.147,27.37,False,False,True,False,True,True,True,True,False,True,False,True,False,False,False,False,2026-11-04,False,False,4,"thin RVOL, below 200-MA","EMA, near21, ADR",7,https://www.tradingview.com/chart/?symbol=NASDAQ:TMDX&interval=D,False,False,False
FPS,"Forgent Power Solutions, Inc.",NYSE,Electrical Products,37.75,33.44,32.21,33.7,35.29,42.97,39.73,,34.65,33.9,40.07,37.15,5.5,6.88,2.6,14587330.8,8062026.0,304341482.0,271695651.0,0.92,1.5,11492190371.038288,11.85,72,-33.32,394,13.09,204,-2.79,1.01,17.2,1.65,1.12,23.1,0.367,28.49,False,True,True,False,False,False,False,False,False,False,True,True,False,True,False,False,2026-12-02,False,False,5,below 200-MA,EMA,4,https://www.tradingview.com/chart/?symbol=NYSE:FPS&interval=D,False,False,False
VRDN,"Viridian Therapeutics, Inc.",NASDAQ,Pharmaceuticals: Major,21.58,22.14,22.78,22.98,21.66,19.36,20.57,23.36,22.15,22.37,22.4,21.53,4.16,4.12,0.89,1824073.1,1518806.3,32775840.0,34895587.0,1.01,1.27,2444847118.9172726,-12.45,331,24.81,96,-20.78,352,-2.81,-0.09,-5.28,0.86,0.98,5.6,0.148,18.54,False,False,False,False,False,True,True,False,False,True,False,True,False,False,False,False,2026-11-16,False,False,4,"thin RVOL, below 200-MA",near21,4,https://www.tradingview.com/chart/?symbol=NASDAQ:VRDN&interval=D,False,False,False
SYNA,Synaptics Incorporated,NASDAQ,Semiconductors,95.36,94.44,95.29,98.52,104.01,115.52,102.91,97.69,94.5,96.66,96.0,91.0,4.54,5.05,4.82,659713.1,669358.9666666667,63830071.0,65942791.0,0.66,0.77,3785068559.5686827,-3.21,203,-28.35,369,23.12,176,-2.81,-1.65,0.07,0.27,1.04,90.5,0.108,22.11,False,False,False,False,True,True,False,False,False,True,True,False,False,False,False,False,2026-11-05,False,False,3,"LoD>60% ATR, thin RVOL, below 200-MA",near21,3,https://www.tradingview.com/chart/?symbol=NASDAQ:SYNA&interval=D,False,False,False
GENI,Genius Sports Limited,NYSE,Internet Software/Services,5.76,6.57,7.12,7.36,7.2,6.41,5.95,6.89,6.49,6.89,5.82,5.48,6.87,7.64,0.44,6766962.6,5311424.833333333,30593807.0,39076152.0,1.13,0.0,1599131388.255319,-28.0,431,-5.42,231,24.95,169,-2.82,-2.62,-19.11,2.15,0.76,63.6,0.381,21.78,False,False,False,False,False,False,True,False,False,False,False,False,False,False,False,False,2026-11-11,False,False,3,"LoD>60% ATR, thin RVOL, below 200-MA",,2,https://www.tradingview.com/chart/?symbol=NYSE:GENI&interval=D,False,False,False
KVYO,"Klaviyo, Inc. Series A",NYSE,Packaged Software,15.82,16.44,17.83,17.93,17.84,16.8,17.45,19.82,16.59,17.26,15.82,15.12,5.86,6.43,1.02,6824937.9,6321071.366666666,99999349.0,113315739.0,0.82,0.71,4504387985.073931,-12.4,330,20.86,117,-17.09,340,-2.88,-1.76,-11.28,1.3,0.69,68.9,0.373,21.38,False,False,False,False,False,True,True,False,False,True,False,False,False,False,False,False,2026-11-11,False,False,3,"LoD>60% ATR, thin RVOL, below 200-MA",near21,3,https://www.tradingview.com/chart/?symbol=NYSE:KVYO&interval=D,False,False,False
ASO,"Academy Sports and Outdoors, Inc.",NASDAQ,Specialty Stores,48.49,50.7,47.22,47.4,47.67,49.16,51.83,52.61,49.38,48.48,49.33,47.92,4.45,4.43,2.15,2963508.9,2150374.7333333334,104271671.0,101924537.0,0.49,0.43,2985960517.5835576,5.18,123,-4.28,226,-9.85,308,-2.98,0.39,2.7,0.01,0.66,26.5,0.353,11.13,False,False,False,False,True,True,True,True,False,True,False,True,False,False,False,False,2026-12-03,False,False,4,"thin RVOL, below 200-MA","near21, ADR",6,https://www.tradingview.com/chart/?symbol=NASDAQ:ASO&interval=D,False,False,False
SUNB,"Sunbelt Rentals Holdings, Inc.",NYSE,Finance/Rental/Leasing,72.85,72.63,72.03,74.74,74.89,75.82,,,72.65,73.09,74.4,72.37,4.08,4.04,2.95,7088580.8,6462530.666666667,470795359.0,483039701.0,0.38,1.06,29851370938.584045,-6.76,255,-6.22,238,3.7,240,-3.09,-0.67,1.13,0.08,0.69,16.3,0.156,5.2,False,False,False,False,True,True,True,True,False,True,False,True,False,True,False,False,2026-12-30,False,False,5,below 200-MA,"near21, ADR",6,https://www.tradingview.com/chart/?symbol=NYSE:SUNB&interval=D,False,False,False
PINS,"Pinterest, Inc.",NYSE,Internet Software/Services,19.36,18.96,20.58,21.54,22.29,21.51,20.54,21.59,19.29,20.29,19.5,18.61,4.01,4.28,0.83,17867151.3,12573225.966666667,243417655.0,270789568.0,0.67,0.81,10963820234.778494,-16.7,384,3.39,187,3.64,241,-3.22,-3.07,-5.92,1.07,1.07,89.9,0.361,17.17,False,False,False,False,False,True,False,False,False,True,True,False,False,True,False,False,2026-11-04,False,False,4,"LoD>60% ATR, below 200-MA",near21,2,https://www.tradingview.com/chart/?symbol=NYSE:PINS&interval=D,False,False,False
MIAX,"Miami International Holdings, Inc.",NYSE,Investment Banks/Brokers,37.84,40.4,41.67,41.97,42.75,43.75,42.96,43.06,39.77,41.02,39.73,37.58,4.67,4.74,1.79,1867944.1,1489438.5,56360353.0,62512727.0,0.63,2.42,3754897193.5674148,-9.08,287,4.79,179,-5.4,283,-3.23,-2.42,-9.2,1.63,1.2,14.2,0.203,8.87,False,False,False,False,False,False,False,False,False,False,True,True,False,False,False,False,2026-11-11,False,True,3,"thin RVOL, below 200-MA, large gap",,2,https://www.tradingview.com/chart/?symbol=NYSE:MIAX&interval=D,False,False,False
GLOB,Globant S.A.,NYSE,Information Technology Services,35.84,37.58,38.69,38.69,36.89,36.59,39.89,46.37,37.63,38.01,37.37,35.66,4.49,5.48,1.96,1140146.0,1543420.1,55316176.0,59714924.0,0.59,1.88,1547555221.54313,-8.2,280,16.89,130,-18.43,343,-3.25,-0.52,-7.36,1.04,0.87,9.2,0.17,27.28,False,False,False,False,False,True,True,False,False,True,False,True,False,False,False,False,2026-11-12,False,False,4,"thin RVOL, below 200-MA",near21,4,https://www.tradingview.com/chart/?symbol=NYSE:GLOB&interval=D,False,False,False
ORCL,Oracle Corporation,NYSE,Packaged Software,148.56,150.24,149.52,148.96,141.16,162.11,159.7,165.99,148.56,148.38,149.98,146.16,4.65,4.96,7.37,39989516.7,28478887.766666666,4230823567.0,4242072727.0,0.55,0.89,449206234493.6598,3.37,143,-12.73,281,-0.45,264,-3.27,1.06,-0.64,0.02,0.52,32.5,0.164,16.71,False,False,True,False,True,True,True,True,False,True,False,True,False,True,False,False,2026-12-14,False,False,5,below 200-MA,"EMA, near21, ADR",7,https://www.tradingview.com/chart/?symbol=NYSE:ORCL&interval=D,False,False,False
ERAS,"Erasca, Inc.",NASDAQ,Pharmaceuticals: Major,15.04,15.68,16.61,17.09,17.78,15.57,15.66,13.48,15.68,16.36,15.29,14.6,6.85,7.19,1.08,5297102.5,4120197.033333333,61967763.0,70415541.0,0.82,1.29,5260421002.377792,-12.96,341,1.38,198,0.94,255,-3.55,-2.14,-9.48,1.12,0.64,40.7,0.306,28.58,False,False,False,True,False,True,True,True,False,True,False,True,False,False,False,False,2026-11-11,False,False,5,thin RVOL,"near21, ADR",6,https://www.tradingview.com/chart/?symbol=NASDAQ:ERAS&interval=D,False,False,False
BRUN,Boost Run Inc.,NASDAQ,Packaged Software,17.17,16.37,17.08,18.2,19.62,24.29,20.08,18.06,16.54,17.34,17.95,17.01,7.67,10.31,1.77,2565129.1,2529210.6666666665,43426547.0,46035428.0,0.51,1.91,1439621097.744065,-19.05,402,-48.14,427,56.52,107,-3.56,-1.21,0.52,0.09,0.53,9.0,0.348,46.16,False,False,False,False,True,True,True,True,False,True,False,True,False,False,False,False,2026-12-02,False,False,4,"thin RVOL, below 200-MA","near21, ADR",6,https://www.tradingview.com/chart/?symbol=NASDAQ:BRUN&interval=D,False,False,False
IONQ,"IonQ, Inc.",NYSE,Computer Processing Hardware,40.51,38.36,39.08,40.83,39.21,47.14,43.1,43.82,38.89,39.35,40.93,39.83,5.28,6.42,2.6,20562822.6,18436942.866666667,746880556.0,752694338.0,0.69,3.32,16412144556.267315,-4.0,214,-28.44,370,21.36,182,-3.69,0.52,3.65,0.46,0.42,26.1,0.174,21.69,False,True,False,False,False,True,True,True,False,True,False,True,False,True,False,False,2026-11-11,False,True,4,"below 200-MA, large gap","near21, ADR",6,https://www.tradingview.com/chart/?symbol=NYSE:IONQ&interval=D,False,False,False
AVAV,"AeroVironment, Inc.",NASDAQ,Aerospace & Defense,160.9,153.44,150.35,160.54,157.74,164.65,180.62,206.42,155.86,155.48,165.0,160.06,5.43,5.73,9.21,3273506.1,1922828.2,309383057.0,308687955.0,0.31,0.83,8177050731.599875,-0.37,173,8.7,166,-19.78,347,-3.82,0.35,7.02,0.61,0.54,9.1,0.16,34.85,False,True,True,False,False,True,True,True,False,True,False,True,False,False,False,False,2026-12-08,False,False,4,"thin RVOL, below 200-MA","EMA, near21, ADR",7,https://www.tradingview.com/chart/?symbol=NASDAQ:AVAV&interval=D,False,False,False
BG,Bunge Limited,NYSE,Agricultural Commodities/Milling,112.61,120.2,118.16,116.62,115.66,118.08,119.73,115.44,118.08,117.82,117.15,112.0,4.01,4.05,4.57,2334614.1,1670499.9666666666,188115001.0,194807581.0,0.69,-0.07,21634535050.612736,-4.45,221,0.99,205,-8.29,299,-3.92,-0.65,-4.69,1.09,1.13,13.4,0.152,4.22,False,False,False,False,False,True,False,False,False,True,True,True,False,True,False,True,2026-10-22,False,False,5,below 200-MA,near21,4,https://www.tradingview.com/chart/?symbol=NYSE:BG&interval=D,False,False,False
ACHR,Archer Aviation Inc.,NYSE,Aerospace & Defense,5.43,5.46,5.64,5.91,5.52,5.62,5.78,6.35,5.46,5.58,5.51,5.28,4.58,5.84,0.32,26597647.4,34009927.333333336,184673905.0,200885304.0,0.85,2.09,4181229436.334601,-11.64,317,3.82,185,-5.4,284,-4.4,-0.26,-3.66,0.47,0.72,47.3,0.163,16.21,False,False,False,False,False,True,True,False,False,True,False,True,False,False,False,False,2026-11-05,False,True,3,"thin RVOL, below 200-MA, large gap",near21,4,https://www.tradingview.com/chart/?symbol=NYSE:ACHR&interval=D,False,False,False
MIRM,"Mirum Pharmaceuticals, Inc.",NASDAQ,Pharmaceuticals: Major,92.0,96.73,97.78,98.24,103.64,104.72,101.26,97.33,95.99,97.86,94.57,91.04,4.3,4.52,4.16,803748.5,609884.0,56109328.0,59915614.0,0.89,1.35,5973762997.103343,-5.79,239,-12.78,282,3.5,242,-5.02,-2.49,-5.91,1.32,0.85,23.1,0.103,8.68,False,False,False,False,False,True,True,False,False,True,False,True,False,False,False,False,2026-11-17,False,False,4,"thin RVOL, below 200-MA",near21,4,https://www.tradingview.com/chart/?symbol=NASDAQ:MIRM&interval=D,False,False,False
RGTI,"Rigetti Computing, Inc.",NASDAQ,Computer Processing Hardware,16.53,15.49,15.6,16.37,15.95,18.06,17.46,18.82,15.67,15.8,16.56,16.11,4.62,5.92,0.98,18452147.3,16643733.9,275120921.0,272427410.0,0.93,2.86,5517197315.832487,1.32,165,-20.05,325,3.31,243,-5.14,0.61,5.93,0.78,0.46,42.9,0.152,20.15,False,True,False,False,False,True,True,True,False,True,False,True,False,False,False,False,2026-11-16,False,True,3,"thin RVOL, below 200-MA, large gap","near21, ADR",6,https://www.tradingview.com/chart/?symbol=NASDAQ:RGTI&interval=D,False,False,False
NKTR,Nektar Therapeutics,NASDAQ,Pharmaceuticals: Major,66.84,69.4,71.5,72.54,71.59,70.22,72.2,65.41,68.97,70.57,69.84,66.71,4.23,4.28,2.86,1154205.9999999995,742944.1,49658384.0,53892670.0,0.67,2.13,2282117661.7824144,-11.0,311,4.27,181,-9.25,304,-5.32,-1.55,-6.51,1.23,1.09,4.5,0.172,10.16,False,False,False,True,False,True,False,False,False,True,True,True,False,False,False,False,2026-11-05,False,True,4,"thin RVOL, large gap",near21,4,https://www.tradingview.com/chart/?symbol=NASDAQ:NKTR&interval=D,False,False,False
CECO,CECO Environmental Corp.,NASDAQ,Industrial Machinery,71.53,73.05,72.28,73.42,73.72,79.43,73.7,71.34,71.68,72.53,72.55,69.39,5.22,5.89,4.21,839440.5,804665.8666666667,57557749.0,59078568.0,1.21,2.19,4189500001.2584915,-3.92,213,-25.81,355,13.63,203,-5.37,-0.5,-1.04,0.23,0.75,50.8,0.176,11.3,False,False,False,True,True,True,True,False,False,True,False,True,False,False,True,False,2026-11-09,False,True,4,"thin RVOL, large gap","near21, RVOL",6,https://www.tradingview.com/chart/?symbol=NASDAQ:CECO&interval=D,False,False,False
AESI,Atlas Energy Solutions Inc.,NYSE,Oilfield Services/Equipment,13.27,13.72,13.22,12.94,12.72,14.96,14.18,13.29,13.47,13.27,13.68,12.87,5.39,5.72,0.76,2828809.0,2876941.4,38177012.0,37234335.0,0.8,-0.07,1658795885.799262,1.3,166,-17.48,315,0.0,263,-5.39,0.75,0.36,0.0,1.07,52.7,0.206,16.88,False,False,False,False,True,True,False,False,False,True,True,True,False,False,False,False,2026-11-02,False,False,4,"thin RVOL, below 200-MA",near21,4,https://www.tradingview.com/chart/?symbol=NYSE:AESI&interval=D,False,False,False
HLNE,Hamilton Lane Incorporated,NASDAQ,Investment Managers,88.34,93.54,99.35,100.77,95.98,89.93,93.93,105.04,92.96,96.24,89.1,87.12,4.17,4.19,3.7,620590.3,570988.1666666666,50441095.0,57539620.0,1.05,1.34,4875097275.313882,-16.31,379,12.55,147,-12.65,319,-5.47,-1.9,-11.08,1.96,0.53,33.0,0.273,17.11,False,False,False,False,False,False,True,True,False,True,False,True,False,False,False,False,2026-11-10,False,False,4,"thin RVOL, below 200-MA",ADR,4,https://www.tradingview.com/chart/?symbol=NASDAQ:HLNE&interval=D,False,False,False
TTMI,"TTM Technologies, Inc.",NASDAQ,Electronic Components,124.02,119.88,118.71,122.0,125.38,150.7,136.12,122.89,118.94,120.53,127.21,118.88,5.04,6.6,8.19,1799619.5,2207101.5,273724728.0,269262704.0,1.13,3.46,13065366909.018055,7.59,100,-38.88,410,14.18,202,-5.7,-0.16,4.47,0.44,1.02,62.8,0.192,25.8,False,False,False,True,False,True,False,False,False,True,True,False,False,True,False,False,2026-11-04,False,True,4,"LoD>60% ATR, large gap",near21,3,https://www.tradingview.com/chart/?symbol=NASDAQ:TTMI&interval=D,False,False,False
LUMN,"Lumen Technologies, Inc.",NYSE,Major Telecommunications,6.46,6.71,6.5,6.44,6.42,7.58,7.51,7.68,6.6,6.56,6.57,6.34,5.98,5.68,0.37,14740446.5,13007023.933333334,84025375.0,83782577.0,0.79,2.66,6663137606.999999,6.78,106,-17.6,317,-7.05,293,-5.96,0.12,-0.63,0.27,0.63,32.7,0.231,19.56,False,False,False,False,True,True,True,True,False,True,False,True,False,False,False,False,2026-11-04,False,True,3,"thin RVOL, below 200-MA, large gap","near21, ADR",6,https://www.tradingview.com/chart/?symbol=NYSE:LUMN&interval=D,False,False,False
PRAX,"Praxis Precision Medicines, Inc.",NASDAQ,Pharmaceuticals: Major,298.87,323.17,341.29,351.93,338.15,325.86,323.52,314.89,319.49,332.83,305.79,295.22,4.68,5.45,16.28,408658.3,371195.06666666706,110939070.0,130636536.0,1.46,0.92,8344447342.818332,-19.3,404,0.12,208,0.69,257,-6.16,-2.13,-12.43,1.87,0.65,22.4,0.274,8.84,False,False,False,False,False,False,True,False,False,False,False,True,False,False,True,False,2026-11-11,False,False,4,"thin RVOL, below 200-MA",RVOL,3,https://www.tradingview.com/chart/?symbol=NASDAQ:PRAX&interval=D,False,False,False
IRTC,"iRhythm Holdings, Inc.",NASDAQ,Medical Specialties,110.38,113.6,117.52,119.51,118.4,116.87,119.52,131.42,113.38,116.24,111.38,107.92,4.14,4.41,4.87,569048.0,558871.9666666667,61688288.0,66791813.0,0.67,-0.1,3638456559.8968263,-14.73,363,4.08,184,-8.02,297,-6.22,-1.53,-6.07,1.14,0.71,50.6,0.175,16.14,False,False,False,False,False,True,True,False,False,True,False,True,False,False,False,False,2026-10-29,False,False,4,"thin RVOL, below 200-MA",near21,4,https://www.tradingview.com/chart/?symbol=NASDAQ:IRTC&interval=D,False,False,False
CHWY,"Chewy, Inc.",NYSE,Internet Retail,20.51,21.1,22.43,22.6,22.4,21.7,23.1,25.19,21.27,21.91,21.18,20.5,4.74,4.84,0.99,11884060.6,8328656.266666667,170820740.0,188199869.0,0.59,1.45,8243528220.766246,-14.04,353,15.61,136,-20.98,353,-6.47,-1.74,-8.55,1.32,0.68,1.0,0.266,19.94,False,False,False,False,False,True,True,True,False,True,False,True,False,False,False,False,2026-12-03,False,False,4,"thin RVOL, below 200-MA","near21, ADR",5,https://www.tradingview.com/chart/?symbol=NYSE:CHWY&interval=D,False,False,False
MRCY,Mercury Systems Inc,NASDAQ,Aerospace & Defense,85.65,83.77,85.18,91.97,95.69,99.91,93.9,91.41,85.12,87.61,87.23,85.12,4.34,4.92,4.21,767872.8,810122.3,69386975.0,74507758.0,0.53,1.45,5212966102.654784,-10.06,298,-22.14,335,12.62,210,-6.52,-2.13,0.55,0.45,0.5,12.7,0.15,18.84,False,False,False,False,True,True,True,True,False,True,False,True,False,False,False,False,2026-11-10,False,False,4,"thin RVOL, below 200-MA","near21, ADR",6,https://www.tradingview.com/chart/?symbol=NASDAQ:MRCY&interval=D,False,False,False
CEG,Constellation Energy Corporation,NASDAQ,Electric Utilities,262.11,272.73,277.35,276.69,271.37,272.28,281.79,292.33,268.29,272.76,265.85,250.55,4.12,3.92,10.28,3293954.1,2732986.966666667,716343214.0,756176954.0,1.05,0.66,92867507997.66982,-4.87,226,-2.35,215,-13.43,323,-6.88,-0.87,-5.49,1.0,1.49,112.5,0.187,8.0,False,False,False,False,False,True,False,False,False,True,True,False,False,True,False,False,2026-11-09,False,False,4,"LoD>60% ATR, below 200-MA",near21,2,https://www.tradingview.com/chart/?symbol=NASDAQ:CEG&interval=D,False,False,False
HCC,"Warrior Met Coal, Inc.",NYSE,Coal,88.47,95.73,101.02,100.48,93.01,91.19,90.03,90.03,94.35,96.95,89.48,88.16,4.68,4.87,4.31,742142.4,616330.2666666667,54526739.0,61930098.0,0.69,1.51,4671400553.470829,-15.9,374,2.21,195,-7.07,294,-6.92,-1.0,-12.43,1.8,0.31,7.3,0.273,12.43,False,False,False,False,False,False,True,True,False,True,False,True,False,False,False,False,2026-11-04,False,False,4,"thin RVOL, below 200-MA",ADR,4,https://www.tradingview.com/chart/?symbol=NYSE:HCC&interval=D,False,False,False
AXON,"Axon Enterprise, Inc.",NASDAQ,Aerospace & Defense,452.06,470.76,519.18,551.88,546.23,499.96,485.25,502.58,474.63,506.29,456.0,443.72,5.03,6.09,27.53,1216555.9,951514.9,430141826.0,525118237.0,0.84,-0.3,36724185043.06316,-27.54,429,9.08,165,-2.42,273,-6.96,-2.83,-12.93,1.76,0.45,30.3,0.45,16.69,False,False,False,False,False,False,True,True,False,True,False,True,False,True,False,False,2026-11-10,False,False,5,below 200-MA,ADR,4,https://www.tradingview.com/chart/?symbol=NASDAQ:AXON&interval=D,False,False,False
VAL,Valaris Limited,NYSE,Contract Drilling,81.79,84.15,85.59,85.91,82.51,86.21,88.98,81.23,84.2,84.66,83.46,80.97,4.79,4.47,3.65,1471854.6,1228493.2,100478459.0,105537394.0,0.85,-0.36,5679154740.147803,-9.1,288,3.31,188,-15.95,336,-7.25,-0.19,-4.44,0.76,0.68,22.4,0.122,9.48,False,False,False,True,False,True,True,True,False,True,False,True,False,False,False,False,2026-11-03,False,False,5,thin RVOL,"near21, ADR",6,https://www.tradingview.com/chart/?symbol=NYSE:VAL&interval=D,False,False,False
WYFI,"WhiteFiber, Inc.",NASDAQ,Data Processing Services,19.86,18.59,18.81,21.04,23.14,26.22,22.61,21.54,18.68,19.68,20.32,19.02,5.8,9.2,1.83,1350703.5,2508774.533333333,49824262.0,52777090.0,0.96,3.32,771523592.6378493,-7.8,273,-50.88,430,36.49,147,-7.39,-1.54,5.56,0.1,0.71,46.0,0.248,38.4,False,False,False,False,False,True,True,False,False,True,False,True,False,False,False,False,2026-11-12,False,True,3,"thin RVOL, below 200-MA, large gap",near21,4,https://www.tradingview.com/chart/?symbol=NASDAQ:WYFI&interval=D,False,False,False
CRWV,"CoreWeave, Inc.",NASDAQ,Packaged Software,85.43,86.68,86.09,89.57,85.0,95.56,94.17,92.12,84.67,86.18,87.25,80.92,5.42,6.83,5.83,36544738.2,30344625.733333334,2592341376.0,2718028816.0,1.15,0.25,47117770860.17945,-5.49,234,-17.0,311,0.23,261,-7.42,0.07,-0.76,0.13,1.09,77.3,0.223,12.36,False,False,False,False,True,True,False,False,False,True,True,False,False,True,False,False,2026-11-16,False,False,4,"LoD>60% ATR, below 200-MA",near21,3,https://www.tradingview.com/chart/?symbol=NASDAQ:CRWV&interval=D,False,False,False
MIR,"Mirion Technologies, Inc.",NYSE,Aerospace & Defense,16.21,16.05,15.69,15.59,15.73,16.87,17.89,19.59,15.95,15.84,16.48,15.86,4.1,4.36,0.71,3676981.6,3550563.533333333,57554635.0,55341450.0,1.18,1.52,4036900307.5285535,5.12,124,-9.94,261,-17.51,341,-7.44,0.7,3.3,0.54,0.87,48.9,0.191,24.03,False,True,True,False,False,True,True,False,False,True,False,True,False,False,False,False,2026-11-03,False,False,4,"thin RVOL, below 200-MA","EMA, near21",6,https://www.tradingview.com/chart/?symbol=NYSE:MIR&interval=D,False,False,False
ASM,Avino Silver & Gold Mines Ltd.,AMEX,Precious Metals,6.18,6.55,7.0,7.08,6.57,6.58,6.84,7.01,6.5,6.73,6.44,6.14,5.68,6.39,0.39,3856592.1,4344893.9,26851444.0,30745918.0,0.8,0.78,1049705521.7315435,-21.27,412,2.32,193,-3.44,277,-7.46,-0.94,-11.67,1.28,0.77,11.4,0.334,7.49,False,False,False,False,False,True,True,False,False,True,False,True,False,False,False,False,2026-11-11,False,False,4,"thin RVOL, below 200-MA",near21,4,https://www.tradingview.com/chart/?symbol=AMEX:ASM&interval=D,False,False,False
DPC,DPC Holdings PLC,NYSE,Electrical Products,41.18,41.0,42.04,44.6,45.97,,,,41.15,42.56,41.77,40.63,6.99,7.39,3.04,1296301.8,1102879.1666666667,45416564.0,49192822.0,0.41,0.61,6152004336.07949,-10.11,299,-6.41,241,-6.41,288,-7.64,-1.41,-2.05,0.44,0.37,18.1,0.175,12.09,False,False,False,False,True,True,True,True,False,True,False,True,False,False,False,False,2026-12-02,False,False,4,"thin RVOL, below 200-MA","near21, ADR",6,https://www.tradingview.com/chart/?symbol=NYSE:DPC&interval=D,False,False,False
WEN,Wendy's Company (The),NASDAQ,Restaurants,6.7,7.28,7.83,8.04,7.84,7.59,7.45,7.64,7.25,7.6,6.85,6.66,4.57,5.25,0.35,6780687.7,8794881.6,58925707.0,70706451.0,0.99,0.0,1277488535.7715132,-24.21,421,7.72,170,-6.56,289,-7.68,-2.76,-14.42,2.25,0.54,11.4,0.348,8.35,False,False,False,False,False,False,True,True,False,True,False,True,False,False,False,False,2026-11-11,False,False,4,"thin RVOL, below 200-MA",ADR,4,https://www.tradingview.com/chart/?symbol=NASDAQ:WEN&interval=D,False,False,False
AEO,"American Eagle Outfitters, Inc.",NYSE,Apparel/Footwear Retail,15.46,15.41,16.16,16.3,16.75,16.81,17.64,19.57,15.45,15.92,15.53,15.04,4.22,4.66,0.72,10568480.9,6709222.933333334,103724587.0,109380461.0,0.55,0.93,2590683811.351926,-4.8,225,-11.61,274,-7.04,292,-7.82,-1.65,-4.32,0.62,0.68,58.3,0.245,26.85,False,False,False,False,False,True,True,False,False,True,False,True,False,False,False,False,2026-11-24,False,False,4,"thin RVOL, below 200-MA",near21,4,https://www.tradingview.com/chart/?symbol=NYSE:AEO&interval=D,False,False,False
UCTT,"Ultra Clean Holdings, Inc.",NASDAQ,Industrial Machinery,73.05,70.56,70.35,74.6,80.87,88.33,80.54,69.47,70.15,72.28,73.62,70.74,4.47,6.79,4.96,783067.1,878929.2666666667,64205783.0,65568563.0,0.69,3.1,3307486803.4463477,-1.15,185,-34.41,399,10.95,216,-8.2,-1.43,3.84,0.16,0.58,46.6,0.199,25.82,False,False,False,True,False,True,True,False,False,True,False,True,False,False,False,False,2026-10-28,False,True,4,"thin RVOL, large gap",near21,5,https://www.tradingview.com/chart/?symbol=NASDAQ:UCTT&interval=D,False,False,False
NVTS,Navitas Semiconductor Corporation,NASDAQ,Semiconductors,12.16,11.33,11.56,12.22,12.1,16.55,14.45,13.07,11.42,11.69,12.35,11.85,4.58,6.85,0.83,11530842.4,12268602.3,149186204.0,149922320.0,1.0,4.9,3174896745.098863,-7.77,271,-43.88,422,26.73,165,-8.31,0.07,5.16,0.58,0.6,37.2,0.208,42.93,False,True,False,False,False,True,True,False,False,True,False,True,False,False,False,False,2026-11-09,False,True,3,"thin RVOL, below 200-MA, large gap",near21,5,https://www.tradingview.com/chart/?symbol=NASDAQ:NVTS&interval=D,False,False,False
QBTS,D-Wave Quantum Inc.,NASDAQ,Computer Processing Hardware,17.7,17.03,17.22,18.22,18.28,20.93,19.79,21.26,17.15,17.51,17.92,17.39,4.38,6.2,1.1,16857941.7,15084247.566666666,266991182.0,274764598.0,0.89,2.72,6719391537.931034,-7.38,264,-26.59,358,8.86,227,-8.37,-0.51,2.81,0.18,0.49,28.6,0.178,23.91,False,False,False,False,True,True,True,True,False,True,False,True,False,False,False,False,2026-11-05,False,True,3,"thin RVOL, below 200-MA, large gap","near21, ADR",6,https://www.tradingview.com/chart/?symbol=NASDAQ:QBTS&interval=D,False,False,False
BL,"BlackLine, Inc.",NASDAQ,Packaged Software,28.57,28.95,30.73,30.57,30.46,29.64,31.43,36.82,29.21,29.96,28.81,28.06,4.2,4.9,1.4,950094.6,1013580.5,28957995.0,30985832.0,1.02,1.35,1660638951.9196875,-10.27,301,8.22,168,-23.73,367,-8.59,-1.27,-7.04,0.95,0.54,36.4,0.251,27.53,False,False,False,False,False,True,True,True,False,True,False,True,False,False,False,False,2026-10-29,False,False,4,"thin RVOL, below 200-MA","near21, ADR",5,https://www.tradingview.com/chart/?symbol=NASDAQ:BL&interval=D,False,False,False
VKTX,"Viking Therapeutics, Inc.",NASDAQ,Pharmaceuticals: Major,30.11,30.99,32.33,32.87,33.78,33.18,33.29,33.28,30.77,31.9,30.7,28.41,4.82,5.08,1.53,2533853.4,2010591.7333333334,60538917.0,66092842.0,2.35,2.0,3512419960.458779,-13.45,348,-5.2,229,-7.3,295,-8.65,-2.14,-6.86,1.1,1.5,111.2,0.222,9.25,False,False,False,False,False,True,False,False,False,True,True,False,True,True,True,False,2026-10-28,False,True,3,"LoD>60% ATR, below 200-MA, large gap","near21, RVOL",2,https://www.tradingview.com/chart/?symbol=NASDAQ:VKTX&interval=D,False,False,False
RIG,Transocean Ltd (Switzerland),NYSE,Contract Drilling,5.45,5.66,5.75,5.77,5.54,5.79,5.99,5.63,5.66,5.69,5.63,5.42,4.92,4.66,0.25,46424264.6,43266489.833333336,235802370.0,249849557.0,0.9,-0.35,6086996547.898936,-9.92,294,2.25,194,-18.29,342,-8.65,-0.36,-5.28,0.91,0.83,11.8,0.125,8.17,False,False,False,False,False,True,True,False,False,True,False,True,False,False,False,False,2026-11-04,False,False,4,"thin RVOL, below 200-MA",near21,4,https://www.tradingview.com/chart/?symbol=NYSE:RIG&interval=D,False,False,False
FSLR,"First Solar, Inc.",NASDAQ,Semiconductors,199.84,203.0,204.08,210.88,213.54,230.96,220.86,227.79,201.53,205.78,201.16,193.73,4.66,4.98,9.95,2377343.7,2047517.4666666666,409175891.0,431784578.0,0.78,1.15,21476763089.16187,-7.05,258,-21.32,329,2.25,244,-8.71,-1.29,-2.08,0.58,0.75,61.4,0.098,13.99,False,False,False,False,True,True,True,False,True,True,False,False,False,True,False,False,2026-10-29,False,False,4,"LoD>60% ATR, below 200-MA","near21, BB",5,https://www.tradingview.com/chart/?symbol=NASDAQ:FSLR&interval=D,False,False,False
SOUN,"SoundHound AI, Inc.",NASDAQ,Packaged Software,6.17,6.22,6.6,6.82,6.67,7.2,7.29,8.07,6.24,6.48,6.22,6.02,4.13,5.17,0.32,22894342.2,23959418.733333334,147829614.0,163371290.0,0.77,2.7,2775743402.9696455,-12.18,325,-8.59,254,-5.8,286,-8.86,-1.44,-6.44,0.92,0.63,47.1,0.254,29.92,False,False,False,False,False,True,True,False,False,True,False,True,False,False,False,False,2026-11-05,False,True,3,"thin RVOL, below 200-MA, large gap",near21,4,https://www.tradingview.com/chart/?symbol=NASDAQ:SOUN&interval=D,False,False,False
WULF,TeraWulf Inc.,NASDAQ,Data Processing Services,17.45,16.42,16.06,16.19,17.09,20.75,19.45,18.02,16.37,16.38,17.72,16.97,5.63,6.95,1.21,30455008.3,30311579.4,528937061.0,490784886.0,0.83,2.35,8707003739.08583,3.87,136,-34.77,401,4.18,238,-8.91,0.3,8.69,0.94,0.62,39.6,0.229,26.88,False,True,False,False,False,True,True,False,False,True,False,True,False,False,False,False,2026-11-16,False,True,3,"thin RVOL, below 200-MA, large gap",near21,5,https://www.tradingview.com/chart/?symbol=NASDAQ:WULF&interval=D,False,False,False
GPK,Graphic Packaging Holding Company,NYSE,Containers/Packaging,9.25,9.55,10.34,10.76,10.91,10.68,10.56,11.63,9.71,10.17,9.54,9.25,4.2,4.37,0.4,8078896.9,5329658.166666667,49299338.0,57322250.0,1.38,0.54,2738662087.379162,-21.01,411,-8.05,250,1.31,252,-9.25,-3.49,-10.58,2.08,0.73,0.0,0.326,22.51,False,False,False,False,False,False,True,False,False,False,False,True,False,False,True,False,2026-11-03,False,False,4,"thin RVOL, below 200-MA",RVOL,3,https://www.tradingview.com/chart/?symbol=NYSE:GPK&interval=D,False,False,False
NN,NextNav Inc.,NASDAQ,Packaged Software,15.66,15.05,15.29,16.31,15.3,17.47,17.41,17.0,15.11,15.41,15.7,14.47,5.55,6.69,1.05,2709931.5,2723972.4,42657408.0,44419364.0,1.01,1.97,2643563177.164557,-8.71,285,-2.97,221,-16.66,339,-9.45,0.35,2.42,0.24,1.17,113.6,0.109,15.45,False,True,False,False,True,True,False,False,False,True,True,False,False,False,False,False,2026-11-05,False,False,3,"LoD>60% ATR, thin RVOL, below 200-MA",near21,4,https://www.tradingview.com/chart/?symbol=NASDAQ:NN&interval=D,False,False,False
TNDM,"Tandem Diabetes Care, Inc.",NASDAQ,Medical Specialties,17.62,17.68,19.45,20.63,19.58,17.92,19.21,19.65,17.88,18.89,17.83,16.6,5.95,6.27,1.1,2163713.1,1722344.2,30347705.0,35526507.0,1.01,0.83,1225976840.2240665,-24.22,422,24.35,98,-28.84,386,-9.57,-1.6,-9.39,1.08,1.11,92.4,0.408,11.21,False,False,False,False,False,True,False,False,False,True,True,False,False,False,False,False,2026-11-04,False,False,3,"LoD>60% ATR, thin RVOL, below 200-MA",near21,2,https://www.tradingview.com/chart/?symbol=NASDAQ:TNDM&interval=D,False,False,False
WRBY,Warby Parker Inc.,NYSE,Specialty Stores,23.25,24.19,24.51,25.11,25.67,25.9,25.05,25.12,23.95,24.56,23.98,22.86,5.37,6.08,1.41,3077761.2,2463290.8,57271511.0,61856516.0,1.38,1.6,2873887107.733333,-16.4,381,-12.33,280,-0.6,265,-9.78,-1.55,-5.13,0.88,0.8,28.0,0.151,7.39,False,False,False,False,False,True,True,False,False,True,False,True,False,False,True,False,2026-11-05,False,False,4,"thin RVOL, below 200-MA","near21, RVOL",4,https://www.tradingview.com/chart/?symbol=NYSE:WRBY&interval=D,False,False,False
CORZ,"Core Scientific, Inc.",NASDAQ,Packaged Software,18.36,17.55,17.37,18.04,19.58,22.4,20.71,19.78,17.55,17.87,18.64,17.63,5.24,6.3,1.16,11671798.9,11588063.0,212756837.0,209067970.0,1.0,-0.39,5899810102.219011,-2.24,192,-33.35,395,5.83,234,-9.92,-0.99,5.72,0.44,0.88,63.1,0.173,27.42,False,False,False,False,False,True,True,False,False,True,False,False,False,False,False,False,2026-11-11,False,False,3,"LoD>60% ATR, thin RVOL, below 200-MA",near21,3,https://www.tradingview.com/chart/?symbol=NASDAQ:CORZ&interval=D,False,False,False
WFRD,Weatherford International plc,NASDAQ,Oilfield Services/Equipment,82.2,86.4,89.85,90.77,88.35,93.62,95.04,93.0,85.66,88.1,83.02,79.59,4.43,4.33,3.56,1113674.9,964952.4,79319087.0,87585995.0,0.79,0.26,5974985785.563819,-10.05,297,-7.88,245,-11.9,316,-9.94,-1.61,-8.51,1.55,0.97,73.3,0.237,10.52,False,False,False,False,False,False,True,False,False,False,False,False,False,False,False,False,2026-10-27,False,False,3,"LoD>60% ATR, thin RVOL, below 200-MA",,2,https://www.tradingview.com/chart/?symbol=NASDAQ:WFRD&interval=D,False,False,False
RZLV,Rezolve AI PLC,NASDAQ,Packaged Software,2.3,2.28,2.45,2.5,2.47,2.54,2.56,2.66,2.31,2.39,2.33,2.28,4.09,5.46,0.13,10144086.2,17798514.666666668,40936584.0,44543749.0,0.98,1.32,958798453.7885462,-8.0,277,-10.51,266,-11.54,315,-10.01,-1.28,-6.24,0.67,0.4,15.9,0.461,16.34,False,False,False,False,False,True,True,True,False,True,False,True,False,False,False,False,2027-04-29,False,False,4,"thin RVOL, below 200-MA","near21, ADR",5,https://www.tradingview.com/chart/?symbol=NASDAQ:RZLV&interval=D,False,False,False
KGS,"Kodiak Gas Services, Inc.",NYSE,Oilfield Services/Equipment,56.24,60.05,60.05,60.82,61.2,65.74,63.15,57.25,59.05,59.99,59.03,56.24,4.47,4.87,2.74,2156607.9,1787180.8,100511048.0,108687996.0,0.9,0.49,5686090851.265112,-7.64,269,-18.29,320,-4.4,279,-10.11,-1.66,-6.34,1.29,1.02,0.0,0.159,15.11,False,False,False,False,False,True,False,False,False,True,True,True,False,False,False,False,2026-11-11,False,False,4,"thin RVOL, below 200-MA",near21,3,https://www.tradingview.com/chart/?symbol=NYSE:KGS&interval=D,False,False,False
VSEC,VSE Corporation,NASDAQ,Engineering & Construction,180.14,187.28,198.96,209.97,207.06,199.91,200.7,198.38,186.24,195.91,183.15,175.4,4.76,5.39,9.7,428435.0,367120.5,66133087.0,77083557.0,1.24,1.32,5055624095.481438,-17.25,388,-14.08,293,0.6,258,-10.24,-2.41,-9.46,1.49,0.8,48.8,0.308,10.98,False,False,False,False,False,True,True,False,False,True,False,True,False,False,True,False,2026-10-28,False,False,4,"thin RVOL, below 200-MA","near21, RVOL",4,https://www.tradingview.com/chart/?symbol=NASDAQ:VSEC&interval=D,False,False,False
STRL,"Sterling Infrastructure, Inc.",NASDAQ,Engineering & Construction,512.64,494.48,486.62,506.76,551.0,673.76,593.54,530.86,496.5,502.83,531.0,510.5,4.08,5.84,29.96,638842.0,568537.0,291454808.0,288110673.0,0.86,2.38,15680897719.029537,-3.0,198,-40.85,417,12.88,206,-10.32,-1.19,5.35,0.33,0.68,7.1,0.16,36.5,False,False,False,False,False,True,True,False,False,True,False,True,False,True,False,False,2026-11-09,False,True,4,"below 200-MA, large gap",near21,4,https://www.tradingview.com/chart/?symbol=NASDAQ:STRL&interval=D,False,False,False
ALNY,"Alnylam Pharmaceuticals, Inc.",NASDAQ,Pharmaceuticals: Major,244.32,247.13,247.24,240.8,246.85,271.63,288.29,311.07,245.35,245.69,247.1,237.96,4.25,4.29,10.48,1518062.1,1640768.2333333334,400872495.0,395102460.0,0.75,0.34,32692245772.87494,6.75,108,-16.01,304,-22.03,358,-10.43,-0.24,-1.18,0.13,0.87,60.6,0.165,26.28,False,False,False,False,True,True,True,False,False,True,False,False,False,True,False,False,2026-10-29,False,False,4,"LoD>60% ATR, below 200-MA",near21,4,https://www.tradingview.com/chart/?symbol=NASDAQ:ALNY&interval=D,False,False,False
USAR,"USA Rare Earth, Inc.",NASDAQ,Metal Fabrication,16.78,16.03,17.12,17.65,16.97,20.31,19.76,19.39,16.18,16.75,17.04,16.28,4.94,6.62,1.11,14004390.8,13330177.933333334,223680386.0,235335405.0,1.22,8.65,6293784774.8379965,-4.77,224,-24.67,344,-1.93,271,-10.45,-0.17,-1.99,0.03,0.68,45.0,0.309,25.52,False,False,False,False,True,True,True,False,False,True,False,True,False,False,True,False,2026-11-05,False,True,3,"thin RVOL, below 200-MA, large gap","near21, RVOL",5,https://www.tradingview.com/chart/?symbol=NASDAQ:USAR&interval=D,False,False,False
RKLB,Rocket Lab Corporation,NASDAQ,Aerospace & Defense,69.89,64.59,64.84,69.37,69.67,88.38,82.97,80.62,65.59,66.64,70.01,65.28,4.57,5.74,4.01,21788268.8,18676545.9,1305303793.0,1295542185.0,1.25,1.11,41826353675.02061,-5.75,238,-27.21,361,1.38,250,-10.53,0.05,7.78,0.85,1.18,115.0,0.134,34.04,False,True,False,False,False,True,False,False,False,True,True,False,False,True,True,False,2026-11-16,False,False,4,"LoD>60% ATR, below 200-MA","near21, RVOL",3,https://www.tradingview.com/chart/?symbol=NASDAQ:RKLB&interval=D,False,False,False
NG,Novagold Resources Inc.,AMEX,Precious Metals,7.36,7.46,8.11,8.07,7.24,7.42,8.31,8.72,7.5,7.69,7.38,7.14,5.09,6.11,0.45,6996636.1,5617042.233333333,41341431.0,45316424.0,0.62,0.96,3229425499.4663005,-18.4,397,1.38,199,-15.01,329,-10.68,0.27,-9.21,0.7,0.54,48.9,0.392,20.08,False,False,False,False,False,True,True,True,False,True,False,True,False,False,False,False,2026-10-06,False,False,4,"thin RVOL, below 200-MA","near21, ADR",5,https://www.tradingview.com/chart/?symbol=AMEX:NG&interval=D,False,False,False
CELC,Celcuity Inc.,NASDAQ,Medical Specialties,84.0,85.04,88.98,89.75,89.95,101.43,105.57,105.54,85.13,87.58,84.33,80.26,4.45,5.0,4.2,962749.8,848073.0666666667,71238138.0,76116537.0,0.76,0.94,4110280274.2091556,-8.09,278,-5.45,232,-18.89,344,-10.81,-1.32,-5.59,0.82,0.97,89.1,0.228,24.45,False,False,False,False,False,True,True,False,False,True,False,False,False,False,False,False,2026-11-18,False,False,3,"LoD>60% ATR, thin RVOL, below 200-MA",near21,3,https://www.tradingview.com/chart/?symbol=NASDAQ:CELC&interval=D,False,False,False
FLY,Firefly Aerospace Inc.,NASDAQ,Aerospace & Defense,22.82,21.44,21.55,22.99,22.22,29.0,28.72,27.72,21.54,21.93,23.02,21.56,5.76,6.83,1.56,3204865.7,2863286.2333333334,65354508.0,65837926.0,0.91,2.81,3821010961.5522175,-5.45,231,-19.77,323,-7.33,296,-10.85,0.4,5.91,0.6,0.94,81.1,0.147,33.14,False,True,False,False,False,True,True,False,False,True,False,False,False,False,False,False,2026-11-18,False,True,2,"LoD>60% ATR, thin RVOL, below 200-MA, large gap",near21,4,https://www.tradingview.com/chart/?symbol=NASDAQ:FLY&interval=D,False,False,False
VIAV,Viavi Solutions Inc.,NASDAQ,Information Technology Services,36.2,36.24,36.25,37.8,38.24,43.86,40.96,35.78,35.74,36.57,36.48,34.97,5.01,6.35,2.3,5697789.199999998,4503483.533333326,163026104.0,170234680.0,0.8,1.5,8932344078.597286,-6.96,257,-26.54,357,0.08,262,-11.14,-0.84,-0.13,0.16,0.66,53.7,0.204,22.33,False,False,False,True,True,True,True,False,False,True,False,True,False,False,False,False,2026-10-29,False,False,5,thin RVOL,near21,6,https://www.tradingview.com/chart/?symbol=NASDAQ:VIAV&interval=D,False,False,False
RKT,"Rocket Companies, Inc.",NYSE,Finance/Rental/Leasing,12.36,13.04,13.45,13.73,13.74,13.93,14.48,15.89,12.94,13.31,12.59,12.13,4.52,5.1,0.63,34831038.6,27705741.233333334,342442962.0,380519885.0,1.17,2.28,34999099367.05289,-13.2,345,-6.08,236,-14.29,326,-11.19,-1.97,-8.1,1.4,0.73,36.5,0.177,23.01,False,False,False,False,False,True,True,False,False,True,False,True,False,True,False,False,2026-10-29,False,True,4,"below 200-MA, large gap",near21,4,https://www.tradingview.com/chart/?symbol=NYSE:RKT&interval=D,False,False,False
MWH,"SOLV Energy, Inc.",NASDAQ,Engineering & Construction,26.89,25.73,26.04,27.45,27.71,32.09,31.71,,26.03,26.44,27.43,26.17,4.62,5.39,1.45,1483150.0,1740648.2,46806030.0,47784274.0,0.84,1.06,5442310593.5079365,-7.47,267,-17.97,319,-8.29,300,-11.24,-0.55,3.28,0.31,0.87,49.6,0.192,23.68,False,False,False,False,False,True,True,False,False,True,False,True,False,False,False,False,2026-12-02,False,False,4,"thin RVOL, below 200-MA",near21,4,https://www.tradingview.com/chart/?symbol=NASDAQ:MWH&interval=D,False,False,False
MDLN,Medline Inc.,NASDAQ,Medical Specialties,31.96,32.71,34.08,34.23,36.11,37.25,39.83,,32.79,33.77,32.44,31.63,4.08,4.29,1.37,8667947.3,7441853.033333333,237841623.0,254749513.0,1.29,0.25,42018049940.3818,-1.69,191,-7.92,248,-24.12,370,-11.25,-2.68,-6.21,1.25,0.59,24.1,0.188,22.3,False,False,False,False,False,True,True,True,False,True,False,True,False,True,True,False,2026-11-10,False,False,5,below 200-MA,"near21, ADR, RVOL",5,https://www.tradingview.com/chart/?symbol=NASDAQ:MDLN&interval=D,False,False,False
MP,MP Materials Corp.,NYSE,Other Metals/Minerals,50.0,50.7,53.53,54.53,50.87,55.73,56.31,57.22,50.52,51.95,50.65,48.58,4.58,5.64,2.82,5287914.1,5765439.066666666,288271953.0,314389392.0,0.99,2.8,8905079334.532373,-11.8,319,-13.42,286,-8.93,301,-11.38,-0.3,-6.59,0.67,0.73,50.2,0.274,13.05,False,False,False,False,False,True,True,False,False,True,False,True,False,False,False,False,2026-10-29,False,True,3,"thin RVOL, below 200-MA, large gap",near21,4,https://www.tradingview.com/chart/?symbol=NYSE:MP&interval=D,False,False,False
ON,ON Semiconductor Corporation,NASDAQ,Semiconductors,71.72,70.98,72.1,74.62,79.06,94.85,86.13,79.49,71.1,73.03,72.04,68.17,4.59,5.24,3.76,13378669.4,9196933.9,659604099.0,686315061.0,0.94,1.46,27921436932.88539,-4.72,223,-41.8,421,12.27,212,-11.42,-1.77,-0.53,0.34,1.03,94.5,0.12,33.27,False,False,False,False,True,True,False,False,False,True,True,False,False,True,False,False,2026-11-02,False,False,4,"LoD>60% ATR, below 200-MA",near21,3,https://www.tradingview.com/chart/?symbol=NASDAQ:ON&interval=D,False,False,False
RH,RH,NYSE,Specialty Stores,127.2,131.6,138.97,150.46,162.09,153.63,150.66,161.58,131.91,140.59,128.49,124.57,5.36,5.94,7.56,1065570.0,774138.9666666667,98470477.0,116480304.0,0.6,1.11,2408297825.945946,-18.13,394,-11.78,277,-4.53,281,-11.48,-3.62,-8.47,1.6,0.52,34.8,0.248,23.97,False,False,False,False,False,False,True,True,False,True,False,True,False,False,False,False,2026-12-03,False,False,4,"thin RVOL, below 200-MA",ADR,4,https://www.tradingview.com/chart/?symbol=NYSE:RH&interval=D,False,False,False
DKNG,DraftKings Inc.,NASDAQ,Movies/Entertainment,21.97,23.6,24.11,24.49,24.27,24.92,24.41,26.37,23.32,23.86,22.28,21.57,4.42,5.06,1.11,11291405.0,10205260.8,224209580.0,249920033.0,1.36,0.0,10907095940.627588,-14.35,359,-13.61,288,-6.57,290,-11.51,-1.88,-8.87,1.56,0.64,36.0,0.178,12.63,False,False,False,False,False,False,True,True,False,True,False,True,False,True,True,False,2026-10-30,False,False,5,below 200-MA,"ADR, RVOL",4,https://www.tradingview.com/chart/?symbol=NASDAQ:DKNG&interval=D,False,False,False
STNE,StoneCo Ltd.,NASDAQ,Miscellaneous Commercial Services,9.71,9.85,9.85,9.78,10.33,10.58,11.92,12.81,9.79,9.88,9.81,9.51,4.21,4.06,0.39,4647224.0,6135262.466666667,59573399.0,60026385.0,0.89,0.58,2361746017.6264434,5.2,122,-8.14,251,-31.81,395,-11.58,-1.47,-1.43,0.43,0.76,50.8,0.104,30.49,False,False,False,False,True,True,True,True,False,True,False,True,False,False,False,False,2026-11-17,False,False,4,"thin RVOL, below 200-MA","near21, ADR",6,https://www.tradingview.com/chart/?symbol=NASDAQ:STNE&interval=D,False,False,False
APLD,Applied Digital Corporation,NASDAQ,Data Processing Services,28.19,26.27,26.25,27.35,27.69,34.41,32.41,32.29,26.46,26.73,28.84,27.7,4.86,6.48,1.83,16753050.8,15907310.600000005,448427086.0,435070247.0,1.12,1.55,8216514630.742532,-3.56,208,-33.44,396,2.14,245,-11.62,0.28,7.39,0.84,0.63,26.8,0.224,28.96,False,True,False,False,False,True,True,False,False,True,False,True,False,False,False,False,2026-10-14,False,False,4,"thin RVOL, below 200-MA",near21,5,https://www.tradingview.com/chart/?symbol=NASDAQ:APLD&interval=D,False,False,False
NXST,"Nexstar Media Group, Inc.",NASDAQ,Broadcasting,166.15,166.11,173.86,178.16,181.65,182.5,194.28,198.22,166.84,172.2,168.99,157.67,4.19,4.23,7.02,495374.4,375388.26666666666,62370761.0,66880800.0,0.84,0.73,5118799007.848974,-11.29,314,1.19,201,-25.25,373,-11.78,-2.02,-4.43,0.83,1.61,120.7,0.202,19.33,False,False,False,False,False,True,False,False,False,True,True,False,False,False,False,False,2026-11-05,False,False,3,"LoD>60% ATR, thin RVOL, below 200-MA",near21,2,https://www.tradingview.com/chart/?symbol=NASDAQ:NXST&interval=D,False,False,False
ICHR,Ichor Holdings,NASDAQ,Industrial Machinery,56.14,54.7,55.01,58.74,67.45,73.74,66.46,56.27,54.52,56.92,56.6,54.65,4.0,6.58,3.7,718547.9,674819.0666666667,37884342.0,39639547.0,1.04,3.28,2102680514.2025547,-6.29,244,-37.61,409,8.38,228,-11.84,-2.55,2.05,0.21,0.53,40.4,0.184,33.92,False,False,False,False,True,True,True,False,False,True,False,True,False,False,False,False,2026-11-09,False,True,3,"thin RVOL, below 200-MA, large gap",near21,5,https://www.tradingview.com/chart/?symbol=NASDAQ:ICHR&interval=D,False,False,False
ALGM,"Allegro MicroSystems, Inc.",NASDAQ,Semiconductors,35.5,34.67,35.47,37.39,40.78,46.0,42.53,39.91,34.7,36.12,35.89,33.85,4.05,5.55,1.97,2166123.5,2036942.5333333334,72311460.0,76162639.0,1.19,2.67,6617272614.677419,-5.65,237,-37.5,407,7.22,231,-11.98,-2.33,0.08,0.31,1.04,83.8,0.15,31.9,False,False,False,False,True,True,False,False,False,True,True,False,False,False,False,False,2026-10-29,False,True,2,"LoD>60% ATR, thin RVOL, below 200-MA, large gap",near21,3,https://www.tradingview.com/chart/?symbol=NASDAQ:ALGM&interval=D,False,False,False
BBWI,"Bath & Body Works, Inc.",NYSE,Specialty Stores,16.91,17.55,18.19,18.53,19.26,19.34,19.64,20.03,17.54,18.11,17.55,16.91,4.88,5.49,0.93,6672842.8,6918905.2,116998687.0,128198088.0,1.29,0.86,3409822107.55,-13.46,349,-14.47,296,-8.1,298,-12.01,-2.22,-7.06,1.21,0.69,0.0,0.196,14.7,False,False,False,False,False,True,True,False,False,True,False,True,False,False,True,False,2026-11-18,False,False,4,"thin RVOL, below 200-MA","near21, RVOL",4,https://www.tradingview.com/chart/?symbol=NYSE:BBWI&interval=D,False,False,False
ALM,Almonty Industries Inc.,NASDAQ,Other Metals/Minerals,14.66,15.43,16.76,16.33,15.17,16.7,17.26,15.41,15.1,15.74,15.23,14.11,8.19,8.46,1.24,6854240.4,6650435.066666666,97495378.0,108602713.0,0.89,5.71,4229127745.2153187,-18.56,399,-16.23,306,-2.2,272,-12.33,-0.4,-12.55,0.81,0.9,44.4,0.453,14.28,False,False,False,False,False,True,True,False,False,True,False,True,False,False,False,False,2026-11-17,False,True,3,"thin RVOL, below 200-MA, large gap",near21,4,https://www.tradingview.com/chart/?symbol=NASDAQ:ALM&interval=D,False,False,False
BTU,Peabody Energy Corporation,NYSE,Coal,25.07,27.49,28.03,27.21,25.47,25.38,27.71,29.01,26.93,27.12,25.94,25.06,4.88,5.03,1.26,2978861.1,2451637.6666666665,61462556.0,66716416.0,0.62,1.51,3056032955.267645,-8.17,279,4.41,180,-33.59,403,-12.45,-0.31,-10.57,1.5,0.7,1.2,0.189,14.46,False,False,False,False,False,False,True,True,False,True,False,True,False,False,False,False,2026-10-29,False,False,4,"thin RVOL, below 200-MA",ADR,4,https://www.tradingview.com/chart/?symbol=NYSE:BTU&interval=D,False,False,False
PLUG,"Plug Power, Inc.",NASDAQ,Electronic Production Equipment,2.09,2.11,2.14,2.17,2.15,2.66,2.57,2.48,2.1,2.13,2.13,2.06,4.65,5.65,0.12,49832977.1,59328902.06666667,123997405.0,128862375.0,0.67,1.44,2920137827.9999995,-5.43,230,-21.43,331,-10.68,311,-12.51,-0.53,-2.25,0.34,0.63,25.4,0.131,26.33,False,False,False,False,True,True,True,False,False,True,False,True,False,False,False,False,2026-11-10,False,False,4,"thin RVOL, below 200-MA",near21,5,https://www.tradingview.com/chart/?symbol=NASDAQ:PLUG&interval=D,False,False,False
AN,"AutoNation, Inc.",NYSE,Specialty Stores,168.76,194.59,198.2,200.3,203.79,198.25,197.43,200.96,188.5,195.71,170.67,165.14,4.82,4.76,8.03,789700.9,482506.43333333335,81427786.0,96643948.0,0.82,0.27,5579341444.329193,-16.31,380,-10.34,265,-11.53,314,-12.73,-3.61,-14.85,2.89,0.69,45.1,0.253,5.45,False,False,False,False,False,False,True,True,False,True,False,True,False,False,False,False,2026-10-22,False,False,4,"thin RVOL, below 200-MA",ADR,4,https://www.tradingview.com/chart/?symbol=NYSE:AN&interval=D,False,False,False
COCO,"The Vita Coco Company, Inc.",NASDAQ,Food: Specialty/Candy,57.25,54.44,57.11,59.71,63.54,69.08,63.47,61.2,55.91,57.55,58.45,55.56,4.04,4.45,2.55,1948545.2,1267235.2333333334,72549217.0,75668517.0,0.53,1.25,3285982999.637227,-12.19,326,-30.92,384,4.8,236,-12.77,-2.22,0.25,0.12,1.13,66.1,0.264,25.58,False,False,False,False,True,True,False,False,False,True,True,False,False,False,False,False,2026-11-04,False,False,3,"LoD>60% ATR, thin RVOL, below 200-MA",near21,3,https://www.tradingview.com/chart/?symbol=NASDAQ:COCO&interval=D,False,False,False
CIEN,Ciena Corporation,NYSE,Telecommunications Equipment,365.96,341.69,354.73,373.73,382.06,446.48,432.31,384.6,347.81,357.23,367.62,356.46,6.08,7.04,25.76,3005337.0,2585760.2666666666,946284827.0,966371875.0,0.94,4.66,51896248816.22935,-7.59,268,-16.26,307,-15.19,332,-13.01,-0.6,3.17,0.35,0.43,36.9,0.285,28.64,False,False,False,False,False,True,True,True,False,True,False,True,False,True,False,False,2026-12-10,False,True,4,"below 200-MA, large gap","near21, ADR",5,https://www.tradingview.com/chart/?symbol=NYSE:CIEN&interval=D,False,False,False
XRAY,DENTSPLY SIRONA Inc.,NASDAQ,Medical Specialties,9.44,10.14,10.62,10.84,11.87,11.26,11.58,11.7,10.05,10.56,9.64,9.41,4.63,4.85,0.46,5114645.7,4253585.0,40153842.0,46113824.0,1.41,0.31,1881900636.8972747,-12.96,339,-7.0,243,-19.32,345,-13.09,-4.22,-11.09,2.18,0.5,6.6,0.237,18.32,False,False,False,False,False,False,True,True,False,True,False,True,False,False,True,False,2026-10-29,False,False,4,"thin RVOL, below 200-MA","ADR, RVOL",4,https://www.tradingview.com/chart/?symbol=NASDAQ:XRAY&interval=D,False,False,False
LAZ,"Lazard, Inc.",NYSE,Investment Banks/Brokers,36.48,39.3,41.42,42.27,42.6,43.75,44.37,46.29,38.65,40.51,37.1,35.37,5.65,5.25,1.92,2439035.7,1634111.9333333333,59612403.0,69073367.0,1.1,2.71,3554996762.4772024,-15.67,370,-14.18,295,-9.48,307,-13.11,-2.74,-11.92,1.89,0.91,58.0,0.288,19.18,False,False,False,False,False,False,True,False,False,False,False,True,False,False,False,False,2026-10-22,False,True,3,"thin RVOL, below 200-MA, large gap",,3,https://www.tradingview.com/chart/?symbol=NYSE:LAZ&interval=D,False,False,False
DNN,Denison Mines Corp,AMEX,Other Metals/Minerals,2.89,3.02,3.24,3.24,3.13,3.23,3.42,3.39,2.99,3.11,2.95,2.83,4.72,5.66,0.16,22981588.6,25333511.666666668,73213849.0,82165023.0,0.7,1.05,2616074615.409548,-10.53,307,-9.12,257,-19.72,346,-13.12,-1.36,-10.73,1.24,0.73,36.7,0.357,14.09,False,False,False,False,False,True,True,False,False,True,False,True,False,False,False,False,2026-11-03,False,False,4,"thin RVOL, below 200-MA",near21,4,https://www.tradingview.com/chart/?symbol=AMEX:DNN&interval=D,False,False,False
SFM,"Sprouts Farmers Market, Inc.",NASDAQ,Food Retail,68.66,72.29,77.32,78.85,79.12,81.35,79.5,78.67,72.61,75.63,71.15,68.58,4.69,4.73,3.25,2066351.1,1687689.9666666666,115876793.0,133082230.0,1.06,0.01,6402382170.370672,-13.09,343,-16.81,310,-10.14,309,-13.35,-2.79,-11.2,1.95,0.79,2.5,0.291,13.2,False,False,False,False,False,False,True,False,False,False,False,True,False,False,False,False,2026-11-04,False,False,4,"thin RVOL, below 200-MA",,3,https://www.tradingview.com/chart/?symbol=NASDAQ:SFM&interval=D,False,False,False
FOUR,"Shift4 Payments, Inc.",NYSE,Miscellaneous Commercial Services,39.37,42.1,43.44,44.14,46.7,44.99,45.84,50.3,41.81,43.26,39.94,38.98,6.7,6.94,2.73,2159117.7,1966953.3333333333,77438953.0,86827221.0,0.78,0.85,3108659632.9125195,-18.39,396,2.98,190,-25.65,376,-13.68,-2.26,-9.37,1.3,0.35,14.3,0.227,20.83,False,False,False,False,False,True,True,True,False,True,False,True,False,False,False,False,2026-11-11,False,False,4,"thin RVOL, below 200-MA","near21, ADR",5,https://www.tradingview.com/chart/?symbol=NYSE:FOUR&interval=D,False,False,False
PII,Polaris Inc.,NYSE,Recreational Products,54.41,57.34,60.19,62.71,66.16,66.75,63.51,64.63,57.14,59.95,55.31,53.05,4.23,4.4,2.39,860305.4,796266.2666666667,43324848.0,49929876.0,1.59,-0.13,3096120641.5394855,-16.59,383,-19.75,322,-4.84,282,-13.73,-4.04,-9.61,2.1,0.94,56.8,0.225,17.31,False,False,False,False,False,False,True,False,False,False,False,True,True,True,True,False,2026-10-27,False,False,5,below 200-MA,RVOL,3,https://www.tradingview.com/chart/?symbol=NYSE:PII&interval=D,False,False,False
VRT,"Vertiv Holdings, LLC",NYSE,Electronic Production Equipment,250.86,251.21,256.68,263.58,270.09,297.42,288.66,261.44,250.02,256.56,254.88,247.61,4.86,5.69,14.28,6920592.7,4970460.733333333,1246889780.0,1310119011.0,0.72,2.12,96578137031.47217,-6.47,249,-25.77,354,-9.37,305,-13.87,-1.25,-2.27,0.39,0.51,22.8,0.212,18.42,False,False,False,False,True,True,True,True,False,True,False,True,False,True,False,False,2026-10-28,False,True,4,"below 200-MA, large gap","near21, ADR",6,https://www.tradingview.com/chart/?symbol=NYSE:VRT&interval=D,False,False,False
EQPT,EquipmentShare.com Inc,NASDAQ,Internet Software/Services,18.17,18.15,18.14,18.74,18.65,19.83,21.4,,18.11,18.33,18.33,17.54,5.4,5.97,1.09,3468469.9,2719802.4,49418810.0,50974537.0,0.98,-0.17,4611673767.449251,-1.03,184,-26.94,359,-14.77,327,-14.25,-0.43,0.17,0.14,0.73,58.1,0.136,17.93,False,False,False,False,True,True,True,False,False,True,False,True,False,False,False,False,2026-12-02,False,False,4,"thin RVOL, below 200-MA",near21,5,https://www.tradingview.com/chart/?symbol=NASDAQ:EQPT&interval=D,False,False,False
BKV,BKV Corporation,NYSE,Integrated Oil,22.95,23.97,24.39,24.94,24.92,26.09,27.09,27.29,23.72,24.28,23.08,22.23,4.59,4.68,1.07,3837844.7,1889367.2333333334,43360978.0,47129636.0,0.27,-1.26,2511598078.504571,-11.87,321,-9.36,258,-21.81,355,-14.34,-1.69,-5.89,1.17,0.79,67.0,0.177,14.48,False,False,False,False,False,True,True,False,False,True,False,False,False,False,False,False,2026-11-17,False,False,3,"LoD>60% ATR, thin RVOL, below 200-MA",near21,3,https://www.tradingview.com/chart/?symbol=NYSE:BKV&interval=D,False,False,False
CBRS,Cerebras Systems Inc.,NASDAQ,Packaged Software,208.49,193.6,189.75,202.18,201.55,,,,195.17,196.0,211.75,199.85,5.52,6.83,14.23,5595413.1,7564212.533333333,1577062671.0,1529369050.0,1.1,0.82,46670179383.730354,-0.57,178,-2.46,217,-40.43,417,-14.49,0.5,9.87,0.93,0.84,60.7,0.194,5.66,False,True,False,False,False,True,True,False,False,True,False,False,False,True,False,False,2026-12-02,False,False,4,"LoD>60% ATR, below 200-MA",near21,4,https://www.tradingview.com/chart/?symbol=NASDAQ:CBRS&interval=D,False,False,False
FICO,Fair Isaac Corporation,NYSE,Financial Publishing/Services,924.52,968.19,1041.56,1059.55,1112.9,1142.8,1149.65,1264.6,979.79,1022.43,967.99,921.02,4.54,5.32,49.17,453215.9,359972.36666666664,332801652.0,381408241.0,0.89,1.53,19967445604.82487,-19.59,407,-15.86,303,-8.95,302,-14.8,-3.18,-11.24,1.8,0.96,7.1,0.338,32.06,False,False,False,False,False,False,True,False,False,False,False,True,False,True,False,False,2026-11-11,False,False,5,below 200-MA,,3,https://www.tradingview.com/chart/?symbol=NYSE:FICO&interval=D,False,False,False
LGN,Legence Corp.,NASDAQ,Engineering & Construction,54.59,54.72,54.61,57.85,61.4,73.37,68.54,63.04,54.65,56.06,56.91,54.51,4.72,5.93,3.24,963923.5,996776.4666666667,54414027.0,57658867.0,0.52,1.99,5899840190.0331545,-10.41,303,-34.87,402,0.76,256,-14.84,-1.87,-0.05,0.44,0.74,2.5,0.144,34.35,False,False,False,False,True,True,True,False,False,True,False,True,False,False,False,False,2026-11-13,False,False,4,"thin RVOL, below 200-MA",near21,5,https://www.tradingview.com/chart/?symbol=NASDAQ:LGN&interval=D,False,False,False
FLUT,Flutter Entertainment plc,NYSE,Casinos/Gaming,86.86,96.63,98.37,98.3,100.5,101.36,104.08,126.62,94.92,97.24,90.35,86.55,4.4,4.95,4.3,3077111.5,2744739.566666667,238408079.0,269819793.0,1.17,-0.61,15073606534.413132,-12.79,335,-11.04,272,-20.7,351,-14.85,-2.74,-11.7,2.16,0.88,7.2,0.171,34.53,False,False,False,False,False,False,True,False,False,False,False,True,False,True,False,False,2026-11-18,False,False,5,below 200-MA,,3,https://www.tradingview.com/chart/?symbol=NYSE:FLUT&interval=D,False,False,False
CPRI,Capri Holdings Limited,NYSE,Apparel/Footwear Retail,14.31,13.95,13.62,14.02,14.86,16.85,17.68,19.34,14.16,14.09,14.8,13.83,4.76,4.77,0.68,7466773.8,5289845.333333333,75697687.0,74188318.0,0.75,0.34,1626354667.6474578,3.32,146,-25.24,351,-22.82,361,-14.91,-0.77,5.09,0.32,1.42,70.3,0.198,39.97,False,False,True,False,False,True,False,False,False,True,True,False,False,False,False,False,2026-11-05,False,False,3,"LoD>60% ATR, thin RVOL, below 200-MA","EMA, near21",3,https://www.tradingview.com/chart/?symbol=NYSE:CPRI&interval=D,False,False,False
SEDG,"SolarEdge Technologies, Inc.",NASDAQ,Electrical Products,35.61,35.46,33.96,33.21,37.93,47.0,45.4,42.1,35.04,34.91,36.13,33.5,7.47,7.85,2.79,3928864.1,3096157.066666667,110254153.0,102828536.0,0.63,0.12,2190931812.7188582,13.55,59,-34.7,400,-23.91,368,-15.02,-0.78,4.85,0.25,0.94,75.5,0.223,36.6,False,False,True,False,False,True,True,False,False,True,False,False,False,False,False,False,2026-11-11,False,False,3,"LoD>60% ATR, thin RVOL, below 200-MA","EMA, near21",4,https://www.tradingview.com/chart/?symbol=NASDAQ:SEDG&interval=D,False,False,False
APP,Applovin Corporation,NASDAQ,Packaged Software,330.17,320.76,316.61,315.54,353.66,430.41,432.3,473.7,321.41,324.27,336.94,306.8,4.96,5.26,17.36,5305972.0,5298186.4,1749302204.0,1671816228.0,1.18,0.53,110491717537.21123,8.59,89,-28.68,374,-25.38,375,-15.16,-1.26,4.28,0.35,1.74,134.6,0.115,47.58,False,False,False,False,False,True,False,False,False,True,True,False,False,True,False,False,2026-11-11,False,False,4,"LoD>60% ATR, below 200-MA",near21,2,https://www.tradingview.com/chart/?symbol=NASDAQ:APP&interval=D,False,False,False
CRK,"Comstock Resources, Inc.",NYSE,Oil & Gas Production,13.02,14.05,14.43,14.26,13.82,14.03,15.81,17.51,13.75,14.05,13.06,12.47,5.28,5.16,0.67,2605847.1,2592833.6333333333,33758694.0,36963436.0,1.13,-0.86,3822939931.116822,-5.79,240,-1.36,210,-38.5,411,-15.22,-1.12,-9.77,1.42,0.87,81.8,0.239,28.34,False,False,False,False,False,True,True,False,False,True,False,False,False,False,False,False,2026-11-03,False,False,3,"LoD>60% ATR, thin RVOL, below 200-MA",near21,3,https://www.tradingview.com/chart/?symbol=NYSE:CRK&interval=D,False,False,False
MOD,Modine Manufacturing Company,NYSE,Industrial Machinery,197.62,186.03,185.4,190.36,201.4,235.26,231.02,212.25,187.3,189.06,201.22,191.58,4.13,5.38,10.62,1183097.1,1234509.7,243963807.0,235005793.0,1.57,1.83,10496132875.612123,-3.6,209,-29.52,377,-12.94,321,-15.36,-0.35,6.59,0.84,0.91,56.9,0.119,25.23,False,False,False,False,False,True,True,False,False,True,False,True,True,True,True,False,2026-11-03,False,False,5,below 200-MA,"near21, RVOL",4,https://www.tradingview.com/chart/?symbol=NYSE:MOD&interval=D,False,False,False
FMC,FMC Corporation,NYSE,Chemicals: Agricultural,10.28,11.22,11.52,11.16,11.09,11.8,12.99,13.4,10.95,11.19,10.36,9.95,6.87,6.1,0.63,3670576.6,3213557.1333333333,33035367.0,35865440.0,1.04,1.49,1287331905.419227,-6.63,254,-7.89,246,-31.69,394,-15.4,-1.2,-10.76,1.34,0.65,52.7,0.326,22.41,False,False,False,False,False,True,True,True,False,True,False,True,False,False,False,False,2026-11-03,False,False,4,"thin RVOL, below 200-MA","near21, ADR",5,https://www.tradingview.com/chart/?symbol=NYSE:FMC&interval=D,False,False,False
ZG,"Zillow Group, Inc.",NASDAQ,Internet Software/Services,31.13,32.2,34.15,34.55,34.08,35.05,37.97,44.75,32.26,33.35,31.35,30.32,4.27,4.8,1.5,956773.9,950336.5333333333,29583976.0,32835078.0,1.02,0.86,6917280517.734545,-15.59,368,1.17,202,-32.15,397,-15.52,-1.8,-8.83,1.38,0.69,54.2,0.259,40.32,False,False,False,False,False,True,True,False,False,True,False,True,False,False,False,False,2026-11-04,False,False,4,"thin RVOL, below 200-MA",near21,4,https://www.tradingview.com/chart/?symbol=NASDAQ:ZG&interval=D,False,False,False
RSI,"Rush Street Interactive, Inc.",NYSE,Casinos/Gaming,21.57,25.48,25.87,25.63,27.52,28.06,25.76,23.95,24.84,25.61,23.24,21.39,5.48,5.65,1.22,3332073.8,2327676.033333333,50207972.0,59657561.0,1.76,-1.24,4999351077.108154,-15.58,367,-27.91,365,-3.14,276,-15.54,-3.83,-16.62,2.79,1.52,14.8,0.192,19.07,False,False,False,False,False,False,False,False,False,False,True,True,True,True,True,False,2026-11-04,False,False,5,below 200-MA,RVOL,2,https://www.tradingview.com/chart/?symbol=NYSE:RSI&interval=D,False,False,False
SMR,NuScale Power Corporation,NYSE,Electrical Products,8.79,9.21,9.34,9.34,9.03,10.06,10.65,12.5,8.94,9.15,8.94,8.47,7.61,8.45,0.74,45583563.2,36917840.13333333,324507815.0,344923380.0,0.81,2.84,3777267808.062878,-4.35,216,-17.23,312,-25.32,374,-15.63,-0.32,-5.89,0.47,0.63,43.1,0.329,39.43,False,False,False,False,False,True,True,True,False,True,False,True,False,False,False,False,2026-11-05,False,True,3,"thin RVOL, below 200-MA, large gap","near21, ADR",5,https://www.tradingview.com/chart/?symbol=NYSE:SMR&interval=D,False,False,False
LEU,Centrus Energy Corp.,NYSE,Other Metals/Minerals,154.85,156.25,167.34,173.27,172.0,176.35,183.71,205.8,154.74,163.06,158.08,148.53,5.96,7.36,11.39,934672.1,691436.599999999,107068958.0,119808216.0,0.92,2.98,3167163634.2931905,-13.2,344,-11.26,273,-22.48,360,-15.65,-1.36,-7.46,0.68,0.84,55.4,0.403,32.0,False,False,False,False,False,True,True,False,False,True,False,True,False,False,False,False,2026-11-11,False,True,3,"thin RVOL, below 200-MA, large gap",near21,4,https://www.tradingview.com/chart/?symbol=NYSE:LEU&interval=D,False,False,False
Z,"Zillow Group, Inc.",NASDAQ,Internet Software/Services,30.65,31.58,33.4,33.87,33.61,34.72,37.76,44.82,31.66,32.7,30.85,29.83,4.29,4.82,1.48,3701962.9,3429324.0,105108781.0,116167207.0,0.86,0.64,6911147297.294532,-14.48,362,0.1,209,-33.33,400,-15.9,-1.83,-8.22,1.3,0.69,55.5,0.248,43.19,False,False,False,False,False,True,True,False,False,True,False,True,False,False,False,False,2026-11-04,False,False,4,"thin RVOL, below 200-MA",near21,4,https://www.tradingview.com/chart/?symbol=NASDAQ:Z&interval=D,False,False,False
IBP,"Installed Building Products, Inc.",NYSE,Engineering & Construction,202.48,204.32,222.81,229.8,229.92,226.19,248.58,258.73,206.84,217.13,204.4,196.74,4.96,4.79,9.69,556147.4,365764.1666666667,74059928.0,84053703.0,0.53,1.52,5381752065.799727,-17.68,390,-3.76,222,-26.34,378,-15.93,-2.49,-9.13,1.41,0.79,59.3,0.354,26.87,False,False,False,False,False,True,True,False,False,True,False,True,False,False,False,False,2026-11-11,False,False,4,"thin RVOL, below 200-MA",near21,4,https://www.tradingview.com/chart/?symbol=NYSE:IBP&interval=D,False,False,False
EOSE,"Eos Energy Enterprises, Inc.",NASDAQ,Electrical Products,4.07,4.02,3.72,3.79,3.83,5.37,5.81,7.9,3.94,3.87,4.16,3.98,7.57,7.96,0.32,25837980.5,24585465.766666666,100062846.0,93273160.0,1.02,2.78,1482162777.4444447,14.97,54,-40.84,416,-21.96,357,-15.94,0.79,9.27,0.64,0.56,27.8,0.373,102.61,False,True,True,False,False,True,True,True,False,True,False,True,False,False,False,False,2026-11-11,False,True,3,"thin RVOL, below 200-MA, large gap","EMA, near21, ADR",7,https://www.tradingview.com/chart/?symbol=NASDAQ:EOSE&interval=D,False,False,False
UEC,Uranium Energy Corp.,AMEX,Other Metals/Minerals,10.08,10.55,11.45,11.44,10.83,11.75,12.58,13.2,10.48,10.91,10.35,9.99,5.39,6.23,0.63,9064507.9,8311804.666666667,83782991.0,95084275.0,0.94,3.16,4988313758.0917425,-12.65,333,-8.61,255,-26.8,381,-16.02,-1.11,-11.93,1.22,0.57,14.3,0.4,26.35,False,False,False,False,False,True,True,True,False,True,False,True,False,False,False,False,2026-09-25,True,True,2,"thin RVOL, earnings soon, below 200-MA, large gap","near21, ADR",4,https://www.tradingview.com/chart/?symbol=AMEX:UEC&interval=D,False,False,False
AAOI,"Applied Optoelectronics, Inc.",NASDAQ,Semiconductors,108.67,102.78,105.1,115.0,112.42,139.16,128.35,105.49,103.39,107.07,109.73,104.92,5.3,8.17,8.88,7482323.6,8977761.433333334,975613335.0,1032436580.0,1.1,2.88,9226766172.342207,-16.0,376,-31.22,385,-1.32,266,-16.18,-0.41,3.4,0.18,0.54,42.2,0.212,33.48,False,False,False,True,False,True,True,False,False,True,False,True,False,False,False,False,2026-11-05,False,True,4,"thin RVOL, large gap",near21,5,https://www.tradingview.com/chart/?symbol=NASDAQ:AAOI&interval=D,False,False,False
UAA,"Under Armour, Inc.",NYSE,Apparel/Footwear,4.77,4.96,5.05,5.15,5.85,5.89,6.1,5.97,4.96,5.13,4.93,4.7,4.04,4.56,0.22,9671771.1,8779581.133333333,41878602.0,45206063.0,1.25,0.82,2032803648.442623,-10.0,295,-17.9,318,-22.19,359,-16.7,-4.06,-5.54,1.53,1.07,34.5,0.107,23.85,False,False,False,False,False,False,False,False,False,False,True,True,False,False,True,False,2026-11-05,False,False,4,"thin RVOL, below 200-MA",RVOL,2,https://www.tradingview.com/chart/?symbol=NYSE:UAA&interval=D,False,False,False
LMND,"Lemonade, Inc.",NYSE,Multi-Line Insurance,47.86,49.06,51.23,51.43,54.68,56.67,57.92,63.23,49.21,50.68,48.4,47.0,4.08,4.67,2.23,1019927.5,943475.3333333334,45154729.0,48521678.0,1.22,2.48,3704201962.037375,-7.25,259,-14.18,294,-28.99,388,-16.81,-2.67,-6.58,1.19,0.63,38.5,0.186,29.59,False,False,False,False,False,True,True,True,False,True,False,True,False,False,True,False,2026-11-10,False,True,3,"thin RVOL, below 200-MA, large gap","near21, ADR, RVOL",5,https://www.tradingview.com/chart/?symbol=NYSE:LMND&interval=D,False,False,False
BBAI,"BigBear.ai, Inc.",NYSE,Packaged Software,2.9,2.84,2.94,3.03,2.99,3.52,3.6,4.14,2.86,2.93,2.92,2.83,4.07,4.98,0.14,16088472.3,16597558.333333334,48132919.0,50351459.0,0.88,2.5,1390534045.8571427,-7.94,276,-22.97,338,-20.33,349,-17.08,-0.6,-1.34,0.19,0.62,48.5,0.164,44.75,False,False,False,False,True,True,True,False,False,True,False,True,False,False,False,False,2026-11-11,False,True,3,"thin RVOL, below 200-MA, large gap",near21,5,https://www.tradingview.com/chart/?symbol=NYSE:BBAI&interval=D,False,False,False
TRIP,"TripAdvisor, Inc.",NASDAQ,Other Consumer Services,8.8,8.95,9.33,9.72,11.39,11.56,11.18,11.86,9.02,9.49,9.0,8.73,4.04,4.6,0.4,4926906.4,3680230.6666666665,32386030.0,35760801.0,0.91,0.9,1031354217.2850679,-12.26,328,-28.46,371,-10.57,310,-17.1,-4.94,-5.65,1.59,0.67,17.3,0.189,33.01,False,False,False,False,False,False,True,False,False,False,False,True,False,False,False,False,2026-11-09,False,False,4,"thin RVOL, below 200-MA",,3,https://www.tradingview.com/chart/?symbol=NASDAQ:TRIP&interval=D,False,False,False
GT,The Goodyear Tire & Rubber Company,NASDAQ,Automotive Aftermarket,5.02,5.35,5.76,5.85,6.33,6.3,6.62,7.26,5.34,5.65,5.12,4.91,4.97,5.02,0.25,11957972.6,9352945.166666666,46951785.0,54708494.0,1.21,1.39,1445251742.3960395,-14.48,361,-14.92,299,-23.01,363,-17.47,-4.11,-12.89,2.23,0.85,43.6,0.323,38.08,False,False,False,False,False,False,True,False,False,False,False,True,False,False,True,False,2026-11-09,False,False,4,"thin RVOL, below 200-MA",RVOL,3,https://www.tradingview.com/chart/?symbol=NASDAQ:GT&interval=D,False,False,False
ASTS,"AST SpaceMobile, Inc.",NASDAQ,Specialty Telecommunications,61.89,60.95,60.75,63.68,63.02,74.6,78.8,81.7,60.77,61.76,62.36,59.29,5.85,6.82,4.22,9814403.5,10017983.433333334,620012995.0,637975239.0,1.29,1.75,24085576493.56579,-7.8,272,-13.88,291,-30.92,392,-17.53,-0.26,1.88,0.03,0.73,61.6,0.145,33.86,False,False,False,False,True,True,True,False,False,True,False,False,False,True,True,False,2026-11-16,False,False,4,"LoD>60% ATR, below 200-MA","near21, RVOL",4,https://www.tradingview.com/chart/?symbol=NASDAQ:ASTS&interval=D,False,False,False
CRI,"Carter's, Inc.",NYSE,Apparel/Footwear Retail,30.69,30.37,31.83,33.94,35.9,37.2,37.02,36.4,30.58,32.12,30.75,29.3,4.22,4.35,1.33,1836747.3,1409526.7333333334,43258375.0,47840747.0,1.05,1.38,1126666257.9170039,-15.69,371,-25.29,352,-12.46,318,-17.81,-3.34,-3.58,1.03,1.09,104.2,0.217,22.27,False,False,False,False,False,True,False,False,False,True,True,False,False,False,False,False,2026-10-23,False,False,3,"LoD>60% ATR, thin RVOL, below 200-MA",near21,2,https://www.tradingview.com/chart/?symbol=NYSE:CRI&interval=D,False,False,False
CENX,Century Aluminum Company,NASDAQ,Aluminum,39.1,42.4,44.12,45.05,45.08,50.91,52.87,50.21,41.63,43.38,39.76,38.97,5.04,5.91,2.31,1835807.6,1912901.8,74794460.0,86175907.0,0.65,1.26,3870637620.056396,-12.94,338,-17.58,316,-23.54,365,-18.02,-2.24,-11.37,1.67,0.34,5.6,0.274,26.79,False,False,False,False,False,False,True,True,False,True,False,True,False,False,False,False,2026-11-09,False,False,4,"thin RVOL, below 200-MA",ADR,4,https://www.tradingview.com/chart/?symbol=NASDAQ:CENX&interval=D,False,False,False
POWI,"Power Integrations, Inc.",NASDAQ,Semiconductors,49.51,49.56,50.88,53.94,58.67,67.77,62.56,57.2,49.82,51.84,51.93,49.47,4.11,5.46,2.71,763769.3,758791.7333333333,37567779.0,40930238.0,1.0,1.98,2766286982.781306,-10.44,304,-39.23,412,-4.48,280,-18.05,-2.86,-2.69,0.82,0.91,1.5,0.167,36.78,False,False,False,False,True,True,True,False,False,True,False,True,False,False,False,False,2026-11-11,False,False,4,"thin RVOL, below 200-MA",near21,5,https://www.tradingview.com/chart/?symbol=NASDAQ:POWI&interval=D,False,False,False
EROC,"ERock, Inc.",NYSE,Electrical Products,13.38,12.49,12.4,13.0,12.24,,,,12.57,12.55,13.8,13.1,7.47,9.07,1.21,3400399.5,3224693.7,43146402.0,41921018.0,0.65,2.75,2935573099.8380446,0.22,171,-21.02,328,-33.43,402,-18.07,1.03,7.94,0.73,0.58,23.1,0.252,1.85,False,True,True,False,False,True,True,True,False,True,False,True,False,False,False,True,2026-12-02,False,True,3,"thin RVOL, below 200-MA, large gap","EMA, near21, ADR",8,https://www.tradingview.com/chart/?symbol=NYSE:EROC&interval=D,False,False,False
FTAI,FTAI Aviation Ltd.,NASDAQ,Aerospace & Defense,192.74,186.89,191.21,199.4,204.48,227.72,237.75,235.7,189.48,193.48,195.97,190.33,4.24,5.16,9.94,1497969.7000000016,1312682.6666666686,253006457.0,261750236.0,0.59,1.5,19795765537.489674,-5.47,232,-25.43,353,-23.41,364,-18.1,-1.11,0.8,0.07,0.57,24.3,0.158,26.39,False,False,False,False,True,True,True,True,False,True,False,True,False,True,False,False,2026-11-03,False,False,5,below 200-MA,"near21, ADR",6,https://www.tradingview.com/chart/?symbol=NASDAQ:FTAI&interval=D,False,False,False
EYE,"National Vision Holdings, Inc.",NASDAQ,Specialty Stores,16.45,16.85,17.18,17.95,19.24,18.9,21.34,22.93,16.84,17.4,17.12,16.43,4.58,5.16,0.85,2533781.8,2435431.0,40062840.0,43707462.0,0.67,1.04,1300690199.9466665,-11.27,313,-2.37,216,-41.12,418,-18.26,-2.81,-4.24,1.05,0.81,2.4,0.164,36.92,False,False,False,False,False,True,True,False,False,True,False,True,False,False,False,False,2026-11-11,False,False,4,"thin RVOL, below 200-MA",near21,4,https://www.tradingview.com/chart/?symbol=NASDAQ:EYE&interval=D,False,False,False
FDXF,"FedEx Freight Holding Company, Inc.",NYSE,Trucking,117.6,124.44,127.35,132.21,138.16,,,,123.81,128.08,121.41,116.03,4.33,4.65,5.47,2036152.6,1525526.1666666667,179401877.0,201687780.0,0.85,1.05,17583333179.615417,-14.89,365,-27.41,362,-12.89,320,-18.4,-3.2,-7.65,1.76,0.98,28.7,0.137,11.67,False,False,False,False,False,False,True,False,False,False,False,True,False,True,False,False,2026-12-02,False,False,5,below 200-MA,,3,https://www.tradingview.com/chart/?symbol=NYSE:FDXF&interval=D,False,False,False
QNT,Quantinuum Inc.,NASDAQ,Computer Processing Hardware,51.15,50.4,50.57,54.03,54.91,,,,51.03,51.88,53.71,50.96,5.58,7.09,3.62,2122943.0,1773805.6666666667,90730160.0,95833694.0,0.79,3.19,13468211892.333271,-7.34,262,-23.11,340,-24.78,372,-18.41,-0.97,1.15,0.2,0.76,5.2,0.164,8.8,False,False,False,False,True,True,True,False,False,True,False,True,False,True,False,False,2026-12-02,False,True,4,"below 200-MA, large gap",near21,5,https://www.tradingview.com/chart/?symbol=NASDAQ:QNT&interval=D,False,False,False
ENPH,"Enphase Energy, Inc.",NASDAQ,Electrical Products,34.76,36.31,36.64,37.68,38.52,44.22,42.67,41.17,35.93,36.79,34.98,33.56,5.28,5.7,1.98,4670234.7,3980091.6333333333,138347985.0,149989090.0,1.21,0.0,4593347538.288683,-10.46,305,-30.09,380,-15.2,333,-18.58,-1.71,-5.12,0.97,0.72,60.6,0.129,22.75,False,False,False,False,False,True,True,False,False,True,False,False,False,False,True,False,2026-10-27,False,False,3,"LoD>60% ATR, thin RVOL, below 200-MA","near21, RVOL",3,https://www.tradingview.com/chart/?symbol=NASDAQ:ENPH&interval=D,False,False,False
KTOS,"Kratos Defense & Security Solutions, Inc.",NASDAQ,Aerospace & Defense,48.59,47.51,49.17,53.33,51.76,53.78,62.73,70.37,48.13,49.66,49.39,47.75,4.36,5.05,2.45,3907905.7,3448301.8,167552984.0,183908280.0,0.91,1.6,9121379187.380953,-14.18,355,-2.94,220,-39.1,414,-18.74,-1.21,-1.19,0.43,0.67,34.3,0.19,47.05,False,False,False,False,True,True,True,False,False,True,False,True,False,False,False,False,2026-10-29,False,False,4,"thin RVOL, below 200-MA",near21,5,https://www.tradingview.com/chart/?symbol=NASDAQ:KTOS&interval=D,False,False,False
TTD,"The Trade Desk, Inc.",NASDAQ,Packaged Software,13.88,14.27,14.04,13.89,15.63,18.12,20.04,23.77,14.22,14.35,14.23,13.82,4.56,4.86,0.68,30323738.899999995,24592451.366666675,341343225.0,341703914.0,0.71,1.04,6521942429.859196,4.13,133,-21.58,333,-38.8,413,-18.75,-2.3,-1.15,0.67,0.61,8.9,0.165,70.09,False,False,False,False,True,True,True,True,False,True,False,True,False,False,False,False,2026-11-05,False,False,4,"thin RVOL, below 200-MA","near21, ADR",6,https://www.tradingview.com/chart/?symbol=NASDAQ:TTD&interval=D,False,False,False
GRAB,Grab Holdings Limited,NASDAQ,Air Freight/Couriers,2.91,2.97,3.25,3.36,3.45,3.52,3.65,3.93,2.99,3.17,2.92,2.78,4.49,4.43,0.13,78784168.5,47261244.13333333,137530220.0,158915933.0,0.94,1.43,11868485055.123436,-17.8,391,-14.66,297,-24.02,369,-18.83,-3.52,-10.43,1.85,1.05,100.9,0.371,33.11,False,False,False,False,False,False,False,False,False,False,True,False,False,True,False,False,2026-11-17,False,False,4,"LoD>60% ATR, below 200-MA",,1,https://www.tradingview.com/chart/?symbol=NASDAQ:GRAB&interval=D,False,False,False
LUNR,"Intuitive Machines, Inc.",NASDAQ,Aerospace & Defense,15.72,14.56,15.05,16.04,15.13,21.49,21.22,20.06,14.7,15.1,15.76,14.21,5.35,6.93,1.09,7933553.9,8664212.966666667,136201428.0,138988416.0,1.59,2.08,3598686297.5086203,-16.12,378,-25.0,349,-16.65,338,-19.25,0.57,4.45,0.6,1.42,138.7,0.23,44.06,False,True,False,False,False,True,False,False,False,True,True,False,True,True,True,False,2026-11-18,False,True,3,"LoD>60% ATR, below 200-MA, large gap","near21, RVOL",3,https://www.tradingview.com/chart/?symbol=NASDAQ:LUNR&interval=D,False,False,False
SHAK,"Shake Shack, Inc.",NYSE,Restaurants,56.96,60.19,65.4,68.02,65.66,64.69,74.47,77.97,59.9,63.34,57.4,55.16,5.1,4.88,2.78,1502273.8,1168337.8666666667,66548525.0,79469563.0,1.13,1.15,2437827597.282799,-23.42,416,3.08,189,-37.44,410,-19.26,-2.71,-12.9,2.06,0.81,64.7,0.378,31.21,False,False,False,False,False,False,True,False,False,False,False,False,False,False,False,False,2026-10-29,False,False,3,"LoD>60% ATR, thin RVOL, below 200-MA",,2,https://www.tradingview.com/chart/?symbol=NYSE:SHAK&interval=D,False,False,False
ONDS,Ondas Inc,NASDAQ,Telecommunications Equipment,7.38,7.32,7.61,8.1,7.95,8.73,9.19,9.5,7.4,7.64,7.67,7.34,4.7,5.93,0.44,60093041.8,67265444.66666667,496418982.0,545175218.0,0.87,1.56,4218416752.140731,-12.04,322,-15.03,301,-32.17,399,-19.74,-1.21,-2.97,0.56,0.75,9.1,0.231,29.54,False,False,False,False,True,True,True,False,False,True,False,True,False,False,False,False,2026-11-16,False,False,4,"thin RVOL, below 200-MA",near21,5,https://www.tradingview.com/chart/?symbol=NASDAQ:ONDS&interval=D,False,False,False
CAR,"Avis Budget Group, Inc.",NASDAQ,Finance/Rental/Leasing,117.26,121.94,131.81,134.7,142.25,154.77,167.71,157.24,122.12,129.03,118.98,115.58,4.36,4.9,5.74,477269.2,361673.6,42409846.0,48716228.0,1.07,-0.42,4142297677.6073413,-18.54,398,-39.31,413,-1.52,267,-19.79,-3.59,-11.04,1.86,0.59,29.3,0.339,39.04,False,False,False,False,False,False,True,True,False,True,False,True,False,False,False,False,2026-11-02,False,False,4,"thin RVOL, below 200-MA",ADR,4,https://www.tradingview.com/chart/?symbol=NASDAQ:CAR&interval=D,False,False,False
NNE,Nano Nuclear Energy Inc.,NASDAQ,Electrical Products,17.1,16.84,17.52,18.05,17.63,21.02,21.86,24.27,16.76,17.29,17.27,16.35,5.61,7.13,1.22,2283577.7,1886244.0333333334,32254773.0,34049849.0,1.52,5.21,918238218.7857598,-7.72,270,-29.92,379,-22.83,362,-20.16,-0.42,-2.38,0.15,0.75,61.5,0.262,43.47,False,False,False,False,True,True,True,False,False,True,False,False,True,True,True,False,2026-12-17,False,True,3,"LoD>60% ATR, below 200-MA, large gap","near21, RVOL",4,https://www.tradingview.com/chart/?symbol=NASDAQ:NNE&interval=D,False,False,False
LAC,Lithium Americas Corp.,NYSE,Other Metals/Minerals,2.96,2.93,3.01,3.07,3.03,3.87,4.07,4.35,2.92,2.98,3.05,2.9,4.46,5.37,0.16,11929939.5,10005898.2,29617459.0,30668078.0,1.32,3.15,1074607097.22,-3.11,200,-28.67,373,-28.85,387,-20.21,-0.42,-1.6,0.15,0.94,37.8,0.172,47.95,False,False,False,False,True,True,True,False,False,True,False,True,False,False,True,False,2026-11-13,False,True,3,"thin RVOL, below 200-MA, large gap","near21, RVOL",5,https://www.tradingview.com/chart/?symbol=NYSE:LAC&interval=D,False,False,False
OKLO,Oklo Inc.,NYSE,Industrial Machinery,40.18,38.76,39.78,41.17,41.72,51.63,54.44,62.24,38.77,39.81,40.86,39.08,5.45,7.14,2.87,12464702.1,10252695.2,411953293.0,422059033.0,0.94,3.01,7474189354.637895,-4.42,219,-28.1,367,-28.83,385,-20.45,-0.52,1.01,0.13,0.62,38.4,0.243,58.42,False,False,False,False,True,True,True,False,False,True,False,True,False,False,False,False,2026-11-18,False,True,3,"thin RVOL, below 200-MA, large gap",near21,5,https://www.tradingview.com/chart/?symbol=NYSE:OKLO&interval=D,False,False,False
HUBG,"Hub Group, Inc.",NASDAQ,Air Freight/Couriers,31.68,34.27,36.44,37.87,42.06,42.53,41.43,42.29,34.14,36.3,32.64,31.53,5.44,5.47,1.73,1564492.1,1476539.5,46776771.0,55919504.0,0.52,-0.24,1937343226.621027,-21.93,413,-27.77,364,-12.24,317,-20.65,-4.52,-13.05,2.33,0.64,8.7,0.291,26.07,False,False,False,False,False,False,True,True,False,True,False,True,False,False,False,False,2026-10-22,False,False,4,"thin RVOL, below 200-MA",ADR,4,https://www.tradingview.com/chart/?symbol=NASDAQ:HUBG&interval=D,False,False,False
CHTR,"Charter Communications, Inc.",NASDAQ,Cable/Satellite TV,123.35,137.04,144.63,146.92,143.26,142.82,169.35,179.08,136.13,141.23,129.37,123.25,5.68,5.63,6.95,2966376.6,2765009.566666667,341063930.0,406225067.0,0.93,0.52,21600457848.928764,-17.26,389,-2.22,213,-43.86,421,-21.12,-2.47,-14.71,2.25,0.88,1.4,0.261,34.08,False,False,False,False,False,False,True,False,False,False,False,True,False,True,False,False,2026-10-30,False,False,5,below 200-MA,,3,https://www.tradingview.com/chart/?symbol=NASDAQ:CHTR&interval=D,False,False,False
LBRT,Liberty Energy Inc.,NYSE,Oilfield Services/Equipment,18.85,20.07,19.76,20.16,20.51,25.0,26.26,24.89,19.63,19.93,19.25,18.59,4.58,5.16,0.97,3432122.9,3347978.1666666665,63109388.0,67503052.0,0.83,-0.62,3076158282.992758,-2.73,195,-30.42,381,-30.85,391,-21.33,-1.57,-4.62,1.05,0.68,26.7,0.2,34.49,False,False,False,False,False,True,True,False,False,True,False,True,False,False,False,False,2026-10-21,False,False,4,"thin RVOL, below 200-MA",near21,4,https://www.tradingview.com/chart/?symbol=NYSE:LBRT&interval=D,False,False,False
TTAN,"ServiceTitan, Inc.",NASDAQ,Packaged Software,56.53,59.15,76.92,81.72,80.64,73.97,71.51,76.96,62.16,71.01,57.79,54.77,7.41,8.57,4.85,6900402.8,3056754.1333333333,172798311.0,249811703.0,0.83,1.51,5453330429.1099205,-39.14,440,-11.0,271,-13.92,325,-21.35,-3.49,-26.51,2.38,0.62,36.4,0.976,38.02,False,False,False,False,False,False,True,True,False,True,False,True,False,False,False,False,2027-01-19,False,False,4,"thin RVOL, below 200-MA",ADR,4,https://www.tradingview.com/chart/?symbol=NASDAQ:TTAN&interval=D,False,False,False
LPTH,"LightPath Technologies, Inc.",NASDAQ,Electronic Components,10.2,9.78,10.57,11.63,11.48,12.81,12.55,12.03,9.95,10.53,10.38,10.02,6.09,8.88,0.91,3596594.8,3479433.7,35490224.0,40448417.0,0.8,2.63,714369694.3636364,-22.14,414,-27.09,360,-15.49,334,-21.57,-1.26,-3.49,0.36,0.4,19.9,0.587,29.75,False,False,False,False,False,True,True,True,False,True,False,True,False,False,False,False,2026-11-05,False,True,3,"thin RVOL, below 200-MA, large gap","near21, ADR",5,https://www.tradingview.com/chart/?symbol=NASDAQ:LPTH&interval=D,False,False,False
AEIS,"Advanced Energy Industries, Inc.",NASDAQ,Electronic Production Equipment,262.74,267.17,271.6,286.9,292.02,314.48,322.8,302.31,264.8,274.18,270.59,261.45,4.14,5.7,14.97,600731.5,531112.1333333333,139544402.0,152377487.0,1.29,2.02,10522853553.548285,-11.52,316,-28.2,368,-26.49,379,-22.07,-1.76,-3.26,0.73,0.61,8.6,0.176,21.17,False,False,False,False,False,True,True,False,False,True,False,True,False,True,True,False,2026-11-03,False,True,4,"below 200-MA, large gap","near21, RVOL",4,https://www.tradingview.com/chart/?symbol=NASDAQ:AEIS&interval=D,False,False,False
ENOV,Enovis Corporation,NYSE,Medical Specialties,18.04,18.54,20.72,22.29,24.52,23.97,23.87,24.21,18.8,20.49,18.18,17.48,7.71,7.2,1.3,2529524.6999999997,1637463.6333333335,29539844.0,36505614.0,1.05,0.78,1040357667.0,-31.12,435,-15.27,302,-20.35,350,-22.25,-3.67,-12.94,1.66,0.54,43.1,0.567,33.14,False,False,False,False,False,False,True,True,False,True,False,True,False,False,False,False,2026-11-11,False,False,4,"thin RVOL, below 200-MA",ADR,4,https://www.tradingview.com/chart/?symbol=NYSE:ENOV&interval=D,False,False,False
QS,QuantumScape Corporation,NASDAQ,Electrical Products,5.1,5.18,5.4,5.62,5.63,6.66,6.71,7.67,5.19,5.37,5.3,5.07,4.13,5.42,0.28,11019384.7,14264672.066666666,72749828.0,80236403.0,1.21,3.48,3157479012.8955216,-12.07,323,-29.51,376,-27.04,382,-22.87,-1.73,-5.59,0.93,0.83,10.8,0.201,48.76,False,False,False,False,False,True,True,False,False,True,False,True,False,False,True,False,2026-10-28,False,True,3,"thin RVOL, below 200-MA, large gap","near21, RVOL",4,https://www.tradingview.com/chart/?symbol=NASDAQ:QS&interval=D,False,False,False
MAIR,Madison Air Solutions Corporation,NYSE,Industrial Machinery,24.13,24.42,25.43,26.76,29.29,34.42,,,24.46,25.67,24.49,23.64,4.67,5.78,1.4,2653613.4,2814998.433333333,67925912.0,75337803.0,0.78,0.87,12106566499.804663,-8.43,283,-36.06,405,-24.59,371,-23.03,-3.05,-5.11,1.04,0.61,35.1,0.218,41.43,False,False,False,False,False,True,True,False,False,True,False,True,False,True,False,False,2026-12-02,False,False,5,below 200-MA,near21,4,https://www.tradingview.com/chart/?symbol=NYSE:MAIR&interval=D,False,False,False
WHR,Whirlpool Corporation,NYSE,Electronics/Appliances,32.64,34.26,37.0,38.42,38.71,40.51,47.05,55.46,34.21,36.18,33.34,31.52,5.05,5.2,1.7,3285375.7,2437823.1,79570546.0,93661976.0,0.96,1.6,2128107683.9737256,-20.1,409,-9.96,262,-40.23,416,-23.43,-3.02,-11.78,1.88,1.07,65.9,0.338,64.93,False,False,False,False,False,False,False,False,False,False,True,False,False,False,False,False,2026-10-15,False,False,3,"LoD>60% ATR, thin RVOL, below 200-MA",,1,https://www.tradingview.com/chart/?symbol=NYSE:WHR&interval=D,False,False,False
STUB,"StubHub Holdings, Inc.",NYSE,Internet Software/Services,5.95,5.98,6.24,6.69,7.64,8.89,8.45,9.6,6.04,6.41,6.05,5.82,4.78,5.79,0.34,7016521.5,7363705.6,43814048.0,49275463.0,1.09,1.35,2273435326.123311,-13.27,346,-46.49,424,-11.06,312,-23.61,-3.81,-4.63,1.25,0.67,37.7,0.193,60.86,False,False,False,False,False,True,True,False,False,True,False,True,False,False,False,False,2026-11-12,False,False,4,"thin RVOL, below 200-MA",near21,4,https://www.tradingview.com/chart/?symbol=NYSE:STUB&interval=D,False,False,False
UUUU,Energy Fuels Inc,AMEX,Other Metals/Minerals,12.3,12.77,13.84,14.09,13.32,15.24,16.78,17.31,12.64,13.26,12.49,12.01,5.12,6.47,0.8,7580532.4,6757094.466666667,83112262.0,95205209.0,1.16,5.13,3256714729.128206,-15.93,375,-20.95,327,-34.4,406,-23.76,-1.18,-11.1,1.12,0.6,36.4,0.4,36.92,False,False,False,False,False,True,True,False,False,True,False,True,False,False,False,False,2026-10-30,False,True,3,"thin RVOL, below 200-MA, large gap",near21,4,https://www.tradingview.com/chart/?symbol=AMEX:UUUU&interval=D,False,False,False
PUMP,ProPetro Holding Corp.,NYSE,Oilfield Services/Equipment,10.16,10.94,11.01,11.28,11.55,13.49,13.58,12.79,10.7,11.02,10.4,9.98,5.05,5.67,0.58,4329601.0,3210912.5,32622871.0,36229796.0,0.71,-0.76,1247890907.3740456,-10.96,310,-30.55,382,-29.79,389,-23.76,-2.12,-7.75,1.37,0.73,31.2,0.206,25.99,False,False,False,False,False,True,True,False,False,True,False,True,False,False,False,False,2026-11-04,False,False,4,"thin RVOL, below 200-MA",near21,4,https://www.tradingview.com/chart/?symbol=NYSE:PUMP&interval=D,False,False,False
BLDR,"Builders FirstSource, Inc.",NYSE,Home Improvement Chains,58.52,59.77,63.16,65.99,68.62,73.0,79.07,87.86,60.12,62.9,59.2,57.02,4.6,4.88,2.86,5329257.5,3038816.7,177831553.0,200523411.0,0.72,0.72,6296544185.532003,-16.54,382,-23.02,339,-31.83,396,-23.8,-3.02,-7.34,1.43,0.76,52.5,0.249,48.0,False,False,False,False,False,True,True,False,False,True,False,True,False,False,False,False,2026-10-29,False,False,4,"thin RVOL, below 200-MA",near21,4,https://www.tradingview.com/chart/?symbol=NYSE:BLDR&interval=D,False,False,False
FTFT,Future FinTech Group Inc.,NASDAQ,Finance/Rental/Leasing,4.51,4.54,3.33,3.28,3.88,10.02,14.17,22.72,4.75,4.07,5.89,4.44,31.77,30.51,1.38,30439743.2,10795134.508333333,48686057.0,35448847.0,0.02,0.18,36429488.1,64.6,4,-59.67,435,-76.54,442,-23.87,0.54,35.31,0.35,1.05,5.1,2.395,429.86,False,False,False,False,False,True,False,False,False,True,True,True,False,False,False,False,,False,False,4,"thin RVOL, below 200-MA",near21,3,https://www.tradingview.com/chart/?symbol=NASDAQ:FTFT&interval=D,True,False,False
NXT,Nextpower Inc.,NASDAQ,Electronic Equipment/Instruments,83.15,81.95,83.35,88.03,92.97,109.17,111.04,108.14,82.23,84.83,83.29,79.28,4.68,5.51,4.58,2355293.1,2082142.1666666667,173130121.0,183283340.0,0.76,0.47,12616310004.008327,-5.51,235,-32.22,386,-34.21,404,-23.98,-1.92,-0.23,0.36,0.87,84.4,0.12,34.99,False,False,False,False,True,True,True,False,False,True,False,False,False,True,False,False,2026-10-22,False,False,4,"LoD>60% ATR, below 200-MA",near21,4,https://www.tradingview.com/chart/?symbol=NASDAQ:NXT&interval=D,False,False,False
RUN,Sunrun Inc.,NASDAQ,Semiconductors,8.79,8.63,8.75,9.08,9.77,11.68,12.39,13.99,8.64,8.89,8.88,8.36,4.69,5.55,0.49,7707149.1,7487854.466666667,65818241.0,67953527.0,1.09,2.11,2117044931.117233,-7.38,263,-32.95,392,-32.15,398,-24.16,-1.8,0.43,0.19,1.07,88.1,0.129,61.07,False,False,False,False,True,True,False,False,False,True,True,False,False,False,False,False,2026-11-04,False,True,2,"LoD>60% ATR, thin RVOL, below 200-MA, large gap",near21,3,https://www.tradingview.com/chart/?symbol=NASDAQ:RUN&interval=D,False,False,False
NAMS,NewAmsterdam Pharma Company N.V.,NASDAQ,Pharmaceuticals: Major,22.58,22.48,24.31,25.39,27.14,30.2,30.91,31.71,22.76,24.09,23.2,21.68,6.25,6.21,1.4,2241332.7,1455026.0,32854487.0,36936805.0,1.8,2.05,2699149280.226767,-19.33,405,-26.16,356,-27.09,383,-24.19,-2.71,-7.11,1.01,1.08,64.2,0.346,40.9,False,False,False,False,False,True,False,False,False,True,True,False,True,True,True,False,2026-11-11,False,True,3,"LoD>60% ATR, below 200-MA, large gap","near21, RVOL",2,https://www.tradingview.com/chart/?symbol=NASDAQ:NAMS&interval=D,False,False,False
EIX,Edison International,NYSE,Electric Utilities,54.95,56.08,60.45,64.09,68.77,70.22,70.85,68.37,56.46,59.95,55.74,54.67,4.21,4.79,2.63,5325194.7,5977540.966666667,328465876.0,383124511.0,0.71,-0.47,21145527893.21642,-26.36,426,-23.55,343,-23.59,366,-24.5,-4.2,-9.09,1.74,0.41,10.6,0.506,26.88,False,False,False,False,False,False,True,True,False,True,False,True,False,True,False,False,2026-11-03,False,False,5,below 200-MA,ADR,4,https://www.tradingview.com/chart/?symbol=NYSE:EIX&interval=D,False,False,False
BOOT,"Boot Barn Holdings, Inc.",NYSE,Apparel/Footwear Retail,124.33,134.47,144.31,150.81,152.59,157.93,161.25,168.69,132.64,141.3,126.27,122.16,4.66,4.96,6.17,816150.8,654935.3,81428106.0,98769701.0,0.72,0.95,3765314529.623576,-23.66,418,-28.92,375,-21.45,354,-24.68,-3.73,-13.84,2.42,0.67,35.2,0.358,27.52,False,False,False,False,False,False,True,True,False,True,False,True,False,False,False,False,2026-11-04,False,False,4,"thin RVOL, below 200-MA",ADR,4,https://www.tradingview.com/chart/?symbol=NYSE:BOOT&interval=D,False,False,False
WING,Wingstop Inc.,NASDAQ,Restaurants,107.33,107.94,109.88,111.95,121.17,135.73,157.79,183.2,107.22,110.59,107.56,103.43,6.02,6.06,6.5,1447344.6,1224921.7,131470846.0,137127943.0,0.66,1.43,2923942522.3210993,-5.16,229,-30.71,383,-38.5,412,-24.79,-1.89,-2.32,0.49,0.63,60.0,0.165,70.12,False,False,False,False,True,True,True,True,False,True,False,True,False,False,False,False,2026-11-04,False,False,4,"thin RVOL, below 200-MA","near21, ADR",6,https://www.tradingview.com/chart/?symbol=NASDAQ:WING&interval=D,False,False,False
CASY,"Caseys General Stores, Inc.",NASDAQ,Specialty Stores,585.34,619.37,699.3,747.83,790.01,806.86,774.88,730.08,628.04,684.39,597.93,584.16,4.08,4.8,28.12,980105.4,542708.6333333333,317669071.0,405853435.0,0.68,-1.08,21634263404.126396,-30.3,434,-29.9,378,-15.13,331,-25.11,-5.39,-16.3,3.01,0.49,4.2,0.506,32.03,False,False,False,False,False,False,True,True,False,True,False,True,False,True,False,False,2026-12-14,False,False,5,below 200-MA,ADR,4,https://www.tradingview.com/chart/?symbol=NASDAQ:CASY&interval=D,False,False,False
PCG,Pacific Gas & Electric Co.,NYSE,Electric Utilities,12.94,13.65,14.73,15.67,16.41,16.52,16.97,16.66,13.64,14.54,13.28,12.92,4.84,5.22,0.68,39379804.2,45386385.63333333,587299830.0,711310564.0,1.23,0.38,28498627835.006058,-28.35,433,-22.38,336,-26.1,377,-25.61,-4.05,-12.16,2.11,0.53,3.0,0.51,25.67,False,False,False,False,False,False,True,True,False,True,False,True,False,True,True,False,2026-10-22,False,False,5,below 200-MA,"ADR, RVOL",4,https://www.tradingview.com/chart/?symbol=NYSE:PCG&interval=D,False,False,False
XE,"X-Energy, Inc.",NASDAQ,Industrial Machinery,16.37,16.09,17.13,18.13,17.5,20.87,,,16.2,16.94,16.78,16.15,7.8,9.35,1.53,8714258.7,6463450.466666667,105806684.0,117201747.0,0.46,3.49,6652212983.298669,-12.13,324,-16.35,308,-48.88,426,-25.79,-0.69,-4.44,0.36,0.41,14.4,0.331,29.21,False,False,False,False,False,True,True,True,False,True,False,True,False,False,False,False,2026-12-02,False,True,3,"thin RVOL, below 200-MA, large gap","near21, ADR",5,https://www.tradingview.com/chart/?symbol=NASDAQ:XE&interval=D,False,False,False
JOBY,"Joby Aviation, Inc.",NYSE,Aerospace & Defense,6.41,6.32,6.64,7.09,7.26,8.54,8.78,9.98,6.36,6.67,6.51,6.19,4.19,5.07,0.33,28783021.8,26951048.633333333,172756222.0,190984114.0,1.05,2.78,6370735109.287581,-16.75,385,-32.28,387,-30.78,390,-26.6,-2.32,-3.49,0.77,0.98,67.7,0.228,57.13,False,False,False,False,False,True,True,False,False,True,False,False,False,False,False,False,2026-11-11,False,True,2,"LoD>60% ATR, thin RVOL, below 200-MA, large gap",near21,3,https://www.tradingview.com/chart/?symbol=NYSE:JOBY&interval=D,False,False,False
ALB,Albemarle Corporation,NYSE,Chemicals: Specialty,112.92,117.19,126.05,128.5,125.08,145.51,156.15,156.26,117.12,122.3,114.49,111.57,4.43,4.78,5.4,2818339.7,2292277.3666666667,258843960.0,294552293.0,0.65,2.34,13325131621.992968,-19.26,403,-24.84,346,-37.23,409,-27.11,-2.03,-10.42,1.6,0.54,25.0,0.326,34.6,False,False,False,False,False,False,True,True,False,True,False,True,False,True,False,False,2026-11-04,False,True,4,"below 200-MA, large gap",ADR,4,https://www.tradingview.com/chart/?symbol=NYSE:ALB&interval=D,False,False,False
HYMC,Hycroft Mining Holding Corporation,NASDAQ,Precious Metals,20.53,21.31,22.72,24.06,22.83,26.51,30.86,30.43,21.42,22.35,21.55,20.39,6.25,7.81,1.6,2337857.4,2062489.2999999954,42342905.0,49632774.0,0.6,0.47,1913019830.920561,-25.07,424,-13.27,284,-43.54,420,-27.29,-1.29,-9.64,1.04,0.72,8.7,0.329,46.53,False,False,False,False,False,True,True,False,False,True,False,True,False,False,False,False,2026-11-03,False,False,4,"thin RVOL, below 200-MA",near21,4,https://www.tradingview.com/chart/?symbol=NASDAQ:HYMC&interval=D,False,False,False
TE,T1 Energy Inc.,NYSE,Electrical Products,4.45,4.48,4.51,4.62,4.96,6.52,6.37,6.56,4.4,4.55,4.52,4.28,6.48,9.23,0.41,19061919.3,21293833.433333334,94757559.0,98413000.0,0.89,4.32,1310420591.4748204,0.45,170,-53.62,433,-34.27,405,-29.15,-1.11,-1.34,0.25,0.58,41.4,0.23,46.67,False,False,False,False,True,True,True,False,False,True,False,True,False,False,False,False,2026-11-11,False,True,3,"thin RVOL, below 200-MA, large gap",near21,5,https://www.tradingview.com/chart/?symbol=NYSE:TE&interval=D,False,False,False
BROS,Dutch Bros Inc.,NYSE,Restaurants,39.15,42.49,45.8,47.31,54.0,57.11,55.44,56.55,42.31,45.48,40.56,38.28,4.61,5.0,1.96,4565011.6,4223366.566666666,165344801.0,199810288.0,1.51,1.3,6839731701.287785,-20.68,410,-40.54,414,-26.77,380,-29.33,-5.5,-14.51,2.78,1.16,44.4,0.343,37.34,False,False,False,False,False,False,False,False,False,False,True,True,True,True,True,False,2026-11-11,False,False,5,below 200-MA,RVOL,2,https://www.tradingview.com/chart/?symbol=NYSE:BROS&interval=D,False,False,False
FRMI,Fermi Inc.,NASDAQ,Real Estate Development,5.06,5.17,5.19,5.56,5.88,6.36,6.65,7.46,5.07,5.29,5.21,5.02,6.35,7.9,0.4,19410028.9,19457199.866666667,98453431.0,108214460.0,0.79,3.61,3240764783.8875494,-15.81,373,-39.04,411,-33.33,401,-29.39,-1.76,-2.43,0.55,0.48,10.0,0.29,45.29,False,False,False,False,True,True,True,True,False,True,False,True,False,False,False,False,2026-11-17,False,True,3,"thin RVOL, below 200-MA, large gap","near21, ADR",6,https://www.tradingview.com/chart/?symbol=NASDAQ:FRMI&interval=D,False,False,False
AMPX,"Amprius Technologies, Inc.",NYSE,Electrical Products,9.61,9.53,9.72,10.28,10.29,13.55,14.51,13.52,9.54,9.82,9.93,9.48,4.45,6.09,0.59,4551134.4,4723203.5,45389986.0,48556106.0,0.9,3.16,1403834830.0221052,-6.52,251,-35.85,404,-46.88,423,-29.75,-1.09,-1.12,0.35,0.76,21.4,0.158,51.75,False,False,False,False,True,True,True,False,False,True,False,True,False,False,False,False,2026-11-05,False,True,3,"thin RVOL, below 200-MA, large gap",near21,5,https://www.tradingview.com/chart/?symbol=NYSE:AMPX&interval=D,False,False,False
UAMY,United States Antimony Corporation,NYSE,Other Metals/Minerals,4.91,4.87,4.96,5.19,5.39,6.96,7.74,7.61,4.82,5.01,4.97,4.74,5.54,7.25,0.36,5310343.5,7206271.6,35382794.0,37371725.0,1.01,4.1,734876712.6414686,-8.4,282,-33.2,393,-49.01,427,-30.2,-1.23,-1.01,0.27,0.65,47.7,0.207,58.61,False,False,False,False,True,True,True,False,False,True,False,True,False,False,False,False,2026-11-18,False,True,3,"thin RVOL, below 200-MA, large gap",near21,5,https://www.tradingview.com/chart/?symbol=NYSE:UAMY&interval=D,False,False,False
AGX,"Argan, Inc.",NYSE,Engineering & Construction,380.12,397.7,414.96,461.89,509.65,599.88,571.69,514.72,397.83,428.06,396.18,378.63,5.56,6.84,26.0,508793.8,402289.1666666667,152918158.0,185812807.0,1.94,1.62,5333023404.826676,-27.08,428,-49.02,429,-14.95,328,-30.35,-3.72,-8.4,1.64,0.67,5.7,0.251,53.19,False,False,False,False,False,False,True,False,False,False,False,True,True,True,True,False,2026-12-09,False,False,5,below 200-MA,RVOL,3,https://www.tradingview.com/chart/?symbol=NYSE:AGX&interval=D,False,False,False
XENE,Xenon Pharmaceuticals Inc.,NASDAQ,Pharmaceuticals: Major,38.99,54.33,57.53,59.27,61.7,58.95,56.95,53.38,52.01,56.06,40.26,38.6,4.74,7.5,2.93,2791180.2,1370856.9333333333,53449712.0,81253889.0,1.66,0.63,3775808413.272705,-35.5,437,-28.62,372,-27.67,384,-30.6,-4.91,-32.22,4.06,0.57,13.2,0.436,21.33,False,False,False,False,False,False,True,False,False,False,False,True,True,True,True,False,2026-11-11,False,False,5,below 200-MA,RVOL,3,https://www.tradingview.com/chart/?symbol=NASDAQ:XENE&interval=D,False,False,False
MTZ,"MasTec, Inc.",NYSE,Engineering & Construction,222.9,228.05,235.3,250.15,277.1,333.24,329.59,305.67,225.99,238.96,225.81,213.53,4.82,6.17,13.76,1654769.4,1572471.6333333333,350503927.0,393351158.0,0.96,1.33,17899973071.150295,-19.35,406,-41.57,420,-31.07,393,-30.66,-3.17,-5.27,1.09,0.89,68.1,0.204,47.19,False,False,False,False,False,True,True,False,False,True,False,False,False,True,False,False,2026-10-29,False,False,4,"LoD>60% ATR, below 200-MA",near21,3,https://www.tradingview.com/chart/?symbol=NYSE:MTZ&interval=D,False,False,False
INIO,INNIO N.V.,NASDAQ,Electrical Products,20.3,19.89,20.53,22.46,24.34,,,,20.13,21.13,21.98,20.06,6.25,8.24,1.67,6339157.5,4339382.7,88089469.0,97469768.0,1.06,3.31,15224999725.49409,-12.2,327,-46.54,425,-34.52,407,-31.08,-2.01,-1.1,0.48,1.15,14.3,0.282,21.93,False,False,False,False,True,True,False,False,False,True,True,True,False,True,False,False,2026-12-02,False,True,4,"below 200-MA, large gap",near21,4,https://www.tradingview.com/chart/?symbol=NASDAQ:INIO&interval=D,False,False,False
PZZA,"Papa John's International, Inc.",NASDAQ,Restaurants,20.29,20.93,22.11,22.67,25.93,29.92,31.39,33.05,20.9,22.13,20.4,19.9,4.18,4.4,0.89,1735404.9,1427337.2666666666,28960673.0,32361542.0,0.76,1.97,667981074.5080888,-12.96,340,-41.15,418,-41.21,419,-31.77,-4.94,-8.21,1.89,0.57,43.7,0.252,59.71,False,False,False,False,False,False,True,True,False,True,False,True,False,False,False,False,2026-10-29,False,False,4,"thin RVOL, below 200-MA",ADR,4,https://www.tradingview.com/chart/?symbol=NASDAQ:PZZA&interval=D,False,False,False
LASR,"nLIGHT, Inc.",NASDAQ,Semiconductors,40.19,39.56,40.91,44.03,54.03,62.2,62.86,57.69,39.86,42.64,40.81,39.69,4.25,6.55,2.63,956167.0,1299423.7666666666,52223841.0,57208647.0,0.51,1.93,2318569026.0248494,-18.21,395,-33.44,397,-44.95,422,-32.2,-3.91,-1.75,0.88,0.43,19.0,0.198,57.98,False,False,False,False,True,True,True,True,False,True,False,True,False,False,False,False,2026-10-29,False,False,4,"thin RVOL, below 200-MA","near21, ADR",6,https://www.tradingview.com/chart/?symbol=NASDAQ:LASR&interval=D,False,False,False
LCID,"Lucid Group, Inc.",NASDAQ,Motor Vehicles,4.3,4.23,4.55,5.09,5.81,5.83,6.96,8.05,4.3,4.68,4.33,4.06,6.3,8.5,0.37,12711432.899999978,11090059.066666672,47687254.0,56424372.0,0.88,1.71,1694501882.0782397,-23.89,419,-15.02,300,-59.14,436,-32.69,-3.06,-5.58,0.96,0.74,65.7,0.333,88.79,False,False,False,False,False,True,True,False,False,True,False,False,False,False,False,False,2026-11-10,False,False,3,"LoD>60% ATR, thin RVOL, below 200-MA",near21,3,https://www.tradingview.com/chart/?symbol=NASDAQ:LCID&interval=D,False,False,False
IONS,"Ionis Pharmaceuticals, Inc.",NASDAQ,Pharmaceuticals: Major,44.9,50.22,55.62,56.4,55.71,65.69,69.04,72.0,49.44,53.1,45.25,44.2,5.36,5.34,2.4,5416177.8,3324934.6666666665,149289567.0,187526315.0,0.86,1.14,7461676014.678219,-24.71,423,-40.84,415,-36.47,408,-34.01,-3.63,-19.28,2.89,0.44,29.2,0.469,48.51,False,False,False,False,False,False,True,True,False,True,False,True,False,False,False,False,2026-11-04,False,False,4,"thin RVOL, below 200-MA",ADR,4,https://www.tradingview.com/chart/?symbol=NASDAQ:IONS&interval=D,False,False,False
CAVA,"CAVA Group, Inc.",NYSE,Restaurants,52.0,53.6,59.5,62.83,63.88,72.05,75.72,72.31,54.03,58.04,52.39,50.8,4.39,5.25,2.73,4523277.2,3624321.4,188464713.0,227716114.0,0.91,0.46,6073922230.8288145,-28.11,432,-35.47,403,-39.82,415,-34.47,-3.54,-12.6,1.98,0.58,43.9,0.458,42.53,False,False,False,False,False,False,True,True,False,True,False,True,False,False,False,False,2026-11-10,False,False,4,"thin RVOL, below 200-MA",ADR,4,https://www.tradingview.com/chart/?symbol=NYSE:CAVA&interval=D,False,False,False
UTI,Universal Technical Institute Inc,NYSE,Miscellaneous Commercial Services,20.72,20.86,21.24,22.48,29.17,34.93,35.23,33.15,21.03,22.4,20.77,19.57,5.71,7.1,1.47,1981326.8,1875467.0666666667,38859678.0,42162375.0,2.66,-5.26,1141573130.761062,-9.52,290,-47.91,426,-47.42,425,-34.95,-4.08,-2.46,1.06,0.82,78.5,0.118,69.37,False,False,False,False,True,True,True,False,False,True,False,False,True,True,True,False,2026-11-25,False,True,3,"LoD>60% ATR, below 200-MA, large gap","near21, RVOL",4,https://www.tradingview.com/chart/?symbol=NYSE:UTI&interval=D,False,False,False
FRVO,Fervo Energy Company,NASDAQ,Alternative Power Generation,16.83,16.34,16.5,17.54,20.06,,,,16.46,17.15,17.93,16.52,8.67,9.6,1.62,5246030.4,6348668.733333333,106848095.0,111323906.0,0.73,2.07,4960864530.596097,-1.0,183,-51.36,431,-53.25,431,-35.2,-1.68,2.03,0.2,0.87,19.2,0.326,22.1,False,False,False,False,True,True,True,False,False,True,False,True,False,False,False,False,2026-12-02,False,True,3,"thin RVOL, below 200-MA, large gap",near21,5,https://www.tradingview.com/chart/?symbol=NASDAQ:FRVO&interval=D,False,False,False
CAPR,"Capricor Therapeutics, Inc.",NASDAQ,Pharmaceuticals: Major,8.9,8.77,9.01,7.96,10.01,19.13,22.91,23.53,8.88,8.88,9.28,8.84,7.49,10.73,0.96,2754675.8,8741309.133333333,77797651.0,69561881.0,0.87,0.88,517437021.4128034,30.69,18,-69.02,441,-69.5,440,-35.94,-1.03,-1.26,0.02,0.46,6.3,0.336,165.86,False,False,True,False,True,True,True,True,False,True,False,True,False,False,False,False,2026-11-17,False,False,4,"thin RVOL, below 200-MA","EMA, near21, ADR",7,https://www.tradingview.com/chart/?symbol=NASDAQ:CAPR&interval=D,True,False,False
PL,Planet Labs PBC,NYSE,Packaged Software,17.07,16.69,18.39,20.11,21.0,28.63,29.17,27.23,17.08,18.39,17.23,16.64,6.28,6.63,1.13,11747082.8,9137827.433333334,155982714.0,183804353.0,0.63,1.61,6210885099.063946,-23.96,420,-37.54,408,-47.31,424,-36.27,-2.82,-7.2,1.08,0.52,37.6,0.422,73.1,False,False,False,False,False,True,True,True,False,True,False,True,False,False,False,False,2026-12-14,False,False,4,"thin RVOL, below 200-MA","near21, ADR",5,https://www.tradingview.com/chart/?symbol=NYSE:PL&interval=D,False,False,False
OPEN,Opendoor Technologies Inc,NASDAQ,Real Estate Development,2.68,2.75,3.01,3.18,3.54,4.15,4.42,4.84,2.75,2.99,2.73,2.61,4.81,6.51,0.17,35637714.8,36485754.166666664,97781821.0,116182803.0,0.84,3.32,2602523994.109375,-23.65,417,-36.19,406,-49.81,428,-36.55,-3.74,-10.98,1.57,0.69,40.1,0.414,78.08,False,False,False,False,False,False,True,False,False,False,False,True,False,False,False,False,2026-11-05,False,True,3,"thin RVOL, below 200-MA, large gap",,3,https://www.tradingview.com/chart/?symbol=NASDAQ:OPEN&interval=D,False,False,False
YSS,York Space Systems Inc.,NYSE,Aerospace & Defense,9.76,8.31,8.68,9.26,12.17,20.49,22.7,,8.63,9.19,9.98,8.69,6.79,9.24,0.9,5277872.6,4035863.1333333333,39390024.0,37381510.0,0.91,1.64,1340610254.764912,5.4,121,-64.55,438,-54.11,432,-37.75,-2.14,12.49,0.67,1.43,118.7,0.295,147.43,False,False,False,False,False,True,False,False,False,True,True,False,False,False,False,False,2026-12-02,False,False,3,"LoD>60% ATR, thin RVOL, below 200-MA",near21,2,https://www.tradingview.com/chart/?symbol=NYSE:YSS&interval=D,False,False,False
RARE,Ultragenyx Pharmaceutical Inc.,NASDAQ,Pharmaceuticals: Major,14.65,14.11,18.96,21.39,23.87,25.18,24.23,25.05,15.24,18.04,15.01,14.28,5.74,9.66,1.42,6507051.8,4829369.0,70750256.0,103316301.0,0.74,0.48,1444327038.6905584,-43.13,441,-48.74,428,-21.87,356,-37.91,-4.0,-22.75,1.94,0.52,26.5,1.219,75.57,False,False,False,False,False,False,True,False,False,False,False,True,False,False,False,False,2026-11-04,False,False,4,"thin RVOL, below 200-MA",,3,https://www.tradingview.com/chart/?symbol=NASDAQ:RARE&interval=D,False,False,False
RCAT,"Red Cat Holdings, Inc.",NASDAQ,Packaged Software,6.95,7.65,8.17,8.84,8.53,9.7,10.98,11.02,7.53,8.06,7.14,6.82,6.45,8.24,0.57,10270264.2,8878527.3,61705765.0,78529094.0,1.18,2.22,1061364770.0814817,-27.6,430,-32.85,391,-57.15,434,-39.2,-2.25,-14.89,1.67,0.56,22.7,0.347,48.43,False,False,False,False,False,False,True,True,False,True,False,True,False,False,False,False,2026-11-12,False,True,3,"thin RVOL, below 200-MA, large gap",ADR,4,https://www.tradingview.com/chart/?symbol=NASDAQ:RCAT&interval=D,False,False,False
BW,"Babcock & Wilcox Enterprises, Inc.",NYSE,Electronic Equipment/Instruments,7.34,7.31,7.33,7.97,8.74,12.53,12.97,11.62,7.29,7.63,7.6,7.29,6.0,8.65,0.63,4368675.5,5550691.7,40742077.0,44218660.0,0.73,2.85,1093403540.798913,-14.25,357,-55.81,434,-50.03,429,-40.03,-1.86,0.12,0.43,0.49,7.9,0.178,77.15,False,False,False,False,True,True,True,True,False,True,False,True,False,False,False,False,2026-11-11,False,True,3,"thin RVOL, below 200-MA, large gap","near21, ADR",6,https://www.tradingview.com/chart/?symbol=NYSE:BW&interval=D,False,False,False
KRMN,Karman Holdings Inc.,NYSE,Aerospace & Defense,35.21,35.99,40.27,46.7,47.69,51.9,64.31,70.29,36.97,40.65,37.22,34.99,6.85,7.9,2.78,4877093.3,3193947.3,112458884.0,149160533.0,0.85,1.54,4666511811.405035,-35.51,438,-24.7,345,-66.05,437,-42.09,-3.31,-12.56,1.69,0.8,7.9,0.524,97.4,False,False,False,False,False,False,True,False,False,False,False,True,False,False,False,False,2026-11-05,False,False,4,"thin RVOL, below 200-MA",,3,https://www.tradingview.com/chart/?symbol=NYSE:KRMN&interval=D,False,False,False
HTZ,"Hertz Global Holdings, Inc",NASDAQ,Finance/Rental/Leasing,1.85,1.97,2.09,2.15,2.01,3.34,3.92,4.27,1.95,2.04,1.87,1.79,6.15,8.35,0.15,12853844.9,27846736.3,51516462.0,59805507.0,0.78,0.82,659435138.7912087,-11.06,312,-63.15,437,-57.47,435,-43.89,-0.95,-11.35,1.1,0.52,38.9,0.302,124.37,False,False,False,False,False,True,True,True,False,True,False,True,False,False,False,False,2026-10-22,False,False,4,"thin RVOL, below 200-MA","near21, ADR",5,https://www.tradingview.com/chart/?symbol=NASDAQ:HTZ&interval=D,False,False,False
SOC,Sable Offshore Corp.,NYSE,Integrated Oil,4.33,4.75,4.73,4.66,4.59,7.86,9.78,9.5,4.64,4.7,4.47,4.24,7.64,8.94,0.39,8159493.1,9235333.866666667,39988996.0,43064362.0,0.84,-2.41,830795284.4385966,-14.76,364,-52.52,432,-74.01,441,-47.1,-0.64,-8.49,0.88,0.58,22.0,0.169,119.79,False,False,False,False,False,True,True,True,False,True,False,True,False,False,False,False,2026-11-12,False,True,3,"thin RVOL, below 200-MA, large gap","near21, ADR",5,https://www.tradingview.com/chart/?symbol=NYSE:SOC&interval=D,False,False,False
ALHC,"Alignment Healthcare, Inc.",NASDAQ,Managed Health Care,8.33,10.93,12.25,12.62,14.86,16.96,17.76,18.53,10.35,11.81,8.38,8.02,9.76,10.54,0.88,14107996.5,7557680.0,62955474.0,95353989.0,1.02,-0.24,1727934879.807186,-36.27,439,-61.35,436,-52.7,430,-50.1,-4.17,-32.01,2.8,0.4,35.3,0.653,91.32,False,False,False,False,False,False,True,True,False,True,False,True,False,False,False,False,2026-10-29,False,False,4,"thin RVOL, below 200-MA",ADR,4,https://www.tradingview.com/chart/?symbol=NASDAQ:ALHC&interval=D,False,False,False
FLNC,"Fluence Energy, Inc.",NASDAQ,Electrical Products,7.39,9.09,9.94,10.77,12.12,16.2,15.79,17.63,8.78,9.9,7.41,7.12,6.78,10.63,0.79,10518715.9,7215641.566666666,53323591.0,77746133.0,1.16,0.55,1364167210.240437,-34.83,436,-68.3,440,-55.33,433,-52.82,-3.67,-25.63,2.38,0.37,34.0,0.492,115.61,False,False,False,False,False,False,True,True,False,True,False,True,False,False,False,False,2026-11-30,False,False,4,"thin RVOL, below 200-MA",ADR,4,https://www.tradingview.com/chart/?symbol=NASDAQ:FLNC&interval=D,False,False,False
EYPT,"EyePoint, Inc.",NASDAQ,Pharmaceuticals: Major,4.02,4.06,4.38,6.09,8.77,11.0,12.2,13.12,4.12,5.09,4.1,3.8,8.36,14.62,0.59,4179615.4999999953,6081143.733333333,24446198.0,37060517.0,0.97,0.52,346572805.93246746,-26.58,427,-70.48,442,-68.35,439,-55.14,-3.71,-8.21,1.44,0.51,37.4,0.377,225.46,False,False,False,False,False,True,True,False,False,True,False,True,False,False,False,False,2026-11-04,False,False,4,"thin RVOL, below 200-MA",near21,4,https://www.tradingview.com/chart/?symbol=NASDAQ:EYPT&interval=D,False,False,False
ALMS,Alumis Inc.,NASDAQ,Pharmaceuticals: Major,7.9,8.85,13.44,17.28,21.5,22.62,23.58,22.28,9.46,13.04,7.92,7.56,10.9,17.13,1.35,4171028.0,3496213.433333333,27620086.0,60411072.0,0.57,0.64,1054611680.4247105,-65.62,442,-67.08,439,-66.34,438,-66.35,-3.69,-41.22,2.3,0.27,25.1,1.89,186.43,False,False,False,False,False,False,True,True,False,True,False,True,False,False,False,False,2026-11-12,False,False,4,"thin RVOL, below 200-MA",ADR,4,https://www.tradingview.com/chart/?symbol=NASDAQ:ALMS&interval=D,False,False,False
