name,description,exchange,industry,close,SMA10,SMA20,SMA30,SMA50,SMA100,SMA150,SMA200,EMA10,EMA21,high,low,ADRP,ATRP,atr_abs,average_volume_10d_calc,average_volume_30d_calc,dollar_volume_30d,average_dollar_volume_30d,rvol,gap_pct,market_cap_basic,Perf.1M,perf_1m_rank,Perf.3M,perf_3m_rank,Perf.6M,perf_6m_rank,momentum_score,atr_extension_from_50d,sma20_distance_pct,ema21_atr_dist,day_range_atr,lod_atr_pct,bb_width,ma_spread_pct,above_all_mas,ma_aligned,ema_aligned,above_sma200,near_sma20,near_ema,range_tight,adr_tight,bb_tight,plan_tight,wide_day,lod_ok,rvol_ok,rvol_pass,rvol_expand,ma_coiled,earnings_date,earnings_soon,large_gap,hard_rule_passes,hard_rule_fails,tightness_flags,focus_score,tradingview_url,is_top_1m,is_top_3m,is_top_6m
XHLD,"TEN Holdings, Inc.",NASDAQ,Miscellaneous Commercial Services,9.39,9.91,9.22,7.81,5.36,3.39,2.77,2.56,9.65,8.73,9.55,9.35,17.5,15.87,1.49,3794338.8,7984995.466666667,74979107.0,62324220.0,0.41,-1.76,112468191.76476684,34.14,11,561.27,2,590.44,1,395.28,4.75,1.88,0.48,0.13,2.7,0.489,78.27,False,False,False,True,True,True,True,True,False,True,False,True,False,False,False,False,2026-11-16,False,False,4,">4x 50-MA, thin RVOL","near21, ADR",7,https://www.tradingview.com/chart/?symbol=NASDAQ:XHLD&interval=D,True,True,True
USDE,StablecoinX Inc.,NASDAQ,Packaged Software,8.5,7.37,7.15,5.62,4.1,6.71,8.54,9.76,7.19,6.56,9.48,6.36,16.23,15.49,1.32,4171390.4,7246600.2,61596102.0,40758503.0,3.67,6.61,231090589.91935483,182.39,1,741.58,1,-12.82,321,303.72,6.95,18.88,1.9,2.37,162.6,0.643,66.62,False,True,True,False,False,False,False,False,False,False,True,False,True,True,True,False,,False,True,2,"LoD>60% ATR, >4x 50-MA, below 200-MA, large gap","EMA, RVOL",3,https://www.tradingview.com/chart/?symbol=NASDAQ:USDE&interval=D,True,True,False
QMCO,Quantum Corporation,NASDAQ,Computer Peripherals,25.16,23.94,23.32,22.14,17.6,14.16,11.34,10.35,23.78,22.67,25.99,24.59,7.19,7.39,1.86,914321.2,1929275.6666666667,48540576.0,42718665.0,0.66,3.57,991555592.6093161,5.54,105,62.43,27,387.6,2,151.85,5.82,7.89,1.49,0.75,30.7,0.194,54.04,True,True,True,True,False,True,True,False,False,True,False,True,False,False,False,False,2026-11-13,False,True,3,">4x 50-MA, thin RVOL, large gap","EMA, near21",8,https://www.tradingview.com/chart/?symbol=NASDAQ:QMCO&interval=D,False,False,True
LIFE,Ethos Technologies Inc.,NASDAQ,Packaged Software,38.74,39.53,38.18,36.51,30.0,24.71,20.63,,38.97,37.26,39.75,37.18,6.52,6.66,2.58,1468602.9,1454858.8666666667,56357595.0,53118958.0,0.79,2.91,2469856688.8414397,13.73,49,143.63,3,283.92,4,147.09,4.37,1.46,0.6,1.0,60.4,0.221,48.78,False,False,False,False,True,True,True,False,False,True,False,False,False,False,False,False,2026-12-02,False,True,1,"LoD>60% ATR, >4x 50-MA, thin RVOL, below 200-MA, large gap",near21,4,https://www.tradingview.com/chart/?symbol=NASDAQ:LIFE&interval=D,False,True,True
ASST,"Strive, Inc.",NASDAQ,Financial Conglomerates,28.66,27.5,24.47,20.57,17.18,16.23,14.27,14.95,26.91,24.09,29.0,27.61,6.92,6.42,1.84,9361281.6,8310946.900000001,238191738.0,170993577.0,0.43,2.28,2672905147.7708864,117.45,2,84.31,14,177.98,12,126.58,10.41,17.13,2.96,0.76,57.1,0.585,46.17,True,True,True,True,False,False,True,True,False,True,False,True,False,False,False,False,2026-11-13,False,True,3,">4x 50-MA, thin RVOL, large gap","EMA, ADR",8,https://www.tradingview.com/chart/?symbol=NASDAQ:ASST&interval=D,True,True,True
CDNA,"CareDx, Inc.",NASDAQ,Medical Specialties,54.4,51.43,50.5,49.16,44.38,33.9,28.73,26.45,51.85,50.03,55.16,53.21,4.19,4.09,2.23,927711.5,1029306.3333333334,55994265.0,50603787.0,0.33,0.84,2814341659.428572,19.09,34,127.33,5,209.09,10,118.5,5.51,7.72,2.13,0.88,53.6,0.144,45.92,True,True,True,True,False,False,True,False,False,False,False,True,False,False,False,False,2026-11-10,False,False,4,">4x 50-MA, thin RVOL",EMA,7,https://www.tradingview.com/chart/?symbol=NASDAQ:CDNA&interval=D,False,True,True
MXL,"MaxLinear, Inc",NASDAQ,Semiconductors,75.51,68.1,65.39,68.34,71.74,80.05,60.14,49.67,68.8,68.17,76.84,72.39,5.5,7.85,5.93,2356165.5,2235663.566666667,168814956.0,152777796.0,0.51,5.02,6848242527.155374,-4.53,190,-12.53,253,340.55,3,107.83,0.67,15.47,1.37,0.75,52.6,0.292,40.23,False,True,True,True,False,True,True,False,False,True,False,True,False,False,False,False,2026-10-28,False,True,4,"thin RVOL, large gap","EMA, near21",7,https://www.tradingview.com/chart/?symbol=NASDAQ:MXL&interval=D,False,False,True
TEAM,Atlassian Corporation,NASDAQ,Packaged Software,193.63,186.42,183.04,173.5,142.27,114.81,100.67,110.78,186.85,177.92,195.54,185.72,4.33,4.73,9.15,2751077.9,4618908.533333333,894359721.0,801390654.0,0.3,-0.87,49015294764.27623,22.1,28,131.5,4,165.57,16,106.39,7.64,5.78,1.87,1.07,86.4,0.196,44.29,True,True,True,True,False,False,False,False,False,False,True,False,False,True,False,False,2026-10-29,False,False,4,"LoD>60% ATR, >4x 50-MA",EMA,5,https://www.tradingview.com/chart/?symbol=NASDAQ:TEAM&interval=D,False,True,True
DELL,Dell Technologies Inc.,NYSE,Computer Processing Hardware,584.37,540.9,496.8,486.07,460.3,397.88,318.78,270.28,538.56,509.83,588.5,565.5,5.53,5.7,33.29,10222590.499999998,8283052.766666666,4840367545.0,4026171068.0,0.32,1.26,371549887496.3657,25.14,23,35.94,65,257.41,6,106.16,4.73,17.63,2.57,0.69,56.7,0.394,46.31,True,True,True,True,False,False,True,True,False,True,False,True,False,True,False,False,2026-12-01,False,False,5,>4x 50-MA,"EMA, ADR",8,https://www.tradingview.com/chart/?symbol=NYSE:DELL&interval=D,True,False,True
BLZE,"Backblaze, Inc.",NASDAQ,Computer Peripherals,13.54,13.11,13.97,15.62,15.18,12.03,9.29,8.15,13.33,14.04,13.67,13.06,5.26,7.23,0.98,1544818.4,2484215.933333333,33636284.0,38797242.0,0.23,1.68,838125998.9672006,-28.7,436,62.16,28,271.98,5,101.81,-1.5,-3.06,0.49,0.62,48.5,0.326,51.98,False,False,False,True,False,True,True,False,False,True,False,True,False,False,False,False,2026-11-11,False,False,5,thin RVOL,near21,5,https://www.tradingview.com/chart/?symbol=NASDAQ:BLZE&interval=D,False,False,True
AMLX,"Amylyx Pharmaceuticals, Inc.",NASDAQ,Pharmaceuticals: Major,34.2,33.17,34.83,31.75,26.6,20.94,18.98,17.61,33.33,32.43,34.34,33.21,4.85,5.55,1.9,1390225.4,3045960.8,104171859.0,96715347.0,0.26,2.15,4292546323.101441,14.34,47,123.31,6,142.04,24,93.23,5.14,-1.82,0.99,0.6,52.2,0.262,50.37,False,False,True,True,True,True,True,True,False,True,False,True,False,False,False,False,2026-11-05,False,True,3,">4x 50-MA, thin RVOL, large gap","EMA, near21, ADR",8,https://www.tradingview.com/chart/?symbol=NASDAQ:AMLX&interval=D,False,True,False
APPS,"Digital Turbine, Inc.",NASDAQ,Packaged Software,11.35,11.29,11.0,11.63,10.66,9.06,7.22,6.67,11.24,11.16,11.41,10.75,6.07,6.9,0.78,2358011.5,2869060.466666667,32563836.0,33378171.0,0.38,1.48,1373534463.6761992,-4.94,197,29.71,78,250.31,7,91.69,0.94,3.22,0.24,0.84,76.7,0.187,40.65,True,True,True,True,False,True,True,False,False,True,False,False,False,False,False,False,2026-11-11,False,False,4,"LoD>60% ATR, thin RVOL","EMA, near21",7,https://www.tradingview.com/chart/?symbol=NASDAQ:APPS&interval=D,False,False,True
GPRO,"GoPro, Inc.",NASDAQ,Electronics/Appliances,1.31,1.4,1.1,0.95,0.85,0.95,0.92,1.05,1.3,1.16,1.38,1.27,19.66,13.56,0.18,78599010.2,63764049.43333333,83530905.0,60489765.0,0.12,1.57,245156974.1338583,113.01,3,57.64,34,92.08,54,87.58,3.92,18.87,0.99,0.65,22.5,1.436,41.53,False,False,True,True,False,True,True,True,False,True,False,True,False,False,False,False,2026-11-05,False,False,5,thin RVOL,"EMA, near21, ADR",7,https://www.tradingview.com/chart/?symbol=NASDAQ:GPRO&interval=D,True,False,False
CORT,Corcept Therapeutics Incorporated,NASDAQ,Pharmaceuticals: Major,112.76,112.9,115.34,114.77,107.78,88.47,71.78,68.23,112.94,113.03,114.0,112.15,4.03,3.93,4.43,832499.8,827953.3666666667,93355882.0,95025174.0,0.18,1.23,12188634409.278107,-3.29,176,36.14,64,217.62,9,83.49,1.18,-2.24,0.06,0.42,13.7,0.145,41.78,False,False,False,True,True,True,True,True,False,True,False,True,False,True,False,False,2026-11-04,False,False,6,,"near21, ADR",7,https://www.tradingview.com/chart/?symbol=NASDAQ:CORT&interval=D,False,False,True
OKTA,"Okta, Inc.",NASDAQ,Packaged Software,189.87,177.39,164.05,158.4,152.24,129.17,111.58,105.82,178.49,168.39,191.73,183.0,4.62,4.91,9.33,3496879.7,3725676.533333333,707394203.0,590134123.0,0.47,-2.72,33193215937.746548,32.22,15,68.6,22,136.27,25,79.03,5.03,15.74,2.6,0.94,73.7,0.477,37.69,True,True,True,True,False,False,True,False,False,False,False,False,False,True,False,False,2026-12-08,False,True,3,"LoD>60% ATR, >4x 50-MA, large gap",EMA,6,https://www.tradingview.com/chart/?symbol=NASDAQ:OKTA&interval=D,True,True,False
GTLB,GitLab Inc.,NASDAQ,Packaged Software,49.86,48.39,46.18,44.41,39.97,33.68,30.26,31.83,48.11,46.03,50.15,48.07,4.39,4.58,2.29,4124014.0,5411119.066666666,269798397.0,240331246.0,0.16,-0.47,8307423977.698585,23.17,27,90.89,12,118.01,35,77.36,5.4,7.98,1.81,0.91,78.3,0.259,36.37,True,True,True,True,False,False,True,False,False,False,False,False,False,False,False,False,2026-12-07,False,False,3,"LoD>60% ATR, >4x 50-MA, thin RVOL",EMA,6,https://www.tradingview.com/chart/?symbol=NASDAQ:GTLB&interval=D,False,True,False
ETON,"Eton Pharmaceuticals, Inc.",NASDAQ,Pharmaceuticals: Major,56.92,57.73,59.8,56.68,51.03,41.27,34.6,29.91,57.57,57.15,58.0,56.26,4.63,5.13,2.92,370260.6,588876.8333333334,33521814.0,33378520.0,0.18,1.22,1627094950.530612,-6.83,212,70.89,20,166.0,15,76.69,2.25,-4.81,0.08,0.6,22.8,0.17,52.51,False,False,False,True,False,True,True,True,False,True,False,True,False,False,False,False,2026-11-05,False,False,5,thin RVOL,"near21, ADR",6,https://www.tradingview.com/chart/?symbol=NASDAQ:ETON&interval=D,False,True,True
BAND,Bandwidth Inc.,NASDAQ,Packaged Software,50.41,49.02,48.67,49.68,53.75,54.54,42.0,35.09,49.71,49.75,51.3,48.66,8.29,8.52,4.3,865093.3,814586.1,41063285.0,40468230.0,0.12,1.88,1622233495.4281626,-2.4,168,-2.33,204,226.49,8,73.92,-0.73,3.58,0.16,0.61,40.7,0.235,38.58,False,False,False,True,False,True,True,True,False,True,False,True,False,False,False,False,2026-10-29,False,False,5,thin RVOL,"near21, ADR",6,https://www.tradingview.com/chart/?symbol=NASDAQ:BAND&interval=D,False,False,True
PURR,Hyperliquid Strategies Inc,NASDAQ,Financial Conglomerates,12.58,11.86,11.63,10.11,8.78,8.4,7.34,,11.71,11.05,12.92,12.03,9.21,9.01,1.13,21931477.4,22033789.933333334,277074908.0,222783650.0,0.73,5.77,2991834849.0493884,80.42,5,26.38,87,113.5,38,73.43,4.8,8.08,1.54,0.79,48.1,0.242,35.98,False,True,True,False,False,False,True,False,False,False,False,True,False,False,False,False,2026-12-02,False,True,2,">4x 50-MA, thin RVOL, below 200-MA, large gap",EMA,5,https://www.tradingview.com/chart/?symbol=NASDAQ:PURR&interval=D,True,False,False
CVI,CVR Energy Inc.,NYSE,Oil Refining/Marketing,54.0,48.8,44.43,41.11,38.19,34.9,32.87,31.26,49.2,45.25,54.04,51.76,4.85,4.64,2.5,1165824.0,1006626.4,54362859.0,41378217.0,0.23,-2.21,5429155056.054007,46.08,7,96.95,8,66.94,78,69.99,8.93,21.56,4.17,0.91,89.8,0.47,32.5,True,True,True,True,False,False,True,False,False,False,False,False,False,False,False,False,2026-11-02,False,True,2,"LoD>60% ATR, >4x 50-MA, thin RVOL, large gap",EMA,6,https://www.tradingview.com/chart/?symbol=NYSE:CVI&interval=D,True,True,False
FIVN,"Five9, Inc.",NASDAQ,Packaged Software,34.57,32.33,32.81,32.69,30.0,25.85,22.62,21.78,32.82,32.35,35.31,33.18,4.64,5.04,1.74,1728719.8,2032241.7666666666,70254598.0,66434999.0,0.56,1.97,2583192696.4468904,8.27,86,79.86,16,121.46,31,69.86,3.02,5.36,1.36,1.22,79.8,0.169,31.89,True,True,True,True,False,True,False,False,False,True,True,False,False,False,False,False,2026-11-09,False,False,4,"LoD>60% ATR, thin RVOL","EMA, near21",6,https://www.tradingview.com/chart/?symbol=NASDAQ:FIVN&interval=D,False,True,False
HPE,Hewlett Packard Enterprise Company,NYSE,Computer Processing Hardware,61.26,56.79,54.85,55.18,52.24,46.28,38.62,34.73,56.97,55.5,62.14,57.01,5.76,6.11,3.74,30674875.6,22119629.83333336,1355048524.0,1220612787.0,0.26,1.01,81320489288.03458,9.67,69,24.58,92,173.12,13,69.12,2.82,11.69,1.7,1.37,113.5,0.217,36.02,True,True,True,True,False,False,False,False,False,False,True,False,False,True,False,False,2026-12-03,False,False,5,LoD>60% ATR,EMA,5,https://www.tradingview.com/chart/?symbol=NYSE:HPE&interval=D,False,False,True
DK,"Delek US Holdings, Inc.",NYSE,Oil Refining/Marketing,81.22,75.92,73.14,70.25,67.36,56.84,51.47,46.49,76.43,73.37,81.49,77.77,4.98,5.04,4.09,1936998.1,1708846.4,138792505.0,120046460.0,0.22,-1.76,4973277396.117231,19.07,35,94.77,11,82.68,65,65.51,4.08,11.04,2.12,0.91,84.3,0.217,36.23,True,True,True,True,False,False,True,False,False,False,False,False,False,False,False,False,2026-11-11,False,False,3,"LoD>60% ATR, >4x 50-MA, thin RVOL",EMA,6,https://www.tradingview.com/chart/?symbol=NYSE:DK&interval=D,False,True,False
NTSK,"Netskope, Inc.",NASDAQ,Packaged Software,17.26,15.59,14.98,15.04,14.14,12.38,11.57,12.93,16.04,15.31,17.63,16.82,6.27,6.11,1.06,7459911.7,5587334.666666667,96465333.0,84053069.0,0.3,-0.98,7054267421.369289,15.1,42,96.42,9,84.85,61,65.46,3.62,15.26,2.09,0.77,42.2,0.329,23.29,True,True,True,True,False,False,True,True,False,True,False,True,False,False,False,False,2026-12-11,False,False,5,thin RVOL,"EMA, ADR",8,https://www.tradingview.com/chart/?symbol=NASDAQ:NTSK&interval=D,False,True,False
CRWD,"CrowdStrike Holdings, Inc.",NASDAQ,Packaged Software,245.94,222.67,213.5,214.39,206.3,183.18,156.29,146.41,227.46,218.78,250.32,233.19,5.09,5.23,12.87,10909618.5,10279885.766666668,2528193986.0,2203875926.0,0.54,-2.2,251822433163.7793,15.46,41,43.25,52,132.19,27,63.63,3.67,15.19,2.37,1.33,99.0,0.346,31.01,True,True,True,True,False,False,False,False,False,False,True,False,False,True,False,False,2026-12-01,False,True,4,"LoD>60% ATR, large gap",EMA,5,https://www.tradingview.com/chart/?symbol=NASDAQ:CRWD&interval=D,False,False,False
TEM,"Tempus AI, Inc.",NASDAQ,Packaged Software,79.87,65.35,65.91,61.68,56.73,53.88,52.9,56.13,67.25,64.06,81.28,72.61,5.81,6.1,4.87,6150641.8,7188400.4,574137540.0,443375744.0,1.84,3.9,14411324928.196085,59.52,6,60.22,29,65.02,81,61.59,6.69,21.18,4.04,1.78,149.0,0.299,16.29,True,True,True,True,False,False,False,False,False,False,True,False,True,True,True,False,2026-11-10,False,True,3,"LoD>60% ATR, >4x 50-MA, large gap","EMA, RVOL",5,https://www.tradingview.com/chart/?symbol=NASDAQ:TEM&interval=D,True,False,False
AMC,"AMC Entertainment Holdings, Inc.",NYSE,Movies/Entertainment,2.72,2.55,2.58,2.55,2.47,2.14,1.84,1.81,2.58,2.56,2.79,2.7,5.46,5.96,0.16,23968188.000000037,19389584.36666667,52741608.0,49469358.0,0.49,1.88,2427973890.058308,13.34,51,2.65,182,164.09,17,60.02,1.71,5.51,1.06,0.55,12.4,0.141,28.38,True,True,True,True,False,True,True,True,False,True,False,True,False,False,False,False,2026-11-11,False,False,5,thin RVOL,"EMA, near21, ADR",9,https://www.tradingview.com/chart/?symbol=NYSE:AMC&interval=D,False,False,True
RBRK,"Rubrik, Inc.",NYSE,Information Technology Services,107.82,95.84,95.57,96.21,88.94,79.07,69.94,70.05,98.49,95.62,108.97,101.38,5.55,5.63,6.07,3066740.5,3661131.8333333335,394743234.0,352249697.0,0.5,-2.31,22351564542.91446,8.3,85,55.83,35,111.87,39,58.67,3.77,12.81,2.27,1.25,106.1,0.269,24.02,True,True,True,True,False,False,False,False,False,False,True,False,False,True,False,False,2026-12-03,False,True,4,"LoD>60% ATR, large gap",EMA,5,https://www.tradingview.com/chart/?symbol=NYSE:RBRK&interval=D,False,False,False
PBF,PBF Energy Inc.,NYSE,Oil Refining/Marketing,77.2,75.66,73.44,72.27,68.41,55.38,50.82,45.9,75.22,73.49,77.2,74.11,5.31,5.64,4.35,3658141.5,3071086.0,237087839.0,221944314.0,0.21,-2.17,9151044525.657843,2.25,132,108.48,7,63.94,84,58.22,2.28,5.12,0.89,0.71,71.0,0.181,38.55,True,True,True,True,False,True,True,False,False,True,False,False,False,False,False,False,2026-10-29,False,True,3,"LoD>60% ATR, thin RVOL, large gap","EMA, near21",7,https://www.tradingview.com/chart/?symbol=NYSE:PBF&interval=D,False,True,False
SMTC,Semtech Corporation,NASDAQ,Semiconductors,180.56,158.23,144.66,141.95,135.94,139.75,122.28,111.22,158.51,149.54,180.69,170.0,5.54,6.6,11.91,3011395.4,3130889.6,565329081.0,444436040.0,0.75,1.97,16851341343.684631,23.78,26,15.68,125,130.9,28,56.79,4.98,24.82,3.14,0.9,88.7,0.465,26.03,True,True,True,True,False,False,True,False,False,False,False,False,False,True,False,False,2026-12-02,False,False,4,"LoD>60% ATR, >4x 50-MA",EMA,6,https://www.tradingview.com/chart/?symbol=NASDAQ:SMTC&interval=D,False,False,False
HNGE,"Hinge Health, Inc.",NYSE,Packaged Software,95.6,92.05,90.98,89.88,86.55,74.39,63.49,58.62,92.41,90.68,96.66,93.66,4.54,4.56,4.36,1647103.9,1774438.1666666667,169636289.0,159480588.0,0.39,-0.04,7714386761.497918,9.75,68,41.76,54,115.75,37,55.75,2.29,5.08,1.19,0.69,44.6,0.109,34.96,True,True,True,True,False,True,True,True,False,True,False,True,False,False,False,False,2026-11-03,False,False,5,thin RVOL,"EMA, near21, ADR",9,https://www.tradingview.com/chart/?symbol=NYSE:HNGE&interval=D,False,False,False
XMTR,"Xometry, Inc.",NASDAQ,Information Technology Services,98.3,89.86,89.61,89.95,90.87,86.76,72.66,70.03,90.69,90.17,99.74,94.5,4.15,4.77,4.69,621304.0,531389.9333333333,52235630.0,47798702.0,0.37,2.84,5634907395.853998,11.4,61,8.0,154,146.8,20,55.4,1.72,9.7,1.89,1.12,81.1,0.196,21.2,True,True,True,True,False,False,False,False,False,False,True,False,False,False,False,False,2026-11-05,False,True,3,"LoD>60% ATR, thin RVOL, large gap",EMA,5,https://www.tradingview.com/chart/?symbol=NASDAQ:XMTR&interval=D,False,False,True
PENG,"Penguin Solutions, Inc.",NASDAQ,Semiconductors,52.26,49.71,50.0,52.83,55.93,55.37,43.79,37.85,49.73,50.98,52.46,50.22,4.56,6.74,3.52,1100791.1,1426331.3333333333,74540075.0,75359741.0,0.44,5.43,2677943525.833333,-12.64,293,-17.62,281,195.92,11,55.22,-0.97,4.52,0.37,0.63,57.9,0.148,34.59,False,False,False,True,False,True,True,False,False,True,False,True,False,False,False,False,2026-10-06,False,True,4,"thin RVOL, large gap",near21,5,https://www.tradingview.com/chart/?symbol=NASDAQ:PENG&interval=D,False,False,True
OSCR,"Oscar Health, Inc.",NYSE,Managed Health Care,32.49,32.57,31.7,31.08,30.72,27.75,23.07,21.17,32.32,31.78,34.12,31.91,5.54,5.75,1.87,4751137.5,5543917.533333333,180121881.0,172282781.0,0.43,2.49,8885007661.313541,3.9,119,13.72,134,145.21,22,54.28,1.0,2.51,0.39,1.18,31.0,0.138,35.08,False,False,True,True,True,True,False,False,False,True,True,True,False,False,False,False,2026-11-10,False,True,4,"thin RVOL, large gap","EMA, near21",6,https://www.tradingview.com/chart/?symbol=NYSE:OSCR&interval=D,False,False,True
AYA,Aya Gold & Silver Inc.,NASDAQ,Precious Metals,28.26,28.28,27.92,27.54,24.58,21.68,20.06,18.99,27.79,27.39,28.72,27.77,5.32,6.14,1.74,1164600.9,1106647.4,31273856.0,30479652.0,0.44,4.82,4070462390.295109,9.41,73,41.02,58,111.84,40,54.09,2.44,1.23,0.52,0.55,28.2,0.154,32.87,False,False,True,True,True,True,True,True,False,True,False,True,False,False,False,False,2026-11-17,False,True,4,"thin RVOL, large gap","EMA, near21, ADR",8,https://www.tradingview.com/chart/?symbol=NASDAQ:AYA&interval=D,False,False,False
MRVL,"Marvell Technology, Inc.",NASDAQ,Semiconductors,241.52,226.76,227.85,225.2,215.94,222.03,181.94,157.65,228.25,225.64,247.89,240.0,4.21,6.2,14.97,17811632.1,22132604.1,5345355879.0,4984295642.0,0.66,4.51,211784515586.7896,9.52,71,-20.94,303,171.67,14,53.42,1.91,6.0,1.14,0.53,10.1,0.223,29.07,True,True,True,True,False,True,True,False,False,True,False,True,False,True,False,False,2026-11-26,False,True,5,large gap,"EMA, near21",8,https://www.tradingview.com/chart/?symbol=NASDAQ:MRVL&interval=D,False,False,True
ORKA,"Oruka Therapeutics, Inc.",NASDAQ,Pharmaceuticals: Major,94.56,92.96,95.51,99.31,96.09,82.86,70.58,60.76,93.83,95.22,97.04,94.05,5.04,5.27,4.98,651294.3,754552.9,71354295.0,74931505.0,0.23,1.48,6261119908.50727,-14.24,329,29.19,79,143.04,23,52.66,-0.3,-0.99,0.13,0.6,10.4,0.207,37.36,False,False,False,True,True,True,True,True,False,True,False,True,False,False,False,False,2026-11-18,False,False,5,thin RVOL,"near21, ADR",7,https://www.tradingview.com/chart/?symbol=NASDAQ:ORKA&interval=D,False,False,True
PANW,"Palo Alto Networks, Inc.",NASDAQ,Packaged Software,376.86,350.8,353.63,361.39,352.31,306.7,258.34,239.71,360.4,356.65,383.12,360.66,4.68,5.03,18.97,5891564.899999983,6005121.9999999935,2263120303.0,2170206052.0,0.39,-2.71,308275564990.8507,1.76,136,31.96,73,122.75,30,52.15,1.38,6.57,1.13,1.18,85.4,0.216,30.23,True,True,True,True,False,True,False,False,False,True,True,False,False,True,False,False,2026-11-12,False,True,4,"LoD>60% ATR, large gap","EMA, near21",6,https://www.tradingview.com/chart/?symbol=NASDAQ:PANW&interval=D,False,False,False
ANF,Abercrombie & Fitch Company,NYSE,Apparel/Footwear Retail,140.45,144.1,136.93,128.05,115.97,98.99,96.71,99.67,140.74,135.11,142.5,138.54,4.12,4.74,6.66,1408093.7,1986814.1,279048040.0,254401611.0,0.12,1.32,5959908585.458933,34.93,10,64.08,25,57.44,95,52.15,4.45,2.57,0.83,0.59,28.6,0.431,33.74,False,False,False,True,True,True,True,True,False,True,False,True,False,False,False,False,2026-11-24,False,False,4,">4x 50-MA, thin RVOL","near21, ADR",7,https://www.tradingview.com/chart/?symbol=NYSE:ANF&interval=D,True,False,False
VRNS,"Varonis Systems, Inc.",NASDAQ,Packaged Software,47.75,46.42,44.56,44.12,44.37,38.64,33.55,33.16,46.32,45.25,48.26,45.75,4.1,4.26,2.03,1993319.5999999982,1630974.6333333342,77879039.0,71957514.0,0.14,-0.24,5484587783.367195,10.58,65,44.39,50,101.37,48,52.12,1.79,7.16,1.3,1.24,98.4,0.215,27.78,True,True,True,True,False,True,False,False,False,True,True,False,False,False,False,False,2026-11-02,False,False,4,"LoD>60% ATR, thin RVOL","EMA, near21",6,https://www.tradingview.com/chart/?symbol=NASDAQ:VRNS&interval=D,False,False,False
OMER,Omeros Corporation,NASDAQ,Pharmaceuticals: Major,18.32,18.37,18.64,17.58,14.86,13.22,12.68,12.51,18.12,17.76,18.55,17.42,4.27,4.86,0.89,1376011.5,2090320.7333333334,38294676.0,36756200.0,1.06,1.04,1326153911.6770475,7.61,92,81.57,15,65.49,79,51.55,4.78,-1.69,0.65,1.27,101.0,0.14,33.46,False,False,True,True,True,True,False,False,False,True,True,False,False,False,False,False,2026-11-11,False,False,3,"LoD>60% ATR, >4x 50-MA, thin RVOL","EMA, near21",5,https://www.tradingview.com/chart/?symbol=NASDAQ:OMER&interval=D,False,True,False
DFTX,"Definium Therapeutics, Inc.",NASDAQ,Pharmaceuticals: Major,39.17,38.3,40.35,41.73,42.64,35.12,29.81,26.0,38.82,39.97,39.78,38.35,5.19,6.02,2.36,2312273.9999999986,2256684.7333333315,88394341.0,94180481.0,0.27,2.67,5263153557.237253,-13.61,319,57.94,32,109.91,42,51.42,-1.35,-2.94,0.33,0.61,34.8,0.276,42.48,False,False,False,True,True,True,True,True,False,True,False,True,False,False,False,False,2026-11-05,False,True,4,"thin RVOL, large gap","near21, ADR",7,https://www.tradingview.com/chart/?symbol=NASDAQ:DFTX&interval=D,False,False,False
HTFL,"Heartflow, Inc.",NASDAQ,Packaged Software,48.98,48.36,48.79,44.21,36.84,33.55,30.85,30.65,48.38,46.32,49.95,48.91,4.83,4.95,2.43,1765067.8,2118499.966666667,103764128.0,93664533.0,0.19,2.36,4258988658.4712214,18.02,37,46.34,45,89.04,57,51.13,6.66,0.39,1.16,0.43,2.9,0.11,37.03,True,True,True,True,True,True,True,True,False,True,False,True,False,False,False,False,2026-11-18,False,True,3,">4x 50-MA, thin RVOL, large gap","EMA, near21, ADR",10,https://www.tradingview.com/chart/?symbol=NASDAQ:HTFL&interval=D,False,False,False
WGS,GeneDx Holdings Corp.,NASDAQ,Medical/Nursing Services,102.37,89.91,88.18,84.76,76.63,65.75,68.52,82.43,91.85,87.44,102.85,98.39,4.54,4.87,4.98,512708.70000000123,541932.366666666,55477616.0,45934639.0,0.43,2.25,3052933391.6382675,34.01,12,78.34,18,40.75,126,51.04,6.9,16.1,3.51,0.9,79.9,0.214,23.6,True,True,True,True,False,False,True,False,False,False,False,False,False,False,False,False,2026-11-03,False,True,2,"LoD>60% ATR, >4x 50-MA, thin RVOL, large gap",EMA,6,https://www.tradingview.com/chart/?symbol=NASDAQ:WGS&interval=D,True,True,False
GH,"Guardant Health, Inc.",NASDAQ,Medical Specialties,180.69,166.17,165.79,164.7,160.71,141.01,124.4,119.9,169.18,165.86,181.5,175.45,4.67,4.48,8.1,1492614.2,1858821.9,335870529.0,306157261.0,0.35,1.48,24247904567.774273,12.43,54,36.39,63,103.62,46,50.81,2.77,8.99,2.0,0.75,64.7,0.147,25.61,True,True,True,True,False,False,True,True,False,True,False,False,False,True,False,False,2026-10-29,False,False,5,LoD>60% ATR,"EMA, ADR",7,https://www.tradingview.com/chart/?symbol=NASDAQ:GH&interval=D,False,False,False
ZETA,Zeta Global Holdings Corp.,NYSE,Packaged Software,30.78,30.97,30.24,29.56,26.46,22.98,20.94,20.62,30.71,29.9,31.5,30.47,4.42,4.52,1.39,4816960.1,7013778.8,215884111.0,207338991.0,0.26,0.29,7726198514.21329,7.77,91,65.57,24,78.95,69,50.77,3.62,1.77,0.65,0.74,22.3,0.167,33.62,False,False,True,True,True,True,True,False,False,True,False,True,False,False,False,False,2026-11-10,False,False,5,thin RVOL,"EMA, near21",7,https://www.tradingview.com/chart/?symbol=NYSE:ZETA&interval=D,False,False,False
CHYM,"Chime Financial, Inc.",NASDAQ,Packaged Software,31.28,33.0,32.92,32.45,28.39,23.61,22.69,23.32,32.62,32.14,32.18,31.24,4.48,4.89,1.53,7696086.1,9094056.433333334,284462085.0,295141539.0,0.22,2.32,11842141784.862719,0.19,147,87.31,13,63.6,85,50.37,2.08,-4.99,0.55,0.61,2.6,0.104,32.97,False,False,False,True,False,True,True,True,False,True,False,True,False,True,False,False,2026-11-11,False,True,5,large gap,"near21, ADR",6,https://www.tradingview.com/chart/?symbol=NASDAQ:CHYM&interval=D,False,True,False
QLYS,"Qualys, Inc.",NASDAQ,Packaged Software,181.91,172.16,176.32,179.76,168.0,138.24,122.73,125.95,175.66,174.74,184.39,176.98,5.37,5.54,10.08,739565.1,685518.1666666666,124702610.0,123230802.0,0.16,-1.22,6293176588.126789,-2.0,164,62.78,26,89.71,56,50.16,1.5,3.17,0.74,0.73,48.9,0.205,29.46,True,True,True,True,False,True,True,False,False,True,False,True,False,False,False,False,2026-11-04,False,False,5,thin RVOL,"EMA, near21",8,https://www.tradingview.com/chart/?symbol=NASDAQ:QLYS&interval=D,False,False,False
SNOW,Snowflake Inc.,NYSE,Packaged Software,342.65,334.83,328.59,328.94,309.16,257.22,225.34,222.33,331.91,327.59,344.66,328.77,4.22,4.8,16.43,6249162.6,4965355.066666666,1701378417.0,1633287328.0,0.3,0.9,120886876524.8479,4.74,112,47.22,44,97.33,49,49.76,2.26,4.28,0.96,0.97,84.4,0.127,32.83,True,True,True,True,False,True,True,False,False,True,False,False,False,True,False,False,2026-12-02,False,False,5,LoD>60% ATR,"EMA, near21",7,https://www.tradingview.com/chart/?symbol=NYSE:SNOW&interval=D,False,False,False
FTNT,"Fortinet, Inc.",NASDAQ,Information Technology Services,174.49,163.11,161.23,160.78,160.08,145.68,124.33,113.45,166.09,162.93,176.1,167.77,4.02,4.09,7.13,3447173.7000000714,4173990.7333333623,728319643.0,671109535.0,0.48,-0.98,128025693270.33441,11.85,58,21.61,102,110.33,41,47.93,2.2,8.22,1.74,1.17,94.2,0.194,28.46,True,True,True,True,False,False,False,False,False,False,True,False,False,True,False,False,2026-10-29,False,False,5,LoD>60% ATR,EMA,5,https://www.tradingview.com/chart/?symbol=NASDAQ:FTNT&interval=D,False,False,False
NAVN,"Navan, Inc.",NASDAQ,Packaged Software,22.3,23.79,26.3,27.18,26.68,23.61,19.52,18.26,23.6,25.21,22.81,22.03,5.98,6.74,1.5,5487388.9,3271485.6666666665,72954130.0,88915164.0,0.1,0.62,5812171633.173546,-22.57,410,4.45,170,158.7,19,46.86,-2.44,-15.2,1.71,0.52,18.0,0.494,37.78,False,False,False,True,False,False,True,True,False,True,False,True,False,False,False,False,2026-12-15,False,False,5,thin RVOL,ADR,5,https://www.tradingview.com/chart/?symbol=NASDAQ:NAVN&interval=D,False,False,True
APPN,Appian Corporation,NASDAQ,Packaged Software,38.53,36.91,38.45,37.38,32.83,27.65,26.48,28.19,37.49,37.01,38.75,36.24,5.22,5.52,2.13,947160.0,880521.5333333333,33926495.0,32910079.0,0.16,-0.24,2759838234.6053333,9.24,76,79.79,17,51.28,105,46.77,3.14,0.21,0.74,1.18,107.7,0.262,31.06,True,True,True,True,True,True,False,False,False,True,True,False,False,False,False,False,2026-10-29,False,False,4,"LoD>60% ATR, thin RVOL","EMA, near21",7,https://www.tradingview.com/chart/?symbol=NASDAQ:APPN&interval=D,False,True,False
FROG,JFrog Ltd.,NASDAQ,Packaged Software,95.37,90.39,92.22,91.54,88.85,81.63,69.1,66.9,92.12,91.41,96.81,91.85,5.8,5.83,5.56,1636512.3,2056834.6666666667,196160322.0,188277160.0,0.26,0.58,11759246789.137768,1.43,139,17.93,115,119.8,34,46.38,1.26,3.41,0.74,0.89,63.2,0.193,26.56,True,True,True,True,False,True,True,False,False,True,False,False,False,True,False,False,2026-11-04,False,False,5,LoD>60% ATR,"EMA, near21",7,https://www.tradingview.com/chart/?symbol=NASDAQ:FROG&interval=D,False,False,False
INSP,"Inspire Medical Systems, Inc.",NYSE,Medical Specialties,73.58,69.02,65.4,63.19,58.78,51.81,53.63,64.81,70.0,66.15,75.36,72.91,4.35,4.27,3.14,816052.1,597972.9666666667,44001841.0,37787805.0,0.15,1.09,2127369988.6271472,28.38,18,75.58,19,34.55,143,46.17,5.9,12.51,2.63,0.78,21.5,0.31,23.39,True,True,True,True,False,False,True,False,False,False,False,True,False,False,False,False,2026-11-09,False,False,4,">4x 50-MA, thin RVOL",EMA,7,https://www.tradingview.com/chart/?symbol=NYSE:INSP&interval=D,True,True,False
HPQ,HP Inc.,NYSE,Information Technology Services,33.32,33.02,31.57,30.95,28.91,26.01,23.67,23.25,32.89,31.78,33.41,32.56,4.63,4.63,1.54,14949060.999999994,15179131.000000102,505692749.0,469826993.0,0.24,0.95,30043168386.549995,12.4,55,44.85,48,80.77,67,46.0,3.3,5.51,1.04,0.55,49.0,0.226,29.33,True,True,True,True,False,True,True,True,False,True,False,True,False,True,False,False,2026-12-01,False,False,6,,"EMA, near21, ADR",9,https://www.tradingview.com/chart/?symbol=NYSE:HPQ&interval=D,False,False,False
SLS,"SELLAS Life Sciences Group, Inc.",NASDAQ,Pharmaceuticals: Major,11.44,12.66,13.34,12.98,12.54,10.44,8.56,7.24,12.34,12.71,11.8,11.25,8.5,9.38,1.07,6456932.8,6902106.533333333,78960099.0,89595095.0,0.33,-3.04,2310258883.5471697,-9.64,247,42.11,53,104.29,45,45.59,-0.93,-14.23,1.07,0.51,17.7,0.355,53.34,False,False,False,True,False,True,True,True,False,True,False,True,False,False,False,False,2026-11-18,False,True,4,"thin RVOL, large gap","near21, ADR",6,https://www.tradingview.com/chart/?symbol=NASDAQ:SLS&interval=D,False,False,False
TH,Target Hospitality Corp.,NASDAQ,Hotels/Resorts/Cruise lines,20.18,19.21,18.6,17.99,17.31,17.49,15.11,13.3,19.07,18.57,20.18,19.32,4.07,4.85,0.98,2554803.9,1725227.4,34815089.0,31037991.0,0.31,3.2,2010400654.109808,12.86,53,2.96,181,120.79,32,45.54,3.42,8.47,1.79,0.88,87.9,0.183,29.29,True,True,True,True,False,False,True,False,False,False,False,False,False,False,False,False,2026-11-11,False,True,3,"LoD>60% ATR, thin RVOL, large gap",EMA,6,https://www.tradingview.com/chart/?symbol=NASDAQ:TH&interval=D,False,False,False
S,"SentinelOne, Inc.",NYSE,Packaged Software,23.6,21.1,21.07,21.44,20.47,18.37,16.77,16.24,21.86,21.31,24.26,22.59,4.84,5.08,1.2,8637868.1,8294504.466666667,195791778.0,177816204.0,0.66,-1.81,8215699818.481873,9.03,78,60.03,30,64.15,83,44.41,3.01,12.03,2.12,1.39,84.8,0.261,20.57,True,True,True,True,False,False,False,False,False,False,True,False,False,False,False,False,2026-12-08,False,False,4,"LoD>60% ATR, thin RVOL",EMA,5,https://www.tradingview.com/chart/?symbol=NYSE:S&interval=D,False,False,False
FCEL,"FuelCell Energy, Inc.",NASDAQ,Electronic Equipment/Instruments,17.68,15.91,17.0,18.28,19.34,19.77,15.7,13.82,16.31,17.18,17.91,16.3,7.29,10.11,1.79,6626510.099999997,7575833.899999994,133978623.0,138502658.0,0.64,5.29,1413989904.9164517,-16.5,357,-14.48,264,163.96,18,44.32,-0.85,4.05,0.29,0.9,77.4,0.394,33.65,False,False,False,True,False,True,True,False,False,True,False,False,False,False,False,False,2026-12-17,False,True,3,"LoD>60% ATR, thin RVOL, large gap",near21,4,https://www.tradingview.com/chart/?symbol=NASDAQ:FCEL&interval=D,False,False,True
BB,BlackBerry Limited,NYSE,Packaged Software,8.11,7.75,7.87,8.17,8.59,8.47,6.88,6.13,7.83,7.98,8.19,7.73,4.05,4.8,0.39,8512651.9,9158392.733333342,74304788.0,74861710.0,0.62,2.62,4755208809.040337,-4.66,193,-9.8,239,146.6,21,44.05,-1.15,3.13,0.35,1.18,98.4,0.132,30.25,False,False,False,True,False,True,False,False,False,True,True,False,False,False,False,False,2026-09-24,False,True,3,"LoD>60% ATR, thin RVOL, large gap",near21,3,https://www.tradingview.com/chart/?symbol=NYSE:BB&interval=D,False,False,True
PI,"Impinj, Inc.",NASDAQ,Semiconductors,180.8,173.87,170.31,171.59,160.21,149.55,135.85,142.75,174.53,171.16,183.49,179.94,4.82,4.94,8.93,364226.7,381421.56666666665,68961019.0,65446601.0,0.24,2.87,5524237728.205417,8.17,87,41.44,56,81.91,66,43.84,2.6,6.16,1.14,0.4,9.6,0.139,21.03,True,True,True,True,False,True,True,True,False,True,False,True,False,False,False,False,2026-10-28,False,True,4,"thin RVOL, large gap","EMA, near21, ADR",9,https://www.tradingview.com/chart/?symbol=NASDAQ:PI&interval=D,False,False,False
PGY,Pagaya Technologies Ltd.,NASDAQ,Packaged Software,20.85,21.48,21.66,21.46,20.08,17.51,15.7,17.24,21.3,21.26,22.28,20.85,5.55,6.0,1.25,2005325.5999999954,2128510.6,44388386.0,45672459.0,0.48,2.4,1739779208.8073564,0.02,149,35.68,66,93.09,52,42.93,0.64,-3.71,0.32,1.14,0.3,0.162,28.58,False,False,False,True,False,True,False,False,False,True,True,True,False,False,False,False,2026-11-17,False,True,4,"thin RVOL, large gap",near21,4,https://www.tradingview.com/chart/?symbol=NASDAQ:PGY&interval=D,False,False,False
SMCI,"Super Micro Computer, Inc.",NASDAQ,Computer Processing Hardware,40.22,38.36,37.74,36.91,33.34,33.36,31.61,31.57,38.01,37.25,41.0,37.82,5.21,6.11,2.46,37050571.9,47949301.43333333,1928760650.0,1769848674.0,1.03,3.22,26426431841.782906,8.42,84,41.44,55,78.62,70,42.83,3.38,6.57,1.31,1.29,97.8,0.152,16.86,True,True,True,True,False,True,False,False,False,True,True,False,False,True,False,False,2026-11-03,False,True,4,"LoD>60% ATR, large gap","EMA, near21",6,https://www.tradingview.com/chart/?symbol=NASDAQ:SMCI&interval=D,False,False,False
MRX,Marex Group Limited,NASDAQ,Internet Software/Services,73.11,73.81,72.76,70.9,68.41,63.16,56.41,52.07,72.61,71.95,73.16,71.1,4.38,4.52,3.3,876862.6,730490.0666666667,53406129.0,51790041.0,0.2,0.64,5258865710.147416,3.34,120,17.92,116,106.41,44,42.55,1.52,0.48,0.36,0.62,60.8,0.129,29.75,False,False,True,True,True,True,True,True,False,True,False,False,False,False,False,False,2026-11-05,False,False,4,"LoD>60% ATR, thin RVOL","EMA, near21, ADR",7,https://www.tradingview.com/chart/?symbol=NASDAQ:MRX&interval=D,False,False,False
SWKS,"Skyworks Solutions, Inc.",NASDAQ,Semiconductors,89.48,81.41,74.38,72.5,68.01,69.44,65.37,64.7,82.15,76.85,89.48,84.44,5.93,5.39,4.82,7734673.2,6201398.533333333,554870134.0,449585890.0,0.26,1.36,13463551263.744303,34.0,13,25.3,90,65.33,80,41.54,5.86,20.29,3.05,1.05,104.5,0.457,18.68,True,True,True,True,False,False,False,False,False,False,True,False,False,True,False,False,2026-10-29,False,False,4,"LoD>60% ATR, >4x 50-MA",EMA,5,https://www.tradingview.com/chart/?symbol=NASDAQ:SWKS&interval=D,True,False,False
TENB,"Tenable Holdings, Inc.",NASDAQ,Packaged Software,36.71,34.45,34.83,35.53,35.69,31.27,27.31,26.39,35.22,35.09,37.94,35.04,6.45,6.84,2.51,6113140.5,4646490.9,170572681.0,165088273.0,0.16,-1.33,4043238698.5028872,4.08,118,36.57,62,83.18,63,41.28,0.42,5.41,0.67,1.16,66.6,0.236,25.33,True,True,True,True,False,True,False,False,False,True,True,False,False,False,False,False,2026-11-04,False,False,4,"LoD>60% ATR, thin RVOL","EMA, near21",6,https://www.tradingview.com/chart/?symbol=NASDAQ:TENB&interval=D,False,False,False
GRAL,"GRAIL, Inc.",NASDAQ,Medical Specialties,81.14,77.9,78.87,76.02,73.88,68.27,63.82,72.33,77.76,77.12,81.76,75.29,4.63,5.49,4.45,811084.8,793611.8333333334,64393664.0,60327462.0,0.67,0.24,3624218180.5887365,16.1,40,33.04,71,70.86,73,40.0,1.79,2.88,0.95,1.45,131.4,0.11,18.55,True,True,True,True,True,True,False,False,False,True,True,False,False,False,False,False,2026-11-18,False,False,4,"LoD>60% ATR, thin RVOL","EMA, near21",7,https://www.tradingview.com/chart/?symbol=NASDAQ:GRAL&interval=D,False,False,False
ESTC,Elastic N.V.,NYSE,Packaged Software,88.08,87.32,87.55,85.15,76.25,66.22,61.51,64.23,86.67,85.44,89.4,83.81,5.24,5.22,4.59,2187129.9,2816700.3666666667,248094968.0,239840158.0,0.25,0.54,9247631774.17476,4.72,113,51.86,38,63.11,86,39.9,2.97,0.6,0.59,1.22,92.9,0.247,29.56,True,True,True,True,True,True,False,False,False,True,True,False,False,False,False,False,2026-12-02,False,False,4,"LoD>60% ATR, thin RVOL","EMA, near21",7,https://www.tradingview.com/chart/?symbol=NYSE:ESTC&interval=D,False,False,False
BRKR,Bruker Corporation,NASDAQ,Medical Specialties,64.04,57.08,57.53,57.22,58.2,54.51,48.79,48.43,57.87,57.56,64.29,61.3,4.19,4.61,2.95,2129936.2,2008088.6,128587954.0,114907850.0,0.39,2.03,9756328375.003542,12.38,56,15.67,126,91.55,55,39.87,2.17,11.31,2.44,1.01,92.6,0.187,15.26,True,True,True,True,False,False,False,False,False,False,True,False,False,False,False,False,2026-10-29,False,True,3,"LoD>60% ATR, thin RVOL, large gap",EMA,5,https://www.tradingview.com/chart/?symbol=NASDAQ:BRKR&interval=D,False,False,False
PARR,"Par Pacific Holdings, Inc. Common Stock",NYSE,Oil Refining/Marketing,85.1,83.21,80.17,78.86,78.12,68.39,63.82,57.57,83.03,81.1,85.88,83.05,5.04,5.16,4.39,775934.9000000015,895050.966666667,76173313.0,70582973.0,0.28,-1.93,4263728956.017196,3.25,122,69.9,21,45.7,119,39.62,1.73,6.15,0.96,0.64,46.8,0.185,30.12,True,True,True,True,False,True,True,True,False,True,False,True,False,False,False,False,2026-11-09,False,False,5,thin RVOL,"EMA, near21, ADR",9,https://www.tradingview.com/chart/?symbol=NYSE:PARR&interval=D,False,True,False
SAIL,"SailPoint, Inc.",NASDAQ,Packaged Software,20.01,18.87,18.92,18.95,17.59,15.98,15.11,16.03,19.24,18.87,20.8,19.87,6.04,6.14,1.23,4996349.7,3816775.8333333335,76373684.0,72325358.0,0.31,-0.98,11423941880.625738,7.35,97,48.99,41,62.42,87,39.59,2.24,5.75,0.98,0.76,11.4,0.221,19.05,True,True,True,True,False,True,True,False,False,True,False,True,False,True,False,False,2026-12-15,False,False,6,,"EMA, near21",8,https://www.tradingview.com/chart/?symbol=NASDAQ:SAIL&interval=D,False,False,False
GO,Grocery Outlet Holding Corp.,NASDAQ,Food Retail,11.48,11.61,11.76,11.35,10.61,9.67,9.01,9.28,11.55,11.45,11.71,11.44,4.17,4.18,0.48,2221672.6,2713520.566666667,31164784.0,30787152.0,0.1,2.09,1137985435.3974695,1.01,142,20.01,107,97.0,50,39.34,1.97,-2.32,0.07,0.55,8.3,0.134,23.96,False,False,False,True,True,True,True,True,False,True,False,True,False,False,False,False,2026-11-10,False,True,4,"thin RVOL, large gap","near21, ADR",7,https://www.tradingview.com/chart/?symbol=NASDAQ:GO&interval=D,False,False,False
WDAY,"Workday, Inc.",NASDAQ,Information Technology Services,197.94,191.64,194.65,192.3,174.95,151.95,145.29,158.84,192.18,190.45,201.0,183.6,4.18,4.62,9.14,2408916.0,4163033.6333333333,824030877.0,800557612.0,0.81,-0.02,47703538604.215164,1.35,141,65.65,23,49.93,108,38.98,2.85,1.69,0.85,1.9,156.9,0.128,24.94,True,True,True,True,True,True,False,False,False,True,True,False,False,True,False,False,2026-12-01,False,False,5,LoD>60% ATR,"EMA, near21",7,https://www.tradingview.com/chart/?symbol=NASDAQ:WDAY&interval=D,False,True,False
NTAP,"NetApp, Inc.",NASDAQ,Computer Peripherals,198.37,189.58,188.79,192.39,183.84,163.54,142.88,133.92,190.95,189.53,198.68,192.2,4.37,4.26,8.45,2425842.2,2398512.2333333334,475792872.0,461440574.0,0.14,1.14,38963639406.42059,-1.65,163,25.04,91,93.06,53,38.82,1.85,5.07,1.09,0.77,73.0,0.101,28.06,True,True,True,True,False,True,True,True,False,True,False,False,False,True,False,False,2026-12-01,False,False,5,LoD>60% ATR,"EMA, near21, ADR",8,https://www.tradingview.com/chart/?symbol=NASDAQ:NTAP&interval=D,False,False,False
SYRE,"Spyre Therapeutics, Inc.",NASDAQ,Pharmaceuticals: Major,92.94,89.91,93.49,97.24,98.12,88.37,75.14,64.54,91.23,93.21,95.19,92.72,4.05,4.89,4.55,943365.9999999998,1023403.0333333333,95115078.0,99515029.0,0.3,1.85,8194869748.612043,-9.29,239,3.79,177,120.71,33,38.4,-1.08,-0.59,0.06,0.54,4.8,0.301,36.13,False,False,False,True,True,True,True,True,False,True,False,True,False,False,False,False,2026-11-05,False,False,5,thin RVOL,"near21, ADR",7,https://www.tradingview.com/chart/?symbol=NASDAQ:SYRE&interval=D,False,False,False
MANE,"Veradermics, Incorporated",NYSE,Pharmaceuticals: Major,109.08,101.4,100.99,104.2,106.87,106.04,89.99,,102.61,102.82,109.74,102.83,4.51,5.21,5.68,565759.8,598343.7666666667,65267338.0,62349216.0,0.48,3.07,4557377165.525482,2.52,129,16.55,123,95.83,51,38.3,0.4,8.01,1.17,1.22,110.0,0.12,15.47,False,True,False,False,False,True,False,False,False,True,True,False,False,False,False,False,2026-12-02,False,True,2,"LoD>60% ATR, thin RVOL, below 200-MA, large gap",near21,3,https://www.tradingview.com/chart/?symbol=NYSE:MANE&interval=D,False,False,False
TGTX,"TG Therapeutics, Inc.",NASDAQ,Pharmaceuticals: Major,56.71,55.2,55.01,53.2,53.5,48.95,43.16,39.93,55.09,54.48,57.87,56.04,4.07,4.24,2.41,1370661.1,1764433.8666666667,100061045.0,93866411.0,0.28,3.15,8680545362.986034,15.08,43,8.39,151,86.91,58,36.79,1.42,3.09,0.96,0.76,27.8,0.106,26.91,True,True,True,True,False,True,True,False,False,True,False,True,False,False,False,False,2026-11-09,False,True,4,"thin RVOL, large gap","EMA, near21",8,https://www.tradingview.com/chart/?symbol=NASDAQ:TGTX&interval=D,False,False,False
NET,"Cloudflare, Inc.",NYSE,Information Technology Services,332.61,309.45,299.04,301.38,290.75,259.8,239.24,227.21,314.77,305.02,336.9,318.0,4.67,5.09,16.92,2915700.3,3585140.433333333,1192453560.0,1080481258.0,0.36,-1.25,118435671584.44391,9.49,72,47.47,43,50.02,107,35.66,2.83,11.23,1.78,1.12,86.3,0.255,24.73,True,True,True,True,False,False,False,False,False,False,True,False,False,True,False,False,2026-10-29,False,False,5,LoD>60% ATR,EMA,5,https://www.tradingview.com/chart/?symbol=NYSE:NET&interval=D,False,False,False
BFLY,"Butterfly Network, Inc.",NYSE,Medical Specialties,8.04,7.46,8.04,8.38,7.99,6.79,5.87,5.34,7.66,7.87,8.08,7.36,6.23,7.34,0.59,3921629.6,4717341.7,37951014.0,39516385.0,0.63,2.89,2182489365.2961435,-11.1,269,11.58,139,101.63,47,34.04,0.09,0.08,0.3,1.22,116.0,0.363,33.51,True,True,False,True,True,True,False,False,False,True,True,False,False,False,False,False,2026-10-29,False,True,3,"LoD>60% ATR, thin RVOL, large gap",near21,6,https://www.tradingview.com/chart/?symbol=NYSE:BFLY&interval=D,False,False,False
AUGO,Aura Minerals Inc.,NASDAQ,Other Metals/Minerals,91.38,86.62,86.41,82.95,72.12,71.49,75.48,70.54,86.7,83.99,93.49,89.64,4.51,5.06,4.63,924118.7000000014,956834.5666666651,87435543.0,79365122.0,0.5,6.17,7656659787.649139,21.1,30,41.15,57,37.93,134,33.39,5.27,5.76,1.74,0.83,37.6,0.121,17.6,True,True,True,True,False,False,True,False,False,False,False,True,False,False,False,False,2026-11-05,False,True,3,">4x 50-MA, thin RVOL, large gap",EMA,7,https://www.tradingview.com/chart/?symbol=NASDAQ:AUGO&interval=D,False,False,False
SBET,"Sharplink, Inc.",NASDAQ,Advertising/Marketing Services,8.38,8.62,8.43,7.74,7.06,6.57,6.75,7.45,8.45,8.15,8.48,8.1,6.39,6.79,0.57,8147805.3,8528067.000000024,71465201.0,66047036.0,0.4,2.38,1820333791.1027567,32.59,14,55.47,36,9.11,220,32.39,2.76,-0.58,0.41,0.66,49.2,0.183,24.4,False,False,False,True,True,True,True,True,False,True,False,True,False,False,False,False,2026-11-12,False,True,4,"thin RVOL, large gap","near21, ADR",7,https://www.tradingview.com/chart/?symbol=NASDAQ:SBET&interval=D,True,False,False
QRVO,"Qorvo, Inc.",NASDAQ,Semiconductors,117.72,109.93,103.0,101.05,95.83,95.64,90.59,89.0,110.6,105.3,117.72,113.63,4.24,3.86,4.54,1481472.2,1128013.4333333333,132789741.0,113983125.0,0.19,0.82,10385450855.725191,23.92,25,22.12,98,50.33,106,32.12,5.92,14.29,3.06,0.9,90.1,0.323,17.78,True,True,True,True,False,False,True,False,False,False,False,False,False,True,False,False,2026-11-04,False,False,4,"LoD>60% ATR, >4x 50-MA",EMA,6,https://www.tradingview.com/chart/?symbol=NASDAQ:QRVO&interval=D,False,False,False
ASAN,"Asana, Inc.",NYSE,Packaged Software,9.74,9.18,9.49,9.39,8.73,7.86,7.48,8.69,9.39,9.3,9.87,9.36,4.78,5.98,0.58,8716232.4,5791990.3,56385026.0,54399338.0,0.48,-1.04,2229024032.4512954,7.93,88,39.27,60,48.4,113,31.87,1.92,2.59,0.77,0.88,64.5,0.235,20.68,True,True,True,True,True,True,True,False,False,True,False,False,False,False,False,False,2026-12-08,False,False,4,"LoD>60% ATR, thin RVOL","EMA, near21",8,https://www.tradingview.com/chart/?symbol=NYSE:ASAN&interval=D,False,False,False
CNH,CNH Industrial N.V.,NYSE,Trucks/Construction/Farm Machinery,13.48,13.76,12.82,12.05,11.49,11.02,11.11,10.91,13.46,12.85,13.87,13.44,4.8,4.28,0.58,19267259.900000002,21446928.766666666,289211834.0,258410470.0,0.15,2.0,16690735030.2071,31.18,16,28.92,80,33.51,146,31.2,4.05,5.18,1.15,0.74,7.7,0.335,21.1,False,False,True,True,False,True,True,True,False,True,False,True,False,True,False,False,2026-11-10,False,False,5,>4x 50-MA,"EMA, near21, ADR",7,https://www.tradingview.com/chart/?symbol=NYSE:CNH&interval=D,True,False,False
WIX,Wix.com Ltd.,NASDAQ,Packaged Software,80.97,78.37,81.88,77.99,68.62,62.53,67.92,74.35,80.15,78.57,81.99,78.61,6.0,5.92,4.8,1142928.1,1486061.8666666667,120326429.0,115892268.0,0.1,0.0,3388554904.260074,7.27,98,95.39,10,-9.05,301,31.2,3.04,-1.12,0.52,0.7,49.2,0.226,23.91,False,False,True,True,True,True,True,True,False,True,False,True,False,False,False,False,2026-11-05,False,False,5,thin RVOL,"EMA, near21, ADR",8,https://www.tradingview.com/chart/?symbol=NASDAQ:WIX&interval=D,False,True,False
BMNR,"BitMine Immersion Technologies, Inc.",NYSE,Financial Conglomerates,23.92,24.57,24.26,22.33,20.06,19.09,19.66,22.1,24.09,23.34,24.58,23.22,6.62,7.08,1.69,42118634.5,40972738.06666667,980067895.0,915044159.0,0.47,2.87,14429174657.459011,30.43,17,49.87,40,13.1,206,31.13,2.72,-1.4,0.35,0.8,41.1,0.19,22.92,False,False,False,True,True,True,True,False,False,True,False,True,False,True,False,False,2026-11-20,False,True,5,large gap,near21,6,https://www.tradingview.com/chart/?symbol=NYSE:BMNR&interval=D,True,False,False
SPSC,"SPS Commerce, Inc.",NASDAQ,Packaged Software,80.26,81.03,81.68,79.94,74.3,64.9,62.49,68.79,81.11,80.18,81.74,78.37,4.22,4.32,3.47,567219.1,527212.0333333333,42314038.0,42143309.0,0.13,-0.16,2889374094.2449183,2.9,126,51.09,39,38.45,133,30.81,1.86,-1.73,0.02,0.97,54.5,0.106,23.9,False,False,False,True,True,True,True,False,False,True,False,True,False,False,False,False,2026-10-22,False,False,5,thin RVOL,near21,6,https://www.tradingview.com/chart/?symbol=NASDAQ:SPSC&interval=D,False,False,False
MMED,"MiniMed Group, Inc.",NASDAQ,Medical Specialties,21.86,22.64,21.57,20.96,19.36,16.25,,,22.16,21.53,22.68,21.74,5.36,4.93,1.08,2288273.6,1882229.6666666667,41145541.0,39444946.0,0.22,0.76,6150309694.255358,11.82,60,51.91,37,27.76,155,30.5,2.62,1.34,0.31,0.87,11.1,0.282,29.21,False,False,False,False,True,True,True,False,False,True,False,True,False,False,False,False,2026-12-30,False,False,4,"thin RVOL, below 200-MA",near21,5,https://www.tradingview.com/chart/?symbol=NASDAQ:MMED&interval=D,False,False,False
ZS,"Zscaler, Inc.",NASDAQ,Packaged Software,194.77,177.56,177.91,178.28,166.56,154.43,152.09,168.53,182.73,178.16,198.93,188.66,4.61,5.1,9.94,4492544.5,3006692.066666667,585613414.0,536041079.0,0.3,0.22,31758164759.77038,5.12,109,57.91,33,27.51,157,30.18,3.32,9.48,1.83,1.03,61.4,0.236,13.26,True,True,True,True,False,False,False,False,False,False,True,False,False,True,False,False,2026-12-01,False,False,5,LoD>60% ATR,EMA,5,https://www.tradingview.com/chart/?symbol=NASDAQ:ZS&interval=D,False,False,False
ALAB,"Astera Labs, Inc.",NASDAQ,Semiconductors,280.18,281.73,284.39,295.29,307.39,311.78,252.54,230.43,277.99,286.73,292.78,278.25,5.99,8.14,22.8,3853224.5,3517746.4,985602186.0,1038738918.0,0.43,3.68,48607056074.70874,-7.84,228,-27.17,335,125.24,29,30.08,-1.09,-1.48,0.28,0.64,8.5,0.195,29.03,False,False,False,True,True,True,True,False,False,True,False,True,False,True,False,False,2026-11-10,False,True,5,large gap,near21,6,https://www.tradingview.com/chart/?symbol=NASDAQ:ALAB&interval=D,False,False,False
BE,Bloom Energy Corporation,NYSE,Electronic Production Equipment,280.78,263.64,237.29,232.23,225.26,253.49,223.61,198.01,260.11,246.26,288.0,275.53,5.25,6.72,18.87,14300061.2,12589514.266666668,3534885075.0,2923721691.0,0.48,4.86,82697413666.55705,27.19,20,-5.65,222,67.78,76,29.77,3.67,18.33,2.09,0.66,27.8,0.477,23.37,True,True,True,True,False,False,True,False,False,False,False,True,False,True,False,False,2026-10-29,False,True,5,large gap,EMA,7,https://www.tradingview.com/chart/?symbol=NYSE:BE&interval=D,True,False,False
GCT,GigaCloud Technology Inc,NASDAQ,Wholesale Distributors,52.99,52.04,51.28,51.42,46.54,41.51,41.91,41.45,51.98,50.98,53.06,51.62,4.71,4.55,2.41,491710.0,607372.7,32184679.0,31232623.0,0.24,1.86,1892285455.8799384,5.47,106,58.56,31,24.3,168,29.44,3.05,3.33,0.87,0.6,56.6,0.114,19.99,True,True,True,True,False,True,True,True,False,True,False,True,False,False,False,False,2026-11-26,False,False,5,thin RVOL,"EMA, near21, ADR",9,https://www.tradingview.com/chart/?symbol=NASDAQ:GCT&interval=D,False,False,False
DDOG,"Datadog, Inc.",NASDAQ,Packaged Software,238.38,223.56,226.51,232.55,244.46,230.03,193.56,178.88,228.18,230.18,239.04,227.36,4.29,5.06,12.07,3248542.8,4404478.533333333,1049939593.0,1024255610.0,0.18,-0.51,85596306157.82452,-4.18,185,6.4,163,86.0,59,29.41,-0.49,5.24,0.7,0.97,91.2,0.165,27.51,False,False,False,True,False,True,True,False,False,True,False,False,False,True,False,False,2026-11-05,False,False,5,LoD>60% ATR,near21,4,https://www.tradingview.com/chart/?symbol=NASDAQ:DDOG&interval=D,False,False,False
NOW,"ServiceNow, Inc.",NYSE,Packaged Software,139.32,137.93,136.45,132.23,122.14,111.63,109.38,117.54,138.02,134.67,140.54,136.0,4.02,4.61,6.43,12693246.7,16332421.766666668,2275433001.0,2159625242.0,0.31,-0.54,144056887545.91876,16.61,39,46.18,46,25.18,163,29.32,3.05,2.1,0.75,0.71,51.7,0.196,20.49,True,True,True,True,True,True,True,False,False,True,False,True,False,True,False,False,2026-10-28,False,False,6,,"EMA, near21",9,https://www.tradingview.com/chart/?symbol=NYSE:NOW&interval=D,False,False,False
P,"Everpure, Inc.",NYSE,Computer Peripherals,102.5,97.9,99.07,101.97,91.31,83.87,77.6,75.98,98.19,97.99,104.45,99.65,4.39,5.51,5.65,2489709.4,3257872.3333333335,333948204.0,332206871.0,0.44,2.5,34157460951.464092,-10.83,263,38.11,61,58.48,94,28.59,2.23,3.46,0.84,0.85,50.6,0.211,22.53,True,True,True,True,False,True,True,False,False,True,False,True,False,True,False,False,2026-12-02,False,True,5,large gap,"EMA, near21",8,https://www.tradingview.com/chart/?symbol=NYSE:P&interval=D,False,False,False
SNDK,Sandisk Corporation,NASDAQ,Computer Peripherals,1606.46,1633.24,1581.46,1536.8,1505.37,1579.79,1291.82,1060.29,1594.02,1576.53,1625.36,1564.5,5.28,6.94,111.49,9294382.4,12219139.6,19629620098.0,18778390029.0,0.51,2.93,235217004498.9578,-4.24,186,-21.43,304,107.9,43,27.41,0.97,1.58,0.27,0.55,37.6,0.222,35.67,False,False,True,True,True,True,True,True,False,True,False,True,False,True,False,False,2026-11-05,False,True,5,large gap,"EMA, near21, ADR",8,https://www.tradingview.com/chart/?symbol=NASDAQ:SNDK&interval=D,False,False,False
PRGO,Perrigo Company plc,NYSE,Pharmaceuticals: Major,13.51,13.96,14.17,13.76,12.46,11.68,11.61,12.23,13.82,13.73,13.81,13.27,4.2,4.22,0.57,2042271.0,2398610.8,32405232.0,32994491.0,0.2,1.55,1874772651.313885,4.24,116,34.43,68,40.58,127,26.42,1.99,-4.69,0.38,0.95,42.1,0.127,18.97,False,False,False,True,False,True,True,False,False,True,False,True,False,False,False,False,2026-11-11,False,False,5,thin RVOL,near21,5,https://www.tradingview.com/chart/?symbol=NYSE:PRGO&interval=D,False,False,False
WT,"WisdomTree, Inc.",NYSE,Investment Managers,22.28,23.57,23.82,23.34,21.98,20.11,18.72,17.46,23.15,23.23,22.8,22.1,5.07,4.47,1.0,2992287.2,2422825.5,53980552.0,56543094.0,0.3,1.98,3375689967.340521,-2.45,169,19.98,109,61.1,91,26.21,0.31,-6.45,0.91,0.7,17.6,0.152,28.52,False,False,False,True,False,True,True,True,False,True,False,True,False,False,False,False,2026-10-23,False,False,5,thin RVOL,"near21, ADR",6,https://www.tradingview.com/chart/?symbol=NYSE:WT&interval=D,False,False,False
SN,"SharkNinja, Inc.",NYSE,Electronics/Appliances,167.45,169.12,176.7,179.36,169.82,147.31,136.19,131.27,170.24,173.02,173.98,166.52,4.39,4.19,7.01,1861564.3,1704094.3666666667,285350602.0,305650342.0,0.21,1.37,23588940289.128483,-7.75,226,21.76,101,62.16,88,25.39,-0.33,-5.24,0.77,1.06,13.3,0.213,27.13,False,False,False,True,False,True,False,False,False,True,True,True,False,True,False,False,2026-11-05,False,False,6,,near21,4,https://www.tradingview.com/chart/?symbol=NYSE:SN&interval=D,False,False,False
RUM,RUM Group Inc.,NASDAQ,Internet Software/Services,8.64,8.12,8.62,8.18,7.31,7.4,6.77,6.7,8.23,8.17,8.9,8.43,7.16,7.83,0.68,6351605.5,5176091.033333333,44726603.0,42322481.0,0.4,4.34,4284295862.200843,8.69,82,2.14,186,64.59,82,25.14,2.33,0.26,0.73,0.7,31.9,0.339,22.2,True,True,True,True,True,True,True,False,False,True,False,True,False,False,False,False,2026-11-16,False,True,4,"thin RVOL, large gap","EMA, near21",9,https://www.tradingview.com/chart/?symbol=NASDAQ:RUM&interval=D,False,False,False
AEHR,Aehr Test Systems,NASDAQ,Electronic Production Equipment,88.66,87.52,88.67,98.77,92.19,93.91,78.95,65.46,87.55,90.4,90.45,86.31,7.46,10.5,9.31,3228841.9,2683799.2333333334,237945640.0,265074377.0,0.37,5.58,2895595339.4150743,-34.6,446,-25.78,330,135.05,26,24.89,-0.37,-0.01,0.18,0.44,25.3,0.367,32.09,False,False,False,True,True,True,True,True,False,True,False,True,False,False,False,False,2026-10-06,False,True,4,"thin RVOL, large gap","near21, ADR",7,https://www.tradingview.com/chart/?symbol=NASDAQ:AEHR&interval=D,False,False,False
DUOL,"Duolingo, Inc.",NASDAQ,Packaged Software,145.49,148.65,148.41,144.06,138.86,127.02,118.41,130.13,148.17,146.45,147.28,143.45,4.75,5.24,7.63,1144431.0,1267065.0666666667,184345297.0,182529592.0,0.2,-1.59,6806896872.093946,7.57,93,17.62,117,48.23,114,24.47,0.91,-1.97,0.13,0.5,26.7,0.149,20.78,False,False,False,True,True,True,True,True,False,True,False,True,False,False,False,False,2026-11-11,False,False,5,thin RVOL,"near21, ADR",7,https://www.tradingview.com/chart/?symbol=NASDAQ:DUOL&interval=D,False,False,False
GKOS,Glaukos Corporation,NYSE,Medical Specialties,164.22,173.07,177.29,179.34,170.83,150.94,138.28,132.22,171.3,174.1,166.36,162.77,4.01,4.12,6.77,685683.3,647430.2,106324225.0,116107219.0,0.2,0.4,9686637013.248455,-11.23,272,27.34,85,57.12,96,24.41,-0.94,-7.37,1.38,0.53,21.5,0.152,27.44,False,False,False,True,False,True,True,True,False,True,False,True,False,False,False,False,2026-11-04,False,False,5,thin RVOL,"near21, ADR",6,https://www.tradingview.com/chart/?symbol=NYSE:GKOS&interval=D,False,False,False
IT,"Gartner, Inc.",NYSE,Internet Software/Services,189.49,184.81,189.95,188.26,171.67,160.06,158.91,175.72,187.81,185.85,193.01,188.85,4.01,4.61,8.74,1058449.7,1208126.3,228927853.0,227441857.0,0.18,0.02,11966099801.1993,6.38,103,45.06,47,21.1,177,24.18,2.25,-0.24,0.43,0.48,7.3,0.198,16.38,False,False,True,True,True,True,True,True,False,True,False,True,False,True,False,False,2026-11-03,False,False,6,,"EMA, near21, ADR",8,https://www.tradingview.com/chart/?symbol=NYSE:IT&interval=D,False,False,False
SMCIP,"Super Micro Computer, Inc. - Depositary Shares Each Representing a 1/20th Interest in a Share of 7% Series A Mandatory Convertible Preferred Stock",NASDAQ,Computer Processing Hardware,67.13,64.68,63.71,62.62,57.41,,,,64.1,63.02,68.5,64.96,4.2,5.13,3.44,755795.4,632812.7,42480717.0,39624622.0,1.42,4.45,24209173732.0,7.56,94,32.69,72,32.28,148,24.18,3.3,5.37,1.27,1.03,63.0,0.136,10.83,False,True,True,False,False,True,False,False,False,True,True,False,False,True,True,False,2026-11-03,False,True,3,"LoD>60% ATR, below 200-MA, large gap","EMA, near21, RVOL",4,https://www.tradingview.com/chart/?symbol=NASDAQ:SMCIP&interval=D,False,False,False
SNAP,Snap Inc.,NYSE,Packaged Software,5.96,5.65,5.55,5.46,5.17,5.3,5.2,5.75,5.69,5.55,5.98,5.8,4.36,4.79,0.29,31522099.4,35123007.0,209508737.0,191871133.0,0.58,2.27,10087994359.755245,14.71,45,26.65,86,31.1,150,24.15,3.21,7.44,1.57,0.65,57.8,0.157,9.78,True,True,True,True,False,False,True,True,False,True,False,True,False,True,False,False,2026-10-15,False,True,5,large gap,"EMA, ADR",8,https://www.tradingview.com/chart/?symbol=NYSE:SNAP&interval=D,False,False,False
BLSH,Bullish,NYSE,Packaged Software,34.46,35.07,33.57,30.67,27.79,30.0,32.2,33.85,34.33,32.78,34.79,32.7,6.2,6.85,2.36,1518343.2,1621994.3666666667,55893764.0,49751968.0,0.33,3.68,5179399087.923126,40.71,8,43.28,51,-12.87,322,23.71,3.5,2.64,0.75,0.89,74.5,0.256,21.13,False,False,True,True,True,True,True,False,False,True,False,False,False,False,False,False,2026-11-25,False,True,3,"LoD>60% ATR, thin RVOL, large gap","EMA, near21",6,https://www.tradingview.com/chart/?symbol=NYSE:BLSH&interval=D,True,False,False
BLLN,"BillionToOne, Inc.",NASDAQ,Medical/Nursing Services,109.11,101.22,98.15,96.77,110.76,103.81,95.44,94.75,101.81,101.18,109.11,104.48,4.24,5.16,5.63,521348.5,698735.5666666667,76239038.0,67616291.0,0.22,1.69,5148577560.134061,17.17,38,6.96,158,45.71,118,23.28,-0.29,11.16,1.52,0.82,82.1,0.172,14.67,False,False,True,True,False,False,True,False,False,False,False,False,False,False,False,False,2026-12-15,False,False,4,"LoD>60% ATR, thin RVOL",EMA,4,https://www.tradingview.com/chart/?symbol=NASDAQ:BLLN&interval=D,False,False,False
ELF,"e.l.f. Beauty, Inc.",NYSE,Household/Personal Care,91.91,99.17,102.15,99.53,91.43,76.04,75.41,77.02,97.49,98.26,95.96,91.4,4.91,4.91,4.51,1429379.2,1870289.9333333333,171898348.0,186153698.0,0.25,2.36,5423425089.115297,-1.64,162,44.65,49,25.96,161,22.99,0.11,-10.02,1.32,1.01,11.3,0.212,29.1,False,False,False,True,False,True,False,False,False,True,True,True,False,False,False,False,2026-11-11,False,True,4,"thin RVOL, large gap",near21,4,https://www.tradingview.com/chart/?symbol=NYSE:ELF&interval=D,False,False,False
HUT,Hut 8 Corp.,NASDAQ,Data Processing Services,92.48,92.68,87.49,87.12,93.38,100.5,85.89,77.29,90.67,89.93,98.57,89.17,7.43,8.8,8.14,4515394.100000007,4697778.666666667,434450571.0,409258733.0,0.47,7.44,11399035568.969051,8.8,80,-25.04,320,84.44,62,22.74,-0.11,5.71,0.32,1.16,40.7,0.296,25.1,False,False,True,True,False,True,False,False,False,True,True,True,False,True,False,False,2026-11-18,False,True,5,large gap,"EMA, near21",5,https://www.tradingview.com/chart/?symbol=NASDAQ:HUT&interval=D,False,False,False
NWL,Newell Brands Inc.,NASDAQ,Industrial Machinery,5.66,5.9,5.95,5.99,5.74,5.1,4.76,4.58,5.83,5.89,5.87,5.65,5.22,5.17,0.29,6223171.6,6622657.7,37517356.0,39701729.0,0.15,2.11,2412723490.0439363,-6.05,206,12.85,137,60.03,92,22.27,-0.25,-4.84,0.73,0.75,5.1,0.125,24.27,False,False,False,True,False,True,True,True,False,True,False,True,False,False,False,False,2026-10-23,False,True,4,"thin RVOL, large gap","near21, ADR",6,https://www.tradingview.com/chart/?symbol=NASDAQ:NWL&interval=D,False,False,False
PTRN,Pattern Group Inc. - Series A,NASDAQ,Advertising/Marketing Services,19.63,19.87,20.39,20.81,22.76,21.06,17.99,16.77,19.92,20.48,20.1,19.46,4.24,5.2,1.02,1215829.2,1480706.7666666666,29066274.0,30807091.0,0.16,2.34,3482344048.1451116,-3.3,177,-4.66,219,73.87,72,21.97,-2.65,-3.72,0.8,0.63,16.7,0.138,30.51,False,False,False,True,False,True,True,False,False,True,False,True,False,False,False,False,2026-11-11,False,True,4,"thin RVOL, large gap",near21,5,https://www.tradingview.com/chart/?symbol=NASDAQ:PTRN&interval=D,False,False,False
RHI,Robert Half Inc.,NYSE,Personnel Services,37.09,38.97,41.75,42.05,40.58,34.9,31.55,30.76,38.96,40.29,37.48,36.51,4.16,4.43,1.64,1790127.6,1868908.0666666667,69317800.0,78585715.0,0.17,0.75,3796600351.9999995,-13.5,315,14.65,127,61.82,90,20.99,-1.94,-11.15,1.79,0.59,35.3,0.304,29.63,False,False,False,True,False,False,True,True,False,True,False,True,False,False,False,False,2026-10-27,False,False,5,thin RVOL,ADR,5,https://www.tradingview.com/chart/?symbol=NYSE:RHI&interval=D,False,False,False
MDB,"MongoDB, Inc.",NASDAQ,Packaged Software,400.32,374.03,397.77,408.81,377.57,350.13,325.13,344.15,384.23,389.89,403.0,372.0,4.53,5.41,21.66,1708475.5,1814977.2,726571673.0,741980829.0,0.25,-0.11,32248314947.21497,-7.05,217,20.01,108,49.18,110,20.71,1.11,0.64,0.49,1.43,130.7,0.303,18.14,True,True,False,True,True,True,False,False,False,True,True,False,False,True,False,False,2026-12-07,False,False,5,LoD>60% ATR,near21,6,https://www.tradingview.com/chart/?symbol=NASDAQ:MDB&interval=D,False,False,False
AUR,"Aurora Innovation, Inc.",NASDAQ,Packaged Software,6.5,6.42,6.11,6.33,6.31,6.49,5.83,5.45,6.35,6.3,6.57,6.36,4.63,5.22,0.34,28928172.2,28950469.033333335,188105673.0,183365033.0,0.25,2.52,13021939676.030266,0.27,146,5.14,167,56.19,98,20.53,0.56,6.32,0.62,0.62,40.6,0.227,15.92,True,True,True,True,False,True,True,True,False,True,False,True,False,True,False,False,2026-11-04,False,True,5,large gap,"EMA, near21, ADR",9,https://www.tradingview.com/chart/?symbol=NASDAQ:AUR&interval=D,False,False,False
HOOD,"Robinhood Markets, Inc.",NASDAQ,Investment Banks/Brokers,107.3,114.18,109.93,104.83,103.03,95.68,89.16,94.91,110.35,108.56,110.55,106.08,5.82,6.16,6.61,24682385.8,20479874.233333334,2197490505.0,2146939349.0,0.43,5.44,96471527813.09805,14.83,44,-0.49,197,46.79,116,20.38,0.67,-2.4,0.19,0.68,18.4,0.245,23.33,False,False,False,True,True,True,True,True,False,True,False,True,False,True,False,False,2026-11-04,False,True,5,large gap,"near21, ADR",7,https://www.tradingview.com/chart/?symbol=NASDAQ:HOOD&interval=D,False,False,False
W,Wayfair Inc.,NYSE,Specialty Stores,103.76,100.8,101.05,101.88,97.46,86.14,82.99,88.05,101.69,100.84,107.42,101.66,4.14,4.7,4.87,2239636.8,2350550.1333333333,243904835.0,239475223.0,0.23,3.64,14212500798.360521,2.1,134,22.29,97,36.3,138,20.23,1.38,2.69,0.62,1.18,43.3,0.133,17.41,True,True,True,True,True,True,False,False,False,True,True,True,False,True,False,False,2026-10-29,False,True,5,large gap,"EMA, near21",8,https://www.tradingview.com/chart/?symbol=NYSE:W&interval=D,False,False,False
SRPT,"Sarepta Therapeutics, Inc.",NASDAQ,Pharmaceuticals: Major,20.62,21.14,20.7,19.79,18.56,18.29,18.61,19.27,20.74,20.35,20.88,19.97,6.48,6.39,1.32,2822167.7,2954825.066666667,60928493.0,58482883.0,0.26,2.38,2178029214.8026314,13.48,50,20.94,104,23.62,170,19.35,1.74,-0.38,0.2,0.69,49.3,0.26,13.85,False,False,False,True,True,True,True,True,False,True,False,True,False,False,False,False,2026-11-04,False,True,4,"thin RVOL, large gap","near21, ADR",7,https://www.tradingview.com/chart/?symbol=NASDAQ:SRPT&interval=D,False,False,False
INFQ,"Infleqtion, Inc.",NYSE,Computer Processing Hardware,13.88,13.05,13.16,12.86,11.73,12.76,12.52,13.27,13.09,12.9,13.96,13.25,5.49,6.4,0.89,7397535.2,8774578.2,121835018.0,112860087.0,0.45,3.5,3129082543.00662,9.16,77,2.17,185,46.16,117,19.16,2.87,5.54,1.19,0.8,71.5,0.162,11.07,True,True,True,True,False,True,True,False,False,True,False,False,False,False,False,False,2026-12-02,False,True,3,"LoD>60% ATR, thin RVOL, large gap","EMA, near21",7,https://www.tradingview.com/chart/?symbol=NYSE:INFQ&interval=D,False,False,False
AFRM,"Affirm Holdings, Inc.",NASDAQ,Finance/Rental/Leasing,70.42,71.38,73.54,74.35,75.19,72.79,65.4,66.68,71.77,72.93,74.51,69.92,5.87,5.31,3.74,3849167.1,4783962.533333333,336886642.0,355676452.0,0.42,3.41,23761205174.651302,-2.03,165,-2.07,201,59.9,93,18.6,-1.2,-4.25,0.65,1.23,13.4,0.165,13.9,False,False,False,True,False,True,False,False,False,True,True,True,False,True,False,False,2026-11-11,False,True,5,large gap,near21,4,https://www.tradingview.com/chart/?symbol=NASDAQ:AFRM&interval=D,False,False,False
MNDY,monday.com Ltd.,NASDAQ,Packaged Software,90.72,90.01,92.72,91.38,87.92,82.26,78.56,92.63,91.47,91.17,93.71,89.47,5.09,6.02,5.46,1162486.3,1376532.2666666666,124879007.0,125788436.0,0.3,-1.61,3835107750.5115876,7.92,89,25.3,89,22.0,174,18.41,0.53,-2.16,0.08,0.78,22.9,0.228,15.61,False,False,False,False,True,True,True,False,False,True,False,True,False,False,False,False,2026-11-16,False,False,4,"thin RVOL, below 200-MA",near21,5,https://www.tradingview.com/chart/?symbol=NASDAQ:MNDY&interval=D,False,False,False
EAT,"Brinker International, Inc.",NYSE,Restaurants,205.35,215.77,226.86,229.04,216.09,182.84,170.88,166.7,214.84,220.11,214.64,205.01,4.22,4.57,9.39,1089664.9,1026621.0,210816622.0,235135563.0,0.3,-0.21,8576444999.382506,-14.41,334,27.54,83,41.99,124,18.37,-1.09,-9.48,1.47,1.03,3.6,0.246,29.3,False,False,False,True,False,True,False,False,False,True,True,True,False,False,False,False,2026-11-04,False,False,5,thin RVOL,near21,4,https://www.tradingview.com/chart/?symbol=NYSE:EAT&interval=D,False,False,False
BSP,Bending Spoons S.p.A.,NASDAQ,Packaged Software,39.17,39.54,40.76,41.92,38.83,,,,39.76,40.19,40.46,39.04,6.23,7.36,2.88,1628672.6,1885319.8333333333,73847978.0,79027580.0,0.21,1.25,24881539997.991325,2.3,131,26.35,88,26.35,159,18.34,0.12,-3.89,0.35,0.49,4.5,0.184,4.92,False,False,False,False,False,True,True,True,False,True,False,True,False,True,False,True,2026-12-02,False,False,5,below 200-MA,"near21, ADR",6,https://www.tradingview.com/chart/?symbol=NASDAQ:BSP&interval=D,False,False,False
BULL,Webull Corporation,NASDAQ,Packaged Software,7.77,9.04,9.04,8.62,8.16,7.45,6.85,7.18,8.68,8.73,7.96,7.68,6.07,6.74,0.52,15083345.8,16442930.966666667,127761574.0,141738065.0,0.5,3.38,4116269422.353706,-2.63,172,8.67,149,48.85,112,18.3,-0.71,-14.07,1.63,0.52,16.2,0.253,28.18,False,False,False,True,False,False,True,True,False,True,False,True,False,False,False,False,2026-11-19,False,True,4,"thin RVOL, large gap",ADR,5,https://www.tradingview.com/chart/?symbol=NASDAQ:BULL&interval=D,False,False,False
SHAZ,"SharonAI Holdings, Inc.",NASDAQ,Data Processing Services,55.45,55.08,56.15,58.75,60.02,63.03,,,54.75,56.5,56.58,53.0,7.87,10.19,5.65,1492374.7,1676197.2333333334,92945137.0,98468486.0,0.49,5.67,1985304308.6525574,-25.34,423,-38.24,400,116.6,36,17.67,-0.75,-1.25,0.18,0.63,43.4,0.224,14.34,False,False,False,False,True,True,True,False,False,True,False,True,False,False,False,False,2026-11-04,False,True,3,"thin RVOL, below 200-MA, large gap",near21,5,https://www.tradingview.com/chart/?symbol=NASDAQ:SHAZ&interval=D,False,False,False
TGB,Trekor Metals Limited,AMEX,Other Metals/Minerals,8.36,8.3,8.68,8.63,8.07,7.57,7.46,7.21,8.28,8.39,8.39,8.19,4.24,5.39,0.45,4623874.6,5411960.8,45243451.0,46692576.0,0.25,3.9,3059918419.897829,-2.22,166,13.74,133,40.03,129,17.18,0.67,-3.68,0.07,0.44,37.7,0.254,17.57,False,False,False,True,False,True,True,True,False,True,False,True,False,False,False,False,2026-11-04,False,True,4,"thin RVOL, large gap","near21, ADR",6,https://www.tradingview.com/chart/?symbol=AMEX:TGB&interval=D,False,False,False
VSXY,Victorias Secret & Co.,NYSE,Apparel/Footwear Retail,78.08,75.16,81.05,84.56,84.75,74.75,67.16,64.42,76.77,79.88,78.38,74.34,4.87,5.44,4.24,2488502.7,1831596.3,143020197.0,154888025.0,0.16,1.1,6228374837.042186,-7.61,224,-3.17,212,61.93,89,17.05,-1.45,-3.66,0.41,0.95,88.2,0.306,26.04,False,False,False,True,False,True,True,False,False,True,False,False,False,False,False,False,2026-12-02,False,False,4,"LoD>60% ATR, thin RVOL",near21,4,https://www.tradingview.com/chart/?symbol=NYSE:VSXY&interval=D,False,False,False
COHU,"Cohu, Inc.",NASDAQ,Semiconductors,54.28,52.36,51.04,52.62,52.03,53.32,46.52,41.55,52.11,51.96,54.34,53.02,5.38,6.93,3.76,949929.8,932590.3,50621001.0,49071658.0,0.21,4.25,2569530175.153153,-7.66,225,-20.59,301,79.02,68,16.93,0.62,6.35,0.65,0.35,33.5,0.28,21.67,True,True,True,True,False,True,True,True,False,True,False,True,False,False,False,False,2026-10-29,False,True,4,"thin RVOL, large gap","EMA, near21, ADR",9,https://www.tradingview.com/chart/?symbol=NASDAQ:COHU&interval=D,False,False,False
IOT,Samsara Inc.,NYSE,Packaged Software,40.07,39.99,39.89,39.84,38.53,35.23,33.51,33.79,40.2,39.78,41.06,39.88,5.64,5.84,2.34,10087412.5,6678923.0,267624445.0,266077161.0,0.07,-0.45,23465200828.16552,1.44,138,28.47,81,20.66,179,16.86,0.68,0.45,0.12,0.5,8.1,0.139,16.17,True,True,False,True,True,True,True,True,False,True,False,True,False,True,False,False,2026-11-26,False,False,6,,"near21, ADR",9,https://www.tradingview.com/chart/?symbol=NYSE:IOT&interval=D,False,False,False
BETA,"Beta Technologies, Inc.",NYSE,Aerospace & Defense,21.22,20.82,21.42,22.55,20.96,18.88,18.31,20.36,20.87,21.24,21.33,20.55,6.44,7.07,1.5,2620410.8,2298128.933333333,48766296.0,51828936.0,0.22,3.9,4964229332.372161,-15.09,340,33.12,69,32.38,147,16.8,0.17,-0.92,0.02,0.52,44.7,0.293,14.65,False,False,False,True,True,True,True,True,False,True,False,True,False,False,False,False,2026-12-03,False,True,4,"thin RVOL, large gap","near21, ADR",7,https://www.tradingview.com/chart/?symbol=NYSE:BETA&interval=D,False,False,False
ERO,Ero Copper Corp.,NYSE,Other Metals/Minerals,33.72,34.9,36.4,35.75,31.94,29.86,29.47,29.43,34.51,34.82,33.89,33.0,4.99,5.99,2.02,1266265.9,1638148.0,55238351.0,58562699.0,0.39,3.47,3517084977.483056,-0.77,155,10.67,142,40.32,128,16.74,0.93,-7.37,0.53,0.44,35.7,0.269,20.67,False,False,False,True,False,True,True,True,False,True,False,True,False,False,False,False,2026-11-10,False,True,4,"thin RVOL, large gap","near21, ADR",6,https://www.tradingview.com/chart/?symbol=NYSE:ERO&interval=D,False,False,False
TARS,"Tarsus Pharmaceuticals, Inc.",NASDAQ,Pharmaceuticals: Major,77.96,81.82,77.6,74.75,68.47,65.51,66.68,68.8,79.23,77.06,79.78,77.6,4.84,4.24,3.3,768369.7,781983.9,60963465.0,58454209.0,0.1,1.17,3421118310.483256,10.22,67,23.0,95,16.79,192,16.67,3.27,0.46,0.27,0.66,10.9,0.29,20.92,False,False,False,True,True,True,True,True,False,True,False,True,False,False,False,False,2026-11-10,False,False,5,thin RVOL,"near21, ADR",7,https://www.tradingview.com/chart/?symbol=NASDAQ:TARS&interval=D,False,False,False
CCC,CCC Intelligent Solutions Holdings Inc.,NASDAQ,Packaged Software,6.46,6.85,7.13,7.07,6.66,5.74,5.72,6.18,6.77,6.89,6.49,6.24,4.61,4.92,0.32,11988150.5,9948422.666666666,64316553.0,70376800.0,0.22,-0.32,3807850624.175355,-4.08,184,47.6,42,5.81,236,16.44,-0.6,-9.35,1.26,0.79,70.8,0.212,21.87,False,False,False,True,False,True,True,False,False,True,False,False,False,False,False,False,2026-10-29,False,False,4,"LoD>60% ATR, thin RVOL",near21,4,https://www.tradingview.com/chart/?symbol=NASDAQ:CCC&interval=D,False,False,False
BRZE,"Braze, Inc.",NASDAQ,Internet Software/Services,25.1,26.84,29.58,29.17,27.53,24.95,23.39,24.64,26.61,27.87,25.25,24.23,5.54,6.72,1.69,3509597.7,2829712.8666666667,71011644.0,82538480.0,0.16,-0.68,2850401288.911942,-11.01,267,24.48,93,33.56,145,15.67,-1.31,-15.17,1.48,0.6,51.3,0.511,24.68,False,False,False,True,False,True,True,True,False,True,False,True,False,False,False,False,2026-12-15,False,False,5,thin RVOL,"near21, ADR",6,https://www.tradingview.com/chart/?symbol=NASDAQ:BRZE&interval=D,False,False,False
OMDA,"Omada Health, Inc.",NASDAQ,Internet Software/Services,20.05,20.99,22.41,22.82,22.4,20.01,17.68,17.07,20.9,21.73,20.32,19.81,5.54,5.65,1.13,1138269.9,1330439.6,26675314.0,30358414.0,0.13,1.21,1227394879.6457489,-14.37,333,15.9,124,43.93,122,15.15,-1.85,-10.52,1.37,0.45,21.2,0.297,26.62,False,False,False,True,False,True,True,True,False,True,False,True,False,False,False,False,2026-11-05,False,False,5,thin RVOL,"near21, ADR",6,https://www.tradingview.com/chart/?symbol=NASDAQ:OMDA&interval=D,False,False,False
TDW,Tidewater Inc.,NYSE,Marine Shipping,88.74,91.61,92.87,92.09,85.5,80.87,80.6,74.88,91.08,91.03,89.75,88.35,4.24,4.18,3.71,584273.6,596159.4,52903185.0,54902704.0,0.25,0.86,4415367705.168424,-6.18,207,31.76,74,19.52,184,15.03,0.91,-4.45,0.6,0.38,10.5,0.126,20.28,False,False,False,True,False,True,True,True,False,True,False,True,False,False,False,False,2026-11-11,False,False,5,thin RVOL,"near21, ADR",6,https://www.tradingview.com/chart/?symbol=NYSE:TDW&interval=D,False,False,False
CF,"CF Industries Holdings, Inc.",NYSE,Chemicals: Agricultural,133.49,134.4,131.9,127.34,124.98,120.25,119.08,110.3,133.26,130.95,134.5,130.0,4.06,4.03,5.39,2305081.300000006,2536009.633333349,338531926.0,322933776.0,0.17,-1.3,20202126413.707474,10.86,63,27.42,84,6.32,235,14.87,1.69,1.21,0.48,0.84,64.8,0.13,18.06,False,False,True,True,True,True,True,False,False,True,False,False,False,True,False,False,2026-11-04,False,False,5,LoD>60% ATR,"EMA, near21",6,https://www.tradingview.com/chart/?symbol=NYSE:CF&interval=D,False,False,False
RIOT,"Riot Platforms, Inc.",NASDAQ,Information Technology Services,21.76,21.25,20.52,20.29,20.56,22.56,20.18,18.94,20.84,20.68,21.86,20.65,6.01,7.19,1.56,13813109.9,18671964.066666666,406395298.0,378860375.0,0.47,4.72,8167511018.407371,11.84,59,-23.55,315,55.13,100,14.48,0.81,6.05,0.73,0.78,71.3,0.232,16.6,False,True,True,True,False,True,True,False,False,True,False,False,False,False,False,False,2026-11-10,False,True,3,"LoD>60% ATR, thin RVOL, large gap","EMA, near21",6,https://www.tradingview.com/chart/?symbol=NASDAQ:RIOT&interval=D,False,False,False
STX,Seagate Technology Holdings PLC,NASDAQ,Computer Peripherals,803.13,829.44,829.39,845.97,843.96,850.1,712.71,616.38,817.36,831.03,816.68,783.01,5.02,6.32,50.76,3440297.5,3763422.3,3022517352.0,3183739854.0,0.41,3.3,182626154950.1303,-13.6,318,-29.14,348,85.27,60,14.18,-0.77,-3.17,0.53,0.66,39.6,0.157,29.1,False,False,False,True,False,True,True,False,False,True,False,True,False,True,False,False,2026-10-28,False,True,5,large gap,near21,5,https://www.tradingview.com/chart/?symbol=NASDAQ:STX&interval=D,False,False,False
AXGN,"Axogen, Inc.",NASDAQ,Medical Specialties,46.23,45.38,47.67,47.86,45.18,43.86,40.26,38.26,45.74,46.49,46.89,45.28,4.89,5.22,2.41,1471484.6,1038249.9333333333,47998294.0,49686835.0,0.12,1.03,2712383945.5536976,-6.42,209,1.6,189,47.32,115,14.17,0.45,-3.03,0.11,0.67,39.4,0.247,20.37,False,False,False,True,False,True,True,True,False,True,False,True,False,False,False,False,2026-11-10,False,False,5,thin RVOL,"near21, ADR",6,https://www.tradingview.com/chart/?symbol=NASDAQ:AXGN&interval=D,False,False,False
AI,"C3.ai, Inc.",NYSE,Packaged Software,10.77,10.65,10.46,10.35,9.8,9.74,9.51,10.5,10.64,10.45,10.9,10.5,4.55,4.61,0.5,5333153.9,4889988.0,52665171.0,50619526.0,0.16,0.66,1693904175.2187498,11.38,62,4.36,171,25.52,162,13.75,2.15,2.91,0.66,0.81,54.4,0.129,10.67,True,True,True,True,True,True,True,False,False,True,False,True,False,False,False,False,2026-12-09,False,False,5,thin RVOL,"EMA, near21",9,https://www.tradingview.com/chart/?symbol=NYSE:AI&interval=D,False,False,False
ARXS,"Arxis, Inc.",NASDAQ,Aerospace & Defense,49.66,51.49,52.12,53.95,50.6,45.23,,,50.96,51.8,51.82,49.66,4.32,4.81,2.39,712622.7,583913.1666666666,29000047.0,31504159.0,0.3,2.38,21396989371.187943,-12.87,298,22.9,96,30.7,152,13.58,-0.38,-4.72,0.86,0.9,0.0,0.117,13.88,False,False,False,False,False,True,True,False,False,True,False,True,False,True,False,False,2026-12-02,False,True,4,"below 200-MA, large gap",near21,4,https://www.tradingview.com/chart/?symbol=NASDAQ:ARXS&interval=D,False,False,False
MSTR,Strategy Inc,NASDAQ,Internet Software/Services,130.3,133.94,129.47,118.64,109.58,124.99,129.31,137.12,130.44,125.85,133.12,127.79,5.82,6.43,8.38,21699491.3,24648959.766666666,3211759458.0,2924270424.0,0.42,2.95,50064584107.07164,35.96,9,10.76,141,-6.57,294,13.38,2.94,0.64,0.55,0.64,30.0,0.237,21.14,False,False,False,False,True,True,True,True,False,True,False,True,False,True,False,False,2026-11-04,False,True,4,"below 200-MA, large gap","near21, ADR",6,https://www.tradingview.com/chart/?symbol=NASDAQ:MSTR&interval=D,True,False,False
BHVN,Biohaven Ltd.,NYSE,Pharmaceuticals: Major,13.32,13.71,14.38,14.39,14.45,13.0,12.04,11.86,13.43,13.98,13.4,12.05,7.46,8.2,1.09,2994025.1,3018912.4,40211913.0,43456238.0,0.48,1.33,2011903192.153078,-6.85,213,-2.7,208,49.66,109,13.37,-0.96,-7.4,0.57,1.24,116.3,0.394,19.48,False,False,False,True,False,True,False,False,False,True,True,False,False,False,False,False,2026-11-17,False,False,4,"LoD>60% ATR, thin RVOL",near21,3,https://www.tradingview.com/chart/?symbol=NYSE:BHVN&interval=D,False,False,False
PATH,"UiPath, Inc.",NYSE,Packaged Software,13.82,14.5,15.93,15.81,14.32,12.58,12.05,12.91,14.59,15.08,14.0,13.4,6.25,6.7,0.93,60166333.2,64575653.13333333,892441984.0,1020704514.0,0.31,-1.21,7202423827.719223,-10.2,257,35.49,67,14.4,201,13.23,-0.52,-13.23,1.25,0.65,45.4,0.461,28.05,False,False,False,True,False,True,True,True,False,True,False,True,False,False,False,False,2026-12-09,False,False,5,thin RVOL,"near21, ADR",6,https://www.tradingview.com/chart/?symbol=NYSE:PATH&interval=D,False,False,False
ACHC,"Acadia Healthcare Company, Inc.",NASDAQ,Medical/Nursing Services,28.56,28.12,28.37,29.01,30.27,28.13,26.56,23.44,28.2,28.57,28.87,28.16,4.41,4.88,1.39,1046858.3,1404202.0,40104009.0,40729815.0,0.18,1.67,2658943786.0482955,-3.87,182,19.47,110,23.08,172,12.89,-1.16,0.66,0.01,0.51,28.7,0.126,23.92,False,False,False,True,True,True,True,True,False,True,False,True,False,False,False,False,2026-11-04,False,False,5,thin RVOL,"near21, ADR",7,https://www.tradingview.com/chart/?symbol=NASDAQ:ACHC&interval=D,False,False,False
HBM,Hudbay Minerals Inc.,NYSE,Other Metals/Minerals,26.54,26.88,28.0,27.73,25.59,25.52,24.77,23.97,26.66,27.02,26.6,25.96,4.18,5.26,1.4,3244272.5,4130922.566666676,109634685.0,114546352.0,0.3,2.81,11787601834.588268,-0.3,152,-6.88,228,44.87,121,12.56,0.7,-5.22,0.34,0.46,41.6,0.24,15.2,False,False,False,True,False,True,True,True,False,True,False,True,False,True,False,False,2026-11-04,False,True,5,large gap,"near21, ADR",6,https://www.tradingview.com/chart/?symbol=NYSE:HBM&interval=D,False,False,False
SVM,Silvercorp Metals Inc.,AMEX,Precious Metals,12.22,12.08,12.4,12.23,11.14,11.52,11.51,11.05,11.96,12.01,12.26,11.71,4.63,5.44,0.66,1651653.2,2457158.1666666665,30026473.0,30054321.0,0.54,5.1,2703141098.727739,4.89,110,3.04,180,29.72,153,12.55,1.77,-1.42,0.32,0.83,76.7,0.187,11.04,False,False,False,True,True,True,True,False,False,True,False,False,False,False,False,False,2026-11-05,False,True,3,"LoD>60% ATR, thin RVOL, large gap",near21,5,https://www.tradingview.com/chart/?symbol=AMEX:SVM&interval=D,False,False,False
AGCO,AGCO Corporation,NYSE,Trucks/Construction/Farm Machinery,121.34,124.38,118.94,112.85,113.03,114.24,117.19,115.8,121.83,118.85,121.69,119.23,4.17,3.79,4.6,1088101.5,1079127.0666666667,130946674.0,121784705.0,0.4,1.5,8497999386.47385,20.44,32,7.51,155,9.28,218,12.41,1.94,2.02,0.55,0.53,46.0,0.258,9.35,False,False,False,True,True,True,True,True,False,True,False,True,False,False,False,False,2026-11-03,False,False,5,thin RVOL,"near21, ADR",7,https://www.tradingview.com/chart/?symbol=NYSE:AGCO&interval=D,False,False,False
VSAT,"ViaSat, Inc.",NASDAQ,Telecommunications Equipment,71.5,73.03,71.94,75.26,74.75,72.59,65.29,58.79,72.14,73.06,74.22,71.38,5.49,5.87,4.19,1502824.1,1605376.8333333333,114776417.0,120818788.0,0.28,2.89,9848851469.178719,-7.77,227,7.29,156,37.49,135,12.33,-0.74,-0.63,0.37,0.68,2.7,0.153,22.32,False,False,False,True,True,True,True,True,False,True,False,True,False,False,False,False,2026-11-11,False,True,4,"thin RVOL, large gap","near21, ADR",7,https://www.tradingview.com/chart/?symbol=NASDAQ:VSAT&interval=D,False,False,False
SITM,SiTime Corporation,NASDAQ,Semiconductors,595.2,586.61,584.83,619.83,598.26,644.49,562.21,512.4,581.69,591.27,607.97,569.75,5.71,7.29,43.38,392742.3,419277.06666666665,249553710.0,259881552.0,0.64,5.7,17898281057.253418,-16.16,351,-15.87,272,66.98,77,11.65,-0.07,1.77,0.09,0.88,58.7,0.162,22.19,False,False,False,True,True,True,True,False,False,True,False,True,False,True,False,False,2026-11-04,False,True,5,large gap,near21,6,https://www.tradingview.com/chart/?symbol=NASDAQ:SITM&interval=D,False,False,False
MARA,"MARA Holdings, Inc.",NASDAQ,Data Processing Services,11.63,11.55,11.31,10.75,11.19,12.22,11.18,10.94,11.39,11.23,11.66,10.86,6.3,7.44,0.86,45930352.5,47675243.1,554463077.0,512485026.0,0.61,3.8,4492661033.871377,24.25,24,-18.9,288,27.94,154,11.1,0.53,2.86,0.47,0.93,89.6,0.17,10.99,False,True,True,True,True,True,True,False,False,True,False,False,False,False,False,False,2026-11-11,False,True,3,"LoD>60% ATR, thin RVOL, large gap","EMA, near21",7,https://www.tradingview.com/chart/?symbol=NASDAQ:MARA&interval=D,False,False,False
EXK,Endeavour Silver Corporation,NYSE,Precious Metals,10.17,10.46,10.66,10.49,9.46,9.26,9.69,9.93,10.23,10.29,10.18,9.87,5.04,5.94,0.6,7698905.7,8688872.0,88365828.0,91137578.0,0.35,4.51,3011789305.0150375,2.52,128,14.27,129,15.57,196,10.79,1.26,-4.55,0.2,0.5,49.6,0.209,13.67,False,False,False,True,False,True,True,True,False,True,False,True,False,False,False,False,2026-11-10,False,True,4,"thin RVOL, large gap","near21, ADR",6,https://www.tradingview.com/chart/?symbol=NYSE:EXK&interval=D,False,False,False
MOS,Mosaic Company (The),NYSE,Chemicals: Agricultural,25.56,25.55,24.89,24.05,23.39,22.83,24.07,24.57,25.24,24.73,25.76,24.95,4.11,4.08,1.04,7778202.6,7768305.633333334,198557892.0,186812214.0,0.2,1.13,8125413379.53691,20.4,33,12.9,136,-1.05,270,10.75,2.28,2.7,0.82,0.77,58.5,0.142,10.65,True,True,True,True,True,True,True,False,False,True,False,True,False,False,False,False,2026-11-10,False,False,5,thin RVOL,"EMA, near21",9,https://www.tradingview.com/chart/?symbol=NYSE:MOS&interval=D,False,False,False
IBRX,"ImmunityBio, Inc.",NASDAQ,Pharmaceuticals: Major,8.73,8.14,8.06,7.94,7.76,7.75,7.88,6.84,8.17,8.04,8.8,8.12,4.79,5.44,0.47,8425265.8,7909002.566666666,69045592.0,62757935.0,1.07,2.91,9252370753.316057,12.14,57,22.1,99,-2.29,274,10.65,2.3,8.27,1.57,1.43,128.5,0.129,14.9,True,True,True,True,False,False,False,False,False,False,True,False,False,False,False,False,2026-11-05,False,True,3,"LoD>60% ATR, thin RVOL, large gap",EMA,5,https://www.tradingview.com/chart/?symbol=NASDAQ:IBRX&interval=D,False,False,False
OUST,"Ouster, Inc.",NASDAQ,Semiconductors,35.56,35.23,35.51,38.59,38.74,38.77,32.88,30.54,35.0,36.29,36.07,35.13,4.49,7.08,2.52,1760109.7,2345426.9,83403381.0,90505333.0,0.36,4.35,2564314766.878494,-21.14,402,-16.01,273,68.45,74,10.43,-1.16,0.13,0.28,0.37,17.1,0.165,23.14,False,False,False,True,True,True,True,True,False,True,False,True,False,False,False,False,2026-11-05,False,True,4,"thin RVOL, large gap","near21, ADR",7,https://www.tradingview.com/chart/?symbol=NASDAQ:OUST&interval=D,False,False,False
VG,"Venture Global, Inc.",NYSE,Oil & Gas Pipelines,14.34,14.98,14.71,14.38,13.96,13.15,13.0,11.69,14.88,14.64,14.54,14.18,4.26,4.8,0.69,13703304.4,13800977.666666666,197837015.0,198492561.0,0.23,-1.64,35838830234.1826,2.17,133,31.76,75,-2.68,276,10.42,0.56,-2.54,0.44,0.52,21.8,0.132,22.92,False,False,False,True,True,True,True,True,False,True,False,True,False,True,False,False,2026-11-16,False,False,6,,"near21, ADR",7,https://www.tradingview.com/chart/?symbol=NYSE:VG&interval=D,False,False,False
NUAI,"New Era Energy & Digital, Inc.",NASDAQ,Engineering & Construction,5.92,5.8,5.39,5.35,5.11,5.05,4.91,4.85,5.65,5.49,6.15,5.68,7.81,8.8,0.52,6109009.4,5774529.9,34156344.0,30879299.0,0.47,6.28,630298442.0887247,13.1,52,-2.87,210,20.96,178,10.4,1.8,9.75,0.88,0.91,46.1,0.403,16.04,True,True,True,True,False,True,True,False,False,True,False,True,False,False,False,False,2026-12-02,False,True,4,"thin RVOL, large gap","EMA, near21",8,https://www.tradingview.com/chart/?symbol=NASDAQ:NUAI&interval=D,False,False,False
HL,Hecla Mining Company,NYSE,Precious Metals,19.1,19.76,20.14,19.41,17.68,17.27,18.25,19.17,19.38,19.37,19.12,18.63,4.79,5.47,1.04,27036461.8,33900067.766666666,647379424.0,657928786.0,0.37,3.95,12828560063.917082,4.52,115,18.54,113,8.01,226,10.36,1.47,-5.16,0.25,0.47,44.7,0.182,15.02,False,False,False,False,False,True,True,True,False,True,False,True,False,True,False,False,2026-11-11,False,True,4,"below 200-MA, large gap","near21, ADR",5,https://www.tradingview.com/chart/?symbol=NYSE:HL&interval=D,False,False,False
CDE,"Coeur Mining, Inc.",NYSE,Precious Metals,20.25,20.45,20.81,20.03,18.19,17.89,18.91,19.15,20.22,20.09,20.3,19.55,4.64,5.35,1.08,26508112.3,35563859.53333333,720168156.0,712225560.0,0.31,4.06,20815684434.957848,7.37,96,14.21,130,8.81,221,10.13,2.12,-2.7,0.15,0.7,64.6,0.139,14.4,False,False,True,True,True,True,True,False,False,True,False,False,False,True,False,False,2026-11-11,False,True,4,"LoD>60% ATR, large gap","EMA, near21",6,https://www.tradingview.com/chart/?symbol=NYSE:CDE&interval=D,False,False,False
DSGX,The Descartes Systems Group Inc.,NASDAQ,Packaged Software,79.6,77.45,78.3,78.08,76.08,73.81,72.48,75.29,78.18,77.81,79.92,78.35,4.01,3.88,3.09,806598.9,643240.6333333333,51205171.0,50225730.0,0.29,0.03,6810092391.896581,4.87,111,14.08,131,11.32,211,10.09,1.19,1.66,0.59,0.51,40.6,0.129,7.31,True,True,True,True,True,True,True,True,False,True,False,True,False,False,False,False,2026-12-09,False,False,5,thin RVOL,"EMA, near21, ADR",10,https://www.tradingview.com/chart/?symbol=NASDAQ:DSGX&interval=D,False,False,False
RELY,"Remitly Global, Inc.",NASDAQ,Miscellaneous Commercial Services,21.98,23.41,24.79,24.86,24.38,22.96,20.88,19.1,23.11,23.98,22.92,21.86,5.1,5.03,1.11,3659684.9,3668791.3666666667,80621690.0,91219606.0,0.24,2.08,4651756951.625282,-15.77,346,6.01,164,39.44,131,9.89,-1.96,-11.37,1.66,0.97,10.8,0.315,25.89,False,False,False,True,False,False,True,False,False,False,False,True,False,False,False,False,2026-11-04,False,True,4,"thin RVOL, large gap",,4,https://www.tradingview.com/chart/?symbol=NASDAQ:RELY&interval=D,False,False,False
SANM,Sanmina Corporation,NASDAQ,Electronic Production Equipment,198.69,200.71,196.55,199.25,199.82,220.21,194.58,185.34,198.77,198.94,202.53,195.61,4.53,5.48,10.88,429160.0,563057.0333333333,111873802.0,112186674.0,0.46,2.41,10649258443.380844,-4.06,183,-20.39,299,54.06,103,9.87,-0.1,1.09,0.02,0.64,28.3,0.151,17.55,False,False,False,True,True,True,True,False,False,True,False,True,False,True,False,False,2026-11-09,False,True,5,large gap,near21,6,https://www.tradingview.com/chart/?symbol=NASDAQ:SANM&interval=D,False,False,False
FLEX,Flex Ltd.,NASDAQ,Electronic Production Equipment,109.33,110.17,109.9,114.08,117.48,127.58,108.03,96.97,109.84,111.74,112.94,108.9,4.23,5.4,5.91,2843563.3000000007,2832577.9666666584,309685749.0,323145215.0,0.17,3.14,40386825542.83253,-12.75,296,-25.64,327,67.99,75,9.87,-1.28,-0.52,0.4,0.68,7.4,0.1,27.99,False,False,False,True,True,True,True,False,True,True,False,True,False,True,False,False,2026-11-04,False,True,5,large gap,"near21, BB",7,https://www.tradingview.com/chart/?symbol=NASDAQ:FLEX&interval=D,False,False,False
PSKY,Paramount Skydance Corporation,NASDAQ,Cable/Satellite TV,10.65,10.76,10.7,10.4,9.68,10.01,10.19,10.81,10.76,10.55,11.18,10.5,4.07,4.04,0.43,11629599.5,10773547.066666666,114738276.0,112007182.0,0.77,-0.45,11948723950.25146,3.0,125,6.71,161,19.39,185,9.7,2.47,-0.5,0.22,1.57,33.7,0.099,10.58,False,False,False,False,True,True,False,False,True,True,True,True,False,True,False,False,2026-11-16,False,False,5,below 200-MA,"near21, BB",5,https://www.tradingview.com/chart/?symbol=NASDAQ:PSKY&interval=D,False,False,False
COMP,"Compass, Inc.",NYSE,Real Estate Development,10.64,10.62,10.91,11.5,11.59,10.31,9.68,10.16,10.62,10.94,10.72,10.26,4.19,5.01,0.53,12202908.3,10689730.066666666,113792177.0,122940804.0,0.44,3.39,8171577236.90513,-12.67,295,9.52,146,32.24,149,9.69,-1.63,-2.42,0.54,0.85,72.1,0.191,18.0,False,False,False,True,True,True,True,False,False,True,False,False,False,False,False,False,2026-11-11,False,True,3,"LoD>60% ATR, thin RVOL, large gap",near21,5,https://www.tradingview.com/chart/?symbol=NYSE:COMP&interval=D,False,False,False
NBIS,Nebius Group N.V.,NASDAQ,Packaged Software,213.63,221.65,217.01,220.95,211.72,215.05,182.45,160.07,216.97,218.12,232.85,209.65,6.05,8.2,17.51,14546181.3,20220678.166666668,4319743477.0,4467704919.0,1.41,9.86,58076431430.79782,-20.49,397,-28.36,340,77.32,71,9.49,0.11,-1.56,0.25,1.33,22.7,0.206,28.83,False,False,False,True,True,True,False,False,False,True,True,True,False,True,True,False,2026-10-22,False,True,5,large gap,"near21, RVOL",5,https://www.tradingview.com/chart/?symbol=NASDAQ:NBIS&interval=D,False,False,False
HUBS,"HubSpot, Inc.",NYSE,Packaged Software,231.28,238.25,242.79,235.43,230.78,216.98,226.02,255.49,238.0,238.0,242.9,228.22,4.9,6.08,14.06,1197490.1,1684943.5333333334,389685316.0,396688783.0,0.6,-0.83,11532805615.285564,5.36,108,33.07,70,-10.23,305,9.4,0.04,-4.74,0.46,1.04,21.7,0.174,16.65,False,False,False,False,False,True,False,False,False,True,True,True,False,True,False,False,2026-11-11,False,False,5,below 200-MA,near21,3,https://www.tradingview.com/chart/?symbol=NYSE:HUBS&interval=D,False,False,False
VSH,"Vishay Intertechnology, Inc.",NYSE,Electronic Production Equipment,32.25,31.57,31.23,32.07,34.41,40.88,33.88,29.61,31.59,32.02,32.96,32.15,4.28,6.14,1.98,3139392.9,3604679.033333333,116250899.0,115610468.0,0.16,2.81,4946486309.003831,-4.92,196,-49.78,438,82.87,64,9.39,-1.02,3.28,0.12,0.41,5.0,0.1,34.93,False,False,False,True,False,True,True,True,True,True,False,True,False,False,False,False,2026-11-11,False,True,4,"thin RVOL, large gap","near21, ADR, BB",7,https://www.tradingview.com/chart/?symbol=NYSE:VSH&interval=D,False,False,False
BTDR,Bitdeer Technologies Group,NASDAQ,Data Processing Services,11.54,11.79,11.31,10.66,11.05,13.19,11.9,12.01,11.44,11.27,11.94,11.12,6.75,8.2,0.95,8759090.7,13086452.8,150952233.0,139540846.0,0.34,4.35,3135008134.007706,27.74,19,-36.67,391,35.55,140,8.87,0.54,2.0,0.29,0.87,43.9,0.238,18.6,False,False,True,False,True,True,True,False,False,True,False,True,False,False,False,False,2026-11-16,False,True,3,"thin RVOL, below 200-MA, large gap","EMA, near21",6,https://www.tradingview.com/chart/?symbol=NASDAQ:BTDR&interval=D,True,False,False
SG,"Sweetgreen, Inc.",NYSE,Restaurants,6.86,6.86,6.84,6.51,6.57,7.37,6.82,6.82,6.84,6.75,7.03,6.74,6.13,6.43,0.44,4543029.3,5544251.9,38033568.0,36083839.0,0.28,4.38,816623417.4803625,18.89,36,-20.05,297,27.75,156,8.86,0.69,0.25,0.24,0.67,28.3,0.105,11.7,False,False,True,True,True,True,True,True,False,True,False,True,False,False,False,False,2026-11-05,False,True,4,"thin RVOL, large gap","EMA, near21, ADR",8,https://www.tradingview.com/chart/?symbol=NYSE:SG&interval=D,False,False,False
ETSY,"Etsy, Inc.",NYSE,Internet Retail,72.97,74.18,78.43,79.18,80.7,74.28,67.45,64.71,74.74,76.98,74.96,71.9,4.09,4.32,3.15,2930093.7,3124731.2333333334,228011638.0,247403720.0,0.21,1.39,6697314472.326028,-6.94,216,-1.35,198,34.68,142,8.8,-2.22,-6.96,1.21,0.97,34.1,0.25,21.91,False,False,False,True,False,True,True,False,False,True,False,True,False,False,False,False,2026-11-04,False,False,5,thin RVOL,near21,5,https://www.tradingview.com/chart/?symbol=NYSE:ETSY&interval=D,False,False,False
CBRL,"Cracker Barrel Old Country Store, Inc.",NASDAQ,Restaurants,43.55,49.4,52.83,54.44,54.22,46.18,40.64,37.82,48.48,51.35,44.11,42.87,5.19,5.52,2.4,849404.1,770239.6,33543935.0,41929405.0,0.25,1.16,973406171.470384,-26.14,426,-2.81,209,54.98,102,8.68,-3.56,-17.57,2.75,0.52,28.3,0.345,37.65,False,False,False,True,False,False,True,True,False,True,False,True,False,False,False,False,2026-09-23,False,False,5,thin RVOL,ADR,5,https://www.tradingview.com/chart/?symbol=NASDAQ:CBRL&interval=D,False,False,False
KD,"Kyndryl Holdings, Inc.",NYSE,Data Processing Services,13.1,13.09,13.01,13.1,12.92,12.51,12.63,15.71,13.09,13.06,13.18,12.85,4.05,4.53,0.59,2962152.6,3473944.1666666665,45491299.0,45497668.0,0.21,1.25,2852330250.953271,2.46,130,17.02,119,6.46,234,8.65,0.29,0.62,0.06,0.55,40.8,0.095,24.41,False,True,True,False,True,True,True,True,True,True,False,True,False,False,False,False,2026-11-10,False,False,4,"thin RVOL, below 200-MA","EMA, near21, ADR, BB",9,https://www.tradingview.com/chart/?symbol=NYSE:KD&interval=D,False,False,False
HIVE,HIVE Digital Technologies Ltd,NASDAQ,Information Technology Services,3.08,3.03,2.96,2.89,2.94,3.26,2.89,2.9,2.98,2.96,3.09,2.92,5.24,6.57,0.2,12523391.29999999,20203708.700000025,62328441.0,58395453.0,0.55,5.0,846145585.6231709,4.22,117,-28.42,343,49.03,111,8.28,0.73,4.26,0.65,0.84,81.5,0.193,11.85,False,True,True,True,False,True,True,False,False,True,False,False,False,False,False,False,2026-11-16,False,True,3,"LoD>60% ATR, thin RVOL, large gap","EMA, near21",6,https://www.tradingview.com/chart/?symbol=NASDAQ:HIVE&interval=D,False,False,False
GENI,Genius Sports Limited,NYSE,Internet Software/Services,6.48,6.95,7.35,7.49,7.22,6.38,5.95,6.93,6.88,7.14,6.76,6.46,5.67,6.11,0.4,4367929.5,5019056.433333334,32548581.0,37598588.0,0.32,1.06,1800410957.8549848,-16.32,355,5.11,168,35.95,139,8.25,-1.67,-11.78,1.5,0.77,7.6,0.289,21.59,False,False,False,False,False,False,True,False,False,False,False,True,False,False,False,False,2026-11-11,False,False,4,"thin RVOL, below 200-MA",,3,https://www.tradingview.com/chart/?symbol=NYSE:GENI&interval=D,False,False,False
CLSK,"CleanSpark, Inc.",NASDAQ,Data Processing Services,13.38,13.06,12.53,12.35,12.95,14.04,12.71,12.59,12.91,12.75,13.67,12.61,6.44,7.45,1.0,16529506.4,18378165.066666666,245899849.0,226890700.0,0.57,5.32,3436212488.3455825,10.49,66,-22.75,310,36.67,137,8.14,0.45,6.78,0.66,1.06,77.2,0.23,11.27,False,True,True,True,False,True,False,False,False,True,True,False,False,False,False,False,2026-12-16,False,True,3,"LoD>60% ATR, thin RVOL, large gap","EMA, near21",5,https://www.tradingview.com/chart/?symbol=NASDAQ:CLSK&interval=D,False,False,False
EXPE,"Expedia Group, Inc.",NASDAQ,Other Consumer Services,282.3,285.63,304.52,309.85,297.55,267.52,255.52,260.05,289.61,296.94,292.39,280.85,4.18,4.29,12.12,1891329.0,1593630.1333333333,449889755.0,493783641.0,0.2,1.01,33881932252.23413,-10.88,264,16.63,122,18.35,187,8.03,-1.19,-7.29,1.15,0.95,12.0,0.284,17.36,False,False,False,True,False,True,True,False,False,True,False,True,False,True,False,False,2026-10-29,False,False,6,,near21,5,https://www.tradingview.com/chart/?symbol=NASDAQ:EXPE&interval=D,False,False,False
HP,"Helmerich & Payne, Inc.",NYSE,Contract Drilling,41.76,43.54,43.57,43.1,39.44,38.5,37.39,35.83,43.13,42.85,42.7,41.59,4.24,4.08,1.7,1003127.5,1369533.6,57198571.0,59023931.0,0.16,0.36,4173949895.86786,-7.19,220,16.89,120,13.4,204,7.7,1.45,-4.15,0.62,0.65,10.3,0.14,18.54,False,False,False,True,False,True,True,True,False,True,False,True,False,False,False,False,2026-11-18,False,False,5,thin RVOL,"near21, ADR",6,https://www.tradingview.com/chart/?symbol=NYSE:HP&interval=D,False,False,False
CNXC,Concentrix Corporation,NASDAQ,Information Technology Services,28.69,29.19,28.78,27.51,26.21,25.65,27.14,30.38,28.93,28.39,29.12,28.38,6.78,6.28,1.8,1171199.7,1171856.2666666666,33620556.0,32240891.0,0.54,-0.55,1750616524.4684498,21.05,31,11.53,140,-10.32,307,7.42,1.51,-0.3,0.17,0.41,17.2,0.31,16.49,False,False,False,False,True,True,True,True,False,True,False,True,False,False,False,False,2026-09-29,False,False,4,"thin RVOL, below 200-MA","near21, ADR",6,https://www.tradingview.com/chart/?symbol=NASDAQ:CNXC&interval=D,False,False,False
PTEN,"Patterson-UTI Energy, Inc.",NASDAQ,Oil & Gas Production,11.88,12.54,12.41,12.0,11.16,11.17,10.72,9.75,12.4,12.21,12.2,11.88,4.41,4.71,0.56,7033358.5,7490522.466666667,88987407.0,89868792.0,0.29,-0.08,4530852365.117207,-4.73,194,16.81,121,10.1,216,7.39,1.38,-4.3,0.57,0.58,0.0,0.138,23.43,False,False,False,True,False,True,True,True,False,True,False,True,False,False,False,False,2026-10-28,False,False,5,thin RVOL,"near21, ADR",6,https://www.tradingview.com/chart/?symbol=NASDAQ:PTEN&interval=D,False,False,False
DOCN,"DigitalOcean Holdings, Inc.",NYSE,Packaged Software,129.25,122.63,117.64,120.75,122.19,136.99,116.38,100.35,122.45,121.19,134.43,128.12,6.57,7.26,9.39,2378486.1,2216383.6666666665,286467589.0,267628328.0,0.35,5.32,15197156333.074097,-0.89,157,-29.29,351,52.24,104,7.35,0.8,9.87,0.92,0.67,12.0,0.265,28.34,False,True,True,True,False,True,True,True,False,True,False,True,False,True,False,False,2026-11-09,False,True,5,large gap,"EMA, near21, ADR",8,https://www.tradingview.com/chart/?symbol=NYSE:DOCN&interval=D,False,False,False
FSLY,"Fastly, Inc.",NASDAQ,Information Technology Services,24.77,22.92,22.89,24.26,23.01,21.33,22.21,19.13,23.49,23.35,25.75,22.9,7.06,7.78,1.93,5424524.0,5675457.266666667,140581076.0,137677134.0,0.5,0.0,3945861229.3908243,-13.39,309,40.94,59,-6.46,293,7.03,0.98,8.21,0.78,1.48,97.1,0.242,15.67,True,True,True,True,False,True,False,False,False,True,True,False,False,False,False,False,2026-11-04,False,False,4,"LoD>60% ATR, thin RVOL","EMA, near21",6,https://www.tradingview.com/chart/?symbol=NASDAQ:FSLY&interval=D,False,False,False
FIGR,"Figure Technology Solutions, Inc.",NASDAQ,Finance/Rental/Leasing,33.45,35.57,36.27,34.71,32.41,32.73,32.95,36.87,34.87,34.86,34.47,32.92,7.75,7.67,2.57,3977902.1,4425523.966666667,148022713.0,153613994.0,0.24,1.95,7709880139.58396,-2.57,170,22.0,100,1.57,259,7.0,0.42,-7.77,0.53,0.6,20.6,0.238,13.33,False,False,False,False,False,True,True,True,False,True,False,True,False,False,False,False,2026-11-12,False,False,4,"thin RVOL, below 200-MA","near21, ADR",5,https://www.tradingview.com/chart/?symbol=NASDAQ:FIGR&interval=D,False,False,False
LITE,Lumentum Holdings Inc.,NASDAQ,Electrical Products,915.25,906.75,898.68,891.5,839.3,864.04,820.99,710.77,900.85,891.77,945.0,901.94,5.88,7.3,66.77,4254649.5,4605008.7,4214734213.0,4105342999.0,0.48,1.68,82097924386.7805,0.66,144,3.77,178,16.52,194,6.98,1.24,1.84,0.36,0.64,19.9,0.202,21.41,True,True,True,True,True,True,True,False,False,True,False,True,False,True,False,False,2026-11-10,False,False,6,,"EMA, near21",9,https://www.tradingview.com/chart/?symbol=NASDAQ:LITE&interval=D,False,False,False
DJT,Trump Media & Technology Group Corp.,NASDAQ,Advertising/Marketing Services,8.76,8.87,9.09,8.99,9.18,8.83,9.16,10.09,8.83,8.96,8.8,8.62,4.52,5.23,0.46,2859510.2,3736172.4,32747551.0,33575736.0,0.36,1.99,2436155410.438011,9.56,70,8.61,150,2.04,256,6.74,-0.87,-3.6,0.41,0.38,31.6,0.177,14.28,False,False,False,False,False,True,True,True,False,True,False,True,False,False,False,False,,False,False,4,"thin RVOL, below 200-MA","near21, ADR",5,https://www.tradingview.com/chart/?symbol=NASDAQ:DJT&interval=D,False,False,False
FIVE,"Five Below, Inc.",NASDAQ,Discount Stores,235.24,243.78,246.39,243.88,228.19,217.36,219.5,211.81,241.98,241.65,242.1,234.65,4.6,4.3,10.11,1198670.5,1116904.8,262740685.0,272388509.0,0.17,1.04,12950910838.283405,-1.54,161,21.18,103,0.1,265,6.58,0.72,-4.52,0.62,0.74,5.8,0.125,14.7,False,False,False,True,False,True,True,True,False,True,False,True,False,True,False,False,2026-12-02,False,False,6,,"near21, ADR",6,https://www.tradingview.com/chart/?symbol=NASDAQ:FIVE&interval=D,False,False,False
HRI,Herc Holdings Inc.,NYSE,Finance/Rental/Leasing,143.16,141.92,147.51,154.86,154.18,146.14,136.93,141.9,143.2,147.3,146.97,142.0,4.88,5.0,7.15,635105.2,443593.5,63502627.0,68695998.0,0.26,2.24,4785878888.203839,-16.23,353,-3.92,216,39.54,130,6.46,-1.43,-2.95,0.56,0.69,16.1,0.216,12.05,False,False,False,True,True,True,True,True,False,True,False,True,False,False,False,False,2026-10-15,False,True,4,"thin RVOL, large gap","near21, ADR",7,https://www.tradingview.com/chart/?symbol=NYSE:HRI&interval=D,False,False,False
CVNA,Carvana Co.,NYSE,Specialty Stores,66.94,70.57,71.86,71.66,69.27,69.59,68.6,73.13,69.48,70.49,67.72,65.55,4.28,4.95,3.31,5889010.7,7565875.766666667,506421894.0,542159309.0,0.35,3.17,73659546029.14523,-1.01,158,3.94,175,14.97,199,5.96,-0.68,-6.85,1.02,0.65,41.8,0.159,6.77,False,False,False,False,False,True,True,False,False,True,False,True,False,True,False,False,2026-10-29,False,True,4,"below 200-MA, large gap",near21,4,https://www.tradingview.com/chart/?symbol=NYSE:CVNA&interval=D,False,False,False
KOS,Kosmos Energy Ltd.,NYSE,Integrated Oil,2.84,2.9,2.89,2.78,2.64,2.69,2.62,2.26,2.9,2.84,2.89,2.81,4.88,5.54,0.16,11336580.4,11339050.4,32146208.0,31550908.0,0.2,-1.74,1688207306.4878047,5.39,107,14.31,128,-1.9,273,5.93,1.34,-1.76,0.06,0.5,15.9,0.126,22.6,False,False,False,True,True,True,True,True,False,True,False,True,False,False,False,False,2026-11-09,False,False,5,thin RVOL,"near21, ADR",7,https://www.tradingview.com/chart/?symbol=NYSE:KOS&interval=D,False,False,False
KSS,Kohl's Corporation,NYSE,Department Stores,16.63,17.56,17.75,18.17,18.18,16.77,16.11,17.2,17.22,17.7,16.86,16.31,5.27,5.56,0.92,3352203.9,4225377.966666667,70268036.0,76773709.0,0.23,2.43,1885450125.0625756,-13.16,302,-0.48,196,31.05,151,5.8,-1.54,-6.28,1.08,0.6,34.6,0.198,12.49,False,False,False,False,False,True,True,True,False,True,False,True,False,False,False,False,2026-11-12,False,True,3,"thin RVOL, below 200-MA, large gap","near21, ADR",5,https://www.tradingview.com/chart/?symbol=NYSE:KSS&interval=D,False,False,False
KEEL,Keel Infrastructure Corp.,NASDAQ,Data Processing Services,3.68,3.51,3.4,3.43,3.75,4.34,3.66,3.4,3.47,3.49,3.7,3.48,6.11,8.48,0.31,30424156.9,35923274.96666667,132377268.0,123198871.0,0.55,6.47,2275757236.5808825,-0.67,153,-41.32,411,56.81,97,4.94,-0.2,8.45,0.66,0.7,65.6,0.218,25.6,False,False,False,True,False,True,True,False,False,True,False,False,False,False,False,False,2026-11-16,False,True,3,"LoD>60% ATR, thin RVOL, large gap",near21,4,https://www.tradingview.com/chart/?symbol=NASDAQ:KEEL&interval=D,False,False,False
UMAC,"Unusual Machines, Inc.",AMEX,Electronic Equipment/Instruments,23.53,23.63,24.13,25.45,23.27,21.76,19.5,17.92,23.45,24.0,24.07,22.54,6.93,8.85,2.08,2467884.9,4115168.6,96809753.0,104724882.0,0.5,3.04,1175231784.272753,-17.72,376,-7.2,230,39.04,132,4.71,0.13,-2.52,0.22,0.73,47.1,0.222,26.43,False,False,False,True,True,True,True,False,False,True,False,True,False,False,False,False,2026-11-12,False,True,4,"thin RVOL, large gap",near21,6,https://www.tradingview.com/chart/?symbol=AMEX:UMAC&interval=D,False,False,False
LYFT,"Lyft, Inc.",NASDAQ,Other Transportation,15.36,15.81,16.59,16.77,16.28,15.2,14.66,15.76,15.85,16.21,15.53,15.07,4.05,4.29,0.66,10078512.8,10747622.1,165083475.0,180241205.0,0.28,-1.66,5814378125.950288,-10.01,253,8.25,152,15.75,195,4.66,-1.32,-7.41,1.23,0.7,43.4,0.229,12.54,False,False,False,False,False,True,True,True,False,True,False,True,False,False,False,False,2026-11-11,False,False,4,"thin RVOL, below 200-MA","near21, ADR",5,https://www.tradingview.com/chart/?symbol=NASDAQ:LYFT&interval=D,False,False,False
CCXI,Churchill Capital Corp. XI Class A,NASDAQ,Financial Conglomerates,12.24,12.75,13.38,14.33,14.51,12.92,,,12.66,13.34,12.69,12.2,5.12,6.88,0.84,2185452.4,2363752.9,28944154.0,33879276.0,0.49,4.14,682046527.3461539,-25.83,425,19.23,111,20.55,180,4.65,-2.26,-8.48,1.19,0.58,5.3,0.263,14.31,False,False,False,False,False,True,True,False,False,True,False,True,False,False,False,False,,False,True,3,"thin RVOL, below 200-MA, large gap",near21,4,https://www.tradingview.com/chart/?symbol=NASDAQ:CCXI&interval=D,False,False,False
VOYG,"Voyager Technologies, Inc.",NYSE,Information Technology Services,36.28,34.16,34.57,37.09,33.26,34.76,32.39,31.44,34.62,34.79,37.86,35.9,5.42,6.47,2.35,1070100.7,1321145.7666666666,47937774.0,49007242.0,0.45,2.93,2214439409.3011656,-13.26,306,-7.34,231,34.39,144,4.6,1.41,4.95,0.66,0.84,16.4,0.176,9.16,True,True,False,True,False,True,True,False,False,True,False,True,False,False,False,False,2026-11-09,False,True,4,"thin RVOL, large gap",near21,7,https://www.tradingview.com/chart/?symbol=NYSE:VOYG&interval=D,False,False,False
AG,First Majestic Silver Corp.,NYSE,Precious Metals,19.6,19.94,20.44,19.95,18.5,18.8,20.26,20.0,19.62,19.74,19.64,18.96,4.61,5.41,1.06,8275073.7,9431900.133333333,184818083.0,188149116.0,0.45,5.02,9658500591.235846,3.13,123,6.44,162,3.32,249,4.3,1.1,-4.15,0.14,0.64,59.4,0.189,9.93,False,False,False,False,False,True,True,True,False,True,False,True,False,False,False,False,2026-11-11,False,True,3,"thin RVOL, below 200-MA, large gap","near21, ADR",5,https://www.tradingview.com/chart/?symbol=NYSE:AG&interval=D,False,False,False
SHOP,Shopify Inc.,NASDAQ,Miscellaneous Commercial Services,128.29,132.93,140.8,144.26,135.96,123.94,123.29,130.45,133.05,136.87,130.8,127.64,4.25,4.65,5.96,8642434.5,7973054.266666667,1022902997.0,1150196795.0,0.23,0.22,165069999653.56128,-13.37,307,19.02,112,5.46,241,3.7,-1.21,-8.88,1.35,0.53,11.0,0.277,13.64,False,False,False,False,False,True,True,True,False,True,False,True,False,True,False,False,2026-10-22,False,False,5,below 200-MA,"near21, ADR",5,https://www.tradingview.com/chart/?symbol=NASDAQ:SHOP&interval=D,False,False,False
GLOB,Globant S.A.,NYSE,Information Technology Services,38.13,38.43,39.1,38.81,36.69,36.72,40.07,46.66,38.65,38.53,38.74,37.37,4.01,5.14,1.96,969174.9,1520790.8,57987753.0,59022905.0,0.29,0.08,1646436347.333855,3.11,124,20.21,106,-14.16,331,3.05,0.76,-2.47,0.2,0.7,38.8,0.134,26.15,False,False,False,False,True,True,True,False,False,True,False,True,False,False,False,False,2026-11-12,False,False,4,"thin RVOL, below 200-MA",near21,5,https://www.tradingview.com/chart/?symbol=NYSE:GLOB&interval=D,False,False,False
SLB,SLB Limited,NYSE,Contract Drilling,52.12,55.31,55.46,54.57,52.16,52.74,51.93,49.81,54.48,54.61,52.87,51.86,4.02,3.65,1.9,11910419.1,11748881.5,612351704.0,641144296.0,0.22,0.29,77353548216.99963,-3.59,179,4.03,174,8.56,224,3.0,-0.02,-6.01,1.25,0.53,13.4,0.155,10.82,False,False,False,True,False,True,True,True,False,True,False,True,False,True,False,False,2026-10-16,False,False,6,,"near21, ADR",6,https://www.tradingview.com/chart/?symbol=NYSE:SLB&interval=D,False,False,False
FIG,FIGMA INC,NYSE,Packaged Software,22.91,23.32,25.46,25.33,24.61,22.53,22.91,25.43,23.75,24.48,23.38,22.75,5.75,6.66,1.53,13820379.2,16569268.933333334,379601951.0,419776905.0,0.21,-0.13,12211250041.310495,-9.27,238,20.9,105,-3.94,282,2.56,-1.04,-10.02,0.97,0.42,10.5,0.377,12.77,False,False,False,False,False,True,True,True,False,True,False,True,False,True,False,False,2026-11-11,False,False,5,below 200-MA,"near21, ADR",5,https://www.tradingview.com/chart/?symbol=NYSE:FIG&interval=D,False,False,False
ASND,Ascendis Pharma A/S,NASDAQ,Pharmaceuticals: Major,239.65,258.94,257.03,255.4,255.61,246.01,241.02,234.29,253.64,255.52,249.23,237.5,4.47,4.27,10.24,880759.6,627733.5,150436333.0,160323659.0,0.37,0.62,14948611366.685778,-2.77,173,2.59,183,7.8,228,2.54,-1.46,-6.76,1.45,1.15,21.0,0.147,10.28,False,False,False,True,False,True,False,False,False,True,True,True,False,True,False,False,2026-11-11,False,False,6,,near21,4,https://www.tradingview.com/chart/?symbol=NASDAQ:ASND&interval=D,False,False,False
PCOR,"Procore Technologies, Inc.",NYSE,Packaged Software,51.76,54.84,58.42,58.64,54.11,50.7,52.17,56.24,54.69,56.2,52.69,51.06,4.02,4.78,2.47,2411996.3,2702139.8333333335,139862758.0,158448976.0,0.21,0.02,7865208455.368867,-12.33,290,30.25,77,-10.64,311,2.43,-0.91,-11.39,1.65,0.66,28.3,0.289,14.9,False,False,False,False,False,False,True,False,False,False,False,True,False,False,False,False,2026-11-04,False,False,4,"thin RVOL, below 200-MA",,3,https://www.tradingview.com/chart/?symbol=NYSE:PCOR&interval=D,False,False,False
STEP,StepStone Group Inc.,NASDAQ,Investment Managers,48.12,49.8,49.93,49.6,47.34,47.78,48.13,52.89,49.44,49.39,50.05,48.06,4.35,4.65,2.24,1020610.6,1173053.5333333334,56447336.0,58185019.0,0.18,2.34,5806961514.555394,-0.02,150,5.62,165,1.6,258,2.4,0.36,-3.62,0.55,0.89,2.7,0.081,11.55,False,False,False,False,False,True,True,False,True,True,False,True,False,False,False,False,2026-11-05,False,True,3,"thin RVOL, below 200-MA, large gap","near21, BB",5,https://www.tradingview.com/chart/?symbol=NASDAQ:STEP&interval=D,False,False,False
GWRE,"Guidewire Software, Inc.",NYSE,Information Technology Services,144.14,153.1,173.94,174.04,163.34,147.7,146.45,154.36,154.72,163.45,146.0,142.23,5.11,6.52,9.39,2011383.8,1426228.2666666666,205576542.0,248219817.0,0.22,-1.18,11818422843.663324,-17.63,374,31.04,76,-6.23,290,2.39,-1.8,-17.13,1.81,0.4,20.3,0.573,19.07,False,False,False,False,False,False,True,True,False,True,False,True,False,True,False,False,2026-12-03,False,False,5,below 200-MA,ADR,4,https://www.tradingview.com/chart/?symbol=NYSE:GWRE&interval=D,False,False,False
INSM,Insmed Incorporated,NASDAQ,Pharmaceuticals: Major,123.52,125.47,124.38,126.28,118.24,114.04,125.68,137.67,124.38,123.8,127.4,123.4,4.03,4.2,5.19,1937504.6,2358847.2333333334,291364810.0,297877587.0,0.26,1.29,26974483313.297436,-3.55,178,23.38,94,-13.4,327,2.14,1.06,-0.69,0.05,0.77,2.3,0.089,19.13,False,False,False,False,True,True,True,False,True,True,False,True,False,True,False,False,2026-10-22,False,False,5,below 200-MA,"near21, BB",6,https://www.tradingview.com/chart/?symbol=NASDAQ:INSM&interval=D,False,False,False
RBLX,Roblox Corporation,NYSE,Packaged Software,47.54,46.1,42.67,40.88,44.06,45.8,50.57,58.04,46.19,44.12,48.79,46.85,4.58,4.93,2.34,9126810.5,10838619.2,515267957.0,443097204.0,0.23,1.52,33961432119.241833,25.6,22,-2.92,211,-16.72,341,1.99,1.6,11.42,1.57,0.83,29.4,0.384,32.35,False,True,True,False,False,False,True,False,False,False,False,True,False,True,False,False,2026-11-11,False,False,5,below 200-MA,EMA,5,https://www.tradingview.com/chart/?symbol=NYSE:RBLX&interval=D,True,False,False
CLS,"Celestica, Inc.",NYSE,Electronic Components,335.02,324.93,312.12,315.81,323.96,351.27,335.89,328.68,322.95,319.96,353.96,334.14,4.83,6.13,20.53,2254435.7,2487208.933333333,833264737.0,785479650.0,0.44,4.3,42249746948.59245,1.41,140,-14.39,263,18.27,188,1.76,0.56,7.34,0.77,0.97,4.3,0.212,11.69,False,True,True,True,False,True,True,False,False,True,False,True,False,True,False,False,2026-10-26,False,True,5,large gap,"EMA, near21",7,https://www.tradingview.com/chart/?symbol=NYSE:CLS&interval=D,False,False,False
DIOD,Diodes Incorporated,NASDAQ,Semiconductors,91.42,91.08,90.78,94.41,92.05,98.99,90.67,81.68,91.01,91.67,93.5,91.42,4.18,5.53,5.06,417199.6,637317.6666666666,58263581.0,60169904.0,0.21,3.76,4210046831.078832,-11.25,274,-19.28,293,35.2,141,1.56,-0.12,0.7,0.05,0.41,0.0,0.077,18.93,False,False,False,True,True,True,True,True,True,True,False,True,False,False,False,False,2026-11-05,False,True,4,"thin RVOL, large gap","near21, ADR, BB",8,https://www.tradingview.com/chart/?symbol=NASDAQ:DIOD&interval=D,False,False,False
OWL,Blue Owl Capital Inc.,NYSE,Investment Managers,10.1,10.76,11.27,11.5,10.83,10.22,10.05,11.29,10.65,10.98,10.4,10.1,4.08,4.09,0.41,18040158.1,18442839.4,186364892.0,212015808.0,0.2,2.47,15754627082.404152,-12.44,291,5.26,166,10.44,215,1.09,-1.64,-10.36,1.95,0.73,1.2,0.246,12.22,False,False,False,False,False,False,True,True,False,True,False,True,False,True,False,False,2026-10-29,False,True,4,"below 200-MA, large gap",ADR,4,https://www.tradingview.com/chart/?symbol=NYSE:OWL&interval=D,False,False,False
VRDN,"Viridian Therapeutics, Inc.",NASDAQ,Pharmaceuticals: Major,22.02,22.38,23.05,23.06,21.59,19.19,20.65,23.45,22.36,22.51,22.97,21.91,4.04,4.16,0.92,1212660.4,1448192.8333333333,31889206.0,33399189.0,0.25,1.96,2494695775.7834225,-4.26,187,28.4,82,-20.88,363,1.09,0.48,-4.46,0.52,1.16,12.0,0.154,19.33,False,False,False,False,False,True,False,False,False,True,True,True,False,False,False,False,2026-11-16,False,False,4,"thin RVOL, below 200-MA",near21,3,https://www.tradingview.com/chart/?symbol=NASDAQ:VRDN&interval=D,False,False,False
ASO,"Academy Sports and Outdoors, Inc.",NASDAQ,Specialty Stores,50.34,49.95,46.98,47.38,47.58,49.31,51.97,52.62,49.98,48.56,51.12,49.9,4.12,4.38,2.2,2594746.2,1996736.7666666666,100525713.0,94600063.0,0.14,0.28,3100189192.28689,7.53,95,0.39,194,-4.97,284,0.98,1.33,7.16,0.84,0.55,20.2,0.357,11.19,False,True,True,False,False,True,True,True,False,True,False,True,False,False,False,False,2026-12-03,False,False,4,"thin RVOL, below 200-MA","EMA, near21, ADR",7,https://www.tradingview.com/chart/?symbol=NASDAQ:ASO&interval=D,False,False,False
HIMS,"Hims & Hers Health, Inc.",NYSE,Medical/Nursing Services,27.93,27.91,29.23,29.41,30.34,29.58,26.69,28.03,28.2,28.8,28.92,27.65,4.71,6.0,1.67,8204218.8,11103937.0,310132960.0,326511267.0,0.4,2.68,6516443653.0199995,0.29,145,-14.33,262,16.62,193,0.86,-1.33,-4.45,0.5,0.76,16.7,0.244,13.09,False,False,False,False,False,True,True,False,False,True,False,True,False,False,False,False,2026-11-09,False,True,3,"thin RVOL, below 200-MA, large gap",near21,4,https://www.tradingview.com/chart/?symbol=NYSE:HIMS&interval=D,False,False,False
IRTC,"iRhythm Holdings, Inc.",NASDAQ,Medical Specialties,112.64,116.37,119.4,120.75,118.7,117.19,120.01,132.14,115.26,117.66,112.78,111.19,4.21,4.45,5.02,527889.5,617121.5333333333,69509484.0,74517219.0,0.28,0.58,3712788065.0524063,-3.71,181,10.65,143,-4.64,283,0.77,-1.15,-5.67,0.96,0.32,28.8,0.177,14.01,False,False,False,False,False,True,True,True,False,True,False,True,False,False,False,False,2026-10-29,False,False,4,"thin RVOL, below 200-MA","near21, ADR",5,https://www.tradingview.com/chart/?symbol=NASDAQ:IRTC&interval=D,False,False,False
RXO,"RXO, Inc.",NYSE,Packaged Software,19.34,19.71,20.58,21.14,22.83,23.54,20.77,19.23,19.76,20.54,19.62,19.19,5.28,5.67,1.1,1526820.5,1525870.8,29510341.0,32259960.0,0.17,1.83,3189671384.203355,-16.42,356,-22.89,311,41.48,125,0.72,-2.7,-6.05,1.03,0.39,13.7,0.215,22.28,False,False,False,True,False,True,True,True,False,True,False,True,False,False,False,False,2026-11-05,False,False,5,thin RVOL,"near21, ADR",6,https://www.tradingview.com/chart/?symbol=NYSE:RXO&interval=D,False,False,False
M,Macy's Inc,NYSE,Department Stores,21.66,22.02,22.25,22.86,23.38,22.58,21.43,21.61,22.0,22.39,22.21,21.56,4.28,4.25,0.92,7416153.5,5903373.9,127837562.0,134959982.0,0.17,0.92,5655779908.451628,-8.05,229,-11.03,248,20.37,181,0.43,-1.74,-2.68,0.77,0.71,10.3,0.107,9.01,False,False,False,True,True,True,True,True,False,True,False,True,False,False,False,False,2026-11-12,False,False,5,thin RVOL,"near21, ADR",7,https://www.tradingview.com/chart/?symbol=NYSE:M&interval=D,False,False,False
ERAS,"Erasca, Inc.",NASDAQ,Pharmaceuticals: Major,15.96,16.01,16.89,17.34,17.95,15.57,15.63,13.36,16.17,16.72,16.32,15.71,6.47,6.84,1.09,3966636.9,3633577.933333333,57991904.0,63006241.0,0.29,3.06,5582201776.648438,-12.26,289,9.02,148,3.91,246,0.22,-1.62,-5.51,0.66,0.56,22.9,0.264,28.73,False,False,False,True,False,True,True,True,False,True,False,True,False,False,False,False,2026-11-11,False,True,4,"thin RVOL, large gap","near21, ADR",6,https://www.tradingview.com/chart/?symbol=NASDAQ:ERAS&interval=D,False,False,False
ARQT,"Arcutis Biotherapeutics, Inc.",NASDAQ,Pharmaceuticals: Major,24.91,24.19,24.37,24.94,25.98,24.69,24.53,25.4,24.47,24.66,25.95,24.42,4.14,4.57,1.14,2595585.9,2046369.5,50975064.0,51029293.0,0.71,-0.73,3130986729.8894415,-2.35,167,-6.67,225,9.45,217,0.14,-0.9,2.23,0.22,1.35,43.1,0.118,7.19,False,False,False,False,True,True,False,False,False,True,True,True,False,False,False,False,2026-10-29,False,False,4,"thin RVOL, below 200-MA",near21,4,https://www.tradingview.com/chart/?symbol=NASDAQ:ARQT&interval=D,False,False,False
NKTR,Nektar Therapeutics,NASDAQ,Pharmaceuticals: Major,68.59,71.08,72.24,73.08,71.78,70.59,72.25,65.32,70.0,71.34,68.9,67.34,4.12,4.16,2.85,816451.7999999996,630494.9666666655,43245650.0,46076572.0,0.19,0.85,2341867857.967201,-4.74,195,13.18,135,-8.42,298,0.01,-1.07,-5.05,0.93,0.55,43.8,0.152,10.11,False,False,False,True,False,True,True,True,False,True,False,True,False,False,False,False,2026-11-05,False,False,5,thin RVOL,"near21, ADR",6,https://www.tradingview.com/chart/?symbol=NASDAQ:NKTR&interval=D,False,False,False
AMBA,"Ambarella, Inc.",NASDAQ,Semiconductors,65.43,65.08,67.68,72.15,72.34,73.22,67.99,68.42,65.76,68.12,65.63,63.85,5.98,6.42,4.2,2491514.2,1476565.3333333333,96611670.0,106534681.0,0.13,1.72,2888143827.7302856,-13.77,321,-3.82,214,17.13,190,-0.15,-1.49,-3.32,0.61,0.42,37.6,0.195,12.44,False,False,False,False,False,True,True,True,False,True,False,True,False,False,False,False,2026-12-01,False,False,4,"thin RVOL, below 200-MA","near21, ADR",5,https://www.tradingview.com/chart/?symbol=NASDAQ:AMBA&interval=D,False,False,False
SGRY,"Surgery Partners, Inc.",NASDAQ,Hospital/Nursing Management,13.46,14.01,14.03,14.33,14.93,14.74,14.35,14.66,13.93,14.16,14.15,13.26,5.07,5.21,0.7,1879662.1,2461848.7666666666,33136484.0,35271728.0,1.18,1.22,1762159800.0847094,-7.17,219,-6.27,224,12.64,207,-0.27,-1.89,-4.09,0.95,1.28,29.2,0.076,6.85,False,False,False,False,False,True,False,False,True,True,True,True,False,False,False,False,2026-11-10,False,False,4,"thin RVOL, below 200-MA","near21, BB",4,https://www.tradingview.com/chart/?symbol=NASDAQ:SGRY&interval=D,False,False,False
FOUR,"Shift4 Payments, Inc.",NYSE,Miscellaneous Commercial Services,41.68,43.31,44.33,44.36,47.14,45.12,46.05,50.63,43.16,44.15,42.85,41.64,6.63,6.83,2.85,1946126.8,2080589.6666666667,86718977.0,92301199.0,0.1,1.76,3291057543.340461,-6.38,208,5.09,169,0.41,262,-0.29,-1.7,-5.98,0.82,0.43,1.4,0.209,17.56,False,False,False,False,False,True,True,True,False,True,False,True,False,False,False,False,2026-11-11,False,False,4,"thin RVOL, below 200-MA","near21, ADR",5,https://www.tradingview.com/chart/?symbol=NYSE:FOUR&interval=D,False,False,False
MMYT,MakeMyTrip Limited,NASDAQ,Internet Software/Services,47.89,50.91,54.98,56.79,56.41,51.81,50.26,56.11,50.74,53.47,48.99,47.84,4.63,4.82,2.31,754339.9,530558.1666666666,25408431.0,30131990.0,0.11,2.03,4504469283.835353,-19.27,389,4.11,173,13.64,203,-0.5,-3.13,-12.89,2.16,0.5,2.2,0.347,12.83,False,False,False,False,False,False,True,True,False,True,False,True,False,False,False,False,2026-11-03,False,True,3,"thin RVOL, below 200-MA, large gap",ADR,4,https://www.tradingview.com/chart/?symbol=NASDAQ:MMYT&interval=D,False,False,False
COIN,"Coinbase Global, Inc.",NASDAQ,Investment Banks/Brokers,168.89,177.55,179.6,169.89,165.84,171.22,175.66,189.52,174.77,173.98,171.38,165.73,5.84,6.89,11.63,9701631.4,9610267.1,1623078011.0,1632681871.0,0.47,3.22,44559430930.0,14.11,48,0.68,193,-16.6,339,-0.6,0.27,-5.96,0.43,0.49,27.2,0.174,14.02,False,False,False,False,False,True,True,True,False,True,False,True,False,True,False,False,2026-10-29,False,True,4,"below 200-MA, large gap","near21, ADR",5,https://www.tradingview.com/chart/?symbol=NASDAQ:COIN&interval=D,False,False,False
CHWY,"Chewy, Inc.",NYSE,Internet Retail,20.94,21.76,22.77,22.79,22.41,21.8,23.15,25.33,21.62,22.2,21.18,20.69,4.91,5.02,1.05,10651061.4,7865899.1,164751257.0,179283505.0,0.16,0.57,8418366176.625299,-5.91,205,17.54,118,-13.59,328,-0.65,-1.3,-8.01,1.12,0.47,24.1,0.248,17.05,False,False,False,False,False,True,True,True,False,True,False,True,False,False,False,False,2026-12-03,False,False,4,"thin RVOL, below 200-MA","near21, ADR",5,https://www.tradingview.com/chart/?symbol=NYSE:CHWY&interval=D,False,False,False
DLTR,"Dollar Tree, Inc.",NASDAQ,Discount Stores,112.92,119.9,125.39,126.84,126.43,116.08,115.03,117.65,118.62,122.69,113.66,111.66,4.05,4.03,4.55,2736096.3,2444291.7666666666,275997205.0,310034375.0,0.23,0.69,21186275025.134613,-14.35,332,4.22,172,6.97,233,-1.05,-2.65,-9.95,1.98,0.44,27.5,0.241,10.1,False,False,False,False,False,False,True,True,False,True,False,True,False,True,False,False,2026-11-24,False,False,5,below 200-MA,ADR,4,https://www.tradingview.com/chart/?symbol=NASDAQ:DLTR&interval=D,False,False,False
ASM,Avino Silver & Gold Mines Ltd.,AMEX,Precious Metals,6.3,6.79,7.12,7.1,6.57,6.58,6.88,7.0,6.62,6.83,6.34,6.15,5.98,6.61,0.42,4155826.7,4383488.033333333,27637892.0,31123496.0,0.35,5.36,1070937499.4250599,-10.57,260,-5.9,223,13.2,205,-1.09,-0.6,-11.44,1.15,0.47,37.1,0.308,8.77,False,False,False,False,False,True,True,True,False,True,False,True,False,False,False,False,2026-11-11,False,True,3,"thin RVOL, below 200-MA, large gap","near21, ADR",5,https://www.tradingview.com/chart/?symbol=AMEX:ASM&interval=D,False,False,False
ATI,ATI Inc.,NYSE,Other Metals/Minerals,182.31,197.36,202.99,210.99,202.91,189.37,177.28,162.36,194.66,200.7,197.0,180.68,4.38,4.83,8.81,1384083.2,1746173.1333333333,318344824.0,368429144.0,0.38,3.88,24825223894.62647,-19.95,393,-8.86,237,25.05,164,-1.26,-2.1,-10.19,1.9,1.85,18.5,0.185,22.29,False,False,False,True,False,False,False,False,False,False,True,True,False,True,False,False,2026-11-03,False,True,5,large gap,,3,https://www.tradingview.com/chart/?symbol=NYSE:ATI&interval=D,False,False,False
SUNB,"Sunbelt Rentals Holdings, Inc.",NYSE,Finance/Rental/Leasing,74.12,71.46,72.42,75.27,74.92,75.87,,,72.41,73.08,76.04,72.92,4.1,4.11,3.05,8126586.3,6015274.366666666,445852136.0,452759676.0,0.29,4.06,30371773197.572365,-9.34,243,-9.16,238,14.03,202,-1.49,-0.26,2.35,0.35,1.02,39.4,0.175,5.94,False,False,False,False,True,True,False,False,False,True,True,True,False,True,False,False,2026-12-30,False,True,4,"below 200-MA, large gap",near21,4,https://www.tradingview.com/chart/?symbol=NYSE:SUNB&interval=D,False,False,False
SEI,"Solaris Energy Infrastructure, Inc.",NYSE,Oilfield Services/Equipment,68.89,62.76,57.46,58.44,58.74,66.36,63.44,60.33,62.73,60.27,69.91,66.97,5.05,6.65,4.58,2893456.3,2572057.9,177189069.0,150322209.0,0.35,3.72,5274668494.841177,8.56,83,-19.01,291,5.58,240,-1.62,2.6,19.89,2.15,0.64,41.9,0.448,12.92,True,True,True,True,False,False,True,False,False,False,False,True,False,False,False,False,2026-11-02,False,True,4,"thin RVOL, large gap",EMA,7,https://www.tradingview.com/chart/?symbol=NYSE:SEI&interval=D,False,False,False
VCYT,"Veracyte, Inc.",NASDAQ,Medical Specialties,39.86,41.61,42.51,42.99,47.95,47.25,42.73,42.52,41.16,42.65,40.16,38.8,5.04,5.41,2.16,1069649.7,1182244.1333333333,47130162.0,50822508.0,0.3,3.04,3204776523.931818,-4.63,191,-23.28,314,22.59,173,-1.77,-3.12,-6.21,1.21,0.63,49.3,0.166,15.9,False,False,False,False,False,True,True,True,False,True,False,True,False,False,False,False,2026-11-10,False,True,3,"thin RVOL, below 200-MA, large gap","near21, ADR",5,https://www.tradingview.com/chart/?symbol=NASDAQ:VCYT&interval=D,False,False,False
ACMR,"ACM Research, Inc.",NASDAQ,Industrial Machinery,67.02,70.16,73.17,75.87,79.87,80.64,70.68,64.77,69.32,72.71,68.5,65.94,5.82,7.55,5.06,745856.2999999998,871690.9333333339,58416368.0,66133157.0,0.22,4.43,4667540765.809318,-17.06,362,-34.47,381,45.43,120,-2.03,-2.13,-8.42,1.04,0.51,21.2,0.274,23.67,False,False,False,True,False,True,True,True,False,True,False,True,False,False,False,False,2026-11-11,False,True,4,"thin RVOL, large gap","near21, ADR",6,https://www.tradingview.com/chart/?symbol=NASDAQ:ACMR&interval=D,False,False,False
SHLS,"Shoals Technologies Group, Inc.",NASDAQ,Semiconductors,7.52,7.15,7.09,7.52,8.37,9.12,8.44,8.6,7.16,7.35,7.54,7.07,5.34,6.67,0.5,4034461.4,4478232.366666666,33676307.0,33658394.0,0.59,3.81,1265615711.108504,-7.5,221,-23.11,313,24.5,166,-2.04,-1.52,6.01,0.34,0.93,89.7,0.132,26.94,False,False,False,False,False,True,True,False,False,True,False,False,False,False,False,False,2026-11-10,False,True,2,"LoD>60% ATR, thin RVOL, below 200-MA, large gap",near21,3,https://www.tradingview.com/chart/?symbol=NASDAQ:SHLS&interval=D,False,False,False
SPCX,Space Exploration Technologies Corp,NASDAQ,Specialty Telecommunications,153.9,149.45,144.35,142.13,134.6,,,,148.45,144.98,156.87,152.63,4.25,4.93,7.59,87071473.6,98636140.63333334,15179608863.0,14018776563.0,0.53,1.94,2088519775021.8604,9.36,75,-18.31,284,2.6,253,-2.12,2.91,6.61,1.25,0.56,16.7,0.164,9.65,False,True,True,False,False,True,True,True,False,True,False,True,False,True,False,False,2026-11-05,False,False,5,below 200-MA,"EMA, near21, ADR",7,https://www.tradingview.com/chart/?symbol=NASDAQ:SPCX&interval=D,False,False,False
KVYO,"Klaviyo, Inc. Series A",NYSE,Packaged Software,15.86,17.15,18.09,18.0,17.89,16.89,17.49,19.95,17.05,17.6,16.23,15.78,5.9,6.57,1.04,5601275.6,6357315.633333334,100858813.0,114411550.0,0.29,-0.8,4517200569.521565,-10.77,262,18.4,114,-14.24,332,-2.21,-1.73,-12.3,1.5,0.43,8.2,0.33,19.3,False,False,False,False,False,False,True,True,False,True,False,True,False,False,False,False,2026-11-11,False,False,4,"thin RVOL, below 200-MA",ADR,4,https://www.tradingview.com/chart/?symbol=NYSE:KVYO&interval=D,False,False,False
HCC,"Warrior Met Coal, Inc.",NYSE,Coal,92.16,98.9,102.73,100.67,92.67,91.2,90.0,89.92,97.45,98.82,95.91,91.46,4.64,4.91,4.52,538363.6,572221.1,52737499.0,57603835.0,0.3,1.53,4866388144.361816,-5.21,200,-2.67,207,0.56,260,-2.44,-0.11,-10.28,1.37,0.98,15.4,0.213,13.89,False,False,False,True,False,True,True,False,False,True,False,True,False,False,False,False,2026-11-04,False,False,5,thin RVOL,near21,5,https://www.tradingview.com/chart/?symbol=NYSE:HCC&interval=D,False,False,False
RYTM,"Rhythm Pharmaceuticals, Inc.",NASDAQ,Pharmaceuticals: Major,99.74,101.44,105.3,108.58,107.72,100.85,97.16,99.43,101.6,104.34,102.0,99.48,4.15,4.36,4.35,563355.3,547826.8333333334,54640577.0,59484966.0,0.48,3.22,6867348049.489654,-13.46,310,2.24,184,3.13,250,-2.7,-1.7,-5.28,1.01,0.58,6.0,0.18,10.59,False,False,False,True,False,True,True,True,False,True,False,True,False,False,False,False,2026-11-10,False,True,4,"thin RVOL, large gap","near21, ADR",6,https://www.tradingview.com/chart/?symbol=NASDAQ:RYTM&interval=D,False,False,False
WRBY,Warby Parker Inc.,NYSE,Specialty Stores,23.97,24.35,24.96,25.36,25.92,25.9,25.04,25.08,24.43,24.89,24.43,23.58,4.89,5.68,1.36,2591109.9,2505242.8,60050670.0,63532957.0,0.19,2.76,2962884805.315923,-5.48,201,-2.16,202,-0.75,268,-2.8,-1.32,-3.95,0.65,0.62,28.5,0.179,6.51,False,False,False,False,False,True,True,True,False,True,False,True,False,False,False,False,2026-11-05,False,True,3,"thin RVOL, below 200-MA, large gap","near21, ADR",5,https://www.tradingview.com/chart/?symbol=NYSE:WRBY&interval=D,False,False,False
AESI,Atlas Energy Solutions Inc.,NYSE,Oilfield Services/Equipment,13.69,13.73,13.17,12.8,12.76,15.03,14.16,13.25,13.56,13.26,14.14,13.61,4.94,5.65,0.77,2891717.1,2873416.4,39337071.0,36785477.0,0.11,0.59,1711297275.393515,7.2,99,-16.12,274,0.44,261,-2.82,1.29,3.92,0.57,0.68,10.3,0.212,16.59,False,False,True,True,False,True,True,False,False,True,False,True,False,False,False,False,2026-11-02,False,False,5,thin RVOL,"EMA, near21",6,https://www.tradingview.com/chart/?symbol=NYSE:AESI&interval=D,False,False,False
FRPT,"Freshpet, Inc.",NASDAQ,Food: Specialty/Candy,61.85,65.37,69.16,69.81,65.35,59.79,63.31,63.79,64.96,66.83,63.38,61.22,4.02,4.19,2.59,977121.5,1101449.8666666667,68124674.0,76895887.0,0.27,2.02,2972391877.677737,-15.03,339,9.78,145,-3.4,278,-2.88,-1.28,-10.57,1.78,0.83,24.3,0.266,15.14,False,False,False,False,False,False,True,False,False,False,False,True,False,False,False,False,2026-11-09,False,True,3,"thin RVOL, below 200-MA, large gap",,3,https://www.tradingview.com/chart/?symbol=NASDAQ:FRPT&interval=D,False,False,False
BTU,Peabody Energy Corporation,NYSE,Coal,27.66,28.16,28.26,27.13,25.4,25.42,27.84,29.03,27.9,27.58,27.96,27.22,4.18,4.42,1.22,2150355.5,2166559.2,59927027.0,58775140.0,0.22,0.59,3371754088.9974403,8.73,81,8.05,153,-26.44,388,-3.22,2.01,-2.14,0.07,0.61,36.0,0.136,13.1,False,False,False,False,True,True,True,True,False,True,False,True,False,False,False,False,2026-10-29,False,False,4,"thin RVOL, below 200-MA","near21, ADR",6,https://www.tradingview.com/chart/?symbol=NYSE:BTU&interval=D,False,False,False
RDDT,"Reddit, Inc.",NYSE,Internet Software/Services,151.71,155.07,154.12,155.8,164.76,165.97,158.46,172.86,155.45,156.16,156.53,149.21,4.77,5.54,8.4,4123857.6,6039506.766666667,916253572.0,940937036.0,0.67,-1.83,29188477247.670494,-8.66,234,-10.23,243,9.14,219,-3.25,-1.43,-1.56,0.51,0.87,29.8,0.123,12.36,False,False,False,False,True,True,True,False,False,True,False,True,False,True,False,False,2026-11-04,False,False,5,below 200-MA,near21,5,https://www.tradingview.com/chart/?symbol=NYSE:RDDT&interval=D,False,False,False
RDW,Redwire Corporation,NYSE,Aerospace & Defense,11.42,10.78,10.96,11.67,10.69,12.39,11.35,10.8,10.89,11.01,11.72,11.13,5.16,6.44,0.74,11020652.5,13619517.2,155534886.0,158980624.0,0.53,3.48,2854915650.75811,-9.37,245,-18.95,290,18.1,189,-3.41,1.05,4.24,0.58,0.81,39.4,0.177,14.81,False,True,False,True,False,True,True,False,False,True,False,True,False,False,False,False,2026-11-11,False,True,4,"thin RVOL, large gap",near21,6,https://www.tradingview.com/chart/?symbol=NYSE:RDW&interval=D,False,False,False
ADSK,"Autodesk, Inc.",NASDAQ,Packaged Software,218.1,219.21,236.83,241.15,233.03,228.24,232.12,243.94,223.91,230.52,220.53,216.4,4.02,4.49,9.79,2403289.3,2047852.0,446636521.0,493845995.0,0.19,-0.7,45582899495.115974,-11.09,268,12.1,138,-11.32,315,-3.44,-1.43,-7.91,1.2,0.42,17.4,0.328,11.34,False,False,False,False,False,True,True,True,False,True,False,True,False,True,False,False,2026-12-01,False,False,5,below 200-MA,"near21, ADR",5,https://www.tradingview.com/chart/?symbol=NASDAQ:ADSK&interval=D,False,False,False
IONQ,"IonQ, Inc.",NYSE,Computer Processing Hardware,40.25,38.24,39.42,40.97,39.36,47.22,43.01,43.89,38.38,39.24,40.5,38.09,5.46,6.47,2.6,18451577.3,18858547.833333332,759056550.0,772684994.0,0.62,4.02,16306808272.618074,-9.27,237,-27.85,337,26.57,158,-3.52,0.35,2.12,0.4,0.93,83.0,0.218,22.31,False,True,False,False,True,True,True,False,False,True,False,False,False,True,False,False,2026-11-11,False,True,3,"LoD>60% ATR, below 200-MA, large gap",near21,5,https://www.tradingview.com/chart/?symbol=NYSE:IONQ&interval=D,False,False,False
TSEM,Tower Semiconductor Ltd.,NASDAQ,Semiconductors,215.99,208.89,210.95,223.6,226.35,237.79,212.47,190.51,207.93,213.62,221.27,212.01,4.39,6.48,13.99,1323997.6,1417414.7666666666,306147415.0,316928981.0,0.79,6.34,24369059187.97033,-13.53,316,-21.77,307,24.48,167,-3.61,-0.71,2.39,0.17,0.66,28.5,0.175,21.89,False,False,False,True,True,True,True,False,False,True,False,True,False,True,False,False,2026-11-16,False,True,5,large gap,near21,6,https://www.tradingview.com/chart/?symbol=NASDAQ:TSEM&interval=D,False,False,False
MIAX,"Miami International Holdings, Inc.",NYSE,Investment Banks/Brokers,38.3,41.31,42.07,42.43,42.95,43.93,43.01,43.13,40.63,41.65,38.47,37.7,4.31,4.58,1.76,1228539.8,1283417.5666666667,49154893.0,54451985.0,0.22,1.13,3800543408.5830703,-10.64,261,0.74,192,-1.77,272,-3.89,-2.36,-8.96,1.75,0.44,33.9,0.165,6.86,False,False,False,False,False,False,True,True,False,True,False,True,False,False,False,False,2026-11-11,False,False,4,"thin RVOL, below 200-MA",ADR,4,https://www.tradingview.com/chart/?symbol=NYSE:MIAX&interval=D,False,False,False
ORCL,Oracle Corporation,NYSE,Packaged Software,151.6,152.01,149.18,148.8,140.95,162.55,159.84,166.52,148.95,148.52,151.77,146.15,4.43,5.09,7.72,37595421.7,27492000.666666668,4167787301.0,4090791371.0,0.36,2.51,458398402057.62506,5.83,104,-17.16,278,-0.95,269,-4.09,1.48,1.62,0.41,0.73,70.6,0.171,16.87,False,False,True,False,True,True,True,False,False,True,False,False,False,True,False,False,2026-12-14,False,True,3,"LoD>60% ATR, below 200-MA, large gap","EMA, near21",5,https://www.tradingview.com/chart/?symbol=NYSE:ORCL&interval=D,False,False,False
FIGS,"FIGS, Inc.",NYSE,Apparel/Footwear,13.09,13.61,14.32,14.25,12.64,12.41,13.07,12.67,13.58,13.76,13.33,12.91,4.75,5.28,0.69,2788626.0,2851325.966666667,37323857.0,40632345.0,0.18,2.17,2174775662.451163,-8.08,231,6.94,159,-11.79,317,-4.31,0.67,-8.6,0.92,0.61,26.0,0.249,14.6,False,False,False,True,False,True,True,True,False,True,False,True,False,False,False,False,2026-11-05,False,True,4,"thin RVOL, large gap","near21, ADR",6,https://www.tradingview.com/chart/?symbol=NYSE:FIGS&interval=D,False,False,False
HLNE,Hamilton Lane Incorporated,NASDAQ,Investment Managers,89.24,96.67,101.07,101.58,95.71,89.98,94.4,105.38,95.55,98.05,92.04,88.67,4.26,4.31,3.84,481669.0,550154.6,49098547.0,55886446.0,0.23,2.37,4925040227.356309,-11.41,276,9.25,147,-10.9,314,-4.35,-1.57,-11.7,2.09,0.88,15.0,0.224,17.26,False,False,False,False,False,False,True,False,False,False,False,True,False,False,False,False,2026-11-10,False,True,3,"thin RVOL, below 200-MA, large gap",,3,https://www.tradingview.com/chart/?symbol=NASDAQ:HLNE&interval=D,False,False,False
TMDX,"TransMedics Group, Inc.",NASDAQ,Medical Specialties,85.84,86.62,88.14,88.1,82.89,78.65,92.56,102.79,86.58,86.58,89.41,85.52,5.31,5.1,4.38,671642.9,706993.5333333333,60688325.0,62284716.0,0.21,0.5,2976514294.6486983,-2.95,174,14.06,132,-24.52,379,-4.47,0.7,-2.61,0.17,0.89,7.3,0.165,28.11,False,False,False,False,True,True,True,False,False,True,False,True,False,False,False,False,2026-11-04,False,False,4,"thin RVOL, below 200-MA",near21,5,https://www.tradingview.com/chart/?symbol=NASDAQ:TMDX&interval=D,False,False,False
WEN,Wendy's Company (The),NASDAQ,Restaurants,7.1,7.53,8.05,8.1,7.87,7.59,7.46,7.65,7.53,7.79,7.19,7.07,4.29,5.01,0.36,5241044.4,8949103.266666668,63518050.0,72467661.0,0.27,1.28,1353318053.128677,-16.0,349,1.69,188,0.39,263,-4.64,-1.96,-11.86,1.78,0.34,7.8,0.314,8.38,False,False,False,False,False,False,True,True,False,True,False,True,False,False,False,False,2026-11-11,False,False,4,"thin RVOL, below 200-MA",ADR,4,https://www.tradingview.com/chart/?symbol=NASDAQ:WEN&interval=D,False,False,False
GLW,Corning Incorporated,NYSE,Electronic Components,148.31,154.39,151.54,154.94,155.84,172.71,163.86,146.73,151.29,153.06,155.75,147.81,4.11,6.16,9.13,8835701.6,8937238.733333332,1325481877.0,1384738748.0,0.46,4.99,127752502858.31502,-8.25,233,-18.66,287,12.05,208,-4.95,-0.78,-2.13,0.5,0.87,5.5,0.208,17.51,False,False,False,True,True,True,True,False,False,True,False,True,False,True,False,False,2026-11-03,False,True,5,large gap,near21,6,https://www.tradingview.com/chart/?symbol=NYSE:GLW&interval=D,False,False,False
CECO,CECO Environmental Corp.,NASDAQ,Industrial Machinery,70.86,73.8,72.46,73.37,74.26,79.41,73.78,71.16,72.22,72.95,73.99,70.67,5.24,6.24,4.42,715678.5,797026.5666666667,56481288.0,58479300.0,0.27,5.08,4150550754.279386,-15.01,338,-25.44,324,24.56,165,-5.29,-0.73,-2.2,0.46,0.75,4.4,0.172,11.64,False,False,False,False,True,True,True,False,False,True,False,True,False,False,False,False,2026-11-09,False,True,3,"thin RVOL, below 200-MA, large gap",near21,5,https://www.tradingview.com/chart/?symbol=NASDAQ:CECO&interval=D,False,False,False
GLXY,Galaxy Digital Inc.,NASDAQ,Investment Banks/Brokers,22.55,24.48,24.24,23.07,22.93,26.13,24.66,25.02,23.64,23.7,23.47,21.95,7.2,7.76,1.75,4711221.0,5661682.7,127670945.0,130599922.0,0.31,3.91,8814549091.59183,7.84,90,-34.29,379,10.54,214,-5.3,-0.21,-6.97,0.62,0.87,34.3,0.219,14.19,False,False,False,False,False,True,True,False,False,True,False,True,False,False,False,False,2026-10-27,False,True,3,"thin RVOL, below 200-MA, large gap",near21,4,https://www.tradingview.com/chart/?symbol=NASDAQ:GLXY&interval=D,False,False,False
VAL,Valaris Limited,NYSE,Contract Drilling,83.46,85.19,86.12,85.57,82.26,86.55,89.11,80.97,84.85,85.02,84.17,82.26,4.77,4.58,3.82,1353540.7,1173194.9,97914846.0,100389897.0,0.22,0.82,5795112156.246486,-5.18,199,2.12,187,-13.1,324,-5.39,0.32,-3.09,0.4,0.5,31.4,0.119,9.75,False,False,False,True,False,True,True,True,False,True,False,True,False,False,False,False,2026-11-03,False,False,5,thin RVOL,"near21, ADR",6,https://www.tradingview.com/chart/?symbol=NYSE:VAL&interval=D,False,False,False
CRCL,"Circle Internet Group, Inc.",NYSE,Packaged Software,83.42,92.3,90.96,84.35,76.1,84.99,88.94,85.79,88.71,87.3,84.66,81.51,7.58,8.11,6.77,15291675.2,14657258.8,1222652832.0,1236401438.0,0.46,3.17,21177359682.9787,14.57,46,3.91,176,-34.82,413,-5.45,1.18,-8.3,0.55,0.47,28.2,0.254,19.41,False,False,False,False,False,True,True,True,False,True,False,True,False,True,False,False,2026-11-18,False,True,4,"below 200-MA, large gap","near21, ADR",5,https://www.tradingview.com/chart/?symbol=NYSE:CRCL&interval=D,False,False,False
NG,Novagold Resources Inc.,AMEX,Precious Metals,7.52,7.65,8.25,8.07,7.19,7.44,8.36,8.75,7.61,7.78,7.54,7.13,5.34,6.35,0.48,5523057.7,5251796.433333334,39467250.0,42360115.0,0.61,4.01,3297436399.293991,-1.12,159,-9.89,240,-5.71,289,-5.57,0.71,-8.9,0.53,0.85,80.7,0.369,20.69,False,False,False,False,False,True,True,False,False,True,False,False,False,False,False,False,2026-10-06,False,True,2,"LoD>60% ATR, thin RVOL, below 200-MA, large gap",near21,3,https://www.tradingview.com/chart/?symbol=AMEX:NG&interval=D,False,False,False
BRUN,Boost Run Inc.,NASDAQ,Packaged Software,17.08,16.42,17.32,18.25,20.11,24.28,20.01,18.0,16.29,17.4,17.16,15.33,9.18,11.06,1.89,2078221.9,2346865.7,40084466.0,42822085.0,0.51,4.68,1432074982.8627968,-20.71,398,-52.01,441,54.99,101,-5.91,-1.36,-1.41,0.17,0.97,92.7,0.379,46.02,False,False,False,False,True,True,True,False,False,True,False,False,False,False,False,False,2026-12-02,False,True,2,"LoD>60% ATR, thin RVOL, below 200-MA, large gap",near21,4,https://www.tradingview.com/chart/?symbol=NASDAQ:BRUN&interval=D,False,False,False
RIG,Transocean Ltd (Switzerland),NYSE,Contract Drilling,5.6,5.73,5.79,5.75,5.53,5.81,6.0,5.62,5.71,5.72,5.65,5.54,4.81,4.69,0.26,44139577.0,42295024.03333333,237063610.0,243217536.0,0.35,0.72,6260113068.755415,-5.8,202,0.99,191,-12.97,323,-5.92,0.3,-3.24,0.42,0.4,22.8,0.122,8.4,False,False,False,False,False,True,True,True,False,True,False,True,False,False,False,False,2026-11-04,False,False,4,"thin RVOL, below 200-MA","near21, ADR",5,https://www.tradingview.com/chart/?symbol=NYSE:RIG&interval=D,False,False,False
CIFR,Cipher Digital Inc.,NASDAQ,Data Processing Services,17.39,16.81,16.3,16.59,18.46,20.53,18.87,18.38,16.52,16.77,18.44,16.57,7.88,9.95,1.73,37332766.5,35155466.53333333,611353563.0,583346375.0,0.64,7.86,7217384119.49701,-0.8,156,-37.45,397,19.85,183,-6.13,-0.58,6.67,0.37,1.08,47.4,0.248,24.29,False,False,False,False,False,True,False,False,False,True,True,True,False,False,False,False,2026-11-11,False,True,3,"thin RVOL, below 200-MA, large gap",near21,3,https://www.tradingview.com/chart/?symbol=NASDAQ:CIFR&interval=D,False,False,False
LUMN,"Lumen Technologies, Inc.",NYSE,Major Telecommunications,6.66,6.81,6.46,6.42,6.43,7.63,7.54,7.7,6.72,6.6,6.99,6.62,5.72,5.63,0.38,11672043.0,12522685.766666668,83463701.0,80439472.0,0.22,3.75,6874583899.768366,3.33,121,-19.41,295,-2.42,275,-6.16,0.64,3.1,0.16,0.97,10.7,0.254,19.07,False,False,False,False,False,True,True,False,False,True,False,True,False,False,False,False,2026-11-04,False,True,3,"thin RVOL, below 200-MA, large gap",near21,4,https://www.tradingview.com/chart/?symbol=NYSE:LUMN&interval=D,False,False,False
KGS,"Kodiak Gas Services, Inc.",NYSE,Oilfield Services/Equipment,59.23,61.08,60.45,60.91,61.62,65.93,63.06,57.02,60.05,60.62,60.25,58.54,4.16,4.72,2.79,1667532.8,1668730.8666666667,98838929.0,101636835.0,0.19,0.86,5988391943.007191,-9.66,248,-11.25,250,2.28,254,-6.21,-0.82,-2.02,0.49,0.61,24.7,0.143,15.04,False,False,False,True,True,True,True,True,False,True,False,True,False,False,False,False,2026-11-11,False,False,5,thin RVOL,"near21, ADR",7,https://www.tradingview.com/chart/?symbol=NYSE:KGS&interval=D,False,False,False
REAL,"The RealReal, Inc.",NASDAQ,Internet Retail,9.8,9.71,10.27,10.72,11.05,10.88,10.76,11.85,9.81,10.21,9.84,9.52,4.53,5.22,0.51,1912840.0,3023003.966666667,29610324.0,32409122.0,0.41,3.48,1191768559.8528478,-9.31,241,-17.41,280,7.17,232,-6.52,-2.18,-4.64,0.79,0.63,53.8,0.265,21.87,False,False,False,False,False,True,True,True,False,True,False,True,False,False,False,False,2026-11-09,False,True,3,"thin RVOL, below 200-MA, large gap","near21, ADR",5,https://www.tradingview.com/chart/?symbol=NASDAQ:REAL&interval=D,False,False,False
CRDO,Credo Technology Group Holding Ltd,NASDAQ,Information Technology Services,163.76,161.94,191.4,211.79,215.36,218.36,186.43,175.79,167.99,186.23,169.8,163.52,6.49,9.05,14.81,8435030.2,6574631.466666667,1076661649.0,1392411612.0,0.31,4.43,30779007392.897144,-38.65,450,-36.71,392,55.72,99,-6.54,-2.65,-14.44,1.33,0.42,1.6,0.692,34.45,False,False,False,False,False,True,True,True,False,True,False,True,False,True,False,False,2026-12-02,False,True,4,"below 200-MA, large gap","near21, ADR",5,https://www.tradingview.com/chart/?symbol=NASDAQ:CRDO&interval=D,False,False,False
WDC,Western Digital Corporation,NASDAQ,Computer Peripherals,424.94,445.75,450.62,457.3,484.46,511.68,442.55,384.49,438.59,452.6,433.2,416.31,4.94,6.8,28.88,5677500.0,6766860.266666662,2875509602.0,3094464899.0,0.44,2.47,153208260724.27737,-14.34,331,-44.39,425,37.29,136,-7.15,-1.81,-5.7,0.9,0.58,29.9,0.169,29.93,False,False,False,True,False,True,True,False,False,True,False,True,False,True,False,False,2026-10-22,False,True,5,large gap,near21,5,https://www.tradingview.com/chart/?symbol=NASDAQ:WDC&interval=D,False,False,False
FORM,"FormFactor, Inc.",NASDAQ,Semiconductors,111.66,107.29,106.55,112.22,110.67,122.03,116.7,104.34,107.31,108.46,112.68,109.25,4.56,6.67,7.45,985515.5,1028846.4,114880989.0,115458000.0,0.46,4.6,8722960411.82427,-13.63,320,-25.07,321,16.91,191,-7.26,0.13,4.8,0.44,0.46,32.4,0.235,15.84,False,True,False,True,False,True,True,True,False,True,False,True,False,False,False,False,2026-11-04,False,True,4,"thin RVOL, large gap","near21, ADR",7,https://www.tradingview.com/chart/?symbol=NASDAQ:FORM&interval=D,False,False,False
SYNA,Synaptics Incorporated,NASDAQ,Semiconductors,91.14,95.26,95.65,99.18,105.37,115.41,102.88,97.44,94.59,97.16,93.58,88.7,4.57,5.41,4.93,581985.1,656279.7333333333,59816616.0,65088402.0,0.37,2.91,3564405897.186464,-13.46,311,-34.34,380,25.98,160,-7.27,-2.49,-4.71,1.14,0.99,49.6,0.109,22.11,False,False,False,False,False,True,True,False,False,True,False,True,False,False,False,False,2026-11-05,False,True,3,"thin RVOL, below 200-MA, large gap",near21,4,https://www.tradingview.com/chart/?symbol=NASDAQ:SYNA&interval=D,False,False,False
DKNG,DraftKings Inc.,NASDAQ,Movies/Entertainment,23.54,24.15,24.53,24.61,24.48,24.96,24.44,26.5,24.23,24.37,24.35,23.41,4.34,4.55,1.07,8203235.1,10784634.666666666,253816377.0,265382898.0,0.4,-0.04,11684046525.745377,-6.81,211,-9.97,241,-5.52,286,-7.43,-0.84,-4.07,0.75,0.88,11.7,0.127,9.96,False,False,False,False,False,True,True,False,False,True,False,True,False,True,False,False,2026-10-30,False,False,5,below 200-MA,near21,4,https://www.tradingview.com/chart/?symbol=NASDAQ:DKNG&interval=D,False,False,False
VKTX,"Viking Therapeutics, Inc.",NASDAQ,Pharmaceuticals: Major,30.01,32.03,32.82,33.18,34.21,33.25,33.3,33.33,31.46,32.44,30.54,29.9,4.58,4.88,1.47,1892351.6,1793704.5666666667,53829074.0,59507943.0,0.32,2.44,3500754748.9186997,-10.2,258,-1.57,199,-10.74,312,-7.51,-2.51,-8.55,1.54,0.44,7.5,0.186,7.25,False,False,False,False,False,False,True,True,False,True,False,True,False,False,False,False,2026-10-28,False,True,3,"thin RVOL, below 200-MA, large gap",ADR,4,https://www.tradingview.com/chart/?symbol=NASDAQ:VKTX&interval=D,False,False,False
BL,"BlackLine, Inc.",NASDAQ,Packaged Software,28.5,29.87,31.09,30.67,30.49,29.69,31.56,37.1,29.62,30.29,28.72,27.51,4.64,5.24,1.49,815265.8,1011287.2,28826742.0,31011628.0,0.23,-0.18,1656860836.331321,-4.41,189,6.96,157,-26.0,384,-7.82,-1.24,-8.3,1.13,0.81,66.6,0.229,25.99,False,False,False,False,False,True,True,False,False,True,False,False,False,False,False,False,2026-10-29,False,False,3,"LoD>60% ATR, thin RVOL, below 200-MA",near21,3,https://www.tradingview.com/chart/?symbol=NASDAQ:BL&interval=D,False,False,False
IREN,IREN Limited,NASDAQ,Data Processing Services,43.52,43.7,41.63,41.75,40.28,47.14,45.28,45.55,42.81,42.16,46.17,42.34,6.26,7.22,3.14,35061287.0,41677141.63333333,1813847552.0,1739973985.0,0.72,6.76,17127300219.903418,-0.09,151,-28.97,347,4.47,245,-8.2,1.11,4.55,0.45,1.22,37.6,0.274,15.75,False,False,True,False,False,True,False,False,False,True,True,True,False,True,False,False,2026-12-01,False,True,4,"below 200-MA, large gap","EMA, near21",4,https://www.tradingview.com/chart/?symbol=NASDAQ:IREN&interval=D,False,False,False
ACHR,Archer Aviation Inc.,NYSE,Aerospace & Defense,5.36,5.54,5.72,5.91,5.49,5.63,5.8,6.37,5.51,5.63,5.39,5.28,4.41,5.88,0.31,21331253.6,33174418.233333334,177649010.0,196044225.0,0.43,1.92,4123477303.3275867,-13.21,305,-1.74,200,-10.75,313,-8.57,-0.42,-6.36,0.83,0.35,23.8,0.186,16.34,False,False,False,False,False,True,True,True,False,True,False,True,False,False,False,False,2026-11-05,False,False,4,"thin RVOL, below 200-MA","near21, ADR",5,https://www.tradingview.com/chart/?symbol=NYSE:ACHR&interval=D,False,False,False
QBTS,D-Wave Quantum Inc.,NASDAQ,Computer Processing Hardware,17.58,16.87,17.43,18.39,18.4,20.95,19.81,21.3,16.99,17.52,17.67,16.64,4.2,6.09,1.07,14768861.4,14924238.266666668,262293488.0,274456742.0,0.72,3.81,6545632322.708973,-11.24,273,-25.72,328,10.95,213,-8.67,-0.74,0.84,0.05,0.96,87.3,0.246,25.21,False,False,False,False,True,True,True,False,False,True,False,False,False,False,False,False,2026-11-05,False,True,2,"LoD>60% ATR, thin RVOL, below 200-MA, large gap",near21,4,https://www.tradingview.com/chart/?symbol=NASDAQ:QBTS&interval=D,False,False,False
RGTI,"Rigetti Computing, Inc.",NASDAQ,Computer Processing Hardware,15.98,15.3,15.69,16.44,15.98,18.07,17.45,18.9,15.41,15.73,16.05,15.3,4.59,6.04,0.97,16394957.1,16886696.7,269810574.0,277628552.0,0.61,3.65,5332856747.836125,-9.23,236,-23.08,312,5.79,237,-8.84,0.0,1.84,0.26,0.78,70.1,0.193,22.52,False,True,False,False,True,True,True,False,False,True,False,False,False,False,False,False,2026-11-16,False,True,2,"LoD>60% ATR, thin RVOL, below 200-MA, large gap",near21,5,https://www.tradingview.com/chart/?symbol=NASDAQ:RGTI&interval=D,False,False,False
AXON,"Axon Enterprise, Inc.",NASDAQ,Aerospace & Defense,453.73,486.18,536.3,558.34,551.19,499.06,485.02,503.43,486.77,518.13,473.27,450.47,5.53,6.61,29.99,1090239.5,985436.1666666666,447121952.0,550207115.0,0.32,0.07,36859851775.87646,-23.82,415,6.79,160,-9.65,303,-8.89,-2.68,-15.4,1.88,0.76,10.9,0.452,14.58,False,False,False,False,False,False,True,False,False,False,False,True,False,True,False,False,2026-11-10,False,False,5,below 200-MA,,3,https://www.tradingview.com/chart/?symbol=NASDAQ:AXON&interval=D,False,False,False
MTSI,"MACOM Technology Solutions Holdings, Inc.",NASDAQ,Semiconductors,264.46,263.3,264.4,277.4,275.98,315.42,291.04,267.56,260.71,266.98,271.27,259.47,4.44,6.01,15.9,1291551.5,1299517.0666666667,343670283.0,360487117.0,0.34,3.4,20197055064.223072,-15.11,341,-30.82,356,18.93,186,-9.0,-0.69,0.02,0.16,0.74,31.4,0.169,19.71,False,False,False,False,True,True,True,False,False,True,False,True,False,True,False,False,2026-11-05,False,True,4,"below 200-MA, large gap",near21,5,https://www.tradingview.com/chart/?symbol=NASDAQ:MTSI&interval=D,False,False,False
MIR,"Mirion Technologies, Inc.",NYSE,Aerospace & Defense,15.88,16.18,15.58,15.53,15.76,16.92,17.96,19.68,15.86,15.77,16.24,15.76,4.12,4.26,0.68,3202779.5,3315222.8,52645738.0,51496461.0,0.15,2.15,3954717862.95202,1.79,135,-10.54,245,-18.31,347,-9.02,0.18,1.94,0.16,0.71,17.7,0.194,25.8,False,False,True,False,True,True,True,True,False,True,False,True,False,False,False,False,2026-11-03,False,True,3,"thin RVOL, below 200-MA, large gap","EMA, near21, ADR",7,https://www.tradingview.com/chart/?symbol=NYSE:MIR&interval=D,False,False,False
FMC,FMC Corporation,NYSE,Chemicals: Agricultural,10.74,11.83,11.62,11.2,11.13,11.91,13.05,13.44,11.42,11.45,10.87,10.64,6.26,5.73,0.62,2774659.1,2835605.2666666666,30454401.0,31771067.0,0.25,0.37,1344936254.6388888,4.58,114,-10.5,244,-22.23,370,-9.38,-0.62,-7.6,1.08,0.39,17.0,0.281,21.44,False,False,False,False,False,True,True,True,False,True,False,True,False,False,False,False,2026-11-03,False,False,4,"thin RVOL, below 200-MA","near21, ADR",5,https://www.tradingview.com/chart/?symbol=NYSE:FMC&interval=D,False,False,False
OLLI,"Ollie's Bargain Outlet Holdings, Inc.",NASDAQ,Department Stores,75.28,74.39,74.28,75.54,72.8,75.8,83.87,91.21,74.32,74.4,75.81,74.25,4.92,4.59,3.46,1671518.7,1616669.8,121702903.0,122122967.0,0.17,2.03,4471812949.558377,0.11,148,-2.66,206,-25.68,383,-9.41,0.74,1.35,0.26,0.45,29.8,0.091,24.46,False,True,False,False,True,True,True,True,True,True,False,True,False,False,False,False,2026-12-09,False,True,3,"thin RVOL, below 200-MA, large gap","near21, ADR, BB",8,https://www.tradingview.com/chart/?symbol=NASDAQ:OLLI&interval=D,False,False,False
POET,POET Technologies Inc.,NASDAQ,Electrical Products,7.55,7.67,7.73,8.1,7.93,9.79,8.8,8.26,7.6,7.78,7.77,7.5,5.16,6.8,0.51,8247725.3,9634987.666666705,72744157.0,78024130.0,0.33,3.92,1306588597.8648646,-14.01,324,-38.34,401,23.57,171,-9.59,-0.71,-2.37,0.43,0.54,10.7,0.197,28.03,False,False,False,False,True,True,True,True,False,True,False,True,False,False,False,False,2026-11-12,False,True,3,"thin RVOL, below 200-MA, large gap","near21, ADR",6,https://www.tradingview.com/chart/?symbol=NASDAQ:POET&interval=D,False,False,False
ONTO,Onto Innovation Inc.,NYSE,Electronic Equipment/Instruments,250.94,261.9,270.96,286.01,284.18,288.63,267.46,246.23,259.7,270.02,256.55,249.11,4.76,7.03,17.65,854933.6,987917.8666666667,247903170.0,282552578.0,0.19,4.36,12314445751.676325,-24.51,418,-25.76,329,21.24,176,-9.68,-1.66,-7.39,1.0,0.42,10.3,0.259,16.9,False,False,False,True,False,True,True,True,False,True,False,True,False,True,False,False,2026-10-29,False,True,5,large gap,"near21, ADR",6,https://www.tradingview.com/chart/?symbol=NYSE:ONTO&interval=D,False,False,False
PII,Polaris Inc.,NYSE,Recreational Products,56.07,58.89,61.23,63.82,66.66,66.95,63.67,64.74,58.62,61.18,56.51,55.25,4.02,4.24,2.38,679704.6,734585.4,41188203.0,46882954.0,0.21,2.19,3190580435.7774963,-17.53,372,-19.13,292,7.39,230,-9.75,-3.75,-8.43,1.97,0.53,34.5,0.19,14.38,False,False,False,False,False,False,True,True,False,True,False,True,False,False,False,False,2026-10-27,False,True,3,"thin RVOL, below 200-MA, large gap",ADR,4,https://www.tradingview.com/chart/?symbol=NYSE:PII&interval=D,False,False,False
PINS,"Pinterest, Inc.",NYSE,Internet Software/Services,18.44,19.3,21.02,21.84,22.43,21.53,20.51,21.67,19.45,20.57,18.81,18.39,4.19,4.5,0.83,13177741.8,11194479.7,206426206.0,244521020.0,0.38,0.48,10442811820.851475,-20.45,396,-8.74,236,-0.38,266,-9.86,-3.96,-12.27,2.3,0.51,6.6,0.367,16.98,False,False,False,False,False,False,True,True,False,True,False,True,False,True,False,False,2026-11-04,False,False,5,below 200-MA,ADR,4,https://www.tradingview.com/chart/?symbol=NYSE:PINS&interval=D,False,False,False
STNE,StoneCo Ltd.,NASDAQ,Miscellaneous Commercial Services,9.88,9.99,9.82,9.87,10.39,10.62,12.02,12.89,9.9,9.95,9.92,9.6,4.22,4.15,0.41,4211416.2,5855797.9,57855283.0,57793797.0,0.22,1.23,2403094948.3827157,6.7,101,-8.52,234,-27.78,394,-9.87,-1.18,0.59,0.17,0.78,68.3,0.125,31.03,False,False,False,False,True,True,True,False,False,True,False,False,False,False,False,False,2026-11-17,False,False,3,"LoD>60% ATR, thin RVOL, below 200-MA",near21,4,https://www.tradingview.com/chart/?symbol=NASDAQ:STNE&interval=D,False,False,False
COHR,Coherent Corp.,NYSE,Semiconductors,294.4,287.22,285.14,300.79,296.93,332.4,311.34,282.19,287.11,290.38,312.42,290.1,5.53,7.83,23.05,6123914.2,6929001.666666667,2039898091.0,2084174411.0,0.56,4.48,57653011434.473145,-9.31,240,-25.28,323,4.94,243,-9.88,-0.11,3.25,0.18,0.97,18.7,0.173,17.06,False,False,False,True,False,True,True,False,False,True,False,True,False,True,False,False,2026-11-11,False,True,5,large gap,near21,5,https://www.tradingview.com/chart/?symbol=NYSE:COHR&interval=D,False,False,False
ALNY,"Alnylam Pharmaceuticals, Inc.",NASDAQ,Pharmaceuticals: Major,241.05,251.36,246.1,239.04,249.31,272.85,289.19,313.22,246.11,246.04,245.0,239.5,4.52,4.46,10.74,1365999.6,1619055.8,390273401.0,387012622.0,0.15,1.35,32254690340.573612,6.53,102,-13.94,259,-22.5,372,-9.97,-0.74,-2.05,0.46,0.51,14.4,0.18,27.85,False,False,False,False,True,True,True,True,False,True,False,True,False,True,False,False,2026-10-29,False,False,5,below 200-MA,"near21, ADR",6,https://www.tradingview.com/chart/?symbol=NASDAQ:ALNY&interval=D,False,False,False
WFRD,Weatherford International plc,NASDAQ,Oilfield Services/Equipment,82.44,89.24,90.74,91.17,88.41,94.18,95.3,92.93,87.48,89.39,83.47,82.24,4.55,4.45,3.67,801416.0,865688.3,71363015.0,78920474.0,0.17,1.17,5992067869.3701105,-12.0,282,-12.92,254,-5.53,287,-10.15,-1.52,-9.16,1.75,0.33,5.2,0.204,8.35,False,False,False,False,False,False,True,True,False,True,False,True,False,False,False,False,2026-10-27,False,False,4,"thin RVOL, below 200-MA",ADR,4,https://www.tradingview.com/chart/?symbol=NASDAQ:WFRD&interval=D,False,False,False
XRAY,DENTSPLY SIRONA Inc.,NASDAQ,Medical Specialties,9.72,10.56,10.77,11.06,11.98,11.31,11.62,11.72,10.39,10.81,10.12,9.62,4.36,4.86,0.47,3635115.6,4012235.0,39018985.0,44388025.0,0.82,-0.3,1938716566.2475343,-13.48,312,-3.9,215,-13.32,326,-10.24,-3.87,-9.71,2.07,1.07,23.3,0.172,14.62,False,False,False,False,False,False,False,False,False,False,True,True,False,False,False,False,2026-10-29,False,False,4,"thin RVOL, below 200-MA",,2,https://www.tradingview.com/chart/?symbol=NASDAQ:XRAY&interval=D,False,False,False
RKT,"Rocket Companies, Inc.",NYSE,Finance/Rental/Leasing,12.57,13.4,13.62,13.81,13.83,13.99,14.56,15.96,13.24,13.52,13.45,12.38,4.56,5.26,0.66,26490664.5,25912383.866666667,325716074.0,357867210.0,0.42,3.17,35593460681.69017,-11.48,278,-6.72,227,-12.59,320,-10.26,-1.73,-7.69,1.33,1.62,28.7,0.141,20.36,False,False,False,False,False,True,False,False,False,True,True,True,False,True,False,False,2026-10-29,False,True,4,"below 200-MA, large gap",near21,3,https://www.tradingview.com/chart/?symbol=NYSE:RKT&interval=D,False,False,False
PLUG,"Plug Power, Inc.",NASDAQ,Electronic Production Equipment,2.17,2.12,2.16,2.18,2.16,2.68,2.57,2.48,2.11,2.14,2.18,2.07,4.23,5.5,0.12,46443215.1,58804607.266666666,127611878.0,127959021.0,0.62,2.72,3032053254.101881,-0.68,154,-20.51,300,-9.95,304,-10.38,0.05,0.7,0.22,0.96,83.9,0.137,25.58,False,True,False,False,True,True,True,False,False,True,False,False,False,False,False,False,2026-11-10,False,True,2,"LoD>60% ATR, thin RVOL, below 200-MA, large gap",near21,5,https://www.tradingview.com/chart/?symbol=NASDAQ:PLUG&interval=D,False,False,False
FSLR,"First Solar, Inc.",NASDAQ,Semiconductors,198.69,204.36,205.58,214.08,214.7,230.91,221.18,228.43,202.78,207.19,199.08,192.72,4.41,4.95,9.84,2097504.4,2137141.6,424628665.0,457517849.0,0.49,1.09,21353172915.868896,-9.48,246,-24.16,317,2.03,257,-10.54,-1.51,-3.35,0.83,0.65,60.7,0.106,13.37,False,False,False,False,False,True,True,True,False,True,False,False,False,True,False,False,2026-10-29,False,False,4,"LoD>60% ATR, below 200-MA","near21, ADR",4,https://www.tradingview.com/chart/?symbol=NASDAQ:FSLR&interval=D,False,False,False
CELC,Celcuity Inc.,NASDAQ,Medical Specialties,86.02,87.9,90.01,90.5,91.1,102.25,105.88,105.7,86.65,88.78,87.5,84.76,4.12,4.78,4.11,829997.0,797957.9,68640339.0,72217850.0,0.22,3.2,4209122790.076047,-6.88,215,-2.44,205,-22.36,371,-10.56,-1.17,-4.43,0.65,0.67,30.7,0.202,20.9,False,False,False,False,False,True,True,False,False,True,False,True,False,False,False,False,2026-11-18,False,True,3,"thin RVOL, below 200-MA, large gap",near21,4,https://www.tradingview.com/chart/?symbol=NASDAQ:CELC&interval=D,False,False,False
AVAV,"AeroVironment, Inc.",NASDAQ,Aerospace & Defense,163.87,150.59,150.33,161.79,157.19,165.32,181.68,207.43,153.67,154.49,167.76,159.0,5.18,5.86,9.6,3236973.5,1878287.1,307794907.0,303884626.0,0.29,2.26,8327988208.505593,-6.64,210,-4.06,217,-20.99,365,-10.56,0.73,9.01,1.04,0.91,50.7,0.16,34.84,False,True,False,False,False,True,True,False,False,True,False,True,False,False,False,False,2026-12-08,False,True,3,"thin RVOL, below 200-MA, large gap",near21,5,https://www.tradingview.com/chart/?symbol=NASDAQ:AVAV&interval=D,False,False,False
AKAM,"Akamai Technologies, Inc.",NASDAQ,Data Processing Services,106.86,106.43,107.16,111.02,114.52,122.95,116.9,110.3,106.57,108.51,109.84,104.31,4.03,4.53,4.84,3120566.3,3299973.9,352618711.0,366366952.0,0.38,0.56,15356839257.667446,-12.05,284,-17.34,279,-3.35,277,-10.91,-1.48,-0.28,0.34,1.14,52.5,0.075,15.46,False,False,False,False,True,True,False,False,True,True,True,True,False,True,False,False,2026-11-10,False,False,5,below 200-MA,"near21, BB",5,https://www.tradingview.com/chart/?symbol=NASDAQ:AKAM&interval=D,False,False,False
FTFT,Future FinTech Group Inc.,NASDAQ,Finance/Rental/Leasing,6.16,3.85,3.1,3.16,3.99,10.48,14.43,23.4,4.62,3.87,6.67,6.13,20.83,22.31,1.37,30258027.8,10713751.941666666,65995641.0,33892847.0,0.02,-7.86,49756541.21082858,81.6,4,-48.08,433,-67.92,450,-11.47,2.44,98.89,2.65,0.39,2.2,2.463,329.63,False,True,True,False,False,False,True,True,False,True,False,True,False,False,False,False,,False,True,3,"thin RVOL, below 200-MA, large gap","EMA, ADR",6,https://www.tradingview.com/chart/?symbol=NASDAQ:FTFT&interval=D,True,False,False
LRCX,Lam Research Corporation,NASDAQ,Industrial Machinery,268.5,291.49,298.88,306.23,308.67,317.05,289.78,266.53,285.61,295.92,281.4,267.8,4.02,5.78,15.51,8363412.499999988,7720667.699999939,2072999277.0,2364315511.0,0.39,4.17,335979714271.931,-17.18,366,-32.41,373,14.59,200,-11.66,-2.25,-10.16,1.6,0.88,4.5,0.224,18.82,False,False,False,True,False,False,True,False,False,False,False,True,False,True,False,False,2026-10-21,False,True,5,large gap,,4,https://www.tradingview.com/chart/?symbol=NASDAQ:LRCX&interval=D,False,False,False
WOLF,"Wolfspeed, Inc.",NYSE,Semiconductors,24.12,25.82,26.02,27.7,27.93,38.92,32.58,29.11,25.24,26.36,24.98,23.86,7.11,9.67,2.33,2008859.5000001148,3427041.8666666886,82660250.0,94915352.0,0.38,4.31,1276685320.988593,-24.86,421,-52.85,442,42.22,123,-11.83,-1.41,-7.31,0.88,0.48,10.9,0.218,54.3,False,False,False,False,False,True,True,True,False,True,False,True,False,False,False,False,2026-10-28,False,True,3,"thin RVOL, below 200-MA, large gap","near21, ADR",5,https://www.tradingview.com/chart/?symbol=NYSE:WOLF&interval=D,False,False,False
MRCY,Mercury Systems Inc,NASDAQ,Aerospace & Defense,87.51,83.52,85.98,93.57,96.74,99.75,93.85,91.23,85.18,88.17,90.06,87.44,4.15,5.01,4.38,657689.3,752599.5,65859982.0,70418227.0,0.19,2.32,5262512849.135243,-21.66,407,-25.88,331,11.56,210,-11.99,-1.91,1.78,0.15,0.6,1.6,0.185,18.54,False,False,False,False,True,True,True,True,False,True,False,True,False,False,False,False,2026-11-10,False,True,3,"thin RVOL, below 200-MA, large gap","near21, ADR",6,https://www.tradingview.com/chart/?symbol=NASDAQ:MRCY&interval=D,False,False,False
DPC,DPC Holdings PLC,NYSE,Electrical Products,40.36,41.44,42.5,45.51,46.28,,,,41.21,42.89,41.94,40.36,7.83,8.25,3.33,1180182.3,1056679.9666666666,42647603.0,48093732.0,0.15,2.18,6029502382.789474,-19.52,391,-8.27,233,-8.27,297,-12.02,-1.55,-5.04,0.72,0.47,0.0,0.196,11.98,False,False,False,False,False,True,True,True,False,True,False,True,False,False,False,False,2026-12-02,False,True,3,"thin RVOL, below 200-MA, large gap","near21, ADR",5,https://www.tradingview.com/chart/?symbol=NYSE:DPC&interval=D,False,False,False
FND,"Floor & Decor Holdings, Inc.",NYSE,Home Improvement Chains,47.1,47.66,50.07,53.02,54.31,52.66,54.27,57.43,47.82,49.99,48.47,46.68,4.09,4.49,2.11,2304485.7,2199512.8333333335,103586057.0,116621470.0,0.42,3.44,5015145145.448227,-17.16,365,-8.7,235,-10.4,308,-12.08,-2.96,-5.94,1.29,0.85,19.6,0.254,20.73,False,False,False,False,False,True,True,False,False,True,False,True,False,False,False,False,2026-10-29,False,True,3,"thin RVOL, below 200-MA, large gap",near21,4,https://www.tradingview.com/chart/?symbol=NYSE:FND&interval=D,False,False,False
AEO,"American Eagle Outfitters, Inc.",NYSE,Apparel/Footwear Retail,15.04,15.81,16.25,16.48,16.81,16.85,17.77,19.62,15.55,16.06,15.07,14.81,4.35,5.13,0.77,10077151.3,6450625.9,96985160.0,106303090.0,0.08,1.55,2519465144.1596894,-9.15,235,-13.44,258,-14.04,330,-12.21,-2.06,-7.46,1.25,0.34,29.0,0.23,25.34,False,False,False,False,False,True,True,True,False,True,False,True,False,False,False,False,2026-11-24,False,False,4,"thin RVOL, below 200-MA","near21, ADR",5,https://www.tradingview.com/chart/?symbol=NYSE:AEO&interval=D,False,False,False
COCO,"The Vita Coco Company, Inc.",NASDAQ,Food: Specialty/Candy,57.42,54.27,57.94,60.19,64.16,68.99,63.48,61.19,55.78,57.86,57.91,56.27,4.03,4.4,2.53,1699428.2,1120873.3,64360545.0,67470034.0,0.16,0.89,3295740459.2985635,-12.0,281,-32.02,370,7.23,231,-12.27,-2.39,-0.89,0.17,0.65,45.5,0.298,25.64,False,False,False,False,True,True,True,True,False,True,False,True,False,False,False,False,2026-11-04,False,False,4,"thin RVOL, below 200-MA","near21, ADR",6,https://www.tradingview.com/chart/?symbol=NASDAQ:COCO&interval=D,False,False,False
BTBT,"Bit Digital, Inc.",NASDAQ,Miscellaneous Commercial Services,1.5,1.57,1.53,1.5,1.49,1.67,1.64,1.76,1.52,1.52,1.53,1.47,7.31,8.32,0.12,28988384.6,29497147.7,44245722.0,44255554.0,0.3,4.9,540950252.097902,-2.6,171,-28.4,342,-6.25,291,-12.42,0.09,-2.1,0.15,0.48,24.0,0.245,18.03,False,False,False,False,True,True,True,True,False,True,False,True,False,False,False,False,2026-11-12,False,True,3,"thin RVOL, below 200-MA, large gap","near21, ADR",6,https://www.tradingview.com/chart/?symbol=NASDAQ:BTBT&interval=D,False,False,False
SEDG,"SolarEdge Technologies, Inc.",NASDAQ,Electrical Products,36.32,35.27,33.55,33.03,38.72,47.21,45.4,42.08,35.02,34.89,36.35,34.76,6.78,7.56,2.74,3608902.0,3376334.533333333,122611589.0,111509638.0,0.14,1.79,2234307463.6025085,21.52,29,-35.5,384,-23.5,375,-12.49,-0.82,8.24,0.54,0.58,56.7,0.247,37.62,False,False,True,False,False,True,True,True,False,True,False,True,False,False,False,False,2026-11-11,False,False,4,"thin RVOL, below 200-MA","EMA, near21, ADR",6,https://www.tradingview.com/chart/?symbol=NASDAQ:SEDG&interval=D,False,False,False
SOUN,"SoundHound AI, Inc.",NASDAQ,Packaged Software,6.04,6.37,6.71,6.92,6.69,7.24,7.31,8.12,6.34,6.57,6.11,5.99,4.38,5.4,0.33,22629800.4,27558061.033333335,166450689.0,190701782.0,0.31,2.87,2717259344.2360873,-12.08,287,-14.08,260,-11.44,316,-12.53,-1.8,-9.94,1.49,0.37,15.3,0.241,29.1,False,False,False,False,False,True,True,True,False,True,False,True,False,False,False,False,2026-11-05,False,True,3,"thin RVOL, below 200-MA, large gap","near21, ADR",5,https://www.tradingview.com/chart/?symbol=NASDAQ:SOUN&interval=D,False,False,False
RH,RH,NYSE,Specialty Stores,128.66,135.87,141.86,154.87,163.72,153.8,151.65,161.91,134.71,143.63,132.95,128.53,5.37,6.39,8.22,979297.7,743654.3666666667,95678571.0,115170991.0,0.2,3.99,2435940155.9122667,-27.06,430,-6.96,229,-3.6,280,-12.54,-3.35,-9.3,1.63,0.54,1.6,0.244,21.65,False,False,False,False,False,False,True,True,False,True,False,True,False,False,False,False,2026-12-03,False,True,3,"thin RVOL, below 200-MA, large gap",ADR,4,https://www.tradingview.com/chart/?symbol=NYSE:RH&interval=D,False,False,False
MP,MP Materials Corp.,NYSE,Other Metals/Minerals,49.55,51.82,54.43,54.58,51.0,56.02,56.43,57.33,51.42,52.65,50.51,49.22,4.77,5.58,2.76,4548731.6,5842248.3,289483403.0,318871860.0,0.29,2.92,8824934236.508469,-12.07,286,-19.29,294,-6.6,295,-12.65,-0.51,-8.96,1.06,0.47,11.9,0.257,12.77,False,False,False,False,False,True,True,True,False,True,False,True,False,False,False,False,2026-10-29,False,True,3,"thin RVOL, below 200-MA, large gap","near21, ADR",5,https://www.tradingview.com/chart/?symbol=NYSE:MP&interval=D,False,False,False
FICO,Fair Isaac Corporation,NYSE,Financial Publishing/Services,963.88,985.64,1063.85,1066.1,1125.98,1144.28,1155.02,1272.95,1001.05,1040.25,990.84,961.13,4.19,5.28,50.93,467655.9,332946.2,320920183.0,354955387.0,0.14,-0.11,20817528170.761448,-10.15,256,-14.97,267,-13.17,325,-12.76,-2.72,-9.4,1.39,0.58,5.4,0.328,29.81,False,False,False,False,False,True,True,True,False,True,False,True,False,True,False,False,2026-11-11,False,False,5,below 200-MA,"near21, ADR",5,https://www.tradingview.com/chart/?symbol=NYSE:FICO&interval=D,False,False,False
ESI,Element Solutions Inc.,NYSE,Chemicals: Major Diversified,33.01,34.05,34.68,35.79,36.68,39.84,38.11,35.49,33.62,34.72,33.14,32.52,4.05,4.3,1.42,4301724.8,4222244.166666667,139355169.0,151134526.0,0.18,2.96,8043017861.464954,-13.87,322,-28.2,339,3.72,247,-12.78,-2.33,-4.84,1.15,0.44,34.1,0.159,17.54,False,False,False,False,False,True,True,True,False,True,False,True,False,False,False,False,2026-10-28,False,True,3,"thin RVOL, below 200-MA, large gap","near21, ADR",5,https://www.tradingview.com/chart/?symbol=NYSE:ESI&interval=D,False,False,False
TTMI,"TTM Technologies, Inc.",NASDAQ,Electronic Components,115.66,119.87,117.9,123.08,126.48,151.11,135.74,122.36,117.94,120.48,120.7,114.28,5.14,7.26,8.4,1655389.0,2348530.9,271631084.0,289058357.0,0.36,3.16,12184650226.07877,-14.22,328,-45.68,428,21.48,175,-12.81,-1.18,-1.9,0.55,0.76,16.4,0.199,28.71,False,False,False,False,True,True,True,False,False,True,False,True,False,True,False,False,2026-11-04,False,True,4,"below 200-MA, large gap",near21,5,https://www.tradingview.com/chart/?symbol=NASDAQ:TTMI&interval=D,False,False,False
RZLV,Rezolve AI PLC,NASDAQ,Packaged Software,2.26,2.27,2.47,2.53,2.49,2.55,2.56,2.66,2.32,2.41,2.28,2.25,4.92,6.02,0.14,13249512.3,17558969.0,39707747.0,44407449.0,0.23,1.35,942704833.3211837,-9.9,252,-16.24,276,-12.35,318,-12.83,-1.5,-8.47,1.01,0.22,8.4,0.449,17.52,False,False,False,False,False,True,True,True,False,True,False,True,False,False,False,False,2027-04-29,False,False,4,"thin RVOL, below 200-MA","near21, ADR",5,https://www.tradingview.com/chart/?symbol=NASDAQ:RZLV&interval=D,False,False,False
NXE,Nexgen Energy Ltd.,NYSE,Other Metals/Minerals,9.52,10.06,10.36,10.38,9.94,10.44,10.98,10.89,9.88,10.1,9.63,9.4,4.07,4.62,0.44,3393493.5,4630207.1,44056421.0,48082386.0,0.22,2.67,6379865630.635185,-9.9,250,-11.07,249,-17.55,345,-12.84,-0.93,-8.12,1.26,0.52,26.2,0.224,10.92,False,False,False,False,False,True,True,True,False,True,False,True,False,False,False,False,2026-11-04,False,True,3,"thin RVOL, below 200-MA, large gap","near21, ADR",5,https://www.tradingview.com/chart/?symbol=NYSE:NXE&interval=D,False,False,False
SMR,NuScale Power Corporation,NYSE,Electrical Products,8.96,9.45,9.41,9.41,9.05,10.13,10.72,12.6,9.11,9.28,9.0,8.54,6.9,7.95,0.71,37083532.8,34621731.5,310383823.0,325957832.0,0.44,2.95,3852469261.3662643,0.84,143,-15.14,268,-24.41,378,-12.9,-0.12,-4.7,0.42,0.64,58.9,0.307,39.56,False,False,False,False,False,True,True,True,False,True,False,True,False,False,False,False,2026-11-05,False,True,3,"thin RVOL, below 200-MA, large gap","near21, ADR",5,https://www.tradingview.com/chart/?symbol=NYSE:SMR&interval=D,False,False,False
UPST,"Upstart Holdings, Inc.",NASDAQ,Finance/Rental/Leasing,24.92,26.13,27.76,28.53,28.89,30.11,29.61,33.5,26.06,27.24,25.67,24.78,4.49,5.42,1.35,3726921.4,4049994.466666667,100918572.0,115562299.0,0.28,3.18,2424866063.066261,-14.08,326,-19.49,296,-5.25,285,-12.94,-2.54,-10.23,1.57,0.66,10.2,0.288,29.57,False,False,False,False,False,False,True,False,False,False,False,True,False,False,False,False,2026-11-10,False,True,3,"thin RVOL, below 200-MA, large gap",,3,https://www.tradingview.com/chart/?symbol=NASDAQ:UPST&interval=D,False,False,False
UEC,Uranium Energy Corp.,AMEX,Other Metals/Minerals,10.28,10.88,11.65,11.52,10.85,11.85,12.65,13.22,10.77,11.12,10.41,10.14,5.6,6.08,0.62,7343662.4,7802439.366666666,80170064.0,89852892.0,0.3,3.27,5084813619.486607,-4.64,192,-13.25,257,-21.41,366,-13.1,-0.87,-11.84,1.25,0.44,22.4,0.362,23.15,False,False,False,False,False,True,True,True,False,True,False,True,False,False,False,False,2026-09-25,False,True,3,"thin RVOL, below 200-MA, large gap","near21, ADR",5,https://www.tradingview.com/chart/?symbol=AMEX:UEC&interval=D,False,False,False
DNN,Denison Mines Corp,AMEX,Other Metals/Minerals,2.88,3.12,3.28,3.26,3.14,3.25,3.44,3.39,3.05,3.16,2.91,2.84,5.07,5.8,0.17,22236754.3,24888512.966666665,71554475.0,81207070.0,0.29,2.84,2602496405.2798977,-7.56,222,-14.94,266,-17.15,343,-13.21,-1.47,-12.38,1.54,0.45,24.0,0.329,10.89,False,False,False,False,False,False,True,True,False,True,False,True,False,False,False,False,2026-11-03,False,True,3,"thin RVOL, below 200-MA, large gap",ADR,4,https://www.tradingview.com/chart/?symbol=AMEX:DNN&interval=D,False,False,False
BKV,BKV Corporation,NYSE,Integrated Oil,22.83,24.62,24.61,25.03,25.04,26.23,27.19,27.34,24.1,24.56,23.2,22.75,4.63,4.89,1.12,3579300.7,1812696.1,41383852.0,45372992.0,0.05,-0.18,2498465715.2988153,-14.21,327,-4.72,220,-21.55,367,-13.49,-1.8,-7.23,1.44,0.4,7.2,0.167,11.96,False,False,False,False,False,True,True,True,False,True,False,True,False,False,False,False,2026-11-17,False,False,4,"thin RVOL, below 200-MA","near21, ADR",5,https://www.tradingview.com/chart/?symbol=NYSE:BKV&interval=D,False,False,False
CHTR,"Charter Communications, Inc.",NASDAQ,Cable/Satellite TV,135.28,142.42,147.05,148.93,143.57,143.8,170.87,179.81,141.72,144.67,136.23,133.45,5.11,5.23,7.07,2483589.4,2546614.966666667,344506073.0,379266518.0,0.2,0.53,23689582322.99911,-8.07,230,3.27,179,-35.78,416,-13.53,-1.1,-8.0,1.24,0.39,25.9,0.187,27.64,False,False,False,False,False,True,True,True,False,True,False,True,False,True,False,False,2026-10-30,False,False,5,below 200-MA,"near21, ADR",5,https://www.tradingview.com/chart/?symbol=NASDAQ:CHTR&interval=D,False,False,False
SFM,"Sprouts Farmers Market, Inc.",NASDAQ,Food Retail,70.4,74.47,78.36,80.0,79.57,81.39,79.49,78.83,74.23,76.95,71.99,69.84,4.63,4.8,3.38,1752544.5,1590616.9666666666,111979434.0,127249888.0,0.26,0.62,6564632733.126936,-13.48,313,-10.89,246,-16.25,337,-13.54,-2.4,-10.16,1.77,0.64,16.5,0.254,9.83,False,False,False,False,False,False,True,True,False,True,False,True,False,False,False,False,2026-11-04,False,False,4,"thin RVOL, below 200-MA",ADR,4,https://www.tradingview.com/chart/?symbol=NASDAQ:SFM&interval=D,False,False,False
WULF,TeraWulf Inc.,NASDAQ,Data Processing Services,16.55,16.25,15.94,16.2,17.3,20.82,19.43,18.0,15.95,16.21,16.83,15.77,5.97,7.74,1.28,28529526.2,29927022.6,495292224.0,484872632.0,0.55,7.02,8257931986.075375,-3.23,175,-43.02,418,5.62,239,-13.54,-0.56,3.82,0.27,0.83,60.9,0.211,29.51,False,False,False,False,False,True,True,False,False,True,False,False,False,False,False,False,2026-11-16,False,True,2,"LoD>60% ATR, thin RVOL, below 200-MA, large gap",near21,3,https://www.tradingview.com/chart/?symbol=NASDAQ:WULF&interval=D,False,False,False
ATRO,Astronics Corporation,NASDAQ,Aerospace & Defense,63.98,71.77,73.62,77.04,74.37,72.66,68.75,64.86,70.34,73.09,68.93,63.64,4.78,6.13,3.92,528309.8999999997,653272.7666666664,41793125.0,50330529.0,0.59,2.07,2749639644.9554915,-30.07,439,-22.49,309,11.91,209,-13.55,-2.28,-13.1,2.04,1.35,8.5,0.206,14.86,False,False,False,False,False,False,False,False,False,False,True,True,False,False,False,False,2026-11-11,False,True,3,"thin RVOL, below 200-MA, large gap",,2,https://www.tradingview.com/chart/?symbol=NASDAQ:ATRO&interval=D,False,False,False
FPS,"Forgent Power Solutions, Inc.",NYSE,Electrical Products,36.88,31.8,31.62,33.64,35.56,42.92,39.64,,32.53,32.82,37.87,36.31,5.14,7.04,2.59,11281117.8,6867636.0,253278416.0,230999804.0,0.84,5.51,11227337682.743973,-1.5,160,-42.59,415,3.1,251,-13.66,0.53,16.64,1.76,0.6,22.0,0.244,30.65,False,True,False,False,False,False,True,False,False,False,False,True,False,True,False,False,2026-12-02,False,True,4,"below 200-MA, large gap",,4,https://www.tradingview.com/chart/?symbol=NYSE:FPS&interval=D,False,False,False
CRML,Critical Metals Corp.,NASDAQ,Precious Metals,6.88,6.84,7.03,6.9,6.76,8.83,8.99,9.66,6.77,6.87,7.08,6.67,7.38,8.14,0.56,5261143.2,7005714.2,48234342.0,48307902.0,0.66,5.09,1011329034.1874999,10.69,64,-33.16,376,-18.52,350,-13.66,0.23,-2.07,0.03,0.72,38.3,0.329,42.18,False,False,False,False,True,True,True,False,False,True,False,True,False,False,False,False,2027-03-03,False,True,3,"thin RVOL, below 200-MA, large gap",near21,5,https://www.tradingview.com/chart/?symbol=NASDAQ:CRML&interval=D,False,False,False
STRL,"Sterling Infrastructure, Inc.",NASDAQ,Engineering & Construction,497.78,485.21,486.53,508.22,558.01,673.14,592.41,528.91,485.74,499.45,516.0,488.06,4.36,6.32,31.48,547060.6,539089.7,268348071.0,273976527.0,0.43,5.87,15226352985.004536,-13.49,314,-42.79,416,15.23,197,-13.68,-1.71,2.31,0.05,0.89,30.9,0.161,37.75,False,False,False,False,True,True,True,False,False,True,False,True,False,True,False,False,2026-11-09,False,True,4,"below 200-MA, large gap",near21,5,https://www.tradingview.com/chart/?symbol=NASDAQ:STRL&interval=D,False,False,False
CORZ,"Core Scientific, Inc.",NASDAQ,Packaged Software,17.57,17.54,17.38,18.25,19.81,22.45,20.71,19.77,17.3,17.84,17.99,16.86,5.44,6.76,1.19,10211225.1,10905252.466666667,191605286.0,198980872.0,0.42,6.56,5645950961.232228,-9.9,251,-39.66,405,7.99,227,-13.86,-1.67,1.09,0.22,0.95,59.8,0.171,28.87,False,False,False,False,True,True,True,False,False,True,False,True,False,False,False,False,2026-11-11,False,True,3,"thin RVOL, below 200-MA, large gap",near21,5,https://www.tradingview.com/chart/?symbol=NASDAQ:CORZ&interval=D,False,False,False
CPRI,Capri Holdings Limited,NYSE,Apparel/Footwear Retail,15.14,13.75,13.54,14.07,15.0,16.97,17.75,19.44,14.03,14.02,15.21,14.8,4.08,4.42,0.67,5315237.9,4637290.0,70185384.0,65258264.0,0.14,1.9,1720117199.2413442,1.65,137,-24.81,319,-18.45,349,-13.87,0.2,11.74,1.8,0.62,50.9,0.184,38.98,False,True,True,False,False,False,True,True,False,True,False,True,False,False,False,False,2026-11-05,False,False,4,"thin RVOL, below 200-MA","EMA, ADR",6,https://www.tradingview.com/chart/?symbol=NYSE:CPRI&interval=D,False,False,False
TNDM,"Tandem Diabetes Care, Inc.",NASDAQ,Medical Specialties,17.28,18.26,19.97,20.85,19.51,17.96,19.24,19.68,18.18,19.24,17.72,16.93,6.34,6.61,1.14,1860188.4,1830349.9,31637598.0,38165236.0,0.32,1.08,1202667960.6411865,-22.0,408,10.24,144,-29.99,396,-13.92,-1.72,-13.44,1.54,0.69,31.1,0.403,11.61,False,False,False,False,False,False,True,True,False,True,False,True,False,False,False,False,2026-11-04,False,False,4,"thin RVOL, below 200-MA",ADR,4,https://www.tradingview.com/chart/?symbol=NASDAQ:TNDM&interval=D,False,False,False
ON,ON Semiconductor Corporation,NASDAQ,Semiconductors,68.14,71.6,72.45,75.21,80.1,95.34,86.14,79.29,71.15,73.47,69.8,66.05,4.6,5.64,3.84,11089103.7,8459832.6,576452993.0,636283749.0,0.74,2.29,26527699076.34655,-14.81,336,-42.2,414,14.98,198,-14.01,-2.65,-5.95,1.29,0.98,54.4,0.123,34.84,False,False,False,False,False,True,True,False,False,True,False,True,False,True,False,False,2026-11-02,False,True,4,"below 200-MA, large gap",near21,4,https://www.tradingview.com/chart/?symbol=NASDAQ:ON&interval=D,False,False,False
MDLN,Medline Inc.,NASDAQ,Medical Specialties,32.48,33.7,34.26,34.45,36.49,37.51,40.01,,33.34,34.22,33.92,32.41,4.02,4.39,1.43,6033503.4,6956781.466666667,225956262.0,239651846.0,0.25,1.39,42701700808.031525,-6.88,214,-10.13,242,-25.47,382,-14.16,-2.5,-5.19,1.16,1.06,4.9,0.168,19.41,False,False,False,False,False,True,False,False,False,True,True,True,False,True,False,False,2026-11-10,False,False,5,below 200-MA,near21,3,https://www.tradingview.com/chart/?symbol=NASDAQ:MDLN&interval=D,False,False,False
XPO,"XPO, Inc.",NYSE,Trucking,171.8,182.17,186.89,192.76,198.73,204.35,203.69,190.75,180.74,186.67,178.88,171.69,4.09,3.94,6.77,1004976.999999997,893122.8333333562,153438503.0,172160739.0,0.36,2.3,20115456235.820194,-18.08,377,-15.85,271,-8.63,300,-14.19,-3.44,-8.08,2.02,1.06,1.6,0.15,12.91,False,False,False,False,False,False,False,False,False,False,True,True,False,True,False,False,2026-10-29,False,True,4,"below 200-MA, large gap",,2,https://www.tradingview.com/chart/?symbol=NYSE:XPO&interval=D,False,False,False
VICR,Vicor Corporation,NASDAQ,Electronic Components,207.5,188.06,190.36,202.25,212.44,255.49,232.12,206.49,190.79,195.47,214.43,206.55,5.44,7.72,16.02,592500.4,739380.5,153421454.0,149542417.0,1.09,12.31,9567147328.761353,-12.92,299,-38.61,403,8.8,222,-14.24,-0.3,9.0,0.8,0.49,5.9,0.196,32.5,False,False,False,True,False,True,True,True,False,True,False,True,False,False,False,False,2026-10-27,False,True,4,"thin RVOL, large gap","near21, ADR",6,https://www.tradingview.com/chart/?symbol=NASDAQ:VICR&interval=D,False,False,False
LAZ,"Lazard, Inc.",NYSE,Investment Banks/Brokers,36.13,41.01,42.15,42.78,42.82,44.01,44.58,46.44,39.89,41.44,37.54,35.82,5.5,5.49,1.98,1318193.7,1324351.3666666667,47848815.0,56657959.0,0.68,2.49,3520889122.0289545,-16.94,361,-17.68,282,-8.46,299,-14.36,-2.85,-14.29,2.33,0.87,15.6,0.232,15.02,False,False,False,False,False,False,True,False,False,False,False,True,False,False,False,False,2026-10-22,False,True,3,"thin RVOL, below 200-MA, large gap",,3,https://www.tradingview.com/chart/?symbol=NYSE:LAZ&interval=D,False,False,False
CRK,"Comstock Resources, Inc.",NYSE,Oil & Gas Production,13.11,14.51,14.55,14.29,13.84,14.11,15.9,17.64,14.19,14.3,13.31,12.96,5.13,5.21,0.68,2267068.4,2425154.466666667,31793775.0,34649799.0,0.25,-0.76,3849365849.835114,-5.07,198,1.16,190,-39.36,420,-14.42,-1.01,-9.88,1.6,0.51,21.9,0.194,29.0,False,False,False,False,False,False,True,True,False,True,False,True,False,False,False,False,2026-11-03,False,False,4,"thin RVOL, below 200-MA",ADR,4,https://www.tradingview.com/chart/?symbol=NYSE:CRK&interval=D,False,False,False
OLED,Universal Display Corporation,NASDAQ,Electronic Production Equipment,75.84,79.86,82.44,84.71,83.18,86.49,90.97,98.27,79.36,81.54,77.59,75.81,4.1,4.34,3.29,772092.2,735249.5666666667,55761327.0,62283971.0,0.15,1.63,3486124781.6316094,-10.88,265,-11.99,251,-20.41,361,-14.43,-2.04,-8.01,1.61,0.54,0.9,0.173,24.28,False,False,False,False,False,False,True,True,False,True,False,True,False,False,False,False,2026-10-29,False,False,4,"thin RVOL, below 200-MA",ADR,4,https://www.tradingview.com/chart/?symbol=NASDAQ:OLED&interval=D,False,False,False
ZG,"Zillow Group, Inc.",NASDAQ,Internet Software/Services,31.14,33.24,34.77,34.78,34.17,35.35,38.14,45.15,33.1,33.94,32.66,31.03,4.32,4.95,1.54,759860.6,1004870.3,31286637.0,34947212.0,0.31,1.63,6878307186.322813,-10.12,254,-3.31,213,-30.03,398,-14.49,-1.79,-10.45,1.67,1.06,6.8,0.224,38.25,False,False,False,False,False,False,False,False,False,False,True,True,False,False,False,False,2026-11-04,False,False,4,"thin RVOL, below 200-MA",,2,https://www.tradingview.com/chart/?symbol=NASDAQ:ZG&interval=D,False,False,False
AXTI,AXT Inc,NASDAQ,Electronic Production Equipment,66.45,63.13,63.62,69.1,62.83,79.08,69.77,56.8,63.27,64.36,68.67,65.17,7.8,10.6,7.04,8512588.9,9637856.066666666,640435536.0,665979067.0,0.44,5.61,4357340121.765163,-25.08,422,-31.14,359,11.13,212,-15.03,0.54,4.45,0.31,0.5,18.2,0.32,33.54,False,True,False,True,False,True,True,True,False,True,False,True,False,False,False,False,2026-10-29,False,True,4,"thin RVOL, large gap","near21, ADR",7,https://www.tradingview.com/chart/?symbol=NASDAQ:AXTI&interval=D,False,False,False
QNT,Quantinuum Inc.,NASDAQ,Computer Processing Hardware,55.05,50.02,51.03,54.54,55.74,,,,50.97,52.03,55.34,52.45,5.16,6.63,3.65,1476545.1,1541157.2,84840704.0,84055998.0,0.43,1.9,14495112696.956354,-13.17,303,-13.18,255,-19.04,352,-15.13,-0.19,7.87,0.87,0.79,71.2,0.207,10.39,False,False,False,False,False,True,True,False,False,True,False,False,False,True,False,False,2026-12-02,False,False,4,"LoD>60% ATR, below 200-MA",near21,3,https://www.tradingview.com/chart/?symbol=NASDAQ:QNT&interval=D,False,False,False
HUBG,"Hub Group, Inc.",NASDAQ,Air Freight/Couriers,33.09,35.12,37.24,38.85,42.63,42.76,41.53,42.36,35.07,37.13,33.68,32.96,5.3,5.58,1.85,1410735.2,1410253.5,46665288.0,54788348.0,0.27,1.18,2023569535.7998192,-16.27,354,-25.14,322,-5.59,288,-15.67,-4.01,-11.14,1.95,0.39,7.0,0.268,23.08,False,False,False,False,False,False,True,True,False,True,False,True,False,False,False,False,2026-10-22,False,False,4,"thin RVOL, below 200-MA",ADR,4,https://www.tradingview.com/chart/?symbol=NASDAQ:HUBG&interval=D,False,False,False
BBWI,"Bath & Body Works, Inc.",NYSE,Specialty Stores,16.93,17.94,18.42,18.73,19.38,19.38,19.72,20.05,17.69,18.29,17.12,16.75,4.95,5.59,0.95,5704463.0,6498748.133333334,110056300.0,121698807.0,0.21,1.79,3414863222.3087263,-13.38,308,-18.93,289,-15.41,335,-15.91,-2.25,-8.06,1.33,0.39,19.5,0.199,12.46,False,False,False,False,False,True,True,True,False,True,False,True,False,False,False,False,2026-11-18,False,False,4,"thin RVOL, below 200-MA","near21, ADR",5,https://www.tradingview.com/chart/?symbol=NYSE:BBWI&interval=D,False,False,False
VIAV,Viavi Solutions Inc.,NASDAQ,Information Technology Services,35.02,35.96,36.56,38.08,38.54,44.03,40.84,35.6,35.74,36.76,36.68,34.69,5.33,6.98,2.44,4673255.499999998,4351682.599999992,152417683.0,165722953.0,0.22,2.99,8642413177.70235,-19.11,386,-31.04,357,2.25,255,-15.97,-1.31,-4.19,0.68,0.81,13.7,0.215,24.08,False,False,False,False,False,True,True,False,False,True,False,True,False,False,False,False,2026-10-29,False,True,3,"thin RVOL, below 200-MA, large gap",near21,4,https://www.tradingview.com/chart/?symbol=NASDAQ:VIAV&interval=D,False,False,False
NVTS,Navitas Semiconductor Corporation,NASDAQ,Semiconductors,11.09,11.26,11.68,12.31,12.18,16.65,14.41,13.04,11.21,11.66,11.19,10.8,5.33,7.65,0.85,10079284.5,11949189.733333332,132516514.0,147074610.0,0.47,4.68,2895526514.998091,-19.29,390,-53.04,443,23.98,169,-16.12,-1.17,-5.04,0.64,0.46,34.2,0.249,48.62,False,False,False,False,False,True,True,True,False,True,False,True,False,False,False,False,2026-11-09,False,True,3,"thin RVOL, below 200-MA, large gap","near21, ADR",5,https://www.tradingview.com/chart/?symbol=NASDAQ:NVTS&interval=D,False,False,False
LGN,Legence Corp.,NASDAQ,Engineering & Construction,54.99,54.27,55.08,58.44,62.15,73.89,68.44,62.94,54.47,56.27,56.99,54.32,4.94,6.21,3.41,812257.3,931327.6666666666,51213708.0,54426168.0,0.18,3.23,5943070477.492757,-19.17,387,-37.12,394,7.47,229,-16.27,-1.85,-0.17,0.37,0.78,19.8,0.181,35.67,False,False,False,False,True,True,True,False,False,True,False,True,False,False,False,False,2026-11-13,False,True,3,"thin RVOL, below 200-MA, large gap",near21,5,https://www.tradingview.com/chart/?symbol=NASDAQ:LGN&interval=D,False,False,False
POWL,"Powell Industries, Inc.",NASDAQ,Electrical Products,179.58,177.78,182.07,190.73,204.37,244.31,227.47,203.45,178.31,184.62,187.75,178.68,4.01,5.3,9.51,536273.2999999997,522569.2666666665,93845602.0,99670943.0,0.3,5.23,6542742213.668842,-14.48,335,-40.07,406,5.64,238,-16.31,-2.29,-1.37,0.52,0.95,9.5,0.183,37.05,False,False,False,False,True,True,True,False,False,True,False,True,False,False,False,False,2026-12-08,False,True,3,"thin RVOL, below 200-MA, large gap",near21,5,https://www.tradingview.com/chart/?symbol=NASDAQ:POWL&interval=D,False,False,False
Z,"Zillow Group, Inc.",NASDAQ,Internet Software/Services,30.49,32.57,33.97,34.11,33.72,35.03,37.94,45.25,32.41,33.26,31.78,30.41,4.32,5.02,1.53,3092707.8,3556915.6,108450357.0,121315720.0,0.42,1.45,6884256330.227404,-11.42,277,-4.99,221,-32.69,407,-16.37,-1.91,-10.25,1.66,0.9,5.2,0.217,41.58,False,False,False,False,False,False,True,False,False,False,False,True,False,False,False,False,2026-11-04,False,False,4,"thin RVOL, below 200-MA",,3,https://www.tradingview.com/chart/?symbol=NASDAQ:Z&interval=D,False,False,False
VRT,"Vertiv Holdings, LLC",NYSE,Electronic Production Equipment,242.95,256.26,258.07,265.21,272.97,298.7,288.48,260.74,250.2,258.04,252.34,241.51,5.2,6.3,15.3,6152215.2,4761854.4,1156892526.0,1262877120.0,0.39,4.32,93532882117.37082,-13.54,317,-26.65,332,-9.56,302,-16.58,-1.75,-5.86,0.93,0.71,9.4,0.208,17.47,False,False,False,False,False,True,True,False,False,True,False,True,False,True,False,False,2026-10-28,False,True,4,"below 200-MA, large gap",near21,4,https://www.tradingview.com/chart/?symbol=NYSE:VRT&interval=D,False,False,False
IBP,"Installed Building Products, Inc.",NYSE,Engineering & Construction,200.28,212.06,227.44,232.71,230.85,228.12,250.45,259.38,210.3,220.8,206.92,200.02,4.97,5.06,10.14,458448.8,350911.06666666665,70282223.0,81659754.0,0.29,2.66,5323410750.49376,-18.1,378,-6.68,226,-26.28,386,-17.02,-2.62,-11.94,1.83,0.68,2.6,0.336,23.63,False,False,False,False,False,False,True,True,False,True,False,True,False,False,False,False,2026-11-11,False,True,3,"thin RVOL, below 200-MA, large gap",ADR,4,https://www.tradingview.com/chart/?symbol=NYSE:IBP&interval=D,False,False,False
ECG,"Everus Construction Group, Inc.",NYSE,Engineering & Construction,112.82,114.87,116.9,123.39,126.78,139.32,132.53,122.13,114.34,118.18,116.82,111.28,4.01,5.39,6.08,386257.5,481582.1666666667,54332100.0,59420176.0,0.29,3.65,5761021817.2523365,-18.88,384,-29.2,350,-3.8,281,-17.29,-2.04,-3.49,0.84,0.91,25.3,0.152,21.67,False,False,False,False,False,True,True,False,False,True,False,True,False,False,False,False,2026-11-11,False,True,3,"thin RVOL, below 200-MA, large gap",near21,4,https://www.tradingview.com/chart/?symbol=NYSE:ECG&interval=D,False,False,False
ENPH,"Enphase Energy, Inc.",NASDAQ,Electrical Products,36.03,36.64,37.02,38.09,38.92,44.22,42.79,41.12,36.53,37.23,36.39,35.7,5.11,5.56,2.0,3789198.0,3768744.066666667,135787849.0,143550833.0,0.29,1.55,4761171493.288246,-4.29,188,-28.51,344,-19.14,353,-17.31,-1.34,-2.66,0.58,0.34,16.5,0.119,21.04,False,False,False,False,True,True,True,True,False,True,False,True,False,False,False,False,2026-10-27,False,False,4,"thin RVOL, below 200-MA","near21, ADR",6,https://www.tradingview.com/chart/?symbol=NASDAQ:ENPH&interval=D,False,False,False
UCTT,"Ultra Clean Holdings, Inc.",NASDAQ,Industrial Machinery,68.05,70.14,70.66,75.51,82.26,88.5,80.31,69.01,69.34,72.41,69.89,67.2,5.18,7.7,5.24,760734.8,901486.7666666667,61343740.0,68068931.0,0.22,4.03,3080979392.0109425,-17.18,367,-42.87,417,8.03,225,-17.34,-2.24,-3.7,0.78,0.51,16.2,0.21,28.63,False,False,False,False,False,True,True,False,False,True,False,True,False,False,False,False,2026-10-28,False,True,3,"thin RVOL, below 200-MA, large gap",near21,4,https://www.tradingview.com/chart/?symbol=NASDAQ:UCTT&interval=D,False,False,False
TTD,"The Trade Desk, Inc.",NASDAQ,Packaged Software,14.38,14.46,13.98,14.02,15.86,18.3,20.21,24.03,14.4,14.46,14.86,14.25,4.45,4.86,0.7,17153738.899999995,26076079.266666673,375104400.0,365617053.0,0.46,2.59,6759231978.304349,7.03,100,-20.35,298,-38.76,419,-17.36,-1.91,2.87,0.1,0.88,19.3,0.18,69.84,False,False,False,False,True,True,True,False,False,True,False,True,False,False,False,False,2026-11-05,False,True,3,"thin RVOL, below 200-MA, large gap",near21,5,https://www.tradingview.com/chart/?symbol=NASDAQ:TTD&interval=D,False,False,False
CIEN,Ciena Corporation,NYSE,Telecommunications Equipment,353.4,334.97,358.86,377.41,386.41,449.23,431.58,383.09,344.33,357.95,375.7,349.0,6.26,7.58,26.79,3114559.7,2367552.466666667,836704879.0,893545474.0,0.53,2.97,50115844503.66973,-16.17,352,-21.6,306,-15.05,334,-17.61,-1.13,-1.52,0.17,1.0,16.4,0.308,32.33,False,False,False,False,True,True,True,False,False,True,False,True,False,True,False,False,2026-12-10,False,True,4,"below 200-MA, large gap",near21,5,https://www.tradingview.com/chart/?symbol=NYSE:CIEN&interval=D,False,False,False
FDXF,"FedEx Freight Holding Company, Inc.",NYSE,Trucking,120.75,126.17,129.07,133.94,139.45,,,,126.01,129.88,124.44,120.24,4.07,4.64,5.6,1361072.6,1274530.0666666667,153899506.0,170705884.0,0.25,1.99,18054316229.11156,-15.85,347,-26.82,334,-10.56,310,-17.74,-2.89,-6.44,1.52,0.75,9.1,0.134,11.0,False,False,False,False,False,False,True,False,False,False,False,True,False,True,False,False,2026-12-02,False,False,5,below 200-MA,,3,https://www.tradingview.com/chart/?symbol=NYSE:FDXF&interval=D,False,False,False
CRWV,"CoreWeave, Inc.",NASDAQ,Packaged Software,80.23,87.43,86.64,89.89,85.24,96.07,94.34,92.06,85.26,86.77,82.43,78.27,5.65,7.53,6.04,26169686.1,26741947.033333335,2145383398.0,2403847346.0,1.8,-2.28,44247242383.22737,-20.88,400,-32.5,374,0.11,264,-17.76,-0.78,-7.41,1.0,0.69,32.4,0.218,13.5,False,False,False,False,False,True,True,False,False,True,False,True,True,True,True,False,2026-11-16,False,True,4,"below 200-MA, large gap","near21, RVOL",4,https://www.tradingview.com/chart/?symbol=NASDAQ:CRWV&interval=D,False,False,False
POWI,"Power Integrations, Inc.",NASDAQ,Semiconductors,49.24,49.68,51.39,54.73,59.53,68.14,62.52,57.04,49.8,52.25,50.24,48.67,4.47,5.73,2.82,594586.4,711378.1333333333,35031816.0,38936215.0,0.22,3.04,2751480680.202938,-17.66,375,-41.21,409,5.4,242,-17.82,-3.02,-4.18,1.0,0.56,20.4,0.188,37.49,False,False,False,False,False,True,True,True,False,True,False,True,False,False,False,False,2026-11-11,False,True,3,"thin RVOL, below 200-MA, large gap","near21, ADR",5,https://www.tradingview.com/chart/?symbol=NASDAQ:POWI&interval=D,False,False,False
EYE,"National Vision Holdings, Inc.",NASDAQ,Specialty Stores,16.5,16.85,17.31,18.32,19.35,19.05,21.49,23.04,16.87,17.52,16.69,15.96,4.85,5.36,0.88,2014006.1,2261360.9,37312455.0,41437177.0,0.27,0.43,1304643725.8358665,-11.19,271,-0.42,195,-41.9,425,-17.84,-2.75,-4.67,1.09,0.83,61.1,0.174,37.53,False,False,False,False,False,True,True,False,False,True,False,False,False,False,False,False,2026-11-11,False,False,3,"LoD>60% ATR, thin RVOL, below 200-MA",near21,3,https://www.tradingview.com/chart/?symbol=NASDAQ:EYE&interval=D,False,False,False
ALGM,"Allegro MicroSystems, Inc.",NASDAQ,Semiconductors,33.59,34.98,35.73,37.96,41.64,46.15,42.63,39.83,34.7,36.44,34.53,33.52,4.2,6.05,2.03,1925846.3,1905615.8666666667,64009637.0,72338766.0,0.16,4.3,6261245075.159599,-21.04,401,-41.28,410,8.78,223,-17.85,-3.2,-5.99,1.29,0.5,3.4,0.15,33.26,False,False,False,False,False,True,True,True,False,True,False,True,False,False,False,False,2026-10-29,False,True,3,"thin RVOL, below 200-MA, large gap","near21, ADR",5,https://www.tradingview.com/chart/?symbol=NASDAQ:ALGM&interval=D,False,False,False
MOD,Modine Manufacturing Company,NYSE,Industrial Machinery,187.19,185.76,185.62,190.5,203.51,236.24,231.34,211.93,184.61,188.37,192.62,184.74,4.45,5.78,10.83,1047628.0,1176457.4333333333,220221067.0,224115925.0,0.22,4.06,9942166890.54283,-11.28,275,-35.85,387,-6.46,292,-17.86,-1.39,0.84,0.11,0.73,22.6,0.12,27.04,False,False,False,False,True,True,True,False,False,True,False,True,False,False,False,False,2026-11-03,False,True,3,"thin RVOL, below 200-MA, large gap",near21,5,https://www.tradingview.com/chart/?symbol=NYSE:MOD&interval=D,False,False,False
MWH,"SOLV Energy, Inc.",NASDAQ,Engineering & Construction,26.0,25.41,26.25,27.57,27.8,32.31,31.78,,25.76,26.42,27.18,25.46,5.06,5.78,1.5,1339932.5,1697203.5,44127291.0,46796426.0,0.12,3.27,5262182190.227012,-16.13,350,-27.37,336,-10.5,309,-18.0,-1.12,-0.94,0.27,1.15,36.3,0.223,26.54,False,False,False,False,True,True,False,False,False,True,True,True,False,False,False,False,2026-12-02,False,True,3,"thin RVOL, below 200-MA, large gap",near21,4,https://www.tradingview.com/chart/?symbol=NASDAQ:MWH&interval=D,False,False,False
CRS,Carpenter Technology Corporation,NYSE,Other Metals/Minerals,396.34,439.51,460.05,487.32,518.75,509.02,472.77,436.86,433.65,460.64,422.07,396.08,4.03,4.93,19.53,537577.7,693903.1,275021555.0,338149620.0,0.42,2.45,19642041881.164883,-25.42,424,-32.37,371,3.7,248,-18.03,-4.79,-13.85,2.83,1.33,1.3,0.244,20.66,False,False,False,False,False,False,False,False,False,False,True,True,False,True,False,False,2026-10-22,False,True,4,"below 200-MA, large gap",,2,https://www.tradingview.com/chart/?symbol=NYSE:CRS&interval=D,False,False,False
GT,The Goodyear Tire & Rubber Company,NASDAQ,Automotive Aftermarket,5.09,5.57,5.85,5.95,6.39,6.34,6.68,7.29,5.48,5.78,5.33,5.04,5.08,5.22,0.27,9269785.3,9044884.0,46025797.0,53831713.0,0.4,2.33,1465001498.3846507,-15.96,348,-18.32,285,-19.99,358,-18.09,-3.91,-12.96,2.28,1.09,18.3,0.276,33.9,False,False,False,False,False,False,False,False,False,False,True,True,False,False,False,False,2026-11-09,False,True,3,"thin RVOL, below 200-MA, large gap",,2,https://www.tradingview.com/chart/?symbol=NASDAQ:GT&interval=D,False,False,False
GRAB,Grab Holdings Limited,NASDAQ,Air Freight/Couriers,2.88,3.09,3.32,3.42,3.49,3.54,3.67,3.95,3.07,3.24,2.94,2.85,4.27,4.51,0.13,63537104.5,42598882.733333334,122897777.0,145652680.0,0.33,1.92,11767158919.907663,-17.57,373,-16.13,275,-20.96,364,-18.22,-3.85,-13.02,2.45,0.69,26.9,0.326,30.06,False,False,False,False,False,False,True,True,False,True,False,True,False,True,False,False,2026-11-17,False,False,5,below 200-MA,ADR,4,https://www.tradingview.com/chart/?symbol=NASDAQ:GRAB&interval=D,False,False,False
CENX,Century Aluminum Company,NASDAQ,Aluminum,40.75,44.01,44.58,45.69,45.32,51.34,52.99,50.12,42.89,44.28,41.23,40.33,4.87,5.94,2.42,1440096.1,1962553.0666666667,79974037.0,89660218.0,0.37,2.24,4033976643.2663317,-11.87,279,-25.48,325,-17.51,344,-18.29,-1.7,-8.59,1.34,0.37,17.4,0.227,22.02,False,False,False,False,False,True,True,True,False,True,False,True,False,False,False,False,2026-11-09,False,True,3,"thin RVOL, below 200-MA, large gap","near21, ADR",5,https://www.tradingview.com/chart/?symbol=NASDAQ:CENX&interval=D,False,False,False
SOLS,Solstice Advanced Materials Inc.,NASDAQ,Chemicals: Major Diversified,58.97,60.84,59.72,60.21,60.21,71.14,73.18,68.65,59.82,60.28,59.98,58.54,4.11,4.45,2.62,1998095.9,2622761.5,154664508.0,157923473.0,0.26,0.43,9369725786.391203,-3.68,180,-31.66,364,-20.16,359,-18.5,-0.46,-1.26,0.49,0.55,16.4,0.206,22.82,False,False,False,False,True,True,True,True,False,True,False,True,False,False,False,False,2026-11-05,False,False,4,"thin RVOL, below 200-MA","near21, ADR",6,https://www.tradingview.com/chart/?symbol=NASDAQ:SOLS&interval=D,False,False,False
ALM,Almonty Industries Inc.,NASDAQ,Other Metals/Minerals,14.06,16.12,17.14,16.3,15.22,16.84,17.25,15.34,15.49,16.04,14.24,13.83,8.55,8.9,1.25,6283699.2,6565614.166666667,92312535.0,107005285.0,0.3,4.31,4056039332.996289,-10.9,266,-24.65,318,-20.83,362,-18.79,-0.86,-17.99,1.39,0.33,18.3,0.405,14.4,False,False,False,False,False,True,True,True,False,True,False,True,False,False,False,False,2026-11-17,False,True,3,"thin RVOL, below 200-MA, large gap","near21, ADR",5,https://www.tradingview.com/chart/?symbol=NASDAQ:ALM&interval=D,False,False,False
APP,Applovin Corporation,NASDAQ,Packaged Software,317.04,319.9,315.2,316.87,361.35,433.07,433.07,476.87,321.16,324.83,333.43,314.82,4.73,5.07,16.06,4141251.6,5400012.933333334,1711993100.0,1711088598.0,0.36,1.62,106096076824.93228,2.66,127,-34.13,378,-26.7,390,-19.39,-2.42,0.58,0.47,1.16,13.8,0.11,51.0,False,False,False,False,True,True,False,False,False,True,True,True,False,True,False,False,2026-11-11,False,False,5,below 200-MA,near21,4,https://www.tradingview.com/chart/?symbol=NASDAQ:APP&interval=D,False,False,False
APLD,Applied Digital Corporation,NASDAQ,Data Processing Services,26.21,25.85,26.22,27.4,27.83,34.51,32.5,32.29,25.59,26.41,26.48,24.85,4.95,7.01,1.84,14239810.7,14940794.76666666,391598231.0,409432560.0,0.78,5.56,7639405344.192701,-12.59,292,-44.45,426,-1.28,271,-19.44,-0.83,-0.04,0.11,0.89,74.1,0.222,33.02,False,False,False,False,True,True,True,False,False,True,False,False,False,False,False,False,2026-10-14,False,True,2,"LoD>60% ATR, thin RVOL, below 200-MA, large gap",near21,4,https://www.tradingview.com/chart/?symbol=NASDAQ:APLD&interval=D,False,False,False
ICHR,Ichor Holdings,NASDAQ,Industrial Machinery,53.52,54.58,55.45,59.52,69.17,74.01,66.33,55.89,54.13,57.27,54.19,52.59,4.72,7.43,3.98,585199.2,644825.8,34507853.0,38377882.0,0.25,4.05,2004363114.7033255,-20.75,399,-44.38,424,4.91,244,-20.08,-3.05,-3.49,0.88,0.4,23.3,0.206,36.31,False,False,False,False,False,True,True,True,False,True,False,True,False,False,False,False,2026-11-09,False,True,3,"thin RVOL, below 200-MA, large gap","near21, ADR",5,https://www.tradingview.com/chart/?symbol=NASDAQ:ICHR&interval=D,False,False,False
EQPT,EquipmentShare.com Inc,NASDAQ,Internet Software/Services,17.93,18.26,18.15,18.87,18.61,19.92,21.59,,18.03,18.33,19.04,17.91,5.29,6.28,1.13,2111639.9,2268408.8,40672570.0,42812435.0,0.36,5.97,4550759886.346416,-11.94,280,-28.37,341,-20.31,360,-20.2,-0.59,-1.19,0.35,1.0,1.8,0.137,19.23,False,False,False,False,True,True,False,False,False,True,True,True,False,False,False,False,2026-12-02,False,True,3,"thin RVOL, below 200-MA, large gap",near21,4,https://www.tradingview.com/chart/?symbol=NASDAQ:EQPT&interval=D,False,False,False
ENOV,Enovis Corporation,NYSE,Medical Specialties,18.14,18.76,21.55,22.87,24.82,24.1,23.92,24.32,19.24,21.04,19.26,17.91,7.66,7.64,1.39,2253112.0,1577587.5333333334,28617438.0,36074168.0,0.2,1.88,1046124555.0160772,-27.84,434,-13.25,256,-19.88,357,-20.32,-3.53,-15.81,1.8,0.97,16.6,0.588,33.41,False,False,False,False,False,False,True,False,False,False,False,True,False,False,False,False,2026-11-11,False,False,4,"thin RVOL, below 200-MA",,3,https://www.tradingview.com/chart/?symbol=NYSE:ENOV&interval=D,False,False,False
FTAI,FTAI Aviation Ltd.,NASDAQ,Aerospace & Defense,194.04,188.01,192.36,201.17,205.9,228.34,238.88,235.46,188.13,193.74,199.88,193.25,4.34,5.47,10.61,1459181.7000000016,1304812.866666667,253185889.0,262484420.0,0.38,3.51,19929284379.701206,-12.01,283,-31.48,362,-17.97,346,-20.49,-1.05,0.87,0.03,0.63,7.4,0.179,26.22,False,False,False,False,True,True,True,False,False,True,False,True,False,True,False,False,2026-11-03,False,True,4,"below 200-MA, large gap",near21,5,https://www.tradingview.com/chart/?symbol=NASDAQ:FTAI&interval=D,False,False,False
RKLB,Rocket Lab Corporation,NASDAQ,Aerospace & Defense,66.6,63.83,65.33,70.13,70.23,88.63,82.95,80.35,64.43,66.38,67.88,65.26,4.21,5.7,3.8,18246469.3,17825543.866666667,1187181222.0,1250069740.0,0.57,2.9,39857421680.47724,-15.21,342,-38.8,404,-7.5,296,-20.51,-0.91,1.94,0.06,0.69,35.3,0.186,37.24,False,False,False,False,True,True,True,False,False,True,False,True,False,True,False,False,2026-11-16,False,True,4,"below 200-MA, large gap",near21,5,https://www.tradingview.com/chart/?symbol=NASDAQ:RKLB&interval=D,False,False,False
LEU,Centrus Energy Corp.,NYSE,Other Metals/Minerals,148.22,160.51,170.37,175.53,172.86,177.61,184.27,206.88,156.53,165.6,148.5,141.2,6.6,7.61,11.28,790571.0,650596.1666666657,96431364.0,114199579.0,0.46,3.05,3031559503.4715486,-16.66,360,-18.34,286,-26.55,389,-20.52,-1.87,-13.0,1.38,0.65,62.2,0.384,31.28,False,False,False,False,False,True,True,True,False,True,False,False,False,False,False,False,2026-11-11,False,True,2,"LoD>60% ATR, thin RVOL, below 200-MA, large gap","near21, ADR",4,https://www.tradingview.com/chart/?symbol=NYSE:LEU&interval=D,False,False,False
TTAN,"ServiceTitan, Inc.",NASDAQ,Packaged Software,56.65,66.33,80.83,83.8,81.6,74.09,71.61,77.31,65.71,74.42,58.52,56.4,7.32,8.86,5.02,5993440.7,2731098.466666667,154716728.0,228864686.0,0.42,-0.58,5464906315.815578,-36.86,448,-8.01,232,-16.69,340,-20.52,-3.45,-29.92,2.69,0.42,5.0,0.879,26.95,False,False,False,False,False,False,True,True,False,True,False,True,False,False,False,False,2027-01-19,False,False,4,"thin RVOL, below 200-MA",ADR,4,https://www.tradingview.com/chart/?symbol=NASDAQ:TTAN&interval=D,False,False,False
NN,NextNav Inc.,NASDAQ,Packaged Software,14.92,15.16,15.54,16.35,15.36,17.51,17.42,16.99,15.16,15.51,15.15,14.5,5.33,6.48,0.97,2139220.3,2676881.1666666665,39939067.0,43779053.0,0.17,0.68,2518643777.395349,-21.47,404,-20.72,302,-19.48,354,-20.56,-0.44,-3.99,0.58,0.67,43.4,0.184,15.81,False,False,False,False,False,True,True,False,False,True,False,True,False,False,False,False,2026-11-05,False,False,4,"thin RVOL, below 200-MA",near21,4,https://www.tradingview.com/chart/?symbol=NASDAQ:NN&interval=D,False,False,False
ROAD,"Construction Partners, Inc.",NASDAQ,Engineering & Construction,94.3,98.57,103.83,108.22,105.93,112.04,114.99,114.43,98.41,102.41,98.22,93.86,4.31,4.72,4.45,377140.6,610969.3333333334,57614408.0,66121240.0,0.21,3.25,5352048739.442516,-21.36,403,-23.61,316,-16.73,342,-20.57,-2.33,-9.18,1.68,0.98,9.8,0.26,17.41,False,False,False,False,False,False,True,False,False,False,False,True,False,False,False,False,2026-11-24,False,True,3,"thin RVOL, below 200-MA, large gap",,3,https://www.tradingview.com/chart/?symbol=NASDAQ:ROAD&interval=D,False,False,False
HYMC,Hycroft Mining Holding Corporation,NASDAQ,Precious Metals,21.59,21.72,23.29,24.35,22.86,26.83,31.04,30.34,21.68,22.65,21.7,20.73,6.47,7.75,1.67,1824286.4,1888909.1333333382,40781548.0,45990215.0,0.64,6.51,2011792367.826434,-14.26,330,-15.57,269,-32.64,406,-20.82,-0.72,-7.29,0.6,0.58,51.4,0.359,43.16,False,False,False,False,False,True,True,True,False,True,False,True,False,False,False,False,2026-11-03,False,True,3,"thin RVOL, below 200-MA, large gap","near21, ADR",5,https://www.tradingview.com/chart/?symbol=NASDAQ:HYMC&interval=D,False,False,False
BBAI,"BigBear.ai, Inc.",NYSE,Packaged Software,2.8,2.86,2.97,3.05,3.01,3.54,3.62,4.17,2.86,2.94,2.85,2.77,4.32,5.16,0.14,14080341.1,17091444.7,47770588.0,52154544.0,0.36,2.56,1340187156.1666667,-10.13,255,-28.7,345,-24.05,377,-20.96,-1.36,-5.79,0.95,0.55,17.3,0.181,46.97,False,False,False,False,False,True,True,True,False,True,False,True,False,False,False,False,2026-11-11,False,True,3,"thin RVOL, below 200-MA, large gap","near21, ADR",5,https://www.tradingview.com/chart/?symbol=NYSE:BBAI&interval=D,False,False,False
QS,QuantumScape Corporation,NASDAQ,Electrical Products,5.3,5.28,5.49,5.68,5.7,6.71,6.75,7.74,5.28,5.45,5.3,5.14,4.06,5.09,0.27,9153701.2,14068583.9,74633838.0,79893143.0,0.54,3.56,3284397224.6610003,-9.32,242,-31.55,363,-22.1,369,-20.99,-1.35,-3.31,0.52,0.59,59.3,0.198,46.41,False,False,False,False,False,True,True,True,False,True,False,True,False,False,False,False,2026-10-28,False,True,3,"thin RVOL, below 200-MA, large gap","near21, ADR",5,https://www.tradingview.com/chart/?symbol=NASDAQ:QS&interval=D,False,False,False
BRBR,"BellRing Brands, Inc.",NYSE,Beverages: Non-Alcoholic,9.03,9.49,10.04,10.37,11.28,11.09,13.03,16.41,9.46,9.99,9.3,9.01,5.23,5.91,0.53,2552337.0,2910463.7333333334,26279450.0,30190172.0,0.18,1.1,1049910753.2466446,-13.01,300,-2.17,203,-47.81,434,-21.0,-3.38,-10.03,1.63,0.54,3.6,0.266,76.59,False,False,False,False,False,False,True,True,False,True,False,True,False,False,False,False,2026-11-23,False,False,4,"thin RVOL, below 200-MA",ADR,4,https://www.tradingview.com/chart/?symbol=NYSE:BRBR&interval=D,False,False,False
SHAK,"Shake Shack, Inc.",NYSE,Restaurants,56.79,62.97,67.33,69.03,65.74,65.59,74.91,78.27,61.98,64.97,57.78,56.38,5.13,5.0,2.84,1257479.0,1160514.4666666666,65905617.0,80115343.0,0.28,1.32,2430551795.5827007,-23.33,412,-4.44,218,-36.21,417,-21.33,-2.72,-15.66,2.52,0.49,14.5,0.344,26.94,False,False,False,False,False,False,True,True,False,True,False,True,False,False,False,False,2026-10-29,False,False,4,"thin RVOL, below 200-MA",ADR,4,https://www.tradingview.com/chart/?symbol=NYSE:SHAK&interval=D,False,False,False
AEVA,"Aeva Technologies, Inc.",NASDAQ,Semiconductors,15.55,15.21,15.77,18.35,18.04,19.97,18.06,17.28,15.26,16.25,15.69,14.8,5.14,8.48,1.32,1293614.5,1741513.4333333333,27080534.0,31949225.0,0.43,2.78,1083924494.5694444,-30.77,441,-36.24,390,2.98,252,-21.34,-1.63,-1.37,0.51,0.68,56.9,0.285,30.59,False,False,False,False,True,True,True,False,False,True,False,True,False,False,False,False,2026-11-11,False,True,3,"thin RVOL, below 200-MA, large gap",near21,5,https://www.tradingview.com/chart/?symbol=NASDAQ:AEVA&interval=D,False,False,False
FLY,Firefly Aerospace Inc.,NASDAQ,Aerospace & Defense,21.56,21.32,21.76,23.22,22.32,29.25,28.68,27.67,21.28,21.91,22.02,20.81,5.72,7.0,1.51,2223059.2,2638463.8,56872087.0,61267328.0,0.44,3.45,3608407306.213757,-17.1,363,-31.68,365,-15.64,336,-21.47,-0.49,-0.93,0.23,0.8,49.4,0.195,36.81,False,False,False,False,True,True,True,False,False,True,False,True,False,False,False,False,2026-11-18,False,True,3,"thin RVOL, below 200-MA, large gap",near21,5,https://www.tradingview.com/chart/?symbol=NASDAQ:FLY&interval=D,False,False,False
AMKR,"Amkor Technology, Inc.",NASDAQ,Semiconductors,47.94,48.58,48.58,50.92,54.69,64.77,60.2,56.75,48.25,49.67,48.19,47.12,4.03,6.34,3.04,3966412.3,4064988.566666667,194875552.0,206997348.0,0.28,3.55,11910811043.445116,-16.6,359,-47.77,432,-0.64,267,-21.67,-1.95,-1.33,0.55,0.35,27.0,0.154,33.78,False,False,False,False,True,True,True,True,False,True,False,True,False,True,False,False,2026-11-02,False,True,4,"below 200-MA, large gap","near21, ADR",6,https://www.tradingview.com/chart/?symbol=NASDAQ:AMKR&interval=D,False,False,False
EOSE,"Eos Energy Enterprises, Inc.",NASDAQ,Electrical Products,4.08,3.97,3.69,3.8,3.85,5.43,5.9,7.99,3.92,3.85,4.11,3.95,6.99,8.03,0.33,24142911.0,23863728.866666667,97483332.0,90666261.0,0.34,2.41,1487625258.4904702,8.93,79,-49.19,436,-24.77,380,-21.68,0.76,10.64,0.76,0.49,41.2,0.372,105.29,False,True,True,False,False,True,True,True,False,True,False,True,False,False,False,False,2026-11-11,False,True,3,"thin RVOL, below 200-MA, large gap","EMA, near21, ADR",7,https://www.tradingview.com/chart/?symbol=NASDAQ:EOSE&interval=D,False,False,False
USAR,"USA Rare Earth, Inc.",NASDAQ,Metal Fabrication,15.54,16.34,17.33,17.8,17.08,20.45,19.8,19.36,16.18,16.87,15.88,15.4,5.69,6.91,1.07,12811156.8,12925444.266666668,200796777.0,230126764.0,0.42,2.98,5826814640.46457,-15.52,345,-35.91,388,-13.69,329,-21.71,-1.31,-10.34,1.15,0.45,13.0,0.309,26.51,False,False,False,False,False,True,True,True,False,True,False,True,False,False,False,False,2026-11-05,False,True,3,"thin RVOL, below 200-MA, large gap","near21, ADR",5,https://www.tradingview.com/chart/?symbol=NASDAQ:USAR&interval=D,False,False,False
CRI,"Carter's, Inc.",NYSE,Apparel/Footwear Retail,29.85,31.02,32.42,34.61,36.28,37.36,37.14,36.41,30.78,32.54,29.91,29.0,4.28,4.6,1.37,1604603.6,1285014.7666666666,38357691.0,44474789.0,0.13,2.2,1095828911.7860835,-21.49,405,-29.18,349,-14.76,333,-21.81,-3.85,-7.93,1.8,0.66,61.9,0.248,21.23,False,False,False,False,False,False,True,True,False,True,False,False,False,False,False,False,2026-10-23,False,True,2,"LoD>60% ATR, thin RVOL, below 200-MA, large gap",ADR,3,https://www.tradingview.com/chart/?symbol=NYSE:CRI&interval=D,False,False,False
WYFI,"WhiteFiber, Inc.",NASDAQ,Data Processing Services,18.02,18.56,18.97,21.39,23.92,26.15,22.61,21.54,18.33,19.75,18.38,17.3,6.91,10.63,1.92,1394119.3,2468815.3333333335,44492496.0,52814692.0,0.35,4.58,700113019.571344,-37.49,449,-48.82,434,20.15,182,-22.05,-2.32,-5.02,0.82,0.56,37.7,0.277,42.13,False,False,False,False,False,True,True,False,False,True,False,True,False,False,False,False,2026-11-12,False,True,3,"thin RVOL, below 200-MA, large gap",near21,4,https://www.tradingview.com/chart/?symbol=NASDAQ:WYFI&interval=D,False,False,False
OKLO,Oklo Inc.,NYSE,Industrial Machinery,39.61,39.05,40.06,41.58,42.12,52.3,54.78,62.74,38.55,39.94,39.84,36.62,5.39,7.11,2.82,10473958.2,10185396.233333332,403443545.0,423495195.0,0.74,3.82,7368159070.907355,-5.85,203,-33.8,377,-27.41,393,-22.35,-0.84,-1.11,0.12,1.14,106.2,0.245,59.81,False,False,False,False,True,True,False,False,False,True,True,False,False,False,False,False,2026-11-18,False,True,2,"LoD>60% ATR, thin RVOL, below 200-MA, large gap",near21,3,https://www.tradingview.com/chart/?symbol=NYSE:OKLO&interval=D,False,False,False
ONDS,Ondas Inc,NASDAQ,Telecommunications Equipment,7.38,7.37,7.72,8.21,7.96,8.8,9.21,9.51,7.41,7.69,7.48,7.3,5.12,6.14,0.45,56624941.0,66971281.03333333,494261448.0,549644912.0,0.51,3.75,4218531036.8362217,-14.03,325,-21.57,305,-31.6,403,-22.4,-1.18,-4.42,0.65,0.4,17.7,0.267,28.96,False,False,False,False,False,True,True,True,False,True,False,True,False,False,False,False,2026-11-16,False,True,3,"thin RVOL, below 200-MA, large gap","near21, ADR",5,https://www.tradingview.com/chart/?symbol=NASDAQ:ONDS&interval=D,False,False,False
ASTS,"AST SpaceMobile, Inc.",NASDAQ,Specialty Telecommunications,62.48,61.33,61.4,64.3,63.55,74.88,79.09,81.65,60.92,62.04,63.57,61.15,5.58,6.66,4.16,7910716.2,9697727.766666668,605914031.0,623612384.0,0.46,4.35,24315185315.667286,-7.61,223,-26.75,333,-33.91,410,-22.76,-0.25,1.76,0.11,0.58,31.9,0.186,32.52,False,False,False,False,True,True,True,True,False,True,False,True,False,True,False,False,2026-11-16,False,True,4,"below 200-MA, large gap","near21, ADR",6,https://www.tradingview.com/chart/?symbol=NASDAQ:ASTS&interval=D,False,False,False
EROC,"ERock, Inc.",NYSE,Electrical Products,13.29,12.28,12.45,12.83,12.26,,,,12.3,12.44,13.4,12.64,7.6,9.55,1.27,2584138.6,2919720.8666666667,38803090.0,37461965.0,0.47,3.52,2915827067.7714987,-22.37,409,-12.28,252,-33.88,409,-22.84,0.88,6.76,0.71,0.6,51.2,0.275,1.43,False,True,False,False,False,True,True,False,False,True,False,True,False,False,False,True,2026-12-02,False,True,3,"thin RVOL, below 200-MA, large gap",near21,6,https://www.tradingview.com/chart/?symbol=NYSE:EROC&interval=D,False,False,False
PCG,Pacific Gas & Electric Co.,NYSE,Electric Utilities,13.44,13.86,15.21,15.95,16.58,16.59,17.03,16.68,13.94,14.86,13.56,13.24,5.99,5.46,0.73,40135540.3,43528692.36666667,585243269.0,694362446.0,0.13,0.75,29610824399.59776,-24.04,416,-18.27,283,-26.29,387,-22.87,-3.46,-11.58,1.74,0.44,27.9,0.523,23.56,False,False,False,False,False,False,True,True,False,True,False,True,False,True,False,False,2026-10-22,False,False,5,below 200-MA,ADR,4,https://www.tradingview.com/chart/?symbol=NYSE:PCG&interval=D,False,False,False
EIX,Edison International,NYSE,Electric Utilities,55.3,56.34,62.24,64.94,69.56,70.48,71.05,68.4,57.08,60.95,55.52,54.72,5.2,5.15,2.85,4819748.3,5636037.033333333,311701028.0,366007063.0,0.13,0.68,21282136859.374382,-23.72,413,-21.96,308,-23.4,374,-23.03,-3.98,-11.14,1.8,0.28,20.5,0.533,26.59,False,False,False,False,False,False,True,True,False,True,False,True,False,True,False,False,2026-11-03,False,False,5,below 200-MA,ADR,4,https://www.tradingview.com/chart/?symbol=NYSE:EIX&interval=D,False,False,False
LAC,Lithium Americas Corp.,NYSE,Other Metals/Minerals,2.87,2.94,3.02,3.08,3.05,3.91,4.09,4.37,2.92,3.0,2.89,2.82,4.43,5.4,0.15,10227075.9,9800607.666666666,28127744.0,30172804.0,0.35,3.6,1041933260.9665809,-5.9,204,-35.51,385,-27.89,395,-23.1,-1.09,-5.01,0.79,0.45,32.3,0.171,49.85,False,False,False,False,False,True,True,True,False,True,False,True,False,False,False,False,2026-11-13,False,True,3,"thin RVOL, below 200-MA, large gap","near21, ADR",5,https://www.tradingview.com/chart/?symbol=NYSE:LAC&interval=D,False,False,False
NNE,Nano Nuclear Energy Inc.,NASDAQ,Electrical Products,16.6,17.06,17.71,18.16,17.73,21.18,21.97,24.43,16.82,17.43,16.65,16.06,5.3,6.72,1.12,1575854.8,1683480.3,27937356.0,30572283.0,0.45,3.71,891120702.6934142,-12.06,285,-37.38,396,-19.87,356,-23.1,-0.95,-6.3,0.71,0.53,48.1,0.252,44.43,False,False,False,False,False,True,True,True,False,True,False,True,False,False,False,False,2026-12-17,False,True,3,"thin RVOL, below 200-MA, large gap","near21, ADR",5,https://www.tradingview.com/chart/?symbol=NASDAQ:NNE&interval=D,False,False,False
CASY,"Caseys General Stores, Inc.",NASDAQ,Specialty Stores,596.79,651.47,722.83,763.59,798.97,810.81,775.79,729.79,644.5,703.01,598.79,588.03,4.0,4.95,29.56,836679.7,488702.5333333333,291652785.0,373169508.0,0.16,0.35,22057458022.38774,-31.45,442,-30.57,355,-10.26,306,-24.09,-5.11,-17.44,3.05,0.36,29.6,0.494,26.7,False,False,False,False,False,False,True,True,False,True,False,True,False,True,False,False,2026-12-14,False,False,5,below 200-MA,ADR,4,https://www.tradingview.com/chart/?symbol=NASDAQ:CASY&interval=D,False,False,False
BLDR,"Builders FirstSource, Inc.",NYSE,Home Improvement Chains,58.31,61.17,64.38,67.03,69.31,73.62,79.86,88.41,61.11,63.92,61.82,58.2,4.54,4.95,2.89,2396268.8,2075444.0333333334,121019142.0,139110787.0,0.35,3.02,6273949207.22632,-16.58,358,-25.59,326,-30.42,400,-24.2,-3.21,-9.43,1.77,1.25,3.8,0.251,46.71,False,False,False,False,False,False,False,False,False,False,True,True,False,False,False,False,2026-10-29,False,True,3,"thin RVOL, below 200-MA, large gap",,2,https://www.tradingview.com/chart/?symbol=NYSE:BLDR&interval=D,False,False,False
NAMS,NewAmsterdam Pharma Company N.V.,NASDAQ,Pharmaceuticals: Major,22.03,23.11,24.84,25.74,27.67,30.35,31.07,31.88,22.89,24.43,22.31,21.46,5.98,6.13,1.35,1652326.1,1289711.5666666667,28412346.0,33198465.0,0.44,1.94,2633403902.322002,-17.37,369,-28.84,346,-26.96,392,-24.39,-3.33,-11.32,1.6,0.63,42.6,0.361,39.82,False,False,False,False,False,False,True,True,False,True,False,True,False,False,False,False,2026-11-11,False,False,4,"thin RVOL, below 200-MA",ADR,4,https://www.tradingview.com/chart/?symbol=NASDAQ:NAMS&interval=D,False,False,False
RUN,Sunrun Inc.,NASDAQ,Semiconductors,8.8,8.68,8.82,9.15,9.92,11.77,12.52,14.09,8.64,8.94,8.8,8.5,4.29,5.44,0.48,6642841.5,7738608.933333334,68061066.0,70830198.0,0.32,2.78,2118249349.047763,-8.19,232,-32.4,372,-32.61,405,-24.4,-2.08,-0.24,0.29,0.62,61.7,0.143,61.5,False,False,False,False,True,True,True,False,False,True,False,False,False,False,False,False,2026-11-04,False,True,2,"LoD>60% ATR, thin RVOL, below 200-MA, large gap",near21,4,https://www.tradingview.com/chart/?symbol=NASDAQ:RUN&interval=D,False,False,False
CBRS,Cerebras Systems Inc.,NASDAQ,Packaged Software,195.78,193.12,189.79,203.28,201.72,,,,191.15,194.54,198.23,191.2,5.77,7.49,14.67,5417077.3,7117525.266666667,1393469097.0,1446839860.0,0.42,2.23,43825065965.98299,-18.31,380,-11.01,247,-44.06,431,-24.46,-0.39,3.16,0.09,0.48,31.2,0.196,6.09,False,False,False,False,False,True,True,True,False,True,False,True,False,True,False,False,2026-12-02,False,True,4,"below 200-MA, large gap","near21, ADR",5,https://www.tradingview.com/chart/?symbol=NASDAQ:CBRS&interval=D,False,False,False
ALB,Albemarle Corporation,NYSE,Chemicals: Specialty,114.44,120.59,128.7,129.57,125.68,147.13,156.82,156.42,119.52,124.42,114.89,112.5,4.43,4.81,5.5,2595208.4,2242175.933333333,256583403.0,290512383.0,0.25,2.77,13503908995.94067,-12.65,294,-31.72,366,-30.01,397,-24.79,-1.86,-11.08,1.67,0.43,35.2,0.306,31.66,False,False,False,False,False,False,True,True,False,True,False,True,False,True,False,False,2026-11-04,False,True,4,"below 200-MA, large gap",ADR,4,https://www.tradingview.com/chart/?symbol=NYSE:ALB&interval=D,False,False,False
BROS,Dutch Bros Inc.,NYSE,Restaurants,41.16,43.96,46.85,48.25,55.1,57.46,55.61,56.76,43.85,46.81,42.16,40.74,4.28,4.74,1.95,3667481.5,4442083.233333333,182836146.0,214327555.0,0.42,1.26,7190890373.807106,-17.5,371,-38.6,402,-18.38,348,-24.83,-5.33,-12.14,2.54,0.73,21.5,0.288,32.8,False,False,False,False,False,False,True,False,False,False,False,True,False,False,False,False,2026-11-11,False,False,4,"thin RVOL, below 200-MA",,3,https://www.tradingview.com/chart/?symbol=NYSE:BROS&interval=D,False,False,False
LPTH,"LightPath Technologies, Inc.",NASDAQ,Electronic Components,9.9,9.68,10.92,11.78,11.56,12.88,12.58,12.01,9.86,10.61,10.21,9.85,7.5,9.64,0.95,3123657.2,3283437.1333333333,32506028.0,38690929.0,0.57,5.86,693358873.4185303,-29.31,437,-32.74,375,-12.54,319,-24.87,-1.49,-9.38,0.7,0.38,5.2,0.665,32.31,False,False,False,False,False,True,True,True,False,True,False,True,False,False,False,False,2026-11-05,False,True,3,"thin RVOL, below 200-MA, large gap","near21, ADR",5,https://www.tradingview.com/chart/?symbol=NASDAQ:LPTH&interval=D,False,False,False
LULU,lululemon athletica inc.,NASDAQ,Apparel/Footwear,95.53,101.13,109.98,114.02,115.68,119.33,134.72,149.83,101.51,107.41,97.25,95.35,4.16,4.96,4.74,10396589.9,5844734.1,558347449.0,666412686.0,0.18,1.29,11064864166.914045,-18.34,381,-14.32,261,-42.16,427,-24.94,-3.51,-13.14,2.23,0.4,3.8,0.377,50.98,False,False,False,False,False,False,True,True,False,True,False,True,False,True,False,False,2026-12-03,False,False,5,below 200-MA,ADR,4,https://www.tradingview.com/chart/?symbol=NASDAQ:LULU&interval=D,False,False,False
WHR,Whirlpool Corporation,NYSE,Electronics/Appliances,32.52,35.53,37.79,39.13,38.98,40.97,47.81,55.93,35.04,36.94,32.9,32.12,4.99,5.25,1.71,2736672.7,2277587.2666666666,74067138.0,89112120.0,0.29,1.02,2120283684.529303,-18.7,383,-16.62,277,-39.6,421,-24.97,-3.16,-13.94,2.28,0.46,23.7,0.306,62.72,False,False,False,False,False,False,True,True,False,True,False,True,False,False,False,False,2026-10-15,False,False,4,"thin RVOL, below 200-MA",ADR,4,https://www.tradingview.com/chart/?symbol=NYSE:WHR&interval=D,False,False,False
AEIS,"Advanced Energy Industries, Inc.",NASDAQ,Electronic Production Equipment,253.66,270.12,274.24,291.01,293.85,316.77,323.48,301.77,265.8,276.56,262.95,253.66,4.49,6.25,15.86,467839.6,486165.3,123320690.0,141478964.0,0.27,3.26,10159195101.38728,-23.75,414,-30.18,354,-22.78,373,-25.57,-2.19,-7.5,1.32,0.59,0.0,0.185,21.03,False,False,False,False,False,True,True,False,False,True,False,True,False,True,False,False,2026-11-03,False,True,4,"below 200-MA, large gap",near21,4,https://www.tradingview.com/chart/?symbol=NASDAQ:AEIS&interval=D,False,False,False
UUUU,Energy Fuels Inc,AMEX,Other Metals/Minerals,12.21,13.27,14.1,14.2,13.38,15.42,16.9,17.33,12.98,13.54,12.23,11.86,5.46,6.52,0.8,6280569.8,6660773.333333333,81327376.0,94574078.0,0.51,3.07,3232858559.297246,-13.95,323,-31.86,368,-31.86,404,-25.89,-1.35,-13.4,1.51,0.46,43.3,0.352,33.27,False,False,False,False,False,False,True,True,False,True,False,True,False,False,False,False,2026-10-30,False,True,3,"thin RVOL, below 200-MA, large gap",ADR,4,https://www.tradingview.com/chart/?symbol=AMEX:UUUU&interval=D,False,False,False
BOOT,"Boot Barn Holdings, Inc.",NYSE,Apparel/Footwear Retail,122.12,139.84,148.2,153.46,154.0,158.84,162.09,169.39,136.93,144.94,125.2,120.64,4.87,5.45,6.66,694528.0,626871.3333333334,76553527.0,96202391.0,0.23,1.91,3698385081.629002,-24.78,420,-28.1,338,-25.03,381,-25.97,-3.8,-17.6,2.89,0.69,22.2,0.325,24.2,False,False,False,False,False,False,True,False,False,False,False,True,False,False,False,False,2026-11-04,False,False,4,"thin RVOL, below 200-MA",,3,https://www.tradingview.com/chart/?symbol=NYSE:BOOT&interval=D,False,False,False
LUNR,"Intuitive Machines, Inc.",NASDAQ,Aerospace & Defense,14.85,14.56,15.38,16.1,15.2,21.7,21.23,20.0,14.61,15.15,15.18,14.21,5.08,6.88,1.02,5969073.0,8371226.733333333,124293463.0,134776109.0,0.63,3.46,3398995790.069178,-23.11,411,-34.71,383,-21.73,368,-26.52,-0.33,-3.49,0.29,0.95,62.4,0.318,48.12,False,False,False,False,False,True,True,False,False,True,False,False,False,False,False,False,2026-11-18,False,True,2,"LoD>60% ATR, thin RVOL, below 200-MA, large gap",near21,3,https://www.tradingview.com/chart/?symbol=NASDAQ:LUNR&interval=D,False,False,False
AAOI,"Applied Optoelectronics, Inc.",NASDAQ,Semiconductors,98.38,102.02,107.12,116.54,113.0,139.86,127.52,104.68,101.63,107.12,102.35,96.36,5.76,9.49,9.33,6595971.2,9573026.233333332,941842186.0,1115677174.0,0.64,4.12,8353504974.918237,-32.71,445,-43.67,421,-3.53,279,-26.63,-1.36,-8.15,0.86,0.64,21.7,0.322,38.46,False,False,False,False,False,True,True,False,False,True,False,True,False,False,False,False,2026-11-05,False,True,3,"thin RVOL, below 200-MA, large gap",near21,4,https://www.tradingview.com/chart/?symbol=NASDAQ:AAOI&interval=D,False,False,False
NXT,Nextpower Inc.,NASDAQ,Electronic Equipment/Instruments,81.6,82.21,83.78,89.24,94.15,109.91,111.48,108.18,82.05,85.29,81.97,79.94,4.58,5.51,4.49,1760650.8,1961814.6666666667,160084077.0,175065801.0,0.32,3.87,12381128858.562088,-14.84,337,-35.79,386,-30.75,401,-27.12,-2.42,-2.6,0.79,0.45,36.9,0.129,35.86,False,False,False,False,True,True,True,True,False,True,False,True,False,True,False,False,2026-10-22,False,True,4,"below 200-MA, large gap","near21, ADR",6,https://www.tradingview.com/chart/?symbol=NASDAQ:NXT&interval=D,False,False,False
PUMP,ProPetro Holding Corp.,NYSE,Oilfield Services/Equipment,10.22,11.12,11.1,11.32,11.65,13.63,13.6,12.78,10.86,11.14,10.62,10.18,5.16,5.88,0.6,3163260.4,2846880.9,29095123.0,32221947.0,0.18,0.98,1255260401.1400585,-20.16,395,-31.27,361,-30.29,399,-27.24,-2.08,-7.95,1.41,0.72,5.8,0.194,24.69,False,False,False,False,False,True,True,False,False,True,False,True,False,False,False,False,2026-11-04,False,False,4,"thin RVOL, below 200-MA",near21,4,https://www.tradingview.com/chart/?symbol=NYSE:PUMP&interval=D,False,False,False
MAIR,Madison Air Solutions Corporation,NYSE,Industrial Machinery,23.67,24.76,25.63,27.24,29.77,34.63,,,24.63,26.0,24.24,23.62,4.9,6.24,1.48,2419408.9,2712294.2,64200004.0,73869333.0,0.33,2.13,11875773755.502981,-19.22,388,-37.36,395,-26.03,385,-27.54,-3.28,-7.66,1.44,0.42,3.4,0.206,41.69,False,False,False,False,False,True,True,True,False,True,False,True,False,True,False,False,2026-12-02,False,True,4,"below 200-MA, large gap","near21, ADR",5,https://www.tradingview.com/chart/?symbol=NYSE:MAIR&interval=D,False,False,False
BURL,"Burlington Stores, Inc.",NYSE,Apparel/Footwear Retail,237.51,242.33,269.24,297.44,319.53,318.34,318.31,310.91,244.46,267.9,239.17,233.6,4.1,4.38,10.41,1410161.5,1436034.1666666667,341072331.0,427135434.0,0.34,1.62,14919231590.463127,-29.91,438,-29.58,352,-23.6,376,-27.7,-5.86,-11.79,2.59,0.54,37.6,0.522,32.5,False,False,False,False,False,False,True,True,False,True,False,True,False,True,False,False,2026-11-24,False,False,5,below 200-MA,ADR,4,https://www.tradingview.com/chart/?symbol=NYSE:BURL&interval=D,False,False,False
STUB,"StubHub Holdings, Inc.",NYSE,Internet Software/Services,5.81,6.09,6.31,6.89,7.85,8.91,8.49,9.65,6.07,6.5,5.98,5.75,4.62,5.86,0.34,5246447.7,6628731.066666666,38512927.0,45645442.0,0.27,1.53,2219942651.4227505,-17.12,364,-49.91,439,-16.28,338,-27.77,-4.43,-7.99,1.81,0.68,17.6,0.208,61.27,False,False,False,False,False,False,True,False,False,False,False,True,False,False,False,False,2026-11-12,False,False,4,"thin RVOL, below 200-MA",,3,https://www.tradingview.com/chart/?symbol=NYSE:STUB&interval=D,False,False,False
LBRT,Liberty Energy Inc.,NYSE,Oilfield Services/Equipment,19.1,20.35,19.78,20.22,20.72,25.28,26.35,24.89,19.91,20.11,19.71,19.05,4.64,5.3,1.01,3014504.3,3253022.1333333333,62132723.0,65782614.0,0.23,0.83,3116956188.245068,-13.18,304,-30.01,353,-40.37,423,-27.85,-1.47,-3.46,0.95,0.65,4.9,0.196,34.37,False,False,False,False,False,True,True,True,False,True,False,True,False,False,False,False,2026-10-21,False,False,4,"thin RVOL, below 200-MA","near21, ADR",5,https://www.tradingview.com/chart/?symbol=NYSE:LBRT&interval=D,False,False,False
KTOS,"Kratos Defense & Security Solutions, Inc.",NASDAQ,Aerospace & Defense,47.98,47.53,50.05,54.08,51.79,54.07,63.26,70.62,48.21,50.02,49.3,47.61,4.48,5.32,2.55,3457580.0,3409554.3666666667,163590419.0,184393246.0,0.42,1.49,9006869381.440218,-21.64,406,-14.66,265,-47.53,433,-27.94,-1.38,-4.14,0.77,0.66,14.5,0.254,48.12,False,False,False,False,False,True,True,False,False,True,False,True,False,False,False,False,2026-10-29,False,False,4,"thin RVOL, below 200-MA",near21,4,https://www.tradingview.com/chart/?symbol=NASDAQ:KTOS&interval=D,False,False,False
WING,Wingstop Inc.,NASDAQ,Restaurants,103.46,108.72,110.75,112.67,123.16,137.12,159.35,184.86,107.84,111.58,105.28,102.61,6.4,6.72,6.95,1269559.8,1199950.1666666667,124146844.0,135201385.0,0.24,1.69,2818513749.0045514,-9.83,249,-31.05,358,-43.86,430,-28.25,-2.38,-6.58,1.08,0.38,12.2,0.162,73.6,False,False,False,False,False,True,True,True,False,True,False,True,False,False,False,False,2026-11-04,False,False,4,"thin RVOL, below 200-MA","near21, ADR",5,https://www.tradingview.com/chart/?symbol=NASDAQ:WING&interval=D,False,False,False
LINC,Lincoln Educational Services Corporation,NASDAQ,Miscellaneous Commercial Services,25.94,25.1,25.19,27.26,34.17,40.91,39.85,36.07,25.31,26.73,26.06,25.38,4.54,5.98,1.55,672435.4,1124953.8666666667,29186928.0,30669055.0,0.21,0.83,823013785.612038,-10.5,259,-44.76,427,-33.73,408,-29.67,-4.03,3.0,0.49,0.44,36.4,0.083,60.93,False,False,False,False,False,True,True,True,True,True,False,True,False,False,False,False,2026-11-09,False,False,4,"thin RVOL, below 200-MA","near21, ADR, BB",6,https://www.tradingview.com/chart/?symbol=NASDAQ:LINC&interval=D,False,False,False
QXO,"QXO, Inc.",NYSE,Wholesale Distributors,11.66,12.38,12.95,13.58,13.86,15.57,17.73,18.91,12.21,12.86,11.88,11.49,4.04,5.2,0.61,15580828.6,14933684.7,174052095.0,202737215.0,0.42,4.44,12091954863.43789,-15.48,344,-31.72,367,-42.01,426,-29.74,-3.06,-9.99,1.8,0.64,27.2,0.251,56.0,False,False,False,False,False,False,True,False,False,False,False,True,False,True,False,False,2026-11-17,False,True,4,"below 200-MA, large gap",,3,https://www.tradingview.com/chart/?symbol=NYSE:QXO&interval=D,False,False,False
DY,"Dycom Industries, Inc.",NYSE,Engineering & Construction,287.87,293.7,312.58,345.07,373.51,413.53,403.25,392.66,295.67,317.41,299.02,283.24,4.09,5.69,16.37,598683.1,629715.3,181276143.0,217298377.0,0.38,2.8,8682434936.346615,-32.23,444,-38.17,399,-18.94,351,-29.78,-4.03,-7.91,1.64,0.96,28.3,0.463,41.63,False,False,False,False,False,False,True,False,False,False,False,True,False,False,False,False,2026-11-24,False,True,3,"thin RVOL, below 200-MA, large gap",,3,https://www.tradingview.com/chart/?symbol=NYSE:DY&interval=D,False,False,False
JOBY,"Joby Aviation, Inc.",NYSE,Aerospace & Defense,6.21,6.43,6.77,7.23,7.33,8.6,8.83,10.06,6.41,6.76,6.28,6.17,4.09,5.09,0.32,27340379.1,27458489.666666668,170574884.0,198572567.0,0.33,3.12,6144538785.0985365,-19.01,385,-34.61,382,-35.76,415,-29.79,-2.99,-8.26,1.58,0.35,13.3,0.26,58.37,False,False,False,False,False,False,True,True,False,True,False,True,False,False,False,False,2026-11-11,False,True,3,"thin RVOL, below 200-MA, large gap",ADR,4,https://www.tradingview.com/chart/?symbol=NYSE:JOBY&interval=D,False,False,False
IONS,"Ionis Pharmaceuticals, Inc.",NASDAQ,Pharmaceuticals: Major,46.81,52.92,57.08,57.13,56.37,66.23,69.53,72.37,51.79,54.87,47.42,45.75,5.02,5.35,2.5,4645099.3,2987328.3333333335,139836839.0,170653123.0,0.26,4.1,7779088334.676851,-19.85,392,-37.59,398,-34.54,412,-30.66,-3.17,-18.0,2.75,0.67,42.3,0.382,41.56,False,False,False,False,False,False,True,True,False,True,False,True,False,False,False,False,2026-11-04,False,True,3,"thin RVOL, below 200-MA, large gap",ADR,4,https://www.tradingview.com/chart/?symbol=NASDAQ:IONS&interval=D,False,False,False
FUN,Six Flags Entertainment Corporation,NYSE,Movies/Entertainment,12.71,13.84,14.92,15.34,16.46,18.67,18.27,17.71,13.61,14.61,12.94,12.61,6.05,6.44,0.82,1975106.8,2252274.2,28626405.0,34541628.0,0.24,2.59,1300440347.672595,-18.21,379,-48.98,435,-26.79,391,-31.32,-3.54,-14.82,2.02,0.4,12.2,0.398,38.05,False,False,False,False,False,False,True,True,False,True,False,True,False,False,False,False,2026-11-05,False,True,3,"thin RVOL, below 200-MA, large gap",ADR,4,https://www.tradingview.com/chart/?symbol=NYSE:FUN&interval=D,False,False,False
PZZA,"Papa John's International, Inc.",NASDAQ,Restaurants,20.13,21.45,22.47,22.97,26.47,30.26,31.55,33.27,21.31,22.57,20.62,20.11,4.18,4.64,0.93,1498706.3,1628280.0666666667,32777278.0,37409192.0,0.23,1.34,662713598.6627042,-12.78,297,-44.04,422,-40.16,422,-32.33,-5.16,-10.4,2.33,0.53,1.6,0.227,58.7,False,False,False,False,False,False,True,True,False,True,False,True,False,False,False,False,2026-10-29,False,False,4,"thin RVOL, below 200-MA",ADR,4,https://www.tradingview.com/chart/?symbol=NASDAQ:PZZA&interval=D,False,False,False
XE,"X-Energy, Inc.",NASDAQ,Industrial Machinery,16.26,16.43,17.37,18.51,17.51,21.25,,,16.24,17.11,16.39,15.12,8.33,9.75,1.59,7348678.1,6066557.366666666,98611890.0,112280855.0,0.62,3.77,6605480552.750857,-17.36,368,-31.15,360,-49.23,437,-32.58,-0.73,-6.4,0.51,0.8,71.6,0.327,29.67,False,False,False,False,False,True,True,False,False,True,False,False,False,False,False,False,2026-12-02,False,True,2,"LoD>60% ATR, thin RVOL, below 200-MA, large gap",near21,3,https://www.tradingview.com/chart/?symbol=NASDAQ:XE&interval=D,False,False,False
AMPX,"Amprius Technologies, Inc.",NYSE,Electrical Products,9.64,9.58,9.8,10.41,10.38,13.77,14.51,13.54,9.54,9.88,9.78,9.39,4.37,6.14,0.59,4214438.0,4860859.866666666,46882993.0,50625045.0,0.42,4.29,1408947710.2664838,-11.11,270,-36.96,393,-49.77,439,-32.61,-1.15,-1.53,0.39,0.64,42.3,0.167,51.11,False,False,False,False,True,True,True,False,False,True,False,True,False,False,False,False,2026-11-05,False,True,3,"thin RVOL, below 200-MA, large gap",near21,5,https://www.tradingview.com/chart/?symbol=NYSE:AMPX&interval=D,False,False,False
AGX,"Argan, Inc.",NYSE,Engineering & Construction,386.28,404.0,427.53,475.94,520.68,605.13,572.07,514.49,405.01,437.46,413.13,377.15,5.87,7.28,28.13,429009.6,351068.9666666667,135610920.0,167087413.0,0.67,3.32,5419447161.492837,-32.06,443,-47.23,431,-19.52,355,-32.94,-3.54,-9.65,1.61,1.28,32.5,0.339,52.07,False,False,False,False,False,False,False,False,False,False,True,True,False,False,False,False,2026-12-09,False,True,3,"thin RVOL, below 200-MA, large gap",,2,https://www.tradingview.com/chart/?symbol=NYSE:AGX&interval=D,False,False,False
FRMI,Fermi Inc.,NASDAQ,Real Estate Development,4.92,5.16,5.28,5.64,5.95,6.37,6.72,7.57,5.09,5.34,5.08,4.87,6.87,8.79,0.43,14800199.0,17823550.133333333,87602749.0,100492146.0,0.24,5.87,3147896993.8228517,-17.39,370,-46.23,430,-36.99,418,-33.54,-1.99,-6.86,0.91,0.49,10.4,0.329,49.02,False,False,False,False,False,True,True,True,False,True,False,True,False,False,False,False,2026-11-17,False,True,3,"thin RVOL, below 200-MA, large gap","near21, ADR",5,https://www.tradingview.com/chart/?symbol=NASDAQ:FRMI&interval=D,False,False,False
LCID,"Lucid Group, Inc.",NASDAQ,Motor Vehicles,4.42,4.33,4.7,5.28,5.87,5.87,7.04,8.13,4.38,4.79,4.54,4.2,5.98,8.66,0.38,11357387.699999977,10483418.133333337,46284291.0,55352448.0,1.0,4.08,1739819873.987624,-28.09,435,-15.74,270,-57.12,447,-33.65,-2.87,-6.02,0.91,0.92,57.6,0.389,86.1,False,False,False,False,False,True,True,False,False,True,False,True,False,False,False,False,2026-11-10,False,True,3,"thin RVOL, below 200-MA, large gap",near21,4,https://www.tradingview.com/chart/?symbol=NASDAQ:LCID&interval=D,False,False,False
MTZ,"MasTec, Inc.",NYSE,Engineering & Construction,214.35,231.93,240.67,253.5,283.64,336.54,330.29,305.64,230.6,243.78,235.0,207.52,4.91,6.61,14.16,1296034.8,1443947.3,309510104.0,366033902.0,1.21,3.92,17213364995.04676,-26.93,429,-43.59,420,-31.44,402,-33.98,-3.7,-10.94,1.83,1.94,48.2,0.226,48.8,False,False,False,False,False,False,False,False,False,False,True,True,False,True,True,False,2026-10-29,False,True,4,"below 200-MA, large gap",RVOL,2,https://www.tradingview.com/chart/?symbol=NYSE:MTZ&interval=D,False,False,False
TE,T1 Energy Inc.,NYSE,Electrical Products,4.33,4.54,4.52,4.72,5.07,6.54,6.39,6.56,4.44,4.61,4.39,4.2,7.27,9.8,0.42,17446592.7,23633163.966666665,102331600.0,111438246.0,0.35,2.69,1275083431.3276284,-7.08,218,-53.29,444,-43.84,429,-34.74,-1.48,-4.2,0.61,0.46,30.6,0.22,47.2,False,False,False,False,False,True,True,True,False,True,False,True,False,False,False,False,2026-11-11,False,True,3,"thin RVOL, below 200-MA, large gap","near21, ADR",5,https://www.tradingview.com/chart/?symbol=NYSE:TE&interval=D,False,False,False
UAMY,United States Antimony Corporation,NYSE,Other Metals/Minerals,4.64,4.95,5.02,5.3,5.46,7.09,7.78,7.62,4.85,5.06,4.73,4.6,6.49,8.08,0.37,4749362.0,6990112.533333333,32399172.0,37076722.0,0.29,3.73,693717603.9473685,-13.04,301,-40.27,407,-53.23,444,-35.51,-1.87,-7.71,1.04,0.35,9.3,0.218,61.1,False,False,False,False,False,True,True,True,False,True,False,True,False,False,False,False,2026-11-18,False,True,3,"thin RVOL, below 200-MA, large gap","near21, ADR",5,https://www.tradingview.com/chart/?symbol=NYSE:UAMY&interval=D,False,False,False
INIO,INNIO N.V.,NASDAQ,Electrical Products,19.92,19.75,20.71,22.82,24.83,,,,19.67,21.13,21.61,19.26,6.48,8.58,1.71,4476132.1,3712341.3666666667,73949840.0,84725530.0,1.09,12.45,14939999268.57082,-27.09,431,-44.06,423,-35.74,414,-35.63,-2.31,-3.81,0.67,1.37,38.6,0.317,25.54,False,False,False,False,False,True,False,False,False,True,True,True,False,True,False,False,2026-12-02,False,True,4,"below 200-MA, large gap",near21,3,https://www.tradingview.com/chart/?symbol=NASDAQ:INIO&interval=D,False,False,False
CAPR,"Capricor Therapeutics, Inc.",NASDAQ,Pharmaceuticals: Major,9.51,8.85,8.78,7.64,10.54,19.66,23.11,23.5,8.86,8.86,9.79,8.82,7.84,10.9,1.04,2694543.6,8728269.366666667,83005842.0,66665067.0,0.8,4.32,552901807.7873832,26.8,21,-66.37,450,-69.54,452,-36.37,-0.9,8.36,0.67,0.94,66.6,0.484,154.83,False,False,False,False,False,True,True,False,False,True,False,False,False,False,False,False,2026-11-17,False,True,2,"LoD>60% ATR, thin RVOL, below 200-MA, large gap",near21,3,https://www.tradingview.com/chart/?symbol=NASDAQ:CAPR&interval=D,True,False,False
UTI,Universal Technical Institute Inc,NYSE,Miscellaneous Commercial Services,21.0,21.03,21.4,22.97,30.28,35.23,35.34,33.18,21.05,22.7,21.33,20.92,5.61,6.84,1.44,1542769.6,1937007.8,40677164.0,44502109.0,0.16,1.2,1156999785.3448274,-20.03,394,-45.81,429,-43.34,428,-36.39,-4.48,-1.89,1.09,0.28,5.6,0.138,68.12,False,False,False,False,True,True,True,True,False,True,False,True,False,False,False,False,2026-11-25,False,False,4,"thin RVOL, below 200-MA","near21, ADR",6,https://www.tradingview.com/chart/?symbol=NYSE:UTI&interval=D,False,False,False
CAVA,"CAVA Group, Inc.",NYSE,Restaurants,50.91,55.45,61.58,63.52,64.61,72.86,75.87,72.31,55.06,59.32,51.87,50.15,4.72,5.69,2.9,3650844.1,3416417.466666667,173929813.0,217011976.0,0.28,3.11,5946603345.29783,-27.74,433,-43.03,419,-41.6,424,-37.46,-3.73,-17.33,2.49,0.59,26.2,0.479,40.12,False,False,False,False,False,False,True,True,False,True,False,True,False,False,False,False,2026-11-10,False,True,3,"thin RVOL, below 200-MA, large gap",ADR,4,https://www.tradingview.com/chart/?symbol=NYSE:CAVA&interval=D,False,False,False
LASR,"nLIGHT, Inc.",NASDAQ,Semiconductors,38.99,39.76,41.66,45.76,55.38,62.76,63.03,57.63,39.87,43.24,40.0,38.92,4.53,7.25,2.83,998145.5,1436395.6,56005064.0,65734729.0,0.18,1.45,2249340860.587396,-26.21,427,-41.82,413,-44.99,432,-37.68,-4.08,-6.41,1.35,0.38,2.5,0.261,59.67,False,False,False,False,False,True,True,True,False,True,False,True,False,False,False,False,2026-10-29,False,False,4,"thin RVOL, below 200-MA","near21, ADR",5,https://www.tradingview.com/chart/?symbol=NASDAQ:LASR&interval=D,False,False,False
OPEN,Opendoor Technologies Inc,NASDAQ,Real Estate Development,2.64,2.86,3.1,3.24,3.64,4.2,4.45,4.89,2.83,3.07,2.7,2.55,4.95,6.8,0.18,30567268.6,35943559.7,94711280.0,116570955.0,0.41,3.67,2558824870.4594593,-24.06,417,-41.57,412,-48.23,436,-37.96,-4.07,-15.06,2.08,0.84,47.5,0.395,76.89,False,False,False,False,False,False,True,False,False,False,False,True,False,False,False,False,2026-11-05,False,True,3,"thin RVOL, below 200-MA, large gap",,3,https://www.tradingview.com/chart/?symbol=NASDAQ:OPEN&interval=D,False,False,False
RCAT,"Red Cat Holdings, Inc.",NASDAQ,Packaged Software,7.24,7.99,8.45,8.99,8.62,9.79,11.04,11.02,7.89,8.32,7.41,7.16,6.46,8.09,0.59,6983132.4,8072714.133333334,58406087.0,72564282.0,0.62,4.23,1104888329.1331923,-26.55,428,-36.06,389,-52.02,441,-38.21,-1.98,-14.33,1.62,0.43,12.8,0.313,42.16,False,False,False,False,False,False,True,True,False,True,False,True,False,False,False,False,2026-11-12,False,True,3,"thin RVOL, below 200-MA, large gap",ADR,4,https://www.tradingview.com/chart/?symbol=NASDAQ:RCAT&interval=D,False,False,False
PL,Planet Labs PBC,NYSE,Packaged Software,16.9,16.98,18.94,20.55,21.39,29.0,29.23,27.18,17.21,18.72,17.08,16.02,6.41,6.81,1.15,15535170.4,8608939.233333332,145448028.0,176915136.0,0.26,2.5,6147211848.210362,-27.61,432,-41.03,408,-49.64,438,-39.43,-3.09,-10.79,1.43,0.92,75.6,0.457,72.54,False,False,False,False,False,True,True,False,False,True,False,False,False,False,False,False,2026-12-14,False,True,2,"LoD>60% ATR, thin RVOL, below 200-MA, large gap",near21,3,https://www.tradingview.com/chart/?symbol=NYSE:PL&interval=D,False,False,False
FRVO,Fervo Energy Company,NASDAQ,Alternative Power Generation,16.36,16.47,16.49,18.03,20.47,,,,16.2,17.19,16.74,15.8,8.66,10.15,1.66,5312358.0,5960075.466666667,97506835.0,107452214.0,0.25,3.05,4822325754.405194,-9.36,244,-56.0,446,-54.56,445,-39.97,-1.98,-0.78,0.47,0.57,33.7,0.326,24.45,False,False,False,False,True,True,True,True,False,True,False,True,False,False,False,False,2026-12-02,False,True,3,"thin RVOL, below 200-MA, large gap","near21, ADR",6,https://www.tradingview.com/chart/?symbol=NASDAQ:FRVO&interval=D,False,False,False
SOC,Sable Offshore Corp.,NYSE,Integrated Oil,4.38,4.81,4.8,4.69,4.58,8.04,9.83,9.5,4.74,4.75,4.68,4.3,7.43,8.95,0.39,6493227.4,8596447.566666666,37609458.0,40278655.0,0.31,-1.31,839429412.117904,9.38,74,-55.72,445,-74.36,454,-40.23,-0.49,-8.79,0.89,0.96,17.9,0.162,120.19,False,False,False,False,False,True,True,False,False,True,False,True,False,False,False,False,2026-11-12,False,False,4,"thin RVOL, below 200-MA",near21,4,https://www.tradingview.com/chart/?symbol=NYSE:SOC&interval=D,False,False,False
HTZ,"Hertz Global Holdings, Inc",NASDAQ,Finance/Rental/Leasing,1.86,2.06,2.12,2.17,2.02,3.42,3.97,4.3,2.01,2.08,1.95,1.85,6.94,8.81,0.16,11557345.8,39427065.93333333,73231832.0,85487604.0,0.37,2.66,662072858.0234042,-12.18,288,-61.86,449,-52.74,442,-42.26,-0.92,-12.39,1.21,0.61,4.5,0.258,122.63,False,False,False,False,False,True,True,False,False,True,False,True,False,False,False,False,2026-10-22,False,True,3,"thin RVOL, below 200-MA, large gap",near21,4,https://www.tradingview.com/chart/?symbol=NASDAQ:HTZ&interval=D,False,False,False
RARE,Ultragenyx Pharmaceutical Inc.,NASDAQ,Pharmaceuticals: Major,13.52,14.11,20.02,22.11,24.63,25.37,24.32,25.23,15.39,18.67,13.64,13.2,6.14,10.63,1.44,7412235.6,4035613.4,54561493.0,89239519.0,0.18,2.64,1332921599.447205,-47.35,453,-50.91,440,-34.11,411,-44.12,-4.24,-32.45,2.6,0.31,22.3,1.187,83.24,False,False,False,False,False,False,True,True,False,True,False,True,False,False,False,False,2026-11-04,False,True,3,"thin RVOL, below 200-MA, large gap",ADR,4,https://www.tradingview.com/chart/?symbol=NASDAQ:RARE&interval=D,False,False,False
ALHC,"Alignment Healthcare, Inc.",NASDAQ,Managed Health Care,9.34,12.03,12.75,13.01,15.35,17.23,17.92,18.64,11.46,12.6,9.57,8.26,8.72,10.2,0.95,10099650.5,6282292.033333333,58645196.0,81713772.0,1.45,-1.49,1936407135.4316878,-30.7,440,-56.44,447,-47.99,435,-45.04,-3.84,-26.8,2.54,1.38,112.3,0.452,70.85,False,False,False,False,False,False,False,False,False,False,True,False,False,False,True,False,2026-10-29,False,False,3,"LoD>60% ATR, thin RVOL, below 200-MA",RVOL,1,https://www.tradingview.com/chart/?symbol=NASDAQ:ALHC&interval=D,False,False,False
BW,"Babcock & Wilcox Enterprises, Inc.",NYSE,Electronic Equipment/Instruments,7.23,7.25,7.43,8.1,8.91,12.68,13.0,11.61,7.25,7.68,7.44,7.1,6.5,9.43,0.68,3839164.7,5264500.5,38062339.0,42633680.0,0.36,4.57,1077017358.8836524,-24.69,419,-58.47,448,-53.08,443,-45.41,-2.0,-2.66,0.62,0.49,19.1,0.242,79.52,False,False,False,False,True,True,True,True,False,True,False,True,False,False,False,False,2026-11-11,False,True,3,"thin RVOL, below 200-MA, large gap","near21, ADR",6,https://www.tradingview.com/chart/?symbol=NYSE:BW&interval=D,False,False,False
KRMN,Karman Holdings Inc.,NYSE,Aerospace & Defense,35.75,37.0,42.13,48.13,48.29,52.62,64.87,70.57,37.81,41.78,38.38,35.68,6.89,7.88,2.82,3408303.9,2820250.7333333334,100823964.0,135742428.0,0.31,2.57,4738079836.938279,-40.44,451,-31.9,369,-66.1,449,-46.15,-3.3,-15.15,1.83,0.96,2.5,0.603,93.92,False,False,False,False,False,False,True,False,False,False,False,True,False,False,False,False,2026-11-05,False,True,3,"thin RVOL, below 200-MA, large gap",,3,https://www.tradingview.com/chart/?symbol=NYSE:KRMN&interval=D,False,False,False
YSS,York Space Systems Inc.,NYSE,Aerospace & Defense,8.66,8.22,8.68,9.39,12.61,20.95,22.91,,8.33,9.18,8.96,8.24,6.53,9.94,0.86,2873041.5,3321884.3,28767518.0,31199137.0,0.43,2.67,1189516792.8505466,-15.43,343,-72.51,454,-56.46,446,-48.13,-3.15,-0.25,0.57,0.84,48.7,0.285,169.7,False,False,False,False,True,True,True,False,False,True,False,True,False,False,False,False,2026-12-02,False,True,3,"thin RVOL, below 200-MA, large gap",near21,5,https://www.tradingview.com/chart/?symbol=NYSE:YSS&interval=D,False,False,False
FLNC,"Fluence Energy, Inc.",NASDAQ,Electrical Products,7.78,9.69,10.34,11.17,12.49,16.31,15.94,17.76,9.51,10.44,7.83,7.01,6.68,10.87,0.84,7870866.7,7165429.733333333,55711216.0,80025908.0,3.53,-20.11,1435236810.6850827,-35.48,447,-67.91,452,-51.22,440,-51.54,-3.47,-24.83,2.35,0.97,90.6,0.355,103.82,False,False,False,False,False,False,True,False,False,False,False,False,True,True,True,False,2026-11-30,False,True,3,"LoD>60% ATR, below 200-MA, large gap",RVOL,2,https://www.tradingview.com/chart/?symbol=NASDAQ:FLNC&interval=D,False,False,False
VISN,"Vistance Networks, Inc.",NASDAQ,Telecommunications Equipment,6.53,6.48,7.84,8.99,10.23,11.26,13.61,14.88,6.78,7.77,6.72,6.5,4.22,7.1,0.46,6039846.0,9659011.5,63073345.0,86853831.0,0.25,3.23,1505990470.2396317,-43.12,452,-49.22,437,-63.19,448,-51.84,-5.09,-16.76,2.25,0.46,5.4,1.117,128.63,False,False,False,False,False,False,True,False,False,False,False,True,False,False,False,False,2026-10-29,False,True,3,"thin RVOL, below 200-MA, large gap",,3,https://www.tradingview.com/chart/?symbol=NASDAQ:VISN&interval=D,False,False,False
EYPT,"EyePoint, Inc.",NASDAQ,Pharmaceuticals: Major,3.85,4.17,4.51,6.72,9.2,11.19,12.32,13.22,4.18,5.32,3.95,3.5,8.51,16.37,0.63,3152839.7,5717839.233333332,22013681.0,38412444.0,1.0,3.48,331916754.6231884,-18.6,382,-71.54,453,-72.0,453,-54.05,-3.55,-14.73,1.69,0.71,55.5,0.429,235.06,False,False,False,False,False,False,True,False,False,False,False,True,False,False,False,False,2026-11-04,False,True,3,"thin RVOL, below 200-MA, large gap",,3,https://www.tradingview.com/chart/?symbol=NASDAQ:EYPT&interval=D,False,False,False
ALMS,Alumis Inc.,NASDAQ,Pharmaceuticals: Major,7.85,9.53,15.01,18.6,22.36,22.95,23.83,22.28,10.26,14.14,8.11,7.82,12.24,19.19,1.51,4106755.1,3170412.2,24887736.0,58983405.0,0.21,1.13,1047936932.4433247,-68.92,454,-67.02,451,-68.4,451,-68.11,-3.38,-47.7,2.32,0.19,2.0,1.786,182.14,False,False,False,False,False,False,True,True,False,True,False,True,False,False,False,False,2026-11-12,False,False,4,"thin RVOL, below 200-MA",ADR,4,https://www.tradingview.com/chart/?symbol=NASDAQ:ALMS&interval=D,False,False,False
