name,description,exchange,industry,close,SMA30,SMA50,ADRP,ATRP,average_volume_10d_calc,average_volume_30d_calc,dollar_volume_30d,average_dollar_volume_30d,Perf.W,perf_1w_rank,Perf.1M,perf_1m_rank,Perf.3M,perf_3m_rank,Perf.6M,perf_6m_rank,momentum_score,atr_extension_from_50d,earnings_date,earnings_soon,tradingview_url,is_top_1w,is_top_1m,is_top_3m,is_top_6m
XHLD,"TEN Holdings, Inc.",NASDAQ,Miscellaneous Commercial Services,12.08,8.9,6.08,14.37,12.57,4460256.6,3789612.2333333334,45778516.0,33738286.0,27.16,13,58.32,5,866.4,1,874.19,1,599.64,7.85,2026-11-16,False,https://www.tradingview.com/chart/?symbol=NASDAQ:XHLD&interval=D,True,True,True,True
QMCO,Quantum Corporation,NASDAQ,Computer Peripherals,25.97,23.73,18.85,7.17,7.72,1358276.6,1576119.7333333334,40931829.0,37404474.0,10.23,98,21.87,44,85.5,13,410.22,2,172.53,4.9,2026-11-13,False,https://www.tradingview.com/chart/?symbol=NASDAQ:QMCO&interval=D,False,False,True,True
MXL,"MaxLinear, Inc",NASDAQ,Semiconductors,84.32,70.19,71.13,5.92,7.22,3004515.8,2506159.033333333,211319330.0,175914821.0,23.27,23,31.91,21,-4.31,212,399.23,3,142.28,2.57,2026-10-28,False,https://www.tradingview.com/chart/?symbol=NASDAQ:MXL&interval=D,True,True,False,True
ASST,"Strive, Inc.",NASDAQ,Financial Conglomerates,28.99,22.86,18.57,6.73,6.7,10412905.3,9761621.6,282989410.0,223139281.0,4.21,165,54.53,6,123.52,4,189.9,16,122.65,8.38,2026-11-13,False,https://www.tradingview.com/chart/?symbol=NASDAQ:ASST&interval=D,False,True,True,True
TEAM,Atlassian Corporation,NASDAQ,Packaged Software,195.08,180.34,150.38,4.16,4.64,3331614.2,3883872.6333333333,757665873.0,700416943.0,5.16,149,15.23,67,146.47,2,191.12,15,117.61,6.41,2026-10-29,False,https://www.tradingview.com/chart/?symbol=NASDAQ:TEAM&interval=D,False,False,True,True
LIFE,Ethos Technologies Inc.,NASDAQ,Packaged Software,33.91,36.94,31.24,8.31,8.12,1869234.4,1559757.1,52891363.0,57622626.0,-14.58,436,2.6,148,88.08,12,235.74,7,108.81,1.05,2026-12-02,False,https://www.tradingview.com/chart/?symbol=NASDAQ:LIFE&interval=D,False,False,True,True
APPS,"Digital Turbine, Inc.",NASDAQ,Packaged Software,11.54,11.3,10.75,6.93,7.19,2725180.9,2670602.2666666666,30818750.0,30180031.0,2.12,198,8.05,106,14.31,134,292.52,5,104.96,1.03,2026-11-11,False,https://www.tradingview.com/chart/?symbol=NASDAQ:APPS&interval=D,False,False,False,True
BLZE,"Backblaze, Inc.",NASDAQ,Computer Peripherals,14.06,14.97,14.93,5.53,6.83,2051601.9,2441762.1333333333,34331176.0,36543819.0,9.76,104,-11.63,304,16.83,124,304.02,4,103.07,-0.85,2026-11-11,False,https://www.tradingview.com/chart/?symbol=NASDAQ:BLZE&interval=D,False,False,False,True
PURR,Hyperliquid Strategies Inc,NASDAQ,Financial Conglomerates,13.94,11.08,9.3,7.69,8.08,26468000.5,26313778.033333335,366814066.0,291613674.0,24.35,20,27.07,26,73.82,22,195.03,14,98.64,6.17,2026-12-02,False,https://www.tradingview.com/chart/?symbol=NASDAQ:PURR&interval=D,True,False,True,True
OKTA,"Okta, Inc.",NASDAQ,Packaged Software,205.36,164.49,156.13,4.41,4.7,4543515.2,4164821.5,855287743.0,685084677.0,10.1,99,53.01,7,72.95,23,169.32,21,98.43,6.71,2026-12-08,False,https://www.tradingview.com/chart/?symbol=NASDAQ:OKTA&interval=D,False,True,True,True
SDGR,"Schrodinger, Inc.",NASDAQ,Packaged Software,29.23,21.46,19.26,6.48,5.89,3232984.4,1748612.3,51111938.0,37517060.0,25.5,16,49.06,8,90.3,11,154.17,28,97.84,8.78,2026-11-11,False,https://www.tradingview.com/chart/?symbol=NASDAQ:SDGR&interval=D,True,True,True,False
BAND,Bandwidth Inc.,NASDAQ,Packaged Software,59.13,50.45,52.12,7.87,7.64,1116699.5,858988.7333333333,50792004.0,43338129.0,21.67,28,26.27,29,13.1,140,247.82,6,95.73,1.76,2026-10-29,False,https://www.tradingview.com/chart/?symbol=NASDAQ:BAND&interval=D,False,False,False,True
GPRO,"GoPro, Inc.",NASDAQ,Electronics/Appliances,1.31,1.03,0.9,13.69,11.63,26117098.8,65171968.86666667,85375279.0,67137773.0,0.0,243,107.28,2,81.38,17,95.52,65,94.73,3.91,2026-11-05,False,https://www.tradingview.com/chart/?symbol=NASDAQ:GPRO&interval=D,False,True,True,False
CRWD,"CrowdStrike Holdings, Inc.",NASDAQ,Packaged Software,262.49,218.74,210.61,4.47,4.93,13574424.8,11404613.266666668,2993596936.0,2494591884.0,10.79,90,38.5,13,54.32,44,183.12,19,91.98,5.0,2026-12-01,False,https://www.tradingview.com/chart/?symbol=NASDAQ:CRWD&interval=D,False,True,False,True
DELL,Dell Technologies Inc.,NYSE,Computer Processing Hardware,549.83,501.27,469.82,5.44,5.82,9935530.999999996,8997568.166666666,4947132905.0,4510204997.0,-0.69,254,25.47,31,32.64,77,213.96,9,90.69,2.92,2026-12-01,False,https://www.tradingview.com/chart/?symbol=NYSE:DELL&interval=D,False,False,False,True
FIVN,"Five9, Inc.",NASDAQ,Packaged Software,37.68,33.23,30.88,5.49,5.59,2937728.0,2088618.8333333333,78699158.0,69410722.0,14.11,59,14.84,69,93.73,9,154.94,27,87.84,3.94,2026-11-09,False,https://www.tradingview.com/chart/?symbol=NASDAQ:FIVN&interval=D,False,False,True,False
RNG,"RingCentral, Inc.",NYSE,Packaged Software,79.23,70.04,62.78,4.29,4.23,1720941.2,1511059.2,119721220.0,105839623.0,11.89,78,19.05,54,126.05,3,117.46,44,87.52,6.19,2026-11-09,False,https://www.tradingview.com/chart/?symbol=NYSE:RNG&interval=D,False,False,True,False
AMC,"AMC Entertainment Holdings, Inc.",NYSE,Movies/Entertainment,2.87,2.6,2.54,5.55,5.79,29694479.000000037,23408654.900000002,67182840.0,60846897.0,11.67,82,12.99,79,42.79,59,195.88,13,83.88,2.21,2026-11-11,False,https://www.tradingview.com/chart/?symbol=NYSE:AMC&interval=D,False,False,False,True
DAIC,"CID HoldCo, Inc.",NASDAQ,Miscellaneous,3.33,2.62,1.98,21.13,29.66,13391031.3,16168422.1,53840846.0,42389992.0,51.36,5,208.25,1,74.35,21,-32.73,402,83.29,2.3,,False,https://www.tradingview.com/chart/?symbol=NASDAQ:DAIC&interval=D,True,True,True,False
NTSK,"Netskope, Inc.",NASDAQ,Packaged Software,18.57,15.5,14.56,5.65,5.23,8916653.5,6285019.833333333,116712818.0,97386382.0,8.41,121,28.25,24,96.09,6,123.73,42,82.69,5.27,2026-12-11,False,https://www.tradingview.com/chart/?symbol=NASDAQ:NTSK&interval=D,False,False,True,False
ALAB,"Astera Labs, Inc.",NASDAQ,Semiconductors,360.46,298.17,303.93,5.68,6.52,4479841.9,3847781.566666667,1386971344.0,1147275073.0,41.23,9,32.67,19,-14.7,286,224.74,8,80.9,2.85,2026-11-10,False,https://www.tradingview.com/chart/?symbol=NASDAQ:ALAB&interval=D,True,True,False,True
CORT,Corcept Therapeutics Incorporated,NASDAQ,Pharmaceuticals: Major,112.94,115.16,109.68,4.74,4.67,2640762.2,1408932.4666666666,159124833.0,162258533.0,1.91,203,-6.32,240,37.92,68,196.51,12,76.03,0.64,2026-11-04,False,https://www.tradingview.com/chart/?symbol=NASDAQ:CORT&interval=D,False,False,False,True
GRAL,"GRAIL, Inc.",NASDAQ,Medical Specialties,108.52,78.96,75.41,4.88,5.99,1744716.6,989100.2,107337154.0,78100671.0,43.85,8,37.58,15,75.49,19,114.04,48,75.7,7.33,2026-11-18,False,https://www.tradingview.com/chart/?symbol=NASDAQ:GRAL&interval=D,True,True,True,False
RBRK,"Rubrik, Inc.",NYSE,Information Technology Services,115.57,98.8,90.98,4.78,5.16,3715491.4,3709512.6666666665,428708379.0,366501088.0,13.34,65,16.19,64,61.02,31,147.1,32,74.77,5.23,2026-12-03,False,https://www.tradingview.com/chart/?symbol=NYSE:RBRK&interval=D,False,False,False,False
PANW,"Palo Alto Networks, Inc.",NASDAQ,Packaged Software,393.3,361.7,355.39,4.23,4.74,7298059.800000009,6498259.300000008,2555765383.0,2350418223.0,7.02,131,10.46,90,36.09,71,166.55,22,71.03,2.25,2026-11-12,False,https://www.tradingview.com/chart/?symbol=NASDAQ:PANW&interval=D,False,False,False,True
INTC,Intel Corporation,NASDAQ,Semiconductors,122.6,99.29,98.04,4.02,5.12,119527277.5,104160373.13333334,12770061746.0,10342135529.0,20.95,29,37.97,14,-12.26,259,181.06,20,68.92,4.89,2026-10-22,False,https://www.tradingview.com/chart/?symbol=NASDAQ:INTC&interval=D,False,True,False,True
SNDK,Sandisk Corporation,NASDAQ,Computer Peripherals,1816.57,1613.14,1506.65,5.25,6.41,9933167.5,12186113.766666668,22136928685.0,19657938027.0,17.22,42,21.58,46,-18.84,308,202.89,11,68.54,3.21,2026-11-05,False,https://www.tradingview.com/chart/?symbol=NASDAQ:SNDK&interval=D,False,False,False,True
OMER,Omeros Corporation,NASDAQ,Pharmaceuticals: Major,20.74,18.41,15.61,4.09,4.78,1878498.7,2233039.7333333334,46313244.0,41101329.0,20.86,31,8.59,100,95.48,7,99.42,63,67.83,6.88,2026-11-11,False,https://www.tradingview.com/chart/?symbol=NASDAQ:OMER&interval=D,False,False,True,False
XMTR,"Xometry, Inc.",NASDAQ,Information Technology Services,105.01,91.34,91.27,4.09,4.39,995415.7,647840.0666666667,68029685.0,59172092.0,19.51,37,23.93,32,13.68,136,161.54,24,66.39,3.43,2026-11-05,False,https://www.tradingview.com/chart/?symbol=NASDAQ:XMTR&interval=D,False,False,False,False
HPE,Hewlett Packard Enterprise Company,NYSE,Computer Processing Hardware,62.33,56.21,53.27,5.79,5.55,24198646.1,23357263.400000025,1455858228.0,1312997419.0,12.29,77,17.6,62,29.58,85,150.62,30,65.94,3.06,2026-12-03,False,https://www.tradingview.com/chart/?symbol=NYSE:HPE&interval=D,False,False,False,False
PENG,"Penguin Solutions, Inc.",NASDAQ,Semiconductors,53.88,52.56,54.01,4.46,6.18,1444105.0,1478929.3666666667,79684714.0,77732528.0,9.53,106,6.31,119,-21.3,325,209.66,10,64.89,-0.04,2026-10-06,False,https://www.tradingview.com/chart/?symbol=NASDAQ:PENG&interval=D,False,False,False,True
NEO,"NeoGenomics, Inc.",NASDAQ,Medical/Nursing Services,18.36,17.62,16.59,4.22,4.37,2248814.9,1800683.4666666666,33060548.0,31733145.0,-2.55,292,9.61,94,42.33,60,138.75,34,63.56,2.44,2026-11-10,False,https://www.tradingview.com/chart/?symbol=NASDAQ:NEO&interval=D,False,False,False,False
ETON,"Eton Pharmaceuticals, Inc.",NASDAQ,Pharmaceuticals: Major,55.61,58.25,52.52,4.68,5.17,429908.8,609574.4666666667,33898436.0,35509846.0,1.55,214,-12.97,320,63.66,30,136.24,36,62.31,1.14,2026-11-05,False,https://www.tradingview.com/chart/?symbol=NASDAQ:ETON&interval=D,False,False,False,False
AMBQ,"Ambiq Micro, Inc.",NYSE,Semiconductors,69.13,61.57,64.41,4.98,5.75,699391.2,523560.0,36193703.0,32234542.0,10.48,93,18.9,55,-18.09,303,186.02,17,62.28,1.27,2026-11-05,False,https://www.tradingview.com/chart/?symbol=NYSE:AMBQ&interval=D,False,False,False,True
SBET,"Sharplink, Inc.",NASDAQ,Advertising/Marketing Services,9.81,8.22,7.4,5.83,6.25,10881559.1,9824199.76666669,96375400.0,80709076.0,17.34,41,21.71,45,106.53,5,54.49,127,60.91,5.21,2026-11-12,False,https://www.tradingview.com/chart/?symbol=NASDAQ:SBET&interval=D,False,False,True,False
AYA,Aya Gold & Silver Inc.,NASDAQ,Precious Metals,28.19,27.81,25.31,4.98,6.19,1621779.9,1286561.2666666666,36268162.0,35783129.0,2.21,197,4.25,136,59.54,35,118.53,43,60.77,1.84,2026-11-17,False,https://www.tradingview.com/chart/?symbol=NASDAQ:AYA&interval=D,False,False,False,False
AMLX,"Amylyx Pharmaceuticals, Inc.",NASDAQ,Pharmaceuticals: Major,30.6,32.91,27.73,5.17,6.02,1646519.8,3015228.7,92281074.0,99240725.0,-7.4,375,-20.79,401,75.19,20,127.72,39,60.7,1.72,2026-11-05,False,https://www.tradingview.com/chart/?symbol=NASDAQ:AMLX&interval=D,False,False,True,False
AEHR,Aehr Test Systems,NASDAQ,Electronic Production Equipment,97.38,97.57,94.22,7.25,9.07,2497500.4,2724866.933333333,265347542.0,265869808.0,15.52,47,1.69,158,-5.09,216,183.74,18,60.12,0.37,2026-10-06,False,https://www.tradingview.com/chart/?symbol=NASDAQ:AEHR&interval=D,False,False,False,True
NSIT,"Insight Enterprises, Inc.",NASDAQ,Information Technology Services,158.25,155.04,144.47,4.01,3.93,480542.3,329692.4666666667,52173833.0,51114036.0,-1.54,270,8.09,105,38.61,65,129.88,38,58.86,2.43,2026-10-29,False,https://www.tradingview.com/chart/?symbol=NASDAQ:NSIT&interval=D,False,False,False,False
CVI,CVR Energy Inc.,NYSE,Oil Refining/Marketing,51.8,43.84,39.82,5.23,4.93,1340347.3,1079868.2666666666,55937176.0,47337465.0,1.47,215,32.51,20,94.15,8,49.75,140,58.81,6.1,2026-11-02,False,https://www.tradingview.com/chart/?symbol=NYSE:CVI&interval=D,False,True,True,False
QLYS,"Qualys, Inc.",NASDAQ,Packaged Software,184.79,179.13,169.85,5.04,5.11,904944.8,690253.8333333334,127552006.0,123642638.0,2.89,184,1.43,164,60.92,32,108.5,51,56.95,1.72,2026-11-04,False,https://www.tradingview.com/chart/?symbol=NASDAQ:QLYS&interval=D,False,False,False,False
ILMN,"Illumina, Inc.",NASDAQ,Medical Specialties,255.38,216.51,207.47,4.08,4.1,5668930.2,3045962.1,777877801.0,659490900.0,13.76,63,18.24,60,43.28,57,107.63,53,56.38,5.64,2026-10-29,False,https://www.tradingview.com/chart/?symbol=NASDAQ:ILMN&interval=D,False,False,False,False
SMTC,Semtech Corporation,NASDAQ,Semiconductors,169.33,147.52,139.07,6.09,6.7,3779461.2,3574499.6333333333,605270023.0,527306016.0,10.09,100,41.54,12,-0.1,192,127.56,40,56.34,3.25,2026-12-02,False,https://www.tradingview.com/chart/?symbol=NASDAQ:SMTC&interval=D,False,True,False,False
MRVL,"Marvell Technology, Inc.",NASDAQ,Semiconductors,260.9,231.0,218.04,4.14,5.4,18473459.0,22627809.866666667,5903595594.0,5227061792.0,15.07,51,13.82,75,-10.4,248,164.12,23,55.85,3.64,2026-11-26,False,https://www.tradingview.com/chart/?symbol=NASDAQ:MRVL&interval=D,False,False,False,True
HNGE,"Hinge Health, Inc.",NYSE,Packaged Software,92.28,90.71,86.89,4.33,4.49,2065417.3,1817635.5666666667,167731410.0,164872269.0,0.22,240,4.37,134,30.17,84,130.7,37,55.08,1.38,2026-11-03,False,https://www.tradingview.com/chart/?symbol=NYSE:HNGE&interval=D,False,False,False,False
SNOW,Snowflake Inc.,NYSE,Packaged Software,334.81,329.66,314.47,4.41,4.6,4176897.1,4920809.266666667,1647536151.0,1622182501.0,5.24,148,0.8,170,50.14,49,111.46,49,54.13,1.41,2026-12-02,False,https://www.tradingview.com/chart/?symbol=NYSE:SNOW&interval=D,False,False,False,False
SAIL,"SailPoint, Inc.",NASDAQ,Packaged Software,21.41,19.23,18.09,5.72,5.83,6238987.1,4409902.033333333,94416003.0,84784776.0,8.85,115,14.13,74,68.32,27,78.42,81,53.62,3.15,2026-12-15,False,https://www.tradingview.com/chart/?symbol=NASDAQ:SAIL&interval=D,False,False,False,False
OSCR,"Oscar Health, Inc.",NYSE,Managed Health Care,30.53,31.54,30.72,6.16,6.02,6417599.9,5422815.3,165558551.0,171055478.0,-8.87,389,-5.1,229,5.06,171,160.27,25,53.41,-0.1,2026-11-10,False,https://www.tradingview.com/chart/?symbol=NYSE:OSCR&interval=D,False,False,False,False
S,"SentinelOne, Inc.",NYSE,Packaged Software,24.1,21.67,20.85,4.28,4.71,9802459.0,8819364.7,212546689.0,191124452.0,4.6,157,14.43,72,60.24,33,85.24,74,53.31,3.31,2026-12-08,False,https://www.tradingview.com/chart/?symbol=NYSE:S&interval=D,False,False,False,False
CLMT,"Calumet, Inc",NASDAQ,Oil Refining/Marketing,54.38,52.26,48.36,4.51,4.64,1650584.5,1306136.0666666667,71027679.0,68262154.0,-3.8,309,13.14,78,67.32,28,76.44,85,52.3,2.68,2026-11-06,False,https://www.tradingview.com/chart/?symbol=NASDAQ:CLMT&interval=D,False,False,False,False
NET,"Cloudflare, Inc.",NYSE,Information Technology Services,352.33,307.37,296.48,4.82,4.99,3375797.0,3193934.4,1125318907.0,981708970.0,8.74,116,22.04,41,59.14,37,71.87,93,51.02,3.77,2026-10-29,False,https://www.tradingview.com/chart/?symbol=NYSE:NET&interval=D,False,False,False,False
BMNR,"BitMine Immersion Technologies, Inc.",NYSE,Financial Conglomerates,27.46,23.57,21.05,5.59,6.28,46533161.8,44777736.13333333,1229596634.0,1055426167.0,17.1,43,16.36,63,92.7,10,43.84,150,50.97,4.84,2026-11-20,False,https://www.tradingview.com/chart/?symbol=NYSE:BMNR&interval=D,False,False,True,False
ZETA,Zeta Global Holdings Corp.,NYSE,Packaged Software,29.79,29.96,27.12,4.7,4.83,5052505.3,6387911.7,190295890.0,191392481.0,-2.42,290,3.69,139,57.29,42,89.75,67,50.24,2.04,2026-11-10,False,https://www.tradingview.com/chart/?symbol=NYSE:ZETA&interval=D,False,False,False,False
BB,BlackBerry Limited,NYSE,Packaged Software,8.38,8.1,8.37,4.08,4.98,13994984.0,10788709.300000008,90409384.0,87388545.0,7.57,126,5.67,123,-13.79,277,157.85,26,49.91,0.02,2026-09-24,True,https://www.tradingview.com/chart/?symbol=NYSE:BB&interval=D,False,False,False,False
ZS,"Zscaler, Inc.",NASDAQ,Packaged Software,214.45,183.12,171.59,4.37,4.49,3578283.7,3169444.2333333334,679687316.0,580403419.0,12.35,76,19.14,53,69.26,26,60.29,115,49.56,5.57,2026-12-01,False,https://www.tradingview.com/chart/?symbol=NASDAQ:ZS&interval=D,False,False,False,False
APPN,Appian Corporation,NASDAQ,Packaged Software,37.96,37.86,33.81,5.11,5.52,905395.0,864666.5666666667,32822743.0,32733682.0,3.99,168,-0.89,184,85.17,14,58.86,117,47.71,2.22,2026-10-29,False,https://www.tradingview.com/chart/?symbol=NASDAQ:APPN&interval=D,False,False,True,False
BFLY,"Butterfly Network, Inc.",NYSE,Medical Specialties,9.2,8.34,8.05,6.24,7.38,6521977.5,5172353.733333333,47585654.0,43132258.0,20.89,30,-2.44,198,17.8,120,124.94,41,46.77,1.93,2026-10-29,False,https://www.tradingview.com/chart/?symbol=NYSE:BFLY&interval=D,False,False,False,False
STX,Seagate Technology Holdings PLC,NASDAQ,Computer Peripherals,923.86,855.72,844.77,5.2,5.79,4369330.3,3921501.066666667,3622917975.0,3355716697.0,17.72,40,12.86,80,-16.84,295,144.07,33,46.69,1.62,2026-10-28,False,https://www.tradingview.com/chart/?symbol=NASDAQ:STX&interval=D,False,False,False,False
TENB,"Tenable Holdings, Inc.",NASDAQ,Packaged Software,36.23,35.4,35.3,6.14,6.29,6483152.0,4748520.633333334,172038903.0,168084968.0,-1.71,276,5.2,128,31.22,80,103.31,58,46.58,0.42,2026-11-04,False,https://www.tradingview.com/chart/?symbol=NASDAQ:TENB&interval=D,False,False,False,False
DINO,HF Sinclair Corporation,NYSE,Oil Refining/Marketing,106.14,102.45,96.64,4.66,4.55,3405034.1,2701463.6,286733347.0,276760443.0,-3.95,310,10.52,89,60.16,34,68.13,99,46.27,2.16,2026-10-28,False,https://www.tradingview.com/chart/?symbol=NYSE:DINO&interval=D,False,False,False,False
SLS,"SELLAS Life Sciences Group, Inc.",NASDAQ,Pharmaceuticals: Major,11.52,13.0,12.42,7.79,8.69,7536331.8,7362034.233333333,84810634.0,95734666.0,2.49,192,-25.56,428,25.08,97,138.02,35,45.85,-0.83,2026-11-18,False,https://www.tradingview.com/chart/?symbol=NASDAQ:SLS&interval=D,False,False,False,False
GH,"Guardant Health, Inc.",NASDAQ,Medical Specialties,176.31,166.4,162.04,4.62,4.57,1884259.7,1996593.8333333333,352019459.0,332227890.0,0.75,230,7.1,116,27.9,89,102.1,59,45.7,1.93,2026-10-29,False,https://www.tradingview.com/chart/?symbol=NASDAQ:GH&interval=D,False,False,False,False
COHU,"Cohu, Inc.",NASDAQ,Semiconductors,64.48,53.99,52.6,4.95,5.9,1080033.9,1031486.5333333333,66510252.0,55690130.0,25.72,15,22.66,38,-3.6,209,117.18,45,45.41,3.83,2026-10-29,False,https://www.tradingview.com/chart/?symbol=NASDAQ:COHU&interval=D,True,False,False,False
DDOG,"Datadog, Inc.",NASDAQ,Packaged Software,251.49,232.57,242.74,4.01,4.67,3069290.8,3713860.6333333333,933998811.0,863749280.0,9.76,103,7.29,114,15.34,128,109.58,50,44.07,0.77,2026-11-05,False,https://www.tradingview.com/chart/?symbol=NASDAQ:DDOG&interval=D,False,False,False,False
BE,Bloom Energy Corporation,NYSE,Electronic Production Equipment,275.19,239.57,227.49,5.72,6.56,18524545.3,14900469.133333333,4100460101.0,3569715324.0,2.59,190,43.34,11,-20.53,321,106.93,55,43.25,3.2,2026-10-29,False,https://www.tradingview.com/chart/?symbol=NYSE:BE&interval=D,False,True,False,False
MSTR,Strategy Inc,NASDAQ,Internet Software/Services,162.2,127.42,115.09,5.02,5.71,25826809.6,27518740.733333334,4463539747.0,3506548019.0,24.75,18,33.13,17,71.3,24,24.88,198,43.1,7.17,2026-11-04,False,https://www.tradingview.com/chart/?symbol=NASDAQ:MSTR&interval=D,True,True,False,False
ECO,Okeanis Eco Tankers Corp.,NYSE,Marine Shipping,78.03,70.75,65.91,4.07,4.17,1028114.6,691606.0333333333,53966019.0,48932741.0,-5.41,340,21.9,43,46.92,54,60.49,114,43.1,4.41,2026-11-11,False,https://www.tradingview.com/chart/?symbol=NYSE:ECO&interval=D,False,False,False,False
P,"Everpure, Inc.",NYSE,Computer Peripherals,109.65,103.81,93.85,4.53,5.4,10629150.5,5838446.233333333,640185629.0,606083265.0,11.89,79,2.15,153,47.98,52,78.85,80,42.99,3.12,2026-12-02,False,https://www.tradingview.com/chart/?symbol=NYSE:P&interval=D,False,False,False,False
FROG,JFrog Ltd.,NASDAQ,Packaged Software,92.33,92.17,88.77,5.48,5.81,1621539.1,1941849.3333333333,179290949.0,178974428.0,-1.25,264,1.69,159,19.49,116,107.72,52,42.96,0.69,2026-11-04,False,https://www.tradingview.com/chart/?symbol=NASDAQ:FROG&interval=D,False,False,False,False
USDE,StablecoinX Inc.,NASDAQ,Packaged Software,12.87,6.94,4.91,10.15,12.07,6094942.2,8402862.5,108144840.0,58339674.0,112.38,3,65.11,4,36.91,69,25.56,196,42.53,13.45,,False,https://www.tradingview.com/chart/?symbol=NASDAQ:USDE&interval=D,True,True,False,False
NUAI,"New Era Energy & Digital, Inc.",NASDAQ,Engineering & Construction,6.99,5.56,5.31,8.01,9.3,9227850.7,7371434.966666667,51526330.0,40971664.0,23.94,21,45.63,9,16.11,127,64.47,104,42.07,3.4,2026-12-02,False,https://www.tradingview.com/chart/?symbol=NASDAQ:NUAI&interval=D,True,True,False,False
TEM,"Tempus AI, Inc.",NASDAQ,Packaged Software,76.59,65.05,58.24,5.36,5.98,7296705.7,7653385.2,586172772.0,497878219.0,11.34,85,9.3,97,45.64,55,70.41,96,41.78,5.27,2026-11-10,False,https://www.tradingview.com/chart/?symbol=NASDAQ:TEM&interval=D,False,False,False,False
SWKS,"Skyworks Solutions, Inc.",NASDAQ,Semiconductors,91.45,75.37,70.52,5.82,5.03,9817943.1,7012438.4,641287492.0,528527482.0,2.32,195,37.29,16,24.85,100,62.98,108,41.71,5.9,2026-10-29,False,https://www.tradingview.com/chart/?symbol=NASDAQ:SWKS&interval=D,False,True,False,False
SMCI,"Super Micro Computer, Inc.",NASDAQ,Computer Processing Hardware,41.44,38.24,34.37,5.02,5.63,40115416.6,47329178.13333333,1961321142.0,1809788890.0,15.27,49,13.57,77,24.3,102,86.58,71,41.48,3.66,2026-11-03,False,https://www.tradingview.com/chart/?symbol=NASDAQ:SMCI&interval=D,False,False,False,False
MDB,"MongoDB, Inc.",NASDAQ,Packaged Software,428.36,409.32,382.62,4.47,5.13,1427221.0,1817319.5666666667,778467010.0,743870091.0,14.9,53,1.15,166,42.06,61,80.26,77,41.16,2.33,2026-12-07,False,https://www.tradingview.com/chart/?symbol=NASDAQ:MDB&interval=D,False,False,False,False
MPC,Marathon Petroleum Corporation,NYSE,Oil Refining/Marketing,388.38,381.01,352.99,4.04,3.83,4014398.8,2926470.6666666665,1136582678.0,1115000932.0,-4.18,317,7.95,110,58.48,38,57.03,121,41.15,2.62,2026-11-03,False,https://www.tradingview.com/chart/?symbol=NYSE:MPC&interval=D,False,False,False,False
FCEL,"FuelCell Energy, Inc.",NASDAQ,Electronic Equipment/Instruments,17.18,17.99,19.07,7.07,9.49,5595384.499999996,7645135.399999995,131343426.0,137566566.0,8.73,117,-8.08,263,-21.91,329,153.39,29,41.13,-1.05,2026-12-17,False,https://www.tradingview.com/chart/?symbol=NASDAQ:FCEL&interval=D,False,False,False,False
DK,"Delek US Holdings, Inc.",NYSE,Oil Refining/Marketing,72.26,72.13,68.72,5.71,6.05,3019220.7,2171118.8,156885044.0,156611484.0,-5.54,347,2.79,147,64.68,29,54.85,125,40.77,0.85,2026-11-11,False,https://www.tradingview.com/chart/?symbol=NYSE:DK&interval=D,False,False,False,False
DOCU,"DocuSign, Inc.",NASDAQ,Packaged Software,69.49,64.96,60.74,4.29,4.16,3751087.6,3580019.8333333335,248775578.0,232567635.0,-1.57,272,12.74,81,59.16,36,50.05,139,40.65,3.46,2026-12-03,False,https://www.tradingview.com/chart/?symbol=NASDAQ:DOCU&interval=D,False,False,False,False
PI,"Impinj, Inc.",NASDAQ,Semiconductors,177.2,172.17,163.09,4.26,4.56,450091.0,385080.43333333335,68236253.0,66298977.0,0.94,227,7.98,107,35.58,73,77.25,83,40.27,1.9,2026-10-28,False,https://www.tradingview.com/chart/?symbol=NASDAQ:PI&interval=D,False,False,False,False
HUT,Hut 8 Corp.,NASDAQ,Data Processing Services,102.46,88.99,93.46,7.24,7.84,5039578.000000009,4977065.699999998,509950152.0,442889998.0,15.9,46,28.87,23,-14.69,285,106.07,56,40.09,1.23,2026-11-18,False,https://www.tradingview.com/chart/?symbol=NASDAQ:HUT&interval=D,False,True,False,False
HOOD,"Robinhood Markets, Inc.",NASDAQ,Investment Banks/Brokers,122.7,108.82,103.87,5.17,5.3,24043198.7,22571129.533333335,2769477594.0,2456212887.0,11.27,87,14.83,70,24.2,103,79.02,79,39.35,3.42,2026-11-04,False,https://www.tradingview.com/chart/?symbol=NASDAQ:HOOD&interval=D,False,False,False,False
HTFL,"Heartflow, Inc.",NASDAQ,Packaged Software,47.39,47.02,38.7,5.41,5.37,2367099.0,2468636.966666667,116988706.0,116084362.0,-1.94,278,-4.74,224,36.06,72,85.84,72,39.05,4.18,2026-11-18,False,https://www.tradingview.com/chart/?symbol=NASDAQ:HTFL&interval=D,False,False,False,False
BETA,"Beta Technologies, Inc.",NYSE,Aerospace & Defense,24.34,22.44,21.38,6.4,6.65,5676229.7,3453502.6,84058253.0,77481633.0,16.07,45,-0.61,178,53.56,45,63.8,105,38.92,2.08,2026-12-03,False,https://www.tradingview.com/chart/?symbol=NYSE:BETA&interval=D,False,False,False,False
NTAP,"NetApp, Inc.",NASDAQ,Computer Peripherals,196.33,192.57,185.94,4.32,4.02,2333746.3,2450666.2333333334,481139302.0,471926839.0,3.1,180,2.82,146,24.71,101,88.8,69,38.78,1.39,2026-12-01,False,https://www.tradingview.com/chart/?symbol=NASDAQ:NTAP&interval=D,False,False,False,False
VLO,Valero Energy Corporation,NYSE,Oil Refining/Marketing,375.84,367.12,343.03,4.31,4.03,4919714.399999976,3220015.5333333383,1210210638.0,1182116003.0,-4.04,312,8.55,102,56.14,43,51.63,136,38.77,2.38,2026-10-22,False,https://www.tradingview.com/chart/?symbol=NYSE:VLO&interval=D,False,False,False,False
ANF,Abercrombie & Fitch Company,NYSE,Apparel/Footwear Retail,132.25,130.7,119.42,4.33,4.79,1339418.8,2042962.0666666667,270181733.0,267006970.0,-2.41,288,19.88,50,48.6,51,47.6,145,38.69,2.24,2026-11-24,False,https://www.tradingview.com/chart/?symbol=NYSE:ANF&interval=D,False,False,False,False
BLSH,Bullish,NYSE,Packaged Software,40.11,32.81,29.05,6.02,6.08,1914514.3,1819657.5,72986462.0,59698110.0,12.83,69,32.9,18,69.38,25,13.18,231,38.49,6.27,2026-11-25,False,https://www.tradingview.com/chart/?symbol=NYSE:BLSH&interval=D,False,True,False,False
HPQ,HP Inc.,NYSE,Information Technology Services,32.16,31.48,29.61,5.16,5.04,18555038.699999996,16427250.133333435,528300364.0,517107931.0,-4.85,331,8.87,99,39.34,64,66.72,100,38.31,1.71,2026-12-01,False,https://www.tradingview.com/chart/?symbol=NYSE:HPQ&interval=D,False,False,False,False
SHAZ,"SharonAI Holdings, Inc.",NASDAQ,Data Processing Services,57.73,59.69,58.93,7.6,9.66,1469720.3,1684053.9666666666,97220435.0,100529040.0,13.98,60,-2.12,195,-33.03,392,149.48,31,38.11,-0.21,2026-11-04,False,https://www.tradingview.com/chart/?symbol=NASDAQ:SHAZ&interval=D,False,False,False,False
PBF,PBF Energy Inc.,NYSE,Oil Refining/Marketing,70.47,73.37,69.75,6.35,6.52,5215866.8,3422466.7333333334,241181231.0,251097258.0,-3.49,305,-2.68,200,76.66,18,39.89,155,37.96,0.16,2026-10-29,False,https://www.tradingview.com/chart/?symbol=NYSE:PBF&interval=D,False,False,True,False
VICR,Vicor Corporation,NASDAQ,Electronic Components,283.16,207.17,211.25,5.14,6.39,1122644.8,923290.2666666667,261438872.0,191275275.0,50.62,6,45.15,10,-15.93,292,81.89,75,37.04,5.33,2026-10-27,False,https://www.tradingview.com/chart/?symbol=NASDAQ:VICR&interval=D,True,True,False,False
TVTX,"Travere Therapeutics, Inc.",NASDAQ,Pharmaceuticals: Major,59.83,64.7,61.84,4.36,4.26,1799162.2,1415490.7333333334,84688811.0,91586497.0,-4.39,322,-9.05,275,3.42,178,116.62,46,37.0,-0.76,2026-10-22,False,https://www.tradingview.com/chart/?symbol=NASDAQ:TVTX&interval=D,False,False,False,False
FSLY,"Fastly, Inc.",NASDAQ,Information Technology Services,29.65,24.41,23.53,8.85,8.8,9791489.7,6508971.233333333,192990997.0,158903515.0,24.37,19,22.72,37,82.35,15,5.5,258,36.86,2.95,2026-11-04,False,https://www.tradingview.com/chart/?symbol=NASDAQ:FSLY&interval=D,True,False,True,False
ELF,"e.l.f. Beauty, Inc.",NYSE,Household/Personal Care,100.78,100.12,93.4,4.09,4.31,1472877.4,1610659.6666666667,162322281.0,161252266.0,5.08,150,-1.39,190,57.76,40,53.37,131,36.58,1.83,2026-11-11,False,https://www.tradingview.com/chart/?symbol=NYSE:ELF&interval=D,False,False,False,False
INSP,"Inspire Medical Systems, Inc.",NYSE,Medical Specialties,69.06,65.0,60.55,5.56,5.08,1101139.1,708052.5666666667,48898110.0,46021293.0,-5.62,351,11.24,86,57.74,41,37.84,160,35.61,2.77,2026-11-09,False,https://www.tradingview.com/chart/?symbol=NYSE:INSP&interval=D,False,False,False,False
NBIS,Nebius Group N.V.,NASDAQ,Packaged Software,226.61,226.56,213.38,6.39,7.32,15842126.8,19837524.666666668,4495381465.0,4494297013.0,6.65,134,7.3,113,-16.86,296,114.13,47,34.85,0.85,2026-10-22,False,https://www.tradingview.com/chart/?symbol=NASDAQ:NBIS&interval=D,False,False,False,False
OUST,"Ouster, Inc.",NASDAQ,Semiconductors,39.38,37.79,38.33,4.8,6.48,2182202.2,2307320.033333333,90862263.0,87185164.0,18.36,38,5.39,125,-8.88,240,107.26,54,34.59,0.42,2026-11-05,False,https://www.tradingview.com/chart/?symbol=NASDAQ:OUST&interval=D,False,False,False,False
ASAN,"Asana, Inc.",NYSE,Packaged Software,9.47,9.44,8.9,5.86,6.53,10167137.6,7063164.166666667,66888165.0,66699814.0,1.94,202,-0.42,177,47.28,53,56.79,122,34.55,0.99,2026-12-08,False,https://www.tradingview.com/chart/?symbol=NYSE:ASAN&interval=D,False,False,False,False
SPSC,"SPS Commerce, Inc.",NASDAQ,Packaged Software,81.29,80.91,75.82,4.39,4.04,620221.2,534491.3,43448798.0,43245958.0,0.37,239,0.51,171,48.77,50,49.21,142,32.83,1.79,2026-10-22,False,https://www.tradingview.com/chart/?symbol=NASDAQ:SPSC&interval=D,False,False,False,False
QRVO,"Qorvo, Inc.",NASDAQ,Semiconductors,119.59,103.92,98.55,4.22,3.65,1816003.2,1236276.9,147846354.0,128472041.0,1.19,223,25.77,30,21.4,110,49.38,141,32.18,5.85,2026-11-04,False,https://www.tradingview.com/chart/?symbol=NASDAQ:QRVO&interval=D,False,False,False,False
WT,"WisdomTree, Inc.",NYSE,Investment Managers,23.72,23.58,22.31,4.48,4.13,3584182.2,2704863.3333333335,64159358.0,63781579.0,6.13,137,0.85,169,30.47,82,65.07,102,32.13,1.53,2026-10-23,False,https://www.tradingview.com/chart/?symbol=NYSE:WT&interval=D,False,False,False,False
RUM,RUM Group Inc.,NASDAQ,Internet Software/Services,8.27,8.51,7.53,7.23,7.8,8290328.1,5814484.133333334,48085784.0,49485136.0,-0.24,248,-8.01,261,33.82,75,70.16,97,31.99,1.25,2026-11-16,False,https://www.tradingview.com/chart/?symbol=NASDAQ:RUM&interval=D,False,False,False,False
ORKA,"Oruka Therapeutics, Inc.",NASDAQ,Pharmaceuticals: Major,89.92,98.27,96.67,5.58,5.95,1084893.4,899593.6666666666,80895960.0,88403070.0,-2.99,298,-15.76,348,8.42,163,99.74,62,30.8,-1.17,2026-11-18,False,https://www.tradingview.com/chart/?symbol=NASDAQ:ORKA&interval=D,False,False,False,False
RIOT,"Riot Platforms, Inc.",NASDAQ,Information Technology Services,24.69,20.83,20.86,5.47,6.29,16284423.1,17583286.866666667,434131353.0,366321407.0,23.45,22,23.33,36,-12.54,262,80.75,76,30.51,2.92,2026-11-10,False,https://www.tradingview.com/chart/?symbol=NASDAQ:RIOT&interval=D,True,False,False,False
VSXY,Victorias Secret & Co.,NYSE,Apparel/Footwear Retail,83.34,82.56,84.97,4.31,4.82,1926756.0,1921286.2666666666,160119997.0,158625237.0,14.4,58,-3.35,208,3.86,175,89.97,66,30.16,-0.4,2026-12-02,False,https://www.tradingview.com/chart/?symbol=NYSE:VSXY&interval=D,False,False,False,False
BLLN,"BillionToOne, Inc.",NASDAQ,Medical/Nursing Services,114.42,98.78,109.54,5.19,5.51,675064.3,617161.8666666667,70615661.0,60960883.0,9.52,107,20.4,49,5.02,172,63.43,107,29.62,0.81,2026-12-15,False,https://www.tradingview.com/chart/?symbol=NASDAQ:BLLN&interval=D,False,False,False,False
MANE,"Veradermics, Incorporated",NYSE,Pharmaceuticals: Major,115.78,104.55,106.63,4.93,5.33,950340.8,720583.8,83429192.0,75335115.0,11.48,84,15.78,66,-0.36,194,72.78,89,29.4,1.61,2026-12-02,False,https://www.tradingview.com/chart/?symbol=NYSE:MANE&interval=D,False,False,False,False
KEEL,Keel Infrastructure Corp.,NASDAQ,Data Processing Services,4.01,3.49,3.71,6.31,7.57,34681006.4,38373673.43333333,153878430.0,133872955.0,20.06,34,23.38,35,-36.75,405,100.5,60,29.04,1.09,2026-11-16,False,https://www.tradingview.com/chart/?symbol=NASDAQ:KEEL&interval=D,False,False,False,False
PRGO,Perrigo Company plc,NYSE,Pharmaceuticals: Major,13.84,13.92,12.77,4.09,4.09,2473780.3,2515226.8,34810739.0,35012795.0,1.32,220,-2.4,197,40.37,63,48.5,144,28.82,2.06,2026-11-11,False,https://www.tradingview.com/chart/?symbol=NYSE:PRGO&interval=D,False,False,False,False
GCT,GigaCloud Technology Inc,NASDAQ,Wholesale Distributors,52.5,51.52,47.97,4.64,4.74,725548.8,588945.0,30919612.0,30341563.0,-0.74,255,5.74,122,58.47,39,21.92,206,28.71,1.99,2026-11-26,False,https://www.tradingview.com/chart/?symbol=NASDAQ:GCT&interval=D,False,False,False,False
TGTX,"TG Therapeutics, Inc.",NASDAQ,Pharmaceuticals: Major,56.0,54.18,53.53,4.03,4.36,2119171.2,1963062.4333333333,109931496.0,106365593.0,5.42,143,5.28,126,4.42,173,76.32,86,28.67,1.06,2026-11-09,False,https://www.tradingview.com/chart/?symbol=NASDAQ:TGTX&interval=D,False,False,False,False
CHYM,"Chime Financial, Inc.",NASDAQ,Packaged Software,26.46,32.18,28.99,5.54,5.91,9848699.9,8157978.333333333,215860107.0,262542778.0,-20.68,446,-19.21,386,51.89,46,52.6,133,28.43,-1.48,2026-11-11,False,https://www.tradingview.com/chart/?symbol=NASDAQ:CHYM&interval=D,False,False,False,False
DOCN,"DigitalOcean Holdings, Inc.",NYSE,Packaged Software,141.21,123.09,123.12,6.98,6.99,3334425.4,2652213.2,374519026.0,326467111.0,19.63,36,22.31,39,-6.47,226,68.83,98,28.22,2.1,2026-11-09,False,https://www.tradingview.com/chart/?symbol=NYSE:DOCN&interval=D,False,False,False,False
INOD,Innodata Inc.,NASDAQ,Data Processing Services,71.99,58.81,60.11,4.89,5.8,1850105.9,1342159.1333333333,96622036.0,78936629.0,32.14,11,14.6,71,-12.21,258,79.71,78,27.37,3.41,2026-11-05,False,https://www.tradingview.com/chart/?symbol=NASDAQ:INOD&interval=D,True,False,False,False
AMRX,"Amneal Pharmaceuticals, Inc.",NASDAQ,Pharmaceuticals: Major,19.33,17.92,17.99,4.31,4.37,3210872.6,2227794.1,43063260.0,39913159.0,16.1,44,8.53,104,11.16,152,60.95,112,26.88,1.7,2026-10-29,False,https://www.tradingview.com/chart/?symbol=NASDAQ:AMRX&interval=D,False,False,False,False
MRX,Marex Group Limited,NASDAQ,Internet Software/Services,71.59,72.59,68.96,4.65,4.64,747520.0,772837.8333333334,55327460.0,56102874.0,4.37,158,-3.78,214,9.52,158,74.65,87,26.8,0.82,2026-11-05,False,https://www.tradingview.com/chart/?symbol=NASDAQ:MRX&interval=D,False,False,False,False
CLF,Cleveland-Cliffs Inc.,NYSE,Steel,12.87,11.95,11.64,4.06,4.68,14910980.4,14320512.133333333,184304991.0,171063291.0,8.88,114,7.97,109,21.42,109,50.18,138,26.52,2.26,2026-10-26,False,https://www.tradingview.com/chart/?symbol=NYSE:CLF&interval=D,False,False,False,False
MMED,"MiniMed Group, Inc.",NASDAQ,Medical Specialties,20.54,21.21,19.83,4.67,4.92,2725223.0,2182604.8,44830703.0,46286864.0,-7.23,372,0.44,172,44.14,56,34.95,169,26.51,0.73,2026-12-30,False,https://www.tradingview.com/chart/?symbol=NASDAQ:MMED&interval=D,False,False,False,False
SANM,Sanmina Corporation,NASDAQ,Electronic Production Equipment,221.89,200.37,200.08,4.41,4.85,605033.3,593867.5333333333,131773267.0,118994029.0,13.88,61,19.68,51,-12.69,264,72.4,90,26.46,2.25,2026-11-09,False,https://www.tradingview.com/chart/?symbol=NASDAQ:SANM&interval=D,False,False,False,False
ACMR,"ACM Research, Inc.",NASDAQ,Industrial Machinery,80.67,75.08,77.8,5.19,6.43,1227216.5,988242.133333335,79721493.0,74198043.0,22.82,24,4.43,133,-24.73,346,98.89,64,26.2,0.57,2026-11-11,False,https://www.tradingview.com/chart/?symbol=NASDAQ:ACMR&interval=D,False,False,False,False
DFTX,"Definium Therapeutics, Inc.",NASDAQ,Pharmaceuticals: Major,37.65,40.97,42.05,5.18,5.95,2849190.2999999984,2283515.6999999974,85974366.0,93567056.0,1.78,210,-15.32,340,-10.34,247,99.95,61,24.76,-1.76,2026-11-05,False,https://www.tradingview.com/chart/?symbol=NASDAQ:DFTX&interval=D,False,False,False,False
GEO,Geo Group Inc (The) REIT,NYSE,Miscellaneous Commercial Services,30.62,31.41,31.14,4.16,4.16,2443998.4,2286163.933333333,70002340.0,71809933.0,-0.81,258,-6.65,244,3.69,176,76.79,84,24.61,-0.4,2026-11-05,False,https://www.tradingview.com/chart/?symbol=NYSE:GEO&interval=D,False,False,False,False
ERO,Ero Copper Corp.,NYSE,Other Metals/Minerals,36.48,35.88,32.76,4.15,5.43,1387677.5,1533696.6333333333,55949253.0,55030569.0,10.38,95,-7.74,257,32.41,78,48.84,143,24.5,2.09,2026-11-10,False,https://www.tradingview.com/chart/?symbol=NYSE:ERO&interval=D,False,False,False,False
MARA,"MARA Holdings, Inc.",NASDAQ,Data Processing Services,13.35,11.2,11.25,6.14,6.7,52032452.3,50568215.766666666,675085680.0,566389301.0,18.04,39,19.52,52,-7.52,230,60.65,113,24.22,2.78,2026-11-11,False,https://www.tradingview.com/chart/?symbol=NASDAQ:MARA&interval=D,False,False,False,False
SYRE,"Spyre Therapeutics, Inc.",NASDAQ,Pharmaceuticals: Major,88.17,95.43,97.58,4.17,5.11,1339274.2999999996,1201305.0333333334,105919065.0,114642141.0,-3.51,306,-17.2,364,1.98,186,87.88,70,24.22,-1.89,2026-11-05,False,https://www.tradingview.com/chart/?symbol=NASDAQ:SYRE&interval=D,False,False,False,False
PGY,Pagaya Technologies Ltd.,NASDAQ,Packaged Software,18.72,21.29,20.26,6.12,6.75,2769488.6999999955,2298618.6666666665,43030141.0,48940656.0,-10.43,409,-12.48,314,22.27,106,62.64,109,24.14,-1.13,2026-11-17,False,https://www.tradingview.com/chart/?symbol=NASDAQ:PGY&interval=D,False,False,False,False
WGS,GeneDx Holdings Corp.,NASDAQ,Medical/Nursing Services,85.2,87.13,78.96,6.67,6.74,826550.2,594811.0333333333,50677900.0,51828760.0,-9.58,399,-1.29,189,34.13,74,39.4,156,24.08,1.17,2026-11-03,False,https://www.tradingview.com/chart/?symbol=NASDAQ:WGS&interval=D,False,False,False,False
PARR,"Par Pacific Holdings, Inc. Common Stock",NYSE,Oil Refining/Marketing,76.97,80.24,79.08,5.83,5.89,1111592.1000000013,940336.0000000005,72377662.0,75453814.0,-5.6,350,-0.82,183,50.74,47,22.17,205,24.03,-0.45,2026-11-09,False,https://www.tradingview.com/chart/?symbol=NYSE:PARR&interval=D,False,False,False,False
SMCIP,"Super Micro Computer, Inc. - Depositary Shares Each Representing a 1/20th Interest in a Share of 7% Series A Mandatory Convertible Preferred Stock",NASDAQ,Computer Processing Hardware,69.34,64.52,58.93,4.04,4.7,666992.6,695175.6333333333,48203478.0,44851805.0,13.49,64,11.62,85,23.36,105,36.63,161,23.87,3.76,2026-11-03,False,https://www.tradingview.com/chart/?symbol=NASDAQ:SMCIP&interval=D,False,False,False,False
HIVE,HIVE Digital Technologies Ltd,NASDAQ,Information Technology Services,3.37,2.99,2.96,5.31,6.15,12661710.499999994,20643818.033333335,69569667.0,61714694.0,15.41,48,12.71,82,-18.99,311,77.37,82,23.7,2.26,2026-11-16,False,https://www.tradingview.com/chart/?symbol=NASDAQ:HIVE&interval=D,False,False,False,False
BRKR,Bruker Corporation,NASDAQ,Medical Specialties,59.67,58.05,58.27,4.48,4.76,2584866.2,2101695.966666667,125408198.0,122004852.0,5.35,144,1.12,167,-1.01,200,70.58,95,23.56,0.5,2026-10-29,False,https://www.tradingview.com/chart/?symbol=NASDAQ:BRKR&interval=D,False,False,False,False
VSAT,"ViaSat, Inc.",NASDAQ,Telecommunications Equipment,73.68,74.3,75.14,5.36,5.54,1880130.3,1710831.0666666667,126054033.0,127115033.0,2.56,191,-0.66,179,16.66,126,54.5,126,23.5,-0.35,2026-11-11,False,https://www.tradingview.com/chart/?symbol=NASDAQ:VSAT&interval=D,False,False,False,False
UMAC,"Unusual Machines, Inc.",AMEX,Electronic Equipment/Instruments,22.69,25.15,23.65,7.01,8.71,2402472.4,3846596.3,87279270.0,96743179.0,-1.56,271,-14.7,333,13.28,138,71.37,94,23.32,-0.47,2026-11-12,False,https://www.tradingview.com/chart/?symbol=AMEX:UMAC&interval=D,False,False,False,False
SITM,SiTime Corporation,NASDAQ,Semiconductors,608.91,610.79,598.16,5.41,6.47,571314.0,418393.13333333336,254763763.0,255551109.0,8.67,118,1.48,163,-17.41,298,85.55,73,23.21,0.28,2026-11-04,False,https://www.tradingview.com/chart/?symbol=NASDAQ:SITM&interval=D,False,False,False,False
CXW,"CoreCivic, Inc.",NYSE,Miscellaneous Commercial Services,32.28,33.64,32.7,4.88,4.82,2237597.9,1878412.2,60635146.0,63191665.0,-7.8,376,-5.09,228,8.58,162,66.13,101,23.21,-0.27,2026-11-09,False,https://www.tradingview.com/chart/?symbol=NYSE:CXW&interval=D,False,False,False,False
AUGO,Aura Minerals Inc.,NASDAQ,Other Metals/Minerals,85.34,84.97,74.49,4.74,5.65,1305291.0000000014,1059846.8666666653,90447332.0,90056425.0,-2.13,284,-3.68,213,42.92,58,28.5,190,22.58,2.58,2026-11-05,False,https://www.tradingview.com/chart/?symbol=NASDAQ:AUGO&interval=D,False,False,False,False
CLSK,"CleanSpark, Inc.",NASDAQ,Data Processing Services,14.46,12.7,13.09,6.3,6.69,18803277.0,18775737.066666666,271497158.0,238458119.0,12.62,70,22.03,42,-13.62,274,59.25,116,22.55,1.56,2026-12-16,False,https://www.tradingview.com/chart/?symbol=NASDAQ:CLSK&interval=D,False,False,False,False
EAT,"Brinker International, Inc.",NYSE,Restaurants,210.8,225.95,217.46,4.31,4.65,2027711.6,1316213.9666666666,277457904.0,297402494.0,2.9,182,-15.3,339,25.13,96,56.15,123,21.99,-0.66,2026-11-04,False,https://www.tradingview.com/chart/?symbol=NYSE:EAT&interval=D,False,False,False,False
QCOM,QUALCOMM Incorporated,NASDAQ,Semiconductors,197.24,172.46,169.29,4.63,4.39,17101767.0,12611548.766666668,2487501879.0,2175012923.0,4.27,163,23.74,33,-10.11,246,51.85,135,21.83,3.76,2026-11-11,False,https://www.tradingview.com/chart/?symbol=NASDAQ:QCOM&interval=D,False,False,False,False
FDS,FactSet Research Systems Inc.,NYSE,Financial Publishing/Services,279.43,289.43,280.17,4.02,4.19,871332.1,861573.7,240749539.0,249369297.0,1.82,207,-6.81,246,29.18,86,42.45,152,21.61,-0.06,2026-09-30,False,https://www.tradingview.com/chart/?symbol=NYSE:FDS&interval=D,False,False,False,False
DUOL,"Duolingo, Inc.",NASDAQ,Packaged Software,145.98,146.07,140.29,4.9,5.11,1127281.4,1177444.4,171883334.0,171994013.0,-2.9,297,0.4,173,11.03,153,50.81,137,20.74,0.79,2026-11-11,False,https://www.tradingview.com/chart/?symbol=NASDAQ:DUOL&interval=D,False,False,False,False
WIX,Wix.com Ltd.,NASDAQ,Packaged Software,76.8,80.24,70.89,6.5,6.62,1082583.8,1542712.8333333333,118480346.0,123788306.0,-5.22,338,-6.19,238,81.6,16,-13.18,330,20.74,1.26,2026-11-05,False,https://www.tradingview.com/chart/?symbol=NASDAQ:WIX&interval=D,False,False,True,False
NWL,Newell Brands Inc.,NASDAQ,Industrial Machinery,5.68,5.94,5.78,4.59,4.88,5973926.3,6429511.366666666,36519625.0,38199870.0,-0.35,250,-5.8,234,2.53,184,63.69,106,20.14,-0.35,2026-10-23,False,https://www.tradingview.com/chart/?symbol=NASDAQ:NWL&interval=D,False,False,False,False
CRDO,Credo Technology Group Holding Ltd,NASDAQ,Information Technology Services,193.87,204.66,210.51,4.16,6.94,8836256.9,7614812.266666667,1476283654.0,1558422096.0,26.63,14,-12.98,321,-32.81,389,104.07,57,19.43,-1.14,2026-12-02,False,https://www.tradingview.com/chart/?symbol=NASDAQ:CRDO&interval=D,True,False,False,False
AI,"C3.ai, Inc.",NYSE,Packaged Software,10.86,10.42,9.93,4.47,4.49,4778073.7,5136217.733333333,55779325.0,53498844.0,1.02,225,6.47,117,18.04,119,33.25,176,19.26,2.08,2026-12-09,False,https://www.tradingview.com/chart/?symbol=NYSE:AI&interval=D,False,False,False,False
BULL,Webull Corporation,NASDAQ,Packaged Software,7.65,8.71,8.21,6.46,6.69,14738177.7,17534914.333333332,134142095.0,152793399.0,-10.11,405,-10.84,299,12.67,142,54.86,124,18.89,-1.03,2026-11-19,False,https://www.tradingview.com/chart/?symbol=NASDAQ:BULL&interval=D,False,False,False,False
VKTX,"Viking Therapeutics, Inc.",NASDAQ,Pharmaceuticals: Major,41.65,33.35,33.91,4.76,5.94,7825324.3,3817088.1666666665,158981722.0,127290984.0,38.74,10,23.41,34,9.61,157,22.54,204,18.52,3.85,2026-10-28,False,https://www.tradingview.com/chart/?symbol=NASDAQ:VKTX&interval=D,True,False,False,False
AUR,"Aurora Innovation, Inc.",NASDAQ,Packaged Software,6.32,6.26,6.33,5.24,5.7,35691454.2,32520197.9,205527651.0,203614379.0,-2.77,295,2.1,154,0.64,189,52.56,134,18.43,-0.02,2026-11-04,False,https://www.tradingview.com/chart/?symbol=NASDAQ:AUR&interval=D,False,False,False,False
CNXC,Concentrix Corporation,NASDAQ,Information Technology Services,30.21,27.93,26.69,6.13,6.4,1928158.0,1492593.1666666667,45091240.0,41688127.0,5.01,152,18.29,59,25.25,95,11.23,239,18.25,2.06,2026-09-29,False,https://www.tradingview.com/chart/?symbol=NASDAQ:CNXC&interval=D,False,False,False,False
SG,"Sweetgreen, Inc.",NYSE,Restaurants,7.71,6.77,6.53,5.46,5.66,5419512.8,5033931.8,38811614.0,34096498.0,12.55,72,10.94,88,-13.57,273,57.35,120,18.24,3.18,2026-11-05,False,https://www.tradingview.com/chart/?symbol=NYSE:SG&interval=D,False,False,False,False
SIG,Signet Jewelers Limited,NYSE,Specialty Stores,100.12,90.36,91.64,4.32,4.23,1177959.5,995959.3666666667,99715452.0,89994224.0,-1.71,275,22.07,40,17.04,123,15.08,226,18.06,2.19,2026-12-08,False,https://www.tradingview.com/chart/?symbol=NYSE:SIG&interval=D,False,False,False,False
NCNO,"nCino, Inc.",NASDAQ,Packaged Software,19.23,21.36,20.11,4.32,4.69,2471489.7,2665234.3666666667,51252457.0,56937402.0,-10.89,414,-7.59,256,32.9,76,28.76,189,18.02,-0.93,2026-12-02,False,https://www.tradingview.com/chart/?symbol=NASDAQ:NCNO&interval=D,False,False,False,False
COIN,"Coinbase Global, Inc.",NASDAQ,Investment Banks/Brokers,198.13,176.67,169.11,5.04,6.03,11934857.8,10581073.166666666,2096428027.0,1869319399.0,14.86,54,4.97,132,31.06,81,17.9,220,17.98,2.84,2026-10-29,False,https://www.tradingview.com/chart/?symbol=NASDAQ:COIN&interval=D,False,False,False,False
CCC,CCC Intelligent Solutions Holdings Inc.,NASDAQ,Packaged Software,6.66,7.05,6.72,4.75,4.59,14801774.6,11092898.766666668,73878706.0,78160565.0,2.62,188,-10.12,289,50.68,48,12.88,234,17.81,-0.19,2026-10-29,False,https://www.tradingview.com/chart/?symbol=NASDAQ:CCC&interval=D,False,False,False,False
SNAP,Snap Inc.,NYSE,Packaged Software,5.29,5.48,5.23,5.12,5.51,35746537.3,35768911.86666667,189217544.0,195894407.0,-9.57,398,1.54,162,17.56,122,34.26,171,17.79,0.2,2026-10-15,False,https://www.tradingview.com/chart/?symbol=NYSE:SNAP&interval=D,False,False,False,False
CBRL,"Cracker Barrel Old Country Store, Inc.",NASDAQ,Restaurants,47.52,52.94,53.77,4.87,5.17,1302073.4,939887.3,44663444.0,49754657.0,5.27,147,-17.36,367,-2.4,203,72.3,92,17.51,-2.25,2026-11-27,False,https://www.tradingview.com/chart/?symbol=NASDAQ:CBRL&interval=D,False,False,False,False
LITE,Lumentum Holdings Inc.,NASDAQ,Electrical Products,937.0,904.3,850.82,6.03,6.84,4817322.7,4682540.166666667,4387540136.0,4234414049.0,9.46,110,13.77,76,5.61,170,32.64,180,17.34,1.48,2026-11-10,False,https://www.tradingview.com/chart/?symbol=NASDAQ:LITE&interval=D,False,False,False,False
CLS,"Celestica, Inc.",NYSE,Electronic Components,361.84,320.23,323.67,4.69,5.24,2054517.6,2263523.4,819033307.0,724839044.0,13.0,66,21.17,47,-3.29,208,33.69,174,17.19,2.25,2026-10-26,False,https://www.tradingview.com/chart/?symbol=NYSE:CLS&interval=D,False,False,False,False
VSH,"Vishay Intertechnology, Inc.",NYSE,Electronic Production Equipment,32.6,31.93,33.57,4.28,5.54,2936677.7,3518692.966666667,114709391.0,112365941.0,1.31,221,5.4,124,-44.16,429,89.2,68,16.82,-0.52,2026-11-11,False,https://www.tradingview.com/chart/?symbol=NYSE:VSH&interval=D,False,False,False,False
IOT,Samsara Inc.,NYSE,Packaged Software,39.08,39.69,38.68,5.77,5.58,6248598.6,6737875.233333333,263316164.0,267435252.0,-4.17,316,-0.81,182,26.8,93,24.3,199,16.76,0.19,2026-11-26,False,https://www.tradingview.com/chart/?symbol=NYSE:IOT&interval=D,False,False,False,False
FLEX,Flex Ltd.,NASDAQ,Electronic Production Equipment,112.3,112.76,115.66,4.17,4.8,3710783.3000000017,3138147.4333333247,352413957.0,353867965.0,1.4,218,3.65,140,-29.2,367,74.46,88,16.3,-0.6,2026-11-04,False,https://www.tradingview.com/chart/?symbol=NASDAQ:FLEX&interval=D,False,False,False,False
ARXS,"Arxis, Inc.",NASDAQ,Aerospace & Defense,51.16,53.03,51.31,4.69,4.84,996002.8,694434.6,35527274.0,36824709.0,2.34,194,-3.78,215,16.7,125,34.63,170,15.85,-0.06,2026-12-02,False,https://www.tradingview.com/chart/?symbol=NASDAQ:ARXS&interval=D,False,False,False,False
MNDY,monday.com Ltd.,NASDAQ,Packaged Software,86.46,90.96,88.11,5.84,6.2,1234819.8,1202475.7666666666,103966055.0,109373187.0,-6.29,358,-5.26,230,25.05,98,27.62,192,15.8,-0.3,2026-11-16,False,https://www.tradingview.com/chart/?symbol=NASDAQ:MNDY&interval=D,False,False,False,False
SHOP,Shopify Inc.,NASDAQ,Miscellaneous Commercial Services,142.34,142.59,137.18,4.63,5.07,12425003.9,8939730.566666666,1272481249.0,1274751940.0,9.79,102,-4.15,220,25.52,94,25.4,197,15.59,0.74,2026-10-22,False,https://www.tradingview.com/chart/?symbol=NASDAQ:SHOP&interval=D,False,False,False,False
IT,"Gartner, Inc.",NYSE,Internet Software/Services,178.52,187.39,175.36,4.51,4.72,1171422.0,1203593.2,214865458.0,225538120.0,-7.36,374,-9.09,276,38.27,67,16.0,224,15.06,0.38,2026-11-03,False,https://www.tradingview.com/chart/?symbol=NYSE:IT&interval=D,False,False,False,False
W,Wayfair Inc.,NYSE,Specialty Stores,99.5,101.74,98.63,4.39,5.04,2544377.8,2360032.9,234823274.0,240116041.0,-5.47,342,-1.01,186,6.54,168,38.93,158,14.82,0.18,2026-10-29,False,https://www.tradingview.com/chart/?symbol=NYSE:W&interval=D,False,False,False,False
BHVN,Biohaven Ltd.,NYSE,Pharmaceuticals: Major,13.67,14.36,14.34,7.27,8.17,3890449.2,3435730.7666666666,46966440.0,49321060.0,10.78,91,-2.01,193,-8.26,235,54.46,128,14.73,-0.57,2026-11-17,False,https://www.tradingview.com/chart/?symbol=NYSE:BHVN&interval=D,False,False,False,False
WDC,Western Digital Corporation,NASDAQ,Computer Peripherals,473.69,459.45,475.41,5.06,6.11,7419919.6,6694685.966666662,3171205796.0,3075889088.0,12.4,74,6.13,120,-35.02,400,72.31,91,14.47,-0.06,2026-10-22,False,https://www.tradingview.com/chart/?symbol=NASDAQ:WDC&interval=D,False,False,False,False
IBRX,"ImmunityBio, Inc.",NASDAQ,Pharmaceuticals: Major,8.63,8.09,7.8,6.01,6.17,13347695.8,9503795.0,82017751.0,76847686.0,6.08,138,12.37,83,12.08,146,17.1,222,13.85,1.73,2026-11-05,False,https://www.tradingview.com/chart/?symbol=NASDAQ:IBRX&interval=D,False,False,False,False
GDDY,GoDaddy Inc.,NYSE,Data Processing Services,96.38,98.17,96.08,4.74,4.94,2663640.3,2100166.7333333334,202414070.0,206175468.0,-4.71,329,-0.75,181,20.51,113,19.15,218,12.97,0.06,2026-10-29,False,https://www.tradingview.com/chart/?symbol=NYSE:GDDY&interval=D,False,False,False,False
FORM,"FormFactor, Inc.",NASDAQ,Semiconductors,131.26,113.18,111.3,4.28,5.7,1208999.6,1122315.2,147315093.0,127020454.0,25.01,17,18.65,57,-13.07,270,33.25,177,12.94,3.15,2026-11-04,False,https://www.tradingview.com/chart/?symbol=NASDAQ:FORM&interval=D,True,False,False,False
PTRN,Pattern Group Inc. - Series A,NASDAQ,Advertising/Marketing Services,19.36,20.53,22.05,4.4,5.16,1900779.2,1567230.1666666667,30341576.0,32176803.0,-0.41,251,-7.59,255,-11.15,255,57.53,119,12.93,-2.36,2026-11-11,False,https://www.tradingview.com/chart/?symbol=NASDAQ:PTRN&interval=D,False,False,False,False
ETSY,"Etsy, Inc.",NYSE,Internet Retail,73.7,78.06,80.14,4.15,4.21,3432810.6,3061961.9,225666592.0,239024911.0,-0.42,252,-8.8,272,-6.45,225,53.77,129,12.84,-1.91,2026-11-04,False,https://www.tradingview.com/chart/?symbol=NYSE:ETSY&interval=D,False,False,False,False
GKOS,Glaukos Corporation,NYSE,Medical Specialties,153.49,176.72,171.29,4.64,4.47,882773.7,720328.5666666667,110563232.0,127294543.0,-10.77,413,-16.64,357,9.95,156,43.8,151,12.37,-2.32,2026-11-04,False,https://www.tradingview.com/chart/?symbol=NYSE:GKOS&interval=D,False,False,False,False
JHX,James Hardie Industries plc.,NYSE,Construction Materials,26.85,29.02,28.27,4.02,3.82,18605914.4,10414976.633333333,279642123.0,302225264.0,0.04,242,-11.97,307,3.55,177,44.82,147,12.13,-1.31,2026-11-09,False,https://www.tradingview.com/chart/?symbol=NYSE:JHX&interval=D,False,False,False,False
BRZE,"Braze, Inc.",NASDAQ,Internet Software/Services,25.87,28.9,27.49,5.19,5.88,2330889.2,2885239.8333333335,74641154.0,83372852.0,3.98,169,-15.73,346,36.16,70,14.62,228,11.68,-1.0,2026-12-15,False,https://www.tradingview.com/chart/?symbol=NASDAQ:BRZE&interval=D,False,False,False,False
ACHC,"Acadia Healthcare Company, Inc.",NASDAQ,Medical/Nursing Services,28.51,28.66,30.07,4.46,4.89,1549020.5,1559975.5,44474902.0,44714098.0,3.75,173,2.19,151,12.38,144,19.74,215,11.43,-1.06,2026-11-04,False,https://www.tradingview.com/chart/?symbol=NASDAQ:ACHC&interval=D,False,False,False,False
AFRM,"Affirm Holdings, Inc.",NASDAQ,Finance/Rental/Leasing,68.09,73.61,74.16,4.42,5.3,4272890.9,5144917.6,350317439.0,378723387.0,-6.04,356,-11.64,305,-12.85,268,58.39,118,11.3,-1.54,2026-11-11,False,https://www.tradingview.com/chart/?symbol=NASDAQ:AFRM&interval=D,False,False,False,False
PAY,"Paymentus Holdings, Inc.",NYSE,Miscellaneous Commercial Services,29.95,37.09,35.92,5.36,6.05,1179636.8,1134097.6666666667,33966225.0,42069353.0,-16.41,440,-25.31,426,38.34,66,20.43,212,11.15,-2.75,2026-11-09,False,https://www.tradingview.com/chart/?symbol=NYSE:PAY&interval=D,False,False,False,False
IREN,IREN Limited,NASDAQ,Data Processing Services,47.05,42.81,40.86,5.72,6.4,36146816.3,42793187.8,2013419486.0,1831954973.0,10.84,89,15.18,68,-9.9,245,27.18,194,10.82,2.37,2026-12-01,False,https://www.tradingview.com/chart/?symbol=NASDAQ:IREN&interval=D,False,False,False,False
INFQ,"Infleqtion, Inc.",NYSE,Computer Processing Hardware,13.83,13.15,11.96,5.95,6.84,9103511.7,9531948.633333333,131826850.0,125310174.0,9.07,111,1.54,161,-2.4,202,32.98,178,10.71,2.29,2026-12-02,False,https://www.tradingview.com/chart/?symbol=NYSE:INFQ&interval=D,False,False,False,False
CDE,"Coeur Mining, Inc.",NYSE,Precious Metals,19.32,20.33,18.5,4.48,5.52,35094981.0,36055940.1,696600763.0,732957169.0,-4.97,335,-9.13,279,20.83,111,19.74,214,10.48,0.81,2026-11-11,False,https://www.tradingview.com/chart/?symbol=NYSE:CDE&interval=D,False,False,False,False
BTBT,"Bit Digital, Inc.",NASDAQ,Miscellaneous Commercial Services,1.77,1.56,1.5,6.73,7.22,28787206.0,32733434.7,57938179.0,51091436.0,20.0,35,14.19,73,-11.06,254,27.34,193,10.16,2.5,2026-11-12,False,https://www.tradingview.com/chart/?symbol=NASDAQ:BTBT&interval=D,False,False,False,False
GLXY,Galaxy Digital Inc.,NASDAQ,Investment Banks/Brokers,25.79,23.87,23.05,6.25,6.92,5254067.3,5664659.166666667,146091560.0,135217303.0,14.47,57,9.93,93,-16.13,293,36.46,162,10.09,1.72,2026-10-27,False,https://www.tradingview.com/chart/?symbol=NASDAQ:GLXY&interval=D,False,False,False,False
PATH,"UiPath, Inc.",NYSE,Packaged Software,13.04,15.57,14.44,6.53,6.53,53317705.9,63279511.266666666,825164827.0,985135431.0,-6.52,360,-19.9,392,28.98,87,19.63,216,9.57,-1.48,2026-12-09,False,https://www.tradingview.com/chart/?symbol=NYSE:PATH&interval=D,False,False,False,False
WAY,Waystar Holding Corp.,NASDAQ,Packaged Software,24.76,25.11,24.19,4.29,4.6,2492623.1,2228730.9,55183377.0,55954518.0,-5.75,353,-2.86,201,30.45,83,0.98,270,9.52,0.51,2026-11-11,False,https://www.tradingview.com/chart/?symbol=NASDAQ:WAY&interval=D,False,False,False,False
AXTI,AXT Inc,NASDAQ,Electronic Production Equipment,72.98,68.79,64.32,7.46,9.46,9090190.4,9290073.7,677989579.0,639064170.0,22.68,25,9.53,95,-0.81,196,19.25,217,9.32,1.42,2026-10-29,False,https://www.tradingview.com/chart/?symbol=NASDAQ:AXTI&interval=D,False,False,False,False
WOLF,"Wolfspeed, Inc.",NYSE,Semiconductors,27.14,27.3,27.29,6.52,8.24,2392882.7000001147,3182663.533333355,86377488.0,86889897.0,9.92,101,8.56,101,-45.1,430,64.48,103,9.32,-0.06,2026-10-28,False,https://www.tradingview.com/chart/?symbol=NYSE:WOLF&interval=D,False,False,False,False
SEI,"Solaris Energy Infrastructure, Inc.",NYSE,Oilfield Services/Equipment,67.43,59.77,58.65,5.14,6.33,2928630.0,2690347.7,181410145.0,160806566.0,6.66,133,27.23,25,-13.63,275,12.95,233,8.85,2.36,2026-11-02,False,https://www.tradingview.com/chart/?symbol=NYSE:SEI&interval=D,False,False,False,False
AMBA,"Ambarella, Inc.",NASDAQ,Semiconductors,67.62,70.01,71.75,6.32,6.31,1675810.5,1610446.8,108898413.0,112740402.0,3.67,174,-6.97,247,2.97,181,30.41,184,8.8,-0.91,2026-12-01,False,https://www.tradingview.com/chart/?symbol=NASDAQ:AMBA&interval=D,False,False,False,False
GENI,Genius Sports Limited,NYSE,Internet Software/Services,6.12,7.25,7.19,6.27,7.09,7555253.5,5611584.666666667,34342898.0,40697083.0,-6.71,363,-23.69,415,9.29,160,40.69,154,8.76,-2.09,2026-11-11,False,https://www.tradingview.com/chart/?symbol=NYSE:GENI&interval=D,False,False,False,False
GWRE,"Guidewire Software, Inc.",NYSE,Information Technology Services,152.89,171.3,164.26,4.48,5.51,1406811.5,1460785.4666666666,223339490.0,250227194.0,4.3,161,-18.6,383,41.56,62,2.48,265,8.48,-1.26,2026-12-03,False,https://www.tradingview.com/chart/?symbol=NYSE:GWRE&interval=D,False,False,False,False
FIGR,"Figure Technology Solutions, Inc.",NASDAQ,Finance/Rental/Leasing,34.66,35.68,32.78,7.35,7.39,4638828.1,4984603.933333334,172766372.0,177827407.0,2.73,187,-10.6,297,24.95,99,10.68,243,8.34,0.78,2026-11-12,False,https://www.tradingview.com/chart/?symbol=NASDAQ:FIGR&interval=D,False,False,False,False
RDW,Redwire Corporation,NYSE,Aerospace & Defense,11.27,11.45,10.8,5.96,6.63,13938127.7,12793117.0,144178429.0,146540891.0,4.93,154,-4.09,219,-0.27,193,28.95,188,8.2,0.65,2026-11-11,False,https://www.tradingview.com/chart/?symbol=NYSE:RDW&interval=D,False,False,False,False
CRCL,"Circle Internet Group, Inc.",NYSE,Packaged Software,91.72,87.89,78.48,6.75,7.36,16920157.7,15685169.8,1438643774.0,1378580031.0,7.01,132,1.99,156,28.64,88,-6.16,299,8.16,2.29,2026-11-18,False,https://www.tradingview.com/chart/?symbol=NYSE:CRCL&interval=D,False,False,False,False
TARS,"Tarsus Pharmaceuticals, Inc.",NASDAQ,Pharmaceuticals: Major,74.29,76.11,69.88,4.53,4.2,573481.7,730130.6333333333,54241405.0,55567444.0,-5.22,337,1.93,157,11.35,151,10.86,241,8.05,1.5,2026-11-10,False,https://www.tradingview.com/chart/?symbol=NASDAQ:TARS&interval=D,False,False,False,False
AXGN,"Axogen, Inc.",NASDAQ,Medical Specialties,43.32,47.51,45.47,5.24,5.42,1749474.9,1129326.6333333333,48922430.0,53653744.0,-3.45,304,-14.86,336,1.83,187,36.36,164,7.78,-0.87,2026-11-10,False,https://www.tradingview.com/chart/?symbol=NASDAQ:AXGN&interval=D,False,False,False,False
BTDR,Bitdeer Technologies Group,NASDAQ,Data Processing Services,12.31,11.08,11.03,6.39,7.63,9840652.0,12633741.3,155521355.0,139952375.0,12.83,68,7.23,115,-30.88,379,46.37,146,7.57,1.52,2026-11-16,False,https://www.tradingview.com/chart/?symbol=NASDAQ:BTDR&interval=D,False,False,False,False
RBLX,Roblox Corporation,NYSE,Packaged Software,48.99,42.57,43.6,4.39,4.82,10248547.7,10360044.033333333,507538557.0,441071968.0,-2.24,285,27.05,27,2.62,183,-7.9,306,7.26,2.57,2026-11-11,False,https://www.tradingview.com/chart/?symbol=NYSE:RBLX&interval=D,False,False,False,False
DIOD,Diodes Incorporated,NASDAQ,Semiconductors,95.51,93.28,91.96,4.2,5.06,584206.2,663016.2666666667,63324684.0,61843395.0,4.25,164,3.57,142,-18.58,307,36.44,163,7.14,0.76,2026-11-05,False,https://www.tradingview.com/chart/?symbol=NASDAQ:DIOD&interval=D,False,False,False,False
ARQT,"Arcutis Biotherapeutics, Inc.",NASDAQ,Pharmaceuticals: Major,26.38,25.04,25.91,5.04,5.06,4673535.5,2764711.2666666666,72933083.0,69235282.0,11.64,83,6.37,118,-3.76,210,18.67,219,7.09,0.36,2026-10-29,False,https://www.tradingview.com/chart/?symbol=NASDAQ:ARQT&interval=D,False,False,False,False
TSEM,Tower Semiconductor Ltd.,NASDAQ,Semiconductors,230.5,221.88,226.22,4.29,5.85,2418648.2,1701599.8,392218754.0,377548411.0,14.65,56,5.01,130,-20.09,319,36.15,165,7.02,0.32,2026-11-16,False,https://www.tradingview.com/chart/?symbol=NASDAQ:TSEM&interval=D,False,False,False,False
ONTO,Onto Innovation Inc.,NYSE,Electronic Equipment/Instruments,282.31,283.22,281.03,4.14,5.87,971167.6,945728.5,266988613.0,267853324.0,11.86,80,-0.89,185,-17.54,302,39.29,157,6.95,0.08,2026-10-29,False,https://www.tradingview.com/chart/?symbol=NYSE:ONTO&interval=D,False,False,False,False
VOYG,"Voyager Technologies, Inc.",NYSE,Information Technology Services,31.4,36.32,33.65,7.28,8.55,2733698.7,1756144.7,55142944.0,63780249.0,-8.85,388,-17.11,362,2.31,185,35.17,168,6.79,-0.78,2026-11-09,False,https://www.tradingview.com/chart/?symbol=NYSE:VOYG&interval=D,False,False,False,False
IONQ,"IonQ, Inc.",NYSE,Computer Processing Hardware,42.54,40.74,39.31,5.4,6.31,23036517.0,20365801.133333333,866361180.0,829614486.0,15.04,52,-1.82,191,-22.12,332,43.96,148,6.67,1.3,2026-11-11,False,https://www.tradingview.com/chart/?symbol=NYSE:IONQ&interval=D,False,False,False,False
KSS,Kohl's Corporation,NYSE,Department Stores,17.04,17.97,18.25,4.95,5.74,3802167.0,4436566.833333333,75599099.0,79736937.0,3.84,170,-3.89,217,-10.6,251,33.86,173,6.46,-1.15,2026-11-12,False,https://www.tradingview.com/chart/?symbol=NYSE:KSS&interval=D,False,False,False,False
SGRY,"Surgery Partners, Inc.",NASDAQ,Hospital/Nursing Management,14.56,14.19,14.79,5.42,5.77,3083094.3,2754273.5,40102222.0,39072124.0,6.2,136,0.07,174,-4.71,214,22.77,203,6.04,-0.27,2026-11-10,False,https://www.tradingview.com/chart/?symbol=NASDAQ:SGRY&interval=D,False,False,False,False
CCXI,Churchill Capital Corp. XI Class A,NASDAQ,Financial Conglomerates,12.72,13.89,14.31,5.52,6.62,2501222.0,2327964.3333333335,29611706.0,32333097.0,3.84,171,-9.85,287,1.68,188,25.82,195,5.88,-1.68,,False,https://www.tradingview.com/chart/?symbol=NASDAQ:CCXI&interval=D,False,False,False,False
RDDT,"Reddit, Inc.",NYSE,Internet Software/Services,151.98,155.49,161.13,4.67,5.42,5550623.7,6611624.833333333,1004834742.0,1028059176.0,-5.38,339,1.31,165,-5.22,217,21.55,208,5.88,-1.05,2026-11-04,False,https://www.tradingview.com/chart/?symbol=NYSE:RDDT&interval=D,False,False,False,False
SEZL,Sezzle Inc.,NASDAQ,Packaged Software,106.89,119.62,136.09,4.69,6.17,517905.1,500741.7,53524280.0,59897220.0,-10.2,406,-10.04,288,-33.72,396,61.12,110,5.79,-3.48,2026-11-05,False,https://www.tradingview.com/chart/?symbol=NASDAQ:SEZL&interval=D,False,False,False,False
FPS,"Forgent Power Solutions, Inc.",NYSE,Electrical Products,39.88,33.8,35.18,5.59,6.44,15124994.4,8392533.966666667,334694255.0,283695623.0,20.34,32,21.14,48,-36.7,404,32.71,179,5.72,2.07,2026-12-02,False,https://www.tradingview.com/chart/?symbol=NYSE:FPS&interval=D,False,False,False,False
VCYT,"Veracyte, Inc.",NASDAQ,Medical Specialties,43.82,42.43,46.73,4.76,4.92,1487343.8,1354931.6,59373103.0,57485006.0,8.57,119,4.33,135,-23.07,338,35.29,167,5.52,-1.27,2026-11-10,False,https://www.tradingview.com/chart/?symbol=NASDAQ:VCYT&interval=D,False,False,False,False
HUBS,"HubSpot, Inc.",NYSE,Packaged Software,226.03,236.19,231.41,5.55,6.27,2224014.3,1683457.3,380511854.0,397623636.0,-5.56,348,-5.65,233,27.48,91,-5.61,293,5.41,-0.37,2026-11-11,False,https://www.tradingview.com/chart/?symbol=NYSE:HUBS&interval=D,False,False,False,False
HL,Hecla Mining Company,NYSE,Precious Metals,18.27,19.62,17.92,4.48,5.7,43292076.8,37464138.63333333,684469813.0,735108840.0,-4.3,320,-12.88,317,21.88,108,6.84,255,5.28,0.34,2026-11-11,False,https://www.tradingview.com/chart/?symbol=NYSE:HL&interval=D,False,False,False,False
CIFR,Cipher Digital Inc.,NASDAQ,Data Processing Services,18.35,16.77,18.24,7.86,8.78,38903811.8,35751453.4,656039170.0,599551874.0,15.26,50,18.39,58,-33.3,394,30.7,183,5.26,0.07,2026-11-11,False,https://www.tradingview.com/chart/?symbol=NASDAQ:CIFR&interval=D,False,False,False,False
OLLI,"Ollie's Bargain Outlet Holdings, Inc.",NASDAQ,Department Stores,82.61,75.67,74.03,4.05,4.17,1818918.7,1798743.7,148594217.0,136108238.0,11.7,81,8.54,103,12.67,141,-8.6,308,4.2,2.78,2026-12-09,False,https://www.tradingview.com/chart/?symbol=NASDAQ:OLLI&interval=D,False,False,False,False
HRI,Herc Holdings Inc.,NYSE,Finance/Rental/Leasing,137.23,150.73,153.47,4.98,5.34,1166944.0,670758.9333333333,92048248.0,101104612.0,-1.99,279,-15.64,345,-5.41,219,33.31,175,4.09,-1.98,2026-10-15,False,https://www.tradingview.com/chart/?symbol=NYSE:HRI&interval=D,False,False,False,False
POET,POET Technologies Inc.,NASDAQ,Electrical Products,7.8,8.02,7.9,5.18,6.51,8050021.7,8979898.966666633,70043212.0,71985863.0,4.98,153,-2.5,199,-29.73,370,43.91,149,3.89,-0.19,2026-11-12,False,https://www.tradingview.com/chart/?symbol=NASDAQ:POET&interval=D,False,False,False,False
ACHR,Archer Aviation Inc.,NYSE,Aerospace & Defense,5.71,5.85,5.56,4.47,5.37,26077013.3,28050663.9,160169291.0,164143135.0,4.01,167,-8.05,262,11.96,147,7.74,252,3.88,0.52,2026-11-05,False,https://www.tradingview.com/chart/?symbol=NYSE:ACHR&interval=D,False,False,False,False
MOS,Mosaic Company (The),NYSE,Chemicals: Agricultural,24.37,24.19,23.58,4.25,4.42,8348727.8,8214445.766666667,200186043.0,198743039.0,-4.06,314,-1.02,187,15.12,130,-2.52,285,3.86,0.75,2026-11-10,False,https://www.tradingview.com/chart/?symbol=NYSE:MOS&interval=D,False,False,False,False
FIVE,"Five Below, Inc.",NASDAQ,Discount Stores,227.41,243.43,231.65,5.02,4.49,1229321.0,1219418.4666666666,277307954.0,296838363.0,-4.67,327,-9.12,278,19.85,114,0.76,272,3.83,-0.41,2026-12-02,False,https://www.tradingview.com/chart/?symbol=NASDAQ:FIVE&interval=D,False,False,False,False
PSKY,Paramount Skydance Corporation,NASDAQ,Cable/Satellite TV,9.96,10.51,9.74,5.49,5.44,31570744.6,17568747.833333332,174984728.0,184562624.0,-8.62,386,-3.39,209,2.68,182,12.16,236,3.82,0.42,2026-11-16,False,https://www.tradingview.com/chart/?symbol=NASDAQ:PSKY&interval=D,False,False,False,False
ATI,ATI Inc.,NYSE,Other Metals/Minerals,184.18,205.77,203.0,4.33,4.49,1788341.2,1824687.1666666667,336070882.0,375465270.0,-2.36,287,-10.99,301,-8.16,234,29.8,186,3.55,-2.07,2026-11-03,False,https://www.tradingview.com/chart/?symbol=NYSE:ATI&interval=D,False,False,False,False
HIMS,"Hims & Hers Health, Inc.",NYSE,Medical/Nursing Services,28.39,29.16,29.88,4.92,6.25,9672636.8,10888784.833333334,309132601.0,317495188.0,2.27,196,-12.48,315,-15.03,287,37.95,159,3.48,-0.8,2026-11-09,False,https://www.tradingview.com/chart/?symbol=NYSE:HIMS&interval=D,False,False,False,False
NAVN,"Navan, Inc.",NASDAQ,Packaged Software,19.66,26.14,26.28,6.0,7.23,6924230.9,3924973.4,77164977.0,102593571.0,-12.62,427,-32.79,443,-10.6,250,53.59,130,3.4,-3.48,2026-12-15,False,https://www.tradingview.com/chart/?symbol=NASDAQ:NAVN&interval=D,False,False,False,False
KOS,Kosmos Energy Ltd.,NYSE,Integrated Oil,2.65,2.8,2.67,5.17,5.73,13821963.0,12070624.433333334,31987155.0,33813843.0,-11.07,419,-8.62,269,27.4,92,-9.25,313,3.18,-0.11,2026-11-09,False,https://www.tradingview.com/chart/?symbol=NYSE:KOS&interval=D,False,False,False,False
RMBS,"Rambus, Inc.",NASDAQ,Semiconductors,103.47,90.34,93.09,4.02,5.16,3528303.8,2471373.0,255712964.0,223255599.0,22.57,26,16.05,65,-21.64,327,14.88,227,3.1,2.16,2026-11-02,False,https://www.tradingview.com/chart/?symbol=NASDAQ:RMBS&interval=D,False,False,False,False
PEGA,Pegasystems Inc.,NASDAQ,Information Technology Services,35.18,35.15,33.35,4.01,4.11,2460484.4,2179592.8,76678075.0,76615593.0,-4.08,315,5.17,129,18.75,117,-14.82,335,3.03,1.34,2026-10-28,False,https://www.tradingview.com/chart/?symbol=NASDAQ:PEGA&interval=D,False,False,False,False
SYNA,Synaptics Incorporated,NASDAQ,Semiconductors,98.1,97.99,103.09,4.42,4.67,604641.9,668366.4,65566744.0,65490996.0,-0.76,256,1.64,160,-28.41,361,35.53,166,2.92,-1.04,2026-11-05,False,https://www.tradingview.com/chart/?symbol=NASDAQ:SYNA&interval=D,False,False,False,False
RXO,"RXO, Inc.",NYSE,Packaged Software,19.88,21.0,22.27,4.95,5.55,1927403.1,1615042.8666666667,32107052.0,33914285.0,3.22,179,-12.46,313,-21.87,328,42.41,153,2.69,-1.94,2026-11-05,False,https://www.tradingview.com/chart/?symbol=NYSE:RXO&interval=D,False,False,False,False
PTEN,"Patterson-UTI Energy, Inc.",NASDAQ,Oil & Gas Production,11.07,12.12,11.3,4.17,4.6,8803090.3,7994097.966666667,88494664.0,96867150.0,-11.72,423,-8.74,271,18.14,118,-1.6,283,2.6,-0.44,2026-10-28,False,https://www.tradingview.com/chart/?symbol=NASDAQ:PTEN&interval=D,False,False,False,False
TTMI,"TTM Technologies, Inc.",NASDAQ,Electronic Components,125.82,121.75,124.88,5.12,6.29,1862177.8,2166566.6333333333,272597414.0,263773710.0,9.48,108,17.75,61,-41.96,421,31.93,181,2.58,0.12,2026-11-04,False,https://www.tradingview.com/chart/?symbol=NASDAQ:TTMI&interval=D,False,False,False,False
GOLD,"Gold.com, Inc.",NYSE,Investment Banks/Brokers,43.48,45.45,43.65,5.63,5.44,697484.7,674708.2,29336313.0,30664363.0,-8.46,385,-6.72,245,4.17,174,10.24,245,2.57,-0.07,2026-11-10,False,https://www.tradingview.com/chart/?symbol=NYSE:GOLD&interval=D,False,False,False,False
EXK,Endeavour Silver Corporation,NYSE,Precious Metals,9.26,10.52,9.62,5.31,6.83,7905687.2,8845841.6,81912493.0,93052356.0,-6.09,357,-15.59,344,14.46,132,8.81,247,2.56,-0.55,2026-11-10,False,https://www.tradingview.com/chart/?symbol=NYSE:EXK&interval=D,False,False,False,False
AKAM,"Akamai Technologies, Inc.",NASDAQ,Data Processing Services,118.44,110.87,113.56,4.51,4.66,3751300.6,3221821.7666666666,381592570.0,357209823.0,12.39,75,7.67,112,-2.57,204,2.33,266,2.48,0.92,2026-11-10,False,https://www.tradingview.com/chart/?symbol=NASDAQ:AKAM&interval=D,False,False,False,False
BSP,Bending Spoons S.p.A.,NASDAQ,Packaged Software,34.64,40.34,39.14,6.84,8.08,2710768.4,1853991.3,64222259.0,74785683.0,-13.78,433,-16.31,353,11.74,149,11.74,238,2.39,-1.42,2026-12-02,False,https://www.tradingview.com/chart/?symbol=NASDAQ:BSP&interval=D,False,False,False,False
PBLS,"Parabilis Medicines, Inc.",NASDAQ,Pharmaceuticals: Major,33.31,38.45,36.07,8.9,9.06,1680978.2,821523.7666666667,27364957.0,31589506.0,-7.96,378,-15.5,343,21.93,107,-0.12,277,2.1,-0.85,2026-12-02,False,https://www.tradingview.com/chart/?symbol=NASDAQ:PBLS&interval=D,False,False,False,False
CECO,CECO Environmental Corp.,NASDAQ,Industrial Machinery,74.98,73.56,73.4,5.12,5.51,835492.6,759080.0,56919614.0,55841594.0,9.47,109,4.98,131,-22.42,335,23.51,200,2.02,0.39,2026-11-09,False,https://www.tradingview.com/chart/?symbol=NASDAQ:CECO&interval=D,False,False,False,False
M,Macy's Inc,NYSE,Department Stores,22.24,22.5,23.34,4.27,3.99,7876856.2,6358773.2,141419116.0,143078756.0,0.5,235,-3.3,207,-12.75,266,21.8,207,1.91,-1.18,2026-11-12,False,https://www.tradingview.com/chart/?symbol=NYSE:M&interval=D,False,False,False,False
COHR,Coherent Corp.,NYSE,Semiconductors,300.6,296.94,296.56,6.0,7.19,7226514.8,6941645.7,2086658697.0,2061224508.0,7.14,129,9.19,98,-27.6,358,23.29,201,1.63,0.19,2026-11-11,False,https://www.tradingview.com/chart/?symbol=NYSE:COHR&interval=D,False,False,False,False
SHLS,"Shoals Technologies Group, Inc.",NASDAQ,Semiconductors,7.71,7.4,8.19,6.1,6.63,4660556.9,4673202.0,36030387.0,34594936.0,7.53,127,9.52,96,-25.79,349,21.04,210,1.59,-0.89,2026-11-10,False,https://www.tradingview.com/chart/?symbol=NASDAQ:SHLS&interval=D,False,False,False,False
SPCX,Space Exploration Technologies Corp,NASDAQ,Specialty Telecommunications,148.36,145.08,135.32,4.67,4.86,106879383.4,91930371.5,13638789916.0,13336890576.0,2.4,193,10.42,91,-5.28,218,-1.09,282,1.35,1.98,2026-11-05,False,https://www.tradingview.com/chart/?symbol=NASDAQ:SPCX&interval=D,False,False,False,False
PCOR,"Procore Technologies, Inc.",NYSE,Packaged Software,51.06,57.81,54.72,4.06,4.53,2345818.9,2685676.7333333334,137130654.0,155258972.0,-1.6,273,-19.14,385,31.8,79,-8.95,310,1.24,-1.48,2026-11-04,False,https://www.tradingview.com/chart/?symbol=NYSE:PCOR&interval=D,False,False,False,False
AG,First Majestic Silver Corp.,NYSE,Precious Metals,19.05,20.11,18.72,4.5,5.64,9577669.9,9675202.6,184312610.0,194590900.0,-0.05,246,-10.56,296,14.41,133,-0.63,280,1.08,0.32,2026-11-11,False,https://www.tradingview.com/chart/?symbol=NYSE:AG&interval=D,False,False,False,False
WYFI,"WhiteFiber, Inc.",NASDAQ,Data Processing Services,19.05,20.75,22.58,6.25,9.13,1243860.6,2501552.3333333335,47654572.0,51911380.0,10.37,96,-4.8,225,-53.06,439,61.03,111,1.06,-1.71,2026-11-12,False,https://www.tradingview.com/chart/?symbol=NASDAQ:WYFI&interval=D,False,False,False,False
SRPT,"Sarepta Therapeutics, Inc.",NASDAQ,Pharmaceuticals: Major,18.95,20.16,18.64,6.76,7.08,2784018.6,3013077.8666666667,57097826.0,60750680.0,-8.37,384,2.27,149,13.27,139,-12.55,326,0.99,0.24,2026-11-04,False,https://www.tradingview.com/chart/?symbol=NASDAQ:SRPT&interval=D,False,False,False,False
OWL,Blue Owl Capital Inc.,NYSE,Investment Managers,9.6,11.23,10.86,4.13,4.21,16005013.5,17853710.4,171395620.0,200419802.0,-7.07,369,-17.31,366,11.63,150,8.47,248,0.93,-2.77,2026-10-29,False,https://www.tradingview.com/chart/?symbol=NYSE:OWL&interval=D,False,False,False,False
KVYO,"Klaviyo, Inc. Series A",NYSE,Packaged Software,16.78,17.81,17.79,5.37,6.1,7345194.6,6340536.8,106394208.0,112908052.0,1.27,222,-8.46,265,20.72,112,-9.74,316,0.84,-0.93,2026-11-11,False,https://www.tradingview.com/chart/?symbol=NYSE:KVYO&interval=D,False,False,False,False
KD,"Kyndryl Holdings, Inc.",NYSE,Data Processing Services,12.11,12.87,12.93,4.61,4.96,3780382.4,3708283.933333333,44907318.0,47737975.0,-6.92,366,-3.89,216,10.09,155,-3.97,289,0.75,-1.28,2026-11-10,False,https://www.tradingview.com/chart/?symbol=NYSE:KD&interval=D,False,False,False,False
SPHR,Sphere Entertainment Co.,NYSE,Media Conglomerates,135.89,150.22,148.74,4.05,4.79,532911.2,639150.8333333334,86854207.0,96013451.0,-6.94,367,-14.34,330,-12.67,263,28.98,187,0.66,-1.8,2026-11-10,False,https://www.tradingview.com/chart/?symbol=NYSE:SPHR&interval=D,False,False,False,False
UCTT,"Ultra Clean Holdings, Inc.",NASDAQ,Industrial Machinery,77.29,74.12,79.91,4.6,6.43,771383.6,899255.1,69503427.0,66650390.0,14.84,55,3.55,143,-33.63,395,31.76,182,0.56,-0.51,2026-10-28,False,https://www.tradingview.com/chart/?symbol=NASDAQ:UCTT&interval=D,False,False,False,False
ATRO,Astronics Corporation,NASDAQ,Aerospace & Defense,69.14,76.04,74.07,4.52,5.19,830574.5999999996,732719.9666666663,50660258.0,55718102.0,3.58,176,-9.77,284,-19.31,314,29.96,185,0.29,-1.28,2026-11-11,False,https://www.tradingview.com/chart/?symbol=NASDAQ:ATRO&interval=D,False,False,False,False
FIG,FIGMA INC,NYSE,Packaged Software,21.76,25.05,24.58,5.64,6.67,14499954.6,14882749.5,323848629.0,372802953.0,-7.23,371,-19.32,387,19.49,115,0.69,274,0.29,-1.72,2026-11-11,False,https://www.tradingview.com/chart/?symbol=NYSE:FIG&interval=D,False,False,False,False
RELY,"Remitly Global, Inc.",NASDAQ,Miscellaneous Commercial Services,20.19,24.45,24.19,5.31,5.49,5002601.9,3901798.933333333,78777320.0,95406137.0,-7.81,377,-24.04,417,-5.79,221,28.03,191,-0.6,-3.01,2026-11-04,False,https://www.tradingview.com/chart/?symbol=NASDAQ:RELY&interval=D,False,False,False,False
CRML,Critical Metals Corp.,NASDAQ,Precious Metals,7.72,7.06,6.77,6.83,9.62,13766004.7,9721560.166666666,75050444.0,68588847.0,12.45,73,11.08,87,-18.31,304,5.32,259,-0.64,1.46,2027-03-03,False,https://www.tradingview.com/chart/?symbol=NASDAQ:CRML&interval=D,False,False,False,False
STEP,StepStone Group Inc.,NASDAQ,Investment Managers,45.03,49.33,47.57,4.73,4.87,1235686.0,1046715.5,47133599.0,51637267.0,-9.51,397,-9.38,281,9.16,161,-2.07,284,-0.76,-1.09,2026-11-05,False,https://www.tradingview.com/chart/?symbol=NASDAQ:STEP&interval=D,False,False,False,False
VG,"Venture Global, Inc.",NYSE,Oil & Gas Pipelines,13.27,14.37,14.01,4.78,5.26,16835001.6,14476079.4,192097574.0,208021261.0,-11.53,421,-6.15,237,27.6,90,-23.8,376,-0.79,-1.0,2026-11-16,False,https://www.tradingview.com/chart/?symbol=NYSE:VG&interval=D,False,False,False,False
BENF,Beneficient,NASDAQ,Investment Managers,2.9,1.79,2.35,16.6,16.8,54625737.1,18221161.566666666,52841369.0,32591159.0,251.56,2,26.64,28,-17.5,301,-11.59,322,-0.81,1.41,2026-11-12,False,https://www.tradingview.com/chart/?symbol=NASDAQ:BENF&interval=D,True,False,False,False
CART,Maplebear Inc.,NASDAQ,Air Freight/Couriers,42.96,48.81,47.64,4.23,4.32,4772284.1,4049251.6666666665,173955852.0,197633176.0,-5.87,355,-13.8,327,-8.82,239,20.1,213,-0.84,-2.27,2026-11-17,False,https://www.tradingview.com/chart/?symbol=NASDAQ:CART&interval=D,False,False,False,False
RYAN,"Ryan Specialty Holdings, Inc.",NYSE,Insurance Brokers/Services,36.17,41.34,41.96,4.49,4.59,2572082.8,1774978.8666666667,64200986.0,73378810.0,-6.46,359,-16.97,361,3.08,180,10.27,244,-1.2,-3.01,2026-10-29,False,https://www.tradingview.com/chart/?symbol=NYSE:RYAN&interval=D,False,False,False,False
CRWV,"CoreWeave, Inc.",NASDAQ,Packaged Software,86.9,89.41,85.21,5.58,6.45,35054375.5,30046294.933333334,2611023030.0,2686449245.0,3.76,172,2.04,155,-17.46,299,10.83,242,-1.53,0.31,2026-11-16,False,https://www.tradingview.com/chart/?symbol=NASDAQ:CRWV&interval=D,False,False,False,False
MBLY,Mobileye Global Inc.,NASDAQ,Packaged Software,7.61,8.45,8.47,4.44,4.66,6201048.0,4370009.466666667,33255772.0,36907643.0,-4.64,326,-14.78,335,-3.06,207,12.08,237,-1.92,-2.18,2026-10-22,False,https://www.tradingview.com/chart/?symbol=NASDAQ:MBLY&interval=D,False,False,False,False
ORCL,Oracle Corporation,NYSE,Packaged Software,144.56,148.86,141.85,4.56,4.88,38871444.1,28509549.9,4121340534.0,4244007624.0,3.24,178,-0.39,176,-8.13,233,2.58,264,-1.98,0.39,2026-12-14,False,https://www.tradingview.com/chart/?symbol=NYSE:ORCL&interval=D,False,False,False,False
FRPT,"Freshpet, Inc.",NASDAQ,Food: Specialty/Candy,59.21,68.77,65.8,4.08,4.13,1156715.5,1105636.2666666666,65464723.0,76034975.0,-4.27,319,-20.02,395,12.57,143,0.73,273,-2.24,-2.43,2026-11-09,False,https://www.tradingview.com/chart/?symbol=NASDAQ:FRPT&interval=D,False,False,False,False
CVNA,Carvana Co.,NYSE,Specialty Stores,63.95,70.83,69.12,4.64,5.06,7609748.1,7601876.8,486140021.0,538453604.0,-5.47,341,-8.64,270,-5.85,222,7.04,253,-2.48,-1.48,2026-10-29,False,https://www.tradingview.com/chart/?symbol=NYSE:CVNA&interval=D,False,False,False,False
GRML,Greenland Mines Ltd,NASDAQ,Miscellaneous Commercial Services,11.19,6.71,7.98,14.45,21.12,37904553.1,13112376.916000001,146727498.0,87953454.0,258.65,1,18.66,56,-2.7,206,-23.93,377,-2.65,1.91,,False,https://www.tradingview.com/chart/?symbol=NASDAQ:GRML&interval=D,True,False,False,False
GLW,Corning Incorporated,NYSE,Electronic Components,154.48,154.37,153.22,4.43,5.57,8904982.4,9053315.833333334,1398556230.0,1397581490.0,4.93,155,5.91,121,-29.32,368,14.08,230,-3.11,0.15,2026-11-03,False,https://www.tradingview.com/chart/?symbol=NYSE:GLW&interval=D,False,False,False,False
EXPE,"Expedia Group, Inc.",NASDAQ,Other Consumer Services,259.04,304.85,298.18,4.94,5.09,2700270.1,1958684.9666666666,507377754.0,597103480.0,-10.76,412,-19.94,393,-0.46,195,11.03,240,-3.13,-2.58,2026-10-29,False,https://www.tradingview.com/chart/?symbol=NASDAQ:EXPE&interval=D,False,False,False,False
TMDX,"TransMedics Group, Inc.",NASDAQ,Medical Specialties,87.0,88.36,84.01,4.81,4.75,828015.1,701523.0666666667,61032507.0,61983538.0,-1.33,265,-7.52,254,12.08,145,-14.45,333,-3.29,0.75,2026-11-04,False,https://www.tradingview.com/chart/?symbol=NASDAQ:TMDX&interval=D,False,False,False,False
ASO,"Academy Sports and Outdoors, Inc.",NASDAQ,Specialty Stores,48.31,47.34,47.77,4.57,4.39,2304866.9,2170663.1333333333,104864736.0,102767514.0,-4.7,328,5.25,127,-5.5,220,-9.7,315,-3.32,0.26,2026-12-03,False,https://www.tradingview.com/chart/?symbol=NASDAQ:ASO&interval=D,False,False,False,False
INSM,Insmed Incorporated,NASDAQ,Pharmaceuticals: Major,118.34,124.6,118.79,4.27,4.27,2187877.3,1936835.2333333334,229205082.0,241334835.0,-1.38,267,-5.35,231,14.89,131,-20.03,355,-3.5,-0.09,2026-10-22,False,https://www.tradingview.com/chart/?symbol=NASDAQ:INSM&interval=D,False,False,False,False
AVAV,"AeroVironment, Inc.",NASDAQ,Aerospace & Defense,155.94,158.1,158.27,5.94,5.93,2827372.8,1926843.3666666667,300471955.0,304638753.0,0.61,234,-2.3,196,10.52,154,-18.84,346,-3.54,-0.25,2026-12-08,False,https://www.tradingview.com/chart/?symbol=NASDAQ:AVAV&interval=D,False,False,False,False
NVTS,Navitas Semiconductor Corporation,NASDAQ,Semiconductors,11.84,12.14,12.06,4.91,6.83,11415846.3,12198730.7,144432971.0,148064127.0,7.64,125,-5.96,235,-39.28,413,34.09,172,-3.72,-0.27,2026-11-09,False,https://www.tradingview.com/chart/?symbol=NASDAQ:NVTS&interval=D,False,False,False,False
NG,Novagold Resources Inc.,AMEX,Precious Metals,7.26,8.06,7.31,5.23,6.47,6982372.4,5686476.5,41283819.0,45821628.0,-2.02,280,-18.34,378,13.97,135,-6.8,301,-3.72,-0.1,2026-10-06,False,https://www.tradingview.com/chart/?symbol=AMEX:NG&interval=D,False,False,False,False
VRDN,"Viridian Therapeutics, Inc.",NASDAQ,Pharmaceuticals: Major,21.43,22.89,21.77,4.18,4.15,1914778.7,1484907.3,31821563.0,33993983.0,-2.1,282,-11.99,309,23.8,104,-23.08,374,-3.76,-0.38,2026-11-16,False,https://www.tradingview.com/chart/?symbol=NASDAQ:VRDN&interval=D,False,False,False,False
MMYT,MakeMyTrip Limited,NASDAQ,Internet Software/Services,46.79,55.08,55.64,4.49,4.65,853272.0,583762.7666666667,27314260.0,32153848.0,-2.03,281,-21.85,407,-8.54,238,17.5,221,-4.3,-3.42,2026-11-03,False,https://www.tradingview.com/chart/?symbol=NASDAQ:MMYT&interval=D,False,False,False,False
RKLB,Rocket Lab Corporation,NASDAQ,Aerospace & Defense,70.31,68.78,69.41,4.73,5.52,20850954.0,17922768.366666667,1260149844.0,1232644369.0,10.43,94,-1.26,188,-18.35,305,6.51,257,-4.37,0.24,2026-11-16,False,https://www.tradingview.com/chart/?symbol=NASDAQ:RKLB&interval=D,False,False,False,False
BRUN,Boost Run Inc.,NASDAQ,Packaged Software,16.51,18.12,19.26,7.96,10.16,2475813.1,2552032.2333333334,42134052.0,46237295.0,20.16,33,-11.33,303,-55.26,442,52.87,132,-4.57,-1.41,2026-12-02,False,https://www.tradingview.com/chart/?symbol=NASDAQ:BRUN&interval=D,False,False,False,False
HCC,"Warrior Met Coal, Inc.",NYSE,Coal,90.24,100.12,93.35,4.43,4.74,769171.5,604370.1333333333,54538361.0,60510344.0,-3.09,299,-15.84,349,7.38,167,-5.71,294,-4.72,-0.7,2026-11-04,False,https://www.tradingview.com/chart/?symbol=NYSE:HCC&interval=D,False,False,False,False
VAL,Valaris Limited,NYSE,Contract Drilling,82.57,85.67,82.65,4.29,4.21,1449291.2,1219895.7333333334,100726791.0,104511721.0,-5.53,346,-5.06,227,9.38,159,-18.66,344,-4.78,-0.02,2026-11-03,False,https://www.tradingview.com/chart/?symbol=NYSE:VAL&interval=D,False,False,False,False
HLNE,Hamilton Lane Incorporated,NASDAQ,Investment Managers,85.7,99.71,96.18,4.56,4.62,656325.6,579987.1666666666,49704900.0,57829747.0,-7.99,379,-18.54,381,15.16,129,-11.01,321,-4.8,-2.36,2026-11-10,False,https://www.tradingview.com/chart/?symbol=NASDAQ:HLNE&interval=D,False,False,False,False
COMP,"Compass, Inc.",NYSE,Real Estate Development,9.16,11.12,11.43,5.34,6.11,17148557.9,12348275.333333334,113110202.0,137333402.0,-12.76,428,-21.24,403,-14.63,284,21.16,209,-4.9,-3.25,2026-11-11,False,https://www.tradingview.com/chart/?symbol=NYSE:COMP&interval=D,False,False,False,False
RGTI,"Rigetti Computing, Inc.",NASDAQ,Computer Processing Hardware,16.0,16.26,15.97,5.34,6.24,16473632.2,16860647.433333334,269854662.0,274170988.0,5.3,145,-8.52,266,-19.93,317,12.32,235,-5.38,0.03,2026-11-16,False,https://www.tradingview.com/chart/?symbol=NASDAQ:RGTI&interval=D,False,False,False,False
CORZ,"Core Scientific, Inc.",NASDAQ,Packaged Software,18.1,17.96,19.42,5.34,6.25,11241596.8,11316798.066666666,204834045.0,203302505.0,10.5,92,3.61,141,-35.86,401,16.03,223,-5.41,-1.09,2026-11-11,False,https://www.tradingview.com/chart/?symbol=NASDAQ:CORZ&interval=D,False,False,False,False
ON,ON Semiconductor Corporation,NASDAQ,Semiconductors,74.1,74.18,78.33,4.51,4.83,13350319.4,9433130.833333334,698994995.0,699793666.0,-0.31,249,0.88,168,-38.76,412,20.7,211,-5.72,-1.12,2026-11-02,False,https://www.tradingview.com/chart/?symbol=NASDAQ:ON&interval=D,False,False,False,False
GLOB,Globant S.A.,NYSE,Information Technology Services,34.45,38.42,37.01,4.72,5.57,1051365.8,1482946.1333333333,51087494.0,56976273.0,-12.36,425,-12.96,319,17.64,121,-22.37,368,-5.9,-1.24,2026-11-12,False,https://www.tradingview.com/chart/?symbol=NYSE:GLOB&interval=D,False,False,False,False
DPC,DPC Holdings PLC,NYSE,Electrical Products,41.93,43.85,45.77,6.71,7.07,1084762.4,1087694.4666666666,45607029.0,47693590.0,4.1,166,-8.55,268,-4.7,213,-4.7,291,-5.99,-1.19,2026-12-02,False,https://www.tradingview.com/chart/?symbol=NYSE:DPC&interval=D,False,False,False,False
RIG,Transocean Ltd (Switzerland),NYSE,Contract Drilling,5.47,5.76,5.55,4.42,4.38,46992203.6,42585202.333333336,232941057.0,245106230.0,-6.81,364,-6.01,236,8.32,165,-20.26,357,-5.99,-0.32,2026-11-04,False,https://www.tradingview.com/chart/?symbol=NYSE:RIG&interval=D,False,False,False,False
ASND,Ascendis Pharma A/S,NASDAQ,Pharmaceuticals: Major,223.13,252.7,252.77,4.46,4.48,1083581.1,727987.0333333333,162435747.0,183961717.0,-6.91,365,-12.96,318,-6.27,224,1.11,269,-6.04,-2.61,2026-11-11,False,https://www.tradingview.com/chart/?symbol=NASDAQ:ASND&interval=D,False,False,False,False
CPRI,Capri Holdings Limited,NYSE,Apparel/Footwear Retail,15.43,14.01,14.79,5.05,5.03,7913193.7,5564335.066666666,85857690.0,77967463.0,7.98,124,11.97,84,-19.09,313,-11.63,323,-6.25,0.86,2026-11-05,False,https://www.tradingview.com/chart/?symbol=NYSE:CPRI&interval=D,False,False,False,False
STRL,"Sterling Infrastructure, Inc.",NASDAQ,Engineering & Construction,512.0,505.67,544.78,4.05,5.46,590086.2,566530.5,290063616.0,286476345.0,8.45,120,0.02,175,-42.34,423,23.1,202,-6.41,-1.1,2026-11-09,False,https://www.tradingview.com/chart/?symbol=NASDAQ:STRL&interval=D,False,False,False,False
WRBY,Warby Parker Inc.,NYSE,Specialty Stores,23.35,24.94,25.49,5.59,5.93,3156639.8,2546200.5,59453782.0,63500543.0,-5.0,336,-14.41,331,-14.26,282,8.05,250,-6.87,-1.42,2026-11-05,False,https://www.tradingview.com/chart/?symbol=NYSE:WRBY&interval=D,False,False,False,False
MRCY,Mercury Systems Inc,NASDAQ,Aerospace & Defense,82.72,90.26,95.05,4.37,4.91,716102.6,819801.7,67813997.0,73999127.0,-5.48,343,-8.96,274,-22.11,331,10.1,246,-6.99,-2.64,2026-11-10,False,https://www.tradingview.com/chart/?symbol=NASDAQ:MRCY&interval=D,False,False,False,False
BTU,Peabody Energy Corporation,NYSE,Coal,26.41,27.35,25.58,4.9,4.97,3090850.9,2460566.4,64983559.0,67298952.0,-1.53,269,-5.0,226,13.45,137,-30.88,396,-7.48,0.66,2026-10-29,False,https://www.tradingview.com/chart/?symbol=NYSE:BTU&interval=D,False,False,False,False
MIAX,"Miami International Holdings, Inc.",NYSE,Investment Banks/Brokers,35.89,41.53,42.53,4.57,4.86,1856440.3,1465821.6666666667,52608340.0,60873619.0,-8.93,390,-15.75,347,-1.94,201,-5.78,295,-7.82,-3.22,2026-11-11,False,https://www.tradingview.com/chart/?symbol=NYSE:MIAX&interval=D,False,False,False,False
PINS,"Pinterest, Inc.",NYSE,Internet Software/Services,18.45,21.16,22.12,4.64,4.71,17622575.4,13123262.4,242124191.0,277701356.0,-1.02,260,-20.58,398,-6.91,228,3.71,261,-7.93,-3.52,2026-11-04,False,https://www.tradingview.com/chart/?symbol=NYSE:PINS&interval=D,False,False,False,False
CBRS,Cerebras Systems Inc.,NASDAQ,Packaged Software,205.24,200.61,201.74,5.42,6.72,5358715.9,7664692.933333334,1573101578.0,1537645986.0,10.94,88,7.76,111,8.3,166,-41.36,426,-8.43,0.26,2026-12-02,False,https://www.tradingview.com/chart/?symbol=NASDAQ:CBRS&interval=D,False,False,False,False
VIAV,Viavi Solutions Inc.,NASDAQ,Information Technology Services,36.43,37.71,38.05,5.12,6.14,5631468.8999999985,4629721.633333325,168660759.0,174579087.0,5.29,146,-3.5,210,-28.61,365,6.65,256,-8.49,-0.69,2026-10-29,False,https://www.tradingview.com/chart/?symbol=NASDAQ:VIAV&interval=D,False,False,False,False
COCO,"The Vita Coco Company, Inc.",NASDAQ,Food: Specialty/Candy,57.98,59.39,62.92,4.31,4.6,1879587.7,1270710.7333333334,73675808.0,75466875.0,3.55,177,-9.29,280,-30.06,372,13.11,232,-8.75,-1.71,2026-11-04,False,https://www.tradingview.com/chart/?symbol=NASDAQ:COCO&interval=D,False,False,False,False
PRMB,Primo Brands Corporation,NYSE,Beverages: Non-Alcoholic,19.75,22.21,22.78,4.02,4.06,4246803.2,4321484.233333333,85349314.0,95968641.0,-5.59,349,-14.76,334,-20.07,318,8.4,249,-8.81,-3.28,2026-11-05,False,https://www.tradingview.com/chart/?symbol=NYSE:PRMB&interval=D,False,False,False,False
AXON,"Axon Enterprise, Inc.",NASDAQ,Aerospace & Defense,450.61,541.12,542.54,4.46,5.72,1214224.1,908647.8333333334,409445800.0,491686607.0,2.1,199,-27.57,434,-0.86,197,1.26,268,-9.06,-2.96,2026-11-10,False,https://www.tradingview.com/chart/?symbol=NASDAQ:AXON&interval=D,False,False,False,False
QBTS,D-Wave Quantum Inc.,NASDAQ,Computer Processing Hardware,16.81,18.01,18.21,5.33,6.77,15990458.7,15711188.933333334,264105086.0,283016120.0,2.0,200,-14.89,337,-28.47,362,15.85,225,-9.17,-1.14,2026-11-05,False,https://www.tradingview.com/chart/?symbol=NASDAQ:QBTS&interval=D,False,False,False,False
APLD,Applied Digital Corporation,NASDAQ,Data Processing Services,27.23,27.25,27.66,5.2,6.49,16256550.6,15877576.70000001,432346414.0,432679843.0,12.85,67,2.18,152,-37.47,407,6.99,254,-9.43,-0.24,2026-10-14,False,https://www.tradingview.com/chart/?symbol=NASDAQ:APLD&interval=D,False,False,False,False
ALGM,"Allegro MicroSystems, Inc.",NASDAQ,Semiconductors,35.11,36.91,40.13,4.04,5.3,2429222.7,2178871.6,76500182.0,80426508.0,2.9,183,-2.88,202,-39.89,416,14.14,229,-9.54,-2.36,2026-10-29,False,https://www.tradingview.com/chart/?symbol=NASDAQ:ALGM&interval=D,False,False,False,False
LUMN,"Lumen Technologies, Inc.",NYSE,Major Telecommunications,6.13,6.42,6.41,5.7,5.67,14197425.4,12591459.866666667,77185649.0,80891735.0,-11.54,422,3.72,138,-24.32,343,-8.23,307,-9.61,-0.77,2026-11-04,False,https://www.tradingview.com/chart/?symbol=NYSE:LUMN&interval=D,False,False,False,False
MIRM,"Mirum Pharmaceuticals, Inc.",NASDAQ,Pharmaceuticals: Major,89.32,97.7,102.45,4.45,4.47,839158.0,612128.7,54675335.0,59805178.0,-4.93,332,-7.26,248,-22.3,333,-0.11,276,-9.89,-2.87,2026-11-17,False,https://www.tradingview.com/chart/?symbol=NASDAQ:MIRM&interval=D,False,False,False,False
GRAB,Grab Holdings Limited,NASDAQ,Air Freight/Couriers,3.2,3.33,3.42,4.12,4.34,90365626.5,55845609.63333333,178705951.0,185844881.0,9.03,112,-7.51,253,-9.22,242,-13.04,329,-9.93,-1.48,2026-11-17,False,https://www.tradingview.com/chart/?symbol=NASDAQ:GRAB&interval=D,False,False,False,False
WULF,TeraWulf Inc.,NASDAQ,Data Processing Services,16.35,16.22,16.96,6.18,7.21,30006163.7,29986402.966666665,490277689.0,486249515.0,10.32,97,3.22,145,-41.33,419,7.99,251,-10.04,-0.5,2026-11-16,False,https://www.tradingview.com/chart/?symbol=NASDAQ:WULF&interval=D,False,False,False,False
VRT,"Vertiv Holdings, LLC",NYSE,Electronic Production Equipment,248.78,261.93,267.95,4.76,5.3,6173293.4,4988291.166666667,1240987076.0,1306559827.0,3.66,175,-3.2,205,-26.6,352,-0.47,279,-10.09,-1.35,2026-10-28,False,https://www.tradingview.com/chart/?symbol=NYSE:VRT&interval=D,False,False,False,False
FSLR,"First Solar, Inc.",NASDAQ,Semiconductors,191.97,207.97,212.56,4.98,4.99,2158082.7,2036041.6333333333,390858912.0,423426756.0,-6.59,361,-9.8,285,-24.32,342,3.46,262,-10.22,-1.94,2026-10-29,False,https://www.tradingview.com/chart/?symbol=NASDAQ:FSLR&interval=D,False,False,False,False
EQPT,EquipmentShare.com Inc,NASDAQ,Internet Software/Services,18.08,18.65,18.7,5.42,5.71,3690077.2,2827773.3333333335,51126142.0,52747399.0,0.89,228,-2.11,194,-19.07,312,-10.18,319,-10.45,-0.58,2026-12-02,False,https://www.tradingview.com/chart/?symbol=NASDAQ:EQPT&interval=D,False,False,False,False
DKNG,DraftKings Inc.,NASDAQ,Movies/Entertainment,21.25,24.27,24.1,4.9,5.42,13459542.7,10520041.9,223550890.0,255328430.0,-13.16,430,-18.27,377,-14.23,280,0.81,271,-10.56,-2.18,2026-10-30,False,https://www.tradingview.com/chart/?symbol=NASDAQ:DKNG&interval=D,False,False,False,False
GNRC,Generac Holdings Inc.,NYSE,Electrical Products,199.42,197.43,201.89,4.07,5.53,2004817.1,1304742.0,260191650.0,257594343.0,12.56,71,-1.93,192,-31.71,383,1.82,267,-10.6,-0.22,2026-11-04,False,https://www.tradingview.com/chart/?symbol=NYSE:GNRC&interval=D,False,False,False,False
VSEC,VSE Corporation,NASDAQ,Engineering & Construction,178.54,206.6,206.02,4.69,5.23,452266.5,363061.4,64820982.0,75007880.0,-0.94,259,-17.94,374,-18.87,309,4.36,260,-10.82,-2.55,2026-10-28,False,https://www.tradingview.com/chart/?symbol=NASDAQ:VSEC&interval=D,False,False,False,False
BKV,BKV Corporation,NYSE,Integrated Oil,23.27,24.74,24.82,4.35,4.35,3347460.1,1918310.8,44639092.0,47467961.0,-4.71,330,-3.28,206,-9.03,241,-22.1,366,-11.47,-1.43,2026-11-17,False,https://www.tradingview.com/chart/?symbol=NYSE:BKV&interval=D,False,False,False,False
TTAN,"ServiceTitan, Inc.",NASDAQ,Packaged Software,61.65,79.99,79.89,6.79,7.75,4805339.9,3185591.6666666665,196391726.0,254811761.0,8.08,123,-34.69,444,-0.1,191,-0.79,281,-11.86,-2.95,2027-01-19,False,https://www.tradingview.com/chart/?symbol=NASDAQ:TTAN&interval=D,False,False,False,False
NXST,"Nexstar Media Group, Inc.",NASDAQ,Broadcasting,165.57,176.72,181.29,4.21,4.17,448158.1,370932.1666666667,61415239.0,65552864.0,-1.66,274,-10.88,300,-0.89,198,-23.97,378,-11.91,-2.08,2026-11-05,False,https://www.tradingview.com/chart/?symbol=NASDAQ:NXST&interval=D,False,False,False,False
XRAY,DENTSPLY SIRONA Inc.,NASDAQ,Medical Specialties,9.78,10.72,11.75,4.02,4.62,5324192.5,4207065.133333334,41145097.0,45113061.0,-0.2,247,-11.97,308,-8.43,237,-15.47,336,-11.96,-3.63,2026-10-29,False,https://www.tradingview.com/chart/?symbol=NASDAQ:XRAY&interval=D,False,False,False,False
LAZ,"Lazard, Inc.",NYSE,Investment Banks/Brokers,36.82,41.84,42.38,5.35,5.02,2534208.4,1627608.7666666666,59928555.0,68106204.0,-4.51,324,-16.96,360,-9.71,244,-9.69,314,-12.12,-2.61,2026-10-22,False,https://www.tradingview.com/chart/?symbol=NYSE:LAZ&interval=D,False,False,False,False
FIGS,"FIGS, Inc.",NYSE,Apparel/Footwear,11.97,14.15,12.86,5.31,5.55,2484564.8,2366075.466666667,28321923.0,33474447.0,-10.07,403,-18.57,382,3.19,179,-21.41,363,-12.26,-1.25,2026-11-05,False,https://www.tradingview.com/chart/?symbol=NYSE:FIGS&interval=D,False,False,False,False
MP,MP Materials Corp.,NYSE,Other Metals/Minerals,48.89,54.2,50.86,4.81,5.67,5324267.5,5533347.466666667,270525358.0,299894522.0,-1.35,266,-17.55,369,-14.23,281,-5.22,292,-12.33,-0.68,2026-10-29,False,https://www.tradingview.com/chart/?symbol=NYSE:MP&interval=D,False,False,False,False
FLY,Firefly Aerospace Inc.,NASDAQ,Aerospace & Defense,21.9,22.76,22.24,6.46,7.05,3147087.7,2815140.1,61651568.0,64085726.0,5.9,139,-7.36,250,-13.78,276,-16.41,339,-12.52,-0.22,2026-11-18,False,https://www.tradingview.com/chart/?symbol=NASDAQ:FLY&interval=D,False,False,False,False
BBWI,"Bath & Body Works, Inc.",NYSE,Specialty Stores,17.02,18.4,19.14,4.72,5.17,6778004.2,6921582.433333334,117805333.0,127324816.0,1.79,209,-12.45,312,-22.35,334,-3.35,287,-12.72,-2.14,2026-11-18,False,https://www.tradingview.com/chart/?symbol=NYSE:BBWI&interval=D,False,False,False,False
PLUG,"Plug Power, Inc.",NASDAQ,Electronic Production Equipment,2.04,2.17,2.15,4.69,5.5,44572982.9,52560922.36666667,107224282.0,113846958.0,-1.45,268,-8.52,267,-23.02,337,-7.7,304,-13.08,-0.91,2026-11-10,False,https://www.tradingview.com/chart/?symbol=NASDAQ:PLUG&interval=D,False,False,False,False
ERAS,"Erasca, Inc.",NASDAQ,Pharmaceuticals: Major,13.94,16.86,17.62,7.06,7.86,5385420.1,4182438.2666666666,58324102.0,70512424.0,-14.5,435,-24.25,419,-7.53,231,-7.77,305,-13.18,-2.65,2026-11-11,False,https://www.tradingview.com/chart/?symbol=NASDAQ:ERAS&interval=D,False,False,False,False
PRAX,"Praxis Precision Medicines, Inc.",NASDAQ,Pharmaceuticals: Major,282.12,346.77,336.96,5.38,6.04,502651.3,392843.966666667,110829140.0,136227550.0,-10.5,410,-24.96,424,-7.81,232,-6.79,300,-13.19,-2.69,2026-11-11,False,https://www.tradingview.com/chart/?symbol=NASDAQ:PRAX&interval=D,False,False,False,False
AAOI,"Applied Optoelectronics, Inc.",NASDAQ,Semiconductors,101.06,113.03,111.84,6.07,8.51,7088699.1,8524507.966666667,861486775.0,963525135.0,2.91,181,-7.39,251,-33.16,393,-0.14,278,-13.56,-1.13,2026-11-05,False,https://www.tradingview.com/chart/?symbol=NASDAQ:AAOI&interval=D,False,False,False,False
ONDS,Ondas Inc,NASDAQ,Telecommunications Equipment,7.4,7.97,7.97,4.61,6.01,63204697.7,66436031.333333336,491626632.0,529749841.0,1.86,205,-13.2,324,-6.74,227,-20.86,361,-13.6,-1.19,2026-11-16,False,https://www.tradingview.com/chart/?symbol=NASDAQ:ONDS&interval=D,False,False,False,False
STNE,StoneCo Ltd.,NASDAQ,Miscellaneous Commercial Services,9.49,9.75,10.26,4.09,4.2,4699868.1,6238193.533333333,59200457.0,60829665.0,-1.25,263,2.26,150,-12.37,261,-31.23,397,-13.78,-1.8,2026-11-17,False,https://www.tradingview.com/chart/?symbol=NASDAQ:STNE&interval=D,False,False,False,False
RKT,"Rocket Companies, Inc.",NYSE,Finance/Rental/Leasing,12.15,13.63,13.68,4.27,5.11,39285186.1,28739782.733333334,349188360.0,391665759.0,-8.23,383,-12.72,316,-17.46,300,-11.83,324,-14.0,-2.18,2026-10-29,False,https://www.tradingview.com/chart/?symbol=NYSE:RKT&interval=D,False,False,False,False
BBAI,"BigBear.ai, Inc.",NYSE,Packaged Software,2.84,3.01,2.98,4.02,4.75,15695251.1,16200989.1,46010809.0,48700173.0,0.71,231,-9.84,286,-19.77,316,-12.62,328,-14.08,-0.99,2026-11-11,False,https://www.tradingview.com/chart/?symbol=NYSE:BBAI&interval=D,False,False,False,False
INTU,Intuit Inc.,NASDAQ,Packaged Software,286.8,335.76,325.08,4.31,4.86,3707225.9,3977460.1333333333,1140735566.0,1335478643.0,-10.99,417,-21.74,405,11.91,148,-32.75,403,-14.19,-2.42,2026-12-01,False,https://www.tradingview.com/chart/?symbol=NASDAQ:INTU&interval=D,False,False,False,False
SMR,NuScale Power Corporation,NYSE,Electrical Products,8.68,9.29,9.05,7.51,8.02,45062842.0,37708691.2,327311440.0,350426867.0,1.34,219,-6.36,241,-16.94,297,-19.33,349,-14.21,-0.51,2026-11-05,False,https://www.tradingview.com/chart/?symbol=NYSE:SMR&interval=D,False,False,False,False
USAR,"USA Rare Earth, Inc.",NASDAQ,Metal Fabrication,15.83,17.48,16.92,5.41,6.94,13806868.0,13099355.066666666,207362791.0,229020391.0,0.96,226,-15.39,341,-27.78,360,0.51,275,-14.22,-0.93,2026-11-05,False,https://www.tradingview.com/chart/?symbol=NASDAQ:USAR&interval=D,False,False,False,False
ALGT,Allegiant Travel Company,NASDAQ,Airlines,77.26,79.37,87.32,4.13,4.89,547331.1,532638.7,41151666.0,42273669.0,-2.68,293,-8.39,264,-28.5,363,-5.78,296,-14.22,-2.35,2026-11-04,False,https://www.tradingview.com/chart/?symbol=NASDAQ:ALGT&interval=D,False,False,False,False
POWI,"Power Integrations, Inc.",NASDAQ,Semiconductors,51.05,53.18,57.91,4.17,5.21,769437.0,764467.4333333333,39026062.0,40657181.0,2.84,185,-6.6,243,-39.85,415,3.42,263,-14.34,-2.28,2026-11-11,False,https://www.tradingview.com/chart/?symbol=NASDAQ:POWI&interval=D,False,False,False,False
MOD,Modine Manufacturing Company,NYSE,Industrial Machinery,193.11,190.36,199.91,4.41,5.42,1212177.6,1262821.6666666667,243863492.0,240384418.0,6.31,135,-0.67,180,-32.6,388,-9.86,318,-14.38,-0.63,2026-11-03,False,https://www.tradingview.com/chart/?symbol=NYSE:MOD&interval=D,False,False,False,False
CIEN,Ciena Corporation,NYSE,Telecommunications Equipment,355.91,372.04,378.71,6.16,6.84,2928090.5,2609443.8666666667,928727167.0,970807928.0,1.66,212,-7.86,258,-25.45,347,-9.86,317,-14.39,-0.88,2026-12-10,False,https://www.tradingview.com/chart/?symbol=NYSE:CIEN&interval=D,False,False,False,False
RH,RH,NYSE,Specialty Stores,124.59,146.76,160.46,5.59,6.05,1110269.0,787795.6666666666,98151462.0,115615316.0,-0.76,257,-18.16,376,-21.15,324,-4.16,290,-14.49,-3.7,2026-12-03,False,https://www.tradingview.com/chart/?symbol=NYSE:RH&interval=D,False,False,False,False
MWH,"SOLV Energy, Inc.",NASDAQ,Engineering & Construction,25.45,27.22,27.63,4.82,5.57,1380332.4,1695640.9,43154061.0,46150824.0,-1.24,262,-9.11,277,-27.7,359,-6.91,302,-14.57,-1.41,2026-12-02,False,https://www.tradingview.com/chart/?symbol=NASDAQ:MWH&interval=D,False,False,False,False
GT,The Goodyear Tire & Rubber Company,NASDAQ,Automotive Aftermarket,5.34,5.81,6.28,4.59,5.02,11763432.6,9305139.166666666,49689443.0,54028740.0,0.66,233,-10.55,295,-15.51,289,-18.72,345,-14.93,-2.97,2026-11-09,False,https://www.tradingview.com/chart/?symbol=NASDAQ:GT&interval=D,False,False,False,False
FLUT,Flutter Entertainment plc,NYSE,Casinos/Gaming,85.89,97.68,99.57,4.42,5.01,3028130.2,2670115.8,229336246.0,260812461.0,-13.24,431,-16.02,350,-12.97,269,-16.51,340,-15.17,-2.74,2026-11-18,False,https://www.tradingview.com/chart/?symbol=NYSE:FLUT&interval=D,False,False,False,False
KGS,"Kodiak Gas Services, Inc.",NYSE,Oilfield Services/Equipment,53.3,60.33,60.65,4.42,5.07,2306774.4,1845432.9333333333,98361575.0,111331893.0,-8.1,380,-13.05,323,-24.11,341,-9.0,311,-15.38,-2.39,2026-11-11,False,https://www.tradingview.com/chart/?symbol=NYSE:KGS&interval=D,False,False,False,False
APP,Applovin Corporation,NASDAQ,Packaged Software,315.25,315.09,348.7,5.03,5.5,5543316.6,5162887.066666666,1627600148.0,1626765481.0,-5.49,344,3.53,144,-30.1,373,-19.7,351,-15.42,-1.74,2026-11-11,False,https://www.tradingview.com/chart/?symbol=NASDAQ:APP&interval=D,False,False,False,False
TNDM,"Tandem Diabetes Care, Inc.",NASDAQ,Medical Specialties,16.38,20.21,19.62,6.63,7.03,2392446.0,1768628.4,28970133.0,35751939.0,0.46,236,-26.88,431,8.33,164,-28.22,387,-15.59,-2.35,2026-11-04,False,https://www.tradingview.com/chart/?symbol=NASDAQ:TNDM&interval=D,False,False,False,False
CRK,"Comstock Resources, Inc.",NYSE,Oil & Gas Production,13.45,14.19,13.83,4.89,4.97,2681463.1,2620656.2666666666,35247827.0,37187112.0,-4.61,325,-6.53,242,0.37,190,-40.88,424,-15.68,-0.56,2026-11-03,False,https://www.tradingview.com/chart/?symbol=NYSE:CRK&interval=D,False,False,False,False
ALKT,"Alkami Technology, Inc.",NASDAQ,Packaged Software,14.6,19.6,19.05,6.86,7.44,2336693.2,1607111.5,23463828.0,31496171.0,-23.0,449,-30.21,440,-8.29,236,-8.64,309,-15.71,-3.14,2026-10-29,False,https://www.tradingview.com/chart/?symbol=NASDAQ:ALKT&interval=D,False,False,False,False
BKNG,Booking Holdings Inc. Common Stock,NASDAQ,Other Consumer Services,155.9,191.91,192.17,4.19,4.37,9667011.8,6926435.366666666,1079831274.0,1329249902.0,-9.01,391,-26.06,430,-13.96,279,-7.18,303,-15.73,-4.32,2026-11-04,False,https://www.tradingview.com/chart/?symbol=NASDAQ:BKNG&interval=D,False,False,False,False
CENX,Century Aluminum Company,NASDAQ,Aluminum,38.82,44.18,44.82,4.7,5.58,1799908.7,1836211.4333333333,71281728.0,81132696.0,-3.7,308,-14.14,329,-13.44,271,-19.79,352,-15.79,-2.4,2026-11-09,False,https://www.tradingview.com/chart/?symbol=NASDAQ:CENX&interval=D,False,False,False,False
WEN,Wendy's Company (The),NASDAQ,Restaurants,6.73,8.0,7.81,4.31,4.91,6358779.4,8358332.133333334,56251575.0,66831831.0,-10.27,408,-24.21,418,-20.36,320,-3.17,286,-15.91,-2.81,2026-11-11,False,https://www.tradingview.com/chart/?symbol=NASDAQ:WEN&interval=D,False,False,False,False
DNN,Denison Mines Corp,AMEX,Other Metals/Minerals,2.82,3.22,3.12,4.69,5.59,21610483.6,25247269.266666666,71197299.0,81195218.0,-2.42,289,-19.43,389,-12.69,265,-15.82,337,-15.98,-1.73,2026-11-03,False,https://www.tradingview.com/chart/?symbol=AMEX:DNN&interval=D,False,False,False,False
SHAK,"Shake Shack, Inc.",NYSE,Restaurants,58.47,67.13,65.54,4.76,4.72,1440748.5,1173642.2666666666,68622863.0,78787388.0,-0.05,245,-23.17,413,5.66,169,-30.58,392,-16.03,-2.29,2026-10-29,False,https://www.tradingview.com/chart/?symbol=NYSE:SHAK&interval=D,False,False,False,False
PII,Polaris Inc.,NYSE,Recreational Products,52.94,61.61,65.61,4.29,4.59,912601.7,811001.5333333333,42934421.0,49963101.0,-9.1,394,-17.28,365,-26.45,351,-6.12,297,-16.62,-4.21,2026-10-27,False,https://www.tradingview.com/chart/?symbol=NYSE:PII&interval=D,False,False,False,False
LEU,Centrus Energy Corp.,NYSE,Other Metals/Minerals,151.31,170.96,171.87,6.08,7.19,927148.3,705411.4999999988,106735814.0,120598091.0,4.71,156,-17.68,371,-12.28,260,-19.94,354,-16.63,-1.66,2026-11-11,False,https://www.tradingview.com/chart/?symbol=NYSE:LEU&interval=D,False,False,False,False
AN,"AutoNation, Inc.",NYSE,Specialty Stores,165.05,197.57,202.69,5.05,4.65,752342.9,499012.5,82362013.0,98587904.0,-19.04,444,-19.96,394,-15.3,288,-14.76,334,-16.67,-3.99,2026-10-22,False,https://www.tradingview.com/chart/?symbol=NYSE:AN&interval=D,False,False,False,False
IBP,"Installed Building Products, Inc.",NYSE,Engineering & Construction,202.79,227.45,229.28,4.68,4.82,550751.3,379636.6666666667,76986520.0,86348233.0,0.67,232,-18.09,375,-9.59,243,-22.89,372,-16.86,-2.4,2026-11-11,False,https://www.tradingview.com/chart/?symbol=NYSE:IBP&interval=D,False,False,False,False
FOUR,"Shift4 Payments, Inc.",NYSE,Miscellaneous Commercial Services,38.46,43.92,46.26,6.43,6.79,2290595.0,2022786.1333333333,77796355.0,88842116.0,-9.29,395,-19.35,388,-11.61,257,-19.86,353,-16.94,-2.49,2026-11-11,False,https://www.tradingview.com/chart/?symbol=NYSE:FOUR&interval=D,False,False,False,False
NKTR,Nektar Therapeutics,NASDAQ,Pharmaceuticals: Major,57.66,71.48,71.25,5.68,5.81,1488746.0999999996,887683.6666666666,51183840.0,63453108.0,-13.94,434,-21.02,402,-11.35,256,-18.85,347,-17.07,-3.29,2026-11-05,False,https://www.tradingview.com/chart/?symbol=NASDAQ:NKTR&interval=D,False,False,False,False
NNE,Nano Nuclear Energy Inc.,NASDAQ,Electrical Products,17.01,17.93,17.6,5.66,6.76,2222910.2,1883666.2,32041162.0,33776019.0,5.85,141,-9.62,283,-24.4,345,-17.98,341,-17.33,-0.49,2026-12-17,False,https://www.tradingview.com/chart/?symbol=NASDAQ:NNE&interval=D,False,False,False,False
ALM,Almonty Industries Inc.,NASDAQ,Other Metals/Minerals,13.62,16.36,15.11,8.03,8.74,6481818.0,6539807.533333333,89072179.0,107009781.0,-4.95,333,-27.17,432,-18.88,310,-6.13,298,-17.39,-1.13,2026-11-17,False,https://www.tradingview.com/chart/?symbol=NASDAQ:ALM&interval=D,False,False,False,False
NN,NextNav Inc.,NASDAQ,Packaged Software,14.39,16.19,15.28,6.33,7.26,2403329.8,2407003.2,34636776.0,38966574.0,-3.52,307,-16.58,356,-14.35,283,-22.45,370,-17.79,-0.8,2026-11-05,False,https://www.tradingview.com/chart/?symbol=NASDAQ:NN&interval=D,False,False,False,False
AESI,Atlas Energy Solutions Inc.,NYSE,Oilfield Services/Equipment,11.52,12.93,12.6,6.21,6.8,2904656.3,2973977.3,34260218.0,38466414.0,-15.91,439,-7.32,249,-27.59,357,-18.53,343,-17.81,-1.26,2026-11-02,False,https://www.tradingview.com/chart/?symbol=NYSE:AESI&interval=D,False,False,False,False
CHWY,"Chewy, Inc.",NYSE,Internet Retail,18.55,22.37,22.35,5.59,5.55,11397910.8,8830049.8,163797424.0,197513497.0,-12.5,426,-22.35,409,-0.91,199,-30.63,394,-17.96,-3.06,2026-12-03,False,https://www.tradingview.com/chart/?symbol=NYSE:CHWY&interval=D,False,False,False,False
ZG,"Zillow Group, Inc.",NASDAQ,Internet Software/Services,29.35,34.3,34.03,4.74,5.3,1014835.4,956485.6,28072852.0,32811760.0,-10.9,415,-20.68,399,-3.77,211,-29.48,390,-17.98,-2.59,2026-11-04,False,https://www.tradingview.com/chart/?symbol=NASDAQ:ZG&interval=D,False,False,False,False
AAP,Advance Auto Parts Inc.,NYSE,Specialty Stores,41.1,45.61,49.69,4.1,5.08,1719479.4,2341944.566666667,96253922.0,106823898.0,-5.52,345,-4.53,221,-28.82,366,-20.72,360,-18.02,-3.4,2026-11-18,False,https://www.tradingview.com/chart/?symbol=NYSE:AAP&interval=D,False,False,False,False
UEC,Uranium Energy Corp.,AMEX,Other Metals/Minerals,9.95,11.35,10.82,5.25,6.14,9038917.1,8370318.733333333,83284671.0,95039389.0,-3.4,303,-21.72,404,-10.52,249,-22.33,367,-18.19,-1.31,2026-09-29,False,https://www.tradingview.com/chart/?symbol=AMEX:UEC&interval=D,False,False,False,False
SFM,"Sprouts Farmers Market, Inc.",NASDAQ,Food Retail,66.07,77.69,78.71,4.6,4.92,2003965.6,1746147.9666666666,115367996.0,135655907.0,-9.03,392,-19.07,384,-21.58,326,-14.28,332,-18.31,-3.26,2026-11-04,False,https://www.tradingview.com/chart/?symbol=NASDAQ:SFM&interval=D,False,False,False,False
LUNR,"Intuitive Machines, Inc.",NASDAQ,Aerospace & Defense,15.24,16.02,15.16,5.98,7.11,8025336.0,8608975.533333333,131200787.0,137878482.0,9.01,113,-13.7,326,-20.83,322,-20.5,358,-18.35,0.08,2026-11-18,False,https://www.tradingview.com/chart/?symbol=NASDAQ:LUNR&interval=D,False,False,False,False
LGN,Legence Corp.,NASDAQ,Engineering & Construction,52.92,57.11,60.78,4.8,5.72,937272.9,984493.2333333333,52099382.0,56227690.0,-2.11,283,-10.62,298,-34.17,399,-10.32,320,-18.37,-2.26,2026-11-13,False,https://www.tradingview.com/chart/?symbol=NASDAQ:LGN&interval=D,False,False,False,False
ASTS,"AST SpaceMobile, Inc.",NASDAQ,Specialty Telecommunications,59.98,63.13,62.76,6.07,7.02,9676367.4,9703584.3,582020986.0,612545228.0,1.85,206,-10.14,290,-12.77,267,-32.94,404,-18.62,-0.63,2026-11-16,False,https://www.tradingview.com/chart/?symbol=NASDAQ:ASTS&interval=D,False,False,False,False
RSI,"Rush Street Interactive, Inc.",NYSE,Casinos/Gaming,20.56,25.36,27.0,5.78,6.12,3823829.6,2676677.3,55032485.0,67880536.0,-21.23,447,-20.53,397,-31.97,387,-3.36,288,-18.62,-3.9,2026-11-04,False,https://www.tradingview.com/chart/?symbol=NYSE:RSI&interval=D,False,False,False,False
SEDG,"SolarEdge Technologies, Inc.",NASDAQ,Electrical Products,33.35,33.34,37.16,8.29,8.26,3785477.7,3069061.6333333333,102353205.0,102328653.0,-7.18,370,10.42,92,-34.17,398,-32.6,401,-18.78,-1.24,2026-11-11,False,https://www.tradingview.com/chart/?symbol=NASDAQ:SEDG&interval=D,False,False,False,False
Z,"Zillow Group, Inc.",NASDAQ,Internet Software/Services,28.65,33.6,33.52,4.79,5.38,4002840.3,3543994.6666666665,101535447.0,119072314.0,-11.33,420,-19.68,390,-6.19,223,-30.61,393,-18.83,-2.7,2026-11-04,False,https://www.tradingview.com/chart/?symbol=NASDAQ:Z&interval=D,False,False,False,False
EYE,"National Vision Holdings, Inc.",NASDAQ,Specialty Stores,16.36,17.56,19.11,4.87,5.25,2905244.3,2487824.5,40700809.0,43691589.0,1.87,204,-9.41,282,-6.99,229,-40.47,422,-18.96,-2.74,2026-11-11,False,https://www.tradingview.com/chart/?symbol=NASDAQ:EYE&interval=D,False,False,False,False
TPL,Texas Pacific Land Corporation,NYSE,Investment Trusts/Mutual Funds,335.74,364.18,376.82,4.34,4.75,495568.49999999965,400433.3333333332,134441487.0,145829544.0,-8.16,381,-11.08,302,-10.61,252,-35.81,412,-19.17,-2.3,2026-11-04,False,https://www.tradingview.com/chart/?symbol=NYSE:TPL&interval=D,False,False,False,False
HYMC,Hycroft Mining Holding Corporation,NASDAQ,Precious Metals,21.26,23.7,22.86,6.08,7.86,2426510.2,2105243.8666666616,44757485.0,49898841.0,0.38,238,-21.9,408,-4.88,215,-30.77,395,-19.18,-0.89,2026-11-03,False,https://www.tradingview.com/chart/?symbol=NASDAQ:HYMC&interval=D,False,False,False,False
LAC,Lithium Americas Corp.,NYSE,Other Metals/Minerals,2.9,3.05,3.02,4.5,5.29,9779802.7,9869119.666666666,28620447.0,30051469.0,1.75,211,-7.5,252,-26.77,353,-24.28,379,-19.52,-0.76,2026-11-13,False,https://www.tradingview.com/chart/?symbol=NYSE:LAC&interval=D,False,False,False,False
KTOS,"Kratos Defense & Security Solutions, Inc.",NASDAQ,Aerospace & Defense,46.16,52.23,51.68,4.62,5.4,4088176.5,3500472.0,161581788.0,182837820.0,-2.77,296,-17.81,372,-2.62,205,-38.34,419,-19.59,-1.98,2026-10-29,False,https://www.tradingview.com/chart/?symbol=NASDAQ:KTOS&interval=D,False,False,False,False
CRI,"Carter's, Inc.",NYSE,Apparel/Footwear Retail,29.77,33.29,35.58,4.54,4.61,1810453.5,1449158.6333333333,43141453.0,48244423.0,1.43,216,-16.21,352,-30.82,377,-12.6,327,-19.87,-3.55,2026-10-23,False,https://www.tradingview.com/chart/?symbol=NYSE:CRI&interval=D,False,False,False,False
CELC,Celcuity Inc.,NASDAQ,Medical Specialties,79.99,89.26,88.94,4.62,5.25,925793.0,843850.2666666667,67499583.0,75320950.0,-4.01,311,-14.42,332,-16.17,294,-29.15,388,-19.91,-1.91,2026-11-18,False,https://www.tradingview.com/chart/?symbol=NASDAQ:CELC&interval=D,False,False,False,False
FMC,FMC Corporation,NYSE,Chemicals: Agricultural,9.9,11.15,11.07,6.38,6.28,3830395.0,3245282.466666667,32128296.0,36176245.0,-11.05,418,-10.41,292,-13.84,278,-36.05,413,-20.1,-1.68,2026-10-29,False,https://www.tradingview.com/chart/?symbol=NYSE:FMC&interval=D,False,False,False,False
OKLO,Oklo Inc.,NYSE,Industrial Machinery,38.82,40.76,41.47,5.7,7.01,11841844.8,9932485.433333334,385579085.0,404828241.0,5.78,142,-5.63,232,-30.13,374,-24.65,380,-20.14,-0.91,2026-11-18,False,https://www.tradingview.com/chart/?symbol=NYSE:OKLO&interval=D,False,False,False,False
MAIR,Madison Air Solutions Corporation,NYSE,Industrial Machinery,25.26,26.37,28.88,4.24,5.28,2812497.2,2910025.466666667,73507243.0,76726701.0,4.29,162,-3.0,204,-36.55,403,-21.06,362,-20.2,-2.37,2026-12-02,False,https://www.tradingview.com/chart/?symbol=NYSE:MAIR&interval=D,False,False,False,False
ENPH,"Enphase Energy, Inc.",NASDAQ,Electrical Products,33.07,37.16,38.1,5.64,5.79,4401616.3,4099230.566666667,135561555.0,152329457.0,-10.98,416,-13.04,322,-31.73,384,-15.96,338,-20.24,-2.28,2026-10-27,False,https://www.tradingview.com/chart/?symbol=NASDAQ:ENPH&interval=D,False,False,False,False
FICO,Fair Isaac Corporation,NYSE,Financial Publishing/Services,879.62,1049.75,1099.01,4.78,5.4,391430.5,367001.06666666665,322821478.0,385260471.0,-10.24,407,-24.86,423,-21.98,330,-14.05,331,-20.3,-3.7,2026-11-11,False,https://www.tradingview.com/chart/?symbol=NYSE:FICO&interval=D,False,False,False,False
HUBG,"Hub Group, Inc.",NASDAQ,Air Freight/Couriers,31.4,37.14,41.43,4.91,5.31,1502327.4,1366671.0,42913469.0,50761350.0,-4.96,334,-23.17,414,-27.37,355,-11.87,325,-20.8,-4.56,2026-10-22,False,https://www.tradingview.com/chart/?symbol=NASDAQ:HUBG&interval=D,False,False,False,False
UAA,"Under Armour, Inc.",NYSE,Apparel/Footwear,4.53,5.08,5.77,4.33,4.77,10493849.6,8337163.566666666,37767351.0,42388919.0,-9.04,393,-16.42,355,-25.49,348,-22.43,369,-21.45,-4.51,2026-11-05,False,https://www.tradingview.com/chart/?symbol=NYSE:UAA&interval=D,False,False,False,False
NXT,Nextpower Inc.,NASDAQ,Electronic Equipment/Instruments,81.81,86.58,92.17,4.55,5.2,2396634.6,2094581.2,171357688.0,181343953.0,0.18,241,-4.54,222,-29.88,371,-30.32,391,-21.58,-2.16,2026-10-22,False,https://www.tradingview.com/chart/?symbol=NASDAQ:NXT&interval=D,False,False,False,False
LPTH,"LightPath Technologies, Inc.",NASDAQ,Electronic Components,9.81,11.44,11.43,6.07,8.63,3363854.2,3494792.9,34283918.0,39962957.0,4.36,159,-29.53,438,-26.41,350,-9.0,312,-21.64,-1.64,2026-11-05,False,https://www.tradingview.com/chart/?symbol=NASDAQ:LPTH&interval=D,False,False,False,False
FTAI,FTAI Aviation Ltd.,NASDAQ,Aerospace & Defense,186.01,197.24,203.68,4.39,5.05,1512998.2000000016,1307292.100000002,243169404.0,257849422.0,1.42,217,-10.4,291,-32.94,391,-22.02,365,-21.79,-1.72,2026-11-03,False,https://www.tradingview.com/chart/?symbol=NASDAQ:FTAI&interval=D,False,False,False,False
QNT,Quantinuum Inc.,NASDAQ,Computer Processing Hardware,50.11,53.66,54.32,6.43,7.46,2063149.1,1820889.1,91244753.0,97700715.0,2.6,189,-8.89,273,-31.0,380,-26.31,384,-22.07,-1.04,2026-12-02,False,https://www.tradingview.com/chart/?symbol=NASDAQ:QNT&interval=D,False,False,False,False
EROC,"ERock, Inc.",NYSE,Electrical Products,12.52,13.12,12.26,8.14,9.2,3138072.9,3198639.8,40046970.0,41965088.0,11.29,86,-10.44,293,-18.49,306,-37.71,416,-22.21,0.23,2026-12-02,False,https://www.tradingview.com/chart/?symbol=NYSE:EROC&interval=D,False,False,False,False
ENOV,Enovis Corporation,NYSE,Medical Specialties,18.24,21.89,24.23,6.0,6.63,2264312.4999999995,1648371.0333333334,30066288.0,36077897.0,0.83,229,-30.59,441,-15.91,291,-21.72,364,-22.74,-3.73,2026-11-11,False,https://www.tradingview.com/chart/?symbol=NYSE:ENOV&interval=D,False,False,False,False
EOSE,"Eos Energy Enterprises, Inc.",NASDAQ,Electrical Products,3.58,3.77,3.81,8.81,9.35,24548679.2,25142225.666666668,90009168.0,94840666.0,-13.73,432,-2.98,203,-41.79,420,-23.54,375,-22.77,-0.65,2026-11-11,False,https://www.tradingview.com/chart/?symbol=NASDAQ:EOSE&interval=D,False,False,False,False
WHR,Whirlpool Corporation,NYSE,Electronics/Appliances,32.93,37.78,38.49,4.49,4.93,3257230.6,2479715.2666666666,81657024.0,93678683.0,-1.94,277,-17.68,370,-13.52,272,-38.04,418,-23.08,-2.93,2026-10-15,False,https://www.tradingview.com/chart/?symbol=NYSE:WHR&interval=D,False,False,False,False
FTFT,Future FinTech Group Inc.,NASDAQ,Finance/Rental/Leasing,4.44,3.35,3.77,36.17,31.66,23139889.3,11012660.6,48896213.0,36851226.0,-36.53,455,66.14,3,-59.01,444,-77.35,450,-23.4,0.56,,False,https://www.tradingview.com/chart/?symbol=NASDAQ:FTFT&interval=D,False,True,False,False
QS,QuantumScape Corporation,NASDAQ,Electrical Products,4.91,5.54,5.57,4.42,5.35,11099294.9,14101795.333333334,69239815.0,78112195.0,-4.47,323,-15.49,342,-31.95,386,-23.04,373,-23.49,-2.22,2026-10-28,False,https://www.tradingview.com/chart/?symbol=NASDAQ:QS&interval=D,False,False,False,False
LMND,"Lemonade, Inc.",NYSE,Multi-Line Insurance,44.36,50.98,53.71,4.81,5.29,1108980.5,1015977.8666666667,45068778.0,51793197.0,-9.91,401,-16.66,358,-23.56,339,-31.75,400,-23.99,-3.29,2026-11-10,False,https://www.tradingview.com/chart/?symbol=NYSE:LMND&interval=D,False,False,False,False
AMPX,"Amprius Technologies, Inc.",NYSE,Electrical Products,9.73,10.14,10.24,4.64,5.83,4410489.4,4664476.466666667,45385356.0,47302456.0,5.08,151,-4.61,223,-24.34,344,-43.03,427,-23.99,-0.86,2026-11-05,False,https://www.tradingview.com/chart/?symbol=NYSE:AMPX&interval=D,False,False,False,False
TTD,"The Trade Desk, Inc.",NASDAQ,Packaged Software,12.68,13.86,15.37,4.96,5.4,32473925.399999995,23541727.666666675,298509107.0,326249109.0,-15.01,438,-3.65,211,-27.58,356,-41.32,425,-24.19,-3.24,2026-11-05,False,https://www.tradingview.com/chart/?symbol=NASDAQ:TTD&interval=D,False,False,False,False
LBRT,Liberty Energy Inc.,NYSE,Oilfield Services/Equipment,18.27,19.95,20.22,4.89,5.41,3681198.9,3434926.8,62756113.0,68534804.0,-6.6,362,-4.04,218,-30.77,376,-38.59,420,-24.47,-1.79,2026-10-21,False,https://www.tradingview.com/chart/?symbol=NYSE:LBRT&interval=D,False,False,False,False
BOOT,"Boot Barn Holdings, Inc.",NYSE,Apparel/Footwear Retail,124.49,148.12,151.26,4.76,5.0,853864.9,662222.6,82440091.0,98089074.0,-3.24,301,-25.54,427,-29.69,369,-18.48,342,-24.57,-3.54,2026-11-04,False,https://www.tradingview.com/chart/?symbol=NYSE:BOOT&interval=D,False,False,False,False
JOBY,"Joby Aviation, Inc.",NYSE,Aerospace & Defense,6.25,6.94,7.21,4.35,5.01,26444683.6,25156071.9,157225449.0,174457359.0,1.96,201,-16.11,351,-32.87,390,-25.24,381,-24.74,-2.66,2026-11-11,False,https://www.tradingview.com/chart/?symbol=NYSE:JOBY&interval=D,False,False,False,False
BLDR,"Builders FirstSource, Inc.",NYSE,Home Improvement Chains,59.16,65.09,68.05,4.28,4.69,5322095.2,3085535.6333333333,182540288.0,200824144.0,-2.49,291,-16.42,354,-31.28,381,-27.3,386,-25.0,-2.79,2026-10-29,False,https://www.tradingview.com/chart/?symbol=NYSE:BLDR&interval=D,False,False,False,False
QXO,"QXO, Inc.",NYSE,Wholesale Distributors,12.28,13.12,13.67,4.15,5.02,20648834.6,16765803.266666668,205884064.0,219984105.0,5.86,140,-10.5,294,-28.6,364,-36.6,415,-25.23,-2.03,2026-11-17,False,https://www.tradingview.com/chart/?symbol=NYSE:QXO&interval=D,False,False,False,False
NAMS,NewAmsterdam Pharma Company N.V.,NASDAQ,Pharmaceuticals: Major,22.68,25.07,26.73,6.6,6.19,2142803.4,1518008.6,34428435.0,38049898.0,2.76,186,-18.42,379,-30.82,378,-26.74,385,-25.33,-2.45,2026-11-11,False,https://www.tradingview.com/chart/?symbol=NASDAQ:NAMS&interval=D,False,False,False,False
PUMP,ProPetro Holding Corp.,NYSE,Oilfield Services/Equipment,9.8,11.17,11.41,5.3,5.77,4549393.8,3319471.2666666666,32530818.0,37075175.0,-5.77,354,-12.26,311,-30.74,375,-33.51,406,-25.51,-2.44,2026-11-04,False,https://www.tradingview.com/chart/?symbol=NYSE:PUMP&interval=D,False,False,False,False
ALB,Albemarle Corporation,NYSE,Chemicals: Specialty,113.47,127.49,124.59,4.14,4.67,2693248.9,2372125.433333333,269165073.0,302416737.0,-0.46,253,-20.79,400,-20.87,323,-35.04,410,-25.57,-1.91,2026-11-04,False,https://www.tradingview.com/chart/?symbol=NYSE:ALB&interval=D,False,False,False,False
XE,"X-Energy, Inc.",NASDAQ,Industrial Machinery,16.38,17.85,17.54,7.34,8.64,7836656.4,6600875.933333334,108122348.0,117830036.0,8.33,122,-13.33,325,-15.83,290,-48.84,435,-26.0,-0.77,2026-12-02,False,https://www.tradingview.com/chart/?symbol=NASDAQ:XE&interval=D,False,False,False,False
CHTR,"Charter Communications, Inc.",NASDAQ,Cable/Satellite TV,116.61,144.35,142.75,5.99,6.17,3269542.2,2967624.1666666665,346054654.0,428364678.0,-16.6,441,-21.8,406,-10.9,253,-46.63,431,-26.44,-2.97,2026-10-30,False,https://www.tradingview.com/chart/?symbol=NASDAQ:CHTR&interval=D,False,False,False,False
UUUU,Energy Fuels Inc,AMEX,Other Metals/Minerals,11.6,13.91,13.27,5.17,6.5,7972329.2,6843462.2,79384162.0,95206246.0,-3.33,302,-23.03,412,-24.03,340,-33.29,405,-26.78,-1.93,2026-10-30,False,https://www.tradingview.com/chart/?symbol=AMEX:UUUU&interval=D,False,False,False,False
TRIP,"TripAdvisor, Inc.",NASDAQ,Other Consumer Services,8.04,9.55,11.15,4.77,5.21,5003140.4,3780876.3,30398245.0,36090985.0,-10.57,411,-19.84,391,-38.06,409,-22.84,371,-26.91,-5.35,2026-11-09,False,https://www.tradingview.com/chart/?symbol=NASDAQ:TRIP&interval=D,False,False,False,False
FRMI,Fermi Inc.,NASDAQ,Real Estate Development,4.82,5.46,5.82,6.53,7.94,17957618.2,18007191.3,86794662.0,98325267.0,0.42,237,-17.47,368,-43.76,426,-19.67,350,-26.96,-2.16,2026-11-17,False,https://www.tradingview.com/chart/?symbol=NASDAQ:FRMI&interval=D,False,False,False,False
RUN,Sunrun Inc.,NASDAQ,Semiconductors,8.35,8.98,9.6,4.63,5.62,7764089.5,7360166.633333334,61457391.0,66117604.0,-2.34,286,-7.94,259,-42.33,422,-31.5,398,-27.26,-2.33,2026-11-04,False,https://www.tradingview.com/chart/?symbol=NASDAQ:RUN&interval=D,False,False,False,False
LASR,"nLIGHT, Inc.",NASDAQ,Semiconductors,40.98,43.42,52.87,4.14,6.13,865269.1,1186863.7333333334,48637676.0,51539558.0,7.05,130,-12.19,310,-37.05,406,-34.94,409,-28.06,-3.67,2026-10-29,False,https://www.tradingview.com/chart/?symbol=NASDAQ:LASR&interval=D,False,False,False,False
BROS,Dutch Bros Inc.,NYSE,Restaurants,38.43,46.52,52.93,4.23,4.9,4937534.6,4245093.166666667,163138930.0,197488809.0,-8.67,387,-23.87,416,-42.6,424,-19.09,348,-28.52,-5.59,2026-11-11,False,https://www.tradingview.com/chart/?symbol=NYSE:BROS&interval=D,False,False,False,False
CAR,"Avis Budget Group, Inc.",NASDAQ,Finance/Rental/Leasing,105.67,132.5,140.21,5.22,5.85,514797.9,374442.5,39567339.0,49614006.0,-9.68,400,-27.82,435,-39.53,414,-20.07,356,-29.14,-4.21,2026-11-02,False,https://www.tradingview.com/chart/?symbol=NASDAQ:CAR&interval=D,False,False,False,False
WING,Wingstop Inc.,NASDAQ,Restaurants,97.88,110.99,119.13,6.29,6.57,1512293.7,1245737.6666666667,121932803.0,138269822.0,-4.05,313,-15.07,338,-38.1,410,-36.12,414,-29.77,-2.72,2026-11-04,False,https://www.tradingview.com/chart/?symbol=NASDAQ:WING&interval=D,False,False,False,False
PLNT,"Planet Fitness, Inc.",NYSE,Other Consumer Services,41.0,50.55,51.82,4.84,5.18,2989681.8,2148488.2,88088016.0,108595336.0,-18.7,443,-24.3,420,-22.67,336,-45.38,428,-30.78,-4.03,2026-11-10,False,https://www.tradingview.com/chart/?symbol=NYSE:PLNT&interval=D,False,False,False,False
UAMY,United States Antimony Corporation,NYSE,Other Metals/Minerals,4.6,5.06,5.33,5.19,7.34,5097364.4,7062975.133333334,32489686.0,35722174.0,-3.16,300,-14.02,328,-31.45,382,-47.49,433,-30.98,-1.87,2026-11-18,False,https://www.tradingview.com/chart/?symbol=NYSE:UAMY&interval=D,False,False,False,False
MTZ,"MasTec, Inc.",NYSE,Engineering & Construction,217.52,246.76,271.38,5.09,6.02,1627637.0,1574484.3333333333,342481832.0,388516080.0,-4.33,321,-17.91,373,-45.84,431,-29.34,389,-31.03,-3.29,2026-10-29,False,https://www.tradingview.com/chart/?symbol=NYSE:MTZ&interval=D,False,False,False,False
STUB,"StubHub Holdings, Inc.",NYSE,Internet Software/Services,5.31,6.49,7.44,5.86,6.68,7318294.0,7542953.066666666,40053081.0,48986452.0,-10.0,402,-20.39,396,-52.8,438,-20.51,359,-31.23,-4.28,2026-11-12,False,https://www.tradingview.com/chart/?symbol=NYSE:STUB&interval=D,False,False,False,False
BIAF,"bioAffinity Technologies, Inc.",NASDAQ,Medical Specialties,7.94,7.46,8.21,30.49,28.83,4027352.4999999986,6580230.648888888,52247031.0,49077115.0,32.11,12,31.89,22,-37.65,408,-87.97,452,-31.24,-0.11,2026-11-18,False,https://www.tradingview.com/chart/?symbol=NASDAQ:BIAF&interval=D,True,True,False,False
TE,T1 Energy Inc.,NYSE,Electrical Products,4.04,4.54,4.86,6.93,9.52,17108481.2,20559511.9,83060428.0,93388156.0,-8.18,382,-6.26,239,-54.14,440,-34.31,408,-31.57,-1.76,2026-11-11,False,https://www.tradingview.com/chart/?symbol=NYSE:TE&interval=D,False,False,False,False
INIO,INNIO N.V.,NASDAQ,Electrical Products,19.99,21.96,23.88,6.62,8.18,6616901.0,4621163.366666666,92377056.0,101476126.0,9.59,105,-11.86,306,-47.93,434,-35.52,411,-31.77,-1.99,2026-12-02,False,https://www.tradingview.com/chart/?symbol=NASDAQ:INIO&interval=D,False,False,False,False
CAVA,"CAVA Group, Inc.",NYSE,Restaurants,53.1,62.28,63.15,4.11,5.1,4630807.5,3534021.6,187656547.0,220083551.0,4.34,160,-28.24,437,-36.04,402,-31.68,399,-31.99,-3.12,2026-11-10,False,https://www.tradingview.com/chart/?symbol=NYSE:CAVA&interval=D,False,False,False,False
PZZA,"Papa John's International, Inc.",NASDAQ,Restaurants,20.15,22.42,25.41,4.08,4.33,1645881.7,1360063.5333333334,27405280.0,30490811.0,-2.75,294,-16.91,359,-44.03,427,-38.0,417,-32.98,-4.78,2026-10-29,False,https://www.tradingview.com/chart/?symbol=NASDAQ:PZZA&interval=D,False,False,False,False
AGX,"Argan, Inc.",NYSE,Engineering & Construction,374.4,448.08,500.16,5.5,6.57,473080.9,407897.3333333333,152716762.0,182772541.0,-5.62,352,-24.56,422,-49.81,436,-25.95,383,-33.44,-3.83,2026-12-09,False,https://www.tradingview.com/chart/?symbol=NYSE:AGX&interval=D,False,False,False,False
UTI,Universal Technical Institute Inc,NYSE,Miscellaneous Commercial Services,20.42,22.1,28.1,5.4,6.88,2195359.7,1854723.8333333333,37873461.0,40992488.0,-1.11,261,-7.98,260,-47.73,433,-45.56,429,-33.76,-3.97,2026-11-25,False,https://www.tradingview.com/chart/?symbol=NYSE:UTI&interval=D,False,False,False,False
LCID,"Lucid Group, Inc.",NASDAQ,Motor Vehicles,4.16,4.93,5.78,6.15,8.34,12378792.299999977,11335403.266666675,47155278.0,55847643.0,0.0,244,-24.36,421,-19.54,315,-57.72,442,-33.87,-3.36,2026-11-10,False,https://www.tradingview.com/chart/?symbol=NASDAQ:LCID&interval=D,False,False,False,False
KNF,Knife Riv Holding Co.,NYSE,Construction Materials,51.43,61.37,66.96,4.27,4.9,1125068.2,907556.6,46675636.0,55692816.0,-9.36,396,-22.38,410,-44.09,428,-38.86,421,-35.11,-4.73,2026-11-09,False,https://www.tradingview.com/chart/?symbol=NYSE:KNF&interval=D,False,False,False,False
XENE,Xenon Pharmaceuticals Inc.,NASDAQ,Pharmaceuticals: Major,36.56,57.55,60.51,5.36,7.9,3233722.4,1515757.9666666666,55416111.0,87225303.0,-35.49,454,-39.84,446,-34.01,397,-34.05,407,-35.97,-5.01,2026-11-11,False,https://www.tradingview.com/chart/?symbol=NASDAQ:XENE&interval=D,False,False,False,False
FRVO,Fervo Energy Company,NASDAQ,Alternative Power Generation,16.35,17.03,19.7,7.16,9.09,4846463.0,6395536.666666667,104567025.0,108884012.0,7.21,128,-3.65,212,-50.09,437,-54.58,441,-36.11,-1.87,2026-12-02,False,https://www.tradingview.com/chart/?symbol=NASDAQ:FRVO&interval=D,False,False,False,False
IONS,"Ionis Pharmaceuticals, Inc.",NASDAQ,Pharmaceuticals: Major,43.93,55.64,55.27,5.79,5.52,4972036.8,3423770.2333333334,150406226.0,190512271.0,-7.28,373,-27.43,433,-42.72,425,-40.64,423,-36.93,-3.72,2026-11-04,False,https://www.tradingview.com/chart/?symbol=NASDAQ:IONS&interval=D,False,False,False,False
YSS,York Space Systems Inc.,NYSE,Aerospace & Defense,9.61,9.21,11.75,7.22,8.97,5350410.6,4026061.0,38690446.0,37081364.0,22.26,27,4.23,137,-61.58,446,-54.06,440,-37.14,-2.03,2026-12-02,False,https://www.tradingview.com/chart/?symbol=NYSE:YSS&interval=D,False,False,False,False
OPEN,Opendoor Technologies Inc,NASDAQ,Real Estate Development,2.58,3.13,3.47,5.18,6.72,36339405.8,36447054.96666667,94033402.0,113969941.0,-4.27,318,-25.99,429,-40.14,417,-46.36,430,-37.5,-3.82,2026-11-05,False,https://www.tradingview.com/chart/?symbol=NASDAQ:OPEN&interval=D,False,False,False,False
RCAT,"Red Cat Holdings, Inc.",NASDAQ,Packaged Software,6.59,8.61,8.46,6.8,8.1,11340161.3,8602537.6,56690723.0,74043475.0,-17.0,442,-29.59,439,-31.85,385,-52.93,437,-38.12,-2.72,2026-11-12,False,https://www.tradingview.com/chart/?symbol=NASDAQ:RCAT&interval=D,False,False,False,False
PL,Planet Labs PBC,NYSE,Packaged Software,16.38,19.66,20.64,6.34,6.52,9592603.8,9400429.5,153979035.0,184853179.0,1.8,208,-24.97,425,-38.21,411,-51.8,436,-38.32,-3.16,2026-12-14,False,https://www.tradingview.com/chart/?symbol=NYSE:PL&interval=D,False,False,False,False
RARE,Ultragenyx Pharmaceutical Inc.,NASDAQ,Pharmaceuticals: Major,14.88,20.62,23.17,5.95,9.45,6841026.4,5140677.566666666,76493282.0,105989633.0,13.85,62,-42.21,448,-49.58,435,-25.6,382,-39.13,-3.79,2026-11-04,False,https://www.tradingview.com/chart/?symbol=NASDAQ:RARE&interval=D,False,False,False,False
HTZ,"Hertz Global Holdings, Inc",NASDAQ,Finance/Rental/Leasing,1.74,2.11,2.01,5.98,8.31,12872611.0,22297610.833333332,38797843.0,47159447.0,-10.08,404,-22.67,411,-40.21,418,-60.81,443,-41.23,-1.61,2026-10-22,False,https://www.tradingview.com/chart/?symbol=NASDAQ:HTZ&interval=D,False,False,False,False
KRMN,Karman Holdings Inc.,NYSE,Aerospace & Defense,33.05,44.78,47.21,7.19,8.09,4878536.0,3254785.2666666666,107570653.0,145757964.0,-13.05,429,-37.56,445,-26.8,354,-61.58,444,-41.98,-3.71,2026-11-05,False,https://www.tradingview.com/chart/?symbol=NYSE:KRMN&interval=D,False,False,False,False
BW,"Babcock & Wilcox Enterprises, Inc.",NYSE,Electronic Equipment/Instruments,6.64,7.83,8.58,6.75,9.44,4606335.1,4970638.333333333,33005039.0,38920098.0,-7.0,368,-18.53,380,-55.14,441,-53.24,439,-42.3,-2.4,2026-11-11,False,https://www.tradingview.com/chart/?symbol=NYSE:BW&interval=D,False,False,False,False
CAPR,"Capricor Therapeutics, Inc.",NASDAQ,Pharmaceuticals: Major,8.67,8.3,9.52,7.06,10.64,2771590.3,8715548.866666667,75563809.0,72328887.0,1.05,224,7.97,108,-70.51,450,-70.73,445,-44.42,-0.84,2026-11-17,False,https://www.tradingview.com/chart/?symbol=NASDAQ:CAPR&interval=D,False,False,False,False
SOC,Sable Offshore Corp.,NYSE,Integrated Oil,4.15,4.62,4.59,7.79,8.86,8360911.8,8914086.066666666,36993457.0,41186049.0,-14.61,437,-17.17,363,-47.2,432,-76.79,449,-47.05,-1.07,2026-11-12,False,https://www.tradingview.com/chart/?symbol=NYSE:SOC&interval=D,False,False,False,False
FLNC,"Fluence Energy, Inc.",NASDAQ,Electrical Products,7.58,10.41,11.81,6.51,9.65,10933870.8,7564397.8,57338135.0,78752945.0,-20.46,445,-31.9,442,-62.33,447,-48.65,434,-47.62,-3.71,2026-11-30,False,https://www.tradingview.com/chart/?symbol=NASDAQ:FLNC&interval=D,False,False,False,False
XNDU,Xanadu Quantum Technologies Limited,NASDAQ,Computer Processing Hardware,5.33,9.39,9.9,9.59,12.68,6791301.0,3229934.2333333334,17215549.0,30337696.0,-32.27,453,-49.0,450,-55.95,443,-46.7,432,-50.55,-3.64,2026-12-02,False,https://www.tradingview.com/chart/?symbol=NASDAQ:XNDU&interval=D,False,False,False,False
ALHC,"Alignment Healthcare, Inc.",NASDAQ,Managed Health Care,7.86,12.25,14.34,10.5,10.64,15788297.1,8064880.333333333,63389959.0,98761180.0,-23.69,450,-40.59,447,-63.97,448,-53.19,438,-52.58,-4.25,2026-10-29,False,https://www.tradingview.com/chart/?symbol=NASDAQ:ALHC&interval=D,False,False,False,False
EYPT,"EyePoint, Inc.",NASDAQ,Pharmaceuticals: Major,3.72,5.48,8.37,8.99,14.97,4302483.499999995,6170123.5,22952859.0,33832844.0,1.64,213,-28.05,436,-74.11,451,-71.27,446,-57.81,-3.71,2026-11-04,False,https://www.tradingview.com/chart/?symbol=NASDAQ:EYPT&interval=D,False,False,False,False
LHSW,Lianhe Sowell International Group Ltd,NASDAQ,Computer Processing Hardware,0.77,2.27,2.39,72.79,73.83,48455457.6,17267871.2,13225463.0,39282911.0,44.51,7,-69.36,453,-60.52,445,-71.69,448,-67.19,-0.92,,False,https://www.tradingview.com/chart/?symbol=NASDAQ:LHSW&interval=D,True,False,False,False
ALMS,Alumis Inc.,NASDAQ,Pharmaceuticals: Major,7.44,16.03,20.7,9.75,16.87,3856119.6,3610799.433333333,26864348.0,57895558.0,-11.95,424,-68.59,452,-69.61,449,-71.4,447,-69.87,-3.8,2026-11-12,False,https://www.tradingview.com/chart/?symbol=NASDAQ:ALMS&interval=D,False,False,False,False
TNON,"Tenon Medical, Inc.",NASDAQ,Medical/Nursing Services,3.27,5.03,5.66,35.4,37.71,25767651.1,11451146.133333333,37445248.0,57591631.0,-37.12,456,-48.1,449,-75.41,452,-87.27,451,-70.26,-1.12,2026-11-18,False,https://www.tradingview.com/chart/?symbol=NASDAQ:TNON&interval=D,False,False,False,False
WHLR,"Wheeler Real Estate Investment Trust, Inc.",NASDAQ,Real Estate Investment Trusts,5.44,7.77,19.85,14.91,68.33,10961707.411111113,3910565.791666667,21273478.0,30378670.0,72.7,4,-55.66,451,-98.71,457,-99.76,456,-84.71,-1.06,,False,https://www.tradingview.com/chart/?symbol=NASDAQ:WHLR&interval=D,True,False,False,False
NCT,Intercont (Cayman) Limited,NASDAQ,Marine Shipping,5.43,61.14,69.38,179.9,166.28,1563302.8519999997,624213.2159999999,3389478.0,38166321.0,-23.84,451,-94.77,456,-92.56,453,-91.49,453,-92.94,-0.55,,False,https://www.tradingview.com/chart/?symbol=NASDAQ:NCT&interval=D,False,False,False,False
RETO,"ReTo Eco-Solutions, Inc.",NASDAQ,Other Metals/Minerals,0.16,1.1,1.77,1137.73,877.48,103008968.3,35005776.8,5551916.0,38345211.0,-96.49,457,-89.9,454,-93.95,454,-95.11,454,-92.98,-0.1,,False,https://www.tradingview.com/chart/?symbol=NASDAQ:RETO&interval=D,False,False,False,False
WETO,Wetour Robotics Limited,NASDAQ,Other Transportation,1.45,9.46,14.5,28.6,212.5,4761530.5,8684463.833333334,12592473.0,82139106.0,-21.62,448,-93.67,455,-98.31,456,-97.26,455,-96.42,-0.42,,False,https://www.tradingview.com/chart/?symbol=NASDAQ:WETO&interval=D,False,False,False,False
CTNT,Cheetah Net Supply Chain Service Inc.,NASDAQ,Engineering & Construction,0.04,1.07,1.34,371.56,366.07,305910713.4,102443590.83333333,3933834.0,109257114.0,-24.71,452,-97.57,457,-97.61,455,-99.99,457,-98.39,-0.27,2026-11-06,False,https://www.tradingview.com/chart/?symbol=NASDAQ:CTNT&interval=D,False,False,False,False
