name,description,exchange,industry,close,SMA30,SMA50,ADRP,ATRP,average_volume_10d_calc,average_volume_30d_calc,dollar_volume_30d,average_dollar_volume_30d,Perf.W,perf_1w_rank,Perf.1M,perf_1m_rank,Perf.3M,perf_3m_rank,Perf.6M,perf_6m_rank,momentum_score,atr_extension_from_50d,earnings_date,earnings_soon,tradingview_url,is_top_1w,is_top_1m,is_top_3m,is_top_6m
XHLD,"TEN Holdings, Inc.",NASDAQ,Miscellaneous Commercial Services,12.08,8.9,6.08,14.37,12.57,4457284.4,3788621.5,45766548.0,33729466.0,27.16,8,58.32,4,866.4,1,874.19,1,599.64,7.85,2026-11-16,False,https://www.tradingview.com/chart/?symbol=NASDAQ:XHLD&interval=D,True,True,True,True
QMCO,Quantum Corporation,NASDAQ,Computer Peripherals,25.97,23.73,18.85,7.17,7.72,1325711.7,1565264.7666666666,40649926.0,37146863.0,10.23,93,21.87,41,85.5,13,410.22,2,172.53,4.9,2026-11-13,False,https://www.tradingview.com/chart/?symbol=NASDAQ:QMCO&interval=D,False,False,True,True
MXL,"MaxLinear, Inc",NASDAQ,Semiconductors,84.32,70.19,71.13,5.92,7.22,3001249.4,2505070.2333333334,211227522.0,175838395.0,23.27,18,31.91,20,-4.31,211,399.23,3,142.28,2.57,2026-10-28,False,https://www.tradingview.com/chart/?symbol=NASDAQ:MXL&interval=D,True,True,False,True
ASST,"Strive, Inc.",NASDAQ,Financial Conglomerates,28.99,22.86,18.57,6.73,6.7,10407856.5,9759938.666666666,282940622.0,223100811.0,4.21,160,54.53,5,123.52,4,189.9,16,122.65,8.38,2026-11-13,False,https://www.tradingview.com/chart/?symbol=NASDAQ:ASST&interval=D,False,True,True,True
TEAM,Atlassian Corporation,NASDAQ,Packaged Software,195.08,180.34,150.38,4.16,4.64,3322826.1,3880943.2666666666,757094412.0,699888662.0,5.16,144,15.23,64,146.47,2,191.12,15,117.61,6.41,2026-10-29,False,https://www.tradingview.com/chart/?symbol=NASDAQ:TEAM&interval=D,False,False,True,True
LIFE,Ethos Technologies Inc.,NASDAQ,Packaged Software,33.91,36.94,31.24,8.31,8.12,1868809.0,1559615.3,52886555.0,57617388.0,-14.58,431,2.6,145,88.08,12,235.74,7,108.81,1.05,2026-12-02,False,https://www.tradingview.com/chart/?symbol=NASDAQ:LIFE&interval=D,False,False,True,True
APPS,"Digital Turbine, Inc.",NASDAQ,Packaged Software,11.54,11.3,10.75,6.93,7.19,2723774.9,2670133.6,30813342.0,30174735.0,2.12,193,8.05,103,14.31,133,292.52,5,104.96,1.03,2026-11-11,False,https://www.tradingview.com/chart/?symbol=NASDAQ:APPS&interval=D,False,False,False,True
BLZE,"Backblaze, Inc.",NASDAQ,Computer Peripherals,14.06,14.97,14.93,5.53,6.83,2042386.4,2438690.3,34287986.0,36497845.0,9.76,99,-11.63,301,16.83,123,304.02,4,103.07,-0.85,2026-11-11,False,https://www.tradingview.com/chart/?symbol=NASDAQ:BLZE&interval=D,False,False,False,True
PURR,Hyperliquid Strategies Inc,NASDAQ,Financial Conglomerates,13.94,11.08,9.3,7.69,8.08,26404579.1,26292637.566666666,366519368.0,291379392.0,24.35,15,27.07,24,73.82,21,195.03,14,98.64,6.17,2026-12-02,False,https://www.tradingview.com/chart/?symbol=NASDAQ:PURR&interval=D,True,False,True,True
OKTA,"Okta, Inc.",NASDAQ,Packaged Software,205.36,164.49,156.13,4.41,4.7,4539645.7,4163531.6666666665,855022863.0,684872508.0,10.1,94,53.01,6,72.95,22,169.32,21,98.43,6.71,2026-12-08,False,https://www.tradingview.com/chart/?symbol=NASDAQ:OKTA&interval=D,False,True,True,True
SDGR,"Schrodinger, Inc.",NASDAQ,Packaged Software,29.23,21.46,19.26,6.48,5.89,3232495.7,1748449.4,51107176.0,37513565.0,25.5,11,49.06,7,90.3,11,154.17,28,97.84,8.78,2026-11-11,False,https://www.tradingview.com/chart/?symbol=NASDAQ:SDGR&interval=D,True,True,True,False
BAND,Bandwidth Inc.,NASDAQ,Packaged Software,59.13,50.45,52.12,7.87,7.64,1116633.6,858966.7666666667,50790705.0,43337021.0,21.67,23,26.27,26,13.1,139,247.82,6,95.73,1.76,2026-10-29,False,https://www.tradingview.com/chart/?symbol=NASDAQ:BAND&interval=D,True,False,False,True
GPRO,"GoPro, Inc.",NASDAQ,Electronics/Appliances,1.31,1.03,0.9,13.69,11.63,26102739.3,65167182.36666667,85369009.0,67132842.0,0.0,238,107.28,1,81.38,17,95.52,65,94.73,3.91,2026-11-05,False,https://www.tradingview.com/chart/?symbol=NASDAQ:GPRO&interval=D,False,True,True,False
CRWD,"CrowdStrike Holdings, Inc.",NASDAQ,Packaged Software,262.49,218.74,210.61,4.47,4.93,13550520.5,11396645.166666666,2991505390.0,2492848979.0,10.79,85,38.5,12,54.32,43,183.12,19,91.98,5.0,2026-12-01,False,https://www.tradingview.com/chart/?symbol=NASDAQ:CRWD&interval=D,False,True,False,True
DELL,Dell Technologies Inc.,NYSE,Computer Processing Hardware,549.62,501.26,469.82,5.44,5.83,9892003.599999998,8983059.033333333,4937268906.0,4502869132.0,-0.72,249,25.42,28,32.59,76,213.84,9,90.61,2.92,2026-12-01,False,https://www.tradingview.com/chart/?symbol=NYSE:DELL&interval=D,False,False,False,True
FIVN,"Five9, Inc.",NASDAQ,Packaged Software,37.68,33.23,30.88,5.49,5.59,2935890.2,2088006.2333333334,78676075.0,69390363.0,14.11,54,14.84,66,93.73,9,154.94,27,87.84,3.94,2026-11-09,False,https://www.tradingview.com/chart/?symbol=NASDAQ:FIVN&interval=D,False,False,True,False
RNG,"RingCentral, Inc.",NYSE,Packaged Software,79.23,70.04,62.78,4.29,4.23,1718517.7,1510251.3666666667,119657216.0,105783040.0,11.89,74,19.05,51,126.05,3,117.46,44,87.52,6.19,2026-11-09,False,https://www.tradingview.com/chart/?symbol=NYSE:RNG&interval=D,False,False,True,False
AMC,"AMC Entertainment Holdings, Inc.",NYSE,Movies/Entertainment,2.87,2.6,2.54,5.55,5.79,29672368.900000036,23401284.86666667,67161688.0,60827740.0,11.67,77,12.99,76,42.79,58,195.88,13,83.88,2.21,2026-11-11,False,https://www.tradingview.com/chart/?symbol=NYSE:AMC&interval=D,False,False,False,True
NTSK,"Netskope, Inc.",NASDAQ,Packaged Software,18.57,15.5,14.56,5.65,5.23,8892939.9,6277115.3,116566031.0,97263902.0,8.41,116,28.25,22,96.09,6,123.73,42,82.69,5.27,2026-12-11,False,https://www.tradingview.com/chart/?symbol=NASDAQ:NTSK&interval=D,False,True,True,False
ALAB,"Astera Labs, Inc.",NASDAQ,Semiconductors,360.46,298.17,303.93,5.68,6.52,4478916.0,3847472.933333333,1386860094.0,1147183050.0,41.23,5,32.67,18,-14.7,285,224.74,8,80.9,2.85,2026-11-10,False,https://www.tradingview.com/chart/?symbol=NASDAQ:ALAB&interval=D,True,True,False,True
CORT,Corcept Therapeutics Incorporated,NASDAQ,Pharmaceuticals: Major,112.94,115.16,109.68,4.74,4.67,2639210.5,1408415.2333333334,159066416.0,162198967.0,1.91,198,-6.32,237,37.92,67,196.51,12,76.03,0.64,2026-11-04,False,https://www.tradingview.com/chart/?symbol=NASDAQ:CORT&interval=D,False,False,False,True
GRAL,"GRAIL, Inc.",NASDAQ,Medical Specialties,108.52,78.96,75.41,4.88,5.99,1744716.6,989100.2,107337154.0,78100671.0,43.85,4,37.58,14,75.49,19,114.04,48,75.7,7.33,2026-11-18,False,https://www.tradingview.com/chart/?symbol=NASDAQ:GRAL&interval=D,True,True,True,False
RBRK,"Rubrik, Inc.",NYSE,Information Technology Services,115.57,98.8,90.98,4.78,5.16,3701260.7,3704769.1,428160165.0,366032422.0,13.34,60,16.19,61,61.02,30,147.1,32,74.77,5.23,2026-12-03,False,https://www.tradingview.com/chart/?symbol=NYSE:RBRK&interval=D,False,False,False,False
PANW,"Palo Alto Networks, Inc.",NASDAQ,Packaged Software,393.3,361.7,355.39,4.23,4.74,7267788.500000009,6488168.866666675,2551796815.0,2346768516.0,7.02,126,10.46,87,36.09,70,166.55,22,71.03,2.25,2026-11-12,False,https://www.tradingview.com/chart/?symbol=NASDAQ:PANW&interval=D,False,False,False,True
INTC,Intel Corporation,NASDAQ,Semiconductors,122.6,99.29,98.04,4.02,5.12,119340751.7,104098197.86666666,12762439058.0,10335962115.0,20.95,24,37.97,13,-12.26,258,181.06,20,68.92,4.89,2026-10-22,False,https://www.tradingview.com/chart/?symbol=NASDAQ:INTC&interval=D,False,True,False,True
SNDK,Sandisk Corporation,NASDAQ,Computer Peripherals,1816.57,1613.14,1506.65,5.25,6.41,9924736.3,12183303.366666667,22131823397.0,19653404451.0,17.22,37,21.58,43,-18.84,306,202.89,11,68.54,3.21,2026-11-05,False,https://www.tradingview.com/chart/?symbol=NASDAQ:SNDK&interval=D,False,False,False,True
OMER,Omeros Corporation,NASDAQ,Pharmaceuticals: Major,20.74,18.41,15.61,4.09,4.78,1877638.4,2232752.966666667,46307297.0,41096051.0,20.86,26,8.59,97,95.48,7,99.42,63,67.83,6.88,2026-11-11,False,https://www.tradingview.com/chart/?symbol=NASDAQ:OMER&interval=D,False,False,True,False
XMTR,"Xometry, Inc.",NASDAQ,Information Technology Services,105.01,91.34,91.27,4.09,4.39,991812.4,646638.9666666667,67903558.0,59062387.0,19.51,32,23.93,29,13.68,135,161.54,24,66.39,3.43,2026-11-05,False,https://www.tradingview.com/chart/?symbol=NASDAQ:XMTR&interval=D,False,False,False,False
HPE,Hewlett Packard Enterprise Company,NYSE,Computer Processing Hardware,62.36,56.21,53.27,5.79,5.55,24001065.6,23291403.233333357,1452451906.0,1309318469.0,12.34,72,17.66,59,29.65,84,150.74,30,66.02,3.08,2026-12-03,False,https://www.tradingview.com/chart/?symbol=NYSE:HPE&interval=D,False,False,False,False
PENG,"Penguin Solutions, Inc.",NASDAQ,Semiconductors,53.88,52.56,54.01,4.46,6.18,1443851.1,1478844.7333333334,79680154.0,77728079.0,9.53,101,6.31,116,-21.3,323,209.66,10,64.89,-0.04,2026-10-06,False,https://www.tradingview.com/chart/?symbol=NASDAQ:PENG&interval=D,False,False,False,True
NEO,"NeoGenomics, Inc.",NASDAQ,Medical/Nursing Services,18.36,17.62,16.59,4.22,4.37,2247452.1,1800229.2,33052208.0,31725139.0,-2.55,287,9.61,92,42.33,59,138.75,34,63.56,2.44,2026-11-10,False,https://www.tradingview.com/chart/?symbol=NASDAQ:NEO&interval=D,False,False,False,False
ETON,"Eton Pharmaceuticals, Inc.",NASDAQ,Pharmaceuticals: Major,55.61,58.25,52.52,4.68,5.17,429728.8,609514.4666666667,33895099.0,35506351.0,1.55,209,-12.97,317,63.66,29,136.24,36,62.31,1.14,2026-11-05,False,https://www.tradingview.com/chart/?symbol=NASDAQ:ETON&interval=D,False,False,False,False
AMBQ,"Ambiq Micro, Inc.",NYSE,Semiconductors,69.13,61.57,64.41,4.98,5.75,699366.7,523551.8333333333,36193138.0,32234039.0,10.48,88,18.9,52,-18.09,301,186.02,17,62.28,1.27,2026-11-05,False,https://www.tradingview.com/chart/?symbol=NYSE:AMBQ&interval=D,False,False,False,True
SBET,"Sharplink, Inc.",NASDAQ,Advertising/Marketing Services,9.81,8.22,7.4,5.83,6.25,10775298.4,9788779.533333357,96027927.0,80418087.0,17.34,36,21.71,42,106.53,5,54.49,127,60.91,5.21,2026-11-12,False,https://www.tradingview.com/chart/?symbol=NASDAQ:SBET&interval=D,False,False,True,False
AYA,Aya Gold & Silver Inc.,NASDAQ,Precious Metals,28.19,27.81,25.31,4.98,6.19,1618415.1,1285439.6666666667,36236544.0,35751933.0,2.21,192,4.25,133,59.54,34,118.53,43,60.77,1.84,2026-11-17,False,https://www.tradingview.com/chart/?symbol=NASDAQ:AYA&interval=D,False,False,False,False
AMLX,"Amylyx Pharmaceuticals, Inc.",NASDAQ,Pharmaceuticals: Major,30.6,32.91,27.73,5.17,6.02,1646508.3,3015224.8666666667,92280957.0,99240599.0,-7.4,370,-20.79,398,75.19,20,127.72,39,60.7,1.72,2026-11-05,False,https://www.tradingview.com/chart/?symbol=NASDAQ:AMLX&interval=D,False,False,True,False
AEHR,Aehr Test Systems,NASDAQ,Electronic Production Equipment,97.38,97.57,94.22,7.25,9.07,2496196.0,2724432.1333333333,265305201.0,265827384.0,15.52,42,1.69,156,-5.09,215,183.74,18,60.12,0.37,2026-10-06,False,https://www.tradingview.com/chart/?symbol=NASDAQ:AEHR&interval=D,False,False,False,True
NSIT,"Insight Enterprises, Inc.",NASDAQ,Information Technology Services,158.25,155.04,144.47,4.01,3.93,480538.1,329691.06666666665,52173611.0,51113819.0,-1.54,265,8.09,102,38.61,64,129.88,38,58.86,2.43,2026-10-29,False,https://www.tradingview.com/chart/?symbol=NASDAQ:NSIT&interval=D,False,False,False,False
CVI,CVR Energy Inc.,NYSE,Oil Refining/Marketing,51.8,43.84,39.82,5.23,4.93,1340329.7,1079862.4,55936872.0,47337208.0,1.47,210,32.51,19,94.15,8,49.75,140,58.81,6.1,2026-11-02,False,https://www.tradingview.com/chart/?symbol=NYSE:CVI&interval=D,False,True,True,False
QLYS,"Qualys, Inc.",NASDAQ,Packaged Software,184.79,179.13,169.85,5.04,5.11,902596.2,689470.9666666667,127407340.0,123502406.0,2.89,179,1.43,161,60.92,31,108.5,51,56.95,1.72,2026-11-04,False,https://www.tradingview.com/chart/?symbol=NASDAQ:QLYS&interval=D,False,False,False,False
ILMN,"Illumina, Inc.",NASDAQ,Medical Specialties,255.38,216.51,207.47,4.08,4.1,5660405.6,3043120.566666667,777152130.0,658875670.0,13.76,58,18.24,57,43.28,56,107.63,53,56.38,5.64,2026-10-29,False,https://www.tradingview.com/chart/?symbol=NASDAQ:ILMN&interval=D,False,False,False,False
SMTC,Semtech Corporation,NASDAQ,Semiconductors,169.33,147.52,139.07,6.09,6.7,3778296.7,3574111.466666667,605204295.0,527248754.0,10.09,95,41.54,11,-0.1,191,127.56,40,56.34,3.25,2026-12-02,False,https://www.tradingview.com/chart/?symbol=NASDAQ:SMTC&interval=D,False,True,False,False
MRVL,"Marvell Technology, Inc.",NASDAQ,Semiconductors,260.9,231.0,218.04,4.14,5.4,18459742.2,22623237.6,5902402690.0,5226005591.0,15.07,46,13.82,72,-10.4,247,164.12,23,55.85,3.64,2026-11-26,False,https://www.tradingview.com/chart/?symbol=NASDAQ:MRVL&interval=D,False,False,False,True
HNGE,"Hinge Health, Inc.",NYSE,Packaged Software,92.28,90.71,86.89,4.33,4.49,2065307.5,1817598.9666666666,167728033.0,164868949.0,0.22,235,4.37,131,30.17,83,130.7,37,55.08,1.38,2026-11-03,False,https://www.tradingview.com/chart/?symbol=NYSE:HNGE&interval=D,False,False,False,False
SNOW,Snowflake Inc.,NYSE,Packaged Software,334.81,329.66,314.47,4.41,4.6,4175673.0,4920401.233333333,1647399537.0,1622047990.0,5.24,143,0.8,167,50.14,48,111.46,49,54.13,1.41,2026-12-02,False,https://www.tradingview.com/chart/?symbol=NYSE:SNOW&interval=D,False,False,False,False
SAIL,"SailPoint, Inc.",NASDAQ,Packaged Software,21.41,19.23,18.09,5.72,5.83,6188030.6,4392916.533333333,94052343.0,84458213.0,8.85,110,14.13,71,68.32,26,78.42,81,53.62,3.15,2026-12-15,False,https://www.tradingview.com/chart/?symbol=NASDAQ:SAIL&interval=D,False,False,False,False
OSCR,"Oscar Health, Inc.",NYSE,Managed Health Care,30.53,31.54,30.72,6.16,6.02,6405997.8,5418947.933333334,165440480.0,170933487.0,-8.87,384,-5.1,226,5.06,170,160.27,25,53.41,-0.1,2026-11-10,False,https://www.tradingview.com/chart/?symbol=NYSE:OSCR&interval=D,False,False,False,False
S,"SentinelOne, Inc.",NYSE,Packaged Software,24.1,21.67,20.85,4.28,4.71,9793438.4,8816357.833333334,212474224.0,191059291.0,4.6,152,14.43,69,60.24,32,85.24,74,53.31,3.31,2026-12-08,False,https://www.tradingview.com/chart/?symbol=NYSE:S&interval=D,False,False,False,False
CLMT,"Calumet, Inc",NASDAQ,Oil Refining/Marketing,54.38,52.26,48.36,4.51,4.64,1650236.8,1306020.1666666667,71021377.0,68256097.0,-3.8,304,13.14,75,67.32,27,76.44,85,52.3,2.68,2026-11-06,False,https://www.tradingview.com/chart/?symbol=NASDAQ:CLMT&interval=D,False,False,False,False
NET,"Cloudflare, Inc.",NYSE,Information Technology Services,352.45,307.37,296.48,4.82,4.99,3342034.2,3182680.1333333333,1121735613.0,978262514.0,8.77,111,22.08,37,59.2,35,71.93,93,51.07,3.78,2026-10-29,False,https://www.tradingview.com/chart/?symbol=NYSE:NET&interval=D,False,False,False,False
BMNR,"BitMine Immersion Technologies, Inc.",NYSE,Financial Conglomerates,27.46,23.57,21.05,5.59,6.28,46486472.1,44762172.9,1229169268.0,1055059336.0,17.1,38,16.36,60,92.7,10,43.84,150,50.97,4.84,2026-11-20,False,https://www.tradingview.com/chart/?symbol=NYSE:BMNR&interval=D,False,False,True,False
ZETA,Zeta Global Holdings Corp.,NYSE,Packaged Software,29.79,29.96,27.12,4.7,4.83,5051402.6,6387544.133333334,190284940.0,191381468.0,-2.42,284,3.69,136,57.29,41,89.75,67,50.24,2.04,2026-11-10,False,https://www.tradingview.com/chart/?symbol=NYSE:ZETA&interval=D,False,False,False,False
BB,BlackBerry Limited,NYSE,Packaged Software,8.38,8.1,8.37,4.08,4.98,13908041.9,10759728.600000007,90166526.0,87153802.0,7.57,122,5.67,120,-13.79,276,157.85,26,49.91,0.02,2026-09-24,True,https://www.tradingview.com/chart/?symbol=NYSE:BB&interval=D,False,False,False,False
ZS,"Zscaler, Inc.",NASDAQ,Packaged Software,214.45,183.12,171.59,4.37,4.49,3569813.9,3166620.966666667,679081866.0,579886409.0,12.35,71,19.14,50,69.26,25,60.29,115,49.56,5.57,2026-12-01,False,https://www.tradingview.com/chart/?symbol=NASDAQ:ZS&interval=D,False,False,False,False
APPN,Appian Corporation,NASDAQ,Packaged Software,37.96,37.86,33.81,5.11,5.52,905203.0,864602.5666666667,32820313.0,32731259.0,3.99,163,-0.89,181,85.17,14,58.86,117,47.71,2.22,2026-10-29,False,https://www.tradingview.com/chart/?symbol=NASDAQ:APPN&interval=D,False,False,True,False
BFLY,"Butterfly Network, Inc.",NYSE,Medical Specialties,9.2,8.34,8.05,6.24,7.38,6507461.9,5167515.2,47541140.0,43091909.0,20.89,25,-2.44,195,17.8,119,124.94,41,46.77,1.93,2026-10-29,False,https://www.tradingview.com/chart/?symbol=NYSE:BFLY&interval=D,False,False,False,False
STX,Seagate Technology Holdings PLC,NASDAQ,Computer Peripherals,923.86,855.72,844.77,5.2,5.79,4365545.7,3920239.533333333,3621752495.0,3354637174.0,17.72,35,12.86,77,-16.84,294,144.07,33,46.69,1.62,2026-10-28,False,https://www.tradingview.com/chart/?symbol=NASDAQ:STX&interval=D,False,False,False,False
TENB,"Tenable Holdings, Inc.",NASDAQ,Packaged Software,36.23,35.4,35.3,6.14,6.29,6483027.8,4748479.233333333,172037403.0,168083502.0,-1.71,271,5.2,125,31.22,79,103.31,58,46.58,0.42,2026-11-04,False,https://www.tradingview.com/chart/?symbol=NASDAQ:TENB&interval=D,False,False,False,False
DINO,HF Sinclair Corporation,NYSE,Oil Refining/Marketing,106.14,102.45,96.64,4.66,4.55,3403661.8,2701006.1666666665,286684795.0,276713580.0,-3.95,305,10.52,86,60.16,33,68.13,99,46.27,2.16,2026-10-28,False,https://www.tradingview.com/chart/?symbol=NYSE:DINO&interval=D,False,False,False,False
SLS,"SELLAS Life Sciences Group, Inc.",NASDAQ,Pharmaceuticals: Major,11.52,13.0,12.42,7.79,8.69,7530791.9,7360187.6,84789361.0,95710653.0,2.49,187,-25.56,425,25.08,96,138.02,35,45.85,-0.83,2026-11-18,False,https://www.tradingview.com/chart/?symbol=NASDAQ:SLS&interval=D,False,False,False,False
GH,"Guardant Health, Inc.",NASDAQ,Medical Specialties,176.31,166.4,162.04,4.62,4.57,1883239.6,1996253.8,351959507.0,332171309.0,0.75,225,7.1,113,27.9,88,102.1,59,45.7,1.93,2026-10-29,False,https://www.tradingview.com/chart/?symbol=NASDAQ:GH&interval=D,False,False,False,False
COHU,"Cohu, Inc.",NASDAQ,Semiconductors,64.48,53.99,52.6,4.95,5.9,1079938.0,1031454.5666666667,66508190.0,55688404.0,25.72,10,22.66,35,-3.6,208,117.18,45,45.41,3.83,2026-10-29,False,https://www.tradingview.com/chart/?symbol=NASDAQ:COHU&interval=D,True,False,False,False
DDOG,"Datadog, Inc.",NASDAQ,Packaged Software,251.49,232.57,242.74,4.01,4.67,3056881.4,3709724.1666666665,932958531.0,862787243.0,9.76,98,7.29,111,15.34,127,109.58,50,44.07,0.77,2026-11-05,False,https://www.tradingview.com/chart/?symbol=NASDAQ:DDOG&interval=D,False,False,False,False
BE,Bloom Energy Corporation,NYSE,Electronic Production Equipment,275.19,239.57,227.49,5.72,6.56,18505465.3,14894109.133333333,4098709892.0,3568191654.0,2.59,185,43.34,10,-20.53,319,106.93,55,43.25,3.2,2026-10-29,False,https://www.tradingview.com/chart/?symbol=NYSE:BE&interval=D,False,True,False,False
MSTR,Strategy Inc,NASDAQ,Internet Software/Services,162.2,127.42,115.09,5.02,5.71,25765895.3,27498435.966666665,4460246314.0,3503960705.0,24.75,13,33.13,16,71.3,23,24.88,198,43.1,7.17,2026-11-04,False,https://www.tradingview.com/chart/?symbol=NASDAQ:MSTR&interval=D,True,True,True,False
ECO,Okeanis Eco Tankers Corp.,NYSE,Marine Shipping,78.03,70.75,65.91,4.07,4.17,1026412.6,691038.7,53921750.0,48892600.0,-5.41,335,21.9,40,46.92,53,60.49,114,43.1,4.41,2026-11-11,False,https://www.tradingview.com/chart/?symbol=NYSE:ECO&interval=D,False,False,False,False
P,"Everpure, Inc.",NYSE,Computer Peripherals,109.73,103.81,93.85,4.53,5.4,10489102.6,5791763.6,635530220.0,601252632.0,11.97,73,2.23,148,48.08,51,78.98,80,43.1,3.13,2026-12-02,False,https://www.tradingview.com/chart/?symbol=NYSE:P&interval=D,False,False,False,False
FROG,JFrog Ltd.,NASDAQ,Packaged Software,92.33,92.17,88.77,5.48,5.81,1621289.2,1941766.0333333334,179283258.0,178966750.0,-1.25,259,1.69,157,19.49,115,107.72,52,42.96,0.69,2026-11-04,False,https://www.tradingview.com/chart/?symbol=NASDAQ:FROG&interval=D,False,False,False,False
USDE,StablecoinX Inc.,NASDAQ,Packaged Software,12.87,6.94,4.91,10.15,12.07,6091077.0,8401574.1,108128259.0,58330729.0,112.38,2,65.11,3,36.91,68,25.56,196,42.53,13.45,,False,https://www.tradingview.com/chart/?symbol=NASDAQ:USDE&interval=D,True,True,False,False
NUAI,"New Era Energy & Digital, Inc.",NASDAQ,Engineering & Construction,6.99,5.56,5.31,8.01,9.3,9192311.1,7359588.433333334,51443523.0,40905819.0,23.94,16,45.63,8,16.11,126,64.47,104,42.07,3.4,2026-12-02,False,https://www.tradingview.com/chart/?symbol=NASDAQ:NUAI&interval=D,True,True,False,False
TEM,"Tempus AI, Inc.",NASDAQ,Packaged Software,76.59,65.05,58.24,5.36,5.98,7293314.0,7652254.633333334,586086182.0,497804671.0,11.34,80,9.3,94,45.64,54,70.41,96,41.78,5.27,2026-11-10,False,https://www.tradingview.com/chart/?symbol=NASDAQ:TEM&interval=D,False,False,False,False
SWKS,"Skyworks Solutions, Inc.",NASDAQ,Semiconductors,91.45,75.37,70.52,5.82,5.03,9815343.2,7011571.766666667,641208238.0,528462164.0,2.32,190,37.29,15,24.85,99,62.98,108,41.71,5.9,2026-10-29,False,https://www.tradingview.com/chart/?symbol=NASDAQ:SWKS&interval=D,False,True,False,False
SMCI,"Super Micro Computer, Inc.",NASDAQ,Computer Processing Hardware,41.44,38.24,34.37,5.02,5.63,40089396.2,47320504.666666664,1960961713.0,1809457231.0,15.27,44,13.57,74,24.3,101,86.58,71,41.48,3.66,2026-11-03,False,https://www.tradingview.com/chart/?symbol=NASDAQ:SMCI&interval=D,False,False,False,False
MDB,"MongoDB, Inc.",NASDAQ,Packaged Software,428.36,409.32,382.62,4.47,5.13,1426877.8,1817205.1666666667,778418005.0,743823265.0,14.9,48,1.15,163,42.06,60,80.26,77,41.16,2.33,2026-12-07,False,https://www.tradingview.com/chart/?symbol=NASDAQ:MDB&interval=D,False,False,False,False
MPC,Marathon Petroleum Corporation,NYSE,Oil Refining/Marketing,388.38,381.01,352.99,4.04,3.83,3996144.5,2920385.9,1134219476.0,1112682603.0,-4.18,312,7.95,107,58.48,37,57.03,121,41.15,2.62,2026-11-03,False,https://www.tradingview.com/chart/?symbol=NYSE:MPC&interval=D,False,False,False,False
FCEL,"FuelCell Energy, Inc.",NASDAQ,Electronic Equipment/Instruments,17.18,17.99,19.07,7.07,9.49,5587684.199999996,7642568.633333328,131299329.0,137520380.0,8.73,112,-8.08,260,-21.91,327,153.39,29,41.13,-1.05,2026-12-17,False,https://www.tradingview.com/chart/?symbol=NASDAQ:FCEL&interval=D,False,False,False,False
DK,"Delek US Holdings, Inc.",NYSE,Oil Refining/Marketing,72.26,72.13,68.72,5.71,6.05,3011308.7,2168481.466666667,156694471.0,156421242.0,-5.54,342,2.79,144,64.68,28,54.85,125,40.77,0.85,2026-11-11,False,https://www.tradingview.com/chart/?symbol=NYSE:DK&interval=D,False,False,False,False
DOCU,"DocuSign, Inc.",NASDAQ,Packaged Software,69.49,64.96,60.74,4.29,4.16,3714613.5,3567861.8,247930716.0,231777817.0,-1.57,267,12.74,78,59.16,36,50.05,139,40.65,3.46,2026-12-03,False,https://www.tradingview.com/chart/?symbol=NASDAQ:DOCU&interval=D,False,False,False,False
PI,"Impinj, Inc.",NASDAQ,Semiconductors,177.2,172.17,163.09,4.26,4.56,450090.1,385080.13333333336,68236200.0,66298926.0,0.94,222,7.98,104,35.58,72,77.25,83,40.27,1.9,2026-10-28,False,https://www.tradingview.com/chart/?symbol=NASDAQ:PI&interval=D,False,False,False,False
HUT,Hut 8 Corp.,NASDAQ,Data Processing Services,102.46,88.99,93.46,7.24,7.84,5038462.800000009,4976693.966666665,509912064.0,442856919.0,15.9,41,28.87,21,-14.69,284,106.07,56,40.09,1.23,2026-11-18,False,https://www.tradingview.com/chart/?symbol=NASDAQ:HUT&interval=D,False,True,False,False
HOOD,"Robinhood Markets, Inc.",NASDAQ,Investment Banks/Brokers,122.7,108.82,103.87,5.17,5.3,24027441.4,22565877.1,2768833120.0,2455641312.0,11.27,82,14.83,67,24.2,102,79.02,79,39.35,3.42,2026-11-04,False,https://www.tradingview.com/chart/?symbol=NASDAQ:HOOD&interval=D,False,False,False,False
HTFL,"Heartflow, Inc.",NASDAQ,Packaged Software,47.39,47.02,38.7,5.41,5.37,2363045.8,2467285.9,116924679.0,116020830.0,-1.94,273,-4.74,221,36.06,71,85.84,72,39.05,4.18,2026-11-18,False,https://www.tradingview.com/chart/?symbol=NASDAQ:HTFL&interval=D,False,False,False,False
BETA,"Beta Technologies, Inc.",NYSE,Aerospace & Defense,24.34,22.44,21.38,6.4,6.65,5675766.8,3453348.3,84054498.0,77478171.0,16.07,40,-0.61,175,53.56,44,63.8,105,38.92,2.08,2026-12-03,False,https://www.tradingview.com/chart/?symbol=NYSE:BETA&interval=D,False,False,False,False
NTAP,"NetApp, Inc.",NASDAQ,Computer Peripherals,196.33,192.57,185.94,4.32,4.02,2319207.1,2445819.8333333335,480187808.0,470993563.0,3.1,175,2.82,143,24.71,100,88.8,69,38.78,1.39,2026-12-01,False,https://www.tradingview.com/chart/?symbol=NASDAQ:NTAP&interval=D,False,False,False,False
VLO,Valero Energy Corporation,NYSE,Oil Refining/Marketing,375.84,367.12,343.03,4.31,4.03,4918823.499999976,3219718.5666666715,1210099026.0,1182006982.0,-4.04,308,8.55,99,56.14,42,51.63,136,38.77,2.38,2026-10-22,False,https://www.tradingview.com/chart/?symbol=NYSE:VLO&interval=D,False,False,False,False
ANF,Abercrombie & Fitch Company,NYSE,Apparel/Footwear Retail,132.25,130.7,119.42,4.33,4.79,1339349.2,2042938.8666666667,270178665.0,267003938.0,-2.41,282,19.88,47,48.6,50,47.6,145,38.69,2.24,2026-11-24,False,https://www.tradingview.com/chart/?symbol=NYSE:ANF&interval=D,False,False,False,False
BLSH,Bullish,NYSE,Packaged Software,40.11,32.81,29.05,6.02,6.08,1913654.2,1819370.8,72974963.0,59688704.0,12.83,64,32.9,17,69.38,24,13.18,231,38.49,6.27,2026-11-25,False,https://www.tradingview.com/chart/?symbol=NYSE:BLSH&interval=D,False,True,False,False
HPQ,HP Inc.,NYSE,Information Technology Services,32.16,31.48,29.61,5.16,5.04,18499834.399999995,16408848.700000102,527708574.0,516528679.0,-4.85,326,8.87,96,39.34,63,66.72,100,38.31,1.71,2026-12-01,False,https://www.tradingview.com/chart/?symbol=NYSE:HPQ&interval=D,False,False,False,False
SHAZ,"SharonAI Holdings, Inc.",NASDAQ,Data Processing Services,57.73,59.69,58.93,7.6,9.66,1469548.1,1683996.5666666667,97217122.0,100525614.0,13.98,55,-2.12,192,-33.03,390,149.48,31,38.11,-0.21,2026-11-04,False,https://www.tradingview.com/chart/?symbol=NASDAQ:SHAZ&interval=D,False,False,False,False
PBF,PBF Energy Inc.,NYSE,Oil Refining/Marketing,70.47,73.37,69.75,6.35,6.52,5213092.4,3421541.933333333,241116060.0,251029408.0,-3.49,300,-2.68,197,76.66,18,39.89,155,37.96,0.16,2026-10-29,False,https://www.tradingview.com/chart/?symbol=NYSE:PBF&interval=D,False,False,True,False
VICR,Vicor Corporation,NASDAQ,Electronic Components,283.16,207.17,211.25,5.14,6.39,1120916.2,922714.0666666667,261275715.0,191155905.0,50.62,3,45.15,9,-15.93,291,81.89,75,37.04,5.33,2026-10-27,False,https://www.tradingview.com/chart/?symbol=NASDAQ:VICR&interval=D,True,True,False,False
TVTX,"Travere Therapeutics, Inc.",NASDAQ,Pharmaceuticals: Major,59.83,64.7,61.84,4.36,4.26,1798790.2,1415366.7333333334,84681392.0,91578474.0,-4.39,317,-9.05,272,3.42,177,116.62,46,37.0,-0.76,2026-10-22,False,https://www.tradingview.com/chart/?symbol=NASDAQ:TVTX&interval=D,False,False,False,False
FSLY,"Fastly, Inc.",NASDAQ,Information Technology Services,29.65,24.41,23.53,8.85,8.8,9759965.0,6498463.0,192679428.0,158646977.0,24.37,14,22.72,34,82.35,15,5.5,258,36.86,2.95,2026-11-04,False,https://www.tradingview.com/chart/?symbol=NASDAQ:FSLY&interval=D,True,False,True,False
ELF,"e.l.f. Beauty, Inc.",NYSE,Household/Personal Care,100.78,100.12,93.4,4.09,4.31,1472385.8,1610495.8,162305767.0,161235861.0,5.08,145,-1.39,187,57.76,39,53.37,131,36.58,1.83,2026-11-11,False,https://www.tradingview.com/chart/?symbol=NYSE:ELF&interval=D,False,False,False,False
INSP,"Inspire Medical Systems, Inc.",NYSE,Medical Specialties,69.06,65.0,60.55,5.56,5.08,1089172.9,704063.8333333334,48622648.0,45762037.0,-5.62,346,11.24,83,57.74,40,37.84,160,35.61,2.77,2026-11-09,False,https://www.tradingview.com/chart/?symbol=NYSE:INSP&interval=D,False,False,False,False
NBIS,Nebius Group N.V.,NASDAQ,Packaged Software,226.61,226.56,213.38,6.39,7.32,15823450.9,19831299.366666667,4493970749.0,4492886638.0,6.65,129,7.3,110,-16.86,295,114.13,47,34.85,0.85,2026-10-22,False,https://www.tradingview.com/chart/?symbol=NASDAQ:NBIS&interval=D,False,False,False,False
OUST,"Ouster, Inc.",NASDAQ,Semiconductors,39.38,37.79,38.33,4.8,6.48,2181187.7,2306981.8666666667,90848946.0,87172386.0,18.36,33,5.39,122,-8.88,239,107.26,54,34.59,0.42,2026-11-05,False,https://www.tradingview.com/chart/?symbol=NASDAQ:OUST&interval=D,False,False,False,False
ASAN,"Asana, Inc.",NYSE,Packaged Software,9.47,9.44,8.9,5.86,6.53,10165715.9,7062690.266666667,66883677.0,66695338.0,1.94,197,-0.42,174,47.28,52,56.79,122,34.55,0.99,2026-12-08,False,https://www.tradingview.com/chart/?symbol=NYSE:ASAN&interval=D,False,False,False,False
SPSC,"SPS Commerce, Inc.",NASDAQ,Packaged Software,81.29,80.91,75.82,4.39,4.04,620220.5,534491.0666666667,43448779.0,43245939.0,0.37,234,0.51,168,48.77,49,49.21,142,32.83,1.79,2026-10-22,False,https://www.tradingview.com/chart/?symbol=NASDAQ:SPSC&interval=D,False,False,False,False
QRVO,"Qorvo, Inc.",NASDAQ,Semiconductors,119.59,103.92,98.55,4.22,3.65,1815231.7,1236019.7333333334,147815600.0,128445317.0,1.19,218,25.77,27,21.4,109,49.38,141,32.18,5.85,2026-11-04,False,https://www.tradingview.com/chart/?symbol=NASDAQ:QRVO&interval=D,False,False,False,False
WT,"WisdomTree, Inc.",NYSE,Investment Managers,23.72,23.58,22.31,4.48,4.13,3584178.0,2704861.933333333,64159325.0,63781546.0,6.13,132,0.85,166,30.47,81,65.07,102,32.13,1.53,2026-10-23,False,https://www.tradingview.com/chart/?symbol=NYSE:WT&interval=D,False,False,False,False
RUM,RUM Group Inc.,NASDAQ,Internet Software/Services,8.27,8.51,7.53,7.23,7.8,8289064.5,5814062.933333334,48082300.0,49481552.0,-0.24,243,-8.01,257,33.82,74,70.16,97,31.99,1.25,2026-11-16,False,https://www.tradingview.com/chart/?symbol=NASDAQ:RUM&interval=D,False,False,False,False
ORKA,"Oruka Therapeutics, Inc.",NASDAQ,Pharmaceuticals: Major,89.92,98.27,96.67,5.58,5.95,1084852.2,899579.9333333333,80894726.0,88401720.0,-2.99,293,-15.76,345,8.42,162,99.74,62,30.8,-1.17,2026-11-18,False,https://www.tradingview.com/chart/?symbol=NASDAQ:ORKA&interval=D,False,False,False,False
RIOT,"Riot Platforms, Inc.",NASDAQ,Information Technology Services,24.69,20.83,20.86,5.47,6.29,16246354.2,17570597.233333334,433818046.0,366057037.0,23.45,17,23.33,33,-12.54,261,80.75,76,30.51,2.92,2026-11-10,False,https://www.tradingview.com/chart/?symbol=NASDAQ:RIOT&interval=D,True,False,False,False
VSXY,Victorias Secret & Co.,NYSE,Apparel/Footwear Retail,83.34,82.56,84.97,4.31,4.82,1925952.1,1921018.3,160097665.0,158603113.0,14.4,53,-3.35,205,3.86,174,89.97,66,30.16,-0.4,2026-12-02,False,https://www.tradingview.com/chart/?symbol=NYSE:VSXY&interval=D,False,False,False,False
BLLN,"BillionToOne, Inc.",NASDAQ,Medical/Nursing Services,114.42,98.78,109.54,5.19,5.51,675005.2,617142.1666666666,70613407.0,60958938.0,9.52,102,20.4,46,5.02,171,63.43,107,29.62,0.81,2026-12-15,False,https://www.tradingview.com/chart/?symbol=NASDAQ:BLLN&interval=D,False,False,False,False
MANE,"Veradermics, Incorporated",NYSE,Pharmaceuticals: Major,115.78,104.55,106.63,4.93,5.33,949748.8,720386.4666666667,83406345.0,75314484.0,11.48,79,15.78,63,-0.36,193,72.78,89,29.4,1.61,2026-12-02,False,https://www.tradingview.com/chart/?symbol=NYSE:MANE&interval=D,False,False,False,False
KEEL,Keel Infrastructure Corp.,NASDAQ,Data Processing Services,4.01,3.49,3.71,6.31,7.57,34632962.2,38357658.7,153814211.0,133817085.0,20.06,29,23.38,32,-36.75,403,100.5,60,29.04,1.09,2026-11-16,False,https://www.tradingview.com/chart/?symbol=NASDAQ:KEEL&interval=D,False,False,False,False
PRGO,Perrigo Company plc,NYSE,Pharmaceuticals: Major,13.84,13.92,12.77,4.09,4.09,2473772.4,2515224.1666666665,34810702.0,35012759.0,1.32,214,-2.4,194,40.37,62,48.5,144,28.82,2.06,2026-11-11,False,https://www.tradingview.com/chart/?symbol=NYSE:PRGO&interval=D,False,False,False,False
GCT,GigaCloud Technology Inc,NASDAQ,Wholesale Distributors,52.5,51.52,47.97,4.64,4.74,725538.0,588941.4,30919424.0,30341378.0,-0.74,250,5.74,119,58.47,38,21.92,206,28.71,1.99,2026-11-26,False,https://www.tradingview.com/chart/?symbol=NASDAQ:GCT&interval=D,False,False,False,False
TGTX,"TG Therapeutics, Inc.",NASDAQ,Pharmaceuticals: Major,56.0,54.18,53.53,4.03,4.36,2099988.0,1956668.0333333334,109573410.0,106019122.0,5.42,138,5.28,123,4.42,172,76.32,86,28.67,1.06,2026-11-09,False,https://www.tradingview.com/chart/?symbol=NASDAQ:TGTX&interval=D,False,False,False,False
CHYM,"Chime Financial, Inc.",NASDAQ,Packaged Software,26.46,32.18,28.99,5.54,5.91,9824835.9,8150023.666666667,215649626.0,262286778.0,-20.68,441,-19.21,383,51.89,45,52.6,133,28.43,-1.48,2026-11-11,False,https://www.tradingview.com/chart/?symbol=NASDAQ:CHYM&interval=D,False,False,False,False
DOCN,"DigitalOcean Holdings, Inc.",NYSE,Packaged Software,141.21,123.09,123.12,6.98,6.99,3322368.3,2648194.1666666665,373951498.0,325972399.0,19.63,31,22.31,36,-6.47,225,68.83,98,28.22,2.1,2026-11-09,False,https://www.tradingview.com/chart/?symbol=NYSE:DOCN&interval=D,False,False,False,False
INOD,Innodata Inc.,NASDAQ,Data Processing Services,71.99,58.81,60.11,4.89,5.8,1847519.5,1341297.0,96559971.0,78885924.0,32.14,7,14.6,68,-12.21,257,79.71,78,27.37,3.41,2026-11-05,False,https://www.tradingview.com/chart/?symbol=NASDAQ:INOD&interval=D,True,False,False,False
AMRX,"Amneal Pharmaceuticals, Inc.",NASDAQ,Pharmaceuticals: Major,19.33,17.92,17.99,4.31,4.37,3185906.3,2219472.0,42902394.0,39764060.0,16.1,39,8.53,101,11.16,151,60.95,112,26.88,1.7,2026-10-29,False,https://www.tradingview.com/chart/?symbol=NASDAQ:AMRX&interval=D,False,False,False,False
MRX,Marex Group Limited,NASDAQ,Internet Software/Services,71.59,72.59,68.96,4.65,4.64,747228.9,772740.8,55320514.0,56095830.0,4.37,153,-3.78,211,9.52,157,74.65,87,26.8,0.82,2026-11-05,False,https://www.tradingview.com/chart/?symbol=NASDAQ:MRX&interval=D,False,False,False,False
CLF,Cleveland-Cliffs Inc.,NYSE,Steel,12.87,11.95,11.64,4.06,4.68,14882463.4,14311006.466666667,184182653.0,170949743.0,8.88,109,7.97,106,21.42,108,50.18,138,26.52,2.26,2026-10-26,False,https://www.tradingview.com/chart/?symbol=NYSE:CLF&interval=D,False,False,False,False
MMED,"MiniMed Group, Inc.",NASDAQ,Medical Specialties,20.54,21.21,19.83,4.67,4.92,2725086.4,2182559.2666666666,44829767.0,46285898.0,-7.23,367,0.44,169,44.14,55,34.95,169,26.51,0.73,2026-12-30,False,https://www.tradingview.com/chart/?symbol=NASDAQ:MMED&interval=D,False,False,False,False
SANM,Sanmina Corporation,NASDAQ,Electronic Production Equipment,221.89,200.37,200.08,4.41,4.85,604998.9,593856.0666666667,131770723.0,118991732.0,13.88,56,19.68,48,-12.69,263,72.4,90,26.46,2.25,2026-11-09,False,https://www.tradingview.com/chart/?symbol=NASDAQ:SANM&interval=D,False,False,False,False
ACMR,"ACM Research, Inc.",NASDAQ,Industrial Machinery,80.67,75.08,77.8,5.19,6.43,1222417.0,986642.3000000018,79592434.0,74077926.0,22.82,19,4.43,130,-24.73,344,98.89,64,26.2,0.57,2026-11-11,False,https://www.tradingview.com/chart/?symbol=NASDAQ:ACMR&interval=D,True,False,False,False
DFTX,"Definium Therapeutics, Inc.",NASDAQ,Pharmaceuticals: Major,37.65,40.97,42.05,5.18,5.95,2849102.3999999985,2283486.3999999976,85973263.0,93565855.0,1.78,205,-15.32,337,-10.34,246,99.95,61,24.76,-1.76,2026-11-05,False,https://www.tradingview.com/chart/?symbol=NASDAQ:DFTX&interval=D,False,False,False,False
GEO,Geo Group Inc (The) REIT,NYSE,Miscellaneous Commercial Services,30.62,31.41,31.14,4.16,4.16,2443891.4,2286128.2666666666,70001248.0,71808813.0,-0.81,253,-6.65,241,3.69,175,76.79,84,24.61,-0.4,2026-11-05,False,https://www.tradingview.com/chart/?symbol=NYSE:GEO&interval=D,False,False,False,False
ERO,Ero Copper Corp.,NYSE,Other Metals/Minerals,36.48,35.88,32.76,4.15,5.43,1386777.7,1533396.7,55938312.0,55019807.0,10.38,90,-7.74,254,32.41,77,48.84,143,24.5,2.09,2026-11-10,False,https://www.tradingview.com/chart/?symbol=NYSE:ERO&interval=D,False,False,False,False
MARA,"MARA Holdings, Inc.",NASDAQ,Data Processing Services,13.35,11.2,11.25,6.14,6.7,51998329.2,50556841.4,674933833.0,566261902.0,18.04,34,19.52,49,-7.52,229,60.65,113,24.22,2.78,2026-11-11,False,https://www.tradingview.com/chart/?symbol=NASDAQ:MARA&interval=D,False,False,False,False
SYRE,"Spyre Therapeutics, Inc.",NASDAQ,Pharmaceuticals: Major,88.17,95.43,97.58,4.17,5.11,1339273.0999999996,1201304.6333333333,105919030.0,114642103.0,-3.51,301,-17.2,361,1.98,185,87.88,70,24.22,-1.89,2026-11-05,False,https://www.tradingview.com/chart/?symbol=NASDAQ:SYRE&interval=D,False,False,False,False
PGY,Pagaya Technologies Ltd.,NASDAQ,Packaged Software,18.72,21.29,20.26,6.12,6.75,2762956.0999999954,2296441.1333333333,42989378.0,48894294.0,-10.43,404,-12.48,311,22.27,105,62.64,109,24.14,-1.13,2026-11-17,False,https://www.tradingview.com/chart/?symbol=NASDAQ:PGY&interval=D,False,False,False,False
WGS,GeneDx Holdings Corp.,NASDAQ,Medical/Nursing Services,85.2,87.13,78.96,6.67,6.74,824669.0,594183.9666666667,50624474.0,51774121.0,-9.58,394,-1.29,186,34.13,73,39.4,156,24.08,1.17,2026-11-03,False,https://www.tradingview.com/chart/?symbol=NASDAQ:WGS&interval=D,False,False,False,False
PARR,"Par Pacific Holdings, Inc. Common Stock",NYSE,Oil Refining/Marketing,76.97,80.24,79.08,5.83,5.89,1111011.1000000013,940142.3333333338,72362755.0,75438274.0,-5.6,345,-0.82,180,50.74,47,22.17,205,24.03,-0.45,2026-11-09,False,https://www.tradingview.com/chart/?symbol=NYSE:PARR&interval=D,False,False,False,False
SMCIP,"Super Micro Computer, Inc. - Depositary Shares Each Representing a 1/20th Interest in a Share of 7% Series A Mandatory Convertible Preferred Stock",NASDAQ,Computer Processing Hardware,69.34,64.52,58.93,4.04,4.7,656992.3,691842.2,47972338.0,44636736.0,13.49,59,11.62,82,23.36,104,36.63,161,23.87,3.76,2026-11-03,False,https://www.tradingview.com/chart/?symbol=NASDAQ:SMCIP&interval=D,False,False,False,False
HIVE,HIVE Digital Technologies Ltd,NASDAQ,Information Technology Services,3.37,2.99,2.96,5.31,6.15,12644801.499999994,20638181.7,69550672.0,61697844.0,15.41,43,12.71,79,-18.99,309,77.37,82,23.7,2.26,2026-11-16,False,https://www.tradingview.com/chart/?symbol=NASDAQ:HIVE&interval=D,False,False,False,False
BRKR,Bruker Corporation,NASDAQ,Medical Specialties,59.67,58.05,58.27,4.48,4.76,2572292.0,2097504.566666667,125158097.0,121761538.0,5.35,139,1.12,164,-1.01,199,70.58,95,23.56,0.5,2026-10-29,False,https://www.tradingview.com/chart/?symbol=NASDAQ:BRKR&interval=D,False,False,False,False
VSAT,"ViaSat, Inc.",NASDAQ,Telecommunications Equipment,73.68,74.3,75.14,5.36,5.54,1879931.3,1710764.7333333334,126049146.0,127110105.0,2.56,186,-0.66,176,16.66,125,54.5,126,23.5,-0.35,2026-11-11,False,https://www.tradingview.com/chart/?symbol=NASDAQ:VSAT&interval=D,False,False,False,False
UMAC,"Unusual Machines, Inc.",AMEX,Electronic Equipment/Instruments,22.69,25.15,23.65,7.01,8.71,2400333.7,3845883.4,87263094.0,96725249.0,-1.56,266,-14.7,330,13.28,137,71.37,94,23.32,-0.47,2026-11-12,False,https://www.tradingview.com/chart/?symbol=AMEX:UMAC&interval=D,False,False,False,False
SITM,SiTime Corporation,NASDAQ,Semiconductors,608.91,610.79,598.16,5.41,6.47,571231.4,418365.6,254746997.0,255534292.0,8.67,113,1.48,160,-17.41,297,85.55,73,23.21,0.28,2026-11-04,False,https://www.tradingview.com/chart/?symbol=NASDAQ:SITM&interval=D,False,False,False,False
CXW,"CoreCivic, Inc.",NYSE,Miscellaneous Commercial Services,32.28,33.64,32.7,4.88,4.82,2237557.8,1878398.8333333333,60634714.0,63191215.0,-7.8,371,-5.09,225,8.58,161,66.13,101,23.21,-0.27,2026-11-09,False,https://www.tradingview.com/chart/?symbol=NYSE:CXW&interval=D,False,False,False,False
AUGO,Aura Minerals Inc.,NASDAQ,Other Metals/Minerals,85.34,84.97,74.49,4.74,5.65,1304243.3000000012,1059497.633333332,90417528.0,90026750.0,-2.13,279,-3.68,210,42.92,57,28.5,190,22.58,2.58,2026-11-05,False,https://www.tradingview.com/chart/?symbol=NASDAQ:AUGO&interval=D,False,False,False,False
CLSK,"CleanSpark, Inc.",NASDAQ,Data Processing Services,14.46,12.7,13.09,6.3,6.69,18798226.8,18774053.666666668,271472816.0,238436740.0,12.62,65,22.03,39,-13.62,273,59.25,116,22.55,1.56,2026-12-16,False,https://www.tradingview.com/chart/?symbol=NASDAQ:CLSK&interval=D,False,False,False,False
EAT,"Brinker International, Inc.",NYSE,Restaurants,210.8,225.95,217.46,4.31,4.65,2026789.1,1315906.4666666666,277393083.0,297333014.0,2.9,177,-15.3,336,25.13,95,56.15,123,21.99,-0.66,2026-11-04,False,https://www.tradingview.com/chart/?symbol=NYSE:EAT&interval=D,False,False,False,False
QCOM,QUALCOMM Incorporated,NASDAQ,Semiconductors,197.24,172.46,169.29,4.63,4.39,17089395.8,12607425.033333333,2486688514.0,2174301736.0,4.27,158,23.74,30,-10.11,245,51.85,135,21.83,3.76,2026-11-11,False,https://www.tradingview.com/chart/?symbol=NASDAQ:QCOM&interval=D,False,False,False,False
FDS,FactSet Research Systems Inc.,NYSE,Financial Publishing/Services,279.43,289.43,280.17,4.02,4.19,871182.8,861523.9333333333,240735633.0,249354892.0,1.82,202,-6.81,243,29.18,85,42.45,152,21.61,-0.06,2026-09-30,False,https://www.tradingview.com/chart/?symbol=NYSE:FDS&interval=D,False,False,False,False
DUOL,"Duolingo, Inc.",NASDAQ,Packaged Software,145.98,146.07,140.29,4.9,5.11,1127071.7,1177374.5,171873130.0,171983803.0,-2.9,292,0.4,170,11.03,152,50.81,137,20.74,0.79,2026-11-11,False,https://www.tradingview.com/chart/?symbol=NASDAQ:DUOL&interval=D,False,False,False,False
WIX,Wix.com Ltd.,NASDAQ,Packaged Software,76.8,80.24,70.89,6.5,6.62,1078848.2,1541467.6333333333,118384714.0,123688391.0,-5.22,333,-6.19,235,81.6,16,-13.18,329,20.74,1.26,2026-11-05,False,https://www.tradingview.com/chart/?symbol=NASDAQ:WIX&interval=D,False,False,True,False
NWL,Newell Brands Inc.,NASDAQ,Industrial Machinery,5.68,5.94,5.78,4.59,4.88,5973816.4,6429474.733333333,36519416.0,38199653.0,-0.35,245,-5.8,231,2.53,183,63.69,106,20.14,-0.35,2026-10-23,False,https://www.tradingview.com/chart/?symbol=NASDAQ:NWL&interval=D,False,False,False,False
CRDO,Credo Technology Group Holding Ltd,NASDAQ,Information Technology Services,193.87,204.66,210.51,4.16,6.94,8832757.2,7613645.7,1476057492.0,1558183350.0,26.63,9,-12.98,318,-32.81,387,104.07,57,19.43,-1.14,2026-12-02,False,https://www.tradingview.com/chart/?symbol=NASDAQ:CRDO&interval=D,True,False,False,False
AI,"C3.ai, Inc.",NYSE,Packaged Software,10.86,10.42,9.93,4.47,4.49,4776323.0,5135634.166666667,55772987.0,53492765.0,1.02,220,6.47,114,18.04,118,33.25,176,19.26,2.08,2026-12-09,False,https://www.tradingview.com/chart/?symbol=NYSE:AI&interval=D,False,False,False,False
BULL,Webull Corporation,NASDAQ,Packaged Software,7.65,8.71,8.21,6.46,6.69,14728930.7,17531832.0,134118515.0,152766540.0,-10.11,400,-10.84,296,12.67,141,54.86,124,18.89,-1.03,2026-11-19,False,https://www.tradingview.com/chart/?symbol=NASDAQ:BULL&interval=D,False,False,False,False
VKTX,"Viking Therapeutics, Inc.",NASDAQ,Pharmaceuticals: Major,41.65,33.35,33.91,4.76,5.94,7672969.9,3766303.3666666667,156866535.0,125597429.0,38.74,6,23.41,31,9.61,156,22.54,204,18.52,3.85,2026-10-28,False,https://www.tradingview.com/chart/?symbol=NASDAQ:VKTX&interval=D,True,False,False,False
AUR,"Aurora Innovation, Inc.",NASDAQ,Packaged Software,6.32,6.26,6.33,5.24,5.7,35658360.5,32509166.666666668,205457933.0,203545311.0,-2.77,290,2.1,151,0.64,188,52.56,134,18.43,-0.02,2026-11-04,False,https://www.tradingview.com/chart/?symbol=NASDAQ:AUR&interval=D,False,False,False,False
CNXC,Concentrix Corporation,NASDAQ,Information Technology Services,30.21,27.93,26.69,6.13,6.4,1927972.4,1492531.3,45089371.0,41686399.0,5.01,147,18.29,56,25.25,94,11.23,239,18.25,2.06,2026-09-29,False,https://www.tradingview.com/chart/?symbol=NASDAQ:CNXC&interval=D,False,False,False,False
SG,"Sweetgreen, Inc.",NYSE,Restaurants,7.71,6.77,6.53,5.46,5.66,5395119.5,5025800.7,38748923.0,34041423.0,12.55,67,10.94,85,-13.57,272,57.35,120,18.24,3.18,2026-11-05,False,https://www.tradingview.com/chart/?symbol=NYSE:SG&interval=D,False,False,False,False
SIG,Signet Jewelers Limited,NYSE,Specialty Stores,100.12,90.36,91.64,4.32,4.23,1177951.5,995956.7,99715185.0,89993983.0,-1.71,270,22.07,38,17.04,122,15.08,226,18.06,2.19,2026-12-08,False,https://www.tradingview.com/chart/?symbol=NYSE:SIG&interval=D,False,False,False,False
NCNO,"nCino, Inc.",NASDAQ,Packaged Software,19.23,21.36,20.11,4.32,4.69,2421858.2,2648690.533333333,50934319.0,56583976.0,-10.89,409,-7.59,253,32.9,75,28.76,189,18.02,-0.93,2026-12-02,False,https://www.tradingview.com/chart/?symbol=NASDAQ:NCNO&interval=D,False,False,False,False
SNAP,Snap Inc.,NYSE,Packaged Software,5.3,5.48,5.23,5.11,5.5,35468830.4,35676342.9,189084617.0,195399330.0,-9.4,392,1.73,155,17.78,120,34.52,171,18.01,0.24,2026-10-15,False,https://www.tradingview.com/chart/?symbol=NYSE:SNAP&interval=D,False,False,False,False
COIN,"Coinbase Global, Inc.",NASDAQ,Investment Banks/Brokers,198.13,176.67,169.11,5.04,6.03,11911300.1,10573220.6,2094872197.0,1867932115.0,14.86,49,4.97,129,31.06,80,17.9,220,17.98,2.84,2026-10-29,False,https://www.tradingview.com/chart/?symbol=NASDAQ:COIN&interval=D,False,False,False,False
CCC,CCC Intelligent Solutions Holdings Inc.,NASDAQ,Packaged Software,6.67,7.05,6.72,4.74,4.59,14801303.3,11092741.666666666,73944216.0,78161676.0,2.71,183,-10.04,286,50.81,46,12.98,233,17.92,-0.17,2026-10-29,False,https://www.tradingview.com/chart/?symbol=NASDAQ:CCC&interval=D,False,False,False,False
CLS,"Celestica, Inc.",NYSE,Electronic Components,362.86,320.26,323.69,4.67,5.23,2031065.4,2255706.0,818505479.0,722412404.0,13.32,61,21.51,44,-3.02,206,34.06,173,17.52,2.32,2026-10-26,False,https://www.tradingview.com/chart/?symbol=NYSE:CLS&interval=D,False,False,False,False
CBRL,"Cracker Barrel Old Country Store, Inc.",NASDAQ,Restaurants,47.52,52.94,53.77,4.87,5.17,1301678.2,939755.5666666667,44657185.0,49747684.0,5.27,142,-17.36,364,-2.4,202,72.3,92,17.51,-2.25,2026-11-27,False,https://www.tradingview.com/chart/?symbol=NASDAQ:CBRL&interval=D,False,False,False,False
LITE,Lumentum Holdings Inc.,NASDAQ,Electrical Products,937.0,904.3,850.82,6.03,6.84,4814481.9,4681593.233333333,4386652860.0,4233557739.0,9.46,105,13.77,73,5.61,169,32.64,180,17.34,1.48,2026-11-10,False,https://www.tradingview.com/chart/?symbol=NASDAQ:LITE&interval=D,False,False,False,False
VSH,"Vishay Intertechnology, Inc.",NYSE,Electronic Production Equipment,32.6,31.93,33.57,4.28,5.54,2910615.0,3510005.4,114426176.0,112088512.0,1.31,215,5.4,121,-44.16,426,89.2,68,16.82,-0.52,2026-11-11,False,https://www.tradingview.com/chart/?symbol=NYSE:VSH&interval=D,False,False,False,False
IOT,Samsara Inc.,NYSE,Packaged Software,39.08,39.69,38.68,5.77,5.58,6216359.0,6727128.7,262896190.0,267008708.0,-4.17,311,-0.81,179,26.8,92,24.3,199,16.76,0.19,2026-11-26,False,https://www.tradingview.com/chart/?symbol=NYSE:IOT&interval=D,False,False,False,False
FLEX,Flex Ltd.,NASDAQ,Electronic Production Equipment,112.3,112.76,115.66,4.17,4.8,3666517.6000000015,3123392.1999999913,350756944.0,352204116.0,1.4,213,3.65,137,-29.2,365,74.46,88,16.3,-0.6,2026-11-04,False,https://www.tradingview.com/chart/?symbol=NASDAQ:FLEX&interval=D,False,False,False,False
ARXS,"Arxis, Inc.",NASDAQ,Aerospace & Defense,51.16,53.03,51.31,4.69,4.84,995998.4,694433.1333333333,35527199.0,36824632.0,2.34,189,-3.78,212,16.7,124,34.63,170,15.85,-0.06,2026-12-02,False,https://www.tradingview.com/chart/?symbol=NASDAQ:ARXS&interval=D,False,False,False,False
MNDY,monday.com Ltd.,NASDAQ,Packaged Software,86.46,90.96,88.11,5.84,6.2,1226865.9,1199824.4666666666,103736823.0,109132034.0,-6.29,353,-5.26,227,25.05,97,27.62,192,15.8,-0.3,2026-11-16,False,https://www.tradingview.com/chart/?symbol=NASDAQ:MNDY&interval=D,False,False,False,False
SHOP,Shopify Inc.,NASDAQ,Miscellaneous Commercial Services,142.34,142.59,137.18,4.63,5.07,12420240.7,8938142.833333334,1272255251.0,1274525539.0,9.79,97,-4.15,217,25.52,93,25.4,197,15.59,0.74,2026-10-22,False,https://www.tradingview.com/chart/?symbol=NASDAQ:SHOP&interval=D,False,False,False,False
IT,"Gartner, Inc.",NYSE,Internet Software/Services,178.52,187.39,175.36,4.51,4.72,1170298.2,1203218.6,214798584.0,225467925.0,-7.36,369,-9.09,273,38.27,66,16.0,224,15.06,0.38,2026-11-03,False,https://www.tradingview.com/chart/?symbol=NYSE:IT&interval=D,False,False,False,False
W,Wayfair Inc.,NYSE,Specialty Stores,99.54,101.74,98.63,4.39,5.04,2503314.7,2346345.2,233555201.0,238726546.0,-5.43,336,-0.97,183,6.59,167,38.98,158,14.86,0.18,2026-10-29,False,https://www.tradingview.com/chart/?symbol=NYSE:W&interval=D,False,False,False,False
BHVN,Biohaven Ltd.,NYSE,Pharmaceuticals: Major,13.67,14.36,14.34,7.27,8.17,3842810.9,3419851.3333333335,46749368.0,49093106.0,10.78,86,-2.01,190,-8.26,234,54.46,128,14.73,-0.57,2026-11-17,False,https://www.tradingview.com/chart/?symbol=NYSE:BHVN&interval=D,False,False,False,False
WDC,Western Digital Corporation,NASDAQ,Computer Peripherals,473.69,459.45,475.41,5.06,6.11,7414619.6,6692919.299999995,3170368943.0,3075077389.0,12.4,69,6.13,117,-35.02,398,72.31,91,14.47,-0.06,2026-10-22,False,https://www.tradingview.com/chart/?symbol=NASDAQ:WDC&interval=D,False,False,False,False
IBRX,"ImmunityBio, Inc.",NASDAQ,Pharmaceuticals: Major,8.63,8.09,7.8,6.01,6.17,13280722.7,9481470.633333333,81825092.0,76667172.0,6.08,133,12.37,80,12.08,145,17.1,222,13.85,1.73,2026-11-05,False,https://www.tradingview.com/chart/?symbol=NASDAQ:IBRX&interval=D,False,False,False,False
GDDY,GoDaddy Inc.,NYSE,Data Processing Services,96.38,98.17,96.08,4.74,4.94,2663343.5,2100067.8,202404535.0,206165756.0,-4.71,324,-0.75,178,20.51,112,19.15,218,12.97,0.06,2026-10-29,False,https://www.tradingview.com/chart/?symbol=NYSE:GDDY&interval=D,False,False,False,False
FORM,"FormFactor, Inc.",NASDAQ,Semiconductors,131.26,113.18,111.3,4.28,5.7,1205543.4,1121163.1333333333,147163873.0,126890067.0,25.01,12,18.65,54,-13.07,269,33.25,177,12.94,3.15,2026-11-04,False,https://www.tradingview.com/chart/?symbol=NASDAQ:FORM&interval=D,True,False,False,False
PTRN,Pattern Group Inc. - Series A,NASDAQ,Advertising/Marketing Services,19.36,20.53,22.05,4.4,5.16,1899611.3,1566840.8666666667,30334039.0,32168810.0,-0.41,246,-7.59,252,-11.15,254,57.53,119,12.93,-2.36,2026-11-11,False,https://www.tradingview.com/chart/?symbol=NASDAQ:PTRN&interval=D,False,False,False,False
ETSY,"Etsy, Inc.",NYSE,Internet Retail,73.7,78.06,80.14,4.15,4.21,3429947.0,3061007.3666666667,225596243.0,238950398.0,-0.42,247,-8.8,269,-6.45,224,53.77,129,12.84,-1.91,2026-11-04,False,https://www.tradingview.com/chart/?symbol=NYSE:ETSY&interval=D,False,False,False,False
GKOS,Glaukos Corporation,NYSE,Medical Specialties,153.49,176.72,171.29,4.64,4.47,878755.3,718989.1,110357637.0,127057836.0,-10.77,408,-16.64,354,9.95,155,43.8,151,12.37,-2.32,2026-11-04,False,https://www.tradingview.com/chart/?symbol=NYSE:GKOS&interval=D,False,False,False,False
JHX,James Hardie Industries plc.,NYSE,Construction Materials,26.85,29.02,28.27,4.02,3.82,18571622.9,10403546.133333333,279335214.0,301893570.0,0.04,237,-11.97,304,3.55,176,44.82,147,12.13,-1.31,2026-11-09,False,https://www.tradingview.com/chart/?symbol=NYSE:JHX&interval=D,False,False,False,False
BRZE,"Braze, Inc.",NASDAQ,Internet Software/Services,25.87,28.9,27.49,5.19,5.88,2330876.1,2885235.466666667,74641042.0,83372726.0,3.98,164,-15.73,343,36.16,69,14.62,228,11.68,-1.0,2026-12-15,False,https://www.tradingview.com/chart/?symbol=NASDAQ:BRZE&interval=D,False,False,False,False
ACHC,"Acadia Healthcare Company, Inc.",NASDAQ,Medical/Nursing Services,28.51,28.66,30.07,4.46,4.89,1525661.2,1552189.0666666667,44252910.0,44490913.0,3.75,168,2.19,149,12.38,143,19.74,215,11.43,-1.06,2026-11-04,False,https://www.tradingview.com/chart/?symbol=NASDAQ:ACHC&interval=D,False,False,False,False
AFRM,"Affirm Holdings, Inc.",NASDAQ,Finance/Rental/Leasing,68.09,73.61,74.16,4.42,5.3,4263086.5,5141649.466666667,350094912.0,378482816.0,-6.04,351,-11.64,302,-12.85,267,58.39,118,11.3,-1.54,2026-11-11,False,https://www.tradingview.com/chart/?symbol=NASDAQ:AFRM&interval=D,False,False,False,False
PAY,"Paymentus Holdings, Inc.",NYSE,Miscellaneous Commercial Services,29.95,37.09,35.92,5.36,6.05,1168932.2,1130529.4666666666,33859358.0,41936991.0,-16.41,435,-25.31,423,38.34,65,20.43,212,11.15,-2.75,2026-11-09,False,https://www.tradingview.com/chart/?symbol=NYSE:PAY&interval=D,False,False,False,False
IREN,IREN Limited,NASDAQ,Data Processing Services,47.05,42.81,40.86,5.72,6.4,36064782.6,42765843.233333334,2012132924.0,1830784366.0,10.84,84,15.18,65,-9.9,244,27.18,194,10.82,2.37,2026-12-01,False,https://www.tradingview.com/chart/?symbol=NASDAQ:IREN&interval=D,False,False,False,False
INFQ,"Infleqtion, Inc.",NYSE,Computer Processing Hardware,13.83,13.15,11.96,5.95,6.84,9098000.7,9530111.633333333,131801444.0,125286024.0,9.07,106,1.54,159,-2.4,201,32.98,178,10.71,2.29,2026-12-02,False,https://www.tradingview.com/chart/?symbol=NYSE:INFQ&interval=D,False,False,False,False
CDE,"Coeur Mining, Inc.",NYSE,Precious Metals,19.32,20.33,18.5,4.48,5.52,35090695.2,36054511.5,696573162.0,732928128.0,-4.97,330,-9.13,276,20.83,110,19.74,214,10.48,0.81,2026-11-11,False,https://www.tradingview.com/chart/?symbol=NYSE:CDE&interval=D,False,False,False,False
BTBT,"Bit Digital, Inc.",NASDAQ,Miscellaneous Commercial Services,1.77,1.56,1.5,6.73,7.22,28767280.3,32726792.8,57926423.0,51081069.0,20.0,30,14.19,70,-11.06,253,27.34,193,10.16,2.5,2026-11-12,False,https://www.tradingview.com/chart/?symbol=NASDAQ:BTBT&interval=D,False,False,False,False
GLXY,Galaxy Digital Inc.,NASDAQ,Investment Banks/Brokers,25.79,23.87,23.05,6.25,6.92,5182374.5,5640761.566666666,145475241.0,134646859.0,14.47,52,9.93,90,-16.13,292,36.46,162,10.09,1.72,2026-10-27,False,https://www.tradingview.com/chart/?symbol=NASDAQ:GLXY&interval=D,False,False,False,False
PATH,"UiPath, Inc.",NYSE,Packaged Software,13.04,15.57,14.44,6.53,6.53,53289812.8,63270213.56666667,825043585.0,984990685.0,-6.52,355,-19.9,389,28.98,86,19.63,216,9.57,-1.48,2026-12-09,False,https://www.tradingview.com/chart/?symbol=NYSE:PATH&interval=D,False,False,False,False
WAY,Waystar Holding Corp.,NASDAQ,Packaged Software,24.76,25.11,24.19,4.29,4.6,2492537.5,2228702.3666666667,55182671.0,55953802.0,-5.75,348,-2.86,198,30.45,82,0.98,270,9.52,0.51,2026-11-11,False,https://www.tradingview.com/chart/?symbol=NASDAQ:WAY&interval=D,False,False,False,False
AXTI,AXT Inc,NASDAQ,Electronic Production Equipment,72.98,68.79,64.32,7.46,9.46,9083071.7,9287700.8,677816404.0,638900938.0,22.68,20,9.53,93,-0.81,195,19.25,217,9.32,1.42,2026-10-29,False,https://www.tradingview.com/chart/?symbol=NASDAQ:AXTI&interval=D,True,False,False,False
WOLF,"Wolfspeed, Inc.",NYSE,Semiconductors,27.14,27.3,27.29,6.52,8.24,2392748.2000001147,3182618.700000022,86376272.0,86888673.0,9.92,96,8.56,98,-45.1,427,64.48,103,9.32,-0.06,2026-10-28,False,https://www.tradingview.com/chart/?symbol=NYSE:WOLF&interval=D,False,False,False,False
SEI,"Solaris Energy Infrastructure, Inc.",NYSE,Oilfield Services/Equipment,67.43,59.77,58.65,5.14,6.33,2928494.8,2690302.6333333333,181407107.0,160803872.0,6.66,128,27.23,23,-13.63,274,12.95,234,8.85,2.36,2026-11-02,False,https://www.tradingview.com/chart/?symbol=NYSE:SEI&interval=D,False,True,False,False
AMBA,"Ambarella, Inc.",NASDAQ,Semiconductors,67.62,70.01,71.75,6.32,6.31,1673095.0,1609541.6333333333,108837205.0,112677035.0,3.67,169,-6.97,244,2.97,180,30.41,184,8.8,-0.91,2026-12-01,False,https://www.tradingview.com/chart/?symbol=NASDAQ:AMBA&interval=D,False,False,False,False
GENI,Genius Sports Limited,NYSE,Internet Software/Services,6.12,7.25,7.19,6.27,7.09,7554957.2,5611485.9,34342294.0,40696366.0,-6.71,358,-23.69,412,9.29,159,40.69,154,8.76,-2.09,2026-11-11,False,https://www.tradingview.com/chart/?symbol=NYSE:GENI&interval=D,False,False,False,False
GWRE,"Guidewire Software, Inc.",NYSE,Information Technology Services,152.89,171.3,164.26,4.48,5.51,1405212.0,1460252.3,223257974.0,250135865.0,4.3,156,-18.6,380,41.56,61,2.48,265,8.48,-1.26,2026-12-03,False,https://www.tradingview.com/chart/?symbol=NYSE:GWRE&interval=D,False,False,False,False
FIGR,"Figure Technology Solutions, Inc.",NASDAQ,Finance/Rental/Leasing,34.66,35.68,32.78,7.35,7.39,4638466.4,4984483.366666666,172762193.0,177823106.0,2.73,182,-10.6,294,24.95,98,10.68,243,8.34,0.78,2026-11-12,False,https://www.tradingview.com/chart/?symbol=NASDAQ:FIGR&interval=D,False,False,False,False
RDW,Redwire Corporation,NYSE,Aerospace & Defense,11.27,11.45,10.8,5.96,6.63,13930193.5,12790472.266666668,144148622.0,146510596.0,4.93,149,-4.09,216,-0.27,192,28.95,188,8.2,0.65,2026-11-11,False,https://www.tradingview.com/chart/?symbol=NYSE:RDW&interval=D,False,False,False,False
CRCL,"Circle Internet Group, Inc.",NYSE,Packaged Software,91.72,87.89,78.48,6.75,7.36,16883067.0,15672806.233333332,1437509788.0,1377493388.0,7.01,127,1.99,153,28.64,87,-6.16,299,8.16,2.29,2026-11-18,False,https://www.tradingview.com/chart/?symbol=NYSE:CRCL&interval=D,False,False,False,False
TARS,"Tarsus Pharmaceuticals, Inc.",NASDAQ,Pharmaceuticals: Major,74.29,76.11,69.88,4.53,4.2,560662.2,725857.4666666667,53923951.0,55242229.0,-5.22,332,1.93,154,11.35,150,10.86,241,8.05,1.5,2026-11-10,False,https://www.tradingview.com/chart/?symbol=NASDAQ:TARS&interval=D,False,False,False,False
AXGN,"Axogen, Inc.",NASDAQ,Medical Specialties,43.32,47.51,45.47,5.24,5.42,1749474.3,1129326.4333333333,48922421.0,53653734.0,-3.45,299,-14.86,333,1.83,186,36.36,164,7.78,-0.87,2026-11-10,False,https://www.tradingview.com/chart/?symbol=NASDAQ:AXGN&interval=D,False,False,False,False
BTDR,Bitdeer Technologies Group,NASDAQ,Data Processing Services,12.31,11.08,11.03,6.39,7.63,9832450.5,12631007.466666667,155487702.0,139922090.0,12.83,63,7.23,112,-30.88,377,46.37,146,7.57,1.52,2026-11-16,False,https://www.tradingview.com/chart/?symbol=NASDAQ:BTDR&interval=D,False,False,False,False
RBLX,Roblox Corporation,NYSE,Packaged Software,48.99,42.57,43.6,4.39,4.82,10247454.2,10359679.533333333,507520700.0,441056450.0,-2.24,280,27.05,25,2.62,182,-7.9,306,7.26,2.57,2026-11-11,False,https://www.tradingview.com/chart/?symbol=NYSE:RBLX&interval=D,False,False,False,False
DIOD,Diodes Incorporated,NASDAQ,Semiconductors,95.51,93.28,91.96,4.2,5.06,584123.2,662988.6,63322041.0,61840814.0,4.25,159,3.57,139,-18.58,305,36.44,163,7.14,0.76,2026-11-05,False,https://www.tradingview.com/chart/?symbol=NASDAQ:DIOD&interval=D,False,False,False,False
ARQT,"Arcutis Biotherapeutics, Inc.",NASDAQ,Pharmaceuticals: Major,26.38,25.04,25.91,5.04,5.06,4670573.7,2763724.0,72907039.0,69210558.0,11.64,78,6.37,115,-3.76,209,18.67,219,7.09,0.36,2026-10-29,False,https://www.tradingview.com/chart/?symbol=NASDAQ:ARQT&interval=D,False,False,False,False
TSEM,Tower Semiconductor Ltd.,NASDAQ,Semiconductors,230.5,221.88,226.22,4.29,5.85,2416698.6,1700949.9333333333,392068960.0,377404220.0,14.65,51,5.01,127,-20.09,317,36.15,165,7.02,0.32,2026-11-16,False,https://www.tradingview.com/chart/?symbol=NASDAQ:TSEM&interval=D,False,False,False,False
ONTO,Onto Innovation Inc.,NYSE,Electronic Equipment/Instruments,282.31,283.22,281.03,4.14,5.87,970931.4,945649.7666666667,266966386.0,267831025.0,11.86,75,-0.89,182,-17.54,300,39.29,157,6.95,0.08,2026-10-29,False,https://www.tradingview.com/chart/?symbol=NYSE:ONTO&interval=D,False,False,False,False
VOYG,"Voyager Technologies, Inc.",NYSE,Information Technology Services,31.4,36.32,33.65,7.28,8.55,2731912.9,1755549.4333333333,55124252.0,63758630.0,-8.85,383,-17.11,359,2.31,184,35.17,168,6.79,-0.78,2026-11-09,False,https://www.tradingview.com/chart/?symbol=NYSE:VOYG&interval=D,False,False,False,False
IONQ,"IonQ, Inc.",NYSE,Computer Processing Hardware,42.54,40.74,39.31,5.4,6.31,22989989.2,20350291.866666667,865701416.0,828982706.0,15.04,47,-1.82,188,-22.12,330,43.96,148,6.67,1.3,2026-11-11,False,https://www.tradingview.com/chart/?symbol=NYSE:IONQ&interval=D,False,False,False,False
KSS,Kohl's Corporation,NYSE,Department Stores,17.04,17.97,18.25,4.95,5.74,3743077.8,4416870.433333334,75263472.0,79382940.0,3.84,165,-3.89,214,-10.6,250,33.86,174,6.46,-1.15,2026-11-12,False,https://www.tradingview.com/chart/?symbol=NYSE:KSS&interval=D,False,False,False,False
SGRY,"Surgery Partners, Inc.",NASDAQ,Hospital/Nursing Management,14.56,14.19,14.79,5.42,5.77,3070530.9,2750085.7,40041248.0,39012716.0,6.2,131,0.07,171,-4.71,213,22.77,203,6.04,-0.27,2026-11-10,False,https://www.tradingview.com/chart/?symbol=NASDAQ:SGRY&interval=D,False,False,False,False
CCXI,Churchill Capital Corp. XI Class A,NASDAQ,Financial Conglomerates,12.72,13.89,14.31,5.52,6.62,2500128.0,2327599.6666666665,29607068.0,32328032.0,3.84,166,-9.85,284,1.68,187,25.82,195,5.88,-1.68,,False,https://www.tradingview.com/chart/?symbol=NASDAQ:CCXI&interval=D,False,False,False,False
RDDT,"Reddit, Inc.",NYSE,Internet Software/Services,151.98,155.49,161.13,4.67,5.42,5479805.0,6588018.6,1001247067.0,1024388580.0,-5.38,334,1.31,162,-5.22,216,21.55,208,5.88,-1.05,2026-11-04,False,https://www.tradingview.com/chart/?symbol=NYSE:RDDT&interval=D,False,False,False,False
SEZL,Sezzle Inc.,NASDAQ,Packaged Software,106.89,119.62,136.09,4.69,6.17,514837.5,499719.1666666667,53414982.0,59774908.0,-10.2,401,-10.04,285,-33.72,394,61.12,110,5.79,-3.48,2026-11-05,False,https://www.tradingview.com/chart/?symbol=NASDAQ:SEZL&interval=D,False,False,False,False
FPS,"Forgent Power Solutions, Inc.",NYSE,Electrical Products,39.88,33.8,35.18,5.59,6.44,15122324.2,8391643.9,334658759.0,283665536.0,20.34,27,21.14,45,-36.7,402,32.71,179,5.72,2.07,2026-12-02,False,https://www.tradingview.com/chart/?symbol=NYSE:FPS&interval=D,False,False,False,False
VCYT,"Veracyte, Inc.",NASDAQ,Medical Specialties,43.82,42.43,46.73,4.76,4.92,1487336.9,1354929.3,59373002.0,57484908.0,8.57,114,4.33,132,-23.07,336,35.29,167,5.52,-1.27,2026-11-10,False,https://www.tradingview.com/chart/?symbol=NASDAQ:VCYT&interval=D,False,False,False,False
HUBS,"HubSpot, Inc.",NYSE,Packaged Software,226.03,236.19,231.41,5.55,6.27,2222671.4,1683009.6666666667,380410675.0,397517907.0,-5.56,343,-5.65,230,27.48,90,-5.61,293,5.41,-0.37,2026-11-11,False,https://www.tradingview.com/chart/?symbol=NYSE:HUBS&interval=D,False,False,False,False
HL,Hecla Mining Company,NYSE,Precious Metals,18.27,19.62,17.92,4.48,5.7,43284055.0,37461464.7,684420960.0,735056373.0,-4.3,315,-12.88,314,21.88,107,6.84,255,5.28,0.34,2026-11-11,False,https://www.tradingview.com/chart/?symbol=NYSE:HL&interval=D,False,False,False,False
CIFR,Cipher Digital Inc.,NASDAQ,Data Processing Services,18.35,16.77,18.24,7.86,8.78,38820205.6,35723584.666666664,655527779.0,599084515.0,15.26,45,18.39,55,-33.3,392,30.7,183,5.26,0.07,2026-11-11,False,https://www.tradingview.com/chart/?symbol=NASDAQ:CIFR&interval=D,False,False,False,False
OLLI,"Ollie's Bargain Outlet Holdings, Inc.",NASDAQ,Department Stores,82.61,75.67,74.03,4.05,4.17,1818913.1,1798741.8333333333,148594063.0,136108096.0,11.7,76,8.54,100,12.67,140,-8.6,308,4.2,2.78,2026-12-09,False,https://www.tradingview.com/chart/?symbol=NASDAQ:OLLI&interval=D,False,False,False,False
HRI,Herc Holdings Inc.,NYSE,Finance/Rental/Leasing,137.23,150.73,153.47,4.98,5.34,1166943.1,670758.6333333333,92048207.0,101104567.0,-1.99,274,-15.64,342,-5.41,218,33.31,175,4.09,-1.98,2026-10-15,False,https://www.tradingview.com/chart/?symbol=NYSE:HRI&interval=D,False,False,False,False
POET,POET Technologies Inc.,NASDAQ,Electrical Products,7.8,8.02,7.9,5.18,6.51,8041458.7,8977044.6333333,70020948.0,71962982.0,4.98,148,-2.5,196,-29.73,368,43.91,149,3.89,-0.19,2026-11-12,False,https://www.tradingview.com/chart/?symbol=NASDAQ:POET&interval=D,False,False,False,False
ACHR,Archer Aviation Inc.,NYSE,Aerospace & Defense,5.71,5.85,5.56,4.47,5.37,26069991.5,28048323.3,160155926.0,164129439.0,4.01,162,-8.05,259,11.96,146,7.74,252,3.88,0.52,2026-11-05,False,https://www.tradingview.com/chart/?symbol=NYSE:ACHR&interval=D,False,False,False,False
MOS,Mosaic Company (The),NYSE,Chemicals: Agricultural,24.38,24.19,23.58,4.25,4.42,8275084.3,8189897.933333334,199628762.0,198150486.0,-4.04,307,-1.0,184,15.14,129,-2.5,285,3.88,0.76,2026-11-10,False,https://www.tradingview.com/chart/?symbol=NYSE:MOS&interval=D,False,False,False,False
FIVE,"Five Below, Inc.",NASDAQ,Discount Stores,227.41,243.43,231.65,5.02,4.49,1228362.5,1219098.9666666666,277235296.0,296760588.0,-4.67,322,-9.12,275,19.85,113,0.76,272,3.83,-0.41,2026-12-02,False,https://www.tradingview.com/chart/?symbol=NASDAQ:FIVE&interval=D,False,False,False,False
PSKY,Paramount Skydance Corporation,NASDAQ,Cable/Satellite TV,9.96,10.51,9.74,5.49,5.44,31531619.6,17555706.166666668,174854833.0,184425619.0,-8.62,381,-3.39,206,2.68,181,12.16,236,3.82,0.42,2026-11-16,False,https://www.tradingview.com/chart/?symbol=NASDAQ:PSKY&interval=D,False,False,False,False
ATI,ATI Inc.,NYSE,Other Metals/Minerals,184.18,205.77,203.0,4.33,4.49,1785702.7,1823807.6666666667,335908896.0,375284296.0,-2.36,281,-10.99,298,-8.16,233,29.8,186,3.55,-2.07,2026-11-03,False,https://www.tradingview.com/chart/?symbol=NYSE:ATI&interval=D,False,False,False,False
HIMS,"Hims & Hers Health, Inc.",NYSE,Medical/Nursing Services,28.39,29.16,29.88,4.92,6.25,9663394.6,10885704.1,309045139.0,317405360.0,2.27,191,-12.48,312,-15.03,286,37.95,159,3.48,-0.8,2026-11-09,False,https://www.tradingview.com/chart/?symbol=NYSE:HIMS&interval=D,False,False,False,False
NAVN,"Navan, Inc.",NASDAQ,Packaged Software,19.66,26.14,26.28,6.0,7.23,6924141.0,3924943.433333333,77164388.0,102592788.0,-12.62,422,-32.79,440,-10.6,249,53.59,130,3.4,-3.48,2026-12-15,False,https://www.tradingview.com/chart/?symbol=NASDAQ:NAVN&interval=D,False,False,False,False
KOS,Kosmos Energy Ltd.,NYSE,Integrated Oil,2.65,2.8,2.67,5.17,5.73,13816113.4,12068674.566666666,31981988.0,33808380.0,-11.07,414,-8.62,266,27.4,91,-9.25,313,3.18,-0.11,2026-11-09,False,https://www.tradingview.com/chart/?symbol=NYSE:KOS&interval=D,False,False,False,False
RMBS,"Rambus, Inc.",NASDAQ,Semiconductors,103.47,90.34,93.09,4.02,5.16,3471208.1,2452341.1,253743734.0,221536321.0,22.57,21,16.05,62,-21.64,325,14.88,227,3.1,2.16,2026-11-02,False,https://www.tradingview.com/chart/?symbol=NASDAQ:RMBS&interval=D,True,False,False,False
PEGA,Pegasystems Inc.,NASDAQ,Information Technology Services,35.18,35.15,33.35,4.01,4.11,2448823.7,2175705.9,76541334.0,76478963.0,-4.08,310,5.17,126,18.75,116,-14.82,334,3.03,1.34,2026-10-28,False,https://www.tradingview.com/chart/?symbol=NASDAQ:PEGA&interval=D,False,False,False,False
SYNA,Synaptics Incorporated,NASDAQ,Semiconductors,98.1,97.99,103.09,4.42,4.67,604640.8,668366.0333333333,65566708.0,65490960.0,-0.76,251,1.64,158,-28.41,359,35.53,166,2.92,-1.04,2026-11-05,False,https://www.tradingview.com/chart/?symbol=NASDAQ:SYNA&interval=D,False,False,False,False
RXO,"RXO, Inc.",NYSE,Packaged Software,19.88,21.0,22.27,4.95,5.55,1925837.1,1614520.8666666667,32096675.0,33903324.0,3.22,174,-12.46,310,-21.87,326,42.41,153,2.69,-1.94,2026-11-05,False,https://www.tradingview.com/chart/?symbol=NYSE:RXO&interval=D,False,False,False,False
PTEN,"Patterson-UTI Energy, Inc.",NASDAQ,Oil & Gas Production,11.07,12.12,11.3,4.17,4.6,8802991.5,7994065.033333333,88494300.0,96866751.0,-11.72,418,-8.74,268,18.14,117,-1.6,283,2.6,-0.44,2026-10-28,False,https://www.tradingview.com/chart/?symbol=NASDAQ:PTEN&interval=D,False,False,False,False
TTMI,"TTM Technologies, Inc.",NASDAQ,Electronic Components,125.82,121.75,124.88,5.12,6.29,1862097.6,2166539.9,272594050.0,263770455.0,9.48,103,17.75,58,-41.96,418,31.93,181,2.58,0.12,2026-11-04,False,https://www.tradingview.com/chart/?symbol=NASDAQ:TTMI&interval=D,False,False,False,False
GOLD,"Gold.com, Inc.",NYSE,Investment Banks/Brokers,43.48,45.45,43.65,5.63,5.44,697429.4,674689.7666666667,29335511.0,30663525.0,-8.46,380,-6.72,242,4.17,173,10.24,245,2.57,-0.07,2026-11-10,False,https://www.tradingview.com/chart/?symbol=NYSE:GOLD&interval=D,False,False,False,False
EXK,Endeavour Silver Corporation,NYSE,Precious Metals,9.26,10.52,9.62,5.31,6.83,7902596.1,8844811.233333332,81902952.0,93041518.0,-6.09,352,-15.59,341,14.46,131,8.81,247,2.56,-0.55,2026-11-10,False,https://www.tradingview.com/chart/?symbol=NYSE:EXK&interval=D,False,False,False,False
AKAM,"Akamai Technologies, Inc.",NASDAQ,Data Processing Services,118.44,110.87,113.56,4.51,4.66,3749917.1,3221360.6,381537949.0,357158692.0,12.39,70,7.67,109,-2.57,203,2.33,266,2.48,0.92,2026-11-10,False,https://www.tradingview.com/chart/?symbol=NASDAQ:AKAM&interval=D,False,False,False,False
BSP,Bending Spoons S.p.A.,NASDAQ,Packaged Software,34.64,40.34,39.14,6.84,8.08,2710719.4,1853974.9666666666,64221693.0,74785024.0,-13.78,428,-16.31,350,11.74,148,11.74,238,2.39,-1.42,2026-12-02,False,https://www.tradingview.com/chart/?symbol=NASDAQ:BSP&interval=D,False,False,False,False
PBLS,"Parabilis Medicines, Inc.",NASDAQ,Pharmaceuticals: Major,33.31,38.45,36.07,8.9,9.06,1680939.5,821510.8666666667,27364527.0,31589010.0,-7.96,373,-15.5,340,21.93,106,-0.12,277,2.1,-0.85,2026-12-02,False,https://www.tradingview.com/chart/?symbol=NASDAQ:PBLS&interval=D,False,False,False,False
CECO,CECO Environmental Corp.,NASDAQ,Industrial Machinery,74.98,73.56,73.4,5.12,5.51,835477.5,759074.9666666667,56919236.0,55841223.0,9.47,104,4.98,128,-22.42,333,23.51,200,2.02,0.39,2026-11-09,False,https://www.tradingview.com/chart/?symbol=NASDAQ:CECO&interval=D,False,False,False,False
M,Macy's Inc,NYSE,Department Stores,22.24,22.5,23.34,4.27,3.99,7866503.7,6355322.366666666,141342369.0,143001109.0,0.5,230,-3.3,204,-12.75,265,21.8,207,1.91,-1.18,2026-11-12,False,https://www.tradingview.com/chart/?symbol=NYSE:M&interval=D,False,False,False,False
SHLS,"Shoals Technologies Group, Inc.",NASDAQ,Semiconductors,7.73,7.4,8.19,6.08,6.61,4659193.9,4672747.666666667,36120339.0,34594687.0,7.81,120,9.8,91,-25.6,347,21.35,209,1.85,-0.86,2026-11-10,False,https://www.tradingview.com/chart/?symbol=NASDAQ:SHLS&interval=D,False,False,False,False
COHR,Coherent Corp.,NYSE,Semiconductors,300.6,296.94,296.56,6.0,7.19,7218183.1,6938868.466666667,2085823861.0,2060399847.0,7.14,124,9.19,95,-27.6,356,23.29,201,1.63,0.19,2026-11-11,False,https://www.tradingview.com/chart/?symbol=NYSE:COHR&interval=D,False,False,False,False
SPCX,Space Exploration Technologies Corp,NASDAQ,Specialty Telecommunications,148.36,145.08,135.32,4.67,4.86,106786339.5,91899356.86666666,13634188585.0,13332391097.0,2.4,188,10.42,88,-5.28,217,-1.09,282,1.35,1.98,2026-11-05,False,https://www.tradingview.com/chart/?symbol=NASDAQ:SPCX&interval=D,False,False,False,False
PCOR,"Procore Technologies, Inc.",NYSE,Packaged Software,51.06,57.81,54.72,4.06,4.53,2345815.4,2685675.566666667,137130594.0,155258905.0,-1.6,268,-19.14,382,31.8,78,-8.95,310,1.24,-1.48,2026-11-04,False,https://www.tradingview.com/chart/?symbol=NYSE:PCOR&interval=D,False,False,False,False
AG,First Majestic Silver Corp.,NYSE,Precious Metals,19.05,20.11,18.72,4.5,5.64,9517701.9,9655213.266666668,183931813.0,194188868.0,-0.05,241,-10.56,293,14.41,132,-0.63,280,1.08,0.32,2026-11-11,False,https://www.tradingview.com/chart/?symbol=NYSE:AG&interval=D,False,False,False,False
WYFI,"WhiteFiber, Inc.",NASDAQ,Data Processing Services,19.05,20.75,22.58,6.25,9.13,1243260.2,2501352.2,47650759.0,51907227.0,10.37,91,-4.8,222,-53.06,436,61.03,111,1.06,-1.71,2026-11-12,False,https://www.tradingview.com/chart/?symbol=NASDAQ:WYFI&interval=D,False,False,False,False
SRPT,"Sarepta Therapeutics, Inc.",NASDAQ,Pharmaceuticals: Major,18.95,20.16,18.64,6.76,7.08,2783189.3,3012801.433333333,57092587.0,60745107.0,-8.37,379,2.27,146,13.27,138,-12.55,325,0.99,0.24,2026-11-04,False,https://www.tradingview.com/chart/?symbol=NASDAQ:SRPT&interval=D,False,False,False,False
OWL,Blue Owl Capital Inc.,NYSE,Investment Managers,9.6,11.23,10.86,4.13,4.21,16003491.3,17853203.0,171390749.0,200414106.0,-7.07,364,-17.31,363,11.63,149,8.47,248,0.93,-2.77,2026-10-29,False,https://www.tradingview.com/chart/?symbol=NYSE:OWL&interval=D,False,False,False,False
KVYO,"Klaviyo, Inc. Series A",NYSE,Packaged Software,16.78,17.81,17.79,5.37,6.1,7178825.4,6285080.4,105463649.0,111920522.0,1.27,216,-8.46,262,20.72,111,-9.74,316,0.84,-0.93,2026-11-11,False,https://www.tradingview.com/chart/?symbol=NYSE:KVYO&interval=D,False,False,False,False
KD,"Kyndryl Holdings, Inc.",NYSE,Data Processing Services,12.11,12.87,12.93,4.61,4.96,3780315.8,3708261.7333333334,44907050.0,47737689.0,-6.92,361,-3.89,213,10.09,154,-3.97,289,0.75,-1.28,2026-11-10,False,https://www.tradingview.com/chart/?symbol=NYSE:KD&interval=D,False,False,False,False
SPHR,Sphere Entertainment Co.,NYSE,Media Conglomerates,135.89,150.22,148.74,4.05,4.79,532898.1,639146.4666666667,86853613.0,96012795.0,-6.94,362,-14.34,327,-12.67,262,28.98,187,0.66,-1.8,2026-11-10,False,https://www.tradingview.com/chart/?symbol=NYSE:SPHR&interval=D,False,False,False,False
UCTT,"Ultra Clean Holdings, Inc.",NASDAQ,Industrial Machinery,77.29,74.12,79.91,4.6,6.43,771350.3,899244.0,69502569.0,66649567.0,14.84,50,3.55,140,-33.63,393,31.76,182,0.56,-0.51,2026-10-28,False,https://www.tradingview.com/chart/?symbol=NASDAQ:UCTT&interval=D,False,False,False,False
ATRO,Astronics Corporation,NASDAQ,Aerospace & Defense,69.14,76.04,74.07,4.52,5.19,830565.5999999996,732716.9666666663,50660051.0,55717874.0,3.58,171,-9.77,281,-19.31,312,29.96,185,0.29,-1.28,2026-11-11,False,https://www.tradingview.com/chart/?symbol=NASDAQ:ATRO&interval=D,False,False,False,False
FIG,FIGMA INC,NYSE,Packaged Software,21.76,25.05,24.58,5.64,6.67,14493091.6,14880461.833333334,323798849.0,372745649.0,-7.23,366,-19.32,384,19.49,114,0.69,274,0.29,-1.72,2026-11-11,False,https://www.tradingview.com/chart/?symbol=NYSE:FIG&interval=D,False,False,False,False
RELY,"Remitly Global, Inc.",NASDAQ,Miscellaneous Commercial Services,20.19,24.45,24.19,5.31,5.49,4983791.0,3895528.6333333333,78650723.0,95252817.0,-7.81,372,-24.04,414,-5.79,220,28.03,191,-0.6,-3.01,2026-11-04,False,https://www.tradingview.com/chart/?symbol=NASDAQ:RELY&interval=D,False,False,False,False
CRML,Critical Metals Corp.,NASDAQ,Precious Metals,7.72,7.06,6.77,6.83,9.62,13745444.7,9714706.833333334,74997537.0,68540495.0,12.45,68,11.08,84,-18.31,302,5.32,259,-0.64,1.46,2027-03-03,False,https://www.tradingview.com/chart/?symbol=NASDAQ:CRML&interval=D,False,False,False,False
STEP,StepStone Group Inc.,NASDAQ,Investment Managers,45.03,49.33,47.57,4.73,4.87,1235683.1,1046714.5333333333,47133555.0,51637219.0,-9.51,393,-9.38,278,9.16,160,-2.07,284,-0.76,-1.09,2026-11-05,False,https://www.tradingview.com/chart/?symbol=NASDAQ:STEP&interval=D,False,False,False,False
VG,"Venture Global, Inc.",NYSE,Oil & Gas Pipelines,13.27,14.37,14.01,4.78,5.26,16778565.6,14457267.4,191847938.0,207750933.0,-11.53,416,-6.15,234,27.6,89,-23.8,375,-0.79,-1.0,2026-11-16,False,https://www.tradingview.com/chart/?symbol=NYSE:VG&interval=D,False,False,False,False
CART,Maplebear Inc.,NASDAQ,Air Freight/Couriers,42.96,48.81,47.64,4.23,4.32,4760316.4,4045262.433333333,173784474.0,197438472.0,-5.87,350,-13.8,324,-8.82,238,20.1,213,-0.84,-2.27,2026-11-17,False,https://www.tradingview.com/chart/?symbol=NASDAQ:CART&interval=D,False,False,False,False
RYAN,"Ryan Specialty Holdings, Inc.",NYSE,Insurance Brokers/Services,36.17,41.34,41.96,4.49,4.59,2572071.1,1774974.9666666666,64200845.0,73378648.0,-6.46,354,-16.97,358,3.08,179,10.27,244,-1.2,-3.01,2026-10-29,False,https://www.tradingview.com/chart/?symbol=NYSE:RYAN&interval=D,False,False,False,False
CRWV,"CoreWeave, Inc.",NASDAQ,Packaged Software,86.9,89.41,85.21,5.58,6.45,35013643.8,30032717.7,2609843168.0,2685235300.0,3.76,167,2.04,152,-17.46,298,10.83,242,-1.53,0.31,2026-11-16,False,https://www.tradingview.com/chart/?symbol=NASDAQ:CRWV&interval=D,False,False,False,False
MBLY,Mobileye Global Inc.,NASDAQ,Packaged Software,7.61,8.45,8.47,4.44,4.66,6200811.5,4369930.633333334,33255172.0,36906977.0,-4.64,321,-14.78,332,-3.06,207,12.08,237,-1.92,-2.18,2026-10-22,False,https://www.tradingview.com/chart/?symbol=NASDAQ:MBLY&interval=D,False,False,False,False
ORCL,Oracle Corporation,NYSE,Packaged Software,144.57,148.86,141.85,4.56,4.88,38574551.7,28410585.766666666,4107318384.0,4229285029.0,3.24,173,-0.38,173,-8.12,232,2.58,264,-1.97,0.39,2026-12-14,False,https://www.tradingview.com/chart/?symbol=NYSE:ORCL&interval=D,False,False,False,False
FRPT,"Freshpet, Inc.",NASDAQ,Food: Specialty/Candy,59.21,68.77,65.8,4.08,4.13,1155333.4,1105175.5666666667,65437445.0,76003292.0,-4.27,314,-20.02,392,12.57,142,0.73,273,-2.24,-2.43,2026-11-09,False,https://www.tradingview.com/chart/?symbol=NASDAQ:FRPT&interval=D,False,False,False,False
CVNA,Carvana Co.,NYSE,Specialty Stores,63.96,70.83,69.12,4.64,5.06,7501477.6,7565786.633333334,483907713.0,535899799.0,-5.45,337,-8.63,267,-5.83,221,7.05,253,-2.47,-1.47,2026-10-29,False,https://www.tradingview.com/chart/?symbol=NYSE:CVNA&interval=D,False,False,False,False
GRML,Greenland Mines Ltd,NASDAQ,Miscellaneous Commercial Services,11.19,6.71,7.98,14.45,21.12,37705478.2,13046018.616,145984948.0,87508344.0,258.65,1,18.66,53,-2.7,205,-23.93,376,-2.65,1.91,,False,https://www.tradingview.com/chart/?symbol=NASDAQ:GRML&interval=D,True,False,False,False
EXPE,"Expedia Group, Inc.",NASDAQ,Other Consumer Services,259.04,304.85,298.18,4.94,5.09,2690964.6,1955583.1333333333,506574255.0,596157889.0,-10.76,407,-19.94,390,-0.46,194,11.03,240,-3.13,-2.58,2026-10-29,False,https://www.tradingview.com/chart/?symbol=NASDAQ:EXPE&interval=D,False,False,False,False
GLW,Corning Incorporated,NYSE,Electronic Components,154.44,154.37,153.21,4.43,5.57,8837937.7,9030967.6,1394742636.0,1394119499.0,4.9,150,5.88,118,-29.33,366,14.05,230,-3.13,0.14,2026-11-03,False,https://www.tradingview.com/chart/?symbol=NYSE:GLW&interval=D,False,False,False,False
TMDX,"TransMedics Group, Inc.",NASDAQ,Medical Specialties,87.0,88.36,84.01,4.81,4.75,827946.7,701500.2666666667,61030523.0,61981524.0,-1.33,260,-7.52,251,12.08,144,-14.45,332,-3.29,0.75,2026-11-04,False,https://www.tradingview.com/chart/?symbol=NASDAQ:TMDX&interval=D,False,False,False,False
ASO,"Academy Sports and Outdoors, Inc.",NASDAQ,Specialty Stores,48.31,47.34,47.77,4.57,4.39,2304533.2,2170551.9,104859362.0,102762247.0,-4.7,323,5.25,124,-5.5,219,-9.7,315,-3.32,0.26,2026-12-03,False,https://www.tradingview.com/chart/?symbol=NASDAQ:ASO&interval=D,False,False,False,False
INSM,Insmed Incorporated,NASDAQ,Pharmaceuticals: Major,118.34,124.6,118.79,4.27,4.27,2187868.5,1936832.3,229204734.0,241334469.0,-1.38,262,-5.35,228,14.89,130,-20.03,354,-3.5,-0.09,2026-10-22,False,https://www.tradingview.com/chart/?symbol=NASDAQ:INSM&interval=D,False,False,False,False
AVAV,"AeroVironment, Inc.",NASDAQ,Aerospace & Defense,155.94,158.1,158.27,5.94,5.93,2826808.2,1926655.1666666667,300442607.0,304608998.0,0.61,229,-2.3,193,10.52,153,-18.84,345,-3.54,-0.25,2026-12-08,False,https://www.tradingview.com/chart/?symbol=NASDAQ:AVAV&interval=D,False,False,False,False
NVTS,Navitas Semiconductor Corporation,NASDAQ,Semiconductors,11.84,12.14,12.06,4.91,6.83,11408898.4,12196414.733333332,144405550.0,148036017.0,7.64,121,-5.96,232,-39.28,410,34.09,172,-3.72,-0.27,2026-11-09,False,https://www.tradingview.com/chart/?symbol=NASDAQ:NVTS&interval=D,False,False,False,False
NG,Novagold Resources Inc.,AMEX,Precious Metals,7.26,8.06,7.31,5.23,6.47,6963285.7,5680114.266666667,41237630.0,45770361.0,-2.02,275,-18.34,375,13.97,134,-6.8,301,-3.72,-0.1,2026-10-06,False,https://www.tradingview.com/chart/?symbol=AMEX:NG&interval=D,False,False,False,False
VRDN,"Viridian Therapeutics, Inc.",NASDAQ,Pharmaceuticals: Major,21.43,22.89,21.77,4.18,4.15,1914482.9,1484808.7,31819450.0,33991726.0,-2.1,277,-11.99,306,23.8,103,-23.08,373,-3.76,-0.38,2026-11-16,False,https://www.tradingview.com/chart/?symbol=NASDAQ:VRDN&interval=D,False,False,False,False
MMYT,MakeMyTrip Limited,NASDAQ,Internet Software/Services,46.79,55.08,55.64,4.49,4.65,853270.2,583762.1666666666,27314232.0,32153815.0,-2.03,276,-21.85,404,-8.54,237,17.5,221,-4.3,-3.42,2026-11-03,False,https://www.tradingview.com/chart/?symbol=NASDAQ:MMYT&interval=D,False,False,False,False
RKLB,Rocket Lab Corporation,NASDAQ,Aerospace & Defense,70.31,68.78,69.41,4.73,5.52,20831497.0,17916282.7,1259693837.0,1232198315.0,10.43,89,-1.26,185,-18.35,303,6.51,257,-4.37,0.24,2026-11-16,False,https://www.tradingview.com/chart/?symbol=NASDAQ:RKLB&interval=D,False,False,False,False
BRUN,Boost Run Inc.,NASDAQ,Packaged Software,16.51,18.12,19.26,7.96,10.16,2469975.3,2550086.3,42101925.0,46202039.0,20.16,28,-11.33,300,-55.26,439,52.87,132,-4.57,-1.41,2026-12-02,False,https://www.tradingview.com/chart/?symbol=NASDAQ:BRUN&interval=D,False,False,False,False
HCC,"Warrior Met Coal, Inc.",NYSE,Coal,90.24,100.12,93.35,4.43,4.74,769169.4,604369.4333333333,54538298.0,60510273.0,-3.09,294,-15.84,346,7.38,166,-5.71,294,-4.72,-0.7,2026-11-04,False,https://www.tradingview.com/chart/?symbol=NYSE:HCC&interval=D,False,False,False,False
VAL,Valaris Limited,NYSE,Contract Drilling,82.57,85.67,82.65,4.29,4.21,1441371.7,1217255.9,100508820.0,104285559.0,-5.53,341,-5.06,224,9.38,158,-18.66,343,-4.78,-0.02,2026-11-03,False,https://www.tradingview.com/chart/?symbol=NYSE:VAL&interval=D,False,False,False,False
HLNE,Hamilton Lane Incorporated,NASDAQ,Investment Managers,85.7,99.71,96.18,4.56,4.62,654316.7,579317.5333333333,49647513.0,57762979.0,-7.99,374,-18.54,378,15.16,128,-11.01,321,-4.8,-2.36,2026-11-10,False,https://www.tradingview.com/chart/?symbol=NASDAQ:HLNE&interval=D,False,False,False,False
COMP,"Compass, Inc.",NYSE,Real Estate Development,9.16,11.12,11.43,5.34,6.11,17148538.3,12348268.8,113110142.0,137333330.0,-12.76,423,-21.24,400,-14.63,283,21.16,210,-4.9,-3.25,2026-11-11,False,https://www.tradingview.com/chart/?symbol=NYSE:COMP&interval=D,False,False,False,False
RGTI,"Rigetti Computing, Inc.",NASDAQ,Computer Processing Hardware,16.0,16.26,15.97,5.34,6.24,16456693.3,16855001.133333333,269764293.0,274079173.0,5.3,140,-8.52,263,-19.93,315,12.32,235,-5.38,0.03,2026-11-16,False,https://www.tradingview.com/chart/?symbol=NASDAQ:RGTI&interval=D,False,False,False,False
CORZ,"Core Scientific, Inc.",NASDAQ,Packaged Software,18.1,17.96,19.42,5.34,6.25,11241065.1,11316620.833333334,204830837.0,203299321.0,10.5,87,3.61,138,-35.86,399,16.03,223,-5.41,-1.09,2026-11-11,False,https://www.tradingview.com/chart/?symbol=NASDAQ:CORZ&interval=D,False,False,False,False
ON,ON Semiconductor Corporation,NASDAQ,Semiconductors,74.1,74.18,78.33,4.51,4.83,13346193.8,9431755.633333333,698893092.0,699691648.0,-0.31,244,0.88,165,-38.76,409,20.7,211,-5.72,-1.12,2026-11-02,False,https://www.tradingview.com/chart/?symbol=NASDAQ:ON&interval=D,False,False,False,False
GLOB,Globant S.A.,NYSE,Information Technology Services,34.45,38.42,37.01,4.72,5.57,1051253.0,1482908.5333333334,51086199.0,56974829.0,-12.36,420,-12.96,316,17.64,121,-22.37,367,-5.9,-1.24,2026-11-12,False,https://www.tradingview.com/chart/?symbol=NYSE:GLOB&interval=D,False,False,False,False
DPC,DPC Holdings PLC,NYSE,Electrical Products,41.93,43.85,45.77,6.71,7.07,1079642.9,1085987.9666666666,45535475.0,47618762.0,4.1,161,-8.55,265,-4.7,212,-4.7,291,-5.99,-1.19,2026-12-02,False,https://www.tradingview.com/chart/?symbol=NYSE:DPC&interval=D,False,False,False,False
RIG,Transocean Ltd (Switzerland),NYSE,Contract Drilling,5.47,5.76,5.55,4.42,4.38,46936062.4,42566488.6,232838693.0,244998520.0,-6.81,359,-6.01,233,8.32,164,-20.26,356,-5.99,-0.32,2026-11-04,False,https://www.tradingview.com/chart/?symbol=NYSE:RIG&interval=D,False,False,False,False
ASND,Ascendis Pharma A/S,NASDAQ,Pharmaceuticals: Major,223.13,252.7,252.77,4.46,4.48,1080686.4,727022.1333333333,162220449.0,183717887.0,-6.91,360,-12.96,315,-6.27,223,1.11,269,-6.04,-2.61,2026-11-11,False,https://www.tradingview.com/chart/?symbol=NASDAQ:ASND&interval=D,False,False,False,False
CPRI,Capri Holdings Limited,NYSE,Apparel/Footwear Retail,15.43,14.01,14.79,5.05,5.03,7881448.2,5553753.233333333,85694412.0,77819190.0,7.98,119,11.97,81,-19.09,311,-11.63,322,-6.25,0.86,2026-11-05,False,https://www.tradingview.com/chart/?symbol=NYSE:CPRI&interval=D,False,False,False,False
STRL,"Sterling Infrastructure, Inc.",NASDAQ,Engineering & Construction,512.0,505.67,544.78,4.05,5.46,590040.5,566515.2666666667,290055817.0,286468642.0,8.45,115,0.02,172,-42.34,419,23.1,202,-6.41,-1.1,2026-11-09,False,https://www.tradingview.com/chart/?symbol=NASDAQ:STRL&interval=D,False,False,False,False
WRBY,Warby Parker Inc.,NYSE,Specialty Stores,23.35,24.94,25.49,5.59,5.93,3149251.9,2543737.8666666667,59396279.0,63439127.0,-5.0,331,-14.41,328,-14.26,281,8.05,250,-6.87,-1.42,2026-11-05,False,https://www.tradingview.com/chart/?symbol=NYSE:WRBY&interval=D,False,False,False,False
MRCY,Mercury Systems Inc,NASDAQ,Aerospace & Defense,82.72,90.26,95.05,4.37,4.91,715245.0,819515.8333333334,67790350.0,73973324.0,-5.48,338,-8.96,271,-22.11,329,10.1,246,-6.99,-2.64,2026-11-10,False,https://www.tradingview.com/chart/?symbol=NASDAQ:MRCY&interval=D,False,False,False,False
BTU,Peabody Energy Corporation,NYSE,Coal,26.41,27.35,25.58,4.9,4.97,3077314.3,2456054.2,64864391.0,67175538.0,-1.53,264,-5.0,223,13.45,136,-30.88,395,-7.48,0.66,2026-10-29,False,https://www.tradingview.com/chart/?symbol=NYSE:BTU&interval=D,False,False,False,False
MIAX,"Miami International Holdings, Inc.",NYSE,Investment Banks/Brokers,35.89,41.53,42.53,4.57,4.86,1856439.2,1465821.3,52608326.0,60873604.0,-8.93,385,-15.75,344,-1.94,200,-5.78,295,-7.82,-3.22,2026-11-11,False,https://www.tradingview.com/chart/?symbol=NYSE:MIAX&interval=D,False,False,False,False
PINS,"Pinterest, Inc.",NYSE,Internet Software/Services,18.46,21.16,22.12,4.64,4.71,17375205.6,13040805.8,240733275.0,275960838.0,-0.97,255,-20.53,395,-6.86,227,3.77,261,-7.88,-3.51,2026-11-04,False,https://www.tradingview.com/chart/?symbol=NYSE:PINS&interval=D,False,False,False,False
CBRS,Cerebras Systems Inc.,NASDAQ,Packaged Software,205.24,200.61,201.74,5.42,6.72,5340365.9,7658576.266666667,1571846193.0,1536418896.0,10.94,83,7.76,108,8.3,165,-41.36,424,-8.43,0.26,2026-12-02,False,https://www.tradingview.com/chart/?symbol=NASDAQ:CBRS&interval=D,False,False,False,False
VIAV,Viavi Solutions Inc.,NASDAQ,Information Technology Services,36.43,37.71,38.05,5.12,6.14,5626150.199999998,4627948.733333325,168596172.0,174512233.0,5.29,141,-3.5,207,-28.61,363,6.65,256,-8.49,-0.69,2026-10-29,False,https://www.tradingview.com/chart/?symbol=NASDAQ:VIAV&interval=D,False,False,False,False
COCO,"The Vita Coco Company, Inc.",NASDAQ,Food: Specialty/Candy,57.98,59.39,62.92,4.31,4.6,1879453.3,1270665.9333333333,73673211.0,75464214.0,3.55,172,-9.29,277,-30.06,370,13.11,232,-8.75,-1.71,2026-11-04,False,https://www.tradingview.com/chart/?symbol=NASDAQ:COCO&interval=D,False,False,False,False
PRMB,Primo Brands Corporation,NYSE,Beverages: Non-Alcoholic,19.75,22.21,22.78,4.02,4.06,4246792.2,4321480.566666666,85349241.0,95968559.0,-5.59,344,-14.76,331,-20.07,316,8.4,249,-8.81,-3.28,2026-11-05,False,https://www.tradingview.com/chart/?symbol=NYSE:PRMB&interval=D,False,False,False,False
AXON,"Axon Enterprise, Inc.",NASDAQ,Aerospace & Defense,450.61,541.12,542.54,4.46,5.72,1213970.2,908563.2,409407664.0,491640810.0,2.1,194,-27.57,431,-0.86,196,1.26,268,-9.06,-2.96,2026-11-10,False,https://www.tradingview.com/chart/?symbol=NASDAQ:AXON&interval=D,False,False,False,False
QBTS,D-Wave Quantum Inc.,NASDAQ,Computer Processing Hardware,16.81,18.01,18.21,5.33,6.77,15964308.6,15702472.233333332,263958558.0,282859101.0,2.0,195,-14.89,334,-28.47,360,15.85,225,-9.17,-1.14,2026-11-05,False,https://www.tradingview.com/chart/?symbol=NASDAQ:QBTS&interval=D,False,False,False,False
APLD,Applied Digital Corporation,NASDAQ,Data Processing Services,27.23,27.25,27.66,5.2,6.49,16231845.4,15869341.633333344,432122173.0,432455429.0,12.85,62,2.18,150,-37.47,405,6.99,254,-9.43,-0.24,2026-10-14,False,https://www.tradingview.com/chart/?symbol=NASDAQ:APLD&interval=D,False,False,False,False
ALGM,"Allegro MicroSystems, Inc.",NASDAQ,Semiconductors,35.11,36.91,40.13,4.04,5.3,2429162.3,2178851.466666667,76499475.0,80425765.0,2.9,178,-2.88,199,-39.89,413,14.14,229,-9.54,-2.36,2026-10-29,False,https://www.tradingview.com/chart/?symbol=NASDAQ:ALGM&interval=D,False,False,False,False
LUMN,"Lumen Technologies, Inc.",NYSE,Major Telecommunications,6.13,6.42,6.41,5.7,5.67,14189635.3,12588863.166666666,77169731.0,80875053.0,-11.54,417,3.72,135,-24.32,341,-8.23,307,-9.61,-0.77,2026-11-04,False,https://www.tradingview.com/chart/?symbol=NYSE:LUMN&interval=D,False,False,False,False
MIRM,"Mirum Pharmaceuticals, Inc.",NASDAQ,Pharmaceuticals: Major,89.32,97.7,102.45,4.45,4.47,838934.8,612054.3,54668690.0,59797909.0,-4.93,327,-7.26,245,-22.3,331,-0.11,276,-9.89,-2.87,2026-11-17,False,https://www.tradingview.com/chart/?symbol=NASDAQ:MIRM&interval=D,False,False,False,False
GRAB,Grab Holdings Limited,NASDAQ,Air Freight/Couriers,3.2,3.33,3.42,4.12,4.34,88587757.5,55252986.63333333,176809557.0,183872731.0,9.03,107,-7.51,250,-9.22,241,-13.04,328,-9.93,-1.48,2026-11-17,False,https://www.tradingview.com/chart/?symbol=NASDAQ:GRAB&interval=D,False,False,False,False
WULF,TeraWulf Inc.,NASDAQ,Data Processing Services,16.35,16.22,16.96,6.18,7.21,29861080.7,29938041.966666665,489486986.0,485465309.0,10.32,92,3.22,142,-41.33,416,7.99,251,-10.04,-0.5,2026-11-16,False,https://www.tradingview.com/chart/?symbol=NASDAQ:WULF&interval=D,False,False,False,False
VRT,"Vertiv Holdings, LLC",NYSE,Electronic Production Equipment,248.78,261.93,267.95,4.76,5.3,6169352.6,4986977.566666666,1240660279.0,1306215761.0,3.66,170,-3.2,202,-26.6,350,-0.47,279,-10.09,-1.35,2026-10-28,False,https://www.tradingview.com/chart/?symbol=NYSE:VRT&interval=D,False,False,False,False
FSLR,"First Solar, Inc.",NASDAQ,Semiconductors,191.97,207.97,212.56,4.98,4.99,2155724.6,2035255.6,390708018.0,423263288.0,-6.59,356,-9.8,282,-24.32,340,3.46,262,-10.22,-1.94,2026-10-29,False,https://www.tradingview.com/chart/?symbol=NASDAQ:FSLR&interval=D,False,False,False,False
EQPT,EquipmentShare.com Inc,NASDAQ,Internet Software/Services,18.08,18.65,18.7,5.42,5.71,3689968.9,2827737.2333333334,51125489.0,52746725.0,0.89,223,-2.11,191,-19.07,310,-10.18,319,-10.45,-0.58,2026-12-02,False,https://www.tradingview.com/chart/?symbol=NASDAQ:EQPT&interval=D,False,False,False,False
DKNG,DraftKings Inc.,NASDAQ,Movies/Entertainment,21.25,24.27,24.1,4.9,5.42,13456185.6,10518922.866666667,223527111.0,255301271.0,-13.16,425,-18.27,374,-14.23,279,0.81,271,-10.56,-2.18,2026-10-30,False,https://www.tradingview.com/chart/?symbol=NASDAQ:DKNG&interval=D,False,False,False,False
GNRC,Generac Holdings Inc.,NYSE,Electrical Products,199.42,197.43,201.89,4.07,5.53,2004120.3,1304509.7333333334,260145331.0,257548487.0,12.56,66,-1.93,189,-31.71,381,1.82,267,-10.6,-0.22,2026-11-04,False,https://www.tradingview.com/chart/?symbol=NYSE:GNRC&interval=D,False,False,False,False
VSEC,VSE Corporation,NASDAQ,Engineering & Construction,178.54,206.6,206.02,4.69,5.23,452265.9,363061.2,64820947.0,75007839.0,-0.94,254,-17.94,371,-18.87,307,4.36,260,-10.82,-2.55,2026-10-28,False,https://www.tradingview.com/chart/?symbol=NASDAQ:VSEC&interval=D,False,False,False,False
BKV,BKV Corporation,NYSE,Integrated Oil,23.27,24.74,24.82,4.35,4.35,3347453.1,1918308.4666666666,44639038.0,47467904.0,-4.71,325,-3.28,203,-9.03,240,-22.1,365,-11.47,-1.43,2026-11-17,False,https://www.tradingview.com/chart/?symbol=NYSE:BKV&interval=D,False,False,False,False
TTAN,"ServiceTitan, Inc.",NASDAQ,Packaged Software,61.65,79.99,79.89,6.79,7.75,4805072.2,3185502.433333333,196386225.0,254804623.0,8.08,118,-34.69,441,-0.1,190,-0.79,281,-11.86,-2.95,2027-01-19,False,https://www.tradingview.com/chart/?symbol=NASDAQ:TTAN&interval=D,False,False,False,False
NXST,"Nexstar Media Group, Inc.",NASDAQ,Broadcasting,165.57,176.72,181.29,4.21,4.17,448157.2,370931.86666666664,61415189.0,65552810.0,-1.66,269,-10.88,297,-0.89,197,-23.97,377,-11.91,-2.08,2026-11-05,False,https://www.tradingview.com/chart/?symbol=NASDAQ:NXST&interval=D,False,False,False,False
XRAY,DENTSPLY SIRONA Inc.,NASDAQ,Medical Specialties,9.78,10.72,11.75,4.02,4.62,5323261.9,4206754.933333334,41142063.0,45109734.0,-0.2,242,-11.97,305,-8.43,236,-15.47,335,-11.96,-3.63,2026-10-29,False,https://www.tradingview.com/chart/?symbol=NASDAQ:XRAY&interval=D,False,False,False,False
LAZ,"Lazard, Inc.",NYSE,Investment Banks/Brokers,36.82,41.84,42.38,5.35,5.02,2503994.0,1617537.3,59557723.0,67684770.0,-4.51,319,-16.96,357,-9.71,243,-9.69,314,-12.12,-2.61,2026-10-22,False,https://www.tradingview.com/chart/?symbol=NYSE:LAZ&interval=D,False,False,False,False
FIGS,"FIGS, Inc.",NYSE,Apparel/Footwear,11.97,14.15,12.86,5.31,5.55,2484504.1,2366055.2333333334,28321681.0,33474161.0,-10.07,398,-18.57,379,3.19,178,-21.41,362,-12.26,-1.25,2026-11-05,False,https://www.tradingview.com/chart/?symbol=NYSE:FIGS&interval=D,False,False,False,False
MP,MP Materials Corp.,NYSE,Other Metals/Minerals,48.89,54.2,50.86,4.81,5.67,5315183.0,5530319.3,270377311.0,299730402.0,-1.35,261,-17.55,366,-14.23,280,-5.22,292,-12.33,-0.68,2026-10-29,False,https://www.tradingview.com/chart/?symbol=NYSE:MP&interval=D,False,False,False,False
FLY,Firefly Aerospace Inc.,NASDAQ,Aerospace & Defense,21.9,22.76,22.24,6.46,7.05,3146591.0,2814974.533333333,61647942.0,64081957.0,5.9,134,-7.36,247,-13.78,275,-16.41,338,-12.52,-0.22,2026-11-18,False,https://www.tradingview.com/chart/?symbol=NASDAQ:FLY&interval=D,False,False,False,False
BBWI,"Bath & Body Works, Inc.",NYSE,Specialty Stores,17.02,18.4,19.14,4.72,5.17,6773639.2,6920127.433333334,117780569.0,127298051.0,1.79,204,-12.45,309,-22.35,332,-3.35,287,-12.72,-2.14,2026-11-18,False,https://www.tradingview.com/chart/?symbol=NYSE:BBWI&interval=D,False,False,False,False
PLUG,"Plug Power, Inc.",NASDAQ,Electronic Production Equipment,2.04,2.17,2.15,4.69,5.5,44551834.9,52553873.03333333,107209901.0,113831689.0,-1.45,263,-8.52,264,-23.02,335,-7.7,304,-13.08,-0.91,2026-11-10,False,https://www.tradingview.com/chart/?symbol=NASDAQ:PLUG&interval=D,False,False,False,False
ERAS,"Erasca, Inc.",NASDAQ,Pharmaceuticals: Major,13.94,16.86,17.62,7.06,7.86,5384555.0,4182149.9,58320080.0,70507562.0,-14.5,430,-24.25,416,-7.53,230,-7.77,305,-13.18,-2.65,2026-11-11,False,https://www.tradingview.com/chart/?symbol=NASDAQ:ERAS&interval=D,False,False,False,False
PRAX,"Praxis Precision Medicines, Inc.",NASDAQ,Pharmaceuticals: Major,282.12,346.77,336.96,5.38,6.04,496380.9,390753.8333333337,110239471.0,135502749.0,-10.5,405,-24.96,421,-7.81,231,-6.79,300,-13.19,-2.69,2026-11-11,False,https://www.tradingview.com/chart/?symbol=NASDAQ:PRAX&interval=D,False,False,False,False
AAOI,"Applied Optoelectronics, Inc.",NASDAQ,Semiconductors,101.06,113.03,111.84,6.07,8.51,7081252.6,8522025.8,861235927.0,963244576.0,2.91,176,-7.39,248,-33.16,391,-0.14,278,-13.56,-1.13,2026-11-05,False,https://www.tradingview.com/chart/?symbol=NASDAQ:AAOI&interval=D,False,False,False,False
ONDS,Ondas Inc,NASDAQ,Telecommunications Equipment,7.4,7.97,7.97,4.61,6.01,61766240.0,65956545.43333333,488078436.0,525926501.0,1.86,200,-13.2,321,-6.74,226,-20.86,360,-13.6,-1.19,2026-11-16,False,https://www.tradingview.com/chart/?symbol=NASDAQ:ONDS&interval=D,False,False,False,False
STNE,StoneCo Ltd.,NASDAQ,Miscellaneous Commercial Services,9.49,9.75,10.26,4.09,4.2,4688720.6,6234477.7,59165193.0,60793431.0,-1.25,258,2.26,147,-12.37,260,-31.23,396,-13.78,-1.8,2026-11-17,False,https://www.tradingview.com/chart/?symbol=NASDAQ:STNE&interval=D,False,False,False,False
RKT,"Rocket Companies, Inc.",NYSE,Finance/Rental/Leasing,12.15,13.63,13.68,4.27,5.11,39195927.5,28710029.866666667,348826863.0,391260287.0,-8.23,378,-12.72,313,-17.46,299,-11.83,323,-14.0,-2.18,2026-10-29,False,https://www.tradingview.com/chart/?symbol=NYSE:RKT&interval=D,False,False,False,False
BBAI,"BigBear.ai, Inc.",NYSE,Packaged Software,2.84,3.01,2.98,4.02,4.75,15679357.4,16195691.2,45995763.0,48684248.0,0.71,226,-9.84,283,-19.77,314,-12.62,327,-14.08,-0.99,2026-11-11,False,https://www.tradingview.com/chart/?symbol=NYSE:BBAI&interval=D,False,False,False,False
INTU,Intuit Inc.,NASDAQ,Packaged Software,286.8,335.76,325.08,4.31,4.86,3689661.9,3971605.466666667,1139056448.0,1333512871.0,-10.99,412,-21.74,402,11.91,147,-32.75,401,-14.19,-2.42,2026-12-01,False,https://www.tradingview.com/chart/?symbol=NASDAQ:INTU&interval=D,False,False,False,False
USAR,"USA Rare Earth, Inc.",NASDAQ,Metal Fabrication,15.83,17.48,16.92,5.41,6.94,13789261.1,13093486.1,207269885.0,228917782.0,0.96,221,-15.39,338,-27.78,358,0.51,275,-14.22,-0.93,2026-11-05,False,https://www.tradingview.com/chart/?symbol=NASDAQ:USAR&interval=D,False,False,False,False
ALGT,Allegiant Travel Company,NASDAQ,Airlines,77.26,79.37,87.32,4.13,4.89,547264.4,532616.4666666667,41149948.0,42271905.0,-2.68,288,-8.39,261,-28.5,361,-5.78,296,-14.22,-2.35,2026-11-04,False,https://www.tradingview.com/chart/?symbol=NASDAQ:ALGT&interval=D,False,False,False,False
SMR,NuScale Power Corporation,NYSE,Electrical Products,8.67,9.29,9.05,7.52,8.03,44743846.5,37602359.36666667,326012456.0,349426191.0,1.23,217,-6.47,238,-17.03,296,-19.42,348,-14.31,-0.52,2026-11-05,False,https://www.tradingview.com/chart/?symbol=NYSE:SMR&interval=D,False,False,False,False
POWI,"Power Integrations, Inc.",NASDAQ,Semiconductors,51.05,53.18,57.91,4.17,5.21,768038.7,764001.3333333334,39002268.0,40632392.0,2.84,180,-6.6,240,-39.85,412,3.42,263,-14.34,-2.28,2026-11-11,False,https://www.tradingview.com/chart/?symbol=NASDAQ:POWI&interval=D,False,False,False,False
MOD,Modine Manufacturing Company,NYSE,Industrial Machinery,193.11,190.36,199.91,4.41,5.42,1212108.7,1262798.7,243859057.0,240380047.0,6.31,130,-0.67,177,-32.6,386,-9.86,318,-14.38,-0.63,2026-11-03,False,https://www.tradingview.com/chart/?symbol=NYSE:MOD&interval=D,False,False,False,False
CIEN,Ciena Corporation,NYSE,Telecommunications Equipment,355.91,372.04,378.71,6.16,6.84,2926606.8,2608949.3,928551145.0,970623931.0,1.66,207,-7.86,255,-25.45,345,-9.86,317,-14.39,-0.88,2026-12-10,False,https://www.tradingview.com/chart/?symbol=NYSE:CIEN&interval=D,False,False,False,False
RH,RH,NYSE,Specialty Stores,124.59,146.76,160.46,5.59,6.05,1108775.6,787297.8666666667,98089441.0,115542260.0,-0.76,252,-18.16,373,-21.15,322,-4.16,290,-14.49,-3.7,2026-12-03,False,https://www.tradingview.com/chart/?symbol=NYSE:RH&interval=D,False,False,False,False
MWH,"SOLV Energy, Inc.",NASDAQ,Engineering & Construction,25.45,27.22,27.63,4.82,5.57,1380330.1,1695640.1333333333,43154041.0,46150803.0,-1.24,257,-9.11,274,-27.7,357,-6.91,302,-14.57,-1.41,2026-12-02,False,https://www.tradingview.com/chart/?symbol=NASDAQ:MWH&interval=D,False,False,False,False
GT,The Goodyear Tire & Rubber Company,NASDAQ,Automotive Aftermarket,5.34,5.81,6.28,4.59,5.02,11762566.9,9304850.6,49687902.0,54027064.0,0.66,228,-10.55,292,-15.51,288,-18.72,344,-14.93,-2.97,2026-11-09,False,https://www.tradingview.com/chart/?symbol=NASDAQ:GT&interval=D,False,False,False,False
FLUT,Flutter Entertainment plc,NYSE,Casinos/Gaming,85.89,97.68,99.57,4.42,5.01,3023629.8,2668615.6666666665,229207400.0,260665931.0,-13.24,426,-16.02,347,-12.97,268,-16.51,339,-15.17,-2.74,2026-11-18,False,https://www.tradingview.com/chart/?symbol=NYSE:FLUT&interval=D,False,False,False,False
KGS,"Kodiak Gas Services, Inc.",NYSE,Oilfield Services/Equipment,53.3,60.33,60.65,4.42,5.07,2285051.4,1838191.9333333333,97975630.0,110895056.0,-8.1,375,-13.05,320,-24.11,339,-9.0,311,-15.38,-2.39,2026-11-11,False,https://www.tradingview.com/chart/?symbol=NYSE:KGS&interval=D,False,False,False,False
APP,Applovin Corporation,NASDAQ,Packaged Software,315.25,315.09,348.7,5.03,5.5,5537881.0,5161075.2,1627028957.0,1626194583.0,-5.49,339,3.53,141,-30.1,371,-19.7,350,-15.42,-1.74,2026-11-11,False,https://www.tradingview.com/chart/?symbol=NASDAQ:APP&interval=D,False,False,False,False
TNDM,"Tandem Diabetes Care, Inc.",NASDAQ,Medical Specialties,16.38,20.21,19.62,6.63,7.03,2389272.6,1767570.6,28952806.0,35730556.0,0.46,231,-26.88,428,8.33,163,-28.22,386,-15.59,-2.35,2026-11-04,False,https://www.tradingview.com/chart/?symbol=NASDAQ:TNDM&interval=D,False,False,False,False
CRK,"Comstock Resources, Inc.",NYSE,Oil & Gas Production,13.45,14.19,13.83,4.89,4.97,2681331.4,2620612.3666666667,35247236.0,37186489.0,-4.61,320,-6.53,239,0.37,189,-40.88,422,-15.68,-0.56,2026-11-03,False,https://www.tradingview.com/chart/?symbol=NYSE:CRK&interval=D,False,False,False,False
ALKT,"Alkami Technology, Inc.",NASDAQ,Packaged Software,14.6,19.6,19.05,6.86,7.44,2335569.0,1606736.7666666666,23458357.0,31488827.0,-23.0,443,-30.21,437,-8.29,235,-8.64,309,-15.71,-3.14,2026-10-29,False,https://www.tradingview.com/chart/?symbol=NASDAQ:ALKT&interval=D,False,False,False,False
BKNG,Booking Holdings Inc. Common Stock,NASDAQ,Other Consumer Services,155.9,191.91,192.17,4.19,4.37,9648512.8,6920269.033333333,1078869942.0,1328066523.0,-9.01,386,-26.06,427,-13.96,278,-7.18,303,-15.73,-4.32,2026-11-04,False,https://www.tradingview.com/chart/?symbol=NASDAQ:BKNG&interval=D,False,False,False,False
CENX,Century Aluminum Company,NASDAQ,Aluminum,38.82,44.18,44.82,4.7,5.58,1799897.4,1836207.6666666667,71281582.0,81132530.0,-3.7,303,-14.14,326,-13.44,270,-19.79,351,-15.79,-2.4,2026-11-09,False,https://www.tradingview.com/chart/?symbol=NASDAQ:CENX&interval=D,False,False,False,False
WEN,Wendy's Company (The),NASDAQ,Restaurants,6.73,8.0,7.81,4.31,4.91,6357273.9,8357830.3,56248198.0,66827818.0,-10.27,403,-24.21,415,-20.36,318,-3.17,286,-15.91,-2.81,2026-11-11,False,https://www.tradingview.com/chart/?symbol=NASDAQ:WEN&interval=D,False,False,False,False
DNN,Denison Mines Corp,AMEX,Other Metals/Minerals,2.82,3.22,3.12,4.69,5.59,21586242.3,25239188.833333332,71174513.0,81169231.0,-2.42,283,-19.43,386,-12.69,264,-15.82,336,-15.98,-1.73,2026-11-03,False,https://www.tradingview.com/chart/?symbol=AMEX:DNN&interval=D,False,False,False,False
SHAK,"Shake Shack, Inc.",NYSE,Restaurants,58.47,67.13,65.54,4.76,4.72,1440739.6,1173639.3,68622690.0,78787189.0,-0.05,240,-23.17,410,5.66,168,-30.58,391,-16.03,-2.29,2026-10-29,False,https://www.tradingview.com/chart/?symbol=NYSE:SHAK&interval=D,False,False,False,False
PII,Polaris Inc.,NYSE,Recreational Products,52.94,61.61,65.61,4.29,4.59,911061.0,810487.9666666667,42907233.0,49931462.0,-9.1,389,-17.28,362,-26.45,349,-6.12,297,-16.62,-4.21,2026-10-27,False,https://www.tradingview.com/chart/?symbol=NYSE:PII&interval=D,False,False,False,False
LEU,Centrus Energy Corp.,NYSE,Other Metals/Minerals,151.31,170.96,171.87,6.08,7.19,925806.8,704964.3333333322,106668153.0,120521642.0,4.71,151,-17.68,368,-12.28,259,-19.94,353,-16.63,-1.66,2026-11-11,False,https://www.tradingview.com/chart/?symbol=NYSE:LEU&interval=D,False,False,False,False
AN,"AutoNation, Inc.",NYSE,Specialty Stores,165.05,197.57,202.69,5.05,4.65,751715.2,498803.26666666666,82327479.0,98546566.0,-19.04,439,-19.96,391,-15.3,287,-14.76,333,-16.67,-3.99,2026-10-22,False,https://www.tradingview.com/chart/?symbol=NYSE:AN&interval=D,False,False,False,False
IBP,"Installed Building Products, Inc.",NYSE,Engineering & Construction,202.79,227.45,229.28,4.68,4.82,550363.7,379507.4666666667,76960319.0,86318847.0,0.67,227,-18.09,372,-9.59,242,-22.89,371,-16.86,-2.4,2026-11-11,False,https://www.tradingview.com/chart/?symbol=NYSE:IBP&interval=D,False,False,False,False
FOUR,"Shift4 Payments, Inc.",NYSE,Miscellaneous Commercial Services,38.46,43.92,46.26,6.43,6.79,2290396.1,2022719.8333333333,77793805.0,88839204.0,-9.29,390,-19.35,385,-11.61,256,-19.86,352,-16.94,-2.49,2026-11-11,False,https://www.tradingview.com/chart/?symbol=NYSE:FOUR&interval=D,False,False,False,False
NKTR,Nektar Therapeutics,NASDAQ,Pharmaceuticals: Major,57.66,71.48,71.25,5.68,5.81,1484966.0999999996,886423.6666666666,51111189.0,63363041.0,-13.94,429,-21.02,399,-11.35,255,-18.85,346,-17.07,-3.29,2026-11-05,False,https://www.tradingview.com/chart/?symbol=NASDAQ:NKTR&interval=D,False,False,False,False
NNE,Nano Nuclear Energy Inc.,NASDAQ,Electrical Products,17.01,17.93,17.6,5.66,6.76,2221855.4,1883314.6,32035181.0,33769714.0,5.85,136,-9.62,280,-24.4,343,-17.98,340,-17.33,-0.49,2026-12-17,False,https://www.tradingview.com/chart/?symbol=NASDAQ:NNE&interval=D,False,False,False,False
ALM,Almonty Industries Inc.,NASDAQ,Other Metals/Minerals,13.62,16.36,15.11,8.03,8.74,6480216.0,6539273.533333333,89064906.0,107001043.0,-4.95,328,-27.17,429,-18.88,308,-6.13,298,-17.39,-1.13,2026-11-17,False,https://www.tradingview.com/chart/?symbol=NASDAQ:ALM&interval=D,False,False,False,False
NN,NextNav Inc.,NASDAQ,Packaged Software,14.39,16.19,15.28,6.33,7.26,2402881.2,2406853.6666666665,34634624.0,38964153.0,-3.52,302,-16.58,353,-14.35,282,-22.45,369,-17.79,-0.8,2026-11-05,False,https://www.tradingview.com/chart/?symbol=NASDAQ:NN&interval=D,False,False,False,False
AESI,Atlas Energy Solutions Inc.,NYSE,Oilfield Services/Equipment,11.52,12.93,12.6,6.21,6.8,2903083.7,2973453.1,34254180.0,38459634.0,-15.91,434,-7.32,246,-27.59,355,-18.53,342,-17.81,-1.26,2026-11-02,False,https://www.tradingview.com/chart/?symbol=NYSE:AESI&interval=D,False,False,False,False
CHWY,"Chewy, Inc.",NYSE,Internet Retail,18.55,22.37,22.35,5.59,5.55,11388042.4,8826760.333333334,163736404.0,197439917.0,-12.5,421,-22.35,406,-0.91,198,-30.63,393,-17.96,-3.06,2026-12-03,False,https://www.tradingview.com/chart/?symbol=NYSE:CHWY&interval=D,False,False,False,False
ZG,"Zillow Group, Inc.",NASDAQ,Internet Software/Services,29.35,34.3,34.03,4.74,5.3,1014572.5,956397.9666666667,28070280.0,32808754.0,-10.9,410,-20.68,396,-3.77,210,-29.48,389,-17.98,-2.59,2026-11-04,False,https://www.tradingview.com/chart/?symbol=NASDAQ:ZG&interval=D,False,False,False,False
AAP,Advance Auto Parts Inc.,NYSE,Specialty Stores,41.1,45.61,49.69,4.1,5.08,1719286.9,2341880.4,96251284.0,106820971.0,-5.52,340,-4.53,218,-28.82,364,-20.72,359,-18.02,-3.4,2026-11-18,False,https://www.tradingview.com/chart/?symbol=NYSE:AAP&interval=D,False,False,False,False
UEC,Uranium Energy Corp.,AMEX,Other Metals/Minerals,9.95,11.35,10.82,5.25,6.14,9030570.7,8367536.6,83256989.0,95007800.0,-3.4,298,-21.72,401,-10.52,248,-22.33,366,-18.19,-1.31,2026-09-29,False,https://www.tradingview.com/chart/?symbol=AMEX:UEC&interval=D,False,False,False,False
SFM,"Sprouts Farmers Market, Inc.",NASDAQ,Food Retail,66.07,77.69,78.71,4.6,4.92,2003660.6,1746046.3,115361279.0,135648009.0,-9.03,387,-19.07,381,-21.58,324,-14.28,331,-18.31,-3.26,2026-11-04,False,https://www.tradingview.com/chart/?symbol=NASDAQ:SFM&interval=D,False,False,False,False
LUNR,"Intuitive Machines, Inc.",NASDAQ,Aerospace & Defense,15.24,16.02,15.16,5.98,7.11,8022492.7,8608027.766666668,131186343.0,137863303.0,9.01,108,-13.7,323,-20.83,320,-20.5,357,-18.35,0.08,2026-11-18,False,https://www.tradingview.com/chart/?symbol=NASDAQ:LUNR&interval=D,False,False,False,False
LGN,Legence Corp.,NASDAQ,Engineering & Construction,52.92,57.11,60.78,4.8,5.72,933117.8,983108.2,52026086.0,56148586.0,-2.11,278,-10.62,295,-34.17,397,-10.32,320,-18.37,-2.26,2026-11-13,False,https://www.tradingview.com/chart/?symbol=NASDAQ:LGN&interval=D,False,False,False,False
ASTS,"AST SpaceMobile, Inc.",NASDAQ,Specialty Telecommunications,59.98,63.13,62.76,6.07,7.02,9654327.4,9696237.633333333,581580333.0,612081465.0,1.85,201,-10.14,287,-12.77,266,-32.94,402,-18.62,-0.63,2026-11-16,False,https://www.tradingview.com/chart/?symbol=NASDAQ:ASTS&interval=D,False,False,False,False
RSI,"Rush Street Interactive, Inc.",NYSE,Casinos/Gaming,20.56,25.36,27.0,5.78,6.12,3820083.1,2675428.466666667,55006809.0,67848866.0,-21.23,442,-20.53,394,-31.97,385,-3.36,288,-18.62,-3.9,2026-11-04,False,https://www.tradingview.com/chart/?symbol=NYSE:RSI&interval=D,False,False,False,False
SEDG,"SolarEdge Technologies, Inc.",NASDAQ,Electrical Products,33.35,33.34,37.16,8.29,8.26,3782236.1,3067981.1,102317170.0,102292626.0,-7.18,365,10.42,89,-34.17,396,-32.6,400,-18.78,-1.24,2026-11-11,False,https://www.tradingview.com/chart/?symbol=NASDAQ:SEDG&interval=D,False,False,False,False
Z,"Zillow Group, Inc.",NASDAQ,Internet Software/Services,28.65,33.6,33.52,4.79,5.38,4000754.2,3543299.3,101515525.0,119048951.0,-11.33,415,-19.68,387,-6.19,222,-30.61,392,-18.83,-2.7,2026-11-04,False,https://www.tradingview.com/chart/?symbol=NASDAQ:Z&interval=D,False,False,False,False
EYE,"National Vision Holdings, Inc.",NASDAQ,Specialty Stores,16.36,17.56,19.11,4.87,5.25,2905243.3,2487824.1666666665,40700803.0,43691583.0,1.87,199,-9.41,279,-6.99,228,-40.47,420,-18.96,-2.74,2026-11-11,False,https://www.tradingview.com/chart/?symbol=NASDAQ:EYE&interval=D,False,False,False,False
TPL,Texas Pacific Land Corporation,NYSE,Investment Trusts/Mutual Funds,335.74,364.18,376.82,4.34,4.75,495390.1999999996,400373.89999999985,134421533.0,145807900.0,-8.16,376,-11.08,299,-10.61,251,-35.81,410,-19.17,-2.3,2026-11-04,False,https://www.tradingview.com/chart/?symbol=NYSE:TPL&interval=D,False,False,False,False
HYMC,Hycroft Mining Holding Corporation,NASDAQ,Precious Metals,21.26,23.7,22.86,6.08,7.86,2426197.9,2105139.7666666615,44755271.0,49896374.0,0.38,233,-21.9,405,-4.88,214,-30.77,394,-19.18,-0.89,2026-11-03,False,https://www.tradingview.com/chart/?symbol=NASDAQ:HYMC&interval=D,False,False,False,False
LAC,Lithium Americas Corp.,NYSE,Other Metals/Minerals,2.9,3.05,3.02,4.5,5.29,9769964.4,9865840.233333332,28610937.0,30041484.0,1.75,206,-7.5,249,-26.77,351,-24.28,378,-19.52,-0.76,2026-11-13,False,https://www.tradingview.com/chart/?symbol=NYSE:LAC&interval=D,False,False,False,False
KTOS,"Kratos Defense & Security Solutions, Inc.",NASDAQ,Aerospace & Defense,46.16,52.23,51.68,4.62,5.4,4078070.8,3497103.433333333,161426294.0,182661872.0,-2.77,291,-17.81,369,-2.62,204,-38.34,417,-19.59,-1.98,2026-10-29,False,https://www.tradingview.com/chart/?symbol=NASDAQ:KTOS&interval=D,False,False,False,False
CRI,"Carter's, Inc.",NYSE,Apparel/Footwear Retail,29.77,33.29,35.58,4.54,4.61,1810452.6,1449158.3333333333,43141444.0,48244413.0,1.43,211,-16.21,349,-30.82,375,-12.6,326,-19.87,-3.55,2026-10-23,False,https://www.tradingview.com/chart/?symbol=NYSE:CRI&interval=D,False,False,False,False
CELC,Celcuity Inc.,NASDAQ,Medical Specialties,79.99,89.26,88.94,4.62,5.25,925538.5,843765.4333333333,67492797.0,75313378.0,-4.01,306,-14.42,329,-16.17,293,-29.15,387,-19.91,-1.91,2026-11-18,False,https://www.tradingview.com/chart/?symbol=NASDAQ:CELC&interval=D,False,False,False,False
FMC,FMC Corporation,NYSE,Chemicals: Agricultural,9.9,11.15,11.07,6.38,6.28,3799659.9,3235037.433333333,32026871.0,36062041.0,-11.05,413,-10.41,289,-13.84,277,-36.05,411,-20.1,-1.68,2026-10-29,False,https://www.tradingview.com/chart/?symbol=NYSE:FMC&interval=D,False,False,False,False
OKLO,Oklo Inc.,NYSE,Industrial Machinery,38.82,40.76,41.47,5.7,7.01,11835066.1,9930225.866666667,385491368.0,404736146.0,5.78,137,-5.63,229,-30.13,372,-24.65,379,-20.14,-0.91,2026-11-18,False,https://www.tradingview.com/chart/?symbol=NYSE:OKLO&interval=D,False,False,False,False
MAIR,Madison Air Solutions Corporation,NYSE,Industrial Machinery,25.26,26.37,28.88,4.24,5.28,2812489.6,2910022.933333333,73507179.0,76726635.0,4.29,157,-3.0,201,-36.55,401,-21.06,361,-20.2,-2.37,2026-12-02,False,https://www.tradingview.com/chart/?symbol=NYSE:MAIR&interval=D,False,False,False,False
ENPH,"Enphase Energy, Inc.",NASDAQ,Electrical Products,33.07,37.16,38.1,5.64,5.79,4394021.0,4096698.8,135477829.0,152235376.0,-10.98,411,-13.04,319,-31.73,382,-15.96,337,-20.24,-2.28,2026-10-27,False,https://www.tradingview.com/chart/?symbol=NASDAQ:ENPH&interval=D,False,False,False,False
FICO,Fair Isaac Corporation,NYSE,Financial Publishing/Services,879.62,1049.75,1099.01,4.78,5.4,391322.3,366965.0,322789753.0,385222610.0,-10.24,402,-24.86,420,-21.98,328,-14.05,330,-20.3,-3.7,2026-11-11,False,https://www.tradingview.com/chart/?symbol=NYSE:FICO&interval=D,False,False,False,False
HUBG,"Hub Group, Inc.",NASDAQ,Air Freight/Couriers,31.4,37.14,41.43,4.91,5.31,1487561.4,1361749.0,42758919.0,50578535.0,-4.96,329,-23.17,411,-27.37,353,-11.87,324,-20.8,-4.56,2026-10-22,False,https://www.tradingview.com/chart/?symbol=NASDAQ:HUBG&interval=D,False,False,False,False
UAA,"Under Armour, Inc.",NYSE,Apparel/Footwear,4.53,5.08,5.77,4.33,4.77,10490329.8,8335990.3,37762036.0,42382953.0,-9.04,388,-16.42,352,-25.49,346,-22.43,368,-21.45,-4.51,2026-11-05,False,https://www.tradingview.com/chart/?symbol=NYSE:UAA&interval=D,False,False,False,False
NXT,Nextpower Inc.,NASDAQ,Electronic Equipment/Instruments,81.81,86.58,92.17,4.55,5.2,2391634.3,2092914.4333333333,171221330.0,181199648.0,0.18,236,-4.54,219,-29.88,369,-30.32,390,-21.58,-2.16,2026-10-22,False,https://www.tradingview.com/chart/?symbol=NASDAQ:NXT&interval=D,False,False,False,False
LPTH,"LightPath Technologies, Inc.",NASDAQ,Electronic Components,9.81,11.44,11.43,6.07,8.63,3363473.0,3494665.8333333335,34282672.0,39961504.0,4.36,154,-29.53,435,-26.41,348,-9.0,312,-21.64,-1.64,2026-11-05,False,https://www.tradingview.com/chart/?symbol=NASDAQ:LPTH&interval=D,False,False,False,False
FTAI,FTAI Aviation Ltd.,NASDAQ,Aerospace & Defense,186.01,197.24,203.68,4.39,5.05,1512935.1000000015,1307271.0666666687,243165491.0,257845274.0,1.42,212,-10.4,288,-32.94,389,-22.02,364,-21.79,-1.72,2026-11-03,False,https://www.tradingview.com/chart/?symbol=NASDAQ:FTAI&interval=D,False,False,False,False
QNT,Quantinuum Inc.,NASDAQ,Computer Processing Hardware,50.11,53.66,54.32,6.43,7.46,2061398.1,1820305.4333333333,91215505.0,97669398.0,2.6,184,-8.89,270,-31.0,378,-26.31,383,-22.07,-1.04,2026-12-02,False,https://www.tradingview.com/chart/?symbol=NASDAQ:QNT&interval=D,False,False,False,False
EROC,"ERock, Inc.",NYSE,Electrical Products,12.52,13.12,12.26,8.14,9.2,3137258.8,3198368.433333333,40043573.0,41961528.0,11.29,81,-10.44,290,-18.49,304,-37.71,414,-22.21,0.23,2026-12-02,False,https://www.tradingview.com/chart/?symbol=NYSE:EROC&interval=D,False,False,False,False
ENOV,Enovis Corporation,NYSE,Medical Specialties,18.24,21.89,24.23,6.0,6.63,2260009.8,1646936.8,30040127.0,36046506.0,0.83,224,-30.59,438,-15.91,290,-21.72,363,-22.74,-3.73,2026-11-11,False,https://www.tradingview.com/chart/?symbol=NYSE:ENOV&interval=D,False,False,False,False
EOSE,"Eos Energy Enterprises, Inc.",NASDAQ,Electrical Products,3.58,3.77,3.81,8.81,9.35,24410076.9,25096024.9,89843769.0,94666389.0,-13.73,427,-2.98,200,-41.79,417,-23.54,374,-22.77,-0.65,2026-11-11,False,https://www.tradingview.com/chart/?symbol=NASDAQ:EOSE&interval=D,False,False,False,False
WHR,Whirlpool Corporation,NYSE,Electronics/Appliances,32.93,37.78,38.49,4.49,4.93,3257142.6,2479685.933333333,81656058.0,93677575.0,-1.94,272,-17.68,367,-13.52,271,-38.04,416,-23.08,-2.93,2026-10-15,False,https://www.tradingview.com/chart/?symbol=NYSE:WHR&interval=D,False,False,False,False
FTFT,Future FinTech Group Inc.,NASDAQ,Finance/Rental/Leasing,4.44,3.35,3.77,36.17,31.66,23136987.9,11011693.466666667,48891919.0,36847989.0,-36.53,447,66.14,2,-59.01,441,-77.35,447,-23.4,0.56,,False,https://www.tradingview.com/chart/?symbol=NASDAQ:FTFT&interval=D,False,True,False,False
QS,QuantumScape Corporation,NASDAQ,Electrical Products,4.91,5.54,5.57,4.42,5.35,11093848.1,14099979.733333332,69230900.0,78102138.0,-4.47,318,-15.49,339,-31.95,384,-23.04,372,-23.49,-2.22,2026-10-28,False,https://www.tradingview.com/chart/?symbol=NASDAQ:QS&interval=D,False,False,False,False
LMND,"Lemonade, Inc.",NYSE,Multi-Line Insurance,44.36,50.98,53.71,4.81,5.29,1107979.0,1015644.0333333333,45053969.0,51776179.0,-9.91,396,-16.66,355,-23.56,337,-31.75,399,-23.99,-3.29,2026-11-10,False,https://www.tradingview.com/chart/?symbol=NYSE:LMND&interval=D,False,False,False,False
AMPX,"Amprius Technologies, Inc.",NYSE,Electrical Products,9.73,10.14,10.24,4.64,5.83,4391024.9,4657988.3,45322226.0,47236659.0,5.08,146,-4.61,220,-24.34,342,-43.03,425,-23.99,-0.86,2026-11-05,False,https://www.tradingview.com/chart/?symbol=NYSE:AMPX&interval=D,False,False,False,False
TTD,"The Trade Desk, Inc.",NASDAQ,Packaged Software,12.68,13.86,15.37,4.96,5.4,32455813.999999993,23535690.533333343,298432556.0,326165445.0,-15.01,433,-3.65,208,-27.58,354,-41.32,423,-24.19,-3.24,2026-11-05,False,https://www.tradingview.com/chart/?symbol=NASDAQ:TTD&interval=D,False,False,False,False
LBRT,Liberty Energy Inc.,NYSE,Oilfield Services/Equipment,18.27,19.95,20.22,4.89,5.41,3678443.2,3434008.2333333334,62739330.0,68516477.0,-6.6,357,-4.04,215,-30.77,374,-38.59,418,-24.47,-1.79,2026-10-21,False,https://www.tradingview.com/chart/?symbol=NYSE:LBRT&interval=D,False,False,False,False
BOOT,"Boot Barn Holdings, Inc.",NYSE,Apparel/Footwear Retail,124.49,148.12,151.26,4.76,5.0,853851.2,662218.0333333333,82439523.0,98088397.0,-3.24,296,-25.54,424,-29.69,367,-18.48,341,-24.57,-3.54,2026-11-04,False,https://www.tradingview.com/chart/?symbol=NYSE:BOOT&interval=D,False,False,False,False
JOBY,"Joby Aviation, Inc.",NYSE,Aerospace & Defense,6.25,6.94,7.21,4.35,5.01,26418860.5,25147464.2,157171651.0,174397664.0,1.96,196,-16.11,348,-32.87,388,-25.24,380,-24.74,-2.66,2026-11-11,False,https://www.tradingview.com/chart/?symbol=NYSE:JOBY&interval=D,False,False,False,False
BLDR,"Builders FirstSource, Inc.",NYSE,Home Improvement Chains,59.16,65.09,68.05,4.28,4.69,5321891.8,3085467.8333333335,182536277.0,200819731.0,-2.49,286,-16.42,351,-31.28,379,-27.3,385,-25.0,-2.79,2026-10-29,False,https://www.tradingview.com/chart/?symbol=NYSE:BLDR&interval=D,False,False,False,False
QXO,"QXO, Inc.",NYSE,Wholesale Distributors,12.28,13.12,13.67,4.15,5.02,20645283.7,16764619.633333333,205869529.0,219968574.0,5.86,135,-10.5,291,-28.6,362,-36.6,413,-25.23,-2.03,2026-11-17,False,https://www.tradingview.com/chart/?symbol=NYSE:QXO&interval=D,False,False,False,False
NAMS,NewAmsterdam Pharma Company N.V.,NASDAQ,Pharmaceuticals: Major,22.68,25.07,26.73,6.6,6.19,2142744.3,1517988.9,34427988.0,38049404.0,2.76,181,-18.42,376,-30.82,376,-26.74,384,-25.33,-2.45,2026-11-11,False,https://www.tradingview.com/chart/?symbol=NASDAQ:NAMS&interval=D,False,False,False,False
PUMP,ProPetro Holding Corp.,NYSE,Oilfield Services/Equipment,9.8,11.17,11.41,5.3,5.77,4549290.7,3319436.9,32530482.0,37074791.0,-5.77,349,-12.26,308,-30.74,373,-33.51,404,-25.51,-2.44,2026-11-04,False,https://www.tradingview.com/chart/?symbol=NYSE:PUMP&interval=D,False,False,False,False
ALB,Albemarle Corporation,NYSE,Chemicals: Specialty,113.47,127.49,124.59,4.14,4.67,2688462.0,2370529.8,268984016.0,302213313.0,-0.46,248,-20.79,397,-20.87,321,-35.04,408,-25.57,-1.91,2026-11-04,False,https://www.tradingview.com/chart/?symbol=NYSE:ALB&interval=D,False,False,False,False
XE,"X-Energy, Inc.",NASDAQ,Industrial Machinery,16.38,17.85,17.54,7.34,8.64,7779515.1,6581828.833333333,107810356.0,117490033.0,8.33,117,-13.33,322,-15.83,289,-48.84,433,-26.0,-0.77,2026-12-02,False,https://www.tradingview.com/chart/?symbol=NASDAQ:XE&interval=D,False,False,False,False
CHTR,"Charter Communications, Inc.",NASDAQ,Cable/Satellite TV,116.61,144.35,142.75,5.99,6.17,3268297.8,2967209.3666666667,346006284.0,428304803.0,-16.6,436,-21.8,403,-10.9,252,-46.63,429,-26.44,-2.97,2026-10-30,False,https://www.tradingview.com/chart/?symbol=NASDAQ:CHTR&interval=D,False,False,False,False
UUUU,Energy Fuels Inc,AMEX,Other Metals/Minerals,11.6,13.91,13.27,5.17,6.5,7953318.8,6837125.4,79310655.0,95118089.0,-3.33,297,-23.03,409,-24.03,338,-33.29,403,-26.78,-1.93,2026-10-30,False,https://www.tradingview.com/chart/?symbol=AMEX:UUUU&interval=D,False,False,False,False
TRIP,"TripAdvisor, Inc.",NASDAQ,Other Consumer Services,8.04,9.55,11.15,4.77,5.21,4964120.5,3767869.6666666665,30293672.0,35966828.0,-10.57,406,-19.84,388,-38.06,406,-22.84,370,-26.91,-5.35,2026-11-09,False,https://www.tradingview.com/chart/?symbol=NASDAQ:TRIP&interval=D,False,False,False,False
FRMI,Fermi Inc.,NASDAQ,Real Estate Development,4.82,5.46,5.82,6.53,7.94,17869119.2,17977691.633333333,86652474.0,98164189.0,0.42,232,-17.47,365,-43.76,423,-19.67,349,-26.96,-2.16,2026-11-17,False,https://www.tradingview.com/chart/?symbol=NASDAQ:FRMI&interval=D,False,False,False,False
RUN,Sunrun Inc.,NASDAQ,Semiconductors,8.34,8.98,9.6,4.64,5.63,7744871.1,7353760.5,61330363.0,66057605.0,-2.46,285,-8.05,258,-42.4,420,-31.58,397,-27.35,-2.34,2026-11-04,False,https://www.tradingview.com/chart/?symbol=NASDAQ:RUN&interval=D,False,False,False,False
LASR,"nLIGHT, Inc.",NASDAQ,Semiconductors,40.98,43.42,52.87,4.14,6.13,865263.3,1186861.8,48637597.0,51539474.0,7.05,125,-12.19,307,-37.05,404,-34.94,407,-28.06,-3.67,2026-10-29,False,https://www.tradingview.com/chart/?symbol=NASDAQ:LASR&interval=D,False,False,False,False
BROS,Dutch Bros Inc.,NYSE,Restaurants,38.43,46.52,52.93,4.23,4.9,4936997.0,4244913.966666667,163132044.0,197480473.0,-8.67,382,-23.87,413,-42.6,421,-19.09,347,-28.52,-5.59,2026-11-11,False,https://www.tradingview.com/chart/?symbol=NYSE:BROS&interval=D,False,False,False,False
CAR,"Avis Budget Group, Inc.",NASDAQ,Finance/Rental/Leasing,105.67,132.5,140.21,5.22,5.85,514515.1,374348.23333333334,39557378.0,49601515.0,-9.68,395,-27.82,432,-39.53,411,-20.07,355,-29.14,-4.21,2026-11-02,False,https://www.tradingview.com/chart/?symbol=NASDAQ:CAR&interval=D,False,False,False,False
WING,Wingstop Inc.,NASDAQ,Restaurants,97.88,110.99,119.13,6.29,6.57,1508082.2,1244333.8333333333,121795396.0,138114004.0,-4.05,309,-15.07,335,-38.1,407,-36.12,412,-29.77,-2.72,2026-11-04,False,https://www.tradingview.com/chart/?symbol=NASDAQ:WING&interval=D,False,False,False,False
PLNT,"Planet Fitness, Inc.",NYSE,Other Consumer Services,41.0,50.55,51.82,4.84,5.18,2988227.8,2148003.533333333,88068145.0,108570839.0,-18.7,438,-24.3,417,-22.67,334,-45.38,426,-30.78,-4.03,2026-11-10,False,https://www.tradingview.com/chart/?symbol=NYSE:PLNT&interval=D,False,False,False,False
UAMY,United States Antimony Corporation,NYSE,Other Metals/Minerals,4.6,5.06,5.33,5.19,7.34,5094197.0,7061919.333333333,32484829.0,35716834.0,-3.16,295,-14.02,325,-31.45,380,-47.49,431,-30.98,-1.87,2026-11-18,False,https://www.tradingview.com/chart/?symbol=NYSE:UAMY&interval=D,False,False,False,False
MTZ,"MasTec, Inc.",NYSE,Engineering & Construction,217.52,246.76,271.38,5.09,6.02,1625982.8,1573932.9333333333,342361892.0,388380018.0,-4.33,316,-17.91,370,-45.84,428,-29.34,388,-31.03,-3.29,2026-10-29,False,https://www.tradingview.com/chart/?symbol=NYSE:MTZ&interval=D,False,False,False,False
STUB,"StubHub Holdings, Inc.",NYSE,Internet Software/Services,5.31,6.49,7.44,5.86,6.68,7315178.2,7541914.466666667,40047566.0,48979707.0,-10.0,397,-20.39,393,-52.8,435,-20.51,358,-31.23,-4.28,2026-11-12,False,https://www.tradingview.com/chart/?symbol=NYSE:STUB&interval=D,False,False,False,False
TE,T1 Energy Inc.,NYSE,Electrical Products,4.04,4.54,4.86,6.93,9.52,17081969.9,20550674.8,83024726.0,93348015.0,-8.18,377,-6.26,236,-54.14,437,-34.31,406,-31.57,-1.76,2026-11-11,False,https://www.tradingview.com/chart/?symbol=NYSE:TE&interval=D,False,False,False,False
INIO,INNIO N.V.,NASDAQ,Electrical Products,19.99,21.96,23.88,6.62,8.18,6616574.2,4621054.433333334,92374878.0,101473734.0,9.59,100,-11.86,303,-47.93,431,-35.52,409,-31.77,-1.99,2026-12-02,False,https://www.tradingview.com/chart/?symbol=NASDAQ:INIO&interval=D,False,False,False,False
CAVA,"CAVA Group, Inc.",NYSE,Restaurants,53.1,62.28,63.15,4.11,5.1,4629851.9,3533703.066666667,187639633.0,220063714.0,4.34,155,-28.24,434,-36.04,400,-31.68,398,-31.99,-3.12,2026-11-10,False,https://www.tradingview.com/chart/?symbol=NYSE:CAVA&interval=D,False,False,False,False
PZZA,"Papa John's International, Inc.",NASDAQ,Restaurants,20.15,22.42,25.41,4.08,4.33,1645820.3,1360043.0666666667,27404868.0,30490352.0,-2.75,289,-16.91,356,-44.03,424,-38.0,415,-32.98,-4.78,2026-10-29,False,https://www.tradingview.com/chart/?symbol=NASDAQ:PZZA&interval=D,False,False,False,False
AGX,"Argan, Inc.",NYSE,Engineering & Construction,374.4,448.08,500.16,5.5,6.57,472063.0,407558.0333333333,152589728.0,182620506.0,-5.62,347,-24.56,419,-49.81,433,-25.95,382,-33.44,-3.83,2026-12-09,False,https://www.tradingview.com/chart/?symbol=NYSE:AGX&interval=D,False,False,False,False
UTI,Universal Technical Institute Inc,NYSE,Miscellaneous Commercial Services,20.42,22.1,28.1,5.4,6.88,2191916.2,1853576.0,37850022.0,40967119.0,-1.11,256,-7.98,256,-47.73,430,-45.56,427,-33.76,-3.97,2026-11-25,False,https://www.tradingview.com/chart/?symbol=NYSE:UTI&interval=D,False,False,False,False
LCID,"Lucid Group, Inc.",NASDAQ,Motor Vehicles,4.16,4.93,5.78,6.15,8.34,12285542.899999976,11304320.133333342,47025972.0,55694501.0,0.0,239,-24.36,418,-19.54,313,-57.72,440,-33.87,-3.36,2026-11-10,False,https://www.tradingview.com/chart/?symbol=NASDAQ:LCID&interval=D,False,False,False,False
KNF,Knife Riv Holding Co.,NYSE,Construction Materials,51.43,61.37,66.96,4.27,4.9,1121353.1,906318.2333333333,46611947.0,55616823.0,-9.36,391,-22.38,407,-44.09,425,-38.86,419,-35.11,-4.73,2026-11-09,False,https://www.tradingview.com/chart/?symbol=NYSE:KNF&interval=D,False,False,False,False
XENE,Xenon Pharmaceuticals Inc.,NASDAQ,Pharmaceuticals: Major,36.56,57.55,60.51,5.36,7.9,3233598.6,1515716.7,55414603.0,87222928.0,-35.49,446,-39.84,443,-34.01,395,-34.05,405,-35.97,-5.01,2026-11-11,False,https://www.tradingview.com/chart/?symbol=NASDAQ:XENE&interval=D,False,False,False,False
FRVO,Fervo Energy Company,NASDAQ,Alternative Power Generation,16.35,17.03,19.7,7.16,9.09,4846101.2,6395416.066666666,104565053.0,108881959.0,7.21,123,-3.65,209,-50.09,434,-54.58,439,-36.11,-1.87,2026-12-02,False,https://www.tradingview.com/chart/?symbol=NASDAQ:FRVO&interval=D,False,False,False,False
IONS,"Ionis Pharmaceuticals, Inc.",NASDAQ,Pharmaceuticals: Major,43.93,55.64,55.27,5.79,5.52,4970724.6,3423332.8333333335,150387011.0,190487932.0,-7.28,368,-27.43,430,-42.72,422,-40.64,421,-36.93,-3.72,2026-11-04,False,https://www.tradingview.com/chart/?symbol=NASDAQ:IONS&interval=D,False,False,False,False
YSS,York Space Systems Inc.,NYSE,Aerospace & Defense,9.61,9.21,11.75,7.22,8.97,5328769.3,4018847.2333333334,38621122.0,37014923.0,22.26,22,4.23,134,-61.58,442,-54.06,438,-37.14,-2.03,2026-12-02,False,https://www.tradingview.com/chart/?symbol=NYSE:YSS&interval=D,True,False,False,False
OPEN,Opendoor Technologies Inc,NASDAQ,Real Estate Development,2.58,3.13,3.47,5.18,6.72,36319611.4,36440456.833333336,94016379.0,113949309.0,-4.27,313,-25.99,426,-40.14,414,-46.36,428,-37.5,-3.82,2026-11-05,False,https://www.tradingview.com/chart/?symbol=NASDAQ:OPEN&interval=D,False,False,False,False
RCAT,"Red Cat Holdings, Inc.",NASDAQ,Packaged Software,6.59,8.61,8.46,6.8,8.1,11184499.5,8550650.333333334,56348786.0,73596873.0,-17.0,437,-29.59,436,-31.85,383,-52.93,435,-38.12,-2.72,2026-11-12,False,https://www.tradingview.com/chart/?symbol=NASDAQ:RCAT&interval=D,False,False,False,False
PL,Planet Labs PBC,NYSE,Packaged Software,16.38,19.66,20.64,6.34,6.52,9582835.9,9397173.533333333,153925702.0,184789153.0,1.8,203,-24.97,422,-38.21,408,-51.8,434,-38.32,-3.16,2026-12-14,False,https://www.tradingview.com/chart/?symbol=NYSE:PL&interval=D,False,False,False,False
RARE,Ultragenyx Pharmaceutical Inc.,NASDAQ,Pharmaceuticals: Major,14.88,20.62,23.17,5.95,9.45,6839226.7,5140077.666666667,76484356.0,105977265.0,13.85,57,-42.21,445,-49.58,432,-25.6,381,-39.13,-3.79,2026-11-04,False,https://www.tradingview.com/chart/?symbol=NASDAQ:RARE&interval=D,False,False,False,False
HTZ,"Hertz Global Holdings, Inc",NASDAQ,Finance/Rental/Leasing,1.74,2.11,2.01,5.98,8.31,12778306.5,22266176.0,38743146.0,47092962.0,-10.08,399,-22.67,408,-40.21,415,-60.81,441,-41.23,-1.61,2026-10-22,False,https://www.tradingview.com/chart/?symbol=NASDAQ:HTZ&interval=D,False,False,False,False
KRMN,Karman Holdings Inc.,NYSE,Aerospace & Defense,33.05,44.78,47.21,7.19,8.09,4857128.1,3247649.3,107334809.0,145438396.0,-13.05,424,-37.56,442,-26.8,352,-61.58,442,-41.98,-3.71,2026-11-05,False,https://www.tradingview.com/chart/?symbol=NYSE:KRMN&interval=D,False,False,False,False
BW,"Babcock & Wilcox Enterprises, Inc.",NYSE,Electronic Equipment/Instruments,6.64,7.83,8.58,6.75,9.44,4596691.9,4967423.933333334,32983695.0,38894929.0,-7.0,363,-18.53,377,-55.14,438,-53.24,437,-42.3,-2.4,2026-11-11,False,https://www.tradingview.com/chart/?symbol=NYSE:BW&interval=D,False,False,False,False
CAPR,"Capricor Therapeutics, Inc.",NASDAQ,Pharmaceuticals: Major,8.67,8.3,9.52,7.06,10.64,2769769.8,8714942.033333333,75558547.0,72323851.0,1.05,219,7.97,105,-70.51,446,-70.73,443,-44.42,-0.84,2026-11-17,False,https://www.tradingview.com/chart/?symbol=NASDAQ:CAPR&interval=D,False,False,False,False
SOC,Sable Offshore Corp.,NYSE,Integrated Oil,4.15,4.62,4.59,7.79,8.86,8358071.1,8913139.166666666,36989528.0,41181674.0,-14.61,432,-17.17,360,-47.2,429,-76.79,446,-47.05,-1.07,2026-11-12,False,https://www.tradingview.com/chart/?symbol=NYSE:SOC&interval=D,False,False,False,False
FLNC,"Fluence Energy, Inc.",NASDAQ,Electrical Products,7.58,10.41,11.81,6.51,9.65,10925035.9,7561452.833333333,57315812.0,78722285.0,-20.46,440,-31.9,439,-62.33,443,-48.65,432,-47.62,-3.71,2026-11-30,False,https://www.tradingview.com/chart/?symbol=NASDAQ:FLNC&interval=D,False,False,False,False
XNDU,Xanadu Quantum Technologies Limited,NASDAQ,Computer Processing Hardware,5.33,9.39,9.9,9.59,12.68,6779345.1,3225948.933333333,17194308.0,30300263.0,-32.27,445,-49.0,446,-55.95,440,-46.7,430,-50.55,-3.64,2026-12-02,False,https://www.tradingview.com/chart/?symbol=NASDAQ:XNDU&interval=D,False,False,False,False
ALHC,"Alignment Healthcare, Inc.",NASDAQ,Managed Health Care,7.86,12.25,14.34,10.5,10.64,15788010.0,8064784.633333334,63389207.0,98760008.0,-23.69,444,-40.59,444,-63.97,444,-53.19,436,-52.58,-4.25,2026-10-29,False,https://www.tradingview.com/chart/?symbol=NASDAQ:ALHC&interval=D,False,False,False,False
EYPT,"EyePoint, Inc.",NASDAQ,Pharmaceuticals: Major,3.72,5.48,8.37,8.99,14.97,4301578.499999995,6169821.833333333,22951737.0,33831190.0,1.64,208,-28.05,433,-74.11,447,-71.27,444,-57.81,-3.71,2026-11-04,False,https://www.tradingview.com/chart/?symbol=NASDAQ:EYPT&interval=D,False,False,False,False
ALMS,Alumis Inc.,NASDAQ,Pharmaceuticals: Major,7.44,16.03,20.7,9.75,16.87,3855697.7,3610658.8,26863301.0,57893303.0,-11.95,419,-68.59,447,-69.61,445,-71.4,445,-69.87,-3.8,2026-11-12,False,https://www.tradingview.com/chart/?symbol=NASDAQ:ALMS&interval=D,False,False,False,False
