name,description,exchange,industry,close,SMA30,SMA50,ADRP,ATRP,average_volume_10d_calc,average_volume_30d_calc,dollar_volume_30d,average_dollar_volume_30d,Perf.W,perf_1w_rank,Perf.1M,perf_1m_rank,Perf.3M,perf_3m_rank,Perf.6M,perf_6m_rank,momentum_score,atr_extension_from_50d,earnings_date,earnings_soon,tradingview_url,is_top_1w,is_top_1m,is_top_3m,is_top_6m
QMCO,Quantum Corporation,NASDAQ,Computer Peripherals,31.88,25.27,21.33,8.28,7.79,2403115.4,1475793.5333333334,47055677.0,37290351.0,25.58,4,33.69,21,188.03,3,562.89,1,261.54,6.35,2026-11-13,False,https://www.tradingview.com/chart/?symbol=NASDAQ:QMCO&interval=D,True,True,True,True
CYPH,Cypherpunk Technologies Inc.,NASDAQ,Financial Conglomerates,2.92,2.54,1.8,17.85,15.89,21430221.4,17604582.8,51405382.0,44744981.0,-14.12,415,67.82,9,306.12,1,296.79,5,223.58,3.93,2026-11-16,False,https://www.tradingview.com/chart/?symbol=NASDAQ:CYPH&interval=D,False,True,True,True
NCPL,Netcapital Inc.,NASDAQ,Miscellaneous Commercial Services,1.55,0.73,0.58,18.87,18.79,37009968.4,42085859.766666666,65233083.0,30867172.0,2.31,117,86.75,5,187.04,4,384.38,3,219.39,8.78,2026-12-21,False,https://www.tradingview.com/chart/?symbol=NASDAQ:NCPL&interval=D,False,True,True,True
MXL,"MaxLinear, Inc",NASDAQ,Semiconductors,92.12,73.02,72.35,6.55,6.97,3393311.6,2628944.2,242178340.0,191952361.0,12.15,23,57.55,12,-18.76,272,442.84,2,160.54,3.92,2026-10-28,False,https://www.tradingview.com/chart/?symbol=NASDAQ:MXL&interval=D,True,True,False,True
USDE,StablecoinX Inc.,NASDAQ,Packaged Software,15.51,9.51,6.57,11.39,11.72,6302269.5,9287007.366666667,144041484.0,88336466.0,21.46,6,90.31,3,299.74,2,55.1,120,148.38,11.62,,False,https://www.tradingview.com/chart/?symbol=NASDAQ:USDE&interval=D,True,True,True,False
CDNA,"CareDx, Inc.",NASDAQ,Medical Specialties,66.23,53.79,49.66,4.53,4.31,1643552.2,1276107.8333333333,84516622.0,68643967.0,19.79,7,32.65,22,122.1,7,281.51,6,145.42,7.74,2026-11-10,False,https://www.tradingview.com/chart/?symbol=NASDAQ:CDNA&interval=D,True,True,True,True
ASST,"Strive, Inc.",NASDAQ,Financial Conglomerates,30.11,26.17,20.63,5.66,5.99,8077366.000000002,10105882.566666666,304288124.0,264423786.0,5.24,77,28.35,28,134.68,5,213.65,10,125.56,7.67,2026-11-13,False,https://www.tradingview.com/chart/?symbol=NASDAQ:ASST&interval=D,False,False,True,True
GRAL,"GRAIL, Inc.",NASDAQ,Medical Specialties,132.56,91.38,82.62,7.01,6.5,2110890.7,1201532.0333333334,159275086.0,109798000.0,25.65,3,67.8,10,92.14,10,162.13,27,107.36,9.3,2026-11-18,False,https://www.tradingview.com/chart/?symbol=NASDAQ:GRAL&interval=D,True,True,True,False
SDGR,"Schrodinger, Inc.",NASDAQ,Packaged Software,30.46,23.79,21.01,7.9,5.92,3019590.8,2071666.7666666666,63102970.0,49284952.0,5.14,79,58.23,11,83.16,13,171.24,22,104.21,7.6,2026-11-11,False,https://www.tradingview.com/chart/?symbol=NASDAQ:SDGR&interval=D,False,True,True,True
TEAM,Atlassian Corporation,NASDAQ,Packaged Software,189.91,184.51,161.46,4.41,4.96,3444135.0,3524669.9,669370061.0,650329206.0,-3.06,247,-0.35,187,129.42,6,172.82,19,100.63,3.55,2026-10-29,False,https://www.tradingview.com/chart/?symbol=NASDAQ:TEAM&interval=D,False,False,True,True
APPS,"Digital Turbine, Inc.",NASDAQ,Packaged Software,11.55,11.12,11.04,7.25,7.36,3457899.7,2829524.8333333335,32681012.0,31452055.0,1.94,121,10.0,103,-13.42,230,303.85,4,100.14,0.62,2026-11-11,False,https://www.tradingview.com/chart/?symbol=NASDAQ:APPS&interval=D,False,False,False,True
GLND,Greenland Energy Company,NASDAQ,Financial Conglomerates,4.4,2.19,2.06,17.75,16.18,68752414.1,23274267.633333333,102406778.0,51067622.0,36.86,1,221.17,1,109.52,8,-49.71,420,93.66,7.0,2026-12-02,False,https://www.tradingview.com/chart/?symbol=NASDAQ:GLND&interval=D,True,True,True,False
BAND,Bandwidth Inc.,NASDAQ,Packaged Software,62.44,52.19,51.22,7.31,7.02,1029139.0,881320.9,55029677.0,45993934.0,7.66,48,31.7,23,-3.22,178,252.37,7,93.62,3.12,2026-10-29,False,https://www.tradingview.com/chart/?symbol=NASDAQ:BAND&interval=D,False,True,False,True
DELL,Dell Technologies Inc.,NYSE,Computer Processing Hardware,541.74,514.8,486.49,4.58,5.38,7839460.199999998,9154254.833333334,4959226013.0,4712570720.0,1.08,142,18.88,51,30.2,69,224.41,9,91.17,2.11,2026-12-01,False,https://www.tradingview.com/chart/?symbol=NYSE:DELL&interval=D,False,False,False,True
LIFE,Ethos Technologies Inc.,NASDAQ,Packaged Software,32.57,36.92,33.08,8.73,8.26,1794064.5,1627959.1,53022628.0,60109677.0,-4.21,271,-7.1,250,66.94,20,198.53,11,86.12,-0.19,2026-12-02,False,https://www.tradingview.com/chart/?symbol=NASDAQ:LIFE&interval=D,False,False,True,True
ALAB,"Astera Labs, Inc.",NASDAQ,Semiconductors,356.42,307.19,308.19,5.47,6.16,4257006.8,3688679.3,1314719076.0,1133138919.0,1.72,128,24.04,41,-17.69,261,250.53,8,85.63,2.54,2026-11-10,False,https://www.tradingview.com/chart/?symbol=NASDAQ:ALAB&interval=D,False,False,False,True
OKTA,"Okta, Inc.",NASDAQ,Packaged Software,212.63,176.25,163.25,4.84,4.57,4237795.3,4345550.266666667,923994353.0,765885128.0,4.12,91,25.08,40,51.52,34,171.61,21,82.73,6.62,2026-12-08,False,https://www.tradingview.com/chart/?symbol=NASDAQ:OKTA&interval=D,False,False,False,True
P,"Everpure, Inc.",NYSE,Computer Peripherals,134.13,106.45,100.75,4.58,4.84,12524603.7,6287470.566666666,843338427.0,669311721.0,17.71,11,44.96,15,73.25,17,127.34,43,81.85,6.84,2026-12-02,False,https://www.tradingview.com/chart/?symbol=NYSE:P&interval=D,True,True,True,False
HPE,Hewlett Packard Enterprise Company,NYSE,Computer Processing Hardware,64.58,57.39,55.29,4.85,5.6,19233423.7,23536490.96666669,1519986587.0,1350767062.0,5.76,69,23.03,43,48.46,40,173.88,18,81.79,3.0,2026-12-03,False,https://www.tradingview.com/chart/?symbol=NYSE:HPE&interval=D,False,False,False,True
AEHR,Aehr Test Systems,NASDAQ,Electronic Production Equipment,101.6,92.2,95.81,6.84,8.41,2097590.8,2524098.3,256448387.0,232725229.0,7.17,53,30.42,25,20.49,87,180.43,12,77.12,0.72,2026-10-06,False,https://www.tradingview.com/chart/?symbol=NASDAQ:AEHR&interval=D,False,False,False,True
CRWD,"CrowdStrike Holdings, Inc.",NASDAQ,Packaged Software,266.09,227.8,218.06,4.61,4.42,10284281.1,11548656.6,3072982035.0,2630776274.0,1.65,131,16.71,64,39.13,55,172.09,20,75.97,4.99,2026-12-01,False,https://www.tradingview.com/chart/?symbol=NASDAQ:CRWD&interval=D,False,False,False,True
SMTC,Semtech Corporation,NASDAQ,Semiconductors,186.59,155.78,144.83,5.61,6.09,3470455.7,3539099.3666666667,660360551.0,551326208.0,13.75,18,46.2,14,26.85,75,147.14,31,73.39,4.73,2026-12-02,False,https://www.tradingview.com/chart/?symbol=NASDAQ:SMTC&interval=D,True,True,False,False
AMC,"AMC Entertainment Holdings, Inc.",NYSE,Movies/Entertainment,2.76,2.7,2.64,7.49,7.63,38823386.70000003,27379595.36666667,75567683.0,73888401.0,-2.82,240,5.75,135,42.27,48,170.59,23,72.87,0.57,2026-11-11,False,https://www.tradingview.com/chart/?symbol=NYSE:AMC&interval=D,False,False,False,True
RNG,"RingCentral, Inc.",NYSE,Packaged Software,78.31,72.35,67.14,4.42,4.28,1799770.5,1541893.0666666667,120745646.0,111555963.0,-1.25,214,11.86,86,94.41,9,107.11,55,71.13,3.89,2026-11-09,False,https://www.tradingview.com/chart/?symbol=NYSE:RNG&interval=D,False,False,True,False
TWLO,Twilio Inc.,NYSE,Packaged Software,301.27,248.89,234.99,5.06,4.69,3526140.2,2267362.466666667,683088290.0,564317798.0,5.16,78,30.42,26,44.05,45,135.37,37,69.95,6.01,2026-10-29,False,https://www.tradingview.com/chart/?symbol=NYSE:TWLO&interval=D,False,False,False,False
CORT,Corcept Therapeutics Incorporated,NASDAQ,Pharmaceuticals: Major,114.02,115.26,112.61,4.72,4.59,2589406.6,1454144.2666666666,165808800.0,167600306.0,1.94,122,0.09,179,26.27,77,178.45,15,68.27,0.27,2026-11-04,False,https://www.tradingview.com/chart/?symbol=NASDAQ:CORT&interval=D,False,False,False,True
RBRK,"Rubrik, Inc.",NYSE,Information Technology Services,115.4,101.32,95.26,4.8,4.61,2921051.2,3502045.0,404135993.0,354837706.0,0.78,154,25.85,36,41.79,51,135.17,38,67.6,4.58,2026-12-03,False,https://www.tradingview.com/chart/?symbol=NYSE:RBRK&interval=D,False,False,False,False
FIVN,"Five9, Inc.",NASDAQ,Packaged Software,35.75,33.76,32.11,6.06,5.51,2959468.3,2117443.6,75698609.0,71485249.0,-4.69,277,5.74,136,55.03,29,140.42,34,67.06,2.06,2026-11-09,False,https://www.tradingview.com/chart/?symbol=NASDAQ:FIVN&interval=D,False,False,False,False
PLSE,"Pulse Biosciences, Inc",NASDAQ,Medical Specialties,49.83,51.36,46.55,6.71,6.97,545034.4,604744.4,30134413.0,31061285.0,-4.5,273,-0.2,185,72.84,18,123.55,44,65.4,1.01,2026-11-16,False,https://www.tradingview.com/chart/?symbol=NASDAQ:PLSE&interval=D,False,False,True,False
COHU,"Cohu, Inc.",NASDAQ,Semiconductors,70.34,55.67,54.21,4.35,5.0,966835.3,956881.2666666667,67307028.0,53270059.0,11.44,26,56.48,13,2.46,142,133.28,39,64.08,5.95,2026-10-29,False,https://www.tradingview.com/chart/?symbol=NASDAQ:COHU&interval=D,False,True,False,False
INTC,Intel Corporation,NASDAQ,Semiconductors,120.0,103.34,100.49,4.52,5.06,117724119.6,101541296.26666667,12184955552.0,10493649874.0,-0.51,194,38.19,19,-6.92,195,160.53,28,63.93,3.83,2026-10-22,False,https://www.tradingview.com/chart/?symbol=NASDAQ:INTC&interval=D,False,True,False,False
PURR,Hyperliquid Strategies Inc,NASDAQ,Financial Conglomerates,12.03,12.12,9.96,7.85,8.57,24884463.2,26858372.766666666,323106224.0,325626435.0,-10.62,393,2.56,160,41.86,50,143.52,32,62.65,2.42,2026-12-02,False,https://www.tradingview.com/chart/?symbol=NASDAQ:PURR&interval=D,False,False,False,False
NTSK,"Netskope, Inc.",NASDAQ,Packaged Software,17.85,15.97,15.11,5.44,5.35,7237925.6,6651733.733333333,118733447.0,106248143.0,-2.94,243,18.84,52,51.53,33,113.26,50,61.21,3.39,2026-12-11,False,https://www.tradingview.com/chart/?symbol=NASDAQ:NTSK&interval=D,False,False,False,False
SNDK,Sandisk Corporation,NASDAQ,Computer Peripherals,1787.69,1646.7,1537.47,4.93,5.72,9234988.3,10031751.9,17933662554.0,16519257430.0,0.12,168,17.15,60,-12.53,224,178.42,16,61.01,2.84,2026-10-29,False,https://www.tradingview.com/chart/?symbol=NASDAQ:SNDK&interval=D,False,False,False,True
XMTR,"Xometry, Inc.",NASDAQ,Information Technology Services,104.23,93.61,91.58,5.04,4.88,1022187.8,737574.1333333333,76877352.0,69047634.0,-0.72,201,15.49,73,7.21,126,159.02,29,60.57,2.83,2026-11-05,False,https://www.tradingview.com/chart/?symbol=NASDAQ:XMTR&interval=D,False,False,False,False
CVI,CVR Energy Inc.,NYSE,Oil Refining/Marketing,54.36,46.96,41.89,5.16,4.82,1181533.1,1162596.8333333333,63198764.0,54599423.0,3.44,97,26.6,31,89.41,11,65.48,98,60.49,6.18,2026-11-02,False,https://www.tradingview.com/chart/?symbol=NYSE:CVI&interval=D,False,False,True,False
ILMN,"Illumina, Inc.",NASDAQ,Medical Specialties,265.72,231.99,217.37,4.78,4.26,5933395.9,3413372.7000000007,907001394.0,791871746.0,4.7,83,25.13,39,42.28,47,113.53,49,60.31,5.22,2026-10-29,False,https://www.tradingview.com/chart/?symbol=NASDAQ:ILMN&interval=D,False,False,False,False
ATRC,"AtriCure, Inc.",NASDAQ,Medical Specialties,53.59,53.91,48.67,4.35,4.36,1980580.9,1327923.4666666666,71163419.0,71592117.0,-10.13,386,10.65,96,77.51,16,92.49,66,60.22,2.32,2026-11-04,False,https://www.tradingview.com/chart/?symbol=NASDAQ:ATRC&interval=D,False,False,True,False
ZETA,Zeta Global Holdings Corp.,NYSE,Packaged Software,32.4,30.22,28.18,4.48,4.6,6099889.3,6388556.233333333,206989222.0,193087724.0,9.46,35,6.58,125,55.81,27,112.88,51,58.42,3.26,2026-11-10,False,https://www.tradingview.com/chart/?symbol=NYSE:ZETA&interval=D,False,False,False,False
PENG,"Penguin Solutions, Inc.",NASDAQ,Semiconductors,54.98,51.62,53.21,4.42,5.6,1521810.4,1419256.8333333333,78030741.0,73267715.0,4.8,81,15.75,71,-20.68,283,179.23,13,58.1,0.59,2026-10-06,False,https://www.tradingview.com/chart/?symbol=NASDAQ:PENG&interval=D,False,False,False,True
AMBQ,"Ambiq Micro, Inc.",NYSE,Semiconductors,69.15,62.39,63.43,5.28,5.67,734021.6,530831.4,36706991.0,33118217.0,2.52,111,20.89,47,-21.24,290,167.71,24,55.79,1.59,2026-11-05,False,https://www.tradingview.com/chart/?symbol=NYSE:AMBQ&interval=D,False,False,False,False
PANW,"Palo Alto Networks, Inc.",NASDAQ,Packaged Software,396.25,363.76,360.31,4.53,4.43,6496428.00000001,6552676.633333342,2596498116.0,2383595099.0,0.97,148,5.77,134,12.73,110,147.81,30,55.44,2.25,2026-11-12,False,https://www.tradingview.com/chart/?symbol=NASDAQ:PANW&interval=D,False,False,False,False
VICR,Vicor Corporation,NASDAQ,Electronic Components,308.59,218.19,218.06,5.3,6.08,1138421.8,858710.8,264989566.0,187358675.0,12.44,22,68.54,8,-11.71,220,108.18,53,55.0,6.82,2026-10-27,False,https://www.tradingview.com/chart/?symbol=NASDAQ:VICR&interval=D,True,True,False,False
BB,BlackBerry Limited,NYSE,Packaged Software,9.18,8.11,8.32,6.01,5.66,26130613.2,14841790.733333342,136247639.0,120401554.0,9.03,38,14.32,75,-28.59,347,179.03,14,54.92,1.83,2026-12-17,False,https://www.tradingview.com/chart/?symbol=NYSE:BB&interval=D,False,False,False,True
GPRO,"GoPro, Inc.",NASDAQ,Electronics/Appliances,1.33,1.17,0.97,6.23,9.33,11859500.4,65437179.53333333,87031449.0,76532053.0,2.7,107,-1.48,195,79.73,14,84.07,76,54.11,3.93,2026-11-05,False,https://www.tradingview.com/chart/?symbol=NASDAQ:GPRO&interval=D,False,False,True,False
ECO,Okeanis Eco Tankers Corp.,NYSE,Marine Shipping,85.74,74.29,68.85,4.28,3.96,841239.9,690364.1333333333,59191821.0,51286461.0,11.5,25,26.87,30,65.01,21,69.82,94,53.9,6.19,2026-11-11,False,https://www.tradingview.com/chart/?symbol=NYSE:ECO&interval=D,False,False,True,False
DDOG,"Datadog, Inc.",NASDAQ,Packaged Software,276.46,237.15,244.01,4.18,4.41,3482607.2,3541934.0,979203074.0,839958432.0,10.76,29,18.71,53,5.62,130,135.73,36,53.35,3.02,2026-11-05,False,https://www.tradingview.com/chart/?symbol=NASDAQ:DDOG&interval=D,False,False,False,False
HTFL,"Heartflow, Inc.",NASDAQ,Packaged Software,48.91,49.04,41.58,4.45,4.72,1985346.8,1944370.7666666666,95099174.0,95359072.0,1.22,136,-2.72,213,58.13,25,103.54,59,52.98,3.74,2026-11-18,False,https://www.tradingview.com/chart/?symbol=NASDAQ:HTFL&interval=D,False,False,False,False
STX,Seagate Technology Holdings PLC,NASDAQ,Computer Peripherals,945.57,856.44,856.0,4.73,5.1,3713267.6,3520415.466666667,3328799253.0,3015029903.0,3.38,99,16.7,65,4.98,136,135.8,35,52.49,2.05,2026-10-28,False,https://www.tradingview.com/chart/?symbol=NASDAQ:STX&interval=D,False,False,False,False
NBIS,Nebius Group N.V.,NASDAQ,Packaged Software,232.28,222.73,218.41,6.29,6.92,15356574.9,15389018.033333333,3574561109.0,3427526736.0,0.19,166,16.19,68,-0.31,162,140.93,33,52.27,0.92,2026-10-22,False,https://www.tradingview.com/chart/?symbol=NASDAQ:NBIS&interval=D,False,False,False,False
ANDG,Andersen Group Inc.,NYSE,Other Consumer Services,57.36,54.27,51.53,4.08,4.13,717476.3,607120.7333333333,34824445.0,32948442.0,7.26,51,2.89,157,54.15,31,98.89,64,51.98,2.74,2026-12-02,False,https://www.tradingview.com/chart/?symbol=NYSE:ANDG&interval=D,False,False,False,False
OSCR,"Oscar Health, Inc.",NYSE,Managed Health Care,29.9,31.22,30.72,5.61,5.56,5954425.2,5260467.6,157287981.0,164242319.0,-1.32,217,0.3,176,-7.26,197,162.51,26,51.85,-0.48,2026-11-10,False,https://www.tradingview.com/chart/?symbol=NYSE:OSCR&interval=D,False,False,False,False
SMCI,"Super Micro Computer, Inc.",NASDAQ,Computer Processing Hardware,41.92,38.96,36.27,4.77,5.39,36482826.5,37454779.86666667,1570104372.0,1459275678.0,3.66,96,15.07,74,49.45,38,90.72,68,51.75,2.89,2026-11-03,False,https://www.tradingview.com/chart/?symbol=NASDAQ:SMCI&interval=D,False,False,False,False
AXTI,AXT Inc,NASDAQ,Electronic Production Equipment,81.81,68.01,67.57,7.36,8.7,8995942.5,8372533.966666667,684957004.0,569427198.0,15.53,13,40.98,17,28.79,73,83.76,77,51.18,2.42,2026-10-29,False,https://www.tradingview.com/chart/?symbol=NASDAQ:AXTI&interval=D,True,True,False,False
U,Unity Software Inc.,NYSE,Packaged Software,43.61,42.8,41.03,4.74,4.8,12856375.8,10010954.733333332,436577736.0,428462189.0,-0.91,206,5.8,133,45.85,42,101.62,60,51.09,1.31,2026-11-11,False,https://www.tradingview.com/chart/?symbol=NYSE:U&interval=D,False,False,False,False
SECZ,Securitize Corp.,NYSE,Packaged Software,13.74,9.67,8.53,11.22,9.65,7575752.9,3776686.1,51891667.0,36506707.0,-6.34,322,117.06,2,10.36,119,25.48,196,50.97,6.33,2026-11-13,False,https://www.tradingview.com/chart/?symbol=NYSE:SECZ&interval=D,False,True,False,False
PBF,PBF Energy Inc.,NYSE,Oil Refining/Marketing,82.34,73.83,71.3,5.98,5.52,4086434.8,3547482.7333333334,292099728.0,261898825.0,16.07,12,9.79,105,71.11,19,71.54,90,50.81,2.8,2026-10-29,False,https://www.tradingview.com/chart/?symbol=NYSE:PBF&interval=D,True,False,True,False
BE,Bloom Energy Corporation,NYSE,Electronic Production Equipment,277.58,250.0,234.72,6.64,7.56,20831820.3,15755350.466666667,4373370183.0,3938853372.0,8.43,42,36.4,20,-6.81,193,122.35,45,50.65,2.41,2026-10-29,False,https://www.tradingview.com/chart/?symbol=NYSE:BE&interval=D,False,True,False,False
SLS,"SELLAS Life Sciences Group, Inc.",NASDAQ,Pharmaceuticals: Major,11.33,12.79,12.32,7.03,8.27,6108622.7,7148051.5,80987423.0,91396178.0,-0.87,205,-12.98,320,-14.17,236,178.38,17,50.41,-0.97,2026-11-18,False,https://www.tradingview.com/chart/?symbol=NASDAQ:SLS&interval=D,False,False,False,True
NEO,"NeoGenomics, Inc.",NASDAQ,Medical/Nursing Services,17.78,18.14,17.12,4.9,4.8,2665457.5,2046065.0666666667,36379037.0,37121076.0,-3.74,260,0.62,173,18.53,96,131.51,41,50.22,0.8,2026-11-10,False,https://www.tradingview.com/chart/?symbol=NASDAQ:NEO&interval=D,False,False,False,False
SBET,"Sharplink, Inc.",NASDAQ,Advertising/Marketing Services,9.58,8.84,7.82,5.49,5.82,9090784.5,9279355.700000023,88896228.0,82035691.0,-2.24,233,15.56,72,79.07,15,55.9,117,50.18,3.86,2026-11-12,False,https://www.tradingview.com/chart/?symbol=NASDAQ:SBET&interval=D,False,False,True,False
QLYS,"Qualys, Inc.",NASDAQ,Packaged Software,187.43,177.63,173.16,5.15,4.9,662451.7,688253.7333333333,128999397.0,122254969.0,1.08,140,2.28,161,30.67,68,115.16,48,49.37,1.68,2026-11-04,False,https://www.tradingview.com/chart/?symbol=NASDAQ:QLYS&interval=D,False,False,False,False
DINO,HF Sinclair Corporation,NYSE,Oil Refining/Marketing,112.7,105.3,98.88,4.73,4.13,3213326.1,2649287.2,298574667.0,278977007.0,5.03,80,9.65,108,55.04,28,79.52,82,48.07,3.38,2026-10-28,False,https://www.tradingview.com/chart/?symbol=NYSE:DINO&interval=D,False,False,False,False
S,"SentinelOne, Inc.",NYSE,Packaged Software,24.67,21.87,21.36,4.99,4.58,8404895.5,8862618.266666668,218640793.0,193822507.0,3.03,102,13.58,80,40.57,53,87.18,72,47.11,3.39,2026-12-08,False,https://www.tradingview.com/chart/?symbol=NYSE:S&interval=D,False,False,False,False
AMLX,"Amylyx Pharmaceuticals, Inc.",NASDAQ,Pharmaceuticals: Major,28.08,33.36,29.13,5.32,5.85,1383744.3,2021305.0666666667,56758246.0,67426358.0,-8.62,365,-16.15,348,54.97,30,100.57,61,46.46,-0.61,2026-11-05,False,https://www.tradingview.com/chart/?symbol=NASDAQ:AMLX&interval=D,False,False,False,False
MPC,Marathon Petroleum Corporation,NYSE,Oil Refining/Marketing,420.15,388.88,363.25,4.13,3.63,3556463.2,2842795.7333333334,1194400627.0,1105514933.0,6.6,58,10.34,98,57.36,26,71.49,91,46.4,4.31,2026-11-03,False,https://www.tradingview.com/chart/?symbol=NYSE:MPC&interval=D,False,False,False,False
NET,"Cloudflare, Inc.",NYSE,Information Technology Services,351.0,315.84,305.99,4.92,4.69,3136253.7,3080374.433333333,1081211426.0,972891086.0,0.34,162,16.37,67,45.04,44,74.19,87,45.2,3.13,2026-10-29,False,https://www.tradingview.com/chart/?symbol=NYSE:NET&interval=D,False,False,False,False
BMNR,"BitMine Immersion Technologies, Inc.",NYSE,Financial Conglomerates,26.73,25.26,22.33,5.19,5.98,37691916.5,44189423.7,1181183296.0,1116401600.0,-1.75,223,9.59,109,83.52,12,41.77,150,44.96,3.3,2026-11-20,False,https://www.tradingview.com/chart/?symbol=NYSE:BMNR&interval=D,False,False,True,False
ETON,"Eton Pharmaceuticals, Inc.",NASDAQ,Pharmaceuticals: Major,51.98,58.62,54.39,6.59,6.9,762659.2,584064.7666666667,30359687.0,34240505.0,-7.49,347,-13.95,329,40.71,52,107.92,54,44.89,-0.64,2026-11-05,False,https://www.tradingview.com/chart/?symbol=NASDAQ:ETON&interval=D,False,False,False,False
BFLY,"Butterfly Network, Inc.",NYSE,Medical Specialties,8.53,8.35,8.32,7.83,7.51,6707543.6,5231660.366666666,44626063.0,43661694.0,-6.47,324,6.62,123,6.76,127,117.6,47,43.66,0.33,2026-10-29,False,https://www.tradingview.com/chart/?symbol=NYSE:BFLY&interval=D,False,False,False,False
VLO,Valero Energy Corporation,NYSE,Oil Refining/Marketing,408.46,376.62,353.06,4.48,3.79,4669471.199999976,3417494.8000000045,1395909926.0,1287091196.0,7.76,46,12.24,85,51.34,35,64.3,102,42.63,4.14,2026-10-22,False,https://www.tradingview.com/chart/?symbol=NYSE:VLO&interval=D,False,False,False,False
SITM,SiTime Corporation,NASDAQ,Semiconductors,678.87,604.66,607.69,4.9,5.7,511262.4,417542.13333333336,283456828.0,252469287.0,14.95,14,22.98,44,-3.45,179,104.79,57,41.44,2.05,2026-11-04,False,https://www.tradingview.com/chart/?symbol=NASDAQ:SITM&interval=D,True,False,False,False
OUST,"Ouster, Inc.",NASDAQ,Semiconductors,40.87,36.99,38.78,5.79,6.42,2563135.3,2162633.1666666665,88386818.0,79992196.0,6.29,64,22.37,45,-30.11,360,132.03,40,41.43,0.84,2026-11-05,False,https://www.tradingview.com/chart/?symbol=NASDAQ:OUST&interval=D,False,False,False,False
HPQ,HP Inc.,NYSE,Information Technology Services,32.15,31.74,30.43,4.3,4.41,16023134.899999995,16549102.833333435,532053656.0,525318171.0,0.45,159,8.07,117,45.74,43,69.21,95,41.01,1.28,2026-12-01,False,https://www.tradingview.com/chart/?symbol=NYSE:HPQ&interval=D,False,False,False,False
INOD,Innodata Inc.,NASDAQ,Data Processing Services,71.85,60.02,60.87,6.86,6.28,2339193.4,1391226.5,99959624.0,83504429.0,1.93,125,30.64,24,-0.53,166,90.53,70,40.21,2.87,2026-11-05,False,https://www.tradingview.com/chart/?symbol=NASDAQ:INOD&interval=D,False,False,False,False
MSTR,Strategy Inc,NASDAQ,Internet Software/Services,160.5,139.63,122.28,4.98,5.58,24674462.4,26459513.433333334,4246751906.0,3694559500.0,-0.32,181,25.36,38,60.74,22,33.97,170,40.03,5.61,2026-11-04,False,https://www.tradingview.com/chart/?symbol=NASDAQ:MSTR&interval=D,False,False,True,False
AYA,Aya Gold & Silver Inc.,NASDAQ,Precious Metals,26.91,27.95,26.27,4.59,5.59,1387726.2,1293807.9666666666,34816372.0,36160639.0,-2.89,242,1.36,169,37.3,57,77.62,84,38.76,0.43,2026-11-17,False,https://www.tradingview.com/chart/?symbol=NASDAQ:AYA&interval=D,False,False,False,False
MANE,"Veradermics, Incorporated",NYSE,Pharmaceuticals: Major,117.22,105.88,107.38,5.4,5.27,901026.2,701082.7333333333,82180918.0,74232042.0,1.67,130,18.9,49,-8.45,201,103.83,58,38.09,1.74,2026-12-02,False,https://www.tradingview.com/chart/?symbol=NYSE:MANE&interval=D,False,False,False,False
TEM,"Tempus AI, Inc.",NASDAQ,Packaged Software,76.5,70.72,61.96,6.94,6.59,6993869.3,7820224.0,598247136.0,553061882.0,1.07,143,16.54,66,25.2,80,71.56,89,37.77,3.56,2026-11-10,False,https://www.tradingview.com/chart/?symbol=NASDAQ:TEM&interval=D,False,False,False,False
FCEL,"FuelCell Energy, Inc.",NASDAQ,Electronic Equipment/Instruments,16.57,17.0,18.65,5.83,8.49,4986082.399999999,6504910.399999995,107786365.0,110581308.0,0.76,155,-1.78,198,-47.51,413,162.6,25,37.77,-1.31,2026-12-17,False,https://www.tradingview.com/chart/?symbol=NASDAQ:FCEL&interval=D,False,False,False,False
NUAI,"New Era Energy & Digital, Inc.",NASDAQ,Engineering & Construction,6.37,5.87,5.54,8.85,9.53,10921310.5,7605420.766666667,48446530.0,44610863.0,-3.78,262,38.78,18,18.84,94,55.37,118,37.66,1.57,2026-12-02,False,https://www.tradingview.com/chart/?symbol=NASDAQ:NUAI&interval=D,False,True,False,False
GH,"Guardant Health, Inc.",NASDAQ,Medical Specialties,174.75,169.56,164.78,4.34,4.23,2003561.6,1851112.3666666667,323481886.0,313874613.0,0.4,161,10.25,100,1.63,145,99.33,63,37.07,1.43,2026-10-29,False,https://www.tradingview.com/chart/?symbol=NASDAQ:GH&interval=D,False,False,False,False
FROG,JFrog Ltd.,NASDAQ,Packaged Software,97.59,92.25,89.45,5.15,5.32,1726935.6,1848444.1333333333,180389663.0,170512194.0,6.6,59,-1.02,194,6.41,128,105.15,56,36.85,1.71,2026-11-04,False,https://www.tradingview.com/chart/?symbol=NASDAQ:FROG&interval=D,False,False,False,False
APPN,Appian Corporation,NASDAQ,Packaged Software,37.77,37.89,35.12,5.04,5.41,822819.4,891011.5333333333,33653506.0,33757754.0,-1.97,227,-10.22,285,58.7,23,60.25,112,36.24,1.4,2026-10-29,False,https://www.tradingview.com/chart/?symbol=NASDAQ:APPN&interval=D,False,False,True,False
SWKS,"Skyworks Solutions, Inc.",NASDAQ,Semiconductors,83.16,78.99,73.74,5.96,5.36,6239121.8,6977386.666666667,580239475.0,551171682.0,-8.77,368,26.0,34,25.52,78,56.94,115,36.15,2.38,2026-10-29,False,https://www.tradingview.com/chart/?symbol=NASDAQ:SWKS&interval=D,False,False,False,False
ACMR,"ACM Research, Inc.",NASDAQ,Industrial Machinery,83.58,74.38,76.65,5.03,5.98,1421834.0,1011856.2666666684,84570947.0,75265073.0,7.02,54,16.99,61,-28.35,346,119.77,46,36.14,1.51,2026-10-28,False,https://www.tradingview.com/chart/?symbol=NASDAQ:ACMR&interval=D,False,False,False,False
CRDO,Credo Technology Group Holding Ltd,NASDAQ,Information Technology Services,210.17,192.63,208.42,4.89,6.52,8970560.2,8209833.6,1725460728.0,1581476666.0,11.25,27,-4.47,229,-19.17,275,130.73,42,35.7,0.13,2026-12-02,False,https://www.tradingview.com/chart/?symbol=NASDAQ:CRDO&interval=D,False,False,False,False
CLMT,"Calumet, Inc",NASDAQ,Oil Refining/Marketing,53.72,53.18,49.64,4.6,4.39,1806722.9,1409002.4,75691609.0,74924642.0,-2.86,241,5.44,138,47.26,41,54.06,123,35.58,1.87,2026-11-06,False,https://www.tradingview.com/chart/?symbol=NASDAQ:CLMT&interval=D,False,False,False,False
TENB,"Tenable Holdings, Inc.",NASDAQ,Packaged Software,36.11,35.03,35.03,6.34,5.96,3150819.2,4960262.3,179115072.0,173771216.0,-0.33,184,-3.09,216,-4.7,188,112.04,52,34.75,0.52,2026-11-04,False,https://www.tradingview.com/chart/?symbol=NASDAQ:TENB&interval=D,False,False,False,False
CVLT,"Commvault Systems, Inc.",NASDAQ,Packaged Software,147.77,139.62,137.96,4.13,3.92,670283.7,562328.9333333333,83095346.0,78510679.0,-0.57,195,9.69,106,0.51,153,90.3,71,33.5,1.81,2026-11-03,False,https://www.tradingview.com/chart/?symbol=NASDAQ:CVLT&interval=D,False,False,False,False
INSP,"Inspire Medical Systems, Inc.",NYSE,Medical Specialties,70.78,67.42,62.82,5.22,5.07,1058216.9,785324.2333333333,55585249.0,52948392.0,2.42,113,12.35,84,53.1,32,34.51,168,33.32,2.5,2026-11-09,False,https://www.tradingview.com/chart/?symbol=NYSE:INSP&interval=D,False,False,False,False
LITE,Lumentum Holdings Inc.,NASDAQ,Electrical Products,1045.78,916.76,873.99,5.56,6.42,5118579.1,4452798.1,4656647197.0,4082127149.0,13.2,19,16.06,70,34.49,60,47.59,137,32.71,3.06,2026-11-10,False,https://www.tradingview.com/chart/?symbol=NASDAQ:LITE&interval=D,True,False,False,False
DK,"Delek US Holdings, Inc.",NYSE,Oil Refining/Marketing,74.34,72.6,69.41,5.63,5.68,3656295.4,2538270.933333333,188695061.0,184272547.0,8.6,40,-3.43,219,38.41,56,62.17,106,32.38,1.25,2026-11-11,False,https://www.tradingview.com/chart/?symbol=NYSE:DK&interval=D,False,False,False,False
SYRE,"Spyre Therapeutics, Inc.",NASDAQ,Pharmaceuticals: Major,89.93,91.81,96.11,4.4,5.38,1509520.1999999995,1306148.1666666665,117461905.0,119916592.0,2.82,106,3.3,155,0.92,149,90.65,69,31.62,-1.2,2026-11-05,False,https://www.tradingview.com/chart/?symbol=NASDAQ:SYRE&interval=D,False,False,False,False
AMRX,"Amneal Pharmaceuticals, Inc.",NASDAQ,Pharmaceuticals: Major,20.07,18.34,18.27,4.87,4.01,3705173.4,2433362.1333333333,48837578.0,44625023.0,4.04,92,14.23,77,17.64,98,61.99,107,31.29,2.46,2026-10-29,False,https://www.tradingview.com/chart/?symbol=NASDAQ:AMRX&interval=D,False,False,False,False
SAIL,"SailPoint, Inc.",NASDAQ,Packaged Software,20.58,19.55,18.76,5.88,5.68,5876235.3,4848908.133333334,99790529.0,94794538.0,-3.88,264,1.63,164,34.42,61,56.15,116,30.73,1.71,2026-12-15,False,https://www.tradingview.com/chart/?symbol=NASDAQ:SAIL&interval=D,False,False,False,False
DOCN,"DigitalOcean Holdings, Inc.",NYSE,Packaged Software,139.8,124.86,124.56,6.15,6.42,2963195.1,2554115.8666666667,357065398.0,318907758.0,1.64,132,28.6,27,-1.22,169,63.05,105,30.14,1.9,2026-11-09,False,https://www.tradingview.com/chart/?symbol=NYSE:DOCN&interval=D,False,False,False,False
ZS,"Zscaler, Inc.",NASDAQ,Packaged Software,198.78,186.45,177.95,5.03,4.84,3116360.2,3352895.8666666667,666488640.0,625151346.0,-6.88,334,7.66,118,37.0,59,45.75,139,30.14,2.42,2026-12-01,False,https://www.tradingview.com/chart/?symbol=NASDAQ:ZS&interval=D,False,False,False,False
GCT,GigaCloud Technology Inc,NASDAQ,Wholesale Distributors,53.19,51.77,49.73,4.86,4.95,759501.5,605477.1666666666,32205330.0,31346865.0,3.24,101,11.77,87,58.3,24,19.85,212,29.97,1.4,2026-11-26,False,https://www.tradingview.com/chart/?symbol=NASDAQ:GCT&interval=D,False,False,False,False
WOLF,"Wolfspeed, Inc.",NYSE,Semiconductors,31.17,26.58,26.93,5.66,7.13,2559395.7000001147,2761299.133333355,86069694.0,73394411.0,18.07,9,19.29,48,-30.27,362,100.06,62,29.69,2.21,2026-10-28,False,https://www.tradingview.com/chart/?symbol=NYSE:WOLF&interval=D,True,False,False,False
PARR,"Par Pacific Holdings, Inc. Common Stock",NYSE,Oil Refining/Marketing,86.21,80.19,79.43,5.19,5.17,1092775.2000000016,932180.0000000005,80363238.0,74749339.0,11.76,24,6.37,127,48.84,39,33.12,177,29.44,1.65,2026-11-09,False,https://www.tradingview.com/chart/?symbol=NYSE:PARR&interval=D,False,False,False,False
QRVO,"Qorvo, Inc.",NASDAQ,Semiconductors,112.21,107.61,102.1,4.18,3.75,2062788.0,1514939.1333333333,169991320.0,163020833.0,-5.64,299,18.08,56,23.84,81,46.13,138,29.35,2.64,2026-11-04,False,https://www.tradingview.com/chart/?symbol=NASDAQ:QRVO&interval=D,False,False,False,False
BRKR,Bruker Corporation,NASDAQ,Medical Specialties,61.94,59.2,58.88,5.03,4.82,2255703.1,2204807.6666666665,136565787.0,130531963.0,4.68,84,7.18,120,0.88,150,77.58,85,28.55,1.08,2026-10-29,False,https://www.tradingview.com/chart/?symbol=NASDAQ:BRKR&interval=D,False,False,False,False
SG,"Sweetgreen, Inc.",NYSE,Restaurants,8.68,7.26,6.76,4.96,5.3,5785755.3,5045990.1,43799194.0,36659118.0,12.73,20,25.98,35,-5.75,189,65.33,100,28.52,5.36,2026-11-05,False,https://www.tradingview.com/chart/?symbol=NYSE:SG&interval=D,True,False,False,False
BETA,"Beta Technologies, Inc.",NYSE,Aerospace & Defense,21.73,21.85,21.87,6.94,7.19,4955543.9,3320426.2333333334,72152862.0,72560168.0,-9.23,376,10.81,94,23.75,82,50.59,128,28.38,-0.09,2026-12-03,False,https://www.tradingview.com/chart/?symbol=NYSE:BETA&interval=D,False,False,False,False
HUT,Hut 8 Corp.,NASDAQ,Data Processing Services,86.36,90.53,92.46,7.63,8.49,4335730.00000001,4628504.999999998,399717692.0,419019329.0,-13.48,413,8.78,113,-19.17,274,92.34,67,27.32,-0.78,2026-11-18,False,https://www.tradingview.com/chart/?symbol=NASDAQ:HUT&interval=D,False,False,False,False
SANM,Sanmina Corporation,NASDAQ,Electronic Production Equipment,221.96,203.38,201.78,4.6,4.97,693855.7,612094.7,135860540.0,124485984.0,2.25,118,14.28,76,-9.92,208,77.3,86,27.22,2.01,2026-11-09,False,https://www.tradingview.com/chart/?symbol=NASDAQ:SANM&interval=D,False,False,False,False
RGEN,Repligen Corporation,NASDAQ,Pharmaceuticals: Major,177.23,178.3,168.78,4.14,4.22,1279943.5,1082197.5,191797863.0,192958700.0,-3.73,259,-1.92,201,26.68,76,55.19,119,26.65,1.18,2026-11-03,False,https://www.tradingview.com/chart/?symbol=NASDAQ:RGEN&interval=D,False,False,False,False
GEO,Geo Group Inc (The) REIT,NYSE,Miscellaneous Commercial Services,30.79,31.41,31.21,4.54,4.28,2796566.5,2380158.6333333333,73285084.0,74749675.0,1.02,146,-2.16,204,0.85,151,80.27,80,26.32,-0.31,2026-11-05,False,https://www.tradingview.com/chart/?symbol=NYSE:GEO&interval=D,False,False,False,False
SEI,"Solaris Energy Infrastructure, Inc.",NYSE,Oilfield Services/Equipment,71.38,61.42,59.52,4.9,5.74,2479146.8,2675045.5,190944748.0,164297728.0,5.39,75,44.2,16,-1.76,171,33.7,173,25.38,3.47,2026-11-02,False,https://www.tradingview.com/chart/?symbol=NYSE:SEI&interval=D,False,True,False,False
TH,Target Hospitality Corp.,NASDAQ,Hotels/Resorts/Cruise lines,20.48,19.28,18.02,4.46,4.81,2124179.7,2073150.8,42458128.0,39966201.0,-1.92,225,11.0,93,3.64,138,61.01,110,25.22,2.84,2026-11-11,False,https://www.tradingview.com/chart/?symbol=NASDAQ:TH&interval=D,False,False,False,False
ROG,Rogers Corporation,NYSE,Chemicals: Specialty,155.8,131.8,131.64,4.26,4.31,361037.1,243784.5,37981625.0,32130228.0,13.94,17,26.2,33,-0.4,163,48.92,132,24.91,4.26,2026-11-04,False,https://www.tradingview.com/chart/?symbol=NYSE:ROG&interval=D,True,False,False,False
CBRL,"Cracker Barrel Old Country Store, Inc.",NASDAQ,Restaurants,51.72,51.8,53.72,5.09,4.96,1408302.3,1026109.1,53070363.0,53150741.0,10.32,32,-4.47,230,-6.3,190,84.71,75,24.65,-0.75,2026-11-27,False,https://www.tradingview.com/chart/?symbol=NASDAQ:CBRL&interval=D,False,False,False,False
CXW,"CoreCivic, Inc.",NYSE,Miscellaneous Commercial Services,32.49,33.63,32.84,5.63,5.16,2467903.4,2021037.2,65663499.0,67962765.0,1.06,144,-2.84,215,4.57,137,72.09,88,24.61,-0.21,2026-11-09,False,https://www.tradingview.com/chart/?symbol=NYSE:CXW&interval=D,False,False,False,False
MRX,Marex Group Limited,NASDAQ,Internet Software/Services,70.96,72.6,69.89,4.43,4.51,768300.0,767132.3,54435708.0,55690481.0,-0.38,188,-1.81,199,8.39,123,66.85,96,24.47,0.34,2026-11-05,False,https://www.tradingview.com/chart/?symbol=NASDAQ:MRX&interval=D,False,False,False,False
UMAC,"Unusual Machines, Inc.",AMEX,Electronic Equipment/Instruments,21.78,24.01,24.34,7.35,8.8,2566936.1,2947078.6,64187372.0,70758375.0,-2.98,246,-5.1,236,-3.97,183,82.41,79,24.45,-1.19,2026-11-12,False,https://www.tradingview.com/chart/?symbol=AMEX:UMAC&interval=D,False,False,False,False
TVTX,"Travere Therapeutics, Inc.",NASDAQ,Pharmaceuticals: Major,56.85,63.98,62.25,4.27,4.38,1837125.8,1489763.5666666667,84693059.0,95311100.0,-5.25,288,-13.86,328,0.12,158,85.24,74,23.83,-1.98,2026-10-22,False,https://www.tradingview.com/chart/?symbol=NASDAQ:TVTX&interval=D,False,False,False,False
NEOG,Neogen Corporation,NASDAQ,Medical Specialties,12.24,12.35,11.85,4.74,4.45,6144070.9,3455785.5,42298815.0,42691046.0,-9.21,375,4.62,144,31.33,67,33.92,172,23.29,0.74,2026-10-06,False,https://www.tradingview.com/chart/?symbol=NASDAQ:NEOG&interval=D,False,False,False,False
HOOD,"Robinhood Markets, Inc.",NASDAQ,Investment Banks/Brokers,111.15,112.93,105.17,5.12,5.5,21316912.1,23091406.966666665,2566609884.0,2607627920.0,-6.99,339,5.52,137,-1.43,170,65.4,99,23.16,1.03,2026-11-04,False,https://www.tradingview.com/chart/?symbol=NASDAQ:HOOD&interval=D,False,False,False,False
DFTX,"Definium Therapeutics, Inc.",NASDAQ,Pharmaceuticals: Major,37.6,39.59,41.24,5.62,5.5,2417526.1999999983,2163886.8666666644,81362146.0,85679100.0,0.29,164,-4.52,231,-13.29,229,86.6,73,22.93,-1.61,2026-11-05,False,https://www.tradingview.com/chart/?symbol=NASDAQ:DFTX&interval=D,False,False,False,False
CLS,"Celestica, Inc.",NYSE,Electronic Components,373.09,327.63,329.15,4.65,5.36,2411258.0,2184757.966666667,815111350.0,715785698.0,5.32,76,26.95,29,5.39,131,35.67,163,22.67,2.49,2026-10-26,False,https://www.tradingview.com/chart/?symbol=NYSE:CLS&interval=D,False,False,False,False
ERO,Ero Copper Corp.,NYSE,Other Metals/Minerals,35.75,36.41,34.14,4.45,5.32,1329924.6,1531846.0333333334,54763496.0,55769408.0,-0.03,173,-0.56,190,33.15,65,35.37,164,22.65,0.89,2026-11-10,False,https://www.tradingview.com/chart/?symbol=NYSE:ERO&interval=D,False,False,False,False
DUOL,"Duolingo, Inc.",NASDAQ,Packaged Software,146.57,147.07,141.99,4.41,4.9,1080098.5,1089448.4333333333,159680457.0,160220823.0,-0.62,197,-7.82,254,22.15,86,53.39,124,22.57,0.66,2026-11-11,False,https://www.tradingview.com/chart/?symbol=NASDAQ:DUOL&interval=D,False,False,False,False
RUM,RUM Group Inc.,NASDAQ,Internet Software/Services,7.64,8.53,7.78,7.5,7.93,5259012.7,5539639.066666666,42322842.0,47256814.0,-6.6,326,-12.08,308,20.22,89,58.51,114,22.21,-0.22,2026-11-16,False,https://www.tradingview.com/chart/?symbol=NASDAQ:RUM&interval=D,False,False,False,False
IONQ,"IonQ, Inc.",NYSE,Computer Processing Hardware,43.99,40.6,40.41,5.97,6.22,29521187.9,22377371.333333332,984380565.0,908603326.0,5.82,67,16.18,69,-13.93,233,64.14,103,22.13,1.43,2026-11-11,False,https://www.tradingview.com/chart/?symbol=NYSE:IONQ&interval=D,False,False,False,False
IT,"Gartner, Inc.",NYSE,Internet Software/Services,192.8,188.06,181.23,4.15,4.53,1068076.6,1082182.0,208644690.0,203516229.0,7.18,52,-2.36,207,42.06,49,23.81,199,21.17,1.41,2026-11-03,False,https://www.tradingview.com/chart/?symbol=NYSE:IT&interval=D,False,False,False,False
TGTX,"TG Therapeutics, Inc.",NASDAQ,Pharmaceuticals: Major,53.62,55.49,53.73,4.21,4.3,2104557.5,1967091.5666666667,105475450.0,109162107.0,-4.16,269,1.17,170,0.19,157,61.9,108,21.08,-0.05,2026-11-09,False,https://www.tradingview.com/chart/?symbol=NASDAQ:TGTX&interval=D,False,False,False,False
CLF,Cleveland-Cliffs Inc.,NYSE,Steel,11.47,11.87,11.9,4.78,5.27,17287047.9,14414945.3,165339423.0,171100596.0,-10.32,388,1.41,167,18.86,93,41.78,149,20.68,-0.69,2026-10-26,False,https://www.tradingview.com/chart/?symbol=NYSE:CLF&interval=D,False,False,False,False
MMED,"MiniMed Group, Inc.",NASDAQ,Medical Specialties,19.6,21.21,20.26,4.34,4.59,3186401.7,2612277.7333333334,51200644.0,55402492.0,-5.27,290,-3.92,222,27.77,74,37.35,159,20.4,-0.72,2026-12-30,False,https://www.tradingview.com/chart/?symbol=NASDAQ:MMED&interval=D,False,False,False,False
CHYM,"Chime Financial, Inc.",NASDAQ,Packaged Software,26.84,31.13,29.56,4.64,4.84,7297731.4,7203826.233333333,193386715.0,224227496.0,1.69,129,-17.74,364,29.84,71,49.06,131,20.39,-1.89,2026-11-11,False,https://www.tradingview.com/chart/?symbol=NASDAQ:CHYM&interval=D,False,False,False,False
KEEL,Keel Infrastructure Corp.,NASDAQ,Data Processing Services,3.44,3.53,3.62,6.78,7.84,28824099.3,32528886.333333332,111899369.0,114902869.0,-12.02,404,13.16,82,-36.53,389,82.98,78,19.87,-0.65,2026-11-16,False,https://www.tradingview.com/chart/?symbol=NASDAQ:KEEL&interval=D,False,False,False,False
SHOP,Shopify Inc.,NASDAQ,Miscellaneous Commercial Services,149.09,141.66,139.96,4.16,4.45,11839025.4,9077163.266666668,1353314271.0,1285877000.0,6.07,66,3.78,151,25.23,79,30.39,185,19.8,1.47,2026-10-22,False,https://www.tradingview.com/chart/?symbol=NASDAQ:SHOP&interval=D,False,False,False,False
PRGO,Perrigo Company plc,NYSE,Pharmaceuticals: Major,14.02,14.28,13.27,4.63,4.59,3505201.5,2809938.033333333,39395331.0,40114675.0,1.08,141,-3.44,220,33.65,63,29.1,187,19.77,1.23,2026-11-11,False,https://www.tradingview.com/chart/?symbol=NYSE:PRGO&interval=D,False,False,False,False
KSS,Kohl's Corporation,NYSE,Department Stores,18.92,17.78,18.3,4.66,5.01,4082799.6,4593438.866666666,86907863.0,81652969.0,10.71,30,8.61,114,-0.16,161,50.4,129,19.62,0.68,2026-11-12,False,https://www.tradingview.com/chart/?symbol=NYSE:KSS&interval=D,False,False,False,False
GKOS,Glaukos Corporation,NYSE,Medical Specialties,163.17,171.18,171.76,4.1,4.17,985897.5,764776.5333333333,124788587.0,130913682.0,6.16,65,-9.33,271,18.61,95,48.62,134,19.3,-1.2,2026-11-04,False,https://www.tradingview.com/chart/?symbol=NYSE:GKOS&interval=D,False,False,False,False
AI,"C3.ai, Inc.",NYSE,Packaged Software,11.11,10.55,10.17,4.43,4.56,4639138.4,5142140.566666666,57129182.0,54266723.0,2.59,110,6.11,130,17.4,99,33.37,174,18.96,2.02,2026-12-09,False,https://www.tradingview.com/chart/?symbol=NYSE:AI&interval=D,False,False,False,False
VIAV,Viavi Solutions Inc.,NASDAQ,Information Technology Services,44.78,37.42,38.19,5.2,5.68,6661377.3999999985,4908304.833333326,219793890.0,183658950.0,25.4,5,25.61,37,-3.49,181,33.31,175,18.48,3.04,2026-10-29,False,https://www.tradingview.com/chart/?symbol=NASDAQ:VIAV&interval=D,True,False,False,False
QCOM,QUALCOMM Incorporated,NASDAQ,Semiconductors,182.09,177.66,171.17,4.91,4.65,16613472.1,13363632.9,2433383915.0,2374214203.0,-7.37,345,10.04,102,-0.04,159,45.4,140,18.47,1.37,2026-11-11,False,https://www.tradingview.com/chart/?symbol=NASDAQ:QCOM&interval=D,False,False,False,False
ASAN,"Asana, Inc.",NYSE,Packaged Software,8.93,9.34,9.05,6.76,6.99,8657365.5,7649270.233333333,68307983.0,71431435.0,-6.2,316,-11.23,301,23.34,84,42.99,146,18.37,-0.19,2026-12-08,False,https://www.tradingview.com/chart/?symbol=NYSE:ASAN&interval=D,False,False,False,False
CLSK,"CleanSpark, Inc.",NASDAQ,Data Processing Services,12.52,12.99,12.99,6.53,7.08,17814735.6,17739636.666666668,222100251.0,230426054.0,-11.14,399,10.6,97,-8.28,200,52.31,126,18.21,-0.52,2026-12-16,False,https://www.tradingview.com/chart/?symbol=NASDAQ:CLSK&interval=D,False,False,False,False
IBRX,"ImmunityBio, Inc.",NASDAQ,Pharmaceuticals: Major,9.28,8.3,7.94,6.45,5.98,13892774.2,10558591.333333334,97983728.0,87636308.0,9.18,37,18.67,54,0.54,152,34.69,166,17.97,2.82,2026-11-05,False,https://www.tradingview.com/chart/?symbol=NASDAQ:IBRX&interval=D,False,False,False,False
ORKA,"Oruka Therapeutics, Inc.",NASDAQ,Pharmaceuticals: Major,83.42,92.97,95.91,5.45,5.71,1271401.0,947347.4333333333,79027723.0,88075207.0,-6.09,313,-8.11,261,-8.17,199,70.14,93,17.96,-2.28,2026-11-18,False,https://www.tradingview.com/chart/?symbol=NASDAQ:ORKA&interval=D,False,False,False,False
RIOT,"Riot Platforms, Inc.",NASDAQ,Information Technology Services,19.61,21.25,21.0,6.86,7.66,17868772.9,16356505.8,320751079.0,347510322.0,-18.63,428,6.61,124,-17.97,265,64.6,101,17.74,-0.87,2026-11-10,False,https://www.tradingview.com/chart/?symbol=NASDAQ:RIOT&interval=D,False,False,False,False
VSAT,"ViaSat, Inc.",NASDAQ,Telecommunications Equipment,70.35,72.34,75.14,5.02,5.65,1724043.5,1608848.9,113182520.0,116376890.0,-1.75,222,5.39,139,-15.28,245,63.07,104,17.73,-1.13,2026-11-11,False,https://www.tradingview.com/chart/?symbol=NASDAQ:VSAT&interval=D,False,False,False,False
TSEM,Tower Semiconductor Ltd.,NASDAQ,Semiconductors,241.3,217.46,224.75,4.52,5.72,2460725.1,1721498.3333333333,415397548.0,374358462.0,6.69,56,18.24,55,-0.43,165,34.81,165,17.54,1.29,2026-11-16,False,https://www.tradingview.com/chart/?symbol=NASDAQ:TSEM&interval=D,False,False,False,False
HIVE,HIVE Digital Technologies Ltd,NASDAQ,Information Technology Services,2.92,3.05,2.96,5.76,6.57,12380644.899999995,15608445.933333332,45576662.0,47545928.0,-10.43,390,8.96,112,-18.66,271,61.33,109,17.21,-0.19,2026-11-16,False,https://www.tradingview.com/chart/?symbol=NASDAQ:HIVE&interval=D,False,False,False,False
INFQ,"Infleqtion, Inc.",NYSE,Computer Processing Hardware,13.36,13.39,12.49,6.14,6.47,8310966.4,8257458.466666667,110319645.0,110589389.0,-3.47,255,5.36,141,-2.41,177,47.95,136,16.97,1.08,2026-12-02,False,https://www.tradingview.com/chart/?symbol=NYSE:INFQ&interval=D,False,False,False,False
SHAZ,"SharonAI Holdings, Inc.",NASDAQ,Data Processing Services,49.85,56.18,57.31,8.08,9.79,1423962.2,1487095.8666666667,74131729.0,83543807.0,-12.54,409,-5.12,237,-36.98,391,92.69,65,16.86,-1.33,2026-11-04,False,https://www.tradingview.com/chart/?symbol=NASDAQ:SHAZ&interval=D,False,False,False,False
FLEX,Flex Ltd.,NASDAQ,Electronic Production Equipment,112.78,110.71,114.32,4.13,4.74,3518999.2000000007,3111538.2666666587,350919286.0,344484625.0,3.0,103,4.33,146,-26.01,329,71.24,92,16.52,-0.28,2026-11-04,False,https://www.tradingview.com/chart/?symbol=NASDAQ:FLEX&interval=D,False,False,False,False
SYNA,Synaptics Incorporated,NASDAQ,Semiconductors,106.15,96.85,101.16,4.04,4.2,553143.9,690515.4666666667,73298217.0,66875617.0,9.58,34,11.4,90,-15.67,248,52.98,125,16.23,1.18,2026-11-05,False,https://www.tradingview.com/chart/?symbol=NASDAQ:SYNA&interval=D,False,False,False,False
WDC,Western Digital Corporation,NASDAQ,Computer Peripherals,462.56,452.33,469.02,4.78,5.65,7444111.700000001,6351791.766666663,2938084800.0,2873120791.0,-0.68,199,4.4,145,-22.32,301,66.29,97,16.12,-0.24,2026-10-22,False,https://www.tradingview.com/chart/?symbol=NASDAQ:WDC&interval=D,False,False,False,False
W,Wayfair Inc.,NYSE,Specialty Stores,101.37,101.14,100.05,4.72,4.71,2473161.2,2310184.6,234183413.0,233662851.0,2.5,112,3.44,154,5.29,132,39.48,155,16.07,0.28,2026-10-29,False,https://www.tradingview.com/chart/?symbol=NYSE:W&interval=D,False,False,False,False
FSLY,"Fastly, Inc.",NASDAQ,Information Technology Services,26.39,23.96,24.16,10.08,9.0,10910871.8,6917163.5,182543945.0,165716792.0,-5.07,286,16.77,63,43.38,46,-14.32,321,15.28,1.03,2026-11-04,False,https://www.tradingview.com/chart/?symbol=NASDAQ:FSLY&interval=D,False,False,False,False
NAVN,"Navan, Inc.",NASDAQ,Packaged Software,21.5,24.38,25.62,4.54,5.72,4363490.8,4147801.566666667,89177734.0,101112341.0,9.25,36,-24.67,411,-8.94,203,78.72,83,15.04,-2.81,2026-12-15,False,https://www.tradingview.com/chart/?symbol=NASDAQ:NAVN&interval=D,False,False,False,False
IOT,Samsara Inc.,NYSE,Packaged Software,40.04,39.47,38.9,4.78,5.05,5172232.0,6872246.866666666,275164765.0,271233839.0,2.69,109,-0.52,189,17.73,97,26.59,191,14.6,0.58,2026-11-26,False,https://www.tradingview.com/chart/?symbol=NYSE:IOT&interval=D,False,False,False,False
COHR,Coherent Corp.,NYSE,Semiconductors,319.19,290.75,296.55,5.59,6.7,6994757.5,6243544.766666667,1992877054.0,1815281504.0,8.24,43,18.0,57,-10.86,212,35.83,162,14.32,1.14,2026-11-11,False,https://www.tradingview.com/chart/?symbol=NYSE:COHR&interval=D,False,False,False,False
BLSH,Bullish,NYSE,Packaged Software,34.79,34.99,30.58,7.06,6.69,1348919.0,1526852.9,53119212.0,53431708.0,-11.41,402,6.39,126,33.81,62,2.29,257,14.16,2.06,2026-11-25,False,https://www.tradingview.com/chart/?symbol=NYSE:BLSH&interval=D,False,False,False,False
SNAP,Snap Inc.,NYSE,Packaged Software,5.65,5.51,5.33,4.51,4.84,31292638.9,34692219.56666667,196011041.0,191177258.0,8.03,45,3.86,150,19.2,92,19.2,216,14.09,1.24,2026-10-15,False,https://www.tradingview.com/chart/?symbol=NYSE:SNAP&interval=D,False,False,False,False
TGB,Trekor Metals Limited,AMEX,Other Metals/Minerals,8.31,8.73,8.38,4.93,5.79,6061971.4,5565647.233333333,46250529.0,48573259.0,-6.73,330,-4.92,235,15.58,103,30.25,186,13.64,-0.14,2026-11-04,False,https://www.tradingview.com/chart/?symbol=AMEX:TGB&interval=D,False,False,False,False
WK,Workiva Inc.,NYSE,Information Technology Services,69.63,73.39,69.49,4.34,4.51,1139135.1,943884.2,65722657.0,69275752.0,-2.19,232,-12.96,319,37.09,58,16.48,224,13.54,0.04,2026-11-04,False,https://www.tradingview.com/chart/?symbol=NYSE:WK&interval=D,False,False,False,False
KMX,CarMax Inc,NYSE,Specialty Stores,55.89,59.99,59.36,4.83,4.69,4925402.7,2728920.433333333,152519363.0,163701569.0,-2.07,228,-8.47,265,7.63,125,41.01,151,13.39,-1.25,2026-12-17,False,https://www.tradingview.com/chart/?symbol=NYSE:KMX&interval=D,False,False,False,False
AFRM,"Affirm Holdings, Inc.",NASDAQ,Finance/Rental/Leasing,70.43,72.4,73.31,4.33,4.87,4188126.8,5289219.633333334,372519739.0,382959777.0,4.29,89,-3.94,224,-16.71,254,60.76,111,13.37,-0.81,2026-11-11,False,https://www.tradingview.com/chart/?symbol=NASDAQ:AFRM&interval=D,False,False,False,False
WRBY,Warby Parker Inc.,NYSE,Specialty Stores,27.49,25.06,25.59,6.16,6.07,4427026.7,3044024.7666666666,83680241.0,76277173.0,18.59,8,13.78,79,-7.0,196,33.25,176,13.34,1.22,2026-11-05,False,https://www.tradingview.com/chart/?symbol=NYSE:WRBY&interval=D,True,False,False,False
SM,SM Energy Company,NYSE,Integrated Oil,35.06,36.51,34.75,4.16,4.3,4102479.0,3988100.3666666667,139822799.0,145598898.0,0.66,156,-8.1,260,33.51,64,12.95,229,12.79,0.21,2026-10-29,False,https://www.tradingview.com/chart/?symbol=NYSE:SM&interval=D,False,False,False,False
WTTR,"Select Water Solutions, Inc.",NYSE,Oil & Gas Production,20.03,19.96,19.97,4.3,4.4,2222639.2,1654342.8333333333,33136487.0,33021786.0,2.93,104,1.52,165,5.03,135,31.78,180,12.78,0.07,2026-11-03,False,https://www.tradingview.com/chart/?symbol=NYSE:WTTR&interval=D,False,False,False,False
RMBS,"Rambus, Inc.",NASDAQ,Semiconductors,107.29,91.76,93.35,4.71,4.81,3387442.4,2371917.6333333333,254483043.0,217642418.0,5.58,72,26.28,32,-13.62,231,25.19,197,12.62,3.1,2026-11-02,False,https://www.tradingview.com/chart/?symbol=NASDAQ:RMBS&interval=D,False,False,False,False
ETSY,"Etsy, Inc.",NYSE,Internet Retail,72.84,76.09,78.54,4.05,4.3,3701604.4,3213634.8333333335,234081161.0,244536187.0,0.19,165,-10.07,281,-0.84,167,48.65,133,12.58,-1.69,2026-11-04,False,https://www.tradingview.com/chart/?symbol=NYSE:ETSY&interval=D,False,False,False,False
SEZL,Sezzle Inc.,NASDAQ,Packaged Software,109.72,116.7,127.81,4.55,5.26,586216.6,458807.0000000001,50338010.0,53544230.0,4.39,88,-4.6,232,-37.64,393,79.6,81,12.45,-2.69,2026-11-05,False,https://www.tradingview.com/chart/?symbol=NASDAQ:SEZL&interval=D,False,False,False,False
FPS,"Forgent Power Solutions, Inc.",NYSE,Electrical Products,37.33,33.85,34.92,6.0,6.26,9927311.2,9039865.933333334,337458195.0,306035621.0,-4.16,268,23.73,42,-22.87,306,34.52,167,11.79,1.11,2026-12-02,False,https://www.tradingview.com/chart/?symbol=NYSE:FPS&interval=D,False,False,False,False
BLLN,"BillionToOne, Inc.",NASDAQ,Medical/Nursing Services,105.76,103.5,108.04,6.79,6.62,774009.6,633257.0,66973260.0,65541572.0,-5.85,308,16.82,62,-14.38,239,32.3,178,11.58,-0.32,2026-12-15,False,https://www.tradingview.com/chart/?symbol=NASDAQ:BLLN&interval=D,False,False,False,False
EAT,"Brinker International, Inc.",NYSE,Restaurants,194.33,218.32,218.96,4.59,4.63,1920373.3,1297366.4,252117213.0,283234546.0,-7.41,346,-14.25,333,12.15,113,36.35,161,11.42,-2.43,2026-11-04,False,https://www.tradingview.com/chart/?symbol=NYSE:EAT&interval=D,False,False,False,False
HBM,Hudbay Minerals Inc.,NYSE,Other Metals/Minerals,26.18,27.59,26.61,4.02,4.87,4865049.1,4106356.1666666768,107504404.0,113314898.0,-0.34,185,-5.14,238,12.02,115,27.21,190,11.36,-0.33,2026-11-04,False,https://www.tradingview.com/chart/?symbol=NYSE:HBM&interval=D,False,False,False,False
IREN,IREN Limited,NASDAQ,Data Processing Services,40.65,42.57,41.37,6.02,6.62,34773292.1,39095703.1,1589240331.0,1664121634.0,-11.32,401,12.67,83,-4.41,185,25.66,194,11.3,-0.26,2026-12-01,False,https://www.tradingview.com/chart/?symbol=NASDAQ:IREN&interval=D,False,False,False,False
PAY,"Paymentus Holdings, Inc.",NYSE,Miscellaneous Commercial Services,30.81,35.08,36.03,4.77,5.04,1426391.8,1191830.6666666667,36720303.0,41808625.0,2.7,108,-12.6,314,20.21,90,25.86,193,11.16,-2.88,2026-11-09,False,https://www.tradingview.com/chart/?symbol=NYSE:PAY&interval=D,False,False,False,False
MARA,"MARA Holdings, Inc.",NASDAQ,Data Processing Services,11.21,11.73,11.28,7.06,7.4,42053767.2,48137938.6,539626292.0,564417330.0,-14.23,418,6.97,121,-17.75,263,44.05,143,11.09,-0.09,2026-11-11,False,https://www.tradingview.com/chart/?symbol=NASDAQ:MARA&interval=D,False,False,False,False
NVTS,Navitas Semiconductor Corporation,NASDAQ,Semiconductors,12.12,11.76,12.02,5.62,6.75,16514258.3,13111179.266666668,158907493.0,154161246.0,5.71,70,9.14,111,-26.19,330,49.26,130,10.74,0.12,2026-11-09,False,https://www.tradingview.com/chart/?symbol=NASDAQ:NVTS&interval=D,False,False,False,False
COIN,"Coinbase Global, Inc.",NASDAQ,Investment Banks/Brokers,189.29,184.78,172.4,5.49,5.78,9143477.6,10261328.4,1942366853.0,1896098523.0,-3.8,263,4.32,147,14.59,106,12.92,230,10.61,1.7,2026-10-29,False,https://www.tradingview.com/chart/?symbol=NASDAQ:COIN&interval=D,False,False,False,False
FIGS,"FIGS, Inc.",NYSE,Apparel/Footwear,14.08,13.97,13.27,4.73,4.79,2638562.7,2600755.066666667,36618631.0,36327347.0,17.82,10,-7.67,253,40.1,54,-1.19,262,10.41,1.27,2026-11-05,False,https://www.tradingview.com/chart/?symbol=NYSE:FIGS&interval=D,True,False,False,False
PGY,Pagaya Technologies Ltd.,NASDAQ,Packaged Software,17.44,20.64,20.29,6.3,6.43,2888319.9999999953,2431381.566666666,42403295.0,50180474.0,-5.93,310,-17.05,356,-6.84,194,54.47,121,10.19,-2.19,2026-11-17,False,https://www.tradingview.com/chart/?symbol=NASDAQ:PGY&interval=D,False,False,False,False
GDDY,GoDaddy Inc.,NYSE,Data Processing Services,96.98,98.37,96.47,5.24,5.02,3569210.7,2371893.1,230026193.0,233323124.0,-0.25,179,-0.47,188,10.8,117,19.86,211,10.06,0.1,2026-10-29,False,https://www.tradingview.com/chart/?symbol=NYSE:GDDY&interval=D,False,False,False,False
BTBT,"Bit Digital, Inc.",NASDAQ,Miscellaneous Commercial Services,1.62,1.6,1.52,6.45,7.35,25143873.6,29992452.966666665,48587774.0,47972929.0,-5.81,306,17.39,59,-10.99,213,23.66,200,10.02,0.9,2026-11-12,False,https://www.tradingview.com/chart/?symbol=NASDAQ:BTBT&interval=D,False,False,False,False
HIMS,"Hims & Hers Health, Inc.",NYSE,Medical/Nursing Services,29.3,29.2,29.37,5.64,5.84,10685614.3,10341095.066666666,302994085.0,301970317.0,4.64,85,0.07,180,-22.15,296,51.73,127,9.89,-0.04,2026-11-09,False,https://www.tradingview.com/chart/?symbol=NYSE:HIMS&interval=D,False,False,False,False
ON,ON Semiconductor Corporation,NASDAQ,Semiconductors,80.08,73.25,76.75,4.08,4.25,11320682.4,9859934.666666666,789583568.0,722246788.0,10.46,31,10.26,99,-15.48,247,33.97,171,9.58,1.02,2026-11-02,False,https://www.tradingview.com/chart/?symbol=NASDAQ:ON&interval=D,False,False,False,False
POET,POET Technologies Inc.,NASDAQ,Electrical Products,7.64,7.75,7.88,4.59,6.06,7969147.1,7851217.666666633,59983303.0,60854788.0,-0.42,190,6.11,131,-21.24,289,43.07,144,9.32,-0.49,2026-11-12,False,https://www.tradingview.com/chart/?symbol=NASDAQ:POET&interval=D,False,False,False,False
CRWV,"CoreWeave, Inc.",NASDAQ,Packaged Software,88.57,86.58,86.53,4.83,5.91,31040671.5,25962630.133333333,2299510151.0,2247844517.0,-0.38,187,7.57,119,2.67,141,16.91,223,9.05,0.4,2026-11-16,False,https://www.tradingview.com/chart/?symbol=NASDAQ:CRWV&interval=D,False,False,False,False
HRI,Herc Holdings Inc.,NYSE,Finance/Rental/Leasing,131.86,142.91,151.19,5.71,6.0,1167996.0,754792.7666666667,99526974.0,107866176.0,-2.45,237,-11.98,307,-6.6,192,44.69,142,8.7,-2.13,2026-10-15,False,https://www.tradingview.com/chart/?symbol=NYSE:HRI&interval=D,False,False,False,False
BULL,Webull Corporation,NASDAQ,Packaged Software,7.03,8.52,8.14,5.65,6.15,11440449.4,16487204.833333334,115905050.0,140520447.0,-7.74,351,-24.49,409,-3.7,182,54.17,122,8.66,-2.22,2026-11-19,False,https://www.tradingview.com/chart/?symbol=NASDAQ:BULL&interval=D,False,False,False,False
AMBA,"Ambarella, Inc.",NASDAQ,Semiconductors,70.3,68.15,72.14,5.08,5.72,1416388.7,1674146.1,117692471.0,114090266.0,5.57,73,3.5,153,-20.2,282,41.82,148,8.37,-0.45,2026-12-01,False,https://www.tradingview.com/chart/?symbol=NASDAQ:AMBA&interval=D,False,False,False,False
SHLS,"Shoals Technologies Group, Inc.",NASDAQ,Semiconductors,8.13,7.32,7.87,5.3,5.74,4151487.0,4625057.5,37601717.0,33860817.0,7.68,47,21.52,46,-18.62,269,21.34,205,8.08,0.59,2026-11-10,False,https://www.tradingview.com/chart/?symbol=NASDAQ:SHLS&interval=D,False,False,False,False
QUBT,Quantum Computing Inc.,NASDAQ,Information Technology Services,8.39,8.37,8.42,4.57,4.86,7895842.3,7026376.566666666,58951299.0,58792035.0,-5.3,291,4.93,142,-12.1,222,31.09,184,7.97,-0.07,2026-11-18,False,https://www.tradingview.com/chart/?symbol=NASDAQ:QUBT&interval=D,False,False,False,False
FDS,FactSet Research Systems Inc.,NYSE,Financial Publishing/Services,277.61,286.45,282.17,4.04,4.38,905980.1,921893.1,255926743.0,264080581.0,-1.54,220,-10.73,296,11.04,116,23.35,201,7.89,-0.37,2026-12-17,False,https://www.tradingview.com/chart/?symbol=NYSE:FDS&interval=D,False,False,False,False
GLXY,Galaxy Digital Inc.,NASDAQ,Investment Banks/Brokers,23.02,24.32,23.03,6.36,7.13,5092580.2,5251627.666666667,120892469.0,127735340.0,-7.9,353,-2.37,208,-12.7,227,37.6,158,7.51,-0.01,2026-10-27,False,https://www.tradingview.com/chart/?symbol=NASDAQ:GLXY&interval=D,False,False,False,False
CCC,CCC Intelligent Solutions Holdings Inc.,NASDAQ,Packaged Software,6.62,6.98,6.8,4.4,4.68,12819505.6,10858812.3,71885337.0,75758314.0,0.46,158,-10.18,283,20.36,88,11.64,235,7.27,-0.56,2026-10-29,False,https://www.tradingview.com/chart/?symbol=NASDAQ:CCC&interval=D,False,False,False,False
MDB,"MongoDB, Inc.",NASDAQ,Packaged Software,351.73,393.31,388.5,6.7,7.72,4452250.5,2802691.533333333,985790693.0,1102338752.0,-16.86,426,-20.64,386,-1.88,175,43.04,145,6.84,-1.23,2026-12-07,False,https://www.tradingview.com/chart/?symbol=NASDAQ:MDB&interval=D,False,False,False,False
NCNO,"nCino, Inc.",NASDAQ,Packaged Software,19.35,21.09,20.26,4.6,4.87,2301640.7,2650893.4,51294787.0,55908225.0,0.1,169,-12.64,315,12.37,112,20.79,208,6.84,-0.93,2026-12-02,False,https://www.tradingview.com/chart/?symbol=NASDAQ:NCNO&interval=D,False,False,False,False
ARXS,"Arxis, Inc.",NASDAQ,Aerospace & Defense,47.52,51.46,52.2,5.17,5.04,1539167.6,897190.8,42634507.0,46173326.0,-5.73,301,-7.28,251,2.19,143,25.05,198,6.66,-1.78,2026-12-02,False,https://www.tradingview.com/chart/?symbol=NASDAQ:ARXS&interval=D,False,False,False,False
RXO,"RXO, Inc.",NYSE,Packaged Software,21.36,20.49,21.28,4.71,5.03,1921300.8,1676891.4333333333,35818401.0,34351121.0,4.45,87,-1.61,197,-23.61,312,45.11,141,6.63,0.07,2026-11-05,False,https://www.tradingview.com/chart/?symbol=NYSE:RXO&interval=D,False,False,False,False
TTMI,"TTM Technologies, Inc.",NASDAQ,Electronic Components,126.5,120.16,123.32,5.37,6.11,2080392.0,1990640.6,251816036.0,239198692.0,4.25,90,8.42,115,-29.03,353,40.2,154,6.53,0.42,2026-11-04,False,https://www.tradingview.com/chart/?symbol=NASDAQ:TTMI&interval=D,False,False,False,False
JHX,James Hardie Industries plc.,NYSE,Construction Materials,25.2,28.03,28.26,4.11,3.93,17588931.6,11399850.3,287276228.0,319591003.0,-5.55,296,-13.96,330,-1.77,172,34.4,169,6.22,-2.75,2026-11-09,False,https://www.tradingview.com/chart/?symbol=NYSE:JHX&interval=D,False,False,False,False
AUGO,Aura Minerals Inc.,NASDAQ,Other Metals/Minerals,78.85,85.41,77.79,4.8,5.48,1041945.0000000013,1044442.0999999986,82354260.0,89202492.0,-5.46,295,-2.65,211,23.49,83,-2.65,268,6.06,0.25,2026-11-05,False,https://www.tradingview.com/chart/?symbol=NASDAQ:AUGO&interval=D,False,False,False,False
WAY,Waystar Holding Corp.,NASDAQ,Packaged Software,25.35,25.19,24.56,4.38,4.4,1806258.7,2194620.1666666665,55633621.0,55288334.0,2.38,114,-2.12,203,12.72,111,6.65,246,5.75,0.73,2026-11-11,False,https://www.tradingview.com/chart/?symbol=NASDAQ:WAY&interval=D,False,False,False,False
VCYT,"Veracyte, Inc.",NASDAQ,Medical Specialties,44.19,43.16,45.19,5.81,5.54,1764575.5,1422628.2666666666,62865943.0,61401822.0,1.21,137,2.84,158,-26.25,332,40.37,153,5.65,-0.4,2026-11-10,False,https://www.tradingview.com/chart/?symbol=NASDAQ:VCYT&interval=D,False,False,False,False
AUR,"Aurora Innovation, Inc.",NASDAQ,Packaged Software,5.52,6.06,6.26,6.59,6.53,38652752.8,32796733.766666666,181037970.0,198595155.0,-12.38,407,0.0,182,-21.81,293,38.35,156,5.51,-1.82,2026-11-04,False,https://www.tradingview.com/chart/?symbol=NASDAQ:AUR&interval=D,False,False,False,False
WIX,Wix.com Ltd.,NASDAQ,Packaged Software,73.35,79.76,73.42,6.7,6.7,1158386.7,1293634.7,94888105.0,103180735.0,-4.63,276,-15.14,340,49.69,37,-18.5,337,5.35,-0.01,2026-11-05,False,https://www.tradingview.com/chart/?symbol=NASDAQ:WIX&interval=D,False,False,False,False
EPAM,"EPAM Systems, Inc.",NYSE,Information Technology Services,114.35,113.69,108.46,4.06,4.65,1101025.7,1128659.8333333333,129062252.0,128313198.0,3.3,100,-2.08,202,32.66,66,-14.87,322,5.24,1.17,2026-10-29,False,https://www.tradingview.com/chart/?symbol=NYSE:EPAM&interval=D,False,False,False,False
GRML,Greenland Mines Ltd,NASDAQ,Miscellaneous Commercial Services,9.11,7.08,8.19,26.49,26.71,46829750.8,16169985.022666667,147308564.0,114513139.0,-28.55,437,90.19,4,-27.12,338,-48.08,418,5.0,0.42,,False,https://www.tradingview.com/chart/?symbol=NASDAQ:GRML&interval=D,False,True,False,False
CRCL,"Circle Internet Group, Inc.",NYSE,Packaged Software,82.91,90.34,81.02,6.5,7.2,12947104.3,15322402.0,1270380350.0,1384190044.0,-9.29,378,-10.0,280,29.93,70,-5.19,276,4.91,0.32,2026-11-18,False,https://www.tradingview.com/chart/?symbol=NYSE:CRCL&interval=D,False,False,False,False
EGO,Eldorado Gold Corporation,NYSE,Precious Metals,37.61,43.07,40.13,4.04,5.04,3856890.6,3276824.6666666665,123241376.0,141133931.0,-10.73,394,-12.53,312,15.23,105,11.97,232,4.89,-1.24,2026-10-28,False,https://www.tradingview.com/chart/?symbol=NYSE:EGO&interval=D,False,False,False,False
ICHR,Ichor Holdings,NASDAQ,Industrial Machinery,62.48,56.44,62.52,4.01,5.36,782279.9,676043.4666666667,42239196.0,38154316.0,9.85,33,18.9,50,-44.81,408,40.53,152,4.87,-0.01,2026-11-09,False,https://www.tradingview.com/chart/?symbol=NASDAQ:ICHR&interval=D,False,False,False,False
MAT,"Mattel, Inc.",NASDAQ,Recreational Products,15.04,14.02,14.33,4.68,4.89,8698646.2,5275982.2,79350772.0,73964874.0,14.9,15,0.67,172,8.67,122,4.81,252,4.72,1.01,2026-10-27,False,https://www.tradingview.com/chart/?symbol=NASDAQ:MAT&interval=D,True,False,False,False
AAOI,"Applied Optoelectronics, Inc.",NASDAQ,Semiconductors,107.32,105.68,111.08,6.11,7.72,7583278.0,7228582.466666667,775771470.0,763933462.0,8.48,41,2.75,159,-21.0,288,31.52,182,4.42,-0.44,2026-11-05,False,https://www.tradingview.com/chart/?symbol=NASDAQ:AAOI&interval=D,False,False,False,False
ARQT,"Arcutis Biotherapeutics, Inc.",NASDAQ,Pharmaceuticals: Major,25.29,25.11,25.74,6.0,5.02,4064430.5,2953442.3666666667,74692557.0,74166352.0,-3.55,257,6.31,128,-2.2,176,8.08,244,4.06,-0.35,2026-10-29,False,https://www.tradingview.com/chart/?symbol=NASDAQ:ARQT&interval=D,False,False,False,False
RELY,"Remitly Global, Inc.",NASDAQ,Miscellaneous Commercial Services,21.48,23.64,23.86,4.09,4.6,4376208.5,3991023.3,85727180.0,94361759.0,6.76,55,-18.17,368,-6.32,191,36.47,160,3.99,-2.17,2026-11-04,False,https://www.tradingview.com/chart/?symbol=NASDAQ:RELY&interval=D,False,False,False,False
RDW,Redwire Corporation,NYSE,Aerospace & Defense,10.57,11.03,11.06,6.65,7.02,14885775.2,12304507.7,130058646.0,135669502.0,-5.37,293,1.44,166,-11.33,217,21.77,203,3.96,-0.63,2026-11-11,False,https://www.tradingview.com/chart/?symbol=NYSE:RDW&interval=D,False,False,False,False
PATH,"UiPath, Inc.",NYSE,Packaged Software,13.32,14.92,14.53,4.6,5.73,44848295.2,56722984.0,755550147.0,846061122.0,2.38,115,-27.57,422,17.25,100,21.53,204,3.74,-1.46,2026-12-09,False,https://www.tradingview.com/chart/?symbol=NYSE:PATH&interval=D,False,False,False,False
VOYG,"Voyager Technologies, Inc.",NYSE,Information Technology Services,29.91,34.03,34.26,7.66,8.38,4086277.3,2107851.0,63045823.0,71719630.0,-4.59,275,-9.36,272,-11.51,219,31.76,181,3.63,-1.52,2026-11-09,False,https://www.tradingview.com/chart/?symbol=NYSE:VOYG&interval=D,False,False,False,False
UCTT,"Ultra Clean Holdings, Inc.",NASDAQ,Industrial Machinery,78.64,72.76,77.65,4.26,5.65,948174.6,849220.3333333334,66782687.0,61788139.0,4.74,82,17.76,58,-39.62,397,32.08,179,3.41,0.23,2026-10-28,False,https://www.tradingview.com/chart/?symbol=NASDAQ:UCTT&interval=D,False,False,False,False
LAD,"Lithia Motors, Inc.",NYSE,Specialty Stores,306.07,345.47,356.4,4.52,4.53,381425.9,267261.0333333333,81800584.0,92329956.0,-0.7,200,-16.5,351,3.58,139,22.03,202,3.03,-3.12,2026-10-21,False,https://www.tradingview.com/chart/?symbol=NYSE:LAD&interval=D,False,False,False,False
CNXC,Concentrix Corporation,NASDAQ,Information Technology Services,27.01,28.34,26.93,8.01,8.49,3086336.7,1886449.6666666667,50953005.0,53453809.0,-10.03,385,-9.82,276,13.65,107,5.1,249,2.98,0.03,2027-01-19,False,https://www.tradingview.com/chart/?symbol=NASDAQ:CNXC&interval=D,False,False,False,False
RGTI,"Rigetti Computing, Inc.",NASDAQ,Computer Processing Hardware,15.62,15.83,16.13,5.49,5.87,16668655.8,16626781.8,259710332.0,263146533.0,-0.32,182,4.01,148,-16.6,253,21.18,206,2.86,-0.54,2026-11-16,False,https://www.tradingview.com/chart/?symbol=NASDAQ:RGTI&interval=D,False,False,False,False
FIVE,"Five Below, Inc.",NASDAQ,Discount Stores,221.17,239.83,234.24,4.16,4.27,1150572.6,1245822.2,275538496.0,298789276.0,-3.41,253,-8.74,269,19.34,91,-3.5,270,2.37,-1.31,2026-12-02,False,https://www.tradingview.com/chart/?symbol=NASDAQ:FIVE&interval=D,False,False,False,False
BHVN,Biohaven Ltd.,NYSE,Pharmaceuticals: Major,13.14,14.13,14.14,6.37,7.22,2602633.2,3446148.066666667,45282386.0,48687180.0,-2.16,230,-14.62,335,-17.31,259,37.74,157,1.94,-0.97,2026-11-17,False,https://www.tradingview.com/chart/?symbol=NYSE:BHVN&interval=D,False,False,False,False
CECO,CECO Environmental Corp.,NASDAQ,Industrial Machinery,71.87,72.32,72.34,4.7,5.23,646786.5,674764.6666666666,48495337.0,48797069.0,-2.4,235,1.9,163,-15.99,250,19.68,214,1.86,-0.12,2026-11-09,False,https://www.tradingview.com/chart/?symbol=NASDAQ:CECO&interval=D,False,False,False,False
MNDY,monday.com Ltd.,NASDAQ,Packaged Software,80.31,89.4,88.54,5.84,6.49,1227384.2,1188019.1333333333,95409817.0,106212475.0,-7.11,340,-18.62,370,6.29,129,17.93,221,1.86,-1.43,2026-11-16,False,https://www.tradingview.com/chart/?symbol=NASDAQ:MNDY&interval=D,False,False,False,False
KOS,Kosmos Energy Ltd.,NYSE,Integrated Oil,2.58,2.8,2.7,5.74,6.12,14223291.6,12810609.366666667,33051372.0,35878247.0,-4.44,272,-11.95,306,29.0,72,-11.95,311,1.7,-0.72,2026-11-09,False,https://www.tradingview.com/chart/?symbol=NYSE:KOS&interval=D,False,False,False,False
ATRO,Astronics Corporation,NASDAQ,Aerospace & Defense,68.38,71.86,74.02,4.33,4.62,663172.6999999996,619805.8666666665,42382325.0,44538733.0,-0.06,174,-6.65,249,-9.76,205,21.13,207,1.58,-1.65,2026-11-11,False,https://www.tradingview.com/chart/?symbol=NASDAQ:ATRO&interval=D,False,False,False,False
WYFI,"WhiteFiber, Inc.",NASDAQ,Data Processing Services,17.48,19.01,21.58,6.63,9.01,1240583.4,1796129.3666666667,31396341.0,34136037.0,-7.71,350,-4.32,227,-51.32,419,58.91,113,1.09,-2.11,2026-11-12,False,https://www.tradingview.com/chart/?symbol=NASDAQ:WYFI&interval=D,False,False,False,False
DAIC,"CID HoldCo, Inc.",NASDAQ,Miscellaneous,2.83,3.12,2.18,23.61,26.07,1295695.1,16011469.466666667,45312459.0,49966459.0,-15.02,420,-12.65,316,50.53,36,-35.83,394,0.68,1.14,,False,https://www.tradingview.com/chart/?symbol=NASDAQ:DAIC&interval=D,False,False,False,False
EXPE,"Expedia Group, Inc.",NASDAQ,Other Consumer Services,262.67,292.51,297.87,4.19,4.46,2915590.4,2107048.0,553458298.0,616327343.0,0.81,153,-16.15,347,-1.09,168,18.98,217,0.58,-2.65,2026-10-29,False,https://www.tradingview.com/chart/?symbol=NASDAQ:EXPE&interval=D,False,False,False,False
ACHC,"Acadia Healthcare Company, Inc.",NASDAQ,Medical/Nursing Services,26.93,28.29,29.29,4.26,4.69,1661849.9,1446063.3666666667,38942486.0,40903348.0,-5.58,297,-3.09,217,-14.51,240,18.48,219,0.29,-1.72,2026-11-04,False,https://www.tradingview.com/chart/?symbol=NASDAQ:ACHC&interval=D,False,False,False,False
COCO,"The Vita Coco Company, Inc.",NASDAQ,Food: Specialty/Candy,57.01,57.81,60.94,4.41,4.27,1213737.7,1299759.9333333333,74099314.0,75145187.0,-1.3,215,-2.73,214,-17.24,257,20.73,209,0.25,-1.51,2026-11-04,False,https://www.tradingview.com/chart/?symbol=NASDAQ:COCO&interval=D,False,False,False,False
GLW,Corning Incorporated,NYSE,Electronic Components,160.42,152.97,152.78,4.26,5.16,7622686.4,8392214.8,1346279098.0,1283729124.0,6.58,60,11.21,92,-28.35,345,17.62,222,0.16,0.97,2026-10-27,False,https://www.tradingview.com/chart/?symbol=NYSE:GLW&interval=D,False,False,False,False
CIFR,Cipher Digital Inc.,NASDAQ,Data Processing Services,15.46,16.69,17.79,7.88,9.22,32020032.7,33934899.13333333,524633541.0,566299941.0,-13.46,412,3.86,149,-32.28,376,28.83,188,0.14,-1.42,2026-11-11,False,https://www.tradingview.com/chart/?symbol=NASDAQ:CIFR&interval=D,False,False,False,False
GNRC,Generac Holdings Inc.,NYSE,Electrical Products,207.91,195.33,200.68,4.43,4.75,1338481.6,1338294.5,278244809.0,261408172.0,6.57,61,14.1,78,-23.06,309,8.51,243,-0.15,0.76,2026-11-04,False,https://www.tradingview.com/chart/?symbol=NYSE:GNRC&interval=D,False,False,False,False
STRL,"Sterling Infrastructure, Inc.",NASDAQ,Engineering & Construction,505.12,494.15,525.05,4.3,5.15,472934.2,526813.8666666667,266104220.0,260327004.0,1.8,127,9.58,110,-35.66,384,25.52,195,-0.19,-0.74,2026-11-09,False,https://www.tradingview.com/chart/?symbol=NASDAQ:STRL&interval=D,False,False,False,False
ATEN,"A10 Networks, Inc.",NYSE,Information Technology Services,27.6,25.79,27.17,4.0,3.84,1373847.8,1275070.5,35191946.0,32879818.0,3.84,95,10.18,101,-26.65,334,15.63,225,-0.28,0.41,2026-11-10,False,https://www.tradingview.com/chart/?symbol=NYSE:ATEN&interval=D,False,False,False,False
BRZE,"Braze, Inc.",NASDAQ,Internet Software/Services,25.65,27.96,27.38,4.96,6.09,2071332.5,2866330.8,73521385.0,80142609.0,-0.58,196,-24.12,406,12.11,114,9.59,238,-0.81,-1.04,2026-12-15,False,https://www.tradingview.com/chart/?symbol=NASDAQ:BRZE&interval=D,False,False,False,False
PCOR,"Procore Technologies, Inc.",NYSE,Packaged Software,51.66,55.8,55.39,4.18,4.39,2806190.4,2777364.3,143478640.0,154971373.0,-0.48,191,-16.34,350,23.23,85,-9.61,296,-0.9,-1.54,2026-11-04,False,https://www.tradingview.com/chart/?symbol=NYSE:PCOR&interval=D,False,False,False,False
ARIS,Aris Mining Corporation,NYSE,Precious Metals,17.32,19.42,18.07,4.21,5.21,1861311.9,1556806.1666666658,26963883.0,30230581.0,-7.13,341,-10.44,289,13.57,108,-6.58,279,-1.15,-0.79,2026-11-17,False,https://www.tradingview.com/chart/?symbol=NYSE:ARIS&interval=D,False,False,False,False
QBTS,D-Wave Quantum Inc.,NASDAQ,Computer Processing Hardware,16.56,17.3,18.16,5.84,6.11,16242716.6,16107351.266666668,266737737.0,278716237.0,0.06,170,0.06,181,-29.99,359,26.41,192,-1.17,-1.44,2026-11-05,False,https://www.tradingview.com/chart/?symbol=NASDAQ:QBTS&interval=D,False,False,False,False
RKLB,Rocket Lab Corporation,NASDAQ,Aerospace & Defense,70.46,67.14,69.68,5.28,5.58,22422966.0,18808511.733333334,1325247737.0,1262834825.0,0.98,147,13.21,81,-30.23,361,13.23,227,-1.26,0.2,2026-11-16,False,https://www.tradingview.com/chart/?symbol=NASDAQ:RKLB&interval=D,False,False,False,False
FIG,FIGMA INC,NYSE,Packaged Software,21.57,24.13,24.32,4.87,5.97,13617527.4,14072203.9,303537438.0,339571662.0,-0.23,178,-20.29,383,10.67,118,5.43,248,-1.4,-1.9,2026-11-11,False,https://www.tradingview.com/chart/?symbol=NYSE:FIG&interval=D,False,False,False,False
RDDT,"Reddit, Inc.",NYSE,Internet Software/Services,149.53,152.79,156.74,4.58,5.13,5268071.8,4663687.7,697361222.0,712553962.0,-1.3,216,3.27,156,-22.93,307,15.32,226,-1.45,-0.9,2026-11-04,False,https://www.tradingview.com/chart/?symbol=NYSE:RDDT&interval=D,False,False,False,False
GENI,Genius Sports Limited,NYSE,Internet Software/Services,5.68,6.89,7.13,7.33,7.67,9916538.4,6561465.2,37269122.0,45182249.0,-5.8,305,-21.98,398,-10.69,211,28.22,189,-1.48,-2.65,2026-11-11,False,https://www.tradingview.com/chart/?symbol=NYSE:GENI&interval=D,False,False,False,False
WGS,GeneDx Holdings Corp.,NASDAQ,Medical/Nursing Services,70.96,87.43,81.07,9.68,8.65,984522.4,677671.6000000001,48087577.0,59248941.0,-15.98,424,-15.36,341,-1.83,173,11.7,234,-1.83,-1.44,2026-11-03,False,https://www.tradingview.com/chart/?symbol=NASDAQ:WGS&interval=D,False,False,False,False
STEP,StepStone Group Inc.,NASDAQ,Investment Managers,44.71,48.17,47.65,4.47,4.42,1179783.4,1059890.7,47387713.0,51057055.0,0.0,172,-12.32,310,7.73,124,-2.14,266,-2.24,-1.4,2026-11-05,False,https://www.tradingview.com/chart/?symbol=NASDAQ:STEP&interval=D,False,False,False,False
PTRN,Pattern Group Inc. - Series A,NASDAQ,Advertising/Marketing Services,17.4,19.68,20.81,5.57,5.77,2185260.6,1623470.1,28248380.0,31947186.0,-9.98,383,-15.12,339,-34.29,379,42.51,147,-2.3,-2.84,2026-11-11,False,https://www.tradingview.com/chart/?symbol=NASDAQ:PTRN&interval=D,False,False,False,False
MDA,MDA Space Ltd.,NYSE,Electronic Production Equipment,28.97,29.84,30.98,4.22,4.73,1442636.9,1306943.4,37862150.0,38996577.0,-6.85,332,2.11,162,-27.56,339,18.54,218,-2.3,-1.37,2026-11-06,False,https://www.tradingview.com/chart/?symbol=NYSE:MDA&interval=D,False,False,False,False
COMP,"Compass, Inc.",NYSE,Real Estate Development,9.12,10.39,11.11,5.47,5.57,18702089.3,14058896.4,128217135.0,146137542.0,-1.83,224,-11.46,305,-26.98,335,31.22,183,-2.4,-3.21,2026-11-11,False,https://www.tradingview.com/chart/?symbol=NYSE:COMP&interval=D,False,False,False,False
LION,Lionsgate Studios Corp,NYSE,Movies/Entertainment,11.25,11.26,11.82,4.04,3.82,3680373.4,2694205.9,30309816.0,30334962.0,1.44,135,-0.09,183,-25.45,327,18.3,220,-2.41,-1.25,2026-11-05,False,https://www.tradingview.com/chart/?symbol=NYSE:LION&interval=D,False,False,False,False
JBL,Jabil Inc.,NYSE,Industrial Machinery,299.79,306.45,317.21,4.47,4.82,2039727.3,1270468.0333333334,380873612.0,389340858.0,-1.22,213,-0.75,193,-19.46,277,12.53,231,-2.56,-1.14,2026-12-10,False,https://www.tradingview.com/chart/?symbol=NYSE:JBL&interval=D,False,False,False,False
LPTH,"LightPath Technologies, Inc.",NASDAQ,Electronic Components,10.85,10.66,11.3,4.82,6.79,2474568.0,3235835.5,35108815.0,34496164.0,12.67,21,11.28,91,-31.07,367,11.74,233,-2.68,-0.59,2026-11-05,False,https://www.tradingview.com/chart/?symbol=NASDAQ:LPTH&interval=D,True,False,False,False
HUBS,"HubSpot, Inc.",NYSE,Packaged Software,217.45,232.87,230.2,5.99,6.51,2300615.7,1583377.2333333334,344305379.0,368728973.0,-5.04,284,-15.95,346,16.42,101,-9.4,293,-2.97,-0.85,2026-11-11,False,https://www.tradingview.com/chart/?symbol=NYSE:HUBS&interval=D,False,False,False,False
BRUN,Boost Run Inc.,NASDAQ,Packaged Software,15.89,17.1,18.29,7.67,9.36,1952859.2,2154500.7666666666,34235017.0,36833704.0,-1.12,212,-5.42,239,-52.55,423,48.37,135,-3.2,-1.4,2026-12-02,False,https://www.tradingview.com/chart/?symbol=NASDAQ:BRUN&interval=D,False,False,False,False
ACHR,Archer Aviation Inc.,NYSE,Aerospace & Defense,5.03,5.6,5.6,5.2,5.85,24493408.3,24359395.666666668,122527760.0,136485694.0,-10.82,395,-10.66,294,0.2,156,0.6,259,-3.29,-1.73,2026-11-05,False,https://www.tradingview.com/chart/?symbol=NYSE:ACHR&interval=D,False,False,False,False
AXGN,"Axogen, Inc.",NASDAQ,Medical Specialties,39.92,46.16,45.81,4.88,5.36,1190500.7,1205333.5666666667,48116916.0,55642818.0,-7.55,348,-21.17,390,-9.89,206,20.68,210,-3.46,-2.4,2026-11-10,False,https://www.tradingview.com/chart/?symbol=NASDAQ:AXGN&interval=D,False,False,False,False
HL,Hecla Mining Company,NYSE,Precious Metals,17.0,19.38,18.21,4.3,5.27,40942448.8,34334181.8,583681091.0,665465112.0,-5.87,309,-10.33,287,5.26,133,-5.45,278,-3.51,-1.27,2026-11-11,False,https://www.tradingview.com/chart/?symbol=NYSE:HL&interval=D,False,False,False,False
SYM,Symbotic Inc.,NASDAQ,Industrial Machinery,43.17,41.99,42.05,4.03,4.11,1675192.2,1624486.4333333333,70129079.0,68215705.0,-0.07,175,10.75,95,-4.49,186,-16.98,329,-3.57,0.65,2026-11-23,False,https://www.tradingview.com/chart/?symbol=NASDAQ:SYM&interval=D,False,False,False,False
CDE,"Coeur Mining, Inc.",NYSE,Precious Metals,17.56,20.14,18.87,4.56,5.35,38867759.1,35509452.03333333,623545978.0,715006490.0,-8.01,355,-11.27,303,1.8,144,-1.79,265,-3.75,-1.3,2026-11-11,False,https://www.tradingview.com/chart/?symbol=NYSE:CDE&interval=D,False,False,False,False
AKAM,"Akamai Technologies, Inc.",NASDAQ,Data Processing Services,106.93,108.57,112.04,6.19,5.96,8328964.5,4776423.8,510742997.0,518585885.0,-8.4,362,-1.83,200,-4.34,184,-5.12,275,-3.76,-0.76,2026-11-10,False,https://www.tradingview.com/chart/?symbol=NASDAQ:AKAM&interval=D,False,False,False,False
VEEA,Veea Inc.,NASDAQ,Packaged Software,3.47,2.79,2.87,33.93,25.22,8940234.1,11727674.576666664,40695031.0,32756177.0,11.22,28,84.57,6,-27.71,340,-68.4,434,-3.84,0.84,,False,https://www.tradingview.com/chart/?symbol=NASDAQ:VEEA&interval=D,False,True,False,False
GLOB,Globant S.A.,NYSE,Information Technology Services,36.98,37.71,37.36,4.28,5.17,1012946.2,1016802.7666666667,37601366.0,38339226.0,6.29,63,-7.6,252,16.33,102,-20.28,343,-3.85,-0.2,2026-11-12,False,https://www.tradingview.com/chart/?symbol=NYSE:GLOB&interval=D,False,False,False,False
BTDR,Bitdeer Technologies Group,NASDAQ,Data Processing Services,10.64,11.47,10.95,7.37,8.18,10990528.3,11410567.066666666,121408434.0,130886811.0,-13.21,411,0.09,178,-31.4,368,19.28,215,-4.01,-0.35,2026-11-16,False,https://www.tradingview.com/chart/?symbol=NASDAQ:BTDR&interval=D,False,False,False,False
TMDX,"TransMedics Group, Inc.",NASDAQ,Medical Specialties,78.64,87.02,85.08,5.03,5.22,703004.5,694666.0666666667,54628539.0,60447526.0,-8.65,367,-8.39,264,15.34,104,-19.19,339,-4.08,-1.45,2026-11-04,False,https://www.tradingview.com/chart/?symbol=NASDAQ:TMDX&interval=D,False,False,False,False
KD,"Kyndryl Holdings, Inc.",NYSE,Data Processing Services,12.12,12.59,12.88,4.61,5.0,4972237.8,3901970.466666667,47291882.0,49141416.0,-0.16,177,-8.73,268,0.5,154,-4.94,273,-4.39,-1.18,2026-11-10,False,https://www.tradingview.com/chart/?symbol=NYSE:KD&interval=D,False,False,False,False
VRDN,"Viridian Therapeutics, Inc.",NASDAQ,Pharmaceuticals: Major,18.99,22.31,21.96,4.84,4.99,2309657.7,1534779.5333333334,29145463.0,34240676.0,-10.0,384,-17.51,360,1.61,146,2.32,256,-4.53,-2.71,2026-11-16,False,https://www.tradingview.com/chart/?symbol=NASDAQ:VRDN&interval=D,False,False,False,False
DPC,DPC Holdings PLC,NYSE,Electrical Products,42.17,42.11,45.17,5.14,6.19,1354714.2,1240906.0333333334,52329007.0,52259103.0,1.93,123,-0.19,184,-11.2,214,-4.16,271,-5.18,-1.07,2026-12-02,False,https://www.tradingview.com/chart/?symbol=NYSE:DPC&interval=D,False,False,False,False
SGRY,"Surgery Partners, Inc.",NASDAQ,Hospital/Nursing Management,13.23,14.09,14.56,6.2,5.87,2695937.4,2628335.6333333333,34772880.0,37027992.0,-8.0,354,-4.75,233,-20.83,285,9.98,237,-5.2,-1.56,2026-11-10,False,https://www.tradingview.com/chart/?symbol=NASDAQ:SGRY&interval=D,False,False,False,False
CVNA,Carvana Co.,NYSE,Specialty Stores,63.04,69.22,68.67,4.7,5.27,8985438.4,7620662.666666667,480406575.0,527492109.0,-0.96,208,-12.58,313,-7.9,198,4.84,250,-5.21,-1.56,2026-10-28,False,https://www.tradingview.com/chart/?symbol=NYSE:CVNA&interval=D,False,False,False,False
AEIS,"Advanced Energy Industries, Inc.",NASDAQ,Electronic Production Equipment,294.11,275.27,289.43,4.01,4.66,541074.8,520657.43333333335,153130558.0,143322239.0,7.56,49,8.13,116,-17.47,260,-6.77,281,-5.37,0.35,2026-11-03,False,https://www.tradingview.com/chart/?symbol=NASDAQ:AEIS&interval=D,False,False,False,False
CORZ,"Core Scientific, Inc.",NASDAQ,Packaged Software,16.35,17.37,18.74,5.74,6.44,11443366.0,11369704.933333334,185894676.0,197465245.0,-8.35,360,3.61,152,-31.73,372,11.15,236,-5.66,-1.98,2026-11-11,False,https://www.tradingview.com/chart/?symbol=NASDAQ:CORZ&interval=D,False,False,False,False
AAON,"AAON, Inc.",NASDAQ,Industrial Machinery,82.28,78.93,83.76,4.56,5.0,1324789.6999999995,1166245.1000000006,95958647.0,92052503.0,2.34,116,9.66,107,-29.32,354,2.48,255,-5.73,-0.35,2026-11-09,False,https://www.tradingview.com/chart/?symbol=NASDAQ:AAON&interval=D,False,False,False,False
FN,Fabrinet,NYSE,Semiconductors,451.44,411.21,449.05,4.02,4.95,796803.0,834653.7,376796066.0,343218504.0,14.87,16,10.0,104,-16.86,255,-10.72,301,-5.86,0.11,2026-11-09,False,https://www.tradingview.com/chart/?symbol=NYSE:FN&interval=D,True,False,False,False
SPHR,Sphere Entertainment Co.,NYSE,Media Conglomerates,128.55,143.57,148.2,4.81,4.97,578349.6,573433.1,73714825.0,82327981.0,-5.02,283,-4.09,225,-23.99,315,9.57,239,-6.17,-2.67,2026-11-10,False,https://www.tradingview.com/chart/?symbol=NYSE:SPHR&interval=D,False,False,False,False
PSKY,Paramount Skydance Corporation,NASDAQ,Cable/Satellite TV,9.34,10.48,9.88,6.31,5.81,37682300.5,20335695.066666666,189935392.0,213060466.0,-6.41,323,-13.6,325,-8.7,202,3.55,253,-6.25,-0.94,2026-11-16,False,https://www.tradingview.com/chart/?symbol=NASDAQ:PSKY&interval=D,False,False,False,False
VG,"Venture Global, Inc.",NYSE,Oil & Gas Pipelines,12.77,14.16,13.89,4.63,5.11,14686321.7,14031259.166666666,179179180.0,198682630.0,-5.06,285,-14.64,336,13.31,109,-18.92,338,-6.75,-1.58,2026-11-16,False,https://www.tradingview.com/chart/?symbol=NYSE:VG&interval=D,False,False,False,False
EXK,Endeavour Silver Corporation,NYSE,Precious Metals,8.56,10.22,9.75,5.15,6.35,8309191.4,8726102.0,74695433.0,89180762.0,-6.96,337,-16.24,349,-1.83,174,-2.95,269,-7.01,-1.92,2026-11-10,False,https://www.tradingview.com/chart/?symbol=NYSE:EXK&interval=D,False,False,False,False
CIEN,Ciena Corporation,NYSE,Telecommunications Equipment,379.14,358.42,374.29,5.27,5.87,2434300.9,2462410.0,933598127.0,882585200.0,8.2,44,0.6,174,-16.52,252,-5.45,277,-7.12,0.22,2026-12-10,False,https://www.tradingview.com/chart/?symbol=NYSE:CIEN&interval=D,False,False,False,False
PBLS,"Parabilis Medicines, Inc.",NASDAQ,Pharmaceuticals: Major,30.44,37.21,36.36,10.91,9.53,1775303.6,913281.1333333333,27800278.0,33986540.0,-8.64,366,-22.25,401,9.34,120,-8.73,290,-7.21,-1.71,2026-12-02,False,https://www.tradingview.com/chart/?symbol=NASDAQ:PBLS&interval=D,False,False,False,False
GEN,Gen Digital Inc.,NASDAQ,Packaged Software,22.25,28.2,28.06,6.18,5.65,18148435.2,9934017.8,221031896.0,280129368.0,-15.46,422,-27.6,423,-14.98,243,19.75,213,-7.61,-3.66,2026-11-10,False,https://www.tradingview.com/chart/?symbol=NASDAQ:GEN&interval=D,False,False,False,False
FLY,Firefly Aerospace Inc.,NASDAQ,Aerospace & Defense,22.85,22.16,22.65,7.18,7.41,3953823.2,2898926.6333333333,66240474.0,64236349.0,5.79,68,11.68,88,-18.48,268,-17.09,330,-7.96,0.12,2026-11-18,False,https://www.tradingview.com/chart/?symbol=NASDAQ:FLY&interval=D,False,False,False,False
AG,First Majestic Silver Corp.,NYSE,Precious Metals,17.66,19.88,18.93,4.2,5.3,9974648.9,9580773.4,169196458.0,190472162.0,-6.31,321,-10.49,291,-0.06,160,-13.85,317,-8.13,-1.27,2026-11-11,False,https://www.tradingview.com/chart/?symbol=NYSE:AG&interval=D,False,False,False,False
RIVN,"Rivian Automotive, Inc.",NASDAQ,Motor Vehicles,14.76,15.71,15.77,4.01,4.32,24508468.4,22024348.433333334,325079383.0,346068587.0,-1.01,209,-5.87,242,-17.89,264,-1.2,263,-8.32,-1.48,2026-11-10,False,https://www.tradingview.com/chart/?symbol=NASDAQ:RIVN&interval=D,False,False,False,False
EQPT,EquipmentShare.com Inc,NASDAQ,Internet Software/Services,17.48,18.05,18.76,6.5,6.8,4669728.9,3109622.1333333333,54356195.0,56124533.0,-2.18,231,0.4,175,-11.49,218,-13.93,319,-8.34,-1.01,2026-12-02,False,https://www.tradingview.com/chart/?symbol=NASDAQ:EQPT&interval=D,False,False,False,False
PRM,"Perimeter Solutions, SA",NYSE,Chemicals: Major Diversified,27.2,30.45,31.79,4.69,5.16,1632225.4,1194530.9,32491240.0,36370280.0,-3.41,252,-9.99,279,-23.16,310,7.72,245,-8.48,-2.8,2026-10-30,False,https://www.tradingview.com/chart/?symbol=NYSE:PRM&interval=D,False,False,False,False
WULF,TeraWulf Inc.,NASDAQ,Data Processing Services,14.91,15.96,16.52,5.87,7.02,25820715.7,28220626.466666665,420769541.0,450420012.0,-6.99,338,1.39,168,-36.53,388,8.64,241,-8.83,-1.39,2026-11-16,False,https://www.tradingview.com/chart/?symbol=NASDAQ:WULF&interval=D,False,False,False,False
APLD,Applied Digital Corporation,NASDAQ,Data Processing Services,24.16,26.28,27.31,5.86,6.8,15991181.2,15502301.200000009,374535597.0,407410810.0,-9.28,377,-2.19,205,-31.96,373,6.06,247,-9.36,-1.7,2026-10-07,False,https://www.tradingview.com/chart/?symbol=NASDAQ:APLD&interval=D,False,False,False,False
MOD,Modine Manufacturing Company,NYSE,Industrial Machinery,189.21,187.19,194.27,5.09,5.78,1568475.9,1340507.6,253637443.0,250931852.0,-0.25,180,6.25,129,-23.24,311,-11.31,305,-9.44,-0.45,2026-11-03,False,https://www.tradingview.com/chart/?symbol=NYSE:MOD&interval=D,False,False,False,False
CPRI,Capri Holdings Limited,NYSE,Apparel/Footwear Retail,14.48,13.96,14.6,5.01,4.96,6361892.9,5271266.1,76327933.0,73572818.0,-6.1,314,11.47,89,-22.23,300,-17.82,333,-9.53,-0.16,2026-11-05,False,https://www.tradingview.com/chart/?symbol=NYSE:CPRI&interval=D,False,False,False,False
ASND,Ascendis Pharma A/S,NASDAQ,Pharmaceuticals: Major,227.31,248.15,249.19,4.15,3.8,895562.2,763144.3,173470331.0,189373622.0,1.93,124,-13.12,321,-16.09,251,0.32,260,-9.63,-2.31,2026-11-11,False,https://www.tradingview.com/chart/?symbol=NASDAQ:ASND&interval=D,False,False,False,False
CRML,Critical Metals Corp.,NASDAQ,Precious Metals,7.2,7.28,6.89,7.63,8.89,14405921.2,10005046.3,72036333.0,72840072.0,-8.4,361,4.8,143,-27.05,337,-6.98,283,-9.74,0.51,2027-03-03,False,https://www.tradingview.com/chart/?symbol=NASDAQ:CRML&interval=D,False,False,False,False
NESR,National Energy Services Reunited Corp,NASDAQ,Oilfield Services/Equipment,24.94,32.57,31.78,6.13,6.57,2601319.8,1961418.7,48907975.0,63884388.0,-24.42,435,-28.76,426,-14.02,235,13.14,228,-9.88,-3.28,2026-11-04,False,https://www.tradingview.com/chart/?symbol=NASDAQ:NESR&interval=D,False,False,False,False
MOS,Mosaic Company (The),NYSE,Chemicals: Agricultural,21.55,24.33,23.58,4.72,4.95,8667125.9,8434227.266666668,181757598.0,205179447.0,-11.32,400,-9.98,278,0.23,155,-20.04,342,-9.93,-1.74,2026-11-10,False,https://www.tradingview.com/chart/?symbol=NYSE:MOS&interval=D,False,False,False,False
MP,MP Materials Corp.,NYSE,Other Metals/Minerals,46.09,52.3,50.97,4.66,5.79,5860113.1,5375272.733333333,247746320.0,281117805.0,-4.71,278,-13.85,326,-15.38,246,-0.82,261,-10.02,-1.65,2026-10-29,False,https://www.tradingview.com/chart/?symbol=NYSE:MP&interval=D,False,False,False,False
TTAN,"ServiceTitan, Inc.",NASDAQ,Packaged Software,67.34,74.12,78.34,5.34,6.5,2770586.0,3360639.966666667,226305495.0,249095675.0,9.0,39,-30.71,428,-9.09,204,9.51,240,-10.1,-2.16,2027-01-19,False,https://www.tradingview.com/chart/?symbol=NASDAQ:TTAN&interval=D,False,False,False,False
VKTX,"Viking Therapeutics, Inc.",NASDAQ,Pharmaceuticals: Major,30.51,33.25,33.45,8.17,8.85,13743213.4,5853319.633333334,178584782.0,194634584.0,-15.31,421,-6.44,248,-19.5,278,-4.95,274,-10.3,-0.99,2026-10-28,False,https://www.tradingview.com/chart/?symbol=NASDAQ:VKTX&interval=D,False,False,False,False
ONDS,Ondas Inc,NASDAQ,Telecommunications Equipment,7.12,7.64,8.01,5.25,5.94,64378671.4,61789214.166666664,439939205.0,472038702.0,-1.93,226,-4.24,226,-10.33,210,-16.38,328,-10.32,-1.87,2026-11-16,False,https://www.tradingview.com/chart/?symbol=NASDAQ:ONDS&interval=D,False,False,False,False
TNDM,"Tandem Diabetes Care, Inc.",NASDAQ,Medical Specialties,16.5,18.81,19.53,6.36,6.47,2471820.3,1913943.6666666667,31580070.0,36010212.0,0.43,160,-24.93,413,3.51,140,-9.59,295,-10.34,-2.4,2026-11-04,False,https://www.tradingview.com/chart/?symbol=NASDAQ:TNDM&interval=D,False,False,False,False
PIPR,Piper Sandler Companies,NYSE,Investment Banks/Brokers,65.78,73.42,74.35,4.01,3.95,1095165.4,745500.4333333333,49039019.0,54732902.0,-8.87,369,-11.25,302,-9.89,207,-12.14,312,-11.09,-2.92,2026-10-23,False,https://www.tradingview.com/chart/?symbol=NYSE:PIPR&interval=D,False,False,False,False
BTU,Peabody Energy Corporation,NYSE,Coal,24.74,27.27,25.8,4.81,4.83,2731512.5,2378112.433333333,58834502.0,64853504.0,-6.18,315,-16.56,352,9.32,121,-26.41,363,-11.22,-0.85,2026-10-29,False,https://www.tradingview.com/chart/?symbol=NYSE:BTU&interval=D,False,False,False,False
MBLY,Mobileye Global Inc.,NASDAQ,Packaged Software,7.35,8.18,8.3,4.55,4.72,6909669.2,4851595.633333334,35659228.0,39681201.0,-3.16,249,-12.71,317,-24.15,316,3.09,254,-11.26,-2.42,2026-10-22,False,https://www.tradingview.com/chart/?symbol=NASDAQ:MBLY&interval=D,False,False,False,False
BSP,Bending Spoons S.p.A.,NASDAQ,Packaged Software,32.5,38.68,39.12,7.06,7.87,3277257.2,2034945.3,66135722.0,78711345.0,-6.26,319,-21.5,392,-17.7,262,4.84,251,-11.45,-2.15,2026-11-12,False,https://www.tradingview.com/chart/?symbol=NASDAQ:BSP&interval=D,False,False,False,False
KVYO,"Klaviyo, Inc. Series A",NYSE,Packaged Software,16.19,17.34,17.58,4.99,5.8,6931805.9,6266106.933333334,101448271.0,108652206.0,-4.03,267,-19.21,376,-0.43,164,-15.68,325,-11.77,-1.36,2026-11-11,False,https://www.tradingview.com/chart/?symbol=NYSE:KVYO&interval=D,False,False,False,False
PRAX,"Praxis Precision Medicines, Inc.",NASDAQ,Pharmaceuticals: Major,286.91,328.55,333.6,5.12,5.3,582545.6,412197.7000000003,118263642.0,135427967.0,2.04,120,-18.03,365,-10.29,209,-7.14,286,-11.82,-2.64,2026-11-11,False,https://www.tradingview.com/chart/?symbol=NASDAQ:PRAX&interval=D,False,False,False,False
CE,Celanese Corporation,NYSE,Chemicals: Specialty,44.2,45.68,45.28,4.08,4.22,2193840.0,1765888.6,78052276.0,80668146.0,-8.92,371,-2.41,209,-3.47,180,-30.22,375,-12.03,-0.57,2026-11-09,False,https://www.tradingview.com/chart/?symbol=NYSE:CE&interval=D,False,False,False,False
LAZ,"Lazard, Inc.",NYSE,Investment Banks/Brokers,36.44,40.19,41.5,4.35,4.45,2334607.5,1652079.0,60201759.0,66399258.0,-0.36,186,-14.0,331,-13.75,232,-9.56,294,-12.43,-2.74,2026-10-22,False,https://www.tradingview.com/chart/?symbol=NYSE:LAZ&interval=D,False,False,False,False
RH,RH,NYSE,Specialty Stores,120.51,135.87,152.96,4.64,5.36,734887.9,830880.7,100129433.0,112893422.0,-2.75,239,-17.34,359,-28.7,349,8.57,242,-12.49,-3.96,2026-12-03,False,https://www.tradingview.com/chart/?symbol=NYSE:RH&interval=D,False,False,False,False
SHAK,"Shake Shack, Inc.",NYSE,Restaurants,60.19,64.05,65.56,4.22,4.5,1695101.4,1305409.2,78572580.0,83607108.0,2.89,105,-10.55,292,5.04,134,-32.14,383,-12.55,-1.82,2026-10-29,False,https://www.tradingview.com/chart/?symbol=NYSE:SHAK&interval=D,False,False,False,False
RBLX,Roblox Corporation,NYSE,Packaged Software,43.0,43.83,42.51,5.46,5.67,14361930.5,11441166.366666667,491970154.0,501466322.0,-12.21,406,5.39,140,-20.96,287,-23.72,355,-13.09,0.21,2026-11-11,False,https://www.tradingview.com/chart/?symbol=NYSE:RBLX&interval=D,False,False,False,False
MWH,"SOLV Energy, Inc.",NASDAQ,Engineering & Construction,24.63,25.89,27.12,4.7,5.34,1378059.7,1595365.1333333333,39293843.0,41311980.0,-1.48,219,-2.3,206,-22.33,302,-15.59,323,-13.41,-1.72,2026-12-02,False,https://www.tradingview.com/chart/?symbol=NASDAQ:MWH&interval=D,False,False,False,False
SRPT,"Sarepta Therapeutics, Inc.",NASDAQ,Pharmaceuticals: Major,17.57,20.14,18.82,5.77,6.5,2729803.0,2965653.2666666666,52106528.0,59741108.0,-6.77,331,-15.85,344,-4.56,187,-19.88,341,-13.43,-1.02,2026-11-04,False,https://www.tradingview.com/chart/?symbol=NASDAQ:SRPT&interval=D,False,False,False,False
ALGT,Allegiant Travel Company,NASDAQ,Airlines,75.46,78.03,84.22,4.43,4.78,498553.0,523530.8,39505634.0,40853639.0,-1.05,210,0.86,171,-37.12,392,-4.2,272,-13.49,-2.18,2026-11-04,False,https://www.tradingview.com/chart/?symbol=NASDAQ:ALGT&interval=D,False,False,False,False
CARG,"CarGurus, Inc.",NASDAQ,Internet Software/Services,29.73,33.83,34.85,4.1,4.36,1549887.8,1094214.6666666667,32531002.0,37018923.0,-3.25,250,-15.54,342,-15.13,244,-10.02,299,-13.56,-3.37,2026-11-10,False,https://www.tradingview.com/chart/?symbol=NASDAQ:CARG&interval=D,False,False,False,False
NYT,New York Times Company (The),NYSE,Publishing: Newspapers,63.71,67.0,67.81,4.12,3.6,4516041.9,2891037.7333333334,184188014.0,193707238.0,1.53,134,-5.61,241,-11.24,216,-25.26,360,-14.04,-1.68,2026-11-11,False,https://www.tradingview.com/chart/?symbol=NYSE:NYT&interval=D,False,False,False,False
KGS,"Kodiak Gas Services, Inc.",NYSE,Oilfield Services/Equipment,53.56,58.26,59.04,4.37,4.53,2070426.8,1892021.6666666667,101336680.0,110225398.0,0.34,163,-8.63,267,-26.64,333,-7.03,284,-14.1,-2.05,2026-11-11,False,https://www.tradingview.com/chart/?symbol=NYSE:KGS&interval=D,False,False,False,False
INSM,Insmed Incorporated,NASDAQ,Pharmaceuticals: Major,108.59,122.12,119.74,4.53,4.54,2342010.4,2042446.4333333333,221789258.0,249430367.0,-8.95,372,-10.96,299,1.01,148,-32.77,384,-14.24,-2.05,2026-10-22,False,https://www.tradingview.com/chart/?symbol=NASDAQ:INSM&interval=D,False,False,False,False
FIGR,"Figure Technology Solutions, Inc.",NASDAQ,Finance/Rental/Leasing,28.54,34.96,32.74,7.52,8.19,5658575.8,4656293.666666667,132890621.0,162772386.0,-16.65,425,-19.51,381,-12.64,226,-11.78,309,-14.64,-1.57,2026-11-12,False,https://www.tradingview.com/chart/?symbol=NASDAQ:FIGR&interval=D,False,False,False,False
NN,NextNav Inc.,NASDAQ,Packaged Software,13.76,15.18,15.36,6.45,6.95,2529527.5,2333633.7333333334,32110800.0,35432339.0,-3.51,256,-11.17,300,-22.22,299,-11.4,307,-14.93,-1.5,2026-11-05,False,https://www.tradingview.com/chart/?symbol=NASDAQ:NN&interval=D,False,False,False,False
AN,"AutoNation, Inc.",NYSE,Specialty Stores,164.99,188.95,197.68,5.1,4.58,695310.2,566905.5333333333,93533744.0,107119068.0,-0.16,176,-17.67,363,-11.21,215,-16.11,327,-15.0,-3.61,2026-10-22,False,https://www.tradingview.com/chart/?symbol=NYSE:AN&interval=D,False,False,False,False
AESI,Atlas Energy Solutions Inc.,NYSE,Oilfield Services/Equipment,11.69,12.82,12.33,6.52,7.4,4546629.6,3513055.933333333,41067624.0,45044403.0,1.92,126,-10.49,290,-26.25,331,-8.89,291,-15.21,-0.7,2026-11-02,False,https://www.tradingview.com/chart/?symbol=NYSE:AESI&interval=D,False,False,False,False
NG,Novagold Resources Inc.,AMEX,Precious Metals,6.42,7.83,7.45,5.37,6.41,5467720.9,5734659.1,36816511.0,44913850.0,-10.34,389,-21.52,393,1.42,147,-26.04,362,-15.38,-2.15,2026-10-08,False,https://www.tradingview.com/chart/?symbol=AMEX:NG&interval=D,False,False,False,False
MIAX,"Miami International Holdings, Inc.",NYSE,Investment Banks/Brokers,33.75,39.85,41.57,4.2,4.51,1958489.8,1543905.2666666666,52106803.0,61530286.0,-6.28,320,-18.18,369,-14.23,237,-13.86,318,-15.42,-4.17,2026-11-11,False,https://www.tradingview.com/chart/?symbol=NYSE:MIAX&interval=D,False,False,False,False
MIR,"Mirion Technologies, Inc.",NYSE,Aerospace & Defense,14.35,15.51,15.57,4.51,4.69,4046388.9,3660508.6666666665,52528299.0,56763508.0,-11.53,403,-5.96,244,-20.72,284,-19.83,340,-15.5,-1.67,2026-11-03,False,https://www.tradingview.com/chart/?symbol=NYSE:MIR&interval=D,False,False,False,False
ERAS,"Erasca, Inc.",NASDAQ,Pharmaceuticals: Major,14.58,16.1,17.0,6.55,6.93,4729367.3,4485340.433333334,65396264.0,72192302.0,5.5,74,-17.06,357,-18.37,267,-11.15,304,-15.53,-2.06,2026-11-11,False,https://www.tradingview.com/chart/?symbol=NASDAQ:ERAS&interval=D,False,False,False,False
AVAV,"AeroVironment, Inc.",NASDAQ,Aerospace & Defense,140.31,150.75,158.46,5.59,5.83,1374935.2,1971844.7333333334,276669535.0,297263152.0,-8.31,359,-3.88,221,-22.16,297,-20.56,345,-15.53,-1.97,2026-12-08,False,https://www.tradingview.com/chart/?symbol=NASDAQ:AVAV&interval=D,False,False,False,False
RRR,"Red Rock Resorts, Inc.",NASDAQ,Hotels/Resorts/Cruise lines,48.93,54.61,58.12,4.25,4.05,1492871.3,1072842.4333333333,52494180.0,58593289.0,-3.41,254,-12.87,318,-23.92,314,-9.87,298,-15.55,-3.9,2026-11-03,False,https://www.tradingview.com/chart/?symbol=NASDAQ:RRR&interval=D,False,False,False,False
LGN,Legence Corp.,NASDAQ,Engineering & Construction,51.67,54.54,58.69,4.37,5.47,954081.4,891975.6333333333,46088381.0,48652662.0,-0.63,198,-1.58,196,-35.41,381,-9.72,297,-15.57,-2.19,2026-11-13,False,https://www.tradingview.com/chart/?symbol=NASDAQ:LGN&interval=D,False,False,False,False
EYE,"National Vision Holdings, Inc.",NASDAQ,Specialty Stores,16.4,17.03,18.64,4.42,4.47,2465358.2,2276903.2,37341212.0,38785908.0,-0.73,202,-3.93,223,-14.54,241,-28.57,370,-15.68,-2.69,2026-11-11,False,https://www.tradingview.com/chart/?symbol=NASDAQ:EYE&interval=D,False,False,False,False
PENN,"PENN Entertainment, Inc.",NASDAQ,Casinos/Gaming,14.52,16.8,17.99,4.3,4.42,3744126.7,2972456.5,43160068.0,49941728.0,-5.84,307,-13.42,323,-32.43,377,-1.43,264,-15.76,-4.36,2026-10-29,False,https://www.tradingview.com/chart/?symbol=NASDAQ:PENN&interval=D,False,False,False,False
RKT,"Rocket Companies, Inc.",NYSE,Finance/Rental/Leasing,11.97,13.09,13.39,4.69,5.09,42818114.8,32218927.766666666,385660565.0,421831682.0,-0.83,204,-8.63,266,-24.67,320,-14.13,320,-15.81,-2.09,2026-10-29,False,https://www.tradingview.com/chart/?symbol=NYSE:RKT&interval=D,False,False,False,False
LUMN,"Lumen Technologies, Inc.",NYSE,Major Telecommunications,5.59,6.28,6.31,5.28,5.54,13949912.0,12860064.566666666,71887761.0,80722625.0,-7.6,349,-8.21,263,-22.36,303,-17.19,332,-15.92,-2.06,2026-11-04,False,https://www.tradingview.com/chart/?symbol=NYSE:LUMN&interval=D,False,False,False,False
COUR,"Coursera, Inc.",NYSE,Miscellaneous Commercial Services,5.08,5.53,5.6,4.07,4.97,8947437.6,5958513.033333333,30269246.0,32956536.0,-1.55,221,-20.87,388,-15.89,249,-11.65,308,-16.14,-1.85,2026-10-22,False,https://www.tradingview.com/chart/?symbol=NYSE:COUR&interval=D,False,False,False,False
ENPH,"Enphase Energy, Inc.",NASDAQ,Electrical Products,32.82,35.7,37.07,4.76,5.43,5475059.3,4548130.2,149269633.0,162361426.0,0.03,171,-7.96,256,-29.98,358,-10.92,303,-16.29,-2.11,2026-10-27,False,https://www.tradingview.com/chart/?symbol=NASDAQ:ENPH&interval=D,False,False,False,False
AXON,"Axon Enterprise, Inc.",NASDAQ,Aerospace & Defense,422.21,503.32,531.36,4.72,5.36,980267.5,966629.7666666667,408120754.0,486525705.0,-5.32,292,-24.27,407,-28.08,342,1.73,258,-16.87,-3.83,2026-11-10,False,https://www.tradingview.com/chart/?symbol=NASDAQ:AXON&interval=D,False,False,False,False
ALM,Almonty Industries Inc.,NASDAQ,Other Metals/Minerals,13.18,15.94,15.01,6.59,8.41,6457928.8,6429910.066666666,84746215.0,102513128.0,1.62,133,-23.53,403,-19.76,280,-7.38,287,-16.89,-1.45,2026-11-17,False,https://www.tradingview.com/chart/?symbol=NASDAQ:ALM&interval=D,False,False,False,False
FSLR,"First Solar, Inc.",NASDAQ,Semiconductors,172.11,198.32,208.14,5.09,5.25,2743513.1,2229061.3666666667,383643752.0,442077110.0,-9.42,379,-13.51,324,-25.84,328,-12.53,313,-17.29,-3.3,2026-10-29,False,https://www.tradingview.com/chart/?symbol=NASDAQ:FSLR&interval=D,False,False,False,False
BBAI,"BigBear.ai, Inc.",NYSE,Packaged Software,2.74,2.9,2.96,4.42,4.93,14230478.5,15486666.966666667,42433467.0,44968119.0,-2.14,229,-9.87,277,-24.93,322,-17.1,331,-17.3,-1.48,2026-11-11,False,https://www.tradingview.com/chart/?symbol=NYSE:BBAI&interval=D,False,False,False,False
TRU,TransUnion,NYSE,Financial Publishing/Services,62.18,76.68,77.95,4.08,4.6,3247424.2,2437515.933333333,151564741.0,186903034.0,-8.3,357,-26.34,417,-17.29,258,-8.6,289,-17.41,-4.39,2026-10-27,False,https://www.tradingview.com/chart/?symbol=NYSE:TRU&interval=D,False,False,False,False
EROC,"ERock, Inc.",NYSE,Electrical Products,12.15,12.45,12.31,7.21,8.93,2678943.8,2474716.466666667,30067805.0,30810220.0,-0.33,183,5.84,132,-19.85,281,-39.55,404,-17.86,-0.14,2026-12-02,False,https://www.tradingview.com/chart/?symbol=NYSE:EROC&interval=D,False,False,False,False
PLUG,"Plug Power, Inc.",NASDAQ,Electronic Production Equipment,1.89,2.1,2.12,4.8,5.74,47589255.2,50463615.2,95376233.0,105839022.0,-6.2,317,-10.43,288,-29.48,356,-13.7,315,-17.87,-1.86,2026-11-10,False,https://www.tradingview.com/chart/?symbol=NASDAQ:PLUG&interval=D,False,False,False,False
USAR,"USA Rare Earth, Inc.",NASDAQ,Metal Fabrication,13.8,16.62,16.75,5.16,6.91,13656899.6,13405421.9,184994822.0,222762364.0,-10.85,397,-19.46,380,-31.65,371,-2.65,267,-17.92,-2.55,2026-11-05,False,https://www.tradingview.com/chart/?symbol=NASDAQ:USAR&interval=D,False,False,False,False
UAA,"Under Armour, Inc.",NYSE,Apparel/Footwear,4.64,4.92,5.43,4.2,4.6,11643408.9,8922181.433333334,41398922.0,43876314.0,1.09,139,-6.26,246,-29.59,357,-18.17,335,-18.01,-3.18,2026-11-05,False,https://www.tradingview.com/chart/?symbol=NYSE:UAA&interval=D,False,False,False,False
DKNG,DraftKings Inc.,NASDAQ,Movies/Entertainment,19.35,23.29,23.63,6.15,5.97,18005230.3,12442546.433333334,240763273.0,289824234.0,-8.12,356,-18.97,375,-24.6,318,-11.36,306,-18.31,-3.04,2026-10-30,False,https://www.tradingview.com/chart/?symbol=NASDAQ:DKNG&interval=D,False,False,False,False
TPL,Texas Pacific Land Corporation,NYSE,Investment Trusts/Mutual Funds,336.46,359.54,366.93,4.07,4.12,468629.49999999965,390147.5666666666,131269050.0,140273396.0,-0.5,193,-10.79,298,-19.4,276,-25.08,359,-18.42,-2.02,2026-11-04,False,https://www.tradingview.com/chart/?symbol=NYSE:TPL&interval=D,False,False,False,False
NNE,Nano Nuclear Energy Inc.,NASDAQ,Electrical Products,15.73,17.31,17.53,5.34,6.4,2103210.7,1794071.8666666667,28220750.0,31054786.0,-5.64,298,-9.65,275,-25.02,324,-20.84,348,-18.5,-1.6,2026-12-17,False,https://www.tradingview.com/chart/?symbol=NASDAQ:NNE&interval=D,False,False,False,False
MIRM,"Mirum Pharmaceuticals, Inc.",NASDAQ,Pharmaceuticals: Major,83.92,95.12,98.83,4.61,4.6,889199.5,662937.9,55633749.0,63059758.0,-5.96,312,-14.23,332,-30.98,366,-10.38,300,-18.53,-3.28,2026-11-17,False,https://www.tradingview.com/chart/?symbol=NASDAQ:MIRM&interval=D,False,False,False,False
LEU,Centrus Energy Corp.,NYSE,Other Metals/Minerals,139.11,162.33,169.67,4.92,6.59,679418.1,711524.5999999988,98980187.0,115500602.0,-6.48,325,-16.64,353,-18.65,270,-20.59,346,-18.63,-2.74,2026-11-11,False,https://www.tradingview.com/chart/?symbol=NYSE:LEU&interval=D,False,False,False,False
BOOT,"Boot Barn Holdings, Inc.",NYSE,Apparel/Footwear Retail,120.98,140.15,147.86,4.55,4.67,668714.7,664812.0,80428956.0,93173402.0,-3.16,248,-18.95,374,-24.93,323,-12.84,314,-18.91,-3.89,2026-11-04,False,https://www.tradingview.com/chart/?symbol=NYSE:BOOT&interval=D,False,False,False,False
SMR,NuScale Power Corporation,NYSE,Electrical Products,7.79,9.04,9.03,6.2,7.6,35689943.3,37570257.46666667,292672306.0,339497370.0,-8.57,364,-12.47,311,-23.63,313,-21.47,350,-19.19,-1.81,2026-11-05,False,https://www.tradingview.com/chart/?symbol=NYSE:SMR&interval=D,False,False,False,False
PRIM,Primoris Services Corporation,NYSE,Engineering & Construction,76.25,74.96,78.23,4.0,4.47,1373699.1,1224554.9333333333,93372314.0,91792638.0,4.48,86,6.85,122,-18.02,266,-47.82,417,-19.66,-0.57,2026-11-09,False,https://www.tradingview.com/chart/?symbol=NYSE:PRIM&interval=D,False,False,False,False
AIR,AAR Corp.,NYSE,Aerospace & Defense,99.9,122.38,130.36,5.67,5.85,895335.4,510573.63333333336,51006306.0,62485193.0,-15.97,423,-21.55,394,-30.52,364,-7.12,285,-19.73,-4.0,2027-01-06,False,https://www.tradingview.com/chart/?symbol=NYSE:AIR&interval=D,False,False,False,False
FOUR,"Shift4 Payments, Inc.",NYSE,Miscellaneous Commercial Services,35.58,42.15,44.69,5.16,6.3,2390354.6,2144114.7666666666,76287603.0,90383014.0,-6.69,329,-14.72,338,-28.88,350,-15.63,324,-19.74,-3.24,2026-11-11,False,https://www.tradingview.com/chart/?symbol=NYSE:FOUR&interval=D,False,False,False,False
ENOV,Enovis Corporation,NYSE,Medical Specialties,18.05,20.43,23.2,4.89,5.68,1774888.3,1777168.3000000003,32077888.0,36312880.0,-1.47,218,-26.3,416,-12.34,223,-20.66,347,-19.76,-3.91,2026-11-11,False,https://www.tradingview.com/chart/?symbol=NYSE:ENOV&interval=D,False,False,False,False
UEC,Uranium Energy Corp.,AMEX,Other Metals/Minerals,9.36,10.98,10.8,5.31,6.34,11068618.7,9591685.366666667,89778175.0,105284733.0,-4.97,282,-19.31,378,-12.85,228,-27.22,364,-19.79,-2.1,2026-12-16,False,https://www.tradingview.com/chart/?symbol=AMEX:UEC&interval=D,False,False,False,False
NAMS,NewAmsterdam Pharma Company N.V.,NASDAQ,Pharmaceuticals: Major,24.16,24.3,25.79,5.19,5.49,2073287.8,1630089.8,39382970.0,39611182.0,7.52,50,-4.39,228,-31.5,369,-23.67,354,-19.85,-1.15,2026-11-11,False,https://www.tradingview.com/chart/?symbol=NASDAQ:NAMS&interval=D,False,False,False,False
OKLO,Oklo Inc.,NYSE,Industrial Machinery,36.14,39.41,40.77,5.22,6.27,8575897.0,9840870.566666666,355649062.0,387831989.0,-5.76,302,-8.16,262,-31.55,370,-21.35,349,-20.35,-1.81,2026-11-18,False,https://www.tradingview.com/chart/?symbol=NYSE:OKLO&interval=D,False,False,False,False
GIL,"Gildan Activewear, Inc.",NYSE,Apparel/Footwear,41.92,48.84,51.35,4.31,4.47,2494801.5,1519034.7666666666,63677937.0,74186114.0,-8.31,358,-18.76,371,-18.95,273,-23.56,353,-20.42,-4.11,2026-10-29,False,https://www.tradingview.com/chart/?symbol=NYSE:GIL&interval=D,False,False,False,False
UPST,"Upstart Holdings, Inc.",NASDAQ,Finance/Rental/Leasing,22.95,26.55,27.57,4.22,5.02,4898907.9,4327905.333333333,99325427.0,114915985.0,-5.67,300,-18.09,367,-36.32,386,-6.93,282,-20.45,-3.34,2026-11-10,False,https://www.tradingview.com/chart/?symbol=NASDAQ:UPST&interval=D,False,False,False,False
IBP,"Installed Building Products, Inc.",NYSE,Engineering & Construction,192.7,217.78,225.42,4.07,4.71,440380.9,402103.8333333333,77485409.0,87571915.0,-5.27,289,-19.43,379,-14.61,242,-27.56,366,-20.53,-3.08,2026-11-11,False,https://www.tradingview.com/chart/?symbol=NYSE:IBP&interval=D,False,False,False,False
ACAD,ACADIA Pharmaceuticals Inc.,NASDAQ,Pharmaceuticals: Major,19.89,26.64,27.05,5.03,5.01,3164262.4,1938633.5333333334,38559421.0,51636473.0,-18.42,427,-31.03,429,-21.72,292,-8.97,292,-20.58,-5.28,2026-11-11,False,https://www.tradingview.com/chart/?symbol=NASDAQ:ACAD&interval=D,False,False,False,False
ZG,"Zillow Group, Inc.",NASDAQ,Internet Software/Services,28.41,32.92,33.49,4.44,4.92,1170667.7,923180.6333333333,26227562.0,30394030.0,-3.96,265,-19.29,377,-13.94,234,-28.73,372,-20.65,-3.08,2026-11-04,False,https://www.tradingview.com/chart/?symbol=NASDAQ:ZG&interval=D,False,False,False,False
NXT,Nextpower Inc.,NASDAQ,Electronic Equipment/Instruments,79.48,82.73,89.11,4.36,4.81,2202044.7,2068339.5,164391623.0,171117174.0,-0.82,203,-0.63,192,-32.17,375,-30.3,377,-21.03,-2.25,2026-10-22,False,https://www.tradingview.com/chart/?symbol=NASDAQ:NXT&interval=D,False,False,False,False
ASTS,"AST SpaceMobile, Inc.",NASDAQ,Specialty Telecommunications,57.04,61.05,62.71,6.54,7.19,11468170.8,9987023.133333333,569659800.0,609704433.0,-3.66,258,-0.56,191,-34.75,380,-27.98,368,-21.1,-1.26,2026-11-16,False,https://www.tradingview.com/chart/?symbol=NASDAQ:ASTS&interval=D,False,False,False,False
LUNR,"Intuitive Machines, Inc.",NASDAQ,Aerospace & Defense,14.05,15.27,15.26,6.72,7.31,8832753.2,7059454.766666667,99185339.0,107795521.0,-6.92,335,-5.96,243,-30.5,363,-27.24,365,-21.23,-1.08,2026-11-18,False,https://www.tradingview.com/chart/?symbol=NASDAQ:LUNR&interval=D,False,False,False,False
FDXF,"FedEx Freight Holding Company, Inc.",NYSE,Trucking,110.67,124.34,132.57,4.04,4.33,2194126.2,1608220.8333333333,177981800.0,199970467.0,-7.16,342,-17.14,358,-28.91,351,-18.02,334,-21.36,-3.81,2026-12-02,False,https://www.tradingview.com/chart/?symbol=NYSE:FDXF&interval=D,False,False,False,False
LBRT,Liberty Energy Inc.,NYSE,Oilfield Services/Equipment,18.47,19.38,19.52,4.67,5.15,4415844.4,3713808.6666666665,68594046.0,71978564.0,0.87,151,-6.34,247,-24.24,317,-33.7,388,-21.43,-1.04,2026-10-21,False,https://www.tradingview.com/chart/?symbol=NYSE:LBRT&interval=D,False,False,False,False
AMPX,"Amprius Technologies, Inc.",NYSE,Electrical Products,9.61,9.75,10.14,5.76,6.33,6171928.3,4946953.833333333,47540226.0,48229502.0,1.05,145,-0.31,186,-28.18,344,-35.93,395,-21.47,-0.83,2026-11-05,False,https://www.tradingview.com/chart/?symbol=NYSE:AMPX&interval=D,False,False,False,False
VSEC,VSE Corporation,NASDAQ,Engineering & Construction,160.76,193.54,202.77,4.94,5.56,428428.6,365542.0333333333,58764537.0,70745909.0,-9.21,374,-20.53,385,-30.92,365,-13.82,316,-21.76,-3.73,2026-10-28,False,https://www.tradingview.com/chart/?symbol=NASDAQ:VSEC&interval=D,False,False,False,False
PPC,Pilgrim's Pride Corporation,NASDAQ,Agricultural Commodities/Milling,25.2,29.82,29.15,4.06,4.28,1618252.1,1405373.9,35415422.0,41913871.0,-9.87,382,-20.15,382,-11.76,221,-33.49,387,-21.8,-3.17,2026-10-28,False,https://www.tradingview.com/chart/?symbol=NASDAQ:PPC&interval=D,False,False,False,False
MAIR,Madison Air Solutions Corporation,NYSE,Industrial Machinery,24.31,25.32,27.68,4.31,4.82,2769566.3,2896614.7666666666,70416705.0,73327803.0,-2.95,244,-5.99,245,-35.48,383,-24.03,357,-21.84,-2.53,2026-12-02,False,https://www.tradingview.com/chart/?symbol=NYSE:MAIR&interval=D,False,False,False,False
CRK,"Comstock Resources, Inc.",NYSE,Oil & Gas Production,12.84,14.02,13.78,5.09,5.16,2709419.8,2805319.466666667,36020302.0,39338995.0,-5.45,294,-18.84,372,-12.59,225,-34.39,391,-21.94,-1.33,2026-11-03,False,https://www.tradingview.com/chart/?symbol=NYSE:CRK&interval=D,False,False,False,False
RSI,"Rush Street Interactive, Inc.",NYSE,Casinos/Gaming,19.95,24.32,25.43,5.92,5.87,5138607.4,3197749.3333333335,63795099.0,77759671.0,-3.39,251,-21.95,397,-36.46,387,-7.64,288,-22.02,-3.67,2026-11-04,False,https://www.tradingview.com/chart/?symbol=NYSE:RSI&interval=D,False,False,False,False
Z,"Zillow Group, Inc.",NASDAQ,Internet Software/Services,27.75,32.18,32.89,4.34,4.88,5231561.8,3849956.8,106836301.0,123885193.0,-3.75,261,-18.86,373,-16.99,256,-30.24,376,-22.03,-3.2,2026-11-04,False,https://www.tradingview.com/chart/?symbol=NASDAQ:Z&interval=D,False,False,False,False
ALKT,"Alkami Technology, Inc.",NASDAQ,Packaged Software,14.04,18.28,18.58,5.76,6.56,2877199.2,1874910.7666666666,26323747.0,34272119.0,-0.92,207,-30.22,427,-25.36,326,-10.91,302,-22.16,-3.73,2026-10-29,False,https://www.tradingview.com/chart/?symbol=NASDAQ:ALKT&interval=D,False,False,False,False
XRAY,DENTSPLY SIRONA Inc.,NASDAQ,Medical Specialties,8.74,10.29,11.21,4.3,4.75,5499962.5,4412599.066666666,38566116.0,45387259.0,-10.45,391,-21.68,396,-22.52,304,-23.0,352,-22.4,-4.64,2026-10-29,False,https://www.tradingview.com/chart/?symbol=NASDAQ:XRAY&interval=D,False,False,False,False
FTFT,Future FinTech Group Inc.,NASDAQ,Finance/Rental/Leasing,3.36,3.47,3.55,43.42,31.2,933570.5,11026240.35,37048168.0,38234812.0,-20.19,431,82.61,7,-67.79,436,-82.93,438,-22.7,-0.17,,False,https://www.tradingview.com/chart/?symbol=NASDAQ:FTFT&interval=D,False,True,False,False
TRIP,"TripAdvisor, Inc.",NASDAQ,Other Consumer Services,8.38,9.12,10.44,4.11,4.66,4612874.2,3981480.7666666666,33344901.0,36315750.0,3.91,94,-10.71,295,-39.75,398,-18.37,336,-22.94,-4.24,2026-11-09,False,https://www.tradingview.com/chart/?symbol=NASDAQ:TRIP&interval=D,False,False,False,False
DNN,Denison Mines Corp,AMEX,Other Metals/Minerals,2.54,3.09,3.08,4.74,5.52,25215094.9,25985993.5,66004423.0,80314044.0,-9.61,381,-22.8,402,-19.62,279,-27.64,367,-23.35,-3.18,2026-11-03,False,https://www.tradingview.com/chart/?symbol=AMEX:DNN&interval=D,False,False,False,False
ESAB,ESAB Corporation,NYSE,Industrial Machinery,67.11,72.04,77.99,4.22,4.54,1064806.7,902776.5,60585331.0,65036019.0,0.93,149,-10.3,286,-29.36,355,-30.56,379,-23.41,-3.07,2026-11-04,False,https://www.tradingview.com/chart/?symbol=NYSE:ESAB&interval=D,False,False,False,False
QXO,"QXO, Inc.",NYSE,Wholesale Distributors,12.05,12.66,13.39,4.55,4.98,23067462.3,17382168.2,209455127.0,220046661.0,-0.5,192,-8.02,257,-27.01,336,-35.39,393,-23.47,-2.01,2026-11-17,False,https://www.tradingview.com/chart/?symbol=NYSE:QXO&interval=D,False,False,False,False
KTOS,"Kratos Defense & Security Solutions, Inc.",NASDAQ,Aerospace & Defense,42.82,48.51,51.29,4.83,5.33,4591438.5,3737370.7333333334,160034215.0,181288642.0,-5.79,304,-14.68,337,-22.69,305,-34.41,392,-23.93,-3.1,2026-10-29,False,https://www.tradingview.com/chart/?symbol=NASDAQ:KTOS&interval=D,False,False,False,False
HUBG,"Hub Group, Inc.",NASDAQ,Air Freight/Couriers,30.15,35.12,38.99,4.81,4.8,1343719.9,1299573.2,39182132.0,45637545.0,-3.98,266,-24.04,405,-31.99,374,-15.88,326,-23.97,-4.72,2026-10-22,False,https://www.tradingview.com/chart/?symbol=NASDAQ:HUBG&interval=D,False,False,False,False
CHWY,"Chewy, Inc.",NYSE,Internet Retail,17.72,21.47,21.97,4.61,5.26,10792230.2,9627093.1,170592090.0,206674435.0,-4.58,274,-24.95,414,-14.35,238,-32.8,385,-24.03,-3.67,2026-12-03,False,https://www.tradingview.com/chart/?symbol=NYSE:CHWY&interval=D,False,False,False,False
WING,Wingstop Inc.,NASDAQ,Restaurants,104.36,108.13,114.61,5.2,5.62,1409563.1,1275366.6333333333,133097262.0,137909220.0,6.5,62,-2.47,210,-41.04,401,-28.64,371,-24.05,-1.59,2026-10-28,False,https://www.tradingview.com/chart/?symbol=NASDAQ:WING&interval=D,False,False,False,False
FLUT,Flutter Entertainment plc,NYSE,Casinos/Gaming,76.47,93.71,96.28,5.52,5.51,3499239.6,2824831.7,216014880.0,264715920.0,-10.53,392,-22.09,400,-28.16,343,-23.75,356,-24.67,-3.73,2026-11-18,False,https://www.tradingview.com/chart/?symbol=NYSE:FLUT&interval=D,False,False,False,False
STUB,"StubHub Holdings, Inc.",NYSE,Internet Software/Services,5.59,6.07,6.98,4.96,5.71,8498737.1,6677953.5,37329760.0,40501788.0,5.67,71,-11.27,304,-56.26,426,-6.68,280,-24.74,-3.49,2026-11-12,False,https://www.tradingview.com/chart/?symbol=NYSE:STUB&interval=D,False,False,False,False
AAP,Advance Auto Parts Inc.,NYSE,Specialty Stores,38.74,42.38,48.06,4.08,4.77,1981394.3,2378480.3,92142327.0,100801581.0,-7.23,344,-8.74,270,-38.12,394,-27.99,369,-24.95,-4.06,2026-11-18,False,https://www.tradingview.com/chart/?symbol=NYSE:AAP&interval=D,False,False,False,False
CELC,Celcuity Inc.,NASDAQ,Medical Specialties,75.13,86.61,87.59,5.28,5.87,1078338.5,904012.7333333333,67918477.0,78296844.0,-5.77,303,-15.58,343,-29.02,352,-31.2,380,-25.27,-2.42,2026-11-18,False,https://www.tradingview.com/chart/?symbol=NASDAQ:CELC&interval=D,False,False,False,False
QNT,Quantinuum Inc.,NASDAQ,Computer Processing Hardware,46.68,50.53,53.28,6.64,7.1,2404497.5,1737980.7,81128939.0,87816109.0,-4.73,279,-4.75,234,-40.15,399,-31.35,381,-25.42,-1.74,2026-11-12,False,https://www.tradingview.com/chart/?symbol=NASDAQ:QNT&interval=D,False,False,False,False
EOSE,"Eos Energy Enterprises, Inc.",NASDAQ,Electrical Products,3.14,3.61,3.69,8.33,9.32,29475359.6,27213753.566666666,85451186.0,98150938.0,-10.31,387,0.16,177,-43.22,404,-33.33,386,-25.46,-1.6,2026-11-11,False,https://www.tradingview.com/chart/?symbol=NASDAQ:EOSE&interval=D,False,False,False,False
FTAI,FTAI Aviation Ltd.,NASDAQ,Aerospace & Defense,167.32,187.58,198.93,4.07,5.18,1212017.4000000015,1321258.8666666686,221073034.0,247840417.0,-8.43,363,-10.75,297,-36.2,385,-30.16,374,-25.7,-3.06,2026-11-03,False,https://www.tradingview.com/chart/?symbol=NASDAQ:FTAI&interval=D,False,False,False,False
HYMC,Hycroft Mining Holding Corporation,NASDAQ,Precious Metals,18.93,22.36,22.86,6.31,7.84,2397406.0,2133155.366666662,40380631.0,47703398.0,-9.56,380,-14.44,334,-21.48,291,-41.7,408,-25.88,-2.19,2026-11-03,False,https://www.tradingview.com/chart/?symbol=NASDAQ:HYMC&interval=D,False,False,False,False
QS,QuantumScape Corporation,NASDAQ,Electrical Products,4.59,5.26,5.42,4.77,5.45,12163588.2,13142648.533333333,60324757.0,69182902.0,-5.94,311,-15.93,345,-40.43,400,-22.6,351,-26.32,-2.8,2026-10-28,False,https://www.tradingview.com/chart/?symbol=NASDAQ:QS&interval=D,False,False,False,False
CBRS,Cerebras Systems Inc.,NASDAQ,Packaged Software,169.52,192.36,202.13,6.32,8.37,7719877.7,6589475.766666667,1117047932.0,1267532888.0,-14.18,417,-5.53,240,-22.95,308,-51.57,422,-26.68,-1.93,2026-12-02,False,https://www.tradingview.com/chart/?symbol=NASDAQ:CBRS&interval=D,False,False,False,False
PLNT,"Planet Fitness, Inc.",NYSE,Other Consumer Services,41.85,48.65,50.36,5.35,4.9,3868000.7,2370650.566666667,99211726.0,115324248.0,0.82,152,-17.57,362,-22.1,295,-41.91,409,-27.19,-3.45,2026-11-10,False,https://www.tradingview.com/chart/?symbol=NYSE:PLNT&interval=D,False,False,False,False
APP,Applovin Corporation,NASDAQ,Packaged Software,281.31,313.32,333.33,5.26,5.6,5685393.1,4895529.0,1377161263.0,1533868778.0,-10.84,396,-7.92,255,-48.87,414,-25.33,361,-27.37,-2.79,2026-11-11,False,https://www.tradingview.com/chart/?symbol=NASDAQ:APP&interval=D,False,False,False,False
TE,T1 Energy Inc.,NYSE,Electrical Products,3.73,4.33,4.57,6.34,8.67,20209255.0,19633670.033333335,73233589.0,85020336.0,-7.21,343,-13.86,327,-59.46,429,-11.82,310,-28.38,-2.13,2026-11-11,False,https://www.tradingview.com/chart/?symbol=NYSE:TE&interval=D,False,False,False,False
UUUU,Energy Fuels Inc,AMEX,Other Metals/Minerals,10.71,13.2,13.15,4.41,5.97,7411321.4,6907690.966666667,73981370.0,91160798.0,-6.63,328,-24.84,412,-25.31,325,-37.0,400,-29.05,-3.11,2026-10-30,False,https://www.tradingview.com/chart/?symbol=AMEX:UUUU&interval=D,False,False,False,False
SEDG,"SolarEdge Technologies, Inc.",NASDAQ,Electrical Products,30.87,33.36,34.83,6.78,7.67,2661678.4,3054331.933333333,94287227.0,101893531.0,-4.19,270,-3.14,218,-45.57,410,-38.99,403,-29.23,-1.48,2026-11-11,False,https://www.tradingview.com/chart/?symbol=NASDAQ:SEDG&interval=D,False,False,False,False
PUMP,ProPetro Holding Corp.,NYSE,Oilfield Services/Equipment,9.0,10.6,10.93,5.25,5.79,4488369.7,3698181.3333333335,33283632.0,39189628.0,-8.91,370,-21.12,389,-32.99,378,-34.26,390,-29.46,-3.06,2026-11-04,False,https://www.tradingview.com/chart/?symbol=NYSE:PUMP&interval=D,False,False,False,False
MTZ,"MasTec, Inc.",NYSE,Engineering & Construction,213.66,231.65,255.23,4.88,5.42,1541133.1,1517867.4333333333,324307556.0,351621074.0,-0.39,189,-10.19,284,-45.52,409,-33.97,389,-29.89,-3.0,2026-10-29,False,https://www.tradingview.com/chart/?symbol=NYSE:MTZ&interval=D,False,False,False,False
FRMI,Fermi Inc.,NASDAQ,Real Estate Development,4.05,5.05,5.58,6.77,8.53,19505920.8,16574657.366666667,67127362.0,83668870.0,-14.92,419,-16.84,354,-52.46,422,-20.43,344,-29.91,-3.22,2026-11-17,False,https://www.tradingview.com/chart/?symbol=NASDAQ:FRMI&interval=D,False,False,False,False
TTD,"The Trade Desk, Inc.",NASDAQ,Packaged Software,12.1,13.57,14.62,4.41,4.8,34110861.099999994,22836029.466666676,276315957.0,309877308.0,-5.1,287,-10.57,293,-36.58,390,-44.34,412,-30.5,-3.59,2026-11-05,False,https://www.tradingview.com/chart/?symbol=NASDAQ:TTD&interval=D,False,False,False,False
AGX,"Argan, Inc.",NYSE,Engineering & Construction,379.58,409.32,473.96,4.05,5.56,415757.2,410560.2,155840441.0,168049133.0,3.4,98,-10.13,282,-50.19,417,-31.56,382,-30.63,-3.58,2026-12-09,False,https://www.tradingview.com/chart/?symbol=NYSE:AGX&interval=D,False,False,False,False
WHR,Whirlpool Corporation,NYSE,Electronics/Appliances,30.48,35.84,37.71,4.51,5.13,2879904.4,2701464.3333333335,82340633.0,96824084.0,-7.78,352,-24.48,408,-24.68,321,-42.81,410,-30.66,-3.74,2026-10-15,False,https://www.tradingview.com/chart/?symbol=NYSE:WHR&interval=D,False,False,False,False
CHTR,"Charter Communications, Inc.",NASDAQ,Cable/Satellite TV,111.37,136.64,140.6,4.53,5.39,3590698.6,2901595.8666666667,323150732.0,396477928.0,-4.83,280,-23.77,404,-20.83,286,-48.55,419,-31.05,-3.86,2026-10-30,False,https://www.tradingview.com/chart/?symbol=NASDAQ:CHTR&interval=D,False,False,False,False
RUN,Sunrun Inc.,NASDAQ,Semiconductors,7.64,8.58,9.13,5.0,5.97,8032092.1,7269444.333333333,55538555.0,62373044.0,-6.94,336,-8.06,258,-41.72,403,-43.95,411,-31.24,-2.73,2026-11-04,False,https://www.tradingview.com/chart/?symbol=NASDAQ:RUN&interval=D,False,False,False,False
CAR,"Avis Budget Group, Inc.",NASDAQ,Finance/Rental/Leasing,106.12,125.89,133.65,5.15,5.5,516714.1,405775.23333333334,43060868.0,51081286.0,0.88,150,-27.7,424,-28.67,348,-37.58,401,-31.32,-3.75,2026-11-02,False,https://www.tradingview.com/chart/?symbol=NASDAQ:CAR&interval=D,False,False,False,False
KNF,Knife Riv Holding Co.,NYSE,Construction Materials,50.62,58.61,63.56,4.44,4.72,1342654.0,1067869.6333333333,54055561.0,62591043.0,-4.9,281,-18.04,366,-39.41,396,-36.57,397,-31.34,-4.31,2026-11-09,False,https://www.tradingview.com/chart/?symbol=NYSE:KNF&interval=D,False,False,False,False
NKTR,Nektar Therapeutics,NASDAQ,Pharmaceuticals: Major,46.99,68.02,70.0,8.87,9.27,2484115.1999999997,1292122.6666666667,60716844.0,87894706.0,-19.02,429,-33.26,432,-27.74,341,-36.11,396,-32.37,-3.55,2026-11-05,False,https://www.tradingview.com/chart/?symbol=NASDAQ:NKTR&interval=D,False,False,False,False
FMC,FMC Corporation,NYSE,Chemicals: Agricultural,8.56,10.92,10.81,5.97,6.46,4964488.1,3695191.9,31630843.0,40365045.0,-13.54,414,-25.17,415,-22.18,298,-49.91,421,-32.42,-3.22,2026-10-29,False,https://www.tradingview.com/chart/?symbol=NYSE:FMC&interval=D,False,False,False,False
INIO,INNIO N.V.,NASDAQ,Electrical Products,18.28,20.24,22.68,6.73,7.67,6413885.9,5085560.033333333,92964037.0,102941906.0,-6.26,318,-8.09,259,-52.01,421,-41.03,407,-33.71,-2.53,2026-12-02,False,https://www.tradingview.com/chart/?symbol=NASDAQ:INIO&interval=D,False,False,False,False
XENE,Xenon Pharmaceuticals Inc.,NASDAQ,Pharmaceuticals: Major,38.93,52.39,56.98,5.08,6.24,4446313.8,1935194.5666666667,75337124.0,101388714.0,6.66,57,-35.63,433,-35.47,382,-30.48,378,-33.86,-5.07,2026-11-11,False,https://www.tradingview.com/chart/?symbol=NASDAQ:XENE&interval=D,False,False,False,False
XE,"X-Energy, Inc.",NASDAQ,Industrial Machinery,13.95,16.66,17.46,6.64,8.48,6423423.2,6623021.533333333,92391150.0,110372654.0,-14.15,416,-21.56,395,-24.64,319,-56.43,427,-34.21,-2.37,2026-12-02,False,https://www.tradingview.com/chart/?symbol=NASDAQ:XE&interval=D,False,False,False,False
LCID,"Lucid Group, Inc.",NASDAQ,Motor Vehicles,4.19,4.5,5.45,5.39,7.19,9890304.89999998,11768466.73333335,49309876.0,53014981.0,1.21,138,-13.25,322,-38.92,395,-55.35,425,-35.84,-3.21,2026-11-10,False,https://www.tradingview.com/chart/?symbol=NASDAQ:LCID&interval=D,False,False,False,False
FUN,Six Flags Entertainment Corporation,NYSE,Movies/Entertainment,10.88,13.88,15.13,5.56,6.62,2720350.9,2192972.933333333,23859546.0,30428961.0,-12.19,405,-27.05,418,-46.25,412,-36.96,398,-36.75,-4.24,2026-11-05,False,https://www.tradingview.com/chart/?symbol=NYSE:FUN&interval=D,False,False,False,False
PL,Planet Labs PBC,NYSE,Packaged Software,16.14,18.21,19.9,5.04,6.22,10373820.0,10685162.633333333,172458525.0,194598182.0,-1.1,211,-17.53,361,-48.91,415,-45.18,413,-37.2,-3.04,2026-12-14,False,https://www.tradingview.com/chart/?symbol=NYSE:PL&interval=D,False,False,False,False
IONS,"Ionis Pharmaceuticals, Inc.",NASDAQ,Pharmaceuticals: Major,44.0,52.97,54.15,5.3,4.98,4460260.4,3824972.966666667,168298811.0,202602443.0,0.53,157,-27.12,419,-44.67,407,-40.33,406,-37.37,-3.77,2026-11-04,False,https://www.tradingview.com/chart/?symbol=NASDAQ:IONS&interval=D,False,False,False,False
RCAT,"Red Cat Holdings, Inc.",NASDAQ,Packaged Software,6.33,7.84,8.29,6.0,6.92,9848525.9,7883267.733333333,49901085.0,61804819.0,-2.47,238,-24.64,410,-41.52,402,-45.99,415,-37.39,-3.41,2026-11-12,False,https://www.tradingview.com/chart/?symbol=NASDAQ:RCAT&interval=D,False,False,False,False
UTI,Universal Technical Institute Inc,NYSE,Miscellaneous Commercial Services,19.03,20.89,25.76,5.33,6.69,2249725.9,1907586.1,36301363.0,39850109.0,-6.85,333,-9.42,274,-59.52,430,-47.72,416,-38.89,-3.9,2026-11-25,False,https://www.tradingview.com/chart/?symbol=NYSE:UTI&interval=D,False,False,False,False
OPEN,Opendoor Technologies Inc,NASDAQ,Real Estate Development,2.4,2.91,3.22,5.55,6.47,30491450.2,30013762.033333335,72033029.0,87260011.0,-6.61,327,-22.08,399,-51.95,420,-45.21,414,-39.75,-3.94,2026-11-05,False,https://www.tradingview.com/chart/?symbol=NASDAQ:OPEN&interval=D,False,False,False,False
FRVO,Fervo Energy Company,NASDAQ,Alternative Power Generation,14.46,16.15,18.4,7.84,9.97,8104578.8,7389397.9,106850694.0,119315376.0,-21.8,434,-12.2,309,-50.07,416,-59.83,430,-40.7,-2.15,2026-12-02,False,https://www.tradingview.com/chart/?symbol=NASDAQ:FRVO&interval=D,False,False,False,False
FICO,Fair Isaac Corporation,NYSE,Financial Publishing/Services,661.75,979.34,1039.33,5.64,8.83,1335998.6,679897.6,449922237.0,665853862.0,-25.49,436,-41.74,435,-45.79,411,-36.98,399,-41.5,-4.12,2026-11-11,False,https://www.tradingview.com/chart/?symbol=NYSE:FICO&interval=D,False,False,False,False
KRMN,Karman Holdings Inc.,NYSE,Aerospace & Defense,31.89,39.37,45.6,7.17,7.82,4629014.0,3602920.9,114897148.0,141848197.0,-2.45,236,-21.26,391,-43.51,405,-60.16,431,-41.64,-3.85,2026-11-05,False,https://www.tradingview.com/chart/?symbol=NYSE:KRMN&interval=D,False,False,False,False
FLNC,"Fluence Energy, Inc.",NASDAQ,Electrical Products,7.57,9.41,10.96,5.73,8.22,8607067.0,7768286.066666666,58805926.0,73073678.0,2.16,119,-28.46,425,-59.03,428,-38.63,402,-42.04,-3.76,2026-11-30,False,https://www.tradingview.com/chart/?symbol=NASDAQ:FLNC&interval=D,False,False,False,False
RARE,Ultragenyx Pharmaceutical Inc.,NASDAQ,Pharmaceuticals: Major,14.75,18.32,21.43,5.77,7.85,5961636.3,5723967.633333334,84428523.0,104886937.0,0.14,167,-41.5,434,-55.03,425,-29.93,373,-42.15,-3.97,2026-11-04,False,https://www.tradingview.com/chart/?symbol=NASDAQ:RARE&interval=D,False,False,False,False
BRBR,"BellRing Brands, Inc.",NYSE,Beverages: Non-Alcoholic,7.4,9.41,10.45,5.29,6.43,4236964.0,3258482.5,24112770.0,30665579.0,-12.94,410,-32.36,430,-44.15,406,-52.32,423,-42.94,-4.54,2026-11-23,False,https://www.tradingview.com/chart/?symbol=NYSE:BRBR&interval=D,False,False,False,False
YSS,York Space Systems Inc.,NYSE,Aerospace & Defense,8.61,8.87,10.67,7.53,8.71,4347814.0,3429237.1333333333,29525732.0,30426478.0,-9.08,373,-2.71,212,-65.41,435,-62.24,432,-43.45,-2.21,2026-12-02,False,https://www.tradingview.com/chart/?symbol=NYSE:YSS&interval=D,False,False,False,False
SOC,Sable Offshore Corp.,NYSE,Integrated Oil,3.29,4.49,4.51,9.85,10.45,9168506.5,8096604.0,26637827.0,36388837.0,-21.67,432,-32.58,431,-21.85,294,-79.06,436,-44.5,-2.59,2026-11-12,False,https://www.tradingview.com/chart/?symbol=NYSE:SOC&interval=D,False,False,False,False
BW,"Babcock & Wilcox Enterprises, Inc.",NYSE,Electronic Equipment/Instruments,5.79,7.1,8.04,6.81,9.16,5529045.8,4827850.766666667,27953256.0,34269694.0,-11.06,398,-20.79,387,-54.94,424,-59.4,429,-45.04,-3.06,2026-11-11,False,https://www.tradingview.com/chart/?symbol=NYSE:BW&interval=D,False,False,False,False
BENF,Beneficient,NASDAQ,Investment Managers,1.51,1.6,2.11,28.3,33.26,42695517.2,20371709.066666666,30761281.0,32668955.0,-21.76,433,-27.4,421,-58.17,427,-52.96,424,-46.18,-0.86,2026-11-12,False,https://www.tradingview.com/chart/?symbol=NASDAQ:BENF&interval=D,False,False,False,False
CAPR,"Capricor Therapeutics, Inc.",NASDAQ,Pharmaceuticals: Major,8.94,8.8,8.2,7.16,10.03,4483851.0,5760962.033333333,51503001.0,50701267.0,3.95,93,-16.99,355,-61.35,431,-69.27,435,-49.2,0.9,2026-11-17,False,https://www.tradingview.com/chart/?symbol=NASDAQ:CAPR&interval=D,False,False,False,False
LQDA,Liquidia Corporation,NASDAQ,Pharmaceuticals: Major,27.99,66.07,73.18,22.74,23.2,5606633.1,2612160.5,73114372.0,172590233.0,-58.25,442,-58.66,438,-64.99,434,-24.25,358,-49.3,-2.66,2026-11-10,False,https://www.tradingview.com/chart/?symbol=NASDAQ:LQDA&interval=D,False,False,False,False
TNON,"Tenon Medical, Inc.",NASDAQ,Medical/Nursing Services,4.04,4.4,5.21,17.26,25.71,5974090.300000003,11345356.6,45835241.0,49976296.0,27.04,2,-9.42,273,-64.59,433,-83.74,439,-52.58,-0.88,2026-11-18,False,https://www.tradingview.com/chart/?symbol=NASDAQ:TNON&interval=D,True,False,False,False
XNDU,Xanadu Quantum Technologies Limited,NASDAQ,Computer Processing Hardware,4.48,8.18,9.2,9.15,12.02,10879517.2,4736843.166666667,21221057.0,38755272.0,-12.5,408,-56.67,437,-62.29,432,-40.27,405,-53.08,-4.27,2026-12-02,False,https://www.tradingview.com/chart/?symbol=NASDAQ:XNDU&interval=D,False,False,False,False
BIAF,"bioAffinity Technologies, Inc.",NASDAQ,Medical Specialties,6.14,7.62,7.79,20.33,27.36,1357295.3999999985,6233367.337777778,38304042.0,47481948.0,-19.88,430,-20.4,384,-51.23,418,-89.05,441,-53.56,-0.77,2026-11-18,False,https://www.tradingview.com/chart/?symbol=NASDAQ:BIAF&interval=D,False,False,False,False
ALHC,"Alignment Healthcare, Inc.",NASDAQ,Managed Health Care,7.74,11.15,12.8,10.33,9.25,13362611.9,9526162.866666667,73732501.0,106243707.0,-2.27,234,-42.45,436,-67.98,437,-55.95,426,-55.46,-4.27,2026-10-29,False,https://www.tradingview.com/chart/?symbol=NASDAQ:ALHC&interval=D,False,False,False,False
ALMS,Alumis Inc.,NASDAQ,Pharmaceuticals: Major,7.21,12.49,18.14,6.15,12.82,2582343.1,3820533.7666666666,27546048.0,47733749.0,-2.96,245,-27.39,420,-72.75,439,-67.17,433,-55.77,-4.7,2026-11-12,False,https://www.tradingview.com/chart/?symbol=NASDAQ:ALMS&interval=D,False,False,False,False
XHLD,"TEN Holdings, Inc.",NASDAQ,Miscellaneous Commercial Services,0.55,8.58,6.41,395.3,324.15,5700107.0,4240130.033333333,2339704.0,36372005.0,-95.45,446,-93.81,444,-73.08,440,-56.89,428,-74.59,-0.28,2026-11-16,False,https://www.tradingview.com/chart/?symbol=NASDAQ:XHLD&interval=D,False,False,False,False
LHSW,Lianhe Sowell International Group Ltd,NASDAQ,Computer Processing Hardware,0.52,1.82,2.18,23.89,75.94,35798761.8,17394573.433333334,8958205.0,31638613.0,-31.68,438,-86.19,441,-70.23,438,-81.08,437,-79.17,-1.01,,False,https://www.tradingview.com/chart/?symbol=NASDAQ:LHSW&interval=D,False,False,False,False
CTVA,"Corteva, Inc.",NYSE,Agricultural Commodities/Milling,12.57,80.23,80.4,17.87,54.05,12699884.2,7600061.5,95532773.0,609730134.0,-84.58,445,-85.3,439,-84.96,441,-84.97,440,-85.08,-1.56,2026-11-11,False,https://www.tradingview.com/chart/?symbol=NYSE:CTVA&interval=D,False,False,False,False
WETO,Wetour Robotics Limited,NASDAQ,Other Transportation,1.12,6.6,7.51,24.53,189.71,7779420.4,7116515.933333334,7970498.0,46972563.0,-44.55,439,-85.43,440,-98.68,445,-97.8,443,-93.97,-0.45,,False,https://www.tradingview.com/chart/?symbol=NASDAQ:WETO&interval=D,False,False,False,False
RETO,"ReTo Eco-Solutions, Inc.",NASDAQ,Other Metals/Minerals,0.09,0.83,1.42,1848.39,970.29,106563652.4,59687500.5,5568844.0,49683080.0,-44.63,440,-93.14,443,-96.06,442,-97.05,442,-95.41,-0.1,,False,https://www.tradingview.com/chart/?symbol=NASDAQ:RETO&interval=D,False,False,False,False
NIVF,NewGenIvf Group Limited,NASDAQ,Financial Conglomerates,0.1,0.97,1.45,128.94,192.59,99861235.0,33364560.433333334,3369821.0,32394097.0,-83.17,444,-92.29,442,-97.56,443,-99.48,445,-96.44,-0.48,,False,https://www.tradingview.com/chart/?symbol=NASDAQ:NIVF&interval=D,False,False,False,False
NCT,Intercont (Cayman) Limited,NASDAQ,Marine Shipping,1.46,42.72,61.05,116.29,418.44,632969.8,719259.772,1050119.0,30725159.0,-72.76,443,-98.87,446,-98.1,444,-97.8,444,-98.26,-0.23,,False,https://www.tradingview.com/chart/?symbol=NASDAQ:NCT&interval=D,False,False,False,False
CTNT,Cheetah Net Supply Chain Service Inc.,NASDAQ,Engineering & Construction,2.45,112.58,172.67,456.96,563.24,1490276.1354438202,914362.5563244161,2240188.0,102940245.0,-47.31,441,-98.87,445,-99.09,446,-99.99,446,-99.32,-0.18,2026-11-06,False,https://www.tradingview.com/chart/?symbol=NASDAQ:CTNT&interval=D,False,False,False,False
