name,description,exchange,industry,close,SMA30,SMA50,ADRP,ATRP,average_volume_10d_calc,average_volume_30d_calc,dollar_volume_30d,average_dollar_volume_30d,Perf.W,perf_1w_rank,Perf.1M,perf_1m_rank,Perf.3M,perf_3m_rank,Perf.6M,perf_6m_rank,momentum_score,atr_extension_from_50d,earnings_date,earnings_soon,tradingview_url,is_top_1w,is_top_1m,is_top_3m,is_top_6m
CYPH,Cypherpunk Technologies Inc.,NASDAQ,Financial Conglomerates,3.31,2.31,1.65,16.48,14.38,22925675.0,16638634.933333334,55073882.0,38463366.0,-17.25,446,81.87,6,435.6,1,332.96,3,283.48,6.99,2026-11-16,False,https://www.tradingview.com/chart/?symbol=NASDAQ:CYPH&interval=D,False,True,True,True
QMCO,Quantum Corporation,NASDAQ,Computer Peripherals,31.4,24.39,20.09,7.57,7.74,2193077.9,1488065.8666666667,46725268.0,36299135.0,20.7,11,34.07,14,165.43,3,547.42,1,248.97,7.28,2026-11-13,False,https://www.tradingview.com/chart/?symbol=NASDAQ:QMCO&interval=D,True,True,True,True
USDE,StablecoinX Inc.,NASDAQ,Packaged Software,15.56,8.24,5.74,10.31,11.3,7039756.6,8951626.933333334,139287315.0,73804672.0,19.23,14,114.92,5,416.94,2,61.0,104,197.62,15.14,,False,https://www.tradingview.com/chart/?symbol=NASDAQ:USDE&interval=D,True,True,True,False
MXL,"MaxLinear, Inc",NASDAQ,Semiconductors,90.0,71.3,71.81,6.62,7.36,3399208.4,2666865.2,240017868.0,190158156.0,7.75,48,44.12,11,-17.64,294,411.36,2,145.95,3.44,2026-10-28,False,https://www.tradingview.com/chart/?symbol=NASDAQ:MXL&interval=D,False,True,False,True
CDNA,"CareDx, Inc.",NASDAQ,Medical Specialties,64.6,51.92,48.05,4.39,4.45,1456260.4,1242272.1333333333,80250780.0,64497527.0,20.03,12,25.45,24,124.46,6,263.74,6,137.88,7.73,2026-11-10,False,https://www.tradingview.com/chart/?symbol=NASDAQ:CDNA&interval=D,True,True,True,True
ASST,"Strive, Inc.",NASDAQ,Financial Conglomerates,29.0,24.56,19.61,6.34,6.44,9587364.700000001,10148557.133333333,294308157.0,249268860.0,-8.34,340,28.89,19,160.32,4,181.01,14,123.41,7.43,2026-11-13,False,https://www.tradingview.com/chart/?symbol=NASDAQ:ASST&interval=D,False,True,True,True
GRAL,"GRAIL, Inc.",NASDAQ,Medical Specialties,132.63,84.7,78.72,5.73,5.95,2144810.6,1128413.6666666667,149661505.0,95573252.0,41.49,7,65.42,8,93.06,11,154.59,26,104.35,11.51,2026-11-18,False,https://www.tradingview.com/chart/?symbol=NASDAQ:GRAL&interval=D,True,True,True,False
AMC,"AMC Entertainment Holdings, Inc.",NYSE,Movies/Entertainment,3.29,2.65,2.61,5.41,5.79,35984699.20000003,25546198.66666667,84046994.0,67663365.0,19.64,13,20.96,29,62.87,23,229.0,8,104.28,4.54,2026-11-11,False,https://www.tradingview.com/chart/?symbol=NYSE:AMC&interval=D,True,False,True,True
TEAM,Atlassian Corporation,NASDAQ,Packaged Software,178.54,182.85,156.01,4.47,5.13,3195134.2,3666574.1666666665,654630152.0,670450808.0,-8.19,334,-3.49,187,130.4,5,161.33,20,96.08,2.82,2026-10-29,False,https://www.tradingview.com/chart/?symbol=NASDAQ:TEAM&interval=D,False,False,True,True
LIFE,Ethos Technologies Inc.,NASDAQ,Packaged Software,34.24,36.99,32.21,8.61,8.24,2084672.9,1584040.9666666666,54237563.0,58595787.0,-5.78,272,-13.54,302,84.68,13,205.71,11,92.29,0.76,2026-12-02,False,https://www.tradingview.com/chart/?symbol=NASDAQ:LIFE&interval=D,False,False,True,True
SDGR,"Schrodinger, Inc.",NASDAQ,Packaged Software,29.5,22.56,20.07,7.21,6.01,3493091.3,1821386.2333333334,53730894.0,41089259.0,0.24,130,46.04,10,72.11,19,155.85,25,91.34,7.82,2026-11-11,False,https://www.tradingview.com/chart/?symbol=NASDAQ:SDGR&interval=D,False,True,True,False
DELL,Dell Technologies Inc.,NYSE,Computer Processing Hardware,543.43,507.02,478.66,5.15,5.76,9335460.499999998,9173001.1,4984883988.0,4650895018.0,-7.39,314,16.22,42,32.34,69,225.45,9,91.34,2.35,2026-12-01,False,https://www.tradingview.com/chart/?symbol=NYSE:DELL&interval=D,False,False,False,True
APPS,"Digital Turbine, Inc.",NASDAQ,Packaged Software,11.22,11.16,10.88,7.31,7.63,2984239.4,2693223.9,30217972.0,30053237.0,4.23,74,-1.06,158,-12.48,253,281.63,5,89.36,0.41,2026-11-11,False,https://www.tradingview.com/chart/?symbol=NASDAQ:APPS&interval=D,False,False,False,True
BLZE,"Backblaze, Inc.",NASDAQ,Computer Peripherals,13.54,14.35,14.89,5.89,6.83,1863515.0,2349861.6666666665,31817127.0,33715032.0,1.35,117,-9.97,261,-8.51,220,285.75,4,89.09,-1.33,2026-11-11,False,https://www.tradingview.com/chart/?symbol=NASDAQ:BLZE&interval=D,False,False,False,True
GLND,Greenland Energy Company,NASDAQ,Financial Conglomerates,4.49,1.85,1.91,13.44,14.49,63601985.4,21688766.566666666,97382562.0,40149522.0,48.92,5,220.71,1,87.87,12,-48.39,448,86.73,9.33,2026-12-02,False,https://www.tradingview.com/chart/?symbol=NASDAQ:GLND&interval=D,True,True,True,False
BAND,Bandwidth Inc.,NASDAQ,Packaged Software,61.01,51.27,51.58,8.05,7.36,1000911.7,888285.8666666667,54194321.0,45546118.0,20.79,10,17.67,38,1.72,170,239.13,7,86.17,2.49,2026-10-29,False,https://www.tradingview.com/chart/?symbol=NASDAQ:BAND&interval=D,True,False,False,True
GPRO,"GoPro, Inc.",NASDAQ,Electronics/Appliances,1.33,1.1,0.94,7.88,10.32,15402276.4,65091330.4,86571469.0,71563795.0,2.7,93,117.96,4,71.26,20,68.23,89,85.82,4.06,2026-11-05,False,https://www.tradingview.com/chart/?symbol=NASDAQ:GPRO&interval=D,False,True,True,False
PLSE,"Pulse Biosciences, Inc",NASDAQ,Medical Specialties,52.32,51.0,45.38,8.44,6.98,595975.7,603145.8333333334,31556590.0,30761443.0,-3.06,206,8.86,76,80.23,16,138.25,33,75.78,2.19,2026-11-16,False,https://www.tradingview.com/chart/?symbol=NASDAQ:PLSE&interval=D,False,False,True,False
SECZ,Securitize Corp.,NYSE,Packaged Software,16.63,8.77,8.08,7.92,7.52,7517345.0,3743560.066666667,62255404.0,32834765.0,42.5,6,149.33,2,25.23,85,51.04,124,75.2,14.06,2026-11-13,False,https://www.tradingview.com/chart/?symbol=NYSE:SECZ&interval=D,True,True,False,False
P,"Everpure, Inc.",NYSE,Computer Peripherals,129.4,104.82,97.23,4.71,5.38,12238529.8,6195989.2,801761002.0,649471849.0,22.65,9,32.38,16,79.05,17,112.97,49,74.8,6.15,2026-12-02,False,https://www.tradingview.com/chart/?symbol=NYSE:P&interval=D,True,True,True,False
OKTA,"Okta, Inc.",NASDAQ,Packaged Software,202.18,169.64,159.25,5.11,5.01,4429076.6,4327184.266666667,874870115.0,734052721.0,9.94,36,17.41,39,53.46,34,152.72,28,74.53,5.38,2026-12-08,False,https://www.tradingview.com/chart/?symbol=NASDAQ:OKTA&interval=D,False,False,False,False
HPE,Hewlett Packard Enterprise Company,NYSE,Computer Processing Hardware,62.63,56.61,54.28,5.01,5.47,20394515.3,23082204.36666669,1445638459.0,1306591260.0,-0.03,135,16.72,41,42.34,52,159.34,21,72.8,2.81,2026-12-03,False,https://www.tradingview.com/chart/?symbol=NYSE:HPE&interval=D,False,False,False,True
CRWD,"CrowdStrike Holdings, Inc.",NASDAQ,Packaged Software,259.25,222.3,213.75,4.61,4.73,12132403.8,11588832.633333333,3004404860.0,2576139550.0,11.93,28,13.59,55,40.8,56,161.37,19,71.92,4.5,2026-12-01,False,https://www.tradingview.com/chart/?symbol=NASDAQ:CRWD&interval=D,False,False,False,True
CORT,Corcept Therapeutics Incorporated,NASDAQ,Pharmaceuticals: Major,115.63,115.6,111.29,4.69,4.56,2615124.4,1435846.1333333333,166026888.0,165984052.0,4.84,68,-1.29,163,31.98,71,184.73,13,71.81,0.86,2026-11-04,False,https://www.tradingview.com/chart/?symbol=NASDAQ:CORT&interval=D,False,False,False,True
RNG,"RingCentral, Inc.",NYSE,Packaged Software,76.13,71.28,64.95,4.33,4.36,1771678.8,1529615.2333333334,116449608.0,109023836.0,4.76,69,9.26,74,98.67,8,103.01,55,70.31,3.95,2026-11-09,False,https://www.tradingview.com/chart/?symbol=NYSE:RNG&interval=D,False,False,True,False
ALAB,"Astera Labs, Inc.",NASDAQ,Semiconductors,351.31,301.94,305.98,5.52,6.63,4336142.3,3855792.1,1354578323.0,1164219152.0,13.62,22,18.22,37,-23.32,337,215.9,10,70.27,2.24,2026-11-10,False,https://www.tradingview.com/chart/?symbol=NASDAQ:ALAB&interval=D,True,False,False,True
NEO,"NeoGenomics, Inc.",NASDAQ,Medical/Nursing Services,19.29,17.94,16.88,4.19,4.29,2506864.4,1912617.9666666666,36894401.0,34306947.0,-3.16,208,5.07,105,35.56,66,157.54,24,66.06,3.33,2026-11-10,False,https://www.tradingview.com/chart/?symbol=NASDAQ:NEO&interval=D,False,False,False,True
NTSK,"Netskope, Inc.",NASDAQ,Packaged Software,17.85,15.73,14.83,5.34,5.3,8085225.7,6413671.066666666,114484029.0,100897735.0,1.54,112,19.88,32,69.52,21,105.41,52,64.93,3.84,2026-12-11,False,https://www.tradingview.com/chart/?symbol=NASDAQ:NTSK&interval=D,False,False,True,False
ETON,"Eton Pharmaceuticals, Inc.",NASDAQ,Pharmaceuticals: Major,59.18,59.42,53.69,4.61,5.16,497257.5,547999.6,32430616.0,32564237.0,6.63,59,-4.52,193,61.12,25,136.15,35,64.25,1.98,2026-11-05,False,https://www.tradingview.com/chart/?symbol=NASDAQ:ETON&interval=D,False,False,False,False
RBRK,"Rubrik, Inc.",NYSE,Information Technology Services,113.09,99.88,92.92,5.23,5.19,3350928.1,3617651.2,409120174.0,361331002.0,5.13,66,14.29,47,50.07,37,127.68,39,64.01,4.18,2026-12-03,False,https://www.tradingview.com/chart/?symbol=NYSE:RBRK&interval=D,False,False,False,False
PENG,"Penguin Solutions, Inc.",NASDAQ,Semiconductors,54.98,51.92,53.31,4.41,5.97,1504789.1,1480394.1666666667,81392071.0,76864532.0,1.08,120,6.32,95,-19.08,305,204.43,12,63.89,0.52,2026-10-06,False,https://www.tradingview.com/chart/?symbol=NASDAQ:PENG&interval=D,False,False,False,True
FIVN,"Five9, Inc.",NASDAQ,Packaged Software,34.66,33.54,31.51,5.95,5.93,3073777.7,2049722.1333333333,71043369.0,68739140.0,5.03,67,1.17,139,64.11,22,126.24,40,63.84,1.68,2026-11-09,False,https://www.tradingview.com/chart/?symbol=NASDAQ:FIVN&interval=D,False,False,True,False
TWLO,Twilio Inc.,NYSE,Packaged Software,286.98,242.16,229.0,5.05,5.03,3217200.7,2225620.3,638708514.0,538948051.0,16.13,17,19.17,34,47.14,45,125.08,41,63.8,5.03,2026-10-29,False,https://www.tradingview.com/chart/?symbol=NYSE:TWLO&interval=D,True,False,False,False
ILMN,"Illumina, Inc.",NASDAQ,Medical Specialties,271.9,224.49,212.5,4.44,4.26,6241480.0,3318690.966666667,902352074.0,745019019.0,12.59,26,20.99,28,50.25,36,119.95,45,63.73,6.57,2026-10-29,False,https://www.tradingview.com/chart/?symbol=NASDAQ:ILMN&interval=D,False,False,False,False
INTC,Intel Corporation,NASDAQ,Semiconductors,116.03,101.24,99.47,4.52,5.52,124473099.6,102664492.1,11912161018.0,10393496519.0,-0.43,142,28.54,20,-12.09,249,157.84,22,58.1,3.01,2026-10-22,False,https://www.tradingview.com/chart/?symbol=NASDAQ:INTC&interval=D,False,True,False,True
PURR,Hyperliquid Strategies Inc,NASDAQ,Financial Conglomerates,12.08,11.71,9.66,8.71,9.4,27408797.8,28172202.933333334,340320211.0,329835457.0,-17.54,448,-4.69,196,45.37,50,132.31,38,57.66,2.66,2026-12-02,False,https://www.tradingview.com/chart/?symbol=NASDAQ:PURR&interval=D,False,False,False,False
AEHR,Aehr Test Systems,NASDAQ,Electronic Production Equipment,98.49,94.7,95.17,7.56,9.03,2219529.1,2630669.6,259094649.0,249112135.0,1.85,108,11.29,64,3.13,161,157.83,23,57.42,0.39,2026-10-06,False,https://www.tradingview.com/chart/?symbol=NASDAQ:AEHR&interval=D,False,False,False,True
OMER,Omeros Corporation,NASDAQ,Pharmaceuticals: Major,19.43,18.79,16.21,4.66,4.97,1772573.0,1639146.0,31848607.0,30792450.0,6.58,60,2.16,126,94.49,10,71.64,81,56.1,3.99,2026-11-11,False,https://www.tradingview.com/chart/?symbol=NASDAQ:OMER&interval=D,False,False,True,False
PANW,"Palo Alto Networks, Inc.",NASDAQ,Packaged Software,392.09,361.35,357.19,4.48,4.71,6648809.000000009,6513268.800000009,2553787564.0,2353560997.0,7.69,49,3.93,111,19.7,98,142.86,31,55.5,2.08,2026-11-12,False,https://www.tradingview.com/chart/?symbol=NASDAQ:PANW&interval=D,False,False,False,False
XMTR,"Xometry, Inc.",NASDAQ,Information Technology Services,103.14,91.91,91.42,5.22,5.17,1170800.3,718765.5333333333,74133477.0,66064016.0,4.18,75,6.6,91,9.32,130,147.64,30,54.52,2.48,2026-11-05,False,https://www.tradingview.com/chart/?symbol=NASDAQ:XMTR&interval=D,False,False,False,False
NSIT,"Insight Enterprises, Inc.",NASDAQ,Information Technology Services,155.96,155.34,147.05,4.03,3.88,499283.8,331863.0,51757353.0,51552317.0,-0.52,146,-0.91,156,31.01,73,132.33,37,54.14,1.56,2026-10-29,False,https://www.tradingview.com/chart/?symbol=NASDAQ:NSIT&interval=D,False,False,False,False
SNDK,Sandisk Corporation,NASDAQ,Computer Peripherals,1712.89,1637.5,1523.92,5.38,6.55,9389801.7,11089852.366666667,18995697220.0,18159660975.0,-6.19,285,18.29,36,-18.81,301,162.6,18,54.03,1.89,2026-11-05,False,https://www.tradingview.com/chart/?symbol=NASDAQ:SNDK&interval=D,False,False,False,True
CVI,CVR Energy Inc.,NYSE,Oil Refining/Marketing,50.75,45.43,40.87,5.67,5.02,1205114.9,1121278.5333333334,56904886.0,50934451.0,-4.59,242,27.35,22,77.7,18,55.77,113,53.61,4.81,2026-11-02,False,https://www.tradingview.com/chart/?symbol=NYSE:CVI&interval=D,False,True,True,False
SMTC,Semtech Corporation,NASDAQ,Semiconductors,174.78,151.44,141.95,5.81,6.64,3778256.7,3621040.1,632885389.0,548372123.0,-8.16,333,23.29,25,11.87,119,122.88,44,52.68,3.48,2026-12-02,False,https://www.tradingview.com/chart/?symbol=NASDAQ:SMTC&interval=D,False,False,False,False
AMBQ,"Ambiq Micro, Inc.",NYSE,Semiconductors,68.3,61.99,63.96,5.34,5.62,675107.2,518120.5,35387630.0,32116735.0,3.17,84,13.87,49,-20.62,314,163.91,17,52.39,1.21,2026-11-05,False,https://www.tradingview.com/chart/?symbol=NYSE:AMBQ&interval=D,False,False,False,True
TEM,"Tempus AI, Inc.",NASDAQ,Packaged Software,85.08,68.1,60.02,5.42,5.57,8460584.6,8182995.7,696209274.0,557242914.0,7.59,50,23.22,26,47.73,42,84.36,68,51.77,7.49,2026-11-10,False,https://www.tradingview.com/chart/?symbol=NASDAQ:TEM&interval=D,False,False,False,False
OSCR,"Oscar Health, Inc.",NYSE,Managed Health Care,29.65,31.38,30.71,6.35,5.98,6251560.2,5291242.7,156885346.0,166018031.0,-4.35,229,-1.17,161,1.33,172,154.51,27,51.56,-0.58,2026-11-10,False,https://www.tradingview.com/chart/?symbol=NYSE:OSCR&interval=D,False,False,False,False
MRVL,"Marvell Technology, Inc.",NASDAQ,Semiconductors,251.9,234.72,221.83,4.27,5.37,17155968.2,22091877.833333332,5564944026.0,5185372427.0,0.2,132,11.83,62,-9.63,227,149.85,29,50.68,2.52,2026-11-26,False,https://www.tradingview.com/chart/?symbol=NASDAQ:MRVL&interval=D,False,False,False,False
HNGE,"Hinge Health, Inc.",NYSE,Packaged Software,92.45,91.3,87.31,4.3,4.49,1871649.6,1865944.6333333333,172506581.0,170359501.0,-2.77,197,0.49,145,14.05,115,137.05,34,50.53,1.31,2026-11-03,False,https://www.tradingview.com/chart/?symbol=NYSE:HNGE&interval=D,False,False,False,False
SBET,"Sharplink, Inc.",NASDAQ,Advertising/Marketing Services,9.5,8.56,7.63,5.79,6.04,9741923.2,9847153.56666669,93547959.0,84285070.0,-4.9,252,9.83,70,97.51,9,44.05,135,50.46,4.05,2026-11-12,False,https://www.tradingview.com/chart/?symbol=NASDAQ:SBET&interval=D,False,False,True,False
HTFL,"Heartflow, Inc.",NASDAQ,Packaged Software,49.92,48.52,40.09,4.88,4.77,2137612.8,2164111.8,108032461.0,104996934.0,-1.38,159,2.93,119,45.54,49,102.35,56,50.27,5.14,2026-11-18,False,https://www.tradingview.com/chart/?symbol=NASDAQ:HTFL&interval=D,False,False,False,False
AMLX,"Amylyx Pharmaceuticals, Inc.",NASDAQ,Pharmaceuticals: Major,29.85,33.65,28.47,5.24,5.8,1478517.9,3010330.433333333,89858363.0,101289090.0,-8.29,338,-18.84,367,58.86,28,110.66,51,50.23,0.84,2026-11-05,False,https://www.tradingview.com/chart/?symbol=NASDAQ:AMLX&interval=D,False,False,False,False
BMNR,"BitMine Immersion Technologies, Inc.",NYSE,Financial Conglomerates,26.84,24.51,21.76,5.47,6.1,42434890.7,45452464.266666666,1219944141.0,1114009598.0,-2.61,194,6.93,89,103.33,7,34.33,159,48.2,3.83,2026-11-20,False,https://www.tradingview.com/chart/?symbol=NYSE:BMNR&interval=D,False,False,True,False
SNOW,Snowflake Inc.,NYSE,Packaged Software,328.12,329.64,318.22,4.12,4.65,3940869.5,4936054.6,1619618235.0,1627125974.0,-2.24,184,-0.68,155,31.35,72,113.2,48,47.96,0.67,2026-12-02,False,https://www.tradingview.com/chart/?symbol=NYSE:SNOW&interval=D,False,False,False,False
DDOG,"Datadog, Inc.",NASDAQ,Packaged Software,268.7,234.08,242.9,4.45,4.8,3572844.5,3647087.033333333,979972286.0,853707094.0,16.96,16,11.86,61,9.01,134,122.93,43,47.93,2.21,2026-11-05,False,https://www.tradingview.com/chart/?symbol=NASDAQ:DDOG&interval=D,True,False,False,False
BB,BlackBerry Limited,NYSE,Packaged Software,8.8,8.07,8.31,5.49,5.9,22363836.0,13427170.633333342,118159102.0,108348316.0,7.32,51,2.33,125,-27.87,365,168.29,15,47.58,0.99,2026-12-17,False,https://www.tradingview.com/chart/?symbol=NYSE:BB&interval=D,False,False,False,True
SMCI,"Super Micro Computer, Inc.",NASDAQ,Computer Processing Hardware,41.78,38.57,35.38,4.82,5.58,40174559.2,39437348.63333333,1647692426.0,1521085391.0,2.83,90,9.9,69,47.01,46,82.68,70,46.53,3.24,2026-11-03,False,https://www.tradingview.com/chart/?symbol=NASDAQ:SMCI&interval=D,False,False,False,False
STX,Seagate Technology Holdings PLC,NASDAQ,Computer Peripherals,921.51,854.76,852.42,4.85,5.46,4173174.1,3744966.2666666666,3451023864.0,3201061722.0,3.05,87,10.88,67,-4.8,203,132.42,36,46.17,1.48,2026-10-28,False,https://www.tradingview.com/chart/?symbol=NASDAQ:STX&interval=D,False,False,False,False
COHU,"Cohu, Inc.",NASDAQ,Semiconductors,66.07,54.76,53.38,4.87,5.56,1035155.0,978920.6666666666,64677288.0,53602269.0,10.28,34,29.35,18,-4.18,199,110.75,50,45.31,4.28,2026-10-29,False,https://www.tradingview.com/chart/?symbol=NASDAQ:COHU&interval=D,False,True,False,False
DINO,HF Sinclair Corporation,NYSE,Oil Refining/Marketing,106.19,103.96,97.83,4.8,4.37,3336427.9,2679958.7666666666,284584821.0,278606727.0,-6.9,300,9.47,72,49.02,39,73.51,78,44.0,1.96,2026-10-28,False,https://www.tradingview.com/chart/?symbol=NYSE:DINO&interval=D,False,False,False,False
BFLY,"Butterfly Network, Inc.",NYSE,Medical Specialties,9.15,8.37,8.19,6.71,7.14,6848410.3,5068022.366666666,46372405.0,42397386.0,14.38,19,4.57,108,3.86,158,123.17,42,43.87,1.63,2026-10-29,False,https://www.tradingview.com/chart/?symbol=NYSE:BFLY&interval=D,True,False,False,False
NET,"Cloudflare, Inc.",NYSE,Information Technology Services,353.99,310.83,301.26,5.24,5.06,3240458.6,3120542.6,1104640875.0,969944734.0,8.25,43,15.6,45,47.5,44,68.03,91,43.71,3.46,2026-10-29,False,https://www.tradingview.com/chart/?symbol=NYSE:NET&interval=D,False,False,False,False
ECO,Okeanis Eco Tankers Corp.,NYSE,Marine Shipping,79.17,72.36,67.27,4.28,4.14,1003493.6,694034.6333333333,54946722.0,50219652.0,-4.42,233,19.0,35,59.14,26,52.81,121,43.65,4.27,2026-11-11,False,https://www.tradingview.com/chart/?symbol=NYSE:ECO&interval=D,False,False,False,False
PBF,PBF Energy Inc.,NYSE,Oil Refining/Marketing,74.39,73.48,70.5,6.43,6.06,4667359.9,3455602.933333333,257062302.0,253923463.0,-1.52,166,8.02,82,58.92,27,59.74,107,42.22,0.91,2026-10-29,False,https://www.tradingview.com/chart/?symbol=NYSE:PBF&interval=D,False,False,False,False
ZETA,Zeta Global Holdings Corp.,NYSE,Packaged Software,28.99,29.99,27.57,4.63,4.89,5330314.0,6226604.166666667,180509255.0,186723406.0,-5.63,268,-2.72,180,48.97,40,78.95,75,41.73,1.05,2026-11-10,False,https://www.tradingview.com/chart/?symbol=NYSE:ZETA&interval=D,False,False,False,False
MSTR,Strategy Inc,NASDAQ,Internet Software/Services,157.14,133.84,118.91,4.78,5.54,25745165.7,27565912.733333334,4331707527.0,3689339062.0,-4.52,238,17.27,40,82.29,15,24.54,184,41.36,5.8,2026-11-04,False,https://www.tradingview.com/chart/?symbol=NASDAQ:MSTR&interval=D,False,False,True,False
QLYS,"Qualys, Inc.",NASDAQ,Packaged Software,173.83,177.8,170.91,5.63,5.34,752961.5,686138.4666666667,119271450.0,121993361.0,-1.02,153,-6.75,215,34.12,68,96.38,60,41.25,0.32,2026-11-04,False,https://www.tradingview.com/chart/?symbol=NASDAQ:QLYS&interval=D,False,False,False,False
SWKS,"Skyworks Solutions, Inc.",NASDAQ,Semiconductors,87.59,77.23,72.32,6.42,5.17,7644529.0,6993178.666666667,612532519.0,540055216.0,-2.31,189,30.05,17,30.25,75,63.44,98,41.25,4.09,2026-10-29,False,https://www.tradingview.com/chart/?symbol=NASDAQ:SWKS&interval=D,False,True,False,False
SLS,"SELLAS Life Sciences Group, Inc.",NASDAQ,Pharmaceuticals: Major,11.59,12.95,12.37,7.36,8.12,5815733.9,7195157.2,83391872.0,93149704.0,0.0,134,-21.53,399,-23.65,340,167.67,16,40.83,-0.78,2026-11-18,False,https://www.tradingview.com/chart/?symbol=NASDAQ:SLS&interval=D,False,False,False,True
VLO,Valero Energy Corporation,NYSE,Oil Refining/Marketing,389.57,371.94,348.17,4.48,3.93,4924976.599999976,3363292.800000005,1310237976.0,1250949851.0,-4.89,251,11.94,60,45.91,47,60.48,105,39.44,3.02,2026-10-22,False,https://www.tradingview.com/chart/?symbol=NYSE:VLO&interval=D,False,False,False,False
NBIS,Nebius Group N.V.,NASDAQ,Packaged Software,231.88,223.91,216.66,6.11,7.18,16860014.7,17150515.133333333,3976861449.0,3840246162.0,2.62,94,9.4,73,-10.21,232,118.87,46,39.35,0.98,2026-10-22,False,https://www.tradingview.com/chart/?symbol=NASDAQ:NBIS&interval=D,False,False,False,False
MPC,Marathon Petroleum Corporation,NYSE,Oil Refining/Marketing,389.44,384.8,358.11,4.15,3.72,3834335.9,2903178.5,1130613835.0,1117145990.0,-7.06,303,7.07,87,49.43,38,61.36,103,39.28,2.35,2026-11-03,False,https://www.tradingview.com/chart/?symbol=NYSE:MPC&interval=D,False,False,False,False
NUAI,"New Era Energy & Digital, Inc.",NASDAQ,Engineering & Construction,6.96,5.74,5.48,8.01,9.15,10350319.8,7616190.9,53008689.0,43694087.0,1.38,115,37.82,13,14.29,113,65.71,96,39.27,2.95,2026-12-02,False,https://www.tradingview.com/chart/?symbol=NASDAQ:NUAI&interval=D,False,True,False,False
U,Unity Software Inc.,NYSE,Packaged Software,39.86,43.3,40.33,4.95,5.07,11339042.6,10021312.9,399449532.0,433929529.0,-4.64,245,-7.35,225,43.02,51,79.87,72,38.52,-0.23,2026-11-11,False,https://www.tradingview.com/chart/?symbol=NYSE:U&interval=D,False,False,False,False
ESTC,Elastic N.V.,NYSE,Packaged Software,87.94,87.74,80.1,4.08,4.74,1829120.4,2717657.2333333334,238990777.0,238454493.0,0.49,126,-15.35,325,56.73,31,73.31,79,38.23,2.07,2026-12-02,False,https://www.tradingview.com/chart/?symbol=NYSE:ESTC&interval=D,False,False,False,False
S,"SentinelOne, Inc.",NYSE,Packaged Software,22.74,21.67,21.05,5.08,5.11,9211167.7,8914068.1,202705909.0,193132199.0,0.66,124,5.82,99,38.15,61,70.46,83,38.14,1.57,2026-12-08,False,https://www.tradingview.com/chart/?symbol=NYSE:S&interval=D,False,False,False,False
BE,Bloom Energy Corporation,NYSE,Electronic Production Equipment,262.87,243.4,230.63,6.14,7.58,19628115.5,15284794.966666667,4017914053.0,3720329285.0,-2.64,195,21.87,27,-6.02,208,94.57,61,36.81,1.85,2026-10-29,False,https://www.tradingview.com/chart/?symbol=NYSE:BE&interval=D,False,False,False,False
INSP,"Inspire Medical Systems, Inc.",NYSE,Medical Specialties,70.0,66.19,61.68,5.29,4.59,893611.9,713999.9,49979993.0,47258225.0,-8.5,345,15.66,43,57.3,30,35.37,157,36.11,2.94,2026-11-09,False,https://www.tradingview.com/chart/?symbol=NYSE:INSP&interval=D,False,False,False,False
SAIL,"SailPoint, Inc.",NASDAQ,Packaged Software,20.57,19.4,18.43,6.47,6.09,5683712.0,4490616.633333334,92371984.0,87097006.0,3.0,88,1.78,128,51.92,35,53.85,118,35.85,1.91,2026-12-15,False,https://www.tradingview.com/chart/?symbol=NASDAQ:SAIL&interval=D,False,False,False,False
GH,"Guardant Health, Inc.",NASDAQ,Medical Specialties,177.33,168.04,163.18,4.39,4.35,2106766.0,1959263.9,347436267.0,329227522.0,-2.23,183,6.6,92,16.73,107,84.14,69,35.82,1.99,2026-10-29,False,https://www.tradingview.com/chart/?symbol=NASDAQ:GH&interval=D,False,False,False,False
PI,"Impinj, Inc.",NASDAQ,Semiconductors,176.88,172.19,165.25,4.17,4.27,435425.6,383914.93333333335,67906873.0,66107144.0,-3.98,226,5.4,102,32.33,70,69.59,84,35.77,1.65,2026-10-28,False,https://www.tradingview.com/chart/?symbol=NASDAQ:PI&interval=D,False,False,False,False
HPQ,HP Inc.,NYSE,Information Technology Services,31.32,31.58,30.03,5.24,4.88,16246034.199999994,16158689.033333434,506090141.0,510307558.0,-6.23,286,4.82,107,39.08,59,63.12,101,35.67,0.88,2026-12-01,False,https://www.tradingview.com/chart/?symbol=NYSE:HPQ&interval=D,False,False,False,False
OUST,"Ouster, Inc.",NASDAQ,Semiconductors,40.9,37.32,38.64,5.45,6.57,2501485.4,2292856.8,93777843.0,85570944.0,12.02,27,13.86,50,-23.84,342,116.52,47,35.51,0.89,2026-11-05,False,https://www.tradingview.com/chart/?symbol=NASDAQ:OUST&interval=D,False,False,False,False
CLMT,"Calumet, Inc",NASDAQ,Oil Refining/Marketing,52.61,52.81,49.09,4.74,4.59,1683303.1,1332229.3333333333,70088585.0,70354587.0,-9.39,361,13.73,52,45.9,48,46.87,130,35.5,1.56,2026-11-06,False,https://www.tradingview.com/chart/?symbol=NASDAQ:CLMT&interval=D,False,False,False,False
TVTX,"Travere Therapeutics, Inc.",NASDAQ,Pharmaceuticals: Major,61.57,64.57,62.1,4.16,4.02,1855477.6,1438168.3666666667,88548026.0,92857258.0,-2.29,187,-8.47,241,5.05,147,105.37,53,33.98,-0.21,2026-10-22,False,https://www.tradingview.com/chart/?symbol=NASDAQ:TVTX&interval=D,False,False,False,False
ZS,"Zscaler, Inc.",NASDAQ,Packaged Software,199.39,185.06,174.84,5.12,5.31,3626255.7,3389004.2666666666,675733561.0,627160092.0,1.22,118,7.1,86,47.55,43,42.98,137,32.55,2.65,2026-12-01,False,https://www.tradingview.com/chart/?symbol=NASDAQ:ZS&interval=D,False,False,False,False
BETA,"Beta Technologies, Inc.",NYSE,Aerospace & Defense,22.88,22.27,21.7,6.56,7.07,5498867.0,3359018.466666667,76854343.0,74801982.0,8.64,42,4.0,110,41.23,55,51.32,123,32.19,0.77,2026-12-03,False,https://www.tradingview.com/chart/?symbol=NYSE:BETA&interval=D,False,False,False,False
QRVO,"Qorvo, Inc.",NASDAQ,Semiconductors,116.3,105.78,100.51,4.58,3.66,1579531.2,1274705.2333333334,148248219.0,134837257.0,-1.81,173,20.73,30,24.91,86,50.26,126,31.97,4.29,2026-11-04,False,https://www.tradingview.com/chart/?symbol=NASDAQ:QRVO&interval=D,False,False,False,False
PRGO,Perrigo Company plc,NYSE,Pharmaceuticals: Major,15.1,14.14,13.03,4.32,4.41,3390418.6,2780234.966666667,41981548.0,39317156.0,7.9,46,7.17,85,48.77,41,39.81,143,31.92,3.6,2026-11-11,False,https://www.tradingview.com/chart/?symbol=NYSE:PRGO&interval=D,False,False,False,False
TENB,"Tenable Holdings, Inc.",NASDAQ,Packaged Software,34.47,35.01,34.98,6.62,6.47,3911036.2,4809326.3,165777478.0,168390545.0,-3.15,207,-8.06,234,2.88,162,100.76,57,31.86,-0.22,2026-11-04,False,https://www.tradingview.com/chart/?symbol=NASDAQ:TENB&interval=D,False,False,False,False
AMRX,"Amneal Pharmaceuticals, Inc.",NASDAQ,Pharmaceuticals: Major,20.5,18.15,18.13,4.5,4.14,3589724.5,2241093.3666666667,45942414.0,40673977.0,8.12,44,13.64,53,18.5,104,63.35,99,31.83,3.16,2026-10-29,False,https://www.tradingview.com/chart/?symbol=NASDAQ:AMRX&interval=D,False,False,False,False
LQDA,Liquidia Corporation,NASDAQ,Pharmaceuticals: Major,73.67,69.35,75.5,4.25,4.8,1376359.9,1214562.9,89476849.0,84232974.0,9.66,37,5.26,104,-2.32,191,92.4,62,31.78,-0.51,2026-11-10,False,https://www.tradingview.com/chart/?symbol=NASDAQ:LQDA&interval=D,False,False,False,False
AYA,Aya Gold & Silver Inc.,NASDAQ,Precious Metals,26.53,27.88,25.83,5.24,6.33,1454265.8,1290184.8333333333,34228604.0,35971643.0,-7.17,307,-11.18,273,40.37,58,63.16,100,30.78,0.43,2026-11-17,False,https://www.tradingview.com/chart/?symbol=NASDAQ:AYA&interval=D,False,False,False,False
GRML,Greenland Mines Ltd,NASDAQ,Miscellaneous Commercial Services,11.85,7.07,8.24,18.59,22.16,45324551.6,15642208.754666666,185360174.0,110556524.0,61.66,3,125.71,3,-7.96,216,-27.08,388,30.23,1.98,,False,https://www.tradingview.com/chart/?symbol=NASDAQ:GRML&interval=D,True,True,False,False
SITM,SiTime Corporation,NASDAQ,Semiconductors,656.65,606.85,602.76,5.29,6.09,551167.4,425914.36666666664,279676669.0,258466914.0,4.25,73,11.5,63,-7.58,213,85.09,67,29.67,1.47,2026-11-04,False,https://www.tradingview.com/chart/?symbol=NASDAQ:SITM&interval=D,False,False,False,False
VICR,Vicor Corporation,NASDAQ,Electronic Components,285.1,212.35,213.55,5.61,6.21,1155793.4,894124.1333333333,254914790.0,189871134.0,23.82,8,41.14,12,-22.27,324,69.33,85,29.4,5.4,2026-10-27,False,https://www.tradingview.com/chart/?symbol=NASDAQ:VICR&interval=D,True,True,False,False
UMAC,"Unusual Machines, Inc.",AMEX,Electronic Equipment/Instruments,23.96,24.6,24.05,6.47,7.91,2308619.8,3264498.1333333333,78217375.0,80319712.0,-1.28,157,-7.2,221,14.64,111,79.61,73,29.02,-0.05,2026-11-12,False,https://www.tradingview.com/chart/?symbol=AMEX:UMAC&interval=D,False,False,False,False
APPN,Appian Corporation,NASDAQ,Packaged Software,35.02,37.9,34.43,5.35,6.01,768603.2,864556.2,30276758.0,32769850.0,-7.23,309,-15.37,328,57.39,29,44.59,134,28.87,0.29,2026-10-29,False,https://www.tradingview.com/chart/?symbol=NASDAQ:APPN&interval=D,False,False,False,False
CBRL,"Cracker Barrel Old Country Store, Inc.",NASDAQ,Restaurants,53.73,52.35,53.79,4.81,4.92,1517105.5,1014168.6,54491279.0,53089022.0,17.19,15,-2.38,175,-0.39,185,89.06,64,28.76,-0.02,2026-11-27,False,https://www.tradingview.com/chart/?symbol=NASDAQ:CBRL&interval=D,True,False,False,False
BRKR,Bruker Corporation,NASDAQ,Medical Specialties,63.28,58.6,58.58,4.81,4.76,2648471.0,2171885.2,137436895.0,127278264.0,1.98,103,7.84,83,4.94,151,72.75,80,28.51,1.69,2026-10-29,False,https://www.tradingview.com/chart/?symbol=NASDAQ:BRKR&interval=D,False,False,False,False
HOOD,"Robinhood Markets, Inc.",NASDAQ,Investment Banks/Brokers,116.46,111.05,104.58,4.71,5.21,22885716.5,22494515.8,2619711310.0,2497993485.0,-6.87,298,7.18,84,14.32,112,63.73,97,28.41,2.18,2026-11-04,False,https://www.tradingview.com/chart/?symbol=NASDAQ:HOOD&interval=D,False,False,False,False
BLLN,"BillionToOne, Inc.",NASDAQ,Medical/Nursing Services,121.72,101.61,109.17,5.45,5.52,706526.8,618275.5,75256494.0,62820191.0,14.17,20,28.26,21,0.1,183,56.77,112,28.38,2.08,2026-12-15,False,https://www.tradingview.com/chart/?symbol=NASDAQ:BLLN&interval=D,True,True,False,False
MANE,"Veradermics, Incorporated",NYSE,Pharmaceuticals: Major,115.0,105.03,106.76,5.1,5.24,974490.4,699842.8,80481922.0,73505656.0,7.04,54,12.41,59,-4.17,198,76.54,76,28.26,1.47,2026-12-02,False,https://www.tradingview.com/chart/?symbol=NYSE:MANE&interval=D,False,False,False,False
FCEL,"FuelCell Energy, Inc.",NASDAQ,Electronic Equipment/Instruments,16.14,17.48,18.93,6.37,9.18,5291337.599999999,7047178.799999994,113741466.0,123198780.0,-11.95,406,-15.36,327,-44.15,441,141.98,32,27.49,-1.61,2026-12-17,False,https://www.tradingview.com/chart/?symbol=NASDAQ:FCEL&interval=D,False,False,False,False
MRX,Marex Group Limited,NASDAQ,Internet Software/Services,71.29,72.62,69.49,4.44,4.54,705992.6,726262.7333333333,51775270.0,52739747.0,-4.42,235,-0.13,151,19.49,99,60.09,106,26.49,0.57,2026-11-05,False,https://www.tradingview.com/chart/?symbol=NASDAQ:MRX&interval=D,False,False,False,False
HUT,Hut 8 Corp.,NASDAQ,Data Processing Services,92.71,90.05,93.55,7.55,8.34,4222718.800000009,4683713.466666665,434227075.0,421767617.0,-11.38,396,8.81,77,-19.56,308,89.98,63,26.41,-0.11,2026-11-18,False,https://www.tradingview.com/chart/?symbol=NASDAQ:HUT&interval=D,False,False,False,False
DK,"Delek US Holdings, Inc.",NYSE,Oil Refining/Marketing,67.47,72.18,69.08,6.01,6.22,3664601.7,2503655.533333333,168921639.0,180701338.0,-12.61,414,-4.7,197,29.7,76,53.41,119,26.14,-0.37,2026-11-11,False,https://www.tradingview.com/chart/?symbol=NYSE:DK&interval=D,False,False,False,False
GCT,GigaCloud Technology Inc,NASDAQ,Wholesale Distributors,52.62,51.64,48.91,4.9,4.83,753614.6,593972.8333333334,31254850.0,30674836.0,-1.88,177,1.52,132,62.66,24,13.28,225,25.82,1.57,2026-11-26,False,https://www.tradingview.com/chart/?symbol=NASDAQ:GCT&interval=D,False,False,True,False
MMED,"MiniMed Group, Inc.",NASDAQ,Medical Specialties,20.49,21.21,20.08,4.72,4.75,2948817.5,2390118.7,48973532.0,50690832.0,-7.45,319,3.64,112,37.52,62,35.88,155,25.68,0.43,2026-12-30,False,https://www.tradingview.com/chart/?symbol=NASDAQ:MMED&interval=D,False,False,False,False
GEO,Geo Group Inc (The) REIT,NYSE,Miscellaneous Commercial Services,30.22,31.42,31.23,4.52,4.55,2644966.5,2325625.6,70280406.0,73077358.0,-3.05,204,-7.58,230,2.68,166,79.56,74,24.89,-0.71,2026-11-05,False,https://www.tradingview.com/chart/?symbol=NYSE:GEO&interval=D,False,False,False,False
SG,"Sweetgreen, Inc.",NYSE,Restaurants,8.24,6.99,6.63,5.14,5.53,5326186.6,5032158.8,41464989.0,35188209.0,13.03,24,20.64,31,-4.52,202,57.55,110,24.56,4.4,2026-11-05,False,https://www.tradingview.com/chart/?symbol=NYSE:SG&interval=D,True,False,False,False
FROG,JFrog Ltd.,NASDAQ,Packaged Software,88.81,91.99,88.89,5.5,5.91,1648322.4,1839113.0666666667,163331631.0,169188594.0,-5.05,254,-14.32,310,0.21,180,86.73,66,24.21,-0.01,2026-11-04,False,https://www.tradingview.com/chart/?symbol=NASDAQ:FROG&interval=D,False,False,False,False
DFTX,"Definium Therapeutics, Inc.",NASDAQ,Pharmaceuticals: Major,38.41,40.37,41.6,5.4,5.77,2603264.0999999987,2149419.2999999975,82559195.0,86782088.0,-1.51,165,-11.05,271,-17.4,292,99.64,59,23.73,-1.33,2026-11-05,False,https://www.tradingview.com/chart/?symbol=NASDAQ:DFTX&interval=D,False,False,False,False
ERO,Ero Copper Corp.,NYSE,Other Metals/Minerals,37.41,36.15,33.53,4.0,5.21,1258104.5,1510238.1,56498007.0,54599135.0,7.93,45,-6.75,216,41.28,54,36.53,153,23.68,2.23,2026-11-10,False,https://www.tradingview.com/chart/?symbol=NYSE:ERO&interval=D,False,False,False,False
INOD,Innodata Inc.,NASDAQ,Data Processing Services,66.79,59.49,60.52,6.18,6.34,2097614.9,1334746.0666666667,89147690.0,79409160.0,14.68,18,15.14,46,-12.29,251,67.39,93,23.41,1.63,2026-11-05,False,https://www.tradingview.com/chart/?symbol=NASDAQ:INOD&interval=D,True,False,False,False
TGTX,"TG Therapeutics, Inc.",NASDAQ,Pharmaceuticals: Major,56.19,55.02,53.63,4.15,4.22,2098364.7,1897372.3666666667,106613353.0,104384889.0,-1.82,175,1.19,137,0.54,178,68.44,88,23.39,1.13,2026-11-09,False,https://www.tradingview.com/chart/?symbol=NASDAQ:TGTX&interval=D,False,False,False,False
RUM,RUM Group Inc.,NASDAQ,Internet Software/Services,7.93,8.59,7.68,7.28,7.7,6037187.0,5497227.733333333,43593016.0,47213857.0,-13.8,433,-14.73,316,27.9,79,54.88,116,22.68,0.42,2026-11-16,False,https://www.tradingview.com/chart/?symbol=NASDAQ:RUM&interval=D,False,False,False,False
SANM,Sanmina Corporation,NASDAQ,Electronic Production Equipment,220.06,201.72,201.36,4.45,4.85,646507.3,602664.6,132622372.0,121568499.0,9.32,39,8.57,79,-8.5,219,67.52,92,22.53,1.92,2026-11-09,False,https://www.tradingview.com/chart/?symbol=NASDAQ:SANM&interval=D,False,False,False,False
SIG,Signet Jewelers Limited,NYSE,Specialty Stores,103.3,91.37,92.39,4.03,3.86,931661.5,1005012.5333333333,103817795.0,91830675.0,1.97,104,25.75,23,18.72,102,22.36,197,22.28,3.06,2026-12-08,False,https://www.tradingview.com/chart/?symbol=NYSE:SIG&interval=D,False,True,False,False
CXW,"CoreCivic, Inc.",NYSE,Miscellaneous Commercial Services,31.69,33.65,32.82,5.64,5.63,2398296.4,1926776.0,61059531.0,64828948.0,-9.48,363,-6.38,212,5.04,148,67.32,94,21.99,-0.61,2026-11-09,False,https://www.tradingview.com/chart/?symbol=NYSE:CXW&interval=D,False,False,False,False
PARR,"Par Pacific Holdings, Inc. Common Stock",NYSE,Oil Refining/Marketing,77.97,79.97,79.25,5.48,5.52,1129499.1000000015,929332.5666666671,72460060.0,74321823.0,-6.57,293,1.02,142,36.05,65,28.28,173,21.79,-0.29,2026-11-09,False,https://www.tradingview.com/chart/?symbol=NYSE:PARR&interval=D,False,False,False,False
BLSH,Bullish,NYSE,Packaged Software,35.99,34.03,29.9,6.77,6.7,1711467.7,1644715.6666666667,59193317.0,55974060.0,-10.09,373,8.4,80,56.68,32,-0.66,264,21.47,3.04,2026-11-25,False,https://www.tradingview.com/chart/?symbol=NYSE:BLSH&interval=D,False,False,False,False
SHAZ,"SharonAI Holdings, Inc.",NASDAQ,Data Processing Services,52.91,57.93,58.21,7.81,9.65,1396304.1,1611205.4333333333,85248879.0,93336325.0,-7.26,310,-5.92,208,-38.48,426,105.08,54,20.23,-0.94,2026-11-04,False,https://www.tradingview.com/chart/?symbol=NASDAQ:SHAZ&interval=D,False,False,False,False
QCOM,QUALCOMM Incorporated,NASDAQ,Semiconductors,187.48,175.46,170.56,5.19,4.87,17368357.2,13356513.833333334,2504079213.0,2343587343.0,3.8,78,13.91,48,-0.8,187,46.47,131,19.86,2.04,2026-11-11,False,https://www.tradingview.com/chart/?symbol=NASDAQ:QCOM&interval=D,False,False,False,False
DOCN,"DigitalOcean Holdings, Inc.",NYSE,Packaged Software,136.29,123.83,124.36,6.78,6.87,3129175.5,2637082.1,359407919.0,326541086.0,3.64,81,12.63,58,-8.17,217,54.52,117,19.66,1.4,2026-11-09,False,https://www.tradingview.com/chart/?symbol=NYSE:DOCN&interval=D,False,False,False,False
TGB,Trekor Metals Limited,AMEX,Other Metals/Minerals,8.8,8.71,8.3,4.29,5.46,5754170.9,5411589.133333334,47621984.0,47138549.0,1.97,105,-9.74,255,36.22,64,31.93,165,19.47,1.1,2026-11-04,False,https://www.tradingview.com/chart/?symbol=AMEX:TGB&interval=D,False,False,False,False
CRDO,Credo Technology Group Holding Ltd,NASDAQ,Information Technology Services,192.67,198.18,209.76,4.77,7.34,9152610.7,8071606.333333333,1555156392.0,1599593276.0,6.5,62,-19.24,373,-22.75,328,99.97,58,19.33,-1.11,2026-12-02,False,https://www.tradingview.com/chart/?symbol=NASDAQ:CRDO&interval=D,False,False,False,False
RIOT,"Riot Platforms, Inc.",NASDAQ,Information Technology Services,21.62,21.15,21.08,5.9,7.05,18109946.4,16758363.3,362315815.0,354472901.0,-12.82,418,5.36,103,-20.95,315,70.77,82,18.39,0.37,2026-11-10,False,https://www.tradingview.com/chart/?symbol=NASDAQ:RIOT&interval=D,False,False,False,False
TH,Target Hospitality Corp.,NASDAQ,Hotels/Resorts/Cruise lines,19.3,19.05,17.83,4.52,5.27,2309709.7,2016137.2,38911448.0,38403381.0,-10.85,389,1.58,131,-4.5,201,55.39,114,17.49,1.57,2026-11-11,False,https://www.tradingview.com/chart/?symbol=NASDAQ:TH&interval=D,False,False,False,False
WGS,GeneDx Holdings Corp.,NASDAQ,Medical/Nursing Services,85.93,87.91,80.39,7.25,6.84,920065.7,624228.7333333333,53639975.0,54874595.0,-15.17,442,-3.22,182,24.54,88,30.79,168,17.37,1.01,2026-11-03,False,https://www.tradingview.com/chart/?symbol=NASDAQ:WGS&interval=D,False,False,False,False
KEEL,Keel Infrastructure Corp.,NASDAQ,Data Processing Services,3.6,3.52,3.69,6.75,8.12,32911328.1,36348633.46666667,130855080.0,127947190.0,-13.77,432,5.57,101,-36.06,412,80.9,71,16.81,-0.29,2026-11-16,False,https://www.tradingview.com/chart/?symbol=NASDAQ:KEEL&interval=D,False,False,False,False
IT,"Gartner, Inc.",NYSE,Internet Software/Services,185.73,187.69,178.08,4.05,4.43,1093746.9,1155890.7333333334,214683586.0,216949902.0,-1.51,164,-5.87,206,38.47,60,17.78,213,16.79,0.97,2026-11-03,False,https://www.tradingview.com/chart/?symbol=NYSE:IT&interval=D,False,False,False,False
INFQ,"Infleqtion, Inc.",NYSE,Computer Processing Hardware,14.13,13.33,12.26,5.98,6.5,9236275.8,8657772.166666666,122334321.0,115416761.0,3.97,76,1.44,134,5.45,146,42.44,138,16.44,2.35,2026-12-02,False,https://www.tradingview.com/chart/?symbol=NYSE:INFQ&interval=D,False,False,False,False
CLSK,"CleanSpark, Inc.",NASDAQ,Data Processing Services,13.34,12.89,13.12,6.42,6.91,18092187.0,18241991.433333334,243348166.0,235181834.0,-11.74,403,6.04,97,-10.59,236,53.25,120,16.23,0.24,2026-12-16,False,https://www.tradingview.com/chart/?symbol=NASDAQ:CLSK&interval=D,False,False,False,False
ORKA,"Oruka Therapeutics, Inc.",NASDAQ,Pharmaceuticals: Major,84.19,95.86,96.5,5.51,6.05,1165266.1,899769.7,75751611.0,86248324.0,-12.07,408,-11.45,277,-8.98,222,68.99,86,16.18,-2.11,2026-11-18,False,https://www.tradingview.com/chart/?symbol=NASDAQ:ORKA&interval=D,False,False,False,False
DUOL,"Duolingo, Inc.",NASDAQ,Packaged Software,134.3,146.54,140.92,5.09,5.72,1126994.2,1173184.4333333333,157558669.0,171919229.0,-5.42,263,-6.22,211,18.27,105,35.99,154,16.02,-0.82,2026-11-11,False,https://www.tradingview.com/chart/?symbol=NASDAQ:DUOL&interval=D,False,False,False,False
EAT,"Brinker International, Inc.",NYSE,Restaurants,202.45,222.44,218.72,4.45,4.67,1939312.6,1247907.1333333333,252638799.0,277588622.0,0.42,128,-13.63,303,20.99,95,39.25,145,15.53,-1.59,2026-11-04,False,https://www.tradingview.com/chart/?symbol=NYSE:EAT&interval=D,False,False,False,False
ACMR,"ACM Research, Inc.",NASDAQ,Industrial Machinery,75.95,74.63,77.19,5.51,6.57,1307782.2,1035521.9666666684,78647893.0,77283938.0,6.29,64,-4.19,190,-37.22,416,87.95,65,15.51,-0.24,2026-11-11,False,https://www.tradingview.com/chart/?symbol=NASDAQ:ACMR&interval=D,False,False,False,False
VOYG,"Voyager Technologies, Inc.",NYSE,Information Technology Services,33.18,35.16,34.01,6.7,7.55,3739562.0,2034510.4333333333,67505056.0,71541525.0,-8.37,342,-3.49,186,10.27,128,38.92,146,15.23,-0.32,2026-11-09,False,https://www.tradingview.com/chart/?symbol=NYSE:VOYG&interval=D,False,False,False,False
GKOS,Glaukos Corporation,NYSE,Medical Specialties,158.56,173.63,171.27,4.33,4.23,942480.3,747180.6333333333,118472961.0,129729985.0,-4.64,244,-12.45,287,12.11,118,45.88,132,15.18,-1.75,2026-11-04,False,https://www.tradingview.com/chart/?symbol=NYSE:GKOS&interval=D,False,False,False,False
CLF,Cleveland-Cliffs Inc.,NYSE,Steel,11.22,11.93,11.78,4.81,5.54,16133657.1,14919097.7,167392276.0,178014674.0,-11.58,399,-5.71,204,18.73,101,32.47,163,15.16,-0.86,2026-10-26,False,https://www.tradingview.com/chart/?symbol=NYSE:CLF&interval=D,False,False,False,False
CHYM,"Chime Financial, Inc.",NASDAQ,Packaged Software,26.69,31.67,29.28,5.23,5.38,8323119.6,7761793.166666667,207162260.0,245844449.0,-12.98,420,-20.21,384,27.1,83,38.36,148,15.08,-1.64,2026-11-11,False,https://www.tradingview.com/chart/?symbol=NASDAQ:CHYM&interval=D,False,False,False,False
WK,Workiva Inc.,NYSE,Information Technology Services,68.19,73.87,68.75,4.05,4.44,992995.5,877591.8666666667,59842989.0,64829466.0,-8.35,341,-11.8,284,42.03,53,14.41,220,14.88,-0.18,2026-11-04,False,https://www.tradingview.com/chart/?symbol=NYSE:WK&interval=D,False,False,False,False
ASAN,"Asana, Inc.",NYSE,Packaged Software,8.64,9.4,8.97,6.57,7.06,10712013.8,7251131.233333333,62649774.0,68189638.0,-9.72,365,-14.62,315,25.95,84,31.71,166,14.34,-0.53,2026-12-08,False,https://www.tradingview.com/chart/?symbol=NYSE:ASAN&interval=D,False,False,False,False
HIVE,HIVE Digital Technologies Ltd,NASDAQ,Information Technology Services,3.04,3.04,2.97,5.52,6.71,13170590.699999994,19065216.2,57958257.0,57942370.0,-15.08,441,1.67,130,-17.39,291,58.33,109,14.2,0.35,2026-11-16,False,https://www.tradingview.com/chart/?symbol=NASDAQ:HIVE&interval=D,False,False,False,False
FORM,"FormFactor, Inc.",NASDAQ,Semiconductors,130.97,113.1,112.52,4.39,5.53,1196765.7,1127646.2333333334,147687827.0,127535849.0,6.48,63,19.65,33,-9.73,229,32.41,164,14.11,2.97,2026-11-04,False,https://www.tradingview.com/chart/?symbol=NASDAQ:FORM&interval=D,False,False,False,False
AXTI,AXT Inc,NASDAQ,Electronic Production Equipment,73.67,68.49,65.99,7.52,9.47,8899446.3,9080256.433333334,668942491.0,621891629.0,0.3,129,12.84,57,3.8,159,25.29,181,13.98,1.23,2026-10-29,False,https://www.tradingview.com/chart/?symbol=NASDAQ:AXTI&interval=D,False,False,False,False
VSAT,"ViaSat, Inc.",NASDAQ,Telecommunications Equipment,71.65,73.15,75.3,5.23,5.58,1796002.7,1661987.8666666667,119081431.0,121568595.0,-7.96,331,-2.01,170,-6.25,210,50.18,127,13.97,-0.87,2026-11-11,False,https://www.tradingview.com/chart/?symbol=NASDAQ:VSAT&interval=D,False,False,False,False
IONQ,"IonQ, Inc.",NYSE,Computer Processing Hardware,44.58,40.69,39.86,5.53,6.33,28488505.8,21850639.1,974101491.0,889080654.0,10.26,35,6.83,90,-15.4,270,50.4,125,13.94,1.87,2026-11-11,False,https://www.tradingview.com/chart/?symbol=NYSE:IONQ&interval=D,False,False,False,False
VSH,"Vishay Intertechnology, Inc.",NYSE,Electronic Production Equipment,32.23,31.75,33.21,4.35,5.33,2888476.0,3462630.1,111600568.0,109955819.0,-3.91,223,2.35,124,-37.32,418,76.12,77,13.72,-0.55,2026-11-11,False,https://www.tradingview.com/chart/?symbol=NYSE:VSH&interval=D,False,False,False,False
MARA,"MARA Holdings, Inc.",NASDAQ,Data Processing Services,12.11,11.52,11.32,6.51,7.18,48882997.5,50484773.666666664,611370609.0,581492037.0,-13.13,423,5.03,106,-11.22,243,47.32,129,13.71,0.98,2026-11-11,False,https://www.tradingview.com/chart/?symbol=NASDAQ:MARA&interval=D,False,False,False,False
AI,"C3.ai, Inc.",NYSE,Packaged Software,10.41,10.47,10.03,4.23,4.59,4345072.8,5048909.4,52559147.0,52863764.0,-2.53,191,1.26,135,17.96,106,21.05,198,13.42,0.82,2026-12-09,False,https://www.tradingview.com/chart/?symbol=NYSE:AI&interval=D,False,False,False,False
KSS,Kohl's Corporation,NYSE,Department Stores,18.18,17.81,18.28,4.74,5.22,3919052.6,4512649.2,82039962.0,80385324.0,6.94,57,-0.38,152,0.5,179,39.74,144,13.28,-0.1,2026-11-12,False,https://www.tradingview.com/chart/?symbol=NYSE:KSS&interval=D,False,False,False,False
CLS,"Celestica, Inc.",NYSE,Electronic Components,356.53,322.67,326.78,4.82,5.48,2201800.3,2208320.0,787332330.0,712563767.0,4.42,71,13.18,56,3.24,160,23.4,191,13.28,1.66,2026-10-26,False,https://www.tradingview.com/chart/?symbol=NYSE:CLS&interval=D,False,False,False,False
SHOP,Shopify Inc.,NASDAQ,Miscellaneous Commercial Services,144.01,141.53,138.36,4.53,4.83,11731713.2,9077250.966666667,1307214912.0,1284727535.0,11.81,30,-6.99,219,27.44,80,19.3,204,13.25,0.85,2026-10-22,False,https://www.tradingview.com/chart/?symbol=NASDAQ:SHOP&interval=D,False,False,False,False
COIN,"Coinbase Global, Inc.",NASDAQ,Investment Banks/Brokers,191.79,181.16,171.13,5.17,5.82,11386431.5,10573952.533333333,2027978356.0,1915538470.0,-6.53,291,3.1,117,29.43,77,7.15,245,13.22,2.08,2026-10-29,False,https://www.tradingview.com/chart/?symbol=NASDAQ:COIN&interval=D,False,False,False,False
WTTR,"Select Water Solutions, Inc.",NYSE,Oil & Gas Production,20.18,20.08,20.03,4.12,4.4,2157876.8,1578572.3,31855589.0,31704046.0,-2.84,200,3.28,116,2.75,164,33.2,161,13.08,0.17,2026-11-03,False,https://www.tradingview.com/chart/?symbol=NYSE:WTTR&interval=D,False,False,False,False
FLEX,Flex Ltd.,NASDAQ,Electronic Production Equipment,113.04,111.6,115.08,4.13,4.87,3579831.3000000017,3151176.099999992,356208946.0,351674404.0,2.32,98,-1.38,164,-28.86,373,68.89,87,12.89,-0.36,2026-11-04,False,https://www.tradingview.com/chart/?symbol=NASDAQ:FLEX&interval=D,False,False,False,False
NWL,Newell Brands Inc.,NASDAQ,Industrial Machinery,5.44,5.87,5.79,4.16,4.81,5605341.5,6311911.5,34336799.0,37057232.0,-1.81,172,-9.03,248,-9.63,228,57.23,111,12.85,-1.27,2026-10-23,False,https://www.tradingview.com/chart/?symbol=NASDAQ:NWL&interval=D,False,False,False,False
WAY,Waystar Holding Corp.,NASDAQ,Packaged Software,25.74,25.13,24.33,4.07,4.27,2338671.2,2141653.3,55126156.0,53816892.0,-0.77,149,1.18,138,30.46,74,6.54,248,12.73,1.36,2026-11-11,False,https://www.tradingview.com/chart/?symbol=NASDAQ:WAY&interval=D,False,False,False,False
SEI,"Solaris Energy Infrastructure, Inc.",NYSE,Oilfield Services/Equipment,69.15,60.61,59.08,5.3,6.13,2685998.0,2731341.433333333,188872260.0,165552977.0,-2.99,202,32.62,15,-13.78,261,19.22,205,12.69,2.78,2026-11-02,False,https://www.tradingview.com/chart/?symbol=NYSE:SEI&interval=D,False,True,False,False
DIOD,Diodes Incorporated,NASDAQ,Semiconductors,96.37,92.58,92.23,4.14,4.74,532527.9,567054.9666666667,54647087.0,52500123.0,2.05,101,6.05,96,-8.27,218,37.55,149,11.78,0.95,2026-11-05,False,https://www.tradingview.com/chart/?symbol=NASDAQ:DIOD&interval=D,False,False,False,False
WOLF,"Wolfspeed, Inc.",NYSE,Semiconductors,27.58,26.85,26.99,5.89,7.72,2173074.400000115,3031598.933333355,83611499.0,81395400.0,2.15,100,3.45,113,-38.7,427,68.17,90,10.97,0.28,2026-10-28,False,https://www.tradingview.com/chart/?symbol=NYSE:WOLF&interval=D,False,False,False,False
LITE,Lumentum Holdings Inc.,NASDAQ,Electrical Products,921.32,906.06,862.84,5.71,6.75,4789347.6,4393568.1,4047882162.0,3980857548.0,-3.96,225,-2.17,173,9.16,133,25.37,180,10.79,1.0,2026-11-10,False,https://www.tradingview.com/chart/?symbol=NASDAQ:LITE&interval=D,False,False,False,False
CCC,CCC Intelligent Solutions Holdings Inc.,NASDAQ,Packaged Software,6.62,7.02,6.76,4.33,4.73,14761401.5,11970784.033333333,79246590.0,84078797.0,-0.15,138,-12.84,292,35.1,67,9.78,238,10.68,-0.44,2026-10-29,False,https://www.tradingview.com/chart/?symbol=NASDAQ:CCC&interval=D,False,False,False,False
BHVN,Biohaven Ltd.,NYSE,Pharmaceuticals: Major,13.27,14.21,14.24,7.21,7.95,3272272.6,3489639.066666667,46307510.0,49579629.0,-4.53,240,-16.44,344,-10.03,231,58.35,108,10.63,-0.86,2026-11-17,False,https://www.tradingview.com/chart/?symbol=NYSE:BHVN&interval=D,False,False,False,False
WDC,Western Digital Corporation,NASDAQ,Computer Peripherals,453.23,456.46,473.46,5.0,6.1,7783913.4,6567879.233333329,2976759905.0,2997958830.0,-0.53,147,-1.95,169,-28.34,370,61.58,102,10.43,-0.7,2026-10-22,False,https://www.tradingview.com/chart/?symbol=NASDAQ:WDC&interval=D,False,False,False,False
SYNA,Synaptics Incorporated,NASDAQ,Semiconductors,100.36,97.12,102.06,4.32,4.57,592779.4,676036.9666666667,67847070.0,65654907.0,6.96,56,2.84,120,-14.96,269,41.91,139,9.93,-0.36,2026-11-05,False,https://www.tradingview.com/chart/?symbol=NASDAQ:SYNA&interval=D,False,False,False,False
SM,SM Energy Company,NYSE,Integrated Oil,33.55,36.68,34.64,4.0,4.49,4864038.8,3991839.566666667,133926217.0,146422006.0,-6.56,292,-9.1,250,27.28,81,11.17,232,9.78,-0.7,2026-10-29,False,https://www.tradingview.com/chart/?symbol=NYSE:SM&interval=D,False,False,False,False
SNAP,Snap Inc.,NYSE,Packaged Software,5.22,5.48,5.27,4.98,5.19,33477894.3,35142871.46666667,183445789.0,192653221.0,-5.78,271,-2.43,177,18.64,103,12.99,228,9.73,-0.2,2026-10-15,False,https://www.tradingview.com/chart/?symbol=NYSE:SNAP&interval=D,False,False,False,False
IOT,Samsara Inc.,NYSE,Packaged Software,37.93,39.52,38.74,5.22,5.59,5429376.8,6833839.633333334,259207537.0,270091566.0,-4.91,253,-9.13,251,19.96,96,17.9,212,9.58,-0.37,2026-11-26,False,https://www.tradingview.com/chart/?symbol=NYSE:IOT&interval=D,False,False,False,False
W,Wayfair Inc.,NYSE,Specialty Stores,98.63,101.37,99.07,4.48,4.98,2528687.5,2327931.2333333334,229603858.0,235976957.0,-7.08,304,-6.48,214,4.79,154,30.27,171,9.53,-0.09,2026-10-29,False,https://www.tradingview.com/chart/?symbol=NYSE:W&interval=D,False,False,False,False
AMBA,"Ambarella, Inc.",NASDAQ,Semiconductors,68.68,68.8,72.09,6.05,6.43,1606047.0,1709401.9333333333,117401725.0,117598876.0,2.29,99,-3.46,185,1.16,174,30.76,169,9.49,-0.74,2026-12-01,False,https://www.tradingview.com/chart/?symbol=NASDAQ:AMBA&interval=D,False,False,False,False
ARQT,"Arcutis Biotherapeutics, Inc.",NASDAQ,Pharmaceuticals: Major,27.33,25.12,25.84,5.25,4.85,4815671.2,2878172.3666666667,78660451.0,72289616.0,6.88,58,11.1,66,0.66,177,14.59,219,8.78,1.19,2026-10-29,False,https://www.tradingview.com/chart/?symbol=NASDAQ:ARQT&interval=D,False,False,False,False
FSLY,"Fastly, Inc.",NASDAQ,Information Technology Services,24.92,24.02,23.84,11.0,10.49,11044385.2,7089971.033333333,176682078.0,170270381.0,2.89,89,2.42,123,40.47,57,-16.87,337,8.67,0.43,2026-11-04,False,https://www.tradingview.com/chart/?symbol=NASDAQ:FSLY&interval=D,False,False,False,False
PAY,"Paymentus Holdings, Inc.",NYSE,Miscellaneous Commercial Services,29.92,35.98,35.97,5.15,5.56,1381606.9,1213003.9333333333,36293078.0,43647116.0,-14.83,439,-16.1,340,24.72,87,17.1,215,8.58,-3.03,2026-11-09,False,https://www.tradingview.com/chart/?symbol=NYSE:PAY&interval=D,False,False,False,False
FDS,FactSet Research Systems Inc.,NYSE,Financial Publishing/Services,267.67,288.21,280.98,4.08,4.25,697233.3,840203.9333333333,224897387.0,242157416.0,-6.12,280,-13.29,298,14.97,110,24.0,186,8.56,-1.12,2026-09-30,True,https://www.tradingview.com/chart/?symbol=NYSE:FDS&interval=D,False,False,False,False
BTBT,"Bit Digital, Inc.",NASDAQ,Miscellaneous Commercial Services,1.68,1.58,1.52,6.47,7.43,27090833.1,31913948.3,53615433.0,50567651.0,-7.95,330,6.33,94,-6.67,211,24.44,185,8.04,1.46,2026-11-12,False,https://www.tradingview.com/chart/?symbol=NASDAQ:BTBT&interval=D,False,False,False,False
NESR,National Energy Services Reunited Corp,NASDAQ,Oilfield Services/Equipment,29.81,33.49,31.93,4.57,4.86,1870049.8,1742365.8666666667,51939926.0,58359674.0,-8.64,349,-15.34,324,0.17,181,38.84,147,7.89,-1.37,2026-11-04,False,https://www.tradingview.com/chart/?symbol=NASDAQ:NESR&interval=D,False,False,False,False
BULL,Webull Corporation,NASDAQ,Packaged Software,7.05,8.64,8.2,5.94,6.6,14745095.9,17583047.733333334,123960487.0,151946837.0,-17.74,450,-25.63,426,4.21,157,44.91,133,7.83,-2.12,2026-11-19,False,https://www.tradingview.com/chart/?symbol=NASDAQ:BULL&interval=D,False,False,False,False
ARXS,"Arxis, Inc.",NASDAQ,Aerospace & Defense,48.44,52.25,51.84,5.02,5.05,1113282.3,732371.1666666666,35476059.0,38269811.0,-7.45,318,-9.78,256,4.96,150,27.47,176,7.55,-1.3,2026-12-02,False,https://www.tradingview.com/chart/?symbol=NASDAQ:ARXS&interval=D,False,False,False,False
M,Macy's Inc,NYSE,Department Stores,23.01,22.4,23.27,4.0,3.67,6059316.9,6388702.633333334,147004048.0,143096291.0,4.5,70,1.1,141,-5.04,206,26.15,179,7.4,-0.3,2026-11-12,False,https://www.tradingview.com/chart/?symbol=NYSE:M&interval=D,False,False,False,False
GDDY,GoDaddy Inc.,NYSE,Data Processing Services,93.71,98.32,96.27,5.42,5.69,3594979.2,2350718.6666666665,220285846.0,231119525.0,-4.69,246,-3.76,188,11.65,120,14.11,221,7.34,-0.47,2026-10-29,False,https://www.tradingview.com/chart/?symbol=NYSE:GDDY&interval=D,False,False,False,False
RELY,"Remitly Global, Inc.",NASDAQ,Miscellaneous Commercial Services,21.89,24.06,23.99,4.62,4.91,4667549.1,3938669.2666666666,86217470.0,94766352.0,-0.32,140,-15.07,319,-4.16,197,40.86,141,7.21,-1.78,2026-11-04,False,https://www.tradingview.com/chart/?symbol=NASDAQ:RELY&interval=D,False,False,False,False
RDW,Redwire Corporation,NYSE,Aerospace & Defense,11.2,11.26,10.97,6.2,6.47,14342904.4,12545423.3,140508741.0,141257285.0,1.45,113,0.31,147,-7.13,212,28.0,174,7.06,0.33,2026-11-11,False,https://www.tradingview.com/chart/?symbol=NYSE:RDW&interval=D,False,False,False,False
IREN,IREN Limited,NASDAQ,Data Processing Services,41.72,42.79,41.37,6.06,7.01,35990583.6,40113102.233333334,1673518625.0,1716559984.0,-12.81,417,10.82,68,-8.71,221,18.96,209,7.03,0.12,2026-12-01,False,https://www.tradingview.com/chart/?symbol=NASDAQ:IREN&interval=D,False,False,False,False
DAIC,"CID HoldCo, Inc.",NASDAQ,Miscellaneous,3.26,2.9,2.1,20.16,25.58,13380294.0,16145319.833333334,52633743.0,46771377.0,-10.68,386,-36.7,457,84.18,14,-26.66,387,6.94,2.17,,False,https://www.tradingview.com/chart/?symbol=NASDAQ:DAIC&interval=D,False,False,True,False
TSEM,Tower Semiconductor Ltd.,NASDAQ,Semiconductors,226.04,218.38,225.24,4.47,6.06,2584585.8,1736800.1666666667,392586310.0,379282710.0,-0.44,143,3.05,118,-10.5,234,27.68,175,6.74,0.06,2026-11-16,False,https://www.tradingview.com/chart/?symbol=NASDAQ:TSEM&interval=D,False,False,False,False
FIVE,"Five Below, Inc.",NASDAQ,Discount Stores,228.0,241.71,233.24,4.18,4.44,1252489.0,1242618.7333333334,283317071.0,300356273.0,-3.55,219,-8.16,237,28.18,78,-1.03,266,6.33,-0.51,2026-12-02,False,https://www.tradingview.com/chart/?symbol=NASDAQ:FIVE&interval=D,False,False,False,False
SGRY,"Surgery Partners, Inc.",NASDAQ,Hospital/Nursing Management,14.69,14.11,14.68,5.43,5.32,2900139.1,2659743.3666666667,39071630.0,37531639.0,9.55,38,5.91,98,-11.08,242,23.24,193,6.02,0.01,2026-11-10,False,https://www.tradingview.com/chart/?symbol=NASDAQ:SGRY&interval=D,False,False,False,False
HIMS,"Hims & Hers Health, Inc.",NYSE,Medical/Nursing Services,28.78,29.18,29.55,5.26,5.96,10156870.7,10649464.166666666,306491579.0,310726516.0,0.98,121,-8.23,238,-12.12,250,37.05,151,5.57,-0.44,2026-11-09,False,https://www.tradingview.com/chart/?symbol=NYSE:HIMS&interval=D,False,False,False,False
SEZL,Sezzle Inc.,NASDAQ,Packaged Software,108.3,117.79,131.8,4.81,5.75,583486.9,491066.0333333334,53182451.0,57842668.0,-8.45,344,-15.61,334,-36.29,413,66.87,95,4.99,-3.1,2026-11-05,False,https://www.tradingview.com/chart/?symbol=NASDAQ:SEZL&interval=D,False,False,False,False
VCYT,"Veracyte, Inc.",NASDAQ,Medical Specialties,45.23,42.78,45.96,5.58,5.57,1829272.1,1431738.6,64757537.0,61252879.0,13.07,23,0.06,148,-25.14,347,40.01,142,4.97,-0.28,2026-11-10,False,https://www.tradingview.com/chart/?symbol=NASDAQ:VCYT&interval=D,True,False,False,False
PGY,Pagaya Technologies Ltd.,NASDAQ,Packaged Software,17.0,20.96,20.28,6.82,7.24,2973370.4999999953,2398207.7666666666,40769532.0,50262438.0,-18.27,455,-26.76,432,-0.09,184,41.55,140,4.9,-2.23,2026-11-17,False,https://www.tradingview.com/chart/?symbol=NASDAQ:PGY&interval=D,False,False,False,False
PSKY,Paramount Skydance Corporation,NASDAQ,Cable/Satellite TV,10.28,10.53,9.8,5.39,5.06,33973020.6,18063317.666666668,185690906.0,190245872.0,-3.47,218,-4.59,194,4.9,152,13.84,223,4.72,0.96,2026-11-16,False,https://www.tradingview.com/chart/?symbol=NASDAQ:PSKY&interval=D,False,False,False,False
RMBS,"Rambus, Inc.",NASDAQ,Semiconductors,102.12,90.69,93.22,4.65,5.3,3530955.6,2479157.6,253171574.0,224838108.0,12.86,25,13.62,54,-17.16,287,17.23,214,4.56,1.8,2026-11-02,False,https://www.tradingview.com/chart/?symbol=NASDAQ:RMBS&interval=D,False,False,False,False
WIX,Wix.com Ltd.,NASDAQ,Packaged Software,69.6,80.17,72.15,6.95,7.61,1167001.1,1413157.6666666667,98355774.0,113297561.0,-11.19,394,-18.42,361,55.11,33,-23.09,371,4.53,-0.47,2026-11-05,False,https://www.tradingview.com/chart/?symbol=NASDAQ:WIX&interval=D,False,False,False,False
ACHC,"Acadia Healthcare Company, Inc.",NASDAQ,Medical/Nursing Services,27.91,28.36,29.74,4.64,4.8,1711714.5,1584896.3,44234456.0,44954527.0,-1.48,163,-7.43,228,0.72,176,19.32,203,4.21,-1.28,2026-11-04,False,https://www.tradingview.com/chart/?symbol=NASDAQ:ACHC&interval=D,False,False,False,False
GENI,Genius Sports Limited,NYSE,Internet Software/Services,6.15,7.07,7.17,6.82,7.38,9237815.5,6132169.8,37712844.0,43338088.0,9.04,41,-22.64,409,-1.76,189,36.67,152,4.09,-1.93,2026-11-11,False,https://www.tradingview.com/chart/?symbol=NYSE:GENI&interval=D,False,False,False,False
IBRX,"ImmunityBio, Inc.",NASDAQ,Pharmaceuticals: Major,8.52,8.17,7.85,6.52,6.2,12827939.0,9802973.966666667,83521338.0,80129509.0,-2.29,188,2.53,121,-3.18,194,12.85,229,4.06,1.37,2026-11-05,False,https://www.tradingview.com/chart/?symbol=NASDAQ:IBRX&interval=D,False,False,False,False
VIAV,Viavi Solutions Inc.,NASDAQ,Information Technology Services,40.87,37.35,38.12,4.99,5.9,6041875.8999999985,4842460.533333326,197911362.0,180848145.0,13.88,21,6.4,93,-13.79,262,19.57,201,4.06,1.22,2026-10-29,False,https://www.tradingview.com/chart/?symbol=NASDAQ:VIAV&interval=D,True,False,False,False
QUBT,Quantum Computing Inc.,NASDAQ,Information Technology Services,8.57,8.39,8.39,4.42,5.02,8200437.7,7240196.4,62048483.0,60747661.0,-4.78,248,0.59,144,-11.56,245,23.04,195,4.02,0.42,2026-11-18,False,https://www.tradingview.com/chart/?symbol=NASDAQ:QUBT&interval=D,False,False,False,False
EPAM,"EPAM Systems, Inc.",NYSE,Information Technology Services,107.55,112.9,107.17,4.13,4.53,1156899.2,1178108.3,126705548.0,133011961.0,-6.78,295,-4.65,195,37.29,63,-20.58,359,4.02,0.08,2026-10-29,False,https://www.tradingview.com/chart/?symbol=NYSE:EPAM&interval=D,False,False,False,False
JHX,James Hardie Industries plc.,NYSE,Construction Materials,25.39,28.51,28.24,4.01,3.99,19573009.9,11072855.9,281139811.0,315705576.0,-3.44,216,-15.39,330,-4.19,200,31.35,167,3.92,-2.53,2026-11-09,False,https://www.tradingview.com/chart/?symbol=NYSE:JHX&interval=D,False,False,False,False
AXGN,"Axogen, Inc.",NASDAQ,Medical Specialties,43.36,46.96,45.71,4.98,5.03,1145991.5,1155828.0,50116702.0,54281728.0,-3.26,211,-15.89,337,-2.8,193,29.47,172,3.59,-1.02,2026-11-10,False,https://www.tradingview.com/chart/?symbol=NASDAQ:AXGN&interval=D,False,False,False,False
MDB,"MongoDB, Inc.",NASDAQ,Packaged Software,334.68,402.52,386.47,6.51,8.31,3027182.9,2325747.6333333333,778381218.0,936171566.0,-13.51,427,-24.1,418,0.13,182,34.71,158,3.58,-1.61,2026-12-07,False,https://www.tradingview.com/chart/?symbol=NASDAQ:MDB&interval=D,False,False,False,False
FPS,"Forgent Power Solutions, Inc.",NYSE,Electrical Products,36.59,33.77,35.03,6.04,6.63,14543099.1,8620410.666666666,315420826.0,291117015.0,-8.59,347,15.61,44,-30.38,384,25.05,182,3.43,0.67,2026-12-02,False,https://www.tradingview.com/chart/?symbol=NYSE:FPS&interval=D,False,False,False,False
KOS,Kosmos Energy Ltd.,NYSE,Integrated Oil,2.58,2.82,2.69,5.55,6.12,14010434.5,12704112.8,32776611.0,35774782.0,-1.71,169,-9.15,252,21.7,94,-2.27,270,3.42,-0.68,2026-11-09,False,https://www.tradingview.com/chart/?symbol=NYSE:KOS&interval=D,False,False,False,False
HRI,Herc Holdings Inc.,NYSE,Finance/Rental/Leasing,133.9,147.05,152.44,5.05,5.49,1168139.1,709701.4333333333,95029022.0,104358994.0,-1.88,176,-14.5,312,-9.02,223,32.81,162,3.1,-2.22,2026-10-15,False,https://www.tradingview.com/chart/?symbol=NYSE:HRI&interval=D,False,False,False,False
CNXC,Concentrix Corporation,NASDAQ,Information Technology Services,25.45,28.2,26.83,7.52,8.07,2433471.7,1678463.4,42716894.0,47329870.0,-8.26,337,-9.91,259,27.12,82,-7.99,298,3.07,-0.64,2026-09-29,True,https://www.tradingview.com/chart/?symbol=NASDAQ:CNXC&interval=D,False,False,False,False
ETSY,"Etsy, Inc.",NYSE,Internet Retail,68.92,76.93,79.2,4.14,4.77,3609071.0,3148290.066666667,216980151.0,242210548.0,-6.3,289,-17.64,352,-11.98,247,37.35,150,2.58,-2.72,2026-11-04,False,https://www.tradingview.com/chart/?symbol=NYSE:ETSY&interval=D,False,False,False,False
ON,ON Semiconductor Corporation,NASDAQ,Semiconductors,75.65,73.47,77.49,4.41,4.66,13402870.8,9832593.733333332,743835716.0,722367886.0,6.55,61,1.68,129,-14.78,267,20.5,199,2.47,-0.51,2026-11-02,False,https://www.tradingview.com/chart/?symbol=NASDAQ:ON&interval=D,False,False,False,False
WYFI,"WhiteFiber, Inc.",NASDAQ,Data Processing Services,18.83,19.83,22.15,6.08,8.83,1249013.8,2410442.7666666666,45388637.0,47802294.0,-3.93,224,-1.41,165,-46.52,444,54.98,115,2.35,-1.7,2026-11-12,False,https://www.tradingview.com/chart/?symbol=NASDAQ:WYFI&interval=D,False,False,False,False
PTEN,"Patterson-UTI Energy, Inc.",NASDAQ,Oil & Gas Production,10.85,12.11,11.37,4.07,4.46,8511820.8,8138184.433333334,88299301.0,98518148.0,-6.79,296,-10.55,269,12.67,117,3.38,253,1.83,-1.02,2026-10-28,False,https://www.tradingview.com/chart/?symbol=NASDAQ:PTEN&interval=D,False,False,False,False
AFRM,"Affirm Holdings, Inc.",NASDAQ,Finance/Rental/Leasing,67.21,72.95,73.61,4.81,5.37,4263935.0,5267575.633333334,354033758.0,384281056.0,-7.17,306,-21.85,404,-17.96,296,44.04,136,1.41,-1.62,2026-11-11,False,https://www.tradingview.com/chart/?symbol=NASDAQ:AFRM&interval=D,False,False,False,False
FIGS,"FIGS, Inc.",NYSE,Apparel/Footwear,13.62,14.0,13.04,4.94,5.05,2398799.0,2461431.6333333333,33524699.0,34460863.0,3.18,83,-10.45,267,23.48,89,-9.32,300,1.24,0.88,2026-11-05,False,https://www.tradingview.com/chart/?symbol=NYSE:FIGS&interval=D,False,False,False,False
MDA,MDA Space Ltd.,NYSE,Electronic Production Equipment,31.05,30.29,31.08,4.0,4.4,1258963.3,1238729.8666666667,38462562.0,37516999.0,0.13,133,2.48,122,-18.48,299,19.56,202,1.18,-0.02,2026-11-06,False,https://www.tradingview.com/chart/?symbol=NYSE:MDA&interval=D,False,False,False,False
AUGO,Aura Minerals Inc.,NASDAQ,Other Metals/Minerals,77.72,85.5,76.27,5.33,6.12,1231967.2000000014,1089608.733333332,84684391.0,93164997.0,-12.94,419,-12.88,294,23.17,91,-8.02,299,0.76,0.31,2026-11-05,False,https://www.tradingview.com/chart/?symbol=NASDAQ:AUGO&interval=D,False,False,False,False
MNDY,monday.com Ltd.,NASDAQ,Packaged Software,79.05,90.32,88.32,5.73,6.53,967023.4,1114868.1,88130323.0,100696745.0,-7.0,302,-20.16,382,9.2,132,13.01,227,0.68,-1.61,2026-11-16,False,https://www.tradingview.com/chart/?symbol=NASDAQ:MNDY&interval=D,False,False,False,False
GLXY,Galaxy Digital Inc.,NASDAQ,Investment Banks/Brokers,23.21,24.17,23.13,6.63,7.33,5277474.3,5460462.833333333,126737342.0,131972106.0,-10.56,382,-5.9,207,-15.72,272,23.26,192,0.55,0.05,2026-10-27,False,https://www.tradingview.com/chart/?symbol=NASDAQ:GLXY&interval=D,False,False,False,False
GOLD,"Gold.com, Inc.",NYSE,Investment Banks/Brokers,42.85,45.37,43.93,4.3,4.93,607584.8,679163.9,29102173.0,30816836.0,-6.42,290,-7.47,229,4.64,155,4.44,250,0.53,-0.5,2026-11-10,False,https://www.tradingview.com/chart/?symbol=NYSE:GOLD&interval=D,False,False,False,False
ASO,"Academy Sports and Outdoors, Inc.",NASDAQ,Specialty Stores,48.61,47.33,47.8,4.65,4.12,1755233.8,2125594.2,103325134.0,100614293.0,0.23,131,13.84,51,2.73,165,-15.71,329,0.29,0.41,2026-12-03,False,https://www.tradingview.com/chart/?symbol=NASDAQ:ASO&interval=D,False,False,False,False
NCNO,"nCino, Inc.",NASDAQ,Packaged Software,18.6,21.28,20.19,4.45,4.88,2289651.9,2619190.066666667,48716935.0,55736365.0,-12.22,409,-20.17,383,19.77,97,1.25,257,0.28,-1.61,2026-12-02,False,https://www.tradingview.com/chart/?symbol=NASDAQ:NCNO&interval=D,False,False,False,False
AUR,"Aurora Innovation, Inc.",NASDAQ,Packaged Software,5.29,6.15,6.31,6.98,7.37,39779841.9,34429833.166666664,182133817.0,211772166.0,-19.11,457,-7.27,222,-19.24,306,26.86,178,0.12,-2.2,2026-11-04,False,https://www.tradingview.com/chart/?symbol=NASDAQ:AUR&interval=D,False,False,False,False
VRDN,"Viridian Therapeutics, Inc.",NASDAQ,Pharmaceuticals: Major,20.57,22.72,21.9,4.3,4.33,2123405.7,1524960.7333333334,31368442.0,34644058.0,-7.68,323,-12.77,291,8.38,137,4.2,251,-0.06,-1.41,2026-11-16,False,https://www.tradingview.com/chart/?symbol=NASDAQ:VRDN&interval=D,False,False,False,False
CECO,CECO Environmental Corp.,NASDAQ,Industrial Machinery,72.26,73.11,72.95,4.51,5.38,758489.0,709775.6666666666,51288390.0,51892290.0,1.77,109,0.71,143,-20.46,313,19.06,207,-0.23,-0.18,2026-11-09,False,https://www.tradingview.com/chart/?symbol=NASDAQ:CECO&interval=D,False,False,False,False
RYAN,"Ryan Specialty Holdings, Inc.",NYSE,Insurance Brokers/Services,38.12,40.85,41.72,4.31,4.29,2481762.0,1834896.7,69946262.0,74953084.0,-5.34,260,-12.75,290,-2.08,190,14.0,222,-0.28,-2.01,2026-10-29,False,https://www.tradingview.com/chart/?symbol=NYSE:RYAN&interval=D,False,False,False,False
CIFR,Cipher Digital Inc.,NASDAQ,Data Processing Services,16.74,16.78,18.19,7.97,9.14,35317397.4,34855022.63333333,583473079.0,584780142.0,-10.31,375,3.4,114,-31.45,390,27.2,177,-0.28,-0.87,2026-11-11,False,https://www.tradingview.com/chart/?symbol=NASDAQ:CIFR&interval=D,False,False,False,False
NAVN,"Navan, Inc.",NASDAQ,Packaged Software,19.98,25.17,25.92,5.51,6.64,4666526.6,4045980.966666667,80838700.0,101856222.0,-5.4,262,-34.32,456,-15.73,273,49.1,128,-0.32,-3.45,2026-12-15,False,https://www.tradingview.com/chart/?symbol=NASDAQ:NAVN&interval=D,False,False,False,False
MTSI,"MACOM Technology Solutions Holdings, Inc.",NASDAQ,Semiconductors,278.56,271.22,273.99,4.11,5.13,1381940.2,1315152.0,366348741.0,356695745.0,-2.58,193,1.22,136,-25.43,350,23.19,194,-0.34,0.32,2026-11-05,False,https://www.tradingview.com/chart/?symbol=NASDAQ:MTSI&interval=D,False,False,False,False
CRCL,"Circle Internet Group, Inc.",NYSE,Packaged Software,85.8,89.54,80.1,6.46,7.43,16707812.4,15870798.933333334,1361714548.0,1421103078.0,-12.53,413,-7.35,226,18.75,100,-12.82,314,-0.47,0.96,2026-11-18,False,https://www.tradingview.com/chart/?symbol=NYSE:CRCL&interval=D,False,False,False,False
RXO,"RXO, Inc.",NYSE,Packaged Software,20.15,20.68,21.77,4.92,5.31,1930198.9,1607520.9,32391546.0,33237638.0,-1.42,162,-10.92,270,-27.28,360,35.87,156,-0.78,-1.4,2026-11-05,False,https://www.tradingview.com/chart/?symbol=NYSE:RXO&interval=D,False,False,False,False
EXPE,"Expedia Group, Inc.",NASDAQ,Other Consumer Services,264.23,298.3,297.85,4.43,4.73,2825966.1,2037160.8333333333,538279007.0,607688811.0,-5.39,261,-17.27,350,1.36,171,13.57,224,-0.78,-2.39,2026-10-29,False,https://www.tradingview.com/chart/?symbol=NASDAQ:EXPE&interval=D,False,False,False,False
ACHR,Archer Aviation Inc.,NYSE,Aerospace & Defense,5.2,5.74,5.61,5.11,5.88,26058589.6,25225323.8,131171684.0,144784950.0,-3.17,209,-11.56,280,11.11,125,-2.26,269,-0.9,-1.25,2026-11-05,False,https://www.tradingview.com/chart/?symbol=NYSE:ACHR&interval=D,False,False,False,False
CRWV,"CoreWeave, Inc.",NASDAQ,Packaged Software,85.07,87.53,86.0,5.0,6.37,35558214.2,26905761.666666668,2288873145.0,2354989570.0,4.3,72,-0.12,150,-10.62,237,7.02,246,-1.24,-0.17,2026-11-16,False,https://www.tradingview.com/chart/?symbol=NASDAQ:CRWV&interval=D,False,False,False,False
MMYT,MakeMyTrip Limited,NASDAQ,Internet Software/Services,47.39,53.73,55.18,4.19,4.37,944756.6,658270.4666666667,31195437.0,35369969.0,-1.39,160,-18.81,366,-10.48,233,24.68,183,-1.54,-3.23,2026-11-03,False,https://www.tradingview.com/chart/?symbol=NASDAQ:MMYT&interval=D,False,False,False,False
ATI,ATI Inc.,NYSE,Other Metals/Minerals,180.67,201.31,202.74,4.26,4.33,1748367.0,1826825.0,330052473.0,367759359.0,-5.81,275,-15.74,335,-9.3,224,20.21,200,-1.61,-2.51,2026-11-03,False,https://www.tradingview.com/chart/?symbol=NYSE:ATI&interval=D,False,False,False,False
MBLY,Mobileye Global Inc.,NASDAQ,Packaged Software,7.8,8.34,8.39,4.44,4.55,7040777.1,4722153.033333333,36809183.0,39392988.0,-4.47,237,-9.88,257,-6.2,209,11.04,233,-1.68,-1.55,2026-10-22,False,https://www.tradingview.com/chart/?symbol=NASDAQ:MBLY&interval=D,False,False,False,False
TMDX,"TransMedics Group, Inc.",NASDAQ,Medical Specialties,82.73,87.91,84.54,4.91,4.96,724060.4,698274.2,57768225.0,61386449.0,-5.29,257,-9.98,262,23.46,90,-18.76,350,-1.76,-0.43,2026-11-04,False,https://www.tradingview.com/chart/?symbol=NASDAQ:TMDX&interval=D,False,False,False,False
WRBY,Warby Parker Inc.,NYSE,Specialty Stores,24.66,24.96,25.41,6.22,6.53,3936275.9,2827348.9,69722424.0,70562146.0,7.87,47,-2.3,174,-19.01,303,15.29,218,-2.01,-0.45,2026-11-05,False,https://www.tradingview.com/chart/?symbol=NYSE:WRBY&interval=D,False,False,False,False
RGTI,"Rigetti Computing, Inc.",NASDAQ,Computer Processing Hardware,15.95,16.04,16.09,5.41,6.15,17228527.6,16743356.866666667,267056542.0,268496471.0,-1.6,167,-1.85,168,-16.16,278,11.54,231,-2.16,-0.14,2026-11-16,False,https://www.tradingview.com/chart/?symbol=NASDAQ:RGTI&interval=D,False,False,False,False
BTDR,Bitdeer Technologies Group,NASDAQ,Data Processing Services,11.03,11.34,11.03,7.01,8.31,10226219.1,12208709.733333332,134662068.0,138410142.0,-18.14,453,-1.08,160,-29.79,379,23.93,187,-2.31,-0.0,2026-11-16,False,https://www.tradingview.com/chart/?symbol=NASDAQ:BTDR&interval=D,False,False,False,False
SPHR,Sphere Entertainment Co.,NYSE,Media Conglomerates,138.72,146.85,148.61,4.03,4.42,524548.1,585834.2,81266920.0,86028385.0,-5.54,266,-5.28,201,-18.4,298,16.59,216,-2.36,-1.5,2026-11-10,False,https://www.tradingview.com/chart/?symbol=NYSE:SPHR&interval=D,False,False,False,False
PBLS,"Parabilis Medicines, Inc.",NASDAQ,Pharmaceuticals: Major,32.57,37.99,36.23,9.89,9.3,1837661.1,898707.0333333333,29270888.0,34140682.0,-21.67,461,-16.4,343,11.58,121,-2.34,271,-2.39,-1.09,2026-12-02,False,https://www.tradingview.com/chart/?symbol=NASDAQ:PBLS&interval=D,False,False,False,False
RKLB,Rocket Lab Corporation,NASDAQ,Aerospace & Defense,72.19,68.05,69.58,4.95,5.32,21896451.6,18292842.633333333,1320560310.0,1244821844.0,10.58,32,8.17,81,-25.73,355,10.21,236,-2.45,0.71,2026-11-16,False,https://www.tradingview.com/chart/?symbol=NASDAQ:RKLB&interval=D,False,False,False,False
NVTS,Navitas Semiconductor Corporation,NASDAQ,Semiconductors,11.73,11.93,12.05,4.87,6.48,12679869.2,12082607.0,141728980.0,144129391.0,-2.17,182,-5.71,203,-32.97,402,30.33,170,-2.78,-0.41,2026-11-09,False,https://www.tradingview.com/chart/?symbol=NASDAQ:NVTS&interval=D,False,False,False,False
COCO,"The Vita Coco Company, Inc.",NASDAQ,Food: Specialty/Candy,57.66,58.67,62.0,4.32,4.42,1583546.6,1278224.1,73702402.0,74999160.0,2.02,102,-6.85,217,-20.08,310,18.47,211,-2.82,-1.58,2026-11-04,False,https://www.tradingview.com/chart/?symbol=NASDAQ:COCO&interval=D,False,False,False,False
PATH,"UiPath, Inc.",NYSE,Packaged Software,12.19,15.21,14.46,5.55,6.69,50849669.6,60636862.666666664,739163356.0,922367530.0,-10.04,370,-32.74,452,15.87,109,8.07,242,-2.93,-2.35,2026-12-09,False,https://www.tradingview.com/chart/?symbol=NYSE:PATH&interval=D,False,False,False,False
TTMI,"TTM Technologies, Inc.",NASDAQ,Electronic Components,124.19,120.53,124.37,5.31,6.4,1859574.1,2115005.433333333,262662525.0,254913145.0,1.75,110,1.12,140,-34.05,407,23.78,189,-3.05,-0.02,2026-11-04,False,https://www.tradingview.com/chart/?symbol=NASDAQ:TTMI&interval=D,False,False,False,False
GWRE,"Guidewire Software, Inc.",NYSE,Information Technology Services,145.18,168.31,164.3,4.09,5.59,1219092.6,1465901.3333333333,212819556.0,246727808.0,-0.51,145,-27.32,433,21.74,93,-3.68,275,-3.09,-2.08,2026-12-03,False,https://www.tradingview.com/chart/?symbol=NYSE:GWRE&interval=D,False,False,False,False
POET,POET Technologies Inc.,NASDAQ,Electrical Products,7.41,7.87,7.89,4.76,6.39,7661310.4,8176188.533333301,60585557.0,64335702.0,-8.86,354,-8.41,239,-24.7,344,23.71,190,-3.13,-0.95,2026-11-12,False,https://www.tradingview.com/chart/?symbol=NASDAQ:POET&interval=D,False,False,False,False
SPCX,Space Exploration Technologies Corp,NASDAQ,Specialty Telecommunications,145.47,145.57,136.35,4.15,4.53,101412467.1,86157631.23333333,12533350616.0,12541736625.0,-6.01,276,4.04,109,-10.96,241,-3.02,273,-3.31,1.47,2026-11-05,False,https://www.tradingview.com/chart/?symbol=NASDAQ:SPCX&interval=D,False,False,False,False
BSP,Bending Spoons S.p.A.,NASDAQ,Packaged Software,33.56,39.35,39.17,7.18,8.07,2913080.6,1842262.0,61826313.0,72494852.0,-13.17,425,-27.45,435,8.26,138,8.26,241,-3.64,-1.78,2026-12-02,False,https://www.tradingview.com/chart/?symbol=NASDAQ:BSP&interval=D,False,False,False,False
CF,"CF Industries Holdings, Inc.",NYSE,Chemicals: Agricultural,115.51,127.85,125.22,4.11,4.25,2711811.600000006,2680965.4666666826,309678321.0,342771265.0,-8.75,352,-8.84,245,7.02,142,-9.37,301,-3.73,-1.82,2026-11-04,False,https://www.tradingview.com/chart/?symbol=NYSE:CF&interval=D,False,False,False,False
CDW,CDW Corporation,NASDAQ,Information Technology Services,130.33,144.24,142.27,4.11,4.7,1563540.4,1655359.2,215742965.0,238762390.0,-11.48,397,-13.11,295,-5.77,207,7.36,244,-3.84,-1.79,2026-11-04,False,https://www.tradingview.com/chart/?symbol=NASDAQ:CDW&interval=D,False,False,False,False
VG,"Venture Global, Inc.",NYSE,Oil & Gas Pipelines,12.89,14.29,14.0,5.07,5.39,15228419.6,14413102.0,185784885.0,205910380.0,-6.59,294,-11.41,276,14.07,114,-14.86,326,-4.07,-1.47,2026-11-16,False,https://www.tradingview.com/chart/?symbol=NYSE:VG&interval=D,False,False,False,False
UCTT,"Ultra Clean Holdings, Inc.",NASDAQ,Industrial Machinery,78.07,72.91,78.81,4.28,5.94,751709.0,834117.3666666667,65119543.0,60815775.0,7.19,53,5.71,100,-40.36,437,22.44,196,-4.07,-0.16,2026-10-28,False,https://www.tradingview.com/chart/?symbol=NASDAQ:UCTT&interval=D,False,False,False,False
AKAM,"Akamai Technologies, Inc.",NASDAQ,Data Processing Services,108.99,109.55,113.05,5.87,6.03,7355544.5,4504636.266666667,490960307.0,493473894.0,2.78,91,-1.73,167,-4.85,204,-6.04,282,-4.2,-0.6,2026-11-10,False,https://www.tradingview.com/chart/?symbol=NASDAQ:AKAM&interval=D,False,False,False,False
COHR,Coherent Corp.,NYSE,Semiconductors,282.45,292.28,296.86,5.83,7.23,6596460.0,6351742.566666666,1794049688.0,1856459793.0,-13.49,426,-2.42,176,-27.28,361,15.69,217,-4.67,-0.67,2026-11-11,False,https://www.tradingview.com/chart/?symbol=NYSE:COHR&interval=D,False,False,False,False
PCOR,"Procore Technologies, Inc.",NYSE,Packaged Software,49.06,56.74,54.98,4.27,4.74,2656542.6,2736320.3666666667,134243877.0,155259730.0,-5.27,256,-22.74,410,21.95,92,-14.1,321,-4.96,-2.27,2026-11-04,False,https://www.tradingview.com/chart/?symbol=NYSE:PCOR&interval=D,False,False,False,False
ATRO,Astronics Corporation,NASDAQ,Aerospace & Defense,67.65,73.78,74.1,4.5,4.86,777765.2999999997,630864.5666666664,42677988.0,46544241.0,1.36,116,-13.27,297,-21.35,319,19.21,206,-5.14,-1.79,2026-11-11,False,https://www.tradingview.com/chart/?symbol=NASDAQ:ATRO&interval=D,False,False,False,False
SHLS,"Shoals Technologies Group, Inc.",NASDAQ,Semiconductors,7.42,7.32,7.99,5.94,6.37,4116101.5,4588139.0,34043991.0,33569119.0,-3.76,222,-1.07,159,-23.58,339,9.12,240,-5.18,-1.13,2026-11-10,False,https://www.tradingview.com/chart/?symbol=NASDAQ:SHLS&interval=D,False,False,False,False
AGIO,"Agios Pharmaceuticals, Inc.",NASDAQ,Pharmaceuticals: Major,33.42,33.64,33.82,4.14,4.23,1152726.7,942376.6333333333,31494227.0,31705948.0,-0.83,150,-1.53,166,-12.76,256,-1.39,267,-5.23,-0.28,2026-10-29,False,https://www.tradingview.com/chart/?symbol=NASDAQ:AGIO&interval=D,False,False,False,False
CDE,"Coeur Mining, Inc.",NYSE,Precious Metals,17.87,20.33,18.71,4.64,5.73,40691371.0,35829447.86666667,640272233.0,728317130.0,-9.88,367,-20.04,380,9.3,131,-6.39,286,-5.71,-0.79,2026-11-11,False,https://www.tradingview.com/chart/?symbol=NYSE:CDE&interval=D,False,False,False,False
MOS,Mosaic Company (The),NYSE,Chemicals: Agricultural,22.25,24.29,23.61,4.53,4.81,8543355.4,8393528.5,186756009.0,203903988.0,-9.99,369,-7.1,220,2.49,167,-12.75,312,-5.79,-1.2,2026-11-10,False,https://www.tradingview.com/chart/?symbol=NYSE:MOS&interval=D,False,False,False,False
PRM,"Perimeter Solutions, SA",NYSE,Chemicals: Major Diversified,27.88,30.93,32.25,4.39,4.91,1286211.6,1131351.3333333333,31542075.0,34989680.0,-14.16,436,-13.39,301,-16.1,277,11.83,230,-5.89,-2.76,2026-10-30,False,https://www.tradingview.com/chart/?symbol=NYSE:PRM&interval=D,False,False,False,False
COMP,"Compass, Inc.",NYSE,Real Estate Development,9.1,10.74,11.25,5.38,5.74,18387136.0,13257363.666666666,120642009.0,142437115.0,-11.05,393,-18.39,359,-23.21,333,23.81,188,-5.93,-3.34,2026-11-11,False,https://www.tradingview.com/chart/?symbol=NYSE:COMP&interval=D,False,False,False,False
VKTX,"Viking Therapeutics, Inc.",NASDAQ,Pharmaceuticals: Major,33.03,33.52,33.79,7.06,8.58,12348094.4,5305018.9,175224774.0,177827770.0,11.7,31,-2.13,172,-16.46,280,0.7,259,-5.97,-0.26,2026-10-28,False,https://www.tradingview.com/chart/?symbol=NASDAQ:VKTX&interval=D,False,False,False,False
VAL,Valaris Limited,NYSE,Contract Drilling,79.62,85.22,82.9,4.1,4.08,1363929.8,1173471.4666666666,93431798.0,100004021.0,-4.6,243,-7.41,227,6.64,144,-17.36,343,-6.04,-0.97,2026-11-03,False,https://www.tradingview.com/chart/?symbol=NYSE:VAL&interval=D,False,False,False,False
RDDT,"Reddit, Inc.",NYSE,Internet Software/Services,143.08,154.03,158.75,4.7,5.33,5243005.9,5978640.2,855423840.0,920862050.0,-6.28,288,-6.02,210,-17.1,286,4.92,249,-6.07,-1.85,2026-11-04,False,https://www.tradingview.com/chart/?symbol=NYSE:RDDT&interval=D,False,False,False,False
BRUN,Boost Run Inc.,NASDAQ,Packaged Software,16.24,17.52,18.78,7.57,9.49,2418778.2,2247050.4,36492098.0,39369447.0,-7.73,324,-19.6,377,-51.58,448,52.06,122,-6.37,-1.42,2026-12-02,False,https://www.tradingview.com/chart/?symbol=NASDAQ:BRUN&interval=D,False,False,False,False
INSM,Insmed Incorporated,NASDAQ,Pharmaceuticals: Major,117.67,123.76,119.42,4.4,4.19,2262572.8,1958523.3666666667,230459445.0,242385546.0,-4.38,231,-2.03,171,11.18,124,-28.46,397,-6.44,-0.35,2026-10-22,False,https://www.tradingview.com/chart/?symbol=NASDAQ:INSM&interval=D,False,False,False,False
SRPT,"Sarepta Therapeutics, Inc.",NASDAQ,Pharmaceuticals: Major,18.8,20.19,18.71,6.69,6.8,2868175.3,3033098.1333333333,57022245.0,61251395.0,-7.34,312,-12.52,289,7.43,139,-14.23,322,-6.44,0.07,2026-11-04,False,https://www.tradingview.com/chart/?symbol=NASDAQ:SRPT&interval=D,False,False,False,False
STEP,StepStone Group Inc.,NASDAQ,Investment Managers,43.11,48.68,47.55,4.66,4.87,1152404.4,1021775.6,44048746.0,49744804.0,-8.68,350,-14.41,311,6.76,143,-11.75,307,-6.47,-1.92,2026-11-05,False,https://www.tradingview.com/chart/?symbol=NASDAQ:STEP&interval=D,False,False,False,False
PEGA,Pegasystems Inc.,NASDAQ,Information Technology Services,33.23,35.29,33.45,4.08,4.46,2201166.3,2144675.4,71267564.0,75677374.0,-6.87,299,-7.28,224,10.84,127,-23.03,370,-6.49,-0.14,2026-10-28,False,https://www.tradingview.com/chart/?symbol=NASDAQ:PEGA&interval=D,False,False,False,False
QBTS,D-Wave Quantum Inc.,NASDAQ,Computer Processing Hardware,16.78,17.64,18.21,5.68,6.48,17046237.6,16034330.933333334,269056073.0,282883011.0,-4.52,239,-4.44,192,-28.14,367,13.03,226,-6.51,-1.21,2026-11-05,False,https://www.tradingview.com/chart/?symbol=NASDAQ:QBTS&interval=D,False,False,False,False
STRL,"Sterling Infrastructure, Inc.",NASDAQ,Engineering & Construction,498.36,500.53,536.29,4.35,5.48,552520.0,551794.6333333333,274992373.0,276188296.0,-6.15,282,-0.43,153,-38.47,425,19.01,208,-6.63,-1.29,2026-11-09,False,https://www.tradingview.com/chart/?symbol=NASDAQ:STRL&interval=D,False,False,False,False
EXK,Endeavour Silver Corporation,NYSE,Precious Metals,8.96,10.38,9.71,5.48,6.71,7897543.4,8978636.966666667,80448587.0,93231173.0,-13.01,422,-21.82,403,8.61,136,-7.15,290,-6.79,-1.16,2026-11-10,False,https://www.tradingview.com/chart/?symbol=NYSE:EXK&interval=D,False,False,False,False
PTRN,Pattern Group Inc. - Series A,NASDAQ,Advertising/Marketing Services,16.77,20.03,21.36,5.73,6.37,2161002.7,1629287.5333333334,27323152.0,32636802.0,-15.17,443,-23.14,416,-31.55,392,33.73,160,-6.99,-3.38,2026-11-11,False,https://www.tradingview.com/chart/?symbol=NASDAQ:PTRN&interval=D,False,False,False,False
ASND,Ascendis Pharma A/S,NASDAQ,Pharmaceuticals: Major,230.05,250.57,250.71,4.35,4.16,1180251.8,734058.6333333333,168870189.0,183933928.0,-3.61,221,-7.28,223,-13.19,258,-0.63,263,-7.03,-1.98,2026-11-11,False,https://www.tradingview.com/chart/?symbol=NASDAQ:ASND&interval=D,False,False,False,False
SYM,Symbotic Inc.,NASDAQ,Industrial Machinery,42.0,41.93,42.04,4.01,4.36,1882444.7,1674479.5666666667,70328142.0,70207858.0,-0.99,152,2.09,127,-0.47,186,-23.27,372,-7.22,-0.02,2026-11-23,False,https://www.tradingview.com/chart/?symbol=NASDAQ:SYM&interval=D,False,False,False,False
AAON,"AAON, Inc.",NASDAQ,Industrial Machinery,85.34,78.96,85.09,4.52,5.16,1358690.8999999997,1181983.1666666672,100870443.0,93333922.0,10.4,33,9.14,75,-32.56,398,1.33,256,-7.36,0.06,2026-11-09,False,https://www.tradingview.com/chart/?symbol=NASDAQ:AAON&interval=D,False,False,False,False
GNRC,Generac Holdings Inc.,NYSE,Electrical Products,205.21,195.88,200.98,4.21,5.09,2062953.2,1315062.6,269863996.0,257595339.0,-2.28,186,3.3,115,-28.5,372,2.7,255,-7.5,0.41,2026-11-04,False,https://www.tradingview.com/chart/?symbol=NYSE:GNRC&interval=D,False,False,False,False
EQPT,EquipmentShare.com Inc,NASDAQ,Internet Software/Services,18.21,18.29,18.71,6.0,6.39,4542122.7,3018104.3,54959679.0,55207164.0,1.17,119,-0.92,157,-10.65,238,-11.13,305,-7.57,-0.42,2026-12-02,False,https://www.tradingview.com/chart/?symbol=NASDAQ:EQPT&interval=D,False,False,False,False
HL,Hecla Mining Company,NYSE,Precious Metals,17.01,19.59,18.1,4.7,5.9,45873429.1,36724368.63333333,624681510.0,719295726.0,-10.38,378,-21.25,394,9.53,129,-11.27,306,-7.66,-1.02,2026-11-11,False,https://www.tradingview.com/chart/?symbol=NYSE:HL&interval=D,False,False,False,False
RIG,Transocean Ltd (Switzerland),NYSE,Contract Drilling,5.28,5.72,5.56,4.26,4.24,47994175.9,41939183.0,221438886.0,239864167.0,-6.05,279,-7.93,232,4.35,156,-19.51,353,-7.7,-1.19,2026-11-04,False,https://www.tradingview.com/chart/?symbol=NYSE:RIG&interval=D,False,False,False,False
FLY,Firefly Aerospace Inc.,NASDAQ,Aerospace & Defense,24.11,22.48,22.49,6.38,6.71,3675071.4,2749593.2333333334,66292693.0,61821854.0,11.83,29,9.72,71,-16.08,276,-17.2,341,-7.86,1.07,2026-11-18,False,https://www.tradingview.com/chart/?symbol=NASDAQ:FLY&interval=D,False,False,False,False
BRZE,"Braze, Inc.",NASDAQ,Internet Software/Services,23.17,28.42,27.36,5.48,6.57,1875116.5,2865070.5,66383683.0,81427214.0,-6.19,284,-31.97,450,11.45,123,-3.18,274,-7.9,-2.33,2026-12-15,False,https://www.tradingview.com/chart/?symbol=NASDAQ:BRZE&interval=D,False,False,False,False
HLNE,Hamilton Lane Incorporated,NASDAQ,Investment Managers,84.96,97.77,96.16,4.29,4.27,715410.9,584369.6666666666,49648047.0,57132848.0,-4.45,236,-20.72,388,12.77,116,-15.8,331,-7.92,-2.73,2026-11-10,False,https://www.tradingview.com/chart/?symbol=NASDAQ:HLNE&interval=D,False,False,False,False
CCXI,Churchill Capital Corp. XI Class A,NASDAQ,Financial Conglomerates,12.05,13.46,14.14,5.22,6.37,2229538.7,2236074.9,26944703.0,30107258.0,-7.52,322,-16.14,341,-26.52,358,18.72,210,-7.98,-2.33,,False,https://www.tradingview.com/chart/?symbol=NASDAQ:CCXI&interval=D,False,False,False,False
NXST,"Nexstar Media Group, Inc.",NASDAQ,Broadcasting,161.78,174.13,179.95,4.15,4.02,448271.1,373666.76666666666,60451810.0,65065224.0,2.61,95,-9.96,260,-5.03,205,-10.63,302,-8.54,-2.51,2026-11-05,False,https://www.tradingview.com/chart/?symbol=NASDAQ:NXST&interval=D,False,False,False,False
RIVN,"Rivian Automotive, Inc.",NASDAQ,Motor Vehicles,14.79,15.74,15.92,4.29,4.55,24280526.8,22336484.833333332,330356611.0,351501816.0,-2.83,198,-10.42,266,-10.93,240,-4.8,279,-8.71,-1.56,2026-11-10,False,https://www.tradingview.com/chart/?symbol=NASDAQ:RIVN&interval=D,False,False,False,False
GLOB,Globant S.A.,NYSE,Information Technology Services,33.79,37.95,37.15,4.59,5.37,924442.1,1148581.8333333333,38810580.0,43594041.0,-6.81,297,-16.07,339,15.96,108,-26.11,383,-8.74,-1.68,2026-11-12,False,https://www.tradingview.com/chart/?symbol=NYSE:GLOB&interval=D,False,False,False,False
HUBS,"HubSpot, Inc.",NYSE,Packaged Software,202.84,234.97,230.89,6.5,7.24,2289063.6,1605843.1,325729214.0,377330841.0,-7.38,313,-20.63,387,11.45,122,-17.14,339,-8.77,-1.68,2026-11-11,False,https://www.tradingview.com/chart/?symbol=NYSE:HUBS&interval=D,False,False,False,False
CVNA,Carvana Co.,NYSE,Specialty Stores,60.47,69.76,68.74,4.85,5.37,8410954.8,7887898.233333333,476981206.0,550283444.0,-8.23,336,-18.8,365,-3.86,196,-4.52,277,-9.06,-2.24,2026-10-29,False,https://www.tradingview.com/chart/?symbol=NYSE:CVNA&interval=D,False,False,False,False
CPRI,Capri Holdings Limited,NYSE,Apparel/Footwear Retail,14.79,13.96,14.69,4.85,4.85,7063130.6,5401995.733333333,79895517.0,75438870.0,-0.07,136,11.12,65,-22.93,331,-16.44,335,-9.42,0.14,2026-11-05,False,https://www.tradingview.com/chart/?symbol=NYSE:CPRI&interval=D,False,False,False,False
FIGR,"Figure Technology Solutions, Inc.",NASDAQ,Finance/Rental/Leasing,29.33,35.67,32.84,8.22,8.6,5197025.0,4794431.2,140620667.0,171026950.0,-21.59,460,-21.77,402,7.12,141,-13.74,318,-9.46,-1.24,2026-11-12,False,https://www.tradingview.com/chart/?symbol=NASDAQ:FIGR&interval=D,False,False,False,False
CE,Celanese Corporation,NYSE,Chemicals: Specialty,45.92,45.76,45.4,4.04,4.24,2279059.5,1740737.8,79934680.0,79663705.0,0.48,127,1.44,133,-1.06,188,-29.51,401,-9.71,0.27,2026-11-09,False,https://www.tradingview.com/chart/?symbol=NYSE:CE&interval=D,False,False,False,False
KD,"Kyndryl Holdings, Inc.",NYSE,Data Processing Services,11.23,12.69,12.9,4.96,5.18,3980030.1,3688335.3,41420005.0,46790222.0,-8.33,339,-15.25,323,1.17,173,-15.37,328,-9.82,-2.5,2026-11-10,False,https://www.tradingview.com/chart/?symbol=NYSE:KD&interval=D,False,False,False,False
GLW,Corning Incorporated,NYSE,Electronic Components,151.59,153.39,152.72,4.09,5.32,7930596.9,8766979.533333333,1328986427.0,1344761146.0,-3.06,205,0.4,146,-39.96,436,9.85,237,-9.91,-0.14,2026-11-03,False,https://www.tradingview.com/chart/?symbol=NYSE:GLW&interval=D,False,False,False,False
AIR,AAR Corp.,NYSE,Aerospace & Defense,115.09,126.84,132.3,4.3,4.52,541882.1,435006.73333333334,50064925.0,55176979.0,0.72,123,-15.36,326,-17.75,295,3.33,254,-9.93,-2.88,2027-01-06,False,https://www.tradingview.com/chart/?symbol=NYSE:AIR&interval=D,False,False,False,False
AG,First Majestic Silver Corp.,NYSE,Precious Metals,17.95,20.06,18.86,4.57,5.81,9276528.3,9585882.466666667,172066590.0,192321560.0,-10.07,372,-18.96,368,6.53,145,-17.58,347,-10.01,-0.83,2026-11-11,False,https://www.tradingview.com/chart/?symbol=NYSE:AG&interval=D,False,False,False,False
BTU,Peabody Energy Corporation,NYSE,Coal,25.15,27.42,25.73,4.51,4.86,2994955.7,2437825.533333333,61311312.0,66842738.0,-1.76,170,-15.38,329,8.83,135,-24.02,376,-10.19,-0.46,2026-10-29,False,https://www.tradingview.com/chart/?symbol=NYSE:BTU&interval=D,False,False,False,False
CORZ,"Core Scientific, Inc.",NASDAQ,Packaged Software,16.52,17.67,19.17,5.79,6.69,11529208.5,11235173.5,185605066.0,198521771.0,-7.81,328,-4.89,199,-35.52,411,9.4,239,-10.34,-2.07,2026-11-11,False,https://www.tradingview.com/chart/?symbol=NASDAQ:CORZ&interval=D,False,False,False,False
RH,RH,NYSE,Specialty Stores,122.08,140.95,156.46,5.46,5.81,809630.6,818368.0333333333,99906370.0,115351975.0,-4.58,241,-16.53,345,-24.92,345,10.41,234,-10.35,-3.78,2026-12-03,False,https://www.tradingview.com/chart/?symbol=NYSE:RH&interval=D,False,False,False,False
FIG,FIGMA INC,NYSE,Packaged Software,20.25,24.61,24.41,5.5,6.73,13169214.3,14240240.5,288364870.0,350499786.0,-11.38,395,-32.9,453,7.37,140,-5.77,281,-10.43,-2.53,2026-11-11,False,https://www.tradingview.com/chart/?symbol=NYSE:FIG&interval=D,False,False,False,False
MRCY,Mercury Systems Inc,NASDAQ,Aerospace & Defense,80.12,87.36,94.06,4.04,4.7,711409.2,833638.3333333334,66791103.0,72828451.0,-7.4,315,-11.59,281,-28.19,369,6.91,247,-10.95,-3.16,2026-11-10,False,https://www.tradingview.com/chart/?symbol=NASDAQ:MRCY&interval=D,False,False,False,False
DKNG,DraftKings Inc.,NASDAQ,Movies/Entertainment,21.16,23.85,23.89,5.39,5.51,16010258.4,11451175.266666668,242306869.0,273110530.0,-2.71,196,-12.85,293,-17.41,293,-2.71,272,-10.99,-2.08,2026-10-30,False,https://www.tradingview.com/chart/?symbol=NASDAQ:DKNG&interval=D,False,False,False,False
PINS,"Pinterest, Inc.",NYSE,Internet Software/Services,18.41,20.69,21.84,4.27,4.3,16553729.8,13195135.1,242922437.0,272954565.0,-1.81,174,-19.89,378,-14.59,266,0.66,260,-11.27,-3.65,2026-11-04,False,https://www.tradingview.com/chart/?symbol=NYSE:PINS&interval=D,False,False,False,False
ORCL,Oracle Corporation,NYSE,Packaged Software,132.6,147.17,142.37,4.57,5.27,32570359.6,29349797.066666666,3891783091.0,4319409634.0,-10.96,391,-13.67,305,-9.95,230,-11.06,304,-11.56,-1.3,2026-12-14,False,https://www.tradingview.com/chart/?symbol=NYSE:ORCL&interval=D,False,False,False,False
TNDM,"Tandem Diabetes Care, Inc.",NASDAQ,Medical Specialties,16.42,19.48,19.6,6.93,7.13,2668916.9,1886539.3666666667,30976976.0,36756390.0,-3.47,217,-23.27,417,2.85,163,-14.57,325,-11.66,-2.27,2026-11-04,False,https://www.tradingview.com/chart/?symbol=NASDAQ:TNDM&interval=D,False,False,False,False
AESI,Atlas Energy Solutions Inc.,NYSE,Oilfield Services/Equipment,12.3,12.93,12.47,6.11,7.09,4135271.7,3427915.933333333,42163366.0,44312669.0,-9.16,358,-4.87,198,-26.41,357,-4.06,276,-11.78,-0.2,2026-11-02,False,https://www.tradingview.com/chart/?symbol=NYSE:AESI&interval=D,False,False,False,False
VRT,"Vertiv Holdings, LLC",NYSE,Electronic Production Equipment,244.04,257.7,265.04,4.46,5.17,4855236.6,5063143.966666667,1235609654.0,1304790765.0,-4.17,227,-9.3,253,-21.28,318,-5.04,280,-11.87,-1.53,2026-10-28,False,https://www.tradingview.com/chart/?symbol=NYSE:VRT&interval=D,False,False,False,False
ONDS,Ondas Inc,NASDAQ,Telecommunications Equipment,7.68,7.81,8.02,4.68,5.66,69206030.6,64104524.0,492322744.0,500474703.0,2.33,97,-10.28,265,-9.33,225,-17.42,344,-12.34,-0.75,2026-11-16,False,https://www.tradingview.com/chart/?symbol=NASDAQ:ONDS&interval=D,False,False,False,False
GEN,Gen Digital Inc.,NASDAQ,Packaged Software,20.85,28.78,28.32,5.9,6.03,14504760.0,8581683.2,178928095.0,246992285.0,-29.39,468,-31.64,449,-16.0,275,10.32,235,-12.44,-4.38,2026-11-10,False,https://www.tradingview.com/chart/?symbol=NASDAQ:GEN&interval=D,False,False,False,False
CRML,Critical Metals Corp.,NASDAQ,Precious Metals,7.65,7.18,6.83,7.32,9.17,14910106.5,10126896.433333334,77470758.0,72731370.0,-12.02,407,-4.26,191,-26.16,356,-7.16,291,-12.52,1.31,2027-03-03,False,https://www.tradingview.com/chart/?symbol=NASDAQ:CRML&interval=D,False,False,False,False
KVYO,"Klaviyo, Inc. Series A",NYSE,Packaged Software,15.4,17.55,17.67,5.69,6.51,7175379.0,6163613.7,94919651.0,108185802.0,-0.84,151,-21.21,393,4.98,149,-22.03,369,-12.75,-1.98,2026-11-11,False,https://www.tradingview.com/chart/?symbol=NYSE:KVYO&interval=D,False,False,False,False
DPC,DPC Holdings PLC,NYSE,Electrical Products,40.54,42.86,45.44,5.93,6.67,1078455.4,1138460.7666666666,46153199.0,48795187.0,-1.15,154,-11.12,272,-19.61,309,-7.86,295,-12.86,-1.62,2026-12-02,False,https://www.tradingview.com/chart/?symbol=NYSE:DPC&interval=D,False,False,False,False
GPK,Graphic Packaging Holding Company,NYSE,Containers/Packaging,9.25,10.37,10.79,4.01,4.37,7343320.6,5812233.7,53763162.0,60265114.0,-1.18,156,-19.0,369,-12.98,257,-6.75,287,-12.91,-3.27,2026-11-03,False,https://www.tradingview.com/chart/?symbol=NYSE:GPK&interval=D,False,False,False,False
AAOI,"Applied Optoelectronics, Inc.",NASDAQ,Semiconductors,96.82,109.06,111.59,6.23,8.49,7093909.7,7744906.933333334,749861889.0,844636315.0,-10.52,381,-12.35,286,-33.91,406,7.4,243,-12.95,-1.56,2026-11-05,False,https://www.tradingview.com/chart/?symbol=NASDAQ:AAOI&interval=D,False,False,False,False
NN,NextNav Inc.,NASDAQ,Packaged Software,14.24,15.67,15.3,6.13,6.68,2394937.2,2295871.2666666666,32693207.0,35976303.0,-1.79,171,-8.13,235,-19.46,307,-12.91,315,-13.5,-1.04,2026-11-05,False,https://www.tradingview.com/chart/?symbol=NASDAQ:NN&interval=D,False,False,False,False
CBRS,Cerebras Systems Inc.,NASDAQ,Packaged Software,196.74,197.21,203.19,4.68,6.77,5556676.4,6715538.2,1321214985.0,1324365692.0,-1.63,168,7.02,88,-3.8,195,-43.79,440,-13.52,-0.47,2026-12-02,False,https://www.tradingview.com/chart/?symbol=NASDAQ:CBRS&interval=D,False,False,False,False
POWI,"Power Integrations, Inc.",NASDAQ,Semiconductors,51.84,52.05,56.78,4.02,4.86,781453.9,791516.1333333333,41032196.0,41197096.0,0.88,122,-5.75,205,-34.87,410,-0.48,262,-13.7,-1.79,2026-11-11,False,https://www.tradingview.com/chart/?symbol=NASDAQ:POWI&interval=D,False,False,False,False
RBLX,Roblox Corporation,NYSE,Packaged Software,41.86,43.42,43.08,5.48,6.22,12327382.4,11034726.1,461913635.0,479142520.0,-17.76,451,8.73,78,-23.22,334,-26.65,386,-13.71,-0.46,2026-11-11,False,https://www.tradingview.com/chart/?symbol=NYSE:RBLX&interval=D,False,False,False,False
AEIS,"Advanced Energy Industries, Inc.",NASDAQ,Electronic Production Equipment,277.84,278.54,290.28,4.14,5.09,593390.4,533641.0666666667,148266834.0,148641984.0,3.87,77,-2.79,181,-22.83,329,-15.75,330,-13.79,-0.84,2026-11-03,False,https://www.tradingview.com/chart/?symbol=NASDAQ:AEIS&interval=D,False,False,False,False
AVAV,"AeroVironment, Inc.",NASDAQ,Aerospace & Defense,147.23,154.16,158.78,6.32,6.07,1513000.1,1919720.0,282640376.0,295947555.0,-8.71,351,-3.24,183,-16.58,282,-21.95,367,-13.93,-1.2,2026-12-08,False,https://www.tradingview.com/chart/?symbol=NASDAQ:AVAV&interval=D,False,False,False,False
WULF,TeraWulf Inc.,NASDAQ,Data Processing Services,15.12,16.09,16.79,6.24,7.4,28274139.7,29273798.666666668,442619836.0,471054452.0,-13.15,424,-6.41,213,-39.08,430,3.49,252,-14.0,-1.34,2026-11-16,False,https://www.tradingview.com/chart/?symbol=NASDAQ:WULF&interval=D,False,False,False,False
PENN,"PENN Entertainment, Inc.",NASDAQ,Casinos/Gaming,15.24,17.19,18.38,4.03,4.07,3138502.5,2752019.533333333,41940778.0,47313178.0,-7.13,305,-12.46,288,-30.22,383,0.59,261,-14.03,-4.21,2026-10-29,False,https://www.tradingview.com/chart/?symbol=NASDAQ:PENN&interval=D,False,False,False,False
OLED,Universal Display Corporation,NASDAQ,Electronic Production Equipment,75.47,81.51,82.81,4.11,4.02,803396.8,768641.5,58009374.0,62652737.0,-4.42,234,-11.23,274,-12.76,255,-18.23,348,-14.08,-2.21,2026-10-29,False,https://www.tradingview.com/chart/?symbol=NASDAQ:OLED&interval=D,False,False,False,False
APLD,Applied Digital Corporation,NASDAQ,Data Processing Services,24.53,26.75,27.59,5.9,7.09,16766774.7,15521339.80000001,380738465.0,415144102.0,-14.1,435,-8.47,240,-34.78,409,0.95,258,-14.1,-1.56,2026-10-14,False,https://www.tradingview.com/chart/?symbol=NASDAQ:APLD&interval=D,False,False,False,False
MP,MP Materials Corp.,NYSE,Other Metals/Minerals,46.45,53.4,50.95,4.45,5.71,5117653.8,5209291.1,241971572.0,278176145.0,-4.39,232,-21.26,396,-15.7,271,-6.09,283,-14.35,-1.55,2026-10-29,False,https://www.tradingview.com/chart/?symbol=NYSE:MP&interval=D,False,False,False,False
LAZ,"Lazard, Inc.",NYSE,Investment Banks/Brokers,35.79,41.01,41.91,5.39,4.86,2591478.3,1630453.8666666667,58353944.0,66864370.0,-2.53,192,-16.96,348,-11.41,244,-16.01,333,-14.79,-3.01,2026-10-22,False,https://www.tradingview.com/chart/?symbol=NYSE:LAZ&interval=D,False,False,False,False
MIAX,"Miami International Holdings, Inc.",NYSE,Investment Banks/Brokers,33.91,40.65,42.07,4.42,4.78,1972258.4,1509203.0,51177074.0,61344574.0,-14.65,438,-23.02,414,-7.58,214,-13.93,320,-14.84,-4.06,2026-11-11,False,https://www.tradingview.com/chart/?symbol=NYSE:MIAX&interval=D,False,False,False,False
JBLU,JetBlue Airways Corporation,NASDAQ,Airlines,4.22,4.61,5.08,4.1,4.84,17990875.8,20114492.433333334,84883158.0,92788154.0,-6.01,277,-13.35,300,-25.18,348,-6.22,285,-14.92,-3.48,2026-11-03,False,https://www.tradingview.com/chart/?symbol=NASDAQ:JBLU&interval=D,False,False,False,False
NKTR,Nektar Therapeutics,NASDAQ,Pharmaceuticals: Major,60.4,69.88,70.72,6.03,6.03,1905490.2999999996,1048286.5666666667,63316509.0,73251470.0,-11.86,404,-18.39,360,-9.55,226,-17.35,342,-15.1,-2.42,2026-11-05,False,https://www.tradingview.com/chart/?symbol=NASDAQ:NKTR&interval=D,False,False,False,False
MIR,"Mirion Technologies, Inc.",NYSE,Aerospace & Defense,14.35,15.64,15.68,4.58,4.87,4001313.8,3659134.3,52508577.0,57213004.0,-10.31,374,-3.43,184,-18.09,297,-24.27,377,-15.27,-1.75,2026-11-03,False,https://www.tradingview.com/chart/?symbol=NYSE:MIR&interval=D,False,False,False,False
NG,Novagold Resources Inc.,AMEX,Precious Metals,6.65,7.97,7.4,5.63,6.83,6418023.8,5704711.1,37936329.0,45464646.0,-9.4,362,-27.72,437,11.02,126,-29.33,400,-15.34,-1.48,2026-10-08,False,https://www.tradingview.com/chart/?symbol=AMEX:NG&interval=D,False,False,False,False
BTCT,BTC Digital Ltd.,NASDAQ,Data Processing Services,1.12,1.43,1.09,16.0,20.22,5659752.2,21883020.0,24508982.0,31393162.0,-20.57,459,-46.67,463,0.9,175,-0.88,265,-15.55,0.13,2026-11-23,False,https://www.tradingview.com/chart/?symbol=NASDAQ:BTCT&interval=D,False,False,False,False
ALGT,Allegiant Travel Company,NASDAQ,Airlines,76.55,78.56,85.69,4.35,4.9,508249.0,528163.9,40430947.0,41493172.0,-4.23,228,-5.37,202,-33.84,405,-7.48,292,-15.56,-2.18,2026-11-04,False,https://www.tradingview.com/chart/?symbol=NASDAQ:ALGT&interval=D,False,False,False,False
CRI,"Carter's, Inc.",NYSE,Apparel/Footwear Retail,31.0,32.48,35.11,4.01,4.23,1645019.9,1509611.5666666667,46797959.0,49031177.0,3.16,85,-7.96,233,-25.46,351,-13.41,317,-15.61,-2.76,2026-10-23,False,https://www.tradingview.com/chart/?symbol=NYSE:CRI&interval=D,False,False,False,False
MIRM,"Mirum Pharmaceuticals, Inc.",NASDAQ,Pharmaceuticals: Major,87.96,96.66,100.65,4.71,4.57,955900.0,638654.9333333333,56176088.0,61729193.0,-5.49,265,-11.54,278,-28.43,371,-6.93,288,-15.63,-2.76,2026-11-17,False,https://www.tradingview.com/chart/?symbol=NASDAQ:MIRM&interval=D,False,False,False,False
LGN,Legence Corp.,NASDAQ,Engineering & Construction,53.41,55.78,59.78,4.32,5.39,845942.7,874366.8,46699931.0,48774657.0,-6.15,283,-6.94,218,-33.8,404,-6.98,289,-15.91,-1.98,2026-11-13,False,https://www.tradingview.com/chart/?symbol=NASDAQ:LGN&interval=D,False,False,False,False
KGC,Kinross Gold Corporation,NYSE,Precious Metals,24.11,29.37,27.57,4.02,5.44,8314315.3,8273716.2,199479298.0,242988013.0,-14.5,437,-26.29,430,1.86,169,-23.8,375,-16.08,-2.31,2026-10-28,False,https://www.tradingview.com/chart/?symbol=NYSE:KGC&interval=D,False,False,False,False
GRAB,Grab Holdings Limited,NASDAQ,Air Freight/Couriers,3.1,3.27,3.38,4.11,4.32,91556700.6,59817994.93333333,185136694.0,195883994.0,9.17,40,-13.79,306,-17.25,288,-17.47,345,-16.17,-1.97,2026-11-17,False,https://www.tradingview.com/chart/?symbol=NASDAQ:GRAB&interval=D,False,False,False,False
KGS,"Kodiak Gas Services, Inc.",NYSE,Oilfield Services/Equipment,52.72,59.28,59.84,4.42,4.8,2245474.6,1894428.9,99874292.0,112307428.0,-10.67,385,-12.16,285,-29.57,378,-7.82,294,-16.51,-2.48,2026-11-11,False,https://www.tradingview.com/chart/?symbol=NYSE:KGS&interval=D,False,False,False,False
SHAK,"Shake Shack, Inc.",NYSE,Restaurants,57.52,65.44,65.41,4.63,4.8,1556627.1,1221695.6333333333,70271933.0,79943690.0,3.62,82,-18.55,363,4.83,153,-36.44,419,-16.72,-2.51,2026-10-29,False,https://www.tradingview.com/chart/?symbol=NYSE:SHAK&interval=D,False,False,False,False
XRAY,DENTSPLY SIRONA Inc.,NASDAQ,Medical Specialties,9.28,10.51,11.49,4.09,4.74,5763152.9,4230061.233333333,39254968.0,44461469.0,-3.03,203,-16.88,347,-13.43,259,-20.34,354,-16.89,-4.06,2026-10-29,False,https://www.tradingview.com/chart/?symbol=NASDAQ:XRAY&interval=D,False,False,False,False
AXON,"Axon Enterprise, Inc.",NASDAQ,Aerospace & Defense,424.75,523.51,536.68,4.76,5.77,1325511.9,937998.8333333334,398415004.0,491049581.0,-4.85,250,-30.46,448,-18.54,300,-1.8,268,-16.93,-3.62,2026-11-10,False,https://www.tradingview.com/chart/?symbol=NASDAQ:AXON&interval=D,False,False,False,False
PRAX,"Praxis Precision Medicines, Inc.",NASDAQ,Pharmaceuticals: Major,285.65,337.66,335.1,5.27,5.59,569114.6,406110.3333333337,116005417.0,137127215.0,-5.32,259,-21.4,397,-16.21,279,-13.22,316,-16.94,-2.64,2026-11-11,False,https://www.tradingview.com/chart/?symbol=NASDAQ:PRAX&interval=D,False,False,False,False
AN,"AutoNation, Inc.",NYSE,Specialty Stores,161.36,193.06,200.15,4.97,4.55,773709.6,525051.3666666667,84722289.0,101365892.0,-4.37,230,-19.29,374,-14.13,265,-17.54,346,-16.99,-4.26,2026-10-22,False,https://www.tradingview.com/chart/?symbol=NYSE:AN&interval=D,False,False,False,False
VSEC,VSE Corporation,NASDAQ,Engineering & Construction,174.65,200.62,204.71,4.33,5.11,465870.6,349996.7,61126924.0,70215055.0,-1.4,161,-20.97,392,-22.18,323,-7.91,296,-17.02,-2.87,2026-10-28,False,https://www.tradingview.com/chart/?symbol=NASDAQ:VSEC&interval=D,False,False,False,False
BKV,BKV Corporation,NYSE,Integrated Oil,21.9,24.35,24.61,4.55,4.73,1655485.3,2046553.6666666667,44819525.0,49824713.0,-3.44,215,-11.34,275,-16.54,281,-23.35,374,-17.07,-2.33,2026-11-17,False,https://www.tradingview.com/chart/?symbol=NYSE:BKV&interval=D,False,False,False,False
CHWY,"Chewy, Inc.",NYSE,Internet Retail,18.61,21.97,22.18,5.28,5.3,11230173.4,9392561.533333333,174795570.0,206329530.0,-11.04,392,-18.73,364,-2.67,192,-30.92,403,-17.44,-3.04,2026-12-03,False,https://www.tradingview.com/chart/?symbol=NYSE:CHWY&interval=D,False,False,False,False
LUNR,"Intuitive Machines, Inc.",NASDAQ,Aerospace & Defense,15.2,15.78,15.25,6.17,6.86,8528253.9,7588876.333333333,115350920.0,119767646.0,6.97,55,-5.0,200,-27.13,359,-20.54,357,-17.56,-0.05,2026-11-18,False,https://www.tradingview.com/chart/?symbol=NASDAQ:LUNR&interval=D,False,False,False,False
STNE,StoneCo Ltd.,NASDAQ,Miscellaneous Commercial Services,9.27,9.68,10.15,4.04,4.23,4515527.1,5833112.166666667,54072950.0,56481053.0,-3.29,212,-2.52,178,-14.88,268,-35.49,418,-17.63,-2.04,2026-11-17,False,https://www.tradingview.com/chart/?symbol=NASDAQ:STNE&interval=D,False,False,False,False
ASTS,"AST SpaceMobile, Inc.",NASDAQ,Specialty Telecommunications,61.0,62.03,62.86,5.74,6.49,9765298.7,9520587.033333333,580755809.0,590539799.0,2.44,96,-0.08,149,-25.53,352,-27.84,395,-17.82,-0.46,2026-11-16,False,https://www.tradingview.com/chart/?symbol=NASDAQ:ASTS&interval=D,False,False,False,False
FOUR,"Shift4 Payments, Inc.",NYSE,Miscellaneous Commercial Services,37.03,43.13,45.48,5.74,6.61,1972786.8,2004479.0,74225857.0,86457856.0,-5.8,274,-15.22,322,-22.3,326,-15.97,332,-17.83,-2.81,2026-11-11,False,https://www.tradingview.com/chart/?symbol=NYSE:FOUR&interval=D,False,False,False,False
BBWI,"Bath & Body Works, Inc.",NYSE,Specialty Stores,16.19,18.17,18.87,4.18,5.11,7231019.3,7066915.933333334,114413369.0,128412929.0,-7.75,327,-13.65,304,-29.12,375,-12.77,313,-18.51,-2.78,2026-11-18,False,https://www.tradingview.com/chart/?symbol=NYSE:BBWI&interval=D,False,False,False,False
CIEN,Ciena Corporation,NYSE,Telecommunications Equipment,344.19,363.9,376.26,5.57,6.55,2740797.9,2457853.933333333,845968745.0,894413866.0,-5.71,269,-14.04,309,-28.13,366,-14.32,323,-18.83,-1.3,2026-12-10,False,https://www.tradingview.com/chart/?symbol=NYSE:CIEN&interval=D,False,False,False,False
TPL,Texas Pacific Land Corporation,NYSE,Investment Trusts/Mutual Funds,338.15,363.15,372.26,4.21,4.3,491583.39999999973,389890.89999999997,131841608.0,141589140.0,-3.31,213,-8.8,244,-20.44,312,-27.28,389,-18.84,-2.13,2026-11-04,False,https://www.tradingview.com/chart/?symbol=NYSE:TPL&interval=D,False,False,False,False
ACAD,ACADIA Pharmaceuticals Inc.,NASDAQ,Pharmaceuticals: Major,20.53,27.61,27.35,4.75,5.28,2708420.8,1841410.7333333334,37804162.0,50835519.0,-25.15,466,-30.43,447,-18.98,302,-7.61,293,-19.01,-4.72,2026-11-11,False,https://www.tradingview.com/chart/?symbol=NASDAQ:ACAD&interval=D,False,False,False,False
BOOT,"Boot Barn Holdings, Inc.",NYSE,Apparel/Footwear Retail,126.16,144.42,149.56,4.49,4.62,891441.9,671941.3666666667,84772123.0,97040652.0,1.67,111,-19.39,376,-23.54,338,-14.37,324,-19.1,-3.39,2026-11-04,False,https://www.tradingview.com/chart/?symbol=NYSE:BOOT&interval=D,False,False,False,False
FDXF,"FedEx Freight Holding Company, Inc.",NYSE,Trucking,112.3,127.31,134.92,4.16,4.54,2191264.0,1531881.2666666666,172030266.0,195028400.0,-7.49,320,-15.58,333,-25.05,346,-16.81,336,-19.15,-3.7,2026-12-02,False,https://www.tradingview.com/chart/?symbol=NYSE:FDXF&interval=D,False,False,False,False
FSLR,"First Solar, Inc.",NASDAQ,Semiconductors,172.97,202.86,210.06,5.98,5.77,2776520.6,2181912.3,377405371.0,442622002.0,-12.74,415,-17.48,351,-27.54,363,-12.65,311,-19.22,-3.06,2026-10-29,False,https://www.tradingview.com/chart/?symbol=NASDAQ:FSLR&interval=D,False,False,False,False
INTU,Intuit Inc.,NASDAQ,Packaged Software,269.4,328.55,324.22,4.01,4.99,4020598.4,4024269.2,1084138122.0,1322174987.0,-10.66,384,-22.55,407,2.25,168,-37.53,424,-19.27,-3.39,2026-12-01,False,https://www.tradingview.com/chart/?symbol=NASDAQ:INTU&interval=D,False,False,False,False
LPTH,"LightPath Technologies, Inc.",NASDAQ,Electronic Components,9.83,11.03,11.38,5.82,7.81,2786566.4,3308673.3666666667,32524259.0,36494667.0,-3.25,210,-22.29,406,-32.02,396,-4.56,278,-19.62,-1.74,2026-11-05,False,https://www.tradingview.com/chart/?symbol=NASDAQ:LPTH&interval=D,False,False,False,False
IBP,"Installed Building Products, Inc.",NYSE,Engineering & Construction,196.09,222.89,227.28,4.84,4.88,481125.9,389258.7,76329738.0,86763688.0,-2.26,185,-19.08,370,-13.93,263,-26.13,384,-19.72,-2.81,2026-11-11,False,https://www.tradingview.com/chart/?symbol=NYSE:IBP&interval=D,False,False,False,False
MOD,Modine Manufacturing Company,NYSE,Industrial Machinery,175.04,188.94,197.56,5.65,6.52,1401918.4,1341990.7666666666,234902064.0,253554393.0,-8.92,355,-5.95,209,-32.35,397,-21.25,362,-19.85,-1.75,2026-11-03,False,https://www.tradingview.com/chart/?symbol=NYSE:MOD&interval=D,False,False,False,False
TTAN,"ServiceTitan, Inc.",NASDAQ,Packaged Software,59.92,76.72,78.86,6.87,7.68,3612015.7,3239416.7,194105849.0,248518871.0,7.25,52,-40.16,460,-13.73,260,-6.2,284,-20.03,-3.13,2027-01-19,False,https://www.tradingview.com/chart/?symbol=NASDAQ:TTAN&interval=D,False,False,False,False
SFM,"Sprouts Farmers Market, Inc.",NASDAQ,Food Retail,63.45,75.69,78.08,4.22,4.87,2266646.1,1883640.5,119516990.0,142577145.0,-10.38,379,-21.93,405,-21.61,320,-17.18,340,-20.24,-3.85,2026-11-04,False,https://www.tradingview.com/chart/?symbol=NASDAQ:SFM&interval=D,False,False,False,False
ALM,Almonty Industries Inc.,NASDAQ,Other Metals/Minerals,13.21,16.23,15.08,7.66,9.01,6382701.6,6675305.3,88180783.0,108341318.0,-9.71,364,-30.05,444,-19.06,304,-11.87,309,-20.33,-1.38,2026-11-17,False,https://www.tradingview.com/chart/?symbol=NASDAQ:ALM&interval=D,False,False,False,False
NNE,Nano Nuclear Energy Inc.,NASDAQ,Electrical Products,16.16,17.63,17.6,5.56,6.65,2145683.8,1785751.0,28857736.0,31483385.0,-2.36,190,-15.81,336,-23.85,343,-21.55,363,-20.4,-1.23,2026-12-17,False,https://www.tradingview.com/chart/?symbol=NASDAQ:NNE&interval=D,False,False,False,False
LUMN,"Lumen Technologies, Inc.",NYSE,Major Telecommunications,5.53,6.35,6.37,5.79,6.03,13594167.9,12320332.3,68131438.0,78201256.0,-15.83,444,-10.15,263,-29.55,377,-21.89,366,-20.53,-2.19,2026-11-04,False,https://www.tradingview.com/chart/?symbol=NYSE:LUMN&interval=D,False,False,False,False
LEU,Centrus Energy Corp.,NYSE,Other Metals/Minerals,140.37,166.55,171.37,5.69,7.0,777707.7,702804.8999999987,98652724.0,117053796.0,-6.14,281,-27.43,434,-12.46,252,-21.73,364,-20.54,-2.58,2026-11-11,False,https://www.tradingview.com/chart/?symbol=NYSE:LEU&interval=D,False,False,False,False
CRK,"Comstock Resources, Inc.",NYSE,Oil & Gas Production,12.69,14.13,13.84,5.29,5.38,2697978.6,2725125.066666667,34581837.0,38494208.0,-0.31,139,-13.26,296,-10.57,235,-37.79,425,-20.54,-1.54,2026-11-03,False,https://www.tradingview.com/chart/?symbol=NYSE:CRK&interval=D,False,False,False,False
GIL,"Gildan Activewear, Inc.",NYSE,Apparel/Footwear,42.62,50.22,52.04,4.39,4.72,2347679.6,1435871.6666666667,61196850.0,72103253.0,-9.97,368,-20.16,381,-17.32,289,-24.41,378,-20.63,-3.83,2026-10-29,False,https://www.tradingview.com/chart/?symbol=NYSE:GIL&interval=D,False,False,False,False
ERAS,"Erasca, Inc.",NASDAQ,Pharmaceuticals: Major,14.13,16.46,17.29,7.4,7.57,5343837.5,4327927.9,61153621.0,71245628.0,-5.55,267,-26.6,431,-21.89,322,-13.74,319,-20.74,-2.41,2026-11-11,False,https://www.tradingview.com/chart/?symbol=NASDAQ:ERAS&interval=D,False,False,False,False
EYE,"National Vision Holdings, Inc.",NASDAQ,Specialty Stores,16.12,17.27,18.85,4.76,4.96,2710318.1,2295019.8666666667,36995720.0,39632316.0,-5.45,264,-9.89,258,-13.98,264,-38.68,429,-20.85,-2.92,2026-11-11,False,https://www.tradingview.com/chart/?symbol=NASDAQ:EYE&interval=D,False,False,False,False
ZG,"Zillow Group, Inc.",NASDAQ,Internet Software/Services,28.15,33.69,33.73,4.56,5.35,1069431.8,940202.3333333334,26466696.0,31672753.0,-7.74,326,-22.75,411,-7.83,215,-32.04,408,-20.87,-3.09,2026-11-04,False,https://www.tradingview.com/chart/?symbol=NASDAQ:ZG&interval=D,False,False,False,False
RKT,"Rocket Companies, Inc.",NYSE,Finance/Rental/Leasing,11.64,13.36,13.51,4.62,5.34,44878653.7,29864759.133333333,347625796.0,398923498.0,-7.4,316,-18.2,357,-25.38,349,-19.45,352,-21.01,-2.59,2026-10-29,False,https://www.tradingview.com/chart/?symbol=NYSE:RKT&interval=D,False,False,False,False
MAIR,Madison Air Solutions Corporation,NYSE,Industrial Machinery,24.97,25.69,28.33,4.21,5.04,2514736.9,2992371.9,74719526.0,76876029.0,3.1,86,-8.74,243,-32.71,400,-21.97,368,-21.14,-2.35,2026-12-02,False,https://www.tradingview.com/chart/?symbol=NYSE:MAIR&interval=D,False,False,False,False
APP,Applovin Corporation,NASDAQ,Packaged Software,308.24,315.07,341.09,4.85,5.28,5304928.1,4797992.5,1478933208.0,1511725888.0,-0.47,144,-2.53,179,-37.66,422,-23.32,373,-21.17,-1.82,2026-11-11,False,https://www.tradingview.com/chart/?symbol=NASDAQ:APP&interval=D,False,False,False,False
LBRT,Liberty Energy Inc.,NYSE,Oilfield Services/Equipment,18.95,19.67,19.9,5.09,5.3,4022081.5,3568148.533333333,67616415.0,70171209.0,-1.35,158,-1.2,162,-28.89,374,-33.53,410,-21.21,-0.9,2026-10-21,False,https://www.tradingview.com/chart/?symbol=NYSE:LBRT&interval=D,False,False,False,False
PLUG,"Plug Power, Inc.",NASDAQ,Electronic Production Equipment,1.86,2.13,2.13,5.03,5.99,48046464.7,51062206.9,94975705.0,108711438.0,-12.26,410,-17.88,355,-28.19,368,-18.24,349,-21.44,-2.14,2026-11-10,False,https://www.tradingview.com/chart/?symbol=NASDAQ:PLUG&interval=D,False,False,False,False
ENOV,Enovis Corporation,NYSE,Medical Specialties,18.16,21.17,23.72,5.32,6.07,1938311.6999999997,1696481.5333333337,30808105.0,35913949.0,-0.11,137,-27.94,441,-16.74,283,-20.39,355,-21.69,-3.86,2026-11-11,False,https://www.tradingview.com/chart/?symbol=NYSE:ENOV&interval=D,False,False,False,False
USAR,"USA Rare Earth, Inc.",NASDAQ,Metal Fabrication,14.42,17.08,16.85,5.01,7.07,13334718.6,13136827.8,189367373.0,224401103.0,-13.68,429,-25.89,428,-31.39,388,-7.98,297,-21.75,-2.04,2026-11-05,False,https://www.tradingview.com/chart/?symbol=NASDAQ:USAR&interval=D,False,False,False,False
OCUL,"Ocular Therapeutix, Inc.",NASDAQ,Pharmaceuticals: Major,7.66,10.5,9.86,8.41,8.7,3750194.1,3065507.7,23466461.0,32176080.0,-24.06,464,-30.22,445,-23.3,336,-11.81,308,-21.77,-2.57,2026-11-09,False,https://www.tradingview.com/chart/?symbol=NASDAQ:OCUL&interval=D,False,False,False,False
BBAI,"BigBear.ai, Inc.",NYSE,Packaged Software,2.66,2.95,2.97,4.36,4.98,15075391.9,15938697.233333332,42396935.0,47056347.0,-7.32,311,-15.56,331,-25.7,354,-24.86,379,-22.04,-2.08,2026-11-11,False,https://www.tradingview.com/chart/?symbol=NYSE:BBAI&interval=D,False,False,False,False
GT,The Goodyear Tire & Rubber Company,NASDAQ,Automotive Aftermarket,5.02,5.7,6.16,4.33,4.98,10824116.3,8964589.433333334,45002239.0,51120571.0,-1.95,178,-18.37,358,-23.71,341,-25.07,380,-22.39,-3.71,2026-11-09,False,https://www.tradingview.com/chart/?symbol=NASDAQ:GT&interval=D,False,False,False,False
EROC,"ERock, Inc.",NYSE,Electrical Products,11.88,12.8,12.33,8.24,9.41,2793275.8,2644553.2,31417292.0,33844110.0,-11.67,401,-9.31,254,-16.98,285,-40.9,434,-22.4,-0.38,2026-12-02,False,https://www.tradingview.com/chart/?symbol=NYSE:EROC&interval=D,False,False,False,False
SMR,NuScale Power Corporation,NYSE,Electrical Products,7.91,9.16,9.07,7.15,8.16,39362396.4,37577785.166666664,297240281.0,344162408.0,-7.0,301,-17.78,354,-22.3,325,-27.43,391,-22.5,-1.57,2026-11-05,False,https://www.tradingview.com/chart/?symbol=NYSE:SMR&interval=D,False,False,False,False
CELC,Celcuity Inc.,NASDAQ,Medical Specialties,79.64,88.19,88.34,4.43,4.92,818447.1,809062.7666666667,64433759.0,71348818.0,-2.13,180,-13.34,299,-23.15,332,-31.11,404,-22.53,-2.0,2026-11-18,False,https://www.tradingview.com/chart/?symbol=NASDAQ:CELC&interval=D,False,False,False,False
FTFT,Future FinTech Group Inc.,NASDAQ,Finance/Rental/Leasing,4.19,3.45,3.68,39.06,29.04,3732494.9,11037846.758333333,46248578.0,38113023.0,-23.96,462,74.58,7,-64.61,465,-78.09,466,-22.71,0.48,,False,https://www.tradingview.com/chart/?symbol=NASDAQ:FTFT&interval=D,False,True,False,False
MWH,"SOLV Energy, Inc.",NASDAQ,Engineering & Construction,23.81,26.53,27.37,5.14,5.75,1235013.1,1579969.0333333334,37619063.0,41909205.0,-10.96,390,-14.96,317,-32.8,401,-20.58,358,-22.78,-2.26,2026-12-02,False,https://www.tradingview.com/chart/?symbol=NASDAQ:MWH&interval=D,False,False,False,False
KTOS,"Kratos Defense & Security Solutions, Inc.",NASDAQ,Aerospace & Defense,44.07,50.42,51.56,4.88,5.49,4266503.0,3534041.9,155745227.0,178173434.0,-8.61,348,-17.64,353,-12.04,248,-39.33,432,-23.01,-2.65,2026-10-29,False,https://www.tradingview.com/chart/?symbol=NASDAQ:KTOS&interval=D,False,False,False,False
QNT,Quantinuum Inc.,NASDAQ,Computer Processing Hardware,49.11,51.8,53.82,6.65,7.26,2257758.8,1703561.3,83661895.0,88237093.0,-7.73,325,-8.54,242,-32.71,399,-27.78,394,-23.01,-1.21,2026-12-02,False,https://www.tradingview.com/chart/?symbol=NASDAQ:QNT&interval=D,False,False,False,False
OKLO,Oklo Inc.,NYSE,Industrial Machinery,37.11,40.01,41.17,5.49,6.59,9425151.2,9754664.933333334,361995616.0,390258132.0,-5.2,255,-11.64,283,-30.09,381,-27.35,390,-23.03,-1.5,2026-11-18,False,https://www.tradingview.com/chart/?symbol=NYSE:OKLO&interval=D,False,False,False,False
Z,"Zillow Group, Inc.",NASDAQ,Internet Software/Services,27.44,32.93,33.17,4.52,5.34,4668329.2,3733058.2,102435117.0,122942050.0,-8.53,346,-23.03,415,-11.88,246,-34.28,412,-23.06,-3.24,2026-11-04,False,https://www.tradingview.com/chart/?symbol=NASDAQ:Z&interval=D,False,False,False,False
UPST,"Upstart Holdings, Inc.",NASDAQ,Finance/Rental/Leasing,23.03,27.23,27.92,4.31,5.4,4665360.1,4364770.066666666,100520655.0,118859964.0,-9.79,366,-24.76,423,-33.61,403,-12.1,310,-23.49,-3.24,2026-11-10,False,https://www.tradingview.com/chart/?symbol=NASDAQ:UPST&interval=D,False,False,False,False
AAP,Advance Auto Parts Inc.,NYSE,Specialty Stores,39.77,44.13,48.98,4.25,5.04,1834575.2,2372987.4,94373709.0,104719934.0,-7.51,321,-9.03,249,-36.42,414,-25.38,381,-23.61,-3.73,2026-11-18,False,https://www.tradingview.com/chart/?symbol=NYSE:AAP&interval=D,False,False,False,False
NAMS,NewAmsterdam Pharma Company N.V.,NASDAQ,Pharmaceuticals: Major,23.58,24.65,26.22,6.19,5.85,2104049.8,1558149.1,36741156.0,38402662.0,2.75,92,-11.55,279,-31.83,394,-27.69,393,-23.69,-1.72,2026-11-11,False,https://www.tradingview.com/chart/?symbol=NASDAQ:NAMS&interval=D,False,False,False,False
ALKT,"Alkami Technology, Inc.",NASDAQ,Packaged Software,13.39,18.92,18.8,7.15,7.42,2642924.2,1821380.5,24388285.0,34463555.0,-30.04,469,-34.07,455,-21.1,317,-16.31,334,-23.83,-3.88,2026-10-29,False,https://www.tradingview.com/chart/?symbol=NASDAQ:ALKT&interval=D,False,False,False,False
FLUT,Flutter Entertainment plc,NYSE,Casinos/Gaming,76.63,95.81,97.91,5.65,5.98,3403920.4,2701397.4,207008083.0,258819984.0,-13.91,434,-20.01,379,-25.62,353,-25.95,382,-23.86,-3.63,2026-11-18,False,https://www.tradingview.com/chart/?symbol=NYSE:FLUT&interval=D,False,False,False,False
UAA,"Under Armour, Inc.",NYSE,Apparel/Footwear,4.28,4.99,5.61,4.44,4.84,10939389.4,8605638.833333334,36832134.0,42962218.0,-13.01,421,-15.91,338,-30.07,380,-26.33,385,-24.1,-4.88,2026-11-05,False,https://www.tradingview.com/chart/?symbol=NYSE:UAA&interval=D,False,False,False,False
HUBG,"Hub Group, Inc.",NASDAQ,Air Freight/Couriers,30.22,36.09,40.23,4.97,5.12,1414500.7,1263641.6333333333,38187250.0,45604827.0,-7.41,317,-24.3,419,-31.44,389,-16.93,338,-24.22,-4.86,2026-10-22,False,https://www.tradingview.com/chart/?symbol=NASDAQ:HUBG&interval=D,False,False,False,False
JOBY,"Joby Aviation, Inc.",NYSE,Aerospace & Defense,6.11,6.75,7.14,4.13,4.85,23199607.4,24638640.266666666,150542092.0,166425802.0,-2.86,201,-14.55,313,-31.27,387,-27.95,396,-24.59,-2.97,2026-11-11,False,https://www.tradingview.com/chart/?symbol=NYSE:JOBY&interval=D,False,False,False,False
RSI,"Rush Street Interactive, Inc.",NYSE,Casinos/Gaming,19.55,24.84,26.22,6.27,6.27,4830433.8,3030374.566666667,59243823.0,75283595.0,-15.04,440,-26.09,429,-37.6,421,-10.89,303,-24.86,-4.06,2026-11-04,False,https://www.tradingview.com/chart/?symbol=NYSE:RSI&interval=D,False,False,False,False
DNN,Denison Mines Corp,AMEX,Other Metals/Minerals,2.58,3.15,3.1,5.16,5.82,23462423.3,26051044.333333332,67211694.0,82112892.0,-10.73,387,-29.7,443,-16.77,284,-28.53,398,-25.0,-2.9,2026-11-03,False,https://www.tradingview.com/chart/?symbol=AMEX:DNN&interval=D,False,False,False,False
FICO,Fair Isaac Corporation,NYSE,Financial Publishing/Services,840.89,1027.08,1076.14,4.32,5.23,417892.8,376081.4,316243088.0,386265183.0,-12.79,416,-27.57,436,-27.61,364,-20.6,360,-25.26,-4.18,2026-11-11,False,https://www.tradingview.com/chart/?symbol=NYSE:FICO&interval=D,False,False,False,False
TRIP,"TripAdvisor, Inc.",NASDAQ,Other Consumer Services,8.41,9.31,10.78,4.59,5.06,4591828.1,4021051.5,33817043.0,37434649.0,-5.72,270,-14.62,314,-39.93,435,-21.8,365,-25.45,-4.34,2026-11-09,False,https://www.tradingview.com/chart/?symbol=NASDAQ:TRIP&interval=D,False,False,False,False
BIAF,"bioAffinity Technologies, Inc.",NASDAQ,Medical Specialties,7.41,7.6,8.03,20.41,26.11,3911878.4999999986,6604898.937777777,48942301.0,50208460.0,-11.68,402,49.7,9,-38.25,424,-88.51,467,-25.69,-0.29,2026-11-18,False,https://www.tradingview.com/chart/?symbol=NASDAQ:BIAF&interval=D,False,True,False,False
CENX,Century Aluminum Company,NASDAQ,Aluminum,37.4,43.27,44.53,4.54,5.28,1752900.2,1776459.4666666666,66439584.0,76871842.0,-5.32,258,-19.15,371,-20.96,316,-37.43,422,-25.85,-3.03,2026-11-09,False,https://www.tradingview.com/chart/?symbol=NASDAQ:CENX&interval=D,False,False,False,False
ESAB,ESAB Corporation,NYSE,Industrial Machinery,67.25,73.35,79.04,4.13,4.7,1091672.8,923608.0,62112638.0,67749725.0,1.91,106,-15.17,320,-31.87,395,-31.48,406,-26.18,-3.17,2026-11-04,False,https://www.tradingview.com/chart/?symbol=NYSE:ESAB&interval=D,False,False,False,False
NXT,Nextpower Inc.,NASDAQ,Electronic Equipment/Instruments,79.13,84.25,90.59,4.77,5.11,2315938.1,2108506.533333333,166846122.0,177648001.0,-2.13,181,-11.64,282,-31.63,393,-35.36,417,-26.21,-2.48,2026-10-22,False,https://www.tradingview.com/chart/?symbol=NASDAQ:NXT&interval=D,False,False,False,False
UEC,Uranium Energy Corp.,AMEX,Other Metals/Minerals,9.21,11.17,10.81,5.25,6.24,9208107.5,8823688.233333332,81266169.0,98519420.0,-8.99,356,-32.33,451,-12.7,254,-33.98,411,-26.34,-2.37,2026-09-29,True,https://www.tradingview.com/chart/?symbol=AMEX:UEC&interval=D,False,False,False,False
WHR,Whirlpool Corporation,NYSE,Electronics/Appliances,31.4,36.75,38.08,4.45,5.2,3093624.5,2630268.1333333333,82590419.0,96650079.0,-3.33,214,-20.93,389,-17.39,290,-41.02,435,-26.45,-3.38,2026-10-15,False,https://www.tradingview.com/chart/?symbol=NYSE:WHR&interval=D,False,False,False,False
LMND,"Lemonade, Inc.",NYSE,Multi-Line Insurance,43.91,50.21,52.44,4.4,5.05,1215228.3,1029473.2666666667,45204171.0,51687107.0,-9.01,357,-18.53,362,-29.38,376,-31.54,407,-26.49,-3.22,2026-11-10,False,https://www.tradingview.com/chart/?symbol=NYSE:LMND&interval=D,False,False,False,False
WING,Wingstop Inc.,NASDAQ,Restaurants,101.8,109.21,116.52,5.92,5.94,1538773.4,1245073.0666666667,126748438.0,135980240.0,-3.57,220,-7.61,231,-39.13,431,-34.47,414,-27.07,-2.13,2026-11-04,False,https://www.tradingview.com/chart/?symbol=NASDAQ:WING&interval=D,False,False,False,False
FMC,FMC Corporation,NYSE,Chemicals: Agricultural,9.21,11.07,10.97,6.16,6.34,4348316.0,3391752.9,31238044.0,37563663.0,-10.06,371,-15.58,332,-20.19,311,-46.36,445,-27.38,-2.53,2026-10-29,False,https://www.tradingview.com/chart/?symbol=NYSE:FMC&interval=D,False,False,False,False
ENPH,"Enphase Energy, Inc.",NASDAQ,Electrical Products,30.91,36.3,37.49,5.82,5.81,4910514.9,4369262.966666667,135053918.0,158591866.0,-10.77,388,-20.97,391,-42.4,438,-19.15,351,-27.5,-3.02,2026-10-27,False,https://www.tradingview.com/chart/?symbol=NASDAQ:ENPH&interval=D,False,False,False,False
AMPX,"Amprius Technologies, Inc.",NYSE,Electrical Products,9.6,9.89,10.19,5.71,6.61,5617386.7,4842651.966666667,46489459.0,47874457.0,-2.04,179,-9.0,247,-30.64,385,-43.7,439,-27.78,-0.88,2026-11-05,False,https://www.tradingview.com/chart/?symbol=NYSE:AMPX&interval=D,False,False,False,False
CAR,"Avis Budget Group, Inc.",NASDAQ,Finance/Rental/Leasing,104.93,129.25,136.98,5.28,5.58,502290.5,388073.93333333335,40720598.0,50156874.0,-10.48,380,-24.62,422,-30.92,386,-28.87,399,-28.14,-4.2,2026-11-02,False,https://www.tradingview.com/chart/?symbol=NASDAQ:CAR&interval=D,False,False,False,False
TTD,"The Trade Desk, Inc.",NASDAQ,Packaged Software,12.34,13.7,14.98,4.29,5.01,33997675.39999999,22903282.233333346,282626503.0,313874214.0,-12.26,411,-8.14,236,-31.46,391,-45.49,443,-28.37,-3.52,2026-11-05,False,https://www.tradingview.com/chart/?symbol=NASDAQ:TTD&interval=D,False,False,False,False
FTAI,FTAI Aviation Ltd.,NASDAQ,Aerospace & Defense,167.1,192.46,201.51,4.4,5.53,1450228.2000000016,1344447.6000000017,224657194.0,258758211.0,-13.69,430,-16.24,342,-36.93,415,-33.3,409,-28.82,-3.09,2026-11-03,False,https://www.tradingview.com/chart/?symbol=NASDAQ:FTAI&interval=D,False,False,False,False
HYMC,Hycroft Mining Holding Corporation,NASDAQ,Precious Metals,19.6,23.06,22.94,6.45,8.3,2416530.9,2149959.4333333285,42139205.0,49588456.0,-8.84,353,-24.62,421,-15.99,274,-46.15,444,-28.92,-1.75,2026-11-03,False,https://www.tradingview.com/chart/?symbol=NASDAQ:HYMC&interval=D,False,False,False,False
QXO,"QXO, Inc.",NYSE,Wholesale Distributors,12.12,12.87,13.51,4.22,4.9,22862742.8,16651783.766666668,201819619.0,214258502.0,3.77,79,-13.92,307,-34.33,408,-38.57,427,-28.94,-2.1,2026-11-17,False,https://www.tradingview.com/chart/?symbol=NYSE:QXO&interval=D,False,False,False,False
PUMP,ProPetro Holding Corp.,NYSE,Oilfield Services/Equipment,9.3,10.94,11.19,5.82,6.02,4459030.7,3539540.8333333335,32917730.0,38729656.0,-10.58,383,-16.74,346,-37.46,419,-34.41,413,-29.54,-2.81,2026-11-04,False,https://www.tradingview.com/chart/?symbol=NYSE:PUMP&interval=D,False,False,False,False
PLNT,"Planet Fitness, Inc.",NYSE,Other Consumer Services,40.5,49.75,51.15,5.36,5.36,3530877.0,2295310.6,92960079.0,114193998.0,-18.25,454,-21.75,401,-21.68,321,-45.29,442,-29.58,-3.89,2026-11-10,False,https://www.tradingview.com/chart/?symbol=NYSE:PLNT&interval=D,False,False,False,False
SEDG,"SolarEdge Technologies, Inc.",NASDAQ,Electrical Products,31.53,33.33,35.88,8.52,7.95,2598446.6,3087189.4,97339082.0,102881616.0,-9.19,359,-4.16,189,-47.29,446,-39.33,431,-30.26,-1.52,2026-11-11,False,https://www.tradingview.com/chart/?symbol=NASDAQ:SEDG&interval=D,False,False,False,False
QS,QuantumScape Corporation,NASDAQ,Electrical Products,4.56,5.4,5.5,4.94,5.69,12309871.9,13684331.266666668,62400551.0,73829248.0,-12.31,412,-22.58,408,-38.87,428,-30.17,402,-30.54,-3.0,2026-10-28,False,https://www.tradingview.com/chart/?symbol=NASDAQ:QS&interval=D,False,False,False,False
STUB,"StubHub Holdings, Inc.",NYSE,Internet Software/Services,5.3,6.22,7.19,4.72,6.12,7765368.9,6711009.0,35568348.0,41755898.0,-11.67,400,-19.33,375,-58.69,457,-15.2,327,-31.07,-4.3,2026-11-12,False,https://www.tradingview.com/chart/?symbol=NYSE:STUB&interval=D,False,False,False,False
KNF,Knife Riv Holding Co.,NYSE,Construction Materials,53.37,60.09,65.23,4.06,4.52,1302423.7,1001331.6,53441067.0,60165009.0,-2.84,199,-20.24,385,-38.2,423,-34.91,415,-31.12,-4.02,2026-11-09,False,https://www.tradingview.com/chart/?symbol=NYSE:KNF&interval=D,False,False,False,False
UUUU,Energy Fuels Inc,AMEX,Other Metals/Minerals,11.03,13.56,13.23,4.71,6.19,7562507.4,6809547.133333334,75109305.0,92362427.0,-10.33,376,-30.41,446,-23.24,335,-41.17,436,-31.61,-2.68,2026-10-30,False,https://www.tradingview.com/chart/?symbol=AMEX:UUUU&interval=D,False,False,False,False
CHTR,"Charter Communications, Inc.",NASDAQ,Cable/Satellite TV,111.4,140.37,141.67,5.59,5.94,3432009.2,3144628.0,350311559.0,441424011.0,-13.54,428,-25.24,425,-22.89,330,-47.74,447,-31.96,-3.6,2026-10-30,False,https://www.tradingview.com/chart/?symbol=NASDAQ:CHTR&interval=D,False,False,False,False
PZZA,"Papa John's International, Inc.",NASDAQ,Restaurants,20.09,21.99,24.63,4.27,4.26,1632645.6,1393265.2,27990698.0,30635115.0,-0.4,141,-13.92,308,-43.77,439,-38.36,426,-32.02,-4.33,2026-10-29,False,https://www.tradingview.com/chart/?symbol=NASDAQ:PZZA&interval=D,False,False,False,False
EOSE,"Eos Energy Enterprises, Inc.",NASDAQ,Electrical Products,3.07,3.67,3.75,8.69,10.3,29662633.5,27153828.266666666,83362253.0,99767691.0,-24.57,465,-8.9,246,-48.75,447,-38.66,428,-32.1,-1.76,2026-11-11,False,https://www.tradingview.com/chart/?symbol=NASDAQ:EOSE&interval=D,False,False,False,False
CAVA,"CAVA Group, Inc.",NYSE,Restaurants,51.58,60.3,62.15,4.32,4.99,4350291.9,3146681.566666667,162305835.0,189731263.0,-0.58,148,-23.01,413,-37.48,420,-37.3,421,-32.6,-3.41,2026-11-10,False,https://www.tradingview.com/chart/?symbol=NYSE:CAVA&interval=D,False,False,False,False
XE,"X-Energy, Inc.",NASDAQ,Industrial Machinery,14.43,17.22,17.59,7.73,9.11,6825690.6,6619265.133333334,95515996.0,114004707.0,-11.58,398,-20.93,390,-22.67,327,-54.93,453,-32.84,-1.97,2026-12-02,False,https://www.tradingview.com/chart/?symbol=NASDAQ:XE&interval=D,False,False,False,False
FRMI,Fermi Inc.,NASDAQ,Real Estate Development,4.26,5.22,5.72,6.74,8.56,18905084.6,16772456.366666667,71450664.0,87518677.0,-17.44,447,-21.26,395,-54.49,452,-27.55,392,-34.43,-2.98,2026-11-17,False,https://www.tradingview.com/chart/?symbol=NASDAQ:FRMI&interval=D,False,False,False,False
RUN,Sunrun Inc.,NASDAQ,Semiconductors,7.67,8.77,9.34,5.26,6.21,8223375.4,7466858.533333333,57270805.0,65500528.0,-11.94,405,-15.06,318,-45.72,443,-44.42,441,-35.07,-2.88,2026-11-04,False,https://www.tradingview.com/chart/?symbol=NASDAQ:RUN&interval=D,False,False,False,False
PL,Planet Labs PBC,NYSE,Packaged Software,16.77,18.93,20.28,5.12,6.32,10325388.8,10213248.233333332,171276173.0,193306149.0,0.51,125,-20.45,386,-45.0,442,-42.17,438,-35.87,-2.74,2026-12-14,False,https://www.tradingview.com/chart/?symbol=NYSE:PL&interval=D,False,False,False,False
MTZ,"MasTec, Inc.",NYSE,Engineering & Construction,204.09,238.89,263.39,5.19,5.94,1736631.3,1515513.2666666666,309301103.0,362046521.0,-6.05,278,-18.14,356,-52.5,450,-37.51,423,-36.05,-3.79,2026-10-29,False,https://www.tradingview.com/chart/?symbol=NYSE:MTZ&interval=D,False,False,False,False
HTZ,"Hertz Global Holdings, Inc",NASDAQ,Finance/Rental/Leasing,1.69,2.04,2.0,5.34,7.72,12050196.9,15442588.0,26097974.0,31528617.0,-7.9,329,-17.08,349,-27.47,362,-63.89,461,-36.14,-2.01,2026-10-22,False,https://www.tradingview.com/chart/?symbol=NASDAQ:HTZ&interval=D,False,False,False,False
IONS,"Ionis Pharmaceuticals, Inc.",NASDAQ,Pharmaceuticals: Major,45.57,54.45,54.67,5.03,5.13,5490648.8,3817773.433333333,173975935.0,207885399.0,1.39,114,-24.83,424,-43.86,440,-39.8,433,-36.16,-3.24,2026-11-04,False,https://www.tradingview.com/chart/?symbol=NASDAQ:IONS&interval=D,False,False,False,False
TE,T1 Energy Inc.,NYSE,Electrical Products,3.57,4.42,4.71,6.96,9.75,20177377.5,19965697.633333333,71277541.0,88268349.0,-17.93,452,-27.88,438,-60.33,459,-21.02,361,-36.41,-2.48,2026-11-11,False,https://www.tradingview.com/chart/?symbol=NYSE:TE&interval=D,False,False,False,False
SOC,Sable Offshore Corp.,NYSE,Integrated Oil,3.57,4.58,4.56,9.56,10.19,8637040.6,8797369.733333332,31406610.0,40312481.0,-19.78,458,-21.54,400,-10.75,239,-77.7,465,-36.66,-2.13,2026-11-12,False,https://www.tradingview.com/chart/?symbol=NYSE:SOC&interval=D,False,False,False,False
AGX,"Argan, Inc.",NYSE,Engineering & Construction,355.21,427.13,487.61,4.84,6.12,451779.7,412236.3333333333,146430468.0,176078368.0,-10.34,377,-21.47,398,-54.68,453,-35.32,416,-37.16,-4.44,2026-12-09,False,https://www.tradingview.com/chart/?symbol=NYSE:AGX&interval=D,False,False,False,False
INIO,INNIO N.V.,NASDAQ,Electrical Products,18.16,21.06,23.29,7.15,8.42,7180535.2,4906502.3,89102082.0,103332574.0,-16.89,445,-19.22,372,-52.36,449,-41.42,437,-37.67,-2.62,2026-12-02,False,https://www.tradingview.com/chart/?symbol=NASDAQ:INIO&interval=D,False,False,False,False
BRBR,"BellRing Brands, Inc.",NYSE,Beverages: Non-Alcoholic,7.74,9.69,10.75,5.28,6.56,3742732.0,3159362.7666666666,24453468.0,30622650.0,-13.71,431,-25.65,427,-37.28,417,-51.81,452,-38.24,-4.26,2026-11-23,False,https://www.tradingview.com/chart/?symbol=NYSE:BRBR&interval=D,False,False,False,False
XENE,Xenon Pharmaceuticals Inc.,NASDAQ,Pharmaceuticals: Major,36.72,54.87,58.69,5.43,7.16,3872649.7,1711335.4666666666,62840238.0,93909534.0,-8.2,335,-40.11,459,-38.89,429,-37.27,420,-38.76,-5.23,2026-11-11,False,https://www.tradingview.com/chart/?symbol=NASDAQ:XENE&interval=D,False,False,False,False
KRMN,Karman Holdings Inc.,NYSE,Aerospace & Defense,33.68,42.11,46.44,7.35,7.91,5064637.4,3517494.1,118469201.0,148127539.0,-7.22,308,-27.9,440,-30.12,382,-59.7,456,-39.24,-3.47,2026-11-05,False,https://www.tradingview.com/chart/?symbol=NYSE:KRMN&interval=D,False,False,False,False
UTI,Universal Technical Institute Inc,NYSE,Miscellaneous Commercial Services,18.47,21.53,26.86,5.63,7.29,2225772.9,1860502.0666666667,34363473.0,40054129.0,-9.19,360,-15.2,321,-55.08,454,-48.84,450,-39.71,-4.28,2026-11-25,False,https://www.tradingview.com/chart/?symbol=NYSE:UTI&interval=D,False,False,False,False
RCAT,"Red Cat Holdings, Inc.",NASDAQ,Packaged Software,6.5,8.22,8.39,6.47,7.45,11699274.3,8077063.2,52500911.0,66365190.0,-5.8,273,-28.96,442,-39.65,434,-50.68,451,-39.76,-3.02,2026-11-12,False,https://www.tradingview.com/chart/?symbol=NASDAQ:RCAT&interval=D,False,False,False,False
YSS,York Space Systems Inc.,NYSE,Aerospace & Defense,9.14,9.04,11.21,7.66,8.81,4980673.6,3709950.5,33908948.0,33556502.0,5.18,65,-0.44,154,-61.92,460,-59.16,455,-40.5,-2.1,2026-12-02,False,https://www.tradingview.com/chart/?symbol=NYSE:YSS&interval=D,False,False,False,False
LCID,"Lucid Group, Inc.",NASDAQ,Motor Vehicles,3.9,4.69,5.63,6.13,8.18,11718607.49999998,11594773.533333344,45219617.0,54389150.0,-6.25,287,-22.92,412,-39.53,433,-59.75,457,-40.74,-3.75,2026-11-10,False,https://www.tradingview.com/chart/?symbol=NASDAQ:LCID&interval=D,False,False,False,False
OPEN,Opendoor Technologies Inc,NASDAQ,Real Estate Development,2.43,3.02,3.34,5.48,6.73,32965151.5,31211131.766666666,75843050.0,94216003.0,-8.13,332,-27.89,439,-46.94,445,-48.63,449,-41.15,-4.06,2026-11-05,False,https://www.tradingview.com/chart/?symbol=NASDAQ:OPEN&interval=D,False,False,False,False
FRVO,Fervo Energy Company,NASDAQ,Alternative Power Generation,14.1,16.55,19.17,9.27,11.47,6843172.0,7098987.433333334,100131218.0,117489425.0,-18.28,456,-10.16,264,-55.22,455,-60.82,459,-42.07,-2.3,2026-12-02,False,https://www.tradingview.com/chart/?symbol=NASDAQ:FRVO&interval=D,False,False,False,False
RARE,Ultragenyx Pharmaceutical Inc.,NASDAQ,Pharmaceuticals: Major,14.41,19.42,22.22,5.56,8.51,6830548.5,5441673.766666667,78414519.0,105656445.0,-1.17,155,-45.7,462,-53.53,451,-31.28,405,-43.51,-4.13,2026-11-04,False,https://www.tradingview.com/chart/?symbol=NASDAQ:RARE&interval=D,False,False,False,False
FLNC,"Fluence Energy, Inc.",NASDAQ,Electrical Products,7.5,9.85,11.39,6.23,9.03,11451493.8,7791911.666666667,58439338.0,76771108.0,1.9,107,-33.45,454,-62.1,462,-47.18,446,-47.58,-3.78,2026-11-30,False,https://www.tradingview.com/chart/?symbol=NASDAQ:FLNC&interval=D,False,False,False,False
CAPR,"Capricor Therapeutics, Inc.",NASDAQ,Pharmaceuticals: Major,8.71,8.65,8.83,6.72,9.75,2624098.9,6068476.033333333,52856426.0,52503443.0,-4.7,247,-10.48,268,-63.5,464,-71.4,463,-48.46,-0.14,2026-11-17,False,https://www.tradingview.com/chart/?symbol=NASDAQ:CAPR&interval=D,False,False,False,False
BW,"Babcock & Wilcox Enterprises, Inc.",NYSE,Electronic Equipment/Instruments,5.75,7.46,8.33,7.72,10.46,5108557.2,4780103.533333333,27485595.0,35640452.0,-24.04,463,-24.34,420,-60.21,458,-61.44,460,-48.66,-2.96,2026-11-11,False,https://www.tradingview.com/chart/?symbol=NYSE:BW&interval=D,False,False,False,False
XHLD,"TEN Holdings, Inc.",NASDAQ,Miscellaneous Commercial Services,0.98,9.23,6.49,269.95,223.4,5856477.0,3809374.033333333,3725568.0,35171696.0,-90.03,473,-88.14,470,-39.25,432,-20.49,356,-49.29,-0.38,2026-11-16,False,https://www.tradingview.com/chart/?symbol=NASDAQ:XHLD&interval=D,False,False,False,False
XNDU,Xanadu Quantum Technologies Limited,NASDAQ,Computer Processing Hardware,4.77,8.79,9.58,9.83,12.85,9286273.1,4118434.2666666666,19644931.0,36201037.0,-36.99,470,-53.82,465,-56.36,456,-39.31,430,-49.83,-3.91,2026-12-02,False,https://www.tradingview.com/chart/?symbol=NASDAQ:XNDU&interval=D,False,False,False,False
BENF,Beneficient,NASDAQ,Investment Managers,1.42,1.69,2.23,38.88,39.57,58807386.1,20127231.0,28580668.0,34041387.0,141.87,1,-37.03,458,-62.63,463,-59.89,458,-53.18,-0.92,2026-11-12,False,https://www.tradingview.com/chart/?symbol=NASDAQ:BENF&interval=D,True,False,False,False
ALHC,"Alignment Healthcare, Inc.",NASDAQ,Managed Health Care,7.93,11.67,13.59,10.67,9.91,17643327.3,8711207.1,69079872.0,101701891.0,-4.8,249,-41.8,461,-66.14,466,-55.42,454,-54.45,-4.2,2026-10-29,False,https://www.tradingview.com/chart/?symbol=NASDAQ:ALHC&interval=D,False,False,False,False
ALMS,Alumis Inc.,NASDAQ,Pharmaceuticals: Major,7.16,14.24,19.44,7.94,14.94,3294143.6,3728564.0,26696518.0,53107180.0,-8.44,343,-68.64,467,-73.72,467,-68.16,462,-70.18,-4.23,2026-11-12,False,https://www.tradingview.com/chart/?symbol=NASDAQ:ALMS&interval=D,False,False,False,False
TNON,"Tenon Medical, Inc.",NASDAQ,Medical/Nursing Services,2.86,4.77,5.42,38.99,36.44,1924813.1,11522746.7,32955056.0,54951979.0,-29.21,467,-47.62,464,-75.8,468,-88.54,468,-70.65,-1.3,2026-11-18,False,https://www.tradingview.com/chart/?symbol=NASDAQ:TNON&interval=D,False,False,False,False
LHSW,Lianhe Sowell International Group Ltd,NASDAQ,Computer Processing Hardware,0.68,2.05,2.29,24.41,68.95,36089472.0,17371947.566666666,11812924.0,35612783.0,56.29,4,-82.78,469,-62.01,461,-74.24,464,-73.01,-1.02,,False,https://www.tradingview.com/chart/?symbol=NASDAQ:LHSW&interval=D,True,False,False,False
WHLR,"Wheeler Real Estate Investment Trust, Inc.",NASDAQ,Real Estate Investment Trusts,4.09,6.77,16.01,23.29,81.83,12696998.4,4493795.2787037045,18379623.0,30406322.0,83.99,2,-68.55,466,-98.28,472,-99.8,472,-88.88,-0.91,,False,https://www.tradingview.com/chart/?symbol=NASDAQ:WHLR&interval=D,True,False,False,False
WETO,Wetour Robotics Limited,NASDAQ,Other Transportation,1.67,9.1,10.83,13.86,151.92,7587835.0,7722149.066666666,12895989.0,70306306.0,3.73,80,-82.46,468,-98.22,471,-96.01,471,-92.23,-0.56,,False,https://www.tradingview.com/chart/?symbol=NASDAQ:WETO&interval=D,False,False,False,False
RETO,"ReTo Eco-Solutions, Inc.",NASDAQ,Other Metals/Minerals,0.14,0.99,1.6,1227.7,788.92,125895622.8,42616855.36666667,6051593.0,42236855.0,-17.66,449,-90.04,471,-94.39,469,-95.52,470,-93.32,-0.12,,False,https://www.tradingview.com/chart/?symbol=NASDAQ:RETO&interval=D,False,False,False,False
NCT,Intercont (Cayman) Limited,NASDAQ,Marine Shipping,2.5,52.35,65.28,68.03,299.64,739840.6039999999,675710.7906666666,1689277.0,35376219.0,-58.88,472,-97.94,472,-96.81,470,-94.12,469,-96.29,-0.32,,False,https://www.tradingview.com/chart/?symbol=NASDAQ:NCT&interval=D,False,False,False,False
CTNT,Cheetah Net Supply Chain Service Inc.,NASDAQ,Engineering & Construction,3.6,136.06,186.37,521.74,475.2,2512599.120317049,863045.977492663,3106966.0,117429150.0,-51.9,471,-98.4,473,-98.63,473,-99.99,473,-99.01,-0.21,2026-11-06,False,https://www.tradingview.com/chart/?symbol=NASDAQ:CTNT&interval=D,False,False,False,False
