name,description,exchange,industry,close,SMA30,SMA50,ADRP,ATRP,average_volume_10d_calc,average_volume_30d_calc,dollar_volume_30d,average_dollar_volume_30d,Perf.W,perf_1w_rank,Perf.1M,perf_1m_rank,Perf.3M,perf_3m_rank,Perf.6M,perf_6m_rank,momentum_score,atr_extension_from_50d,earnings_date,earnings_soon,tradingview_url,is_top_1w,is_top_1m,is_top_3m,is_top_6m
CYPH,Cypherpunk Technologies Inc.,NASDAQ,Financial Conglomerates,3.17,2.66,1.9,16.43,14.37,19199752.0,17630311.166666668,55888086.0,46920135.0,-21.34,400,42.79,17,376.69,2,275.59,4,231.69,4.67,2026-11-16,False,https://www.tradingview.com/chart/?symbol=NASDAQ:CYPH&interval=D,False,True,True,True
QMCO,Quantum Corporation,NASDAQ,Computer Peripherals,34.01,26.13,22.25,8.5,7.76,2636352.9,1554982.8666666667,52877192.0,40626778.0,7.44,71,38.97,21,225.1,3,425.58,2,229.88,6.81,2026-11-13,False,https://www.tradingview.com/chart/?symbol=NASDAQ:QMCO&interval=D,False,True,True,True
SDEV,Stablecoin Development Corporation,AMEX,Pharmaceuticals: Major,3.94,1.54,1.35,27.86,29.05,60737000.2,20802069.6,81960154.0,31985124.0,126.44,1,347.73,1,198.48,4,114.13,37,220.11,6.64,2026-11-05,False,https://www.tradingview.com/chart/?symbol=AMEX:SDEV&interval=D,True,True,True,False
USDE,StablecoinX Inc.,NASDAQ,Packaged Software,14.96,10.1,7.09,12.15,11.79,4501812.7,6006935.3,89863752.0,60681059.0,-9.66,370,90.09,6,505.67,1,49.6,102,215.12,9.43,,False,https://www.tradingview.com/chart/?symbol=NASDAQ:USDE&interval=D,False,True,True,False
MXL,"MaxLinear, Inc",NASDAQ,Semiconductors,105.49,75.67,73.32,6.29,6.52,3254480.5,2748491.7333333334,289938393.0,207967375.0,14.32,23,75.19,8,17.33,96,442.37,1,178.29,6.73,2026-10-22,False,https://www.tradingview.com/chart/?symbol=NASDAQ:MXL&interval=D,False,True,False,True
CDNA,"CareDx, Inc.",NASDAQ,Medical Specialties,69.85,55.17,50.91,4.7,4.37,1751296.5,1314663.9,91829273.0,72532198.0,12.12,32,40.68,18,137.91,6,276.55,3,151.71,8.52,2026-11-10,False,https://www.tradingview.com/chart/?symbol=NASDAQ:CDNA&interval=D,False,True,True,True
NCPL,Netcapital Inc.,NASDAQ,Miscellaneous Commercial Services,1.32,0.81,0.62,23.1,20.57,14654756.8,42138292.766666666,55622546.0,34062770.0,0.0,207,76.0,7,146.27,5,230.25,7,150.84,5.44,2026-12-21,False,https://www.tradingview.com/chart/?symbol=NASDAQ:NCPL&interval=D,False,True,True,True
GRAL,"GRAIL, Inc.",NASDAQ,Medical Specialties,154.08,96.23,85.74,6.92,6.05,1892378.9,1198205.8,184619550.0,115301747.0,19.53,9,92.79,5,123.56,8,190.72,10,135.69,13.18,2026-11-18,False,https://www.tradingview.com/chart/?symbol=NASDAQ:GRAL&interval=D,True,True,True,True
ASST,"Strive, Inc.",NASDAQ,Financial Conglomerates,30.26,27.03,21.36,5.79,6.13,6797948.1,9976380.4,301885271.0,269661562.0,2.4,144,20.17,58,132.77,7,196.67,9,116.54,6.8,2026-11-13,False,https://www.tradingview.com/chart/?symbol=NASDAQ:ASST&interval=D,False,False,True,True
SDGR,"Schrodinger, Inc.",NASDAQ,Packaged Software,32.6,24.58,21.66,7.26,5.92,2974833.8,2256412.6333333333,73559052.0,55456605.0,14.51,20,58.41,12,91.76,12,172.35,16,107.51,8.53,2026-11-11,False,https://www.tradingview.com/chart/?symbol=NASDAQ:SDGR&interval=D,True,True,True,True
TEAM,Atlassian Corporation,NASDAQ,Packaged Software,196.65,185.77,165.81,4.18,4.71,2714493.9,3393126.7,667258366.0,630336057.0,7.98,60,3.66,138,120.68,9,190.6,11,104.98,3.95,2026-10-29,False,https://www.tradingview.com/chart/?symbol=NASDAQ:TEAM&interval=D,False,False,True,True
BAND,Bandwidth Inc.,NASDAQ,Packaged Software,62.53,53.21,51.37,6.54,6.87,976087.6,883050.8,55217167.0,46984925.0,1.35,164,32.51,28,3.01,150,236.18,6,90.57,3.16,2026-10-29,False,https://www.tradingview.com/chart/?symbol=NASDAQ:BAND&interval=D,False,False,False,True
LIFE,Ethos Technologies Inc.,NASDAQ,Packaged Software,36.13,37.01,33.73,7.76,7.42,1773751.3,1668737.0333333334,60291469.0,61758289.0,8.99,55,-4.32,199,86.53,15,183.59,13,88.6,0.96,2026-12-02,False,https://www.tradingview.com/chart/?symbol=NASDAQ:LIFE&interval=D,False,False,True,True
P,"Everpure, Inc.",NYSE,Computer Peripherals,143.88,108.63,103.43,4.39,4.4,5465208.4,6429477.733333333,925073256.0,698464170.0,15.47,13,46.82,16,89.12,14,120.4,30,85.45,8.89,2026-12-02,False,https://www.tradingview.com/chart/?symbol=NYSE:P&interval=D,True,True,True,False
HPE,Hewlett Packard Enterprise Company,NYSE,Computer Processing Hardware,68.36,58.44,56.14,4.8,5.36,19027493.1,24398277.000000022,1667866216.0,1425721449.0,8.94,56,26.95,38,57.35,28,169.66,17,84.65,4.06,2026-12-03,False,https://www.tradingview.com/chart/?symbol=NYSE:HPE&interval=D,False,False,False,True
APPS,"Digital Turbine, Inc.",NASDAQ,Packaged Software,11.21,11.14,11.16,7.52,7.37,3289370.8,2879922.033333333,32283926.0,32089051.0,1.91,151,4.28,136,0.54,166,241.25,5,82.02,0.06,2026-11-11,False,https://www.tradingview.com/chart/?symbol=NASDAQ:APPS&interval=D,False,False,False,True
DELL,Dell Technologies Inc.,NYSE,Computer Processing Hardware,552.29,522.73,491.25,4.29,5.08,6863013.9,9233938.833333334,5099812078.0,4826832223.0,0.1,203,7.5,113,38.85,55,197.31,8,81.22,2.44,2026-12-01,False,https://www.tradingview.com/chart/?symbol=NYSE:DELL&interval=D,False,False,False,True
OKTA,"Okta, Inc.",NASDAQ,Packaged Software,218.29,181.6,166.35,4.27,4.31,3814699.9,4336364.8,946585072.0,787462889.0,13.68,26,29.64,31,45.53,44,168.43,18,81.2,7.24,2026-12-08,False,https://www.tradingview.com/chart/?symbol=NASDAQ:OKTA&interval=D,False,False,False,True
CORT,Corcept Therapeutics Incorporated,NASDAQ,Pharmaceuticals: Major,122.03,115.09,113.53,4.64,4.31,927873.7,1471519.1333333333,179569480.0,169355666.0,5.2,102,10.34,92,32.14,69,187.54,12,76.67,1.74,2026-11-04,False,https://www.tradingview.com/chart/?symbol=NASDAQ:CORT&interval=D,False,False,False,True
VEEA,Veea Inc.,NASDAQ,Packaged Software,5.72,2.92,2.92,18.72,17.93,15653814.3,14065395.159999998,80454060.0,41036259.0,89.4,2,244.58,2,28.77,77,-51.41,387,73.98,5.35,,False,https://www.tradingview.com/chart/?symbol=NASDAQ:VEEA&interval=D,True,True,False,False
CVI,CVR Energy Inc.,NYSE,Oil Refining/Marketing,56.94,48.18,42.78,4.86,4.81,1034422.0,1133676.6666666667,64551549.0,54617897.0,9.5,50,32.76,27,96.62,10,87.86,54,72.41,6.88,2026-11-02,False,https://www.tradingview.com/chart/?symbol=NYSE:CVI&interval=D,False,False,True,False
ILMN,"Illumina, Inc.",NASDAQ,Medical Specialties,293.69,236.46,220.88,4.55,4.14,3061527.2,3475273.8333333335,1020653172.0,821765567.0,10.43,44,35.5,24,51.45,35,124.21,28,70.39,7.96,2026-10-29,False,https://www.tradingview.com/chart/?symbol=NASDAQ:ILMN&interval=D,False,False,False,False
PLSE,"Pulse Biosciences, Inc",NASDAQ,Medical Specialties,50.5,51.37,47.3,6.5,6.82,515326.4,613443.4333333333,30978893.0,31510749.0,-2.19,243,-5.92,213,74.02,19,142.91,22,70.33,0.99,2026-11-16,False,https://www.tradingview.com/chart/?symbol=NASDAQ:PLSE&interval=D,False,False,True,False
SMTC,Semtech Corporation,NASDAQ,Semiconductors,192.83,160.41,147.3,5.41,5.81,3073797.1,3620597.2,698159758.0,580766118.0,7.73,66,39.02,20,48.33,42,118.95,32,68.77,5.32,2026-12-02,False,https://www.tradingview.com/chart/?symbol=NASDAQ:SMTC&interval=D,False,True,False,False
GLND,Greenland Energy Company,NASDAQ,Financial Conglomerates,3.71,2.34,2.13,23.3,18.97,48069280.0,23626750.733333334,87655245.0,55361415.0,-27.82,406,181.06,3,70.18,22,-46.23,377,68.34,3.92,2026-12-02,False,https://www.tradingview.com/chart/?symbol=NASDAQ:GLND&interval=D,False,True,False,False
RNG,"RingCentral, Inc.",NYSE,Packaged Software,79.06,73.18,68.55,4.29,4.16,1670609.3,1532261.5333333334,121140597.0,112123238.0,6.26,84,4.92,130,95.64,11,102.3,44,67.62,3.69,2026-11-09,False,https://www.tradingview.com/chart/?symbol=NYSE:RNG&interval=D,False,False,True,False
COHU,"Cohu, Inc.",NASDAQ,Semiconductors,73.73,56.96,55.05,4.07,4.9,946180.8,978784.7,72165796.0,55753045.0,10.49,43,56.37,13,35.23,64,110.66,39,67.42,6.92,2026-10-29,False,https://www.tradingview.com/chart/?symbol=NASDAQ:COHU&interval=D,False,True,False,False
ALAB,"Astera Labs, Inc.",NASDAQ,Semiconductors,362.34,311.77,310.07,5.63,5.99,3672759.0,3747688.966666667,1357937620.0,1168403248.0,1.69,157,26.69,40,-10.12,218,183.08,14,66.55,2.81,2026-11-10,False,https://www.tradingview.com/chart/?symbol=NASDAQ:ALAB&interval=D,False,False,False,True
PURR,Hyperliquid Strategies Inc,NASDAQ,Financial Conglomerates,12.92,12.26,10.21,7.11,8.11,18996909.6,25237025.5,326062369.0,309460613.0,3.28,132,4.32,135,48.51,41,146.56,21,66.46,3.28,2026-12-02,False,https://www.tradingview.com/chart/?symbol=NASDAQ:PURR&interval=D,False,False,False,True
PENG,"Penguin Solutions, Inc.",NASDAQ,Semiconductors,60.71,52.23,53.41,4.45,5.49,1780836.9,1525385.2666666666,92606140.0,79677482.0,9.3,52,21.4,53,-3.57,180,179.77,15,65.86,2.49,2026-10-06,True,https://www.tradingview.com/chart/?symbol=NASDAQ:PENG&interval=D,False,False,False,True
RBRK,"Rubrik, Inc.",NYSE,Information Technology Services,122.68,102.78,97.17,4.05,4.29,2800289.8,3578750.8,439041148.0,367816850.0,14.72,19,33.15,26,37.58,60,122.89,29,64.54,6.12,2026-12-03,False,https://www.tradingview.com/chart/?symbol=NYSE:RBRK&interval=D,True,False,False,False
TWLO,Twilio Inc.,NYSE,Packaged Software,300.91,253.9,239.37,5.19,4.77,6674432.6,3450615.1,1038324590.0,876101972.0,12.34,30,25.63,44,40.88,52,118.84,33,61.79,5.38,2026-10-29,False,https://www.tradingview.com/chart/?symbol=NYSE:TWLO&interval=D,False,False,False,False
PBF,PBF Energy Inc.,NYSE,Oil Refining/Marketing,84.16,74.55,72.13,5.57,5.58,3479650.7,3616661.1666666665,304378204.0,269640173.0,12.6,29,12.97,82,70.64,21,100.19,45,61.27,2.99,2026-10-29,False,https://www.tradingview.com/chart/?symbol=NYSE:PBF&interval=D,False,False,True,False
AMC,"AMC Entertainment Holdings, Inc.",NYSE,Movies/Entertainment,2.79,2.72,2.66,7.77,7.35,30460971.300000034,27925442.8,77911985.0,75864120.0,-4.45,289,6.08,123,63.16,24,111.36,38,60.2,0.64,2026-11-11,False,https://www.tradingview.com/chart/?symbol=NYSE:AMC&interval=D,False,False,False,False
HTFL,"Heartflow, Inc.",NASDAQ,Packaged Software,52.21,49.21,42.63,4.43,4.67,1596092.6,1932439.9,100892687.0,95094723.0,7.34,73,4.97,128,90.2,13,82.11,60,59.09,4.81,2026-11-18,False,https://www.tradingview.com/chart/?symbol=NASDAQ:HTFL&interval=D,False,False,True,False
ECO,Okeanis Eco Tankers Corp.,NYSE,Marine Shipping,88.6,75.86,70.06,4.03,3.96,786120.2,719327.3666666667,63732405.0,54566735.0,11.38,39,26.63,41,66.92,23,80.67,62,58.07,6.68,2026-11-11,False,https://www.tradingview.com/chart/?symbol=NYSE:ECO&interval=D,False,False,False,False
AEHR,Aehr Test Systems,NASDAQ,Electronic Production Equipment,104.4,92.33,96.75,6.63,8.01,2093635.8,2540644.2,265243254.0,234581913.0,2.91,139,33.81,25,57.21,29,82.04,61,57.69,0.99,2026-10-06,True,https://www.tradingview.com/chart/?symbol=NASDAQ:AEHR&interval=D,False,False,False,False
ATRC,"AtriCure, Inc.",NASDAQ,Medical Specialties,56.37,54.41,49.54,4.47,4.3,1280713.6,1375910.5333333334,77560077.0,74869025.0,-2.07,242,8.34,105,74.04,18,87.71,55,56.7,3.21,2026-11-04,False,https://www.tradingview.com/chart/?symbol=NASDAQ:ATRC&interval=D,False,False,True,False
AXTI,AXT Inc,NASDAQ,Electronic Production Equipment,86.66,68.97,69.02,7.19,7.97,7285143.0,8240659.266666667,714135532.0,568333548.0,13.24,27,50.22,14,46.1,43,69.95,74,55.42,3.21,2026-10-29,False,https://www.tradingview.com/chart/?symbol=NASDAQ:AXTI&interval=D,False,True,False,False
XMTR,"Xometry, Inc.",NASDAQ,Information Technology Services,107.7,95.07,92.33,5.28,4.91,909936.1,763115.2666666667,82187514.0,72545680.0,9.06,54,14.04,76,15.64,101,135.51,24,55.07,3.39,2026-11-05,False,https://www.tradingview.com/chart/?symbol=NASDAQ:XMTR&interval=D,False,False,False,False
NTSK,"Netskope, Inc.",NASDAQ,Packaged Software,18.42,16.22,15.38,4.58,5.12,5540135.5,6697478.2,123367548.0,108604074.0,7.47,70,30.18,30,48.55,40,84.75,57,54.49,3.87,2026-12-11,False,https://www.tradingview.com/chart/?symbol=NASDAQ:NTSK&interval=D,False,False,False,False
NEO,"NeoGenomics, Inc.",NASDAQ,Medical/Nursing Services,19.13,18.28,17.31,4.39,4.48,2517743.1,2061738.3333333333,39441054.0,37686515.0,0.58,193,11.22,88,26.77,79,124.27,27,54.09,2.35,2026-11-10,False,https://www.tradingview.com/chart/?symbol=NASDAQ:NEO&interval=D,False,False,False,False
BFLY,"Butterfly Network, Inc.",NYSE,Medical Specialties,9.38,8.33,8.43,7.17,6.85,6706210.0,5224595.7,49006708.0,43534814.0,1.08,177,28.85,33,15.23,102,117.63,35,53.9,1.65,2026-10-29,False,https://www.tradingview.com/chart/?symbol=NYSE:BFLY&interval=D,False,False,False,False
DINO,HF Sinclair Corporation,NYSE,Oil Refining/Marketing,115.22,106.59,99.91,4.44,4.07,2781600.7,2643747.4,304612575.0,281789985.0,7.56,67,9.59,99,53.96,33,97.8,46,53.78,3.77,2026-10-28,False,https://www.tradingview.com/chart/?symbol=NYSE:DINO&interval=D,False,False,False,False
FIVN,"Five9, Inc.",NASDAQ,Packaged Software,34.37,33.88,32.59,6.2,5.68,2537848.7,2153247.3333333335,74007111.0,72958121.0,-1.09,223,2.62,141,40.4,53,118.22,34,53.75,0.96,2026-11-09,False,https://www.tradingview.com/chart/?symbol=NASDAQ:FIVN&interval=D,False,False,False,False
VICR,Vicor Corporation,NASDAQ,Electronic Components,305.61,225.06,221.5,5.41,5.95,1045661.5,866786.1,264898500.0,195082058.0,8.35,58,67.95,10,15.11,103,74.45,71,52.51,6.38,2026-10-27,False,https://www.tradingview.com/chart/?symbol=NASDAQ:VICR&interval=D,False,True,False,False
ETON,"Eton Pharmaceuticals, Inc.",NASDAQ,Pharmaceuticals: Major,55.62,58.21,54.87,6.34,6.34,755501.7,581675.3666666667,32352784.0,33860002.0,-3.57,270,-7.1,227,44.73,45,119.76,31,52.46,0.22,2026-11-05,False,https://www.tradingview.com/chart/?symbol=NASDAQ:ETON&interval=D,False,False,False,False
FCEL,"FuelCell Energy, Inc.",NASDAQ,Electronic Equipment/Instruments,18.07,16.95,18.49,5.82,8.07,4999753.499999998,6327971.699999995,114346449.0,107286542.0,11.89,34,24.45,46,-35.68,363,168.1,19,52.29,-0.28,2026-12-17,False,https://www.tradingview.com/chart/?symbol=NASDAQ:FCEL&interval=D,False,False,False,True
U,Unity Software Inc.,NYSE,Packaged Software,45.68,42.66,41.67,4.76,4.67,12116844.7,9921821.6,453228811.0,423264909.0,12.26,31,10.18,93,51.06,36,94.88,48,52.04,2.06,2026-11-11,False,https://www.tradingview.com/chart/?symbol=NYSE:U&interval=D,False,False,False,False
SMCI,"Super Micro Computer, Inc.",NASDAQ,Computer Processing Hardware,43.19,39.4,36.78,4.6,5.13,33516460.6,36750546.833333336,1587256118.0,1447934795.0,1.03,179,13.18,81,62.49,26,80.03,64,51.9,3.4,2026-11-03,False,https://www.tradingview.com/chart/?symbol=NASDAQ:SMCI&interval=D,False,False,False,False
GPRO,"GoPro, Inc.",NASDAQ,Electronics/Appliances,1.36,1.22,1.0,5.62,8.42,10478365.1,65642518.7,89273825.0,79977751.0,6.25,85,-8.11,238,84.47,16,74.36,72,50.24,4.26,2026-11-05,False,https://www.tradingview.com/chart/?symbol=NASDAQ:GPRO&interval=D,False,False,True,False
BB,BlackBerry Limited,NYSE,Packaged Software,9.08,8.19,8.34,5.96,5.37,26545736.8,15471258.333333341,140479026.0,126642564.0,14.36,22,18.38,63,-18.16,269,150.14,20,50.12,1.65,2026-12-17,False,https://www.tradingview.com/chart/?symbol=NYSE:BB&interval=D,False,False,False,True
S,"SentinelOne, Inc.",NYSE,Packaged Software,25.43,22.15,21.66,4.1,4.27,8258968.8,9177554.566666666,233385213.0,203267538.0,16.28,11,27.21,37,37.83,59,84.41,58,49.82,4.08,2026-12-08,False,https://www.tradingview.com/chart/?symbol=NYSE:S&interval=D,True,False,False,False
VLO,Valero Energy Corporation,NYSE,Oil Refining/Marketing,419.33,381.13,357.42,4.31,3.81,3864525.299999976,3449875.100000004,1446636126.0,1314840547.0,7.77,64,13.79,77,56.42,30,78.44,66,49.55,4.54,2026-10-22,False,https://www.tradingview.com/chart/?symbol=NYSE:VLO&interval=D,False,False,False,False
ZETA,Zeta Global Holdings Corp.,NYSE,Packaged Software,32.88,30.51,28.72,4.47,4.58,6304384.2,6488765.2,213350600.0,197974389.0,14.8,18,0.7,163,48.91,39,93.41,49,47.68,3.16,2026-11-10,False,https://www.tradingview.com/chart/?symbol=NYSE:ZETA&interval=D,True,False,False,False
INTC,Intel Corporation,NASDAQ,Semiconductors,116.19,105.12,101.35,4.76,5.16,98740000.3,101523596.1,11796026631.0,10672261946.0,-3.72,272,25.68,43,-0.09,169,109.86,40,45.15,2.84,2026-10-22,False,https://www.tradingview.com/chart/?symbol=NASDAQ:INTC&interval=D,False,False,False,False
TEM,"Tempus AI, Inc.",NASDAQ,Packaged Software,83.55,71.42,63.39,6.37,6.23,6794399.4,7048588.866666666,588909600.0,503386722.0,-0.02,208,29.01,32,37.99,58,66.53,78,44.51,5.1,2026-11-10,False,https://www.tradingview.com/chart/?symbol=NASDAQ:TEM&interval=D,False,False,False,False
SNDK,Sandisk Corporation,NASDAQ,Computer Peripherals,1704.16,1654.28,1545.02,5.06,5.73,7882132.6,9887297.166666666,16849536340.0,16356346422.0,-1.87,236,7.45,114,5.24,142,117.37,36,43.35,1.8,2026-10-29,False,https://www.tradingview.com/chart/?symbol=NASDAQ:SNDK&interval=D,False,False,False,False
OSCR,"Oscar Health, Inc.",NYSE,Managed Health Care,32.42,31.21,30.85,5.22,5.13,5024783.6,5139379.666666667,166618689.0,160418884.0,9.86,48,0.71,162,2.27,157,126.16,26,43.05,0.99,2026-11-10,False,https://www.tradingview.com/chart/?symbol=NYSE:OSCR&interval=D,False,False,False,False
DK,"Delek US Holdings, Inc.",NYSE,Oil Refining/Marketing,75.4,73.07,69.84,5.21,5.39,2656690.1,2482687.8333333335,187194663.0,181402552.0,11.85,35,5.45,125,41.65,50,79.87,65,42.32,1.48,2026-11-11,False,https://www.tradingview.com/chart/?symbol=NYSE:DK&interval=D,False,False,False,False
CLMT,"Calumet, Inc",NASDAQ,Oil Refining/Marketing,56.03,53.64,50.18,4.48,4.34,1664584.4,1445118.6,80969995.0,77520015.0,3.8,124,4.96,129,50.34,37,70.62,73,41.97,2.69,2026-11-06,False,https://www.tradingview.com/chart/?symbol=NASDAQ:CLMT&interval=D,False,False,False,False
NET,"Cloudflare, Inc.",NYSE,Information Technology Services,359.49,320.39,309.67,4.56,4.49,2893067.2,3080234.3666666667,1107313452.0,986862941.0,5.97,92,27.37,36,38.71,56,59.77,86,41.95,3.59,2026-10-29,False,https://www.tradingview.com/chart/?symbol=NYSE:NET&interval=D,False,False,False,False
SBET,"Sharplink, Inc.",NASDAQ,Advertising/Marketing Services,9.59,8.96,7.97,5.65,6.04,7511561.2,8725839.800000025,83680804.0,78142804.0,0.95,184,11.51,86,71.86,20,41.03,114,41.47,3.37,2026-11-12,False,https://www.tradingview.com/chart/?symbol=NASDAQ:SBET&interval=D,False,False,True,False
AMBQ,"Ambiq Micro, Inc.",NYSE,Semiconductors,65.92,62.96,63.21,5.86,5.96,463809.3,536198.6,35346212.0,33761566.0,-5.55,315,14.31,74,-18.06,268,126.53,25,40.92,0.72,2026-11-05,False,https://www.tradingview.com/chart/?symbol=NYSE:AMBQ&interval=D,False,False,False,False
MANE,"Veradermics, Incorporated",NYSE,Pharmaceuticals: Major,118.87,106.8,107.58,5.25,5.04,769029.2,700021.7,83211579.0,74761151.0,3.75,126,20.17,59,-4.13,183,105.91,41,40.65,2.08,2026-12-02,False,https://www.tradingview.com/chart/?symbol=NYSE:MANE&interval=D,False,False,False,False
OUST,"Ouster, Inc.",NASDAQ,Semiconductors,44.12,37.39,39.12,5.7,6.12,2626145.1,2198281.6666666665,96988187.0,82200346.0,0.87,186,23.38,50,-6.66,195,104.73,43,40.48,2.09,2026-11-05,False,https://www.tradingview.com/chart/?symbol=NASDAQ:OUST&interval=D,False,False,False,False
SITM,SiTime Corporation,NASDAQ,Semiconductors,710.04,611.52,613.46,4.44,5.37,401169.2,418490.6,297145066.0,255914186.0,7.47,69,20.87,57,22.42,87,77.51,67,40.27,2.93,2026-11-04,False,https://www.tradingview.com/chart/?symbol=NASDAQ:SITM&interval=D,False,False,False,False
MAN,ManpowerGroup,NYSE,Personnel Services,54.2,58.49,57.67,4.11,4.41,958718.2,820059.1,44447203.0,47969084.0,-4.95,300,-10.83,259,42.18,49,89.38,53,40.24,-1.36,2026-10-15,False,https://www.tradingview.com/chart/?symbol=NYSE:MAN&interval=D,False,False,False,False
MGNI,"Magnite, Inc.",NASDAQ,Packaged Software,24.96,24.21,23.5,4.24,4.3,2159644.1999999997,2236879.333333331,55832508.0,54154849.0,5.99,91,2.13,144,18.86,92,97.0,47,39.33,1.44,2026-11-11,False,https://www.tradingview.com/chart/?symbol=NASDAQ:MGNI&interval=D,False,False,False,False
FORM,"FormFactor, Inc.",NASDAQ,Semiconductors,147.99,117.23,116.16,4.05,4.93,2601642.1,1650710.6333333333,244288667.0,193507030.0,14.44,21,48.52,15,32.39,68,32.38,136,37.77,5.56,2026-11-04,False,https://www.tradingview.com/chart/?symbol=NASDAQ:FORM&interval=D,True,True,False,False
BE,Bloom Energy Corporation,NYSE,Electronic Production Equipment,286.65,255.73,238.19,6.39,7.02,14070882.0,15808085.833333334,4531387804.0,4042601790.0,1.47,160,21.04,55,0.05,168,91.87,51,37.65,2.9,2026-10-29,False,https://www.tradingview.com/chart/?symbol=NYSE:BE&interval=D,False,False,False,False
SLS,"SELLAS Life Sciences Group, Inc.",NASDAQ,Pharmaceuticals: Major,11.63,12.6,12.32,6.16,7.59,4919999.2,6658111.0,77433831.0,83913283.0,1.04,178,-13.92,287,-16.36,251,142.8,23,37.51,-0.73,2026-11-18,False,https://www.tradingview.com/chart/?symbol=NASDAQ:SLS&interval=D,False,False,False,False
NAT,Nordic American Tankers Limited,NYSE,Marine Shipping,8.37,7.51,7.13,4.09,4.02,5026194.7,4935373.266666667,41309074.0,37072879.0,7.03,78,17.89,65,42.83,48,50.81,101,37.18,4.33,2026-12-02,False,https://www.tradingview.com/chart/?symbol=NYSE:NAT&interval=D,False,False,False,False
TENB,"Tenable Holdings, Inc.",NASDAQ,Packaged Software,38.51,35.26,35.26,4.82,5.37,2915696.7,5016357.333333333,193179921.0,176885120.0,17.8,10,13.53,78,-8.43,203,105.39,42,36.83,1.71,2026-11-04,False,https://www.tradingview.com/chart/?symbol=NASDAQ:TENB&interval=D,True,False,False,False
NBIS,Nebius Group N.V.,NASDAQ,Packaged Software,232.57,223.93,219.75,6.34,6.85,14203106.4,14676566.733333332,3413329125.0,3286526035.0,-1.12,225,10.65,91,14.95,104,83.3,59,36.3,0.85,2026-10-22,False,https://www.tradingview.com/chart/?symbol=NASDAQ:NBIS&interval=D,False,False,False,False
CBRL,"Cracker Barrel Old Country Store, Inc.",NASDAQ,Restaurants,56.32,51.78,53.85,4.72,4.71,1305645.3,1049975.8,59134637.0,54362497.0,7.79,63,4.39,134,11.08,117,92.28,50,35.92,0.97,2026-11-27,False,https://www.tradingview.com/chart/?symbol=NASDAQ:CBRL&interval=D,False,False,False,False
LITE,Lumentum Holdings Inc.,NASDAQ,Electrical Products,1091.67,931.13,885.6,5.57,5.98,4494462.7,4446747.266666667,4854380589.0,4140479772.0,15.18,15,26.73,39,56.08,31,24.42,156,35.75,3.89,2026-11-10,False,https://www.tradingview.com/chart/?symbol=NASDAQ:LITE&interval=D,True,False,False,False
SWKS,"Skyworks Solutions, Inc.",NASDAQ,Semiconductors,83.91,80.12,74.7,5.05,5.29,7404388.8,7904334.833333333,663252736.0,633316385.0,-6.14,324,18.03,64,38.99,54,49.15,103,35.39,2.33,2026-10-29,False,https://www.tradingview.com/chart/?symbol=NASDAQ:SWKS&interval=D,False,False,False,False
MSTR,Strategy Inc,NASDAQ,Internet Software/Services,164.43,142.72,125.06,5.08,5.54,19588419.3,24862803.666666668,4088190807.0,3548518791.0,4.23,114,19.72,60,62.51,25,23.02,162,35.08,5.68,2026-11-04,False,https://www.tradingview.com/chart/?symbol=NASDAQ:MSTR&interval=D,False,False,False,False
BMNR,"BitMine Immersion Technologies, Inc.",NYSE,Financial Conglomerates,26.79,25.55,22.74,5.2,5.98,32515838.7,42243842.0,1131712527.0,1079442813.0,-1.25,226,5.74,124,74.53,17,23.29,161,34.52,2.97,2026-11-20,False,https://www.tradingview.com/chart/?symbol=NYSE:BMNR&interval=D,False,False,True,False
PARR,"Par Pacific Holdings, Inc. Common Stock",NYSE,Oil Refining/Marketing,87.52,80.86,79.76,5.03,5.15,936984.7000000015,932860.0333333337,81643910.0,75427020.0,11.83,36,8.4,103,43.78,47,50.9,100,34.36,1.89,2026-11-09,False,https://www.tradingview.com/chart/?symbol=NYSE:PARR&interval=D,False,False,False,False
AMLX,"Amylyx Pharmaceuticals, Inc.",NASDAQ,Pharmaceuticals: Major,27.78,32.6,29.52,4.96,5.57,1263647.9,1643561.6666666667,45658143.0,53579289.0,-4.54,290,-16.78,317,53.99,32,65.75,79,34.32,-1.06,2026-11-05,False,https://www.tradingview.com/chart/?symbol=NASDAQ:AMLX&interval=D,False,False,False,False
CRDO,Credo Technology Group Holding Ltd,NASDAQ,Information Technology Services,212.48,191.61,208.05,5.67,6.73,8363272.1,8624045.933333334,1832437280.0,1652413196.0,3.09,136,31.08,29,-14.96,245,86.6,56,34.24,0.32,2026-12-02,False,https://www.tradingview.com/chart/?symbol=NASDAQ:CRDO&interval=D,False,False,False,False
HPQ,HP Inc.,NYSE,Information Technology Services,31.47,31.89,30.7,4.1,4.27,12780723.799999993,16471285.733333435,518351362.0,525269302.0,0.58,194,-1.5,178,38.21,57,65.37,80,34.03,0.59,2026-12-01,False,https://www.tradingview.com/chart/?symbol=NYSE:HPQ&interval=D,False,False,False,False
RGEN,Repligen Corporation,NASDAQ,Pharmaceuticals: Major,189.5,178.63,170.82,4.15,4.21,1365614.9,1095036.3333333333,207509385.0,195604880.0,1.2,171,13.3,80,31.07,73,56.86,92,33.74,2.6,2026-11-03,False,https://www.tradingview.com/chart/?symbol=NASDAQ:RGEN&interval=D,False,False,False,False
APPN,Appian Corporation,NASDAQ,Packaged Software,38.21,37.86,35.7,4.74,5.29,734738.0,893847.3,34153905.0,33844634.0,7.39,72,-4.67,204,52.84,34,52.6,97,33.59,1.33,2026-10-29,False,https://www.tradingview.com/chart/?symbol=NASDAQ:APPN&interval=D,False,False,False,False
SG,"Sweetgreen, Inc.",NYSE,Restaurants,9.09,7.42,6.88,4.74,5.08,5735504.2,5090618.466666667,46273722.0,37767298.0,6.07,88,36.69,22,11.12,116,51.75,99,33.19,6.32,2026-11-05,False,https://www.tradingview.com/chart/?symbol=NYSE:SG&interval=D,False,False,False,False
FROG,JFrog Ltd.,NASDAQ,Packaged Software,97.86,92.63,90.09,4.85,5.19,1568670.2,1805532.4666666666,176689407.0,167246472.0,12.82,28,9.04,101,-0.66,170,89.43,52,32.6,1.66,2026-11-04,False,https://www.tradingview.com/chart/?symbol=NASDAQ:FROG&interval=D,False,False,False,False
AMRX,"Amneal Pharmaceuticals, Inc.",NASDAQ,Pharmaceuticals: Major,20.35,18.5,18.37,4.77,3.71,3124936.4,2570345.6333333333,52306534.0,47551823.0,4.09,116,15.82,73,18.25,94,60.81,84,31.62,2.91,2026-10-29,False,https://www.tradingview.com/chart/?symbol=NASDAQ:AMRX&interval=D,False,False,False,False
GEO,Geo Group Inc (The) REIT,NYSE,Miscellaneous Commercial Services,32.34,31.38,31.24,4.38,4.14,2891147.3,2406593.433333333,77829232.0,75521309.0,4.32,112,5.34,126,8.27,130,80.37,63,31.33,0.85,2026-11-05,False,https://www.tradingview.com/chart/?symbol=NYSE:GEO&interval=D,False,False,False,False
GCT,GigaCloud Technology Inc,NASDAQ,Wholesale Distributors,54.66,52.07,50.46,4.61,4.51,671905.0,605913.5666666667,33119236.0,31549213.0,2.8,140,8.97,102,60.39,27,23.39,160,30.91,1.84,2026-11-26,False,https://www.tradingview.com/chart/?symbol=NASDAQ:GCT&interval=D,False,False,False,False
STX,Seagate Technology Holdings PLC,NASDAQ,Computer Peripherals,887.09,857.64,855.42,4.98,6.27,4513219.2,3956529.8,3509798020.0,3393263051.0,-2.74,252,8.35,104,8.01,131,76.29,69,30.88,0.59,2026-10-28,False,https://www.tradingview.com/chart/?symbol=NASDAQ:STX&interval=D,False,False,False,False
ZS,"Zscaler, Inc.",NASDAQ,Packaged Software,201.8,187.84,180.28,4.34,4.64,2792845.4,3364709.433333333,678998364.0,632031506.0,6.83,79,21.46,52,32.12,70,35.88,127,29.82,2.57,2026-12-01,False,https://www.tradingview.com/chart/?symbol=NASDAQ:ZS&interval=D,False,False,False,False
AYA,Aya Gold & Silver Inc.,NASDAQ,Precious Metals,27.03,27.97,26.56,4.48,5.36,1041676.2,1284230.7666666666,34712758.0,35917794.0,0.86,187,-6.11,215,34.14,66,59.09,89,29.04,0.33,2026-11-17,False,https://www.tradingview.com/chart/?symbol=NASDAQ:AYA&interval=D,False,False,False,False
IBRX,"ImmunityBio, Inc.",NASDAQ,Pharmaceuticals: Major,10.38,8.47,8.06,6.33,5.9,15638215.6,11638678.0,120809478.0,98554386.0,23.72,4,28.47,34,15.85,100,42.19,110,28.84,4.87,2026-11-05,False,https://www.tradingview.com/chart/?symbol=NASDAQ:IBRX&interval=D,True,False,False,False
SAIL,"SailPoint, Inc.",NASDAQ,Packaged Software,20.29,19.67,18.99,5.38,5.69,5810966.4,5039919.7,102259971.0,99128501.0,1.3,169,6.23,122,26.65,80,53.6,95,28.83,1.2,2026-12-15,False,https://www.tradingview.com/chart/?symbol=NASDAQ:SAIL&interval=D,False,False,False,False
SYRE,"Spyre Therapeutics, Inc.",NASDAQ,Pharmaceuticals: Major,92.72,90.86,95.79,4.71,5.31,1216726.1999999995,1311558.9333333333,121607744.0,119173054.0,9.44,51,7.25,116,3.02,149,75.94,70,28.74,-0.6,2026-11-05,False,https://www.tradingview.com/chart/?symbol=NASDAQ:SYRE&interval=D,False,False,False,False
INSP,"Inspire Medical Systems, Inc.",NYSE,Medical Specialties,70.75,67.99,63.64,5.22,4.96,877263.6,802364.4666666667,56767286.0,54554365.0,-0.11,212,15.98,70,41.58,51,28.64,144,28.73,2.26,2026-11-09,False,https://www.tradingview.com/chart/?symbol=NYSE:INSP&interval=D,False,False,False,False
SECZ,Securitize Corp.,NYSE,Packaged Software,11.7,10.07,8.73,14.76,12.04,5461405.9,3885067.2333333334,45455287.0,39129102.0,-26.88,405,69.57,9,9.55,126,6.85,203,28.66,2.83,2026-11-13,False,https://www.tradingview.com/chart/?symbol=NYSE:SECZ&interval=D,False,True,False,False
ERO,Ero Copper Corp.,NYSE,Other Metals/Minerals,38.44,36.44,34.62,4.12,4.95,1320628.2,1428757.7666666666,54921449.0,52059647.0,6.35,83,10.71,90,48.99,38,25.42,152,28.37,2.23,2026-11-02,False,https://www.tradingview.com/chart/?symbol=NYSE:ERO&interval=D,False,False,False,False
SANM,Sanmina Corporation,NASDAQ,Electronic Production Equipment,225.08,205.86,202.32,4.2,4.63,656571.0,613567.7,138101818.0,126309456.0,0.29,200,14.25,75,6.23,137,62.58,82,27.69,2.43,2026-11-09,False,https://www.tradingview.com/chart/?symbol=NASDAQ:SANM&interval=D,False,False,False,False
WOLF,"Wolfspeed, Inc.",NYSE,Semiconductors,33.53,27.14,27.33,6.29,7.45,2985071.1000001146,2662542.700000022,89275057.0,72251646.0,21.66,6,23.73,48,-10.44,219,68.49,76,27.26,3.05,2026-10-28,False,https://www.tradingview.com/chart/?symbol=NYSE:WOLF&interval=D,True,False,False,False
NUAI,"New Era Energy & Digital, Inc.",NASDAQ,Engineering & Construction,6.05,5.93,5.58,9.79,9.89,8871748.6,7590155.033333333,45920438.0,45005824.0,-13.32,389,16.35,67,31.52,72,33.7,134,27.19,0.84,2026-12-02,False,https://www.tradingview.com/chart/?symbol=NASDAQ:NUAI&interval=D,False,False,False,False
SEI,"Solaris Energy Infrastructure, Inc.",NYSE,Oilfield Services/Equipment,74.75,62.82,60.23,4.63,5.31,2188687.8,2558466.1333333333,191245343.0,160733076.0,4.75,105,39.72,19,11.24,113,26.69,146,25.88,4.54,2026-11-02,False,https://www.tradingview.com/chart/?symbol=NYSE:SEI&interval=D,False,True,False,False
CXW,"CoreCivic, Inc.",NYSE,Miscellaneous Commercial Services,33.73,33.62,32.93,5.33,4.95,2362358.3,2035633.0,68661901.0,68429160.0,5.24,101,0.81,161,8.81,128,66.9,77,25.5,0.49,2026-11-09,False,https://www.tradingview.com/chart/?symbol=NYSE:CXW&interval=D,False,False,False,False
BRKR,Bruker Corporation,NASDAQ,Medical Specialties,63.86,59.46,58.97,4.7,4.49,2238325.9,2192452.066666667,140009989.0,130357353.0,1.01,180,7.65,111,4.24,145,63.66,81,25.19,1.85,2026-10-29,False,https://www.tradingview.com/chart/?symbol=NASDAQ:BRKR&interval=D,False,False,False,False
INOD,Innodata Inc.,NASDAQ,Data Processing Services,66.97,60.36,61.29,7.92,7.0,2261541.6,1427791.2,95619177.0,86176955.0,-2.46,247,21.74,51,-6.1,194,59.19,88,24.94,1.32,2026-11-05,False,https://www.tradingview.com/chart/?symbol=NASDAQ:INOD&interval=D,False,False,False,False
NEOG,Neogen Corporation,NASDAQ,Medical Specialties,13.01,12.4,11.97,4.8,4.39,5762824.1,3637464.9,47323418.0,45102746.0,-5.38,312,13.43,79,35.66,62,23.43,159,24.17,1.97,2026-10-06,True,https://www.tradingview.com/chart/?symbol=NASDAQ:NEOG&interval=D,False,False,False,False
DOCN,"DigitalOcean Holdings, Inc.",NYSE,Packaged Software,137.23,126.44,125.01,6.12,6.38,1900150.4,2493372.2,342165467.0,315255332.0,1.34,165,23.76,47,-5.36,191,52.38,98,23.6,1.53,2026-11-09,False,https://www.tradingview.com/chart/?symbol=NYSE:DOCN&interval=D,False,False,False,False
MRX,Marex Group Limited,NASDAQ,Internet Software/Services,75.21,72.77,70.25,4.3,4.25,715732.4,771138.2666666667,57997309.0,56119587.0,6.53,82,-0.58,171,13.95,106,56.98,91,23.45,1.66,2026-11-05,False,https://www.tradingview.com/chart/?symbol=NASDAQ:MRX&interval=D,False,False,False,False
SHOP,Shopify Inc.,NASDAQ,Miscellaneous Commercial Services,160.11,142.16,141.67,4.04,4.25,10532300.8,9191571.4,1471662497.0,1306701365.0,15.99,12,10.76,89,30.34,74,28.26,145,23.12,3.06,2026-10-22,False,https://www.tradingview.com/chart/?symbol=NASDAQ:SHOP&interval=D,True,False,False,False
ASAN,"Asana, Inc.",NYSE,Packaged Software,9.14,9.29,9.14,6.69,6.78,6863508.5,7663192.033333333,70041575.0,71224261.0,4.34,111,4.58,131,20.26,90,43.49,108,22.77,0.01,2026-12-08,False,https://www.tradingview.com/chart/?symbol=NYSE:ASAN&interval=D,False,False,False,False
VIAV,Viavi Solutions Inc.,NASDAQ,Information Technology Services,46.91,37.97,38.45,4.89,5.39,6497598.199999998,5114443.866666659,239918562.0,194193729.0,14.86,17,36.56,23,16.69,98,14.44,186,22.57,4.08,2026-10-29,False,https://www.tradingview.com/chart/?symbol=NASDAQ:VIAV&interval=D,True,False,False,False
MMED,"MiniMed Group, Inc.",NASDAQ,Medical Specialties,20.16,21.18,20.4,4.06,4.48,4669359.1,3195601.7666666666,64423332.0,67691900.0,0.95,183,-15.44,305,32.54,67,48.78,104,21.96,-0.26,2026-12-30,False,https://www.tradingview.com/chart/?symbol=NASDAQ:MMED&interval=D,False,False,False,False
W,Wayfair Inc.,NYSE,Specialty Stores,106.05,101.23,100.85,4.4,4.71,2456631.9,2321400.466666667,246184519.0,234988405.0,11.64,37,9.33,100,13.67,109,40.84,115,21.28,1.09,2026-11-04,False,https://www.tradingview.com/chart/?symbol=NYSE:W&interval=D,False,False,False,False
PRGO,Perrigo Company plc,NYSE,Pharmaceuticals: Major,14.44,14.3,13.44,4.59,4.48,3051177.1,2779064.4,40129690.0,39743400.0,-5.06,302,2.63,140,29.04,76,31.39,141,21.02,1.66,2026-11-11,False,https://www.tradingview.com/chart/?symbol=NYSE:PRGO&interval=D,False,False,False,False
TSEM,Tower Semiconductor Ltd.,NASDAQ,Semiconductors,249.57,218.93,224.68,4.45,5.28,1666849.5,1783605.5,445134425.0,390483860.0,10.18,47,18.48,62,23.86,84,19.81,175,20.71,2.1,2026-11-16,False,https://www.tradingview.com/chart/?symbol=NASDAQ:TSEM&interval=D,False,False,False,False
KSS,Kohl's Corporation,NYSE,Department Stores,19.53,17.89,18.34,4.35,4.73,4080853.5,4565132.433333334,89157036.0,81668698.0,10.4,45,1.45,157,16.81,97,41.52,111,19.93,1.37,2026-11-12,False,https://www.tradingview.com/chart/?symbol=NYSE:KSS&interval=D,False,False,False,False
CLF,Cleveland-Cliffs Inc.,NYSE,Steel,12.2,11.92,11.91,5.15,5.34,17626056.7,14362743.433333334,175225470.0,171203902.0,3.92,120,0.0,166,26.42,81,31.32,142,19.25,0.45,2026-10-19,False,https://www.tradingview.com/chart/?symbol=NYSE:CLF&interval=D,False,False,False,False
TGB,Trekor Metals Limited,AMEX,Other Metals/Minerals,8.91,8.73,8.45,4.9,5.48,5814030.9,5469806.266666667,48735974.0,47733176.0,7.74,65,6.45,120,29.13,75,21.22,167,18.94,1.0,2026-11-04,False,https://www.tradingview.com/chart/?symbol=AMEX:TGB&interval=D,False,False,False,False
CLS,"Celestica, Inc.",NYSE,Electronic Components,382.69,333.34,331.75,4.65,5.17,2361912.3,2195215.533333333,840087032.0,731758268.0,5.15,103,20.99,56,12.59,112,20.76,169,18.11,2.97,2026-10-26,False,https://www.tradingview.com/chart/?symbol=NYSE:CLS&interval=D,False,False,False,False
CHYM,"Chime Financial, Inc.",NASDAQ,Packaged Software,28.29,30.82,29.84,4.23,4.51,5479111.2,7076587.033333333,200196647.0,218099233.0,7.89,62,-15.32,302,32.04,71,37.26,123,17.99,-1.15,2026-11-11,False,https://www.tradingview.com/chart/?symbol=NASDAQ:CHYM&interval=D,False,False,False,False
ACMR,"ACM Research, Inc.",NASDAQ,Industrial Machinery,76.17,74.44,76.38,5.75,6.74,1446363.1,1080319.1000000017,82287906.0,80415893.0,-0.03,209,6.91,118,-17.71,263,61.75,83,16.98,-0.04,2026-10-28,False,https://www.tradingview.com/chart/?symbol=NASDAQ:ACMR&interval=D,False,False,False,False
TGTX,"TG Therapeutics, Inc.",NASDAQ,Pharmaceuticals: Major,53.91,55.61,53.67,4.23,4.1,1693118.2,1807204.5333333334,97426396.0,100492319.0,-6.0,323,-4.25,198,-3.34,179,57.59,90,16.67,0.11,2026-11-09,False,https://www.tradingview.com/chart/?symbol=NASDAQ:TGTX&interval=D,False,False,False,False
DUOL,"Duolingo, Inc.",NASDAQ,Packaged Software,147.1,147.01,142.96,4.04,4.65,978748.4,1097196.5333333334,161397610.0,161294839.0,4.48,109,-6.58,220,10.63,120,45.7,106,16.59,0.62,2026-11-11,False,https://www.tradingview.com/chart/?symbol=NASDAQ:DUOL&interval=D,False,False,False,False
WK,Workiva Inc.,NYSE,Information Technology Services,71.88,73.16,70.29,4.32,4.38,2102550.9,1308654.1,94066057.0,95737644.0,6.06,89,-7.61,233,35.65,63,20.06,174,16.03,0.52,2026-11-04,False,https://www.tradingview.com/chart/?symbol=NYSE:WK&interval=D,False,False,False,False
COHR,Coherent Corp.,NYSE,Semiconductors,333.64,293.78,298.05,5.54,6.31,6628935.4,6347201.5,2117680308.0,1864699898.0,15.02,16,23.71,49,3.96,147,20.32,173,16.0,1.89,2026-11-11,False,https://www.tradingview.com/chart/?symbol=NYSE:COHR&interval=D,True,False,False,False
QCOM,QUALCOMM Incorporated,NASDAQ,Semiconductors,180.79,179.13,171.72,4.56,4.49,11563709.6,13543442.233333332,2448518921.0,2426100010.0,-9.22,364,6.36,121,1.0,163,40.53,117,15.96,1.18,2026-11-11,False,https://www.tradingview.com/chart/?symbol=NASDAQ:QCOM&interval=D,False,False,False,False
WTTR,"Select Water Solutions, Inc.",NYSE,Oil & Gas Production,20.06,19.97,19.95,4.34,4.3,2205946.6,1724621.6666666667,34595911.0,34443569.0,0.2,201,-0.3,168,11.01,118,36.46,124,15.73,0.13,2026-11-03,False,https://www.tradingview.com/chart/?symbol=NYSE:WTTR&interval=D,False,False,False,False
HUT,Hut 8 Corp.,NASDAQ,Data Processing Services,89.27,90.84,91.49,7.4,8.03,3835774.50000001,4429851.999999998,395452888.0,402421784.0,-6.94,341,2.6,142,-12.13,229,56.38,93,15.62,-0.3,2026-11-18,False,https://www.tradingview.com/chart/?symbol=NASDAQ:HUT&interval=D,False,False,False,False
DFTX,"Definium Therapeutics, Inc.",NASDAQ,Pharmaceuticals: Major,36.23,39.04,40.99,4.88,5.52,2312300.6999999983,2203346.3999999976,79827240.0,86016440.0,0.85,189,-4.51,202,-18.31,271,69.5,75,15.56,-2.1,2026-11-05,False,https://www.tradingview.com/chart/?symbol=NASDAQ:DFTX&interval=D,False,False,False,False
UMAC,"Unusual Machines, Inc.",AMEX,Electronic Equipment/Instruments,21.83,23.7,24.4,7.42,8.41,2628096.8,2791521.0,60938903.0,66166492.0,-7.5,349,-13.27,283,1.53,158,56.15,94,14.81,-1.25,2026-11-12,False,https://www.tradingview.com/chart/?symbol=AMEX:UMAC&interval=D,False,False,False,False
TH,Target Hospitality Corp.,NASDAQ,Hotels/Resorts/Cruise lines,18.91,19.35,18.12,4.77,5.27,2589073.3,2388188.033333333,45160636.0,46220195.0,-8.87,361,1.72,150,6.48,136,35.95,126,14.71,0.82,2026-11-11,False,https://www.tradingview.com/chart/?symbol=NASDAQ:TH&interval=D,False,False,False,False
RMBS,"Rambus, Inc.",NASDAQ,Semiconductors,110.3,93.05,93.81,4.74,4.67,2136912.8,2383472.7,262897039.0,221791669.0,5.86,94,28.46,35,2.5,154,12.55,188,14.51,3.76,2026-11-02,False,https://www.tradingview.com/chart/?symbol=NASDAQ:RMBS&interval=D,False,False,False,False
MAT,"Mattel, Inc.",NASDAQ,Recreational Products,16.05,14.09,14.38,4.95,4.85,10840134.8,6171110.933333334,99046330.0,86943753.0,20.77,8,12.71,84,21.5,89,7.86,199,14.02,2.39,2026-10-27,False,https://www.tradingview.com/chart/?symbol=NASDAQ:MAT&interval=D,True,False,False,False
HOOD,"Robinhood Markets, Inc.",NASDAQ,Investment Banks/Brokers,114.11,113.71,105.78,4.89,5.28,19447714.8,22201892.866666667,2533457995.0,2524658645.0,-3.32,263,-5.28,209,-1.44,173,48.58,105,13.95,1.49,2026-10-27,False,https://www.tradingview.com/chart/?symbol=NASDAQ:HOOD&interval=D,False,False,False,False
AI,"C3.ai, Inc.",NYSE,Packaged Software,11.09,10.6,10.29,4.17,4.45,4164156.4,5090086.933333334,56449064.0,53970192.0,6.12,87,1.65,153,18.48,93,21.6,166,13.91,1.75,2026-12-09,False,https://www.tradingview.com/chart/?symbol=NYSE:AI&interval=D,False,False,False,False
IONQ,"IonQ, Inc.",NYSE,Computer Processing Hardware,42.97,40.62,40.8,5.9,6.16,29336680.1,22334021.033333335,959692884.0,907103709.0,-5.85,320,9.98,95,-9.61,216,40.15,118,13.51,0.86,2026-11-11,False,https://www.tradingview.com/chart/?symbol=NYSE:IONQ&interval=D,False,False,False,False
FSLY,"Fastly, Inc.",NASDAQ,Information Technology Services,26.01,24.1,24.4,9.8,8.54,9757635.6,6742825.333333333,175380887.0,162475119.0,6.14,86,24.69,45,37.4,61,-23.61,311,12.83,0.77,2026-11-04,False,https://www.tradingview.com/chart/?symbol=NASDAQ:FSLY&interval=D,False,False,False,False
KEEL,Keel Infrastructure Corp.,NASDAQ,Data Processing Services,3.45,3.54,3.58,6.81,7.86,23652931.0,31367570.7,108218119.0,111198038.0,-7.75,350,4.55,133,-25.81,325,59.72,87,12.82,-0.48,2026-11-16,False,https://www.tradingview.com/chart/?symbol=NASDAQ:KEEL&interval=D,False,False,False,False
IOT,Samsara Inc.,NYSE,Packaged Software,42.39,39.62,39.28,4.08,4.83,5212360.3,7037933.3,298337993.0,278849955.0,14.1,24,-5.59,210,10.85,119,32.3,137,12.52,1.64,2026-11-26,False,https://www.tradingview.com/chart/?symbol=NYSE:IOT&interval=D,False,False,False,False
RUM,RUM Group Inc.,NASDAQ,Internet Software/Services,7.38,8.45,7.84,6.88,8.06,4448141.0,5663883.1,41799457.0,47839989.0,-9.23,365,-18.0,331,13.71,108,41.38,112,12.36,-0.73,2026-11-16,False,https://www.tradingview.com/chart/?symbol=NASDAQ:RUM&interval=D,False,False,False,False
ARXS,"Arxis, Inc.",NASDAQ,Aerospace & Defense,50.13,51.24,52.5,4.63,4.79,1421820.1,970039.1,48628060.0,49702540.0,1.64,158,-5.84,211,8.93,127,31.92,139,11.67,-0.94,2026-12-02,False,https://www.tradingview.com/chart/?symbol=NASDAQ:ARXS&interval=D,False,False,False,False
FPS,"Forgent Power Solutions, Inc.",NYSE,Electrical Products,38.97,34.28,35.01,5.33,6.02,8143470.5,9300434.2,362437921.0,318818884.0,1.09,176,26.24,42,-15.67,248,23.71,157,11.43,1.88,2026-12-02,False,https://www.tradingview.com/chart/?symbol=NYSE:FPS&interval=D,False,False,False,False
HRI,Herc Holdings Inc.,NYSE,Finance/Rental/Leasing,135.51,141.25,150.15,5.62,5.71,643148.8,769454.5333333333,104268784.0,108687248.0,0.86,188,-0.54,170,0.56,165,33.23,135,11.08,-1.71,2026-10-15,False,https://www.tradingview.com/chart/?symbol=NYSE:HRI&interval=D,False,False,False,False
AFRM,"Affirm Holdings, Inc.",NASDAQ,Finance/Rental/Leasing,74.75,72.19,73.39,4.2,4.61,4072655.5,5346453.666666667,399647412.0,385934649.0,6.6,81,1.36,159,-13.08,234,44.25,107,10.84,0.4,2026-11-11,False,https://www.tradingview.com/chart/?symbol=NASDAQ:AFRM&interval=D,False,False,False,False
WLTH,Wealthfront Corporation,NASDAQ,Packaged Software,10.62,9.89,9.7,4.99,4.83,2421092.1,3101550.533333333,32938467.0,30674335.0,4.73,106,16.07,69,9.94,125,6.52,205,10.84,1.97,2027-01-12,False,https://www.tradingview.com/chart/?symbol=NASDAQ:WLTH&interval=D,False,False,False,False
VCYT,"Veracyte, Inc.",NASDAQ,Medical Specialties,47.67,43.47,44.77,5.43,5.11,1583826.9,1434128.7333333334,68364917.0,62346595.0,5.84,95,7.83,110,-18.02,266,41.12,113,10.31,1.27,2026-11-10,False,https://www.tradingview.com/chart/?symbol=NASDAQ:VCYT&interval=D,False,False,False,False
BETA,"Beta Technologies, Inc.",NYSE,Aerospace & Defense,20.7,21.61,22.0,7.76,7.75,2284430.5,3344963.7666666666,69240750.0,72276862.0,-11.35,383,-2.13,185,10.16,124,22.56,163,10.2,-0.76,2026-12-03,False,https://www.tradingview.com/chart/?symbol=NYSE:BETA&interval=D,False,False,False,False
TTMI,"TTM Technologies, Inc.",NASDAQ,Electronic Components,133.14,121.5,123.09,5.03,5.73,1990777.8,1979966.1333333333,263612691.0,240561925.0,4.42,110,12.28,85,-6.73,196,25.04,153,10.2,1.42,2026-11-04,False,https://www.tradingview.com/chart/?symbol=NASDAQ:TTMI&interval=D,False,False,False,False
ORKA,"Oruka Therapeutics, Inc.",NASDAQ,Pharmaceuticals: Major,84.38,91.51,95.61,5.03,5.36,1079667.8,930548.7,78519699.0,85151100.0,0.52,196,-6.31,218,1.49,159,35.09,130,10.09,-2.19,2026-11-18,False,https://www.tradingview.com/chart/?symbol=NASDAQ:ORKA&interval=D,False,False,False,False
GDDY,GoDaddy Inc.,NYSE,Data Processing Services,99.74,98.43,96.8,4.91,4.57,3069435.4,2388669.7333333334,238245919.0,235108003.0,3.9,121,-2.49,187,14.42,105,18.09,179,10.01,0.67,2026-10-29,False,https://www.tradingview.com/chart/?symbol=NYSE:GDDY&interval=D,False,False,False,False
MDB,"MongoDB, Inc.",NASDAQ,Packaged Software,359.23,388.85,390.89,6.52,7.28,4762431.3,2917795.566666667,1048159701.0,1134577025.0,15.38,14,-5.05,208,-1.84,175,35.5,128,9.53,-1.11,2026-12-07,False,https://www.tradingview.com/chart/?symbol=NASDAQ:MDB&interval=D,True,False,False,False
SNAP,Snap Inc.,NYSE,Packaged Software,5.61,5.54,5.38,4.48,4.84,30233355.7,34480176.766666666,193433792.0,190859272.0,6.05,90,-0.71,172,17.36,95,11.64,189,9.43,0.89,2026-11-03,False,https://www.tradingview.com/chart/?symbol=NYSE:SNAP&interval=D,False,False,False,False
HIMS,"Hims & Hers Health, Inc.",NYSE,Medical/Nursing Services,29.67,28.97,29.32,5.48,5.73,10709249.7,9822527.466666667,291434390.0,284545524.0,2.31,146,7.0,117,-21.94,298,42.64,109,9.23,0.21,2026-11-09,False,https://www.tradingview.com/chart/?symbol=NYSE:HIMS&interval=D,False,False,False,False
SHAZ,"SharonAI Holdings, Inc.",NASDAQ,Data Processing Services,47.7,55.47,56.58,8.43,9.99,1377567.8,1450024.3333333333,69166161.0,80426325.0,-11.67,384,-13.9,285,-36.73,365,76.67,68,8.68,-1.57,2026-11-04,False,https://www.tradingview.com/chart/?symbol=NASDAQ:SHAZ&interval=D,False,False,False,False
NVTS,Navitas Semiconductor Corporation,NASDAQ,Semiconductors,12.34,11.72,12.05,5.79,6.66,17419528.8,13748790.4,169660074.0,161108326.0,1.98,149,10.08,94,-13.45,239,29.35,143,8.66,0.36,2026-11-09,False,https://www.tradingview.com/chart/?symbol=NASDAQ:NVTS&interval=D,False,False,False,False
WIX,Wix.com Ltd.,NASDAQ,Packaged Software,74.06,79.17,74.35,6.26,6.37,1108485.0,1272958.5333333334,94275309.0,100777157.0,3.68,127,-7.42,231,44.11,46,-11.49,254,8.4,-0.06,2026-11-05,False,https://www.tradingview.com/chart/?symbol=NASDAQ:WIX&interval=D,False,False,False,False
HIVE,HIVE Digital Technologies Ltd,NASDAQ,Information Technology Services,2.9,3.04,2.95,6.15,6.68,10281255.099999994,13406801.799999999,38879725.0,40711988.0,-6.45,330,-2.03,184,-12.12,228,38.1,122,7.98,-0.26,2026-11-16,False,https://www.tradingview.com/chart/?symbol=NASDAQ:HIVE&interval=D,False,False,False,False
CLSK,"CleanSpark, Inc.",NASDAQ,Data Processing Services,12.48,13.01,12.9,6.59,7.19,15865058.4,16991420.133333333,212052923.0,221069704.0,-9.63,369,1.79,148,-4.59,187,26.64,147,7.95,-0.45,2026-12-16,False,https://www.tradingview.com/chart/?symbol=NASDAQ:CLSK&interval=D,False,False,False,False
AMBA,"Ambarella, Inc.",NASDAQ,Semiconductors,68.26,67.84,72.11,5.22,5.64,1396113.9,1697119.4,115845370.0,115131449.0,-4.65,294,8.04,109,-9.24,211,24.81,154,7.87,-0.95,2026-12-01,False,https://www.tradingview.com/chart/?symbol=NASDAQ:AMBA&interval=D,False,False,False,False
WRBY,Warby Parker Inc.,NYSE,Specialty Stores,26.65,25.02,25.68,6.24,6.11,4125285.3,3084271.533333333,82195836.0,77160249.0,2.5,142,15.87,72,-9.17,209,16.58,181,7.76,0.62,2026-11-05,False,https://www.tradingview.com/chart/?symbol=NYSE:WRBY&interval=D,False,False,False,False
RHI,Robert Half Inc.,NYSE,Personnel Services,34.32,39.57,40.34,4.18,4.67,1698518.6,1941387.0666666667,66628404.0,76815509.0,-5.27,311,-19.55,348,1.21,160,40.77,116,7.48,-3.2,2026-10-27,False,https://www.tradingview.com/chart/?symbol=NYSE:RHI&interval=D,False,False,False,False
PAY,"Paymentus Holdings, Inc.",NYSE,Miscellaneous Commercial Services,31.62,34.55,36.13,4.44,4.71,1445957.4,1179686.4666666666,37301686.0,40754628.0,5.72,97,-12.51,271,11.18,115,23.47,158,7.38,-2.65,2026-11-09,False,https://www.tradingview.com/chart/?symbol=NYSE:PAY&interval=D,False,False,False,False
FIGS,"FIGS, Inc.",NYSE,Apparel/Footwear,13.63,13.9,13.44,4.48,4.85,2666686.2,2589007.933333333,35288178.0,35995840.0,2.71,141,-8.34,241,34.15,65,-4.22,234,7.2,0.29,2026-11-05,False,https://www.tradingview.com/chart/?symbol=NYSE:FIGS&interval=D,False,False,False,False
NAVN,"Navan, Inc.",NASDAQ,Packaged Software,21.84,23.9,25.58,4.36,5.43,3328132.3,4227808.966666667,92335348.0,101026314.0,14.05,25,-21.78,365,-17.52,261,60.0,85,6.9,-2.69,2026-12-15,False,https://www.tradingview.com/chart/?symbol=NASDAQ:NAVN&interval=D,False,False,False,False
BLLN,"BillionToOne, Inc.",NASDAQ,Medical/Nursing Services,109.06,104.32,107.24,6.82,6.3,620996.1,618366.4666666667,67439047.0,64508711.0,-9.6,368,11.47,87,-11.72,225,20.95,168,6.9,0.27,2026-12-15,False,https://www.tradingview.com/chart/?symbol=NASDAQ:BLLN&interval=D,False,False,False,False
EAT,"Brinker International, Inc.",NYSE,Restaurants,194.16,215.55,219.44,4.82,4.88,1217284.3,1339908.9666666666,260156725.0,288815145.0,-6.28,327,-14.49,293,8.79,129,26.36,150,6.88,-2.36,2026-11-04,False,https://www.tradingview.com/chart/?symbol=NYSE:EAT&interval=D,False,False,False,False
WAY,Waystar Holding Corp.,NASDAQ,Packaged Software,26.48,25.24,24.7,4.16,4.4,1848202.9,2242667.1,59385825.0,56606413.0,7.21,75,1.69,152,7.51,134,11.07,191,6.76,1.63,2026-11-11,False,https://www.tradingview.com/chart/?symbol=NASDAQ:WAY&interval=D,False,False,False,False
AAOI,"Applied Optoelectronics, Inc.",NASDAQ,Semiconductors,121.57,105.12,111.58,6.0,7.03,7818302.4,7267411.2,883499180.0,763976913.0,21.46,7,19.29,61,2.89,151,-2.84,231,6.45,1.27,2026-11-05,False,https://www.tradingview.com/chart/?symbol=NASDAQ:AAOI&interval=D,True,False,False,False
PGY,Pagaya Technologies Ltd.,NASDAQ,Packaged Software,18.4,20.45,20.37,5.53,5.99,2941667.799999996,2355753.666666666,43345867.0,48184585.0,7.48,68,-18.71,340,-1.66,174,39.18,120,6.27,-1.62,2026-11-17,False,https://www.tradingview.com/chart/?symbol=NASDAQ:PGY&interval=D,False,False,False,False
KMX,CarMax Inc,NYSE,Specialty Stores,54.86,59.54,59.22,5.21,4.76,4844152.1,2802367.7666666666,153737896.0,166855779.0,-4.04,278,-11.84,267,7.86,133,22.37,164,6.13,-1.55,2026-12-17,False,https://www.tradingview.com/chart/?symbol=NYSE:KMX&interval=D,False,False,False,False
INFQ,"Infleqtion, Inc.",NYSE,Computer Processing Hardware,12.66,13.36,12.63,6.29,6.57,7208819.4,8014825.8,101467695.0,107110132.0,-10.72,377,-1.86,182,3.98,146,16.25,183,6.13,0.03,2026-12-02,False,https://www.tradingview.com/chart/?symbol=NYSE:INFQ&interval=D,False,False,False,False
RELY,"Remitly Global, Inc.",NASDAQ,Miscellaneous Commercial Services,22.91,23.42,23.84,4.13,4.55,3885289.8,4025362.1333333333,92221046.0,94274652.0,8.02,59,-14.58,294,-5.56,192,38.35,121,6.07,-0.86,2026-11-04,False,https://www.tradingview.com/chart/?symbol=NASDAQ:RELY&interval=D,False,False,False,False
VRDN,"Viridian Therapeutics, Inc.",NASDAQ,Pharmaceuticals: Major,19.0,21.96,21.95,4.69,4.8,2013599.3,1607583.5666666667,30544088.0,35308162.0,-6.45,329,-16.0,310,-1.14,171,35.23,129,6.03,-2.8,2026-11-16,False,https://www.tradingview.com/chart/?symbol=NASDAQ:VRDN&interval=D,False,False,False,False
BULL,Webull Corporation,NASDAQ,Packaged Software,7.36,8.43,8.13,5.11,5.84,10185801.7,14534552.1,106974303.0,122458446.0,3.23,133,-24.82,382,2.65,153,39.39,119,5.74,-1.62,2026-11-19,False,https://www.tradingview.com/chart/?symbol=NASDAQ:BULL&interval=D,False,False,False,False
VG,"Venture Global, Inc.",NYSE,Oil & Gas Pipelines,13.45,14.1,13.83,4.45,5.04,13448896.6,13866334.833333334,186502204.0,195459856.0,4.26,113,-6.21,216,22.16,88,1.05,220,5.67,-0.55,2026-11-16,False,https://www.tradingview.com/chart/?symbol=NYSE:VG&interval=D,False,False,False,False
POET,POET Technologies Inc.,NASDAQ,Electrical Products,7.81,7.72,7.9,4.71,5.9,7558440.2,7959129.799999966,62160804.0,61447135.0,2.97,138,4.55,132,-8.44,204,20.71,170,5.61,-0.19,2026-11-12,False,https://www.tradingview.com/chart/?symbol=NASDAQ:POET&interval=D,False,False,False,False
AUGO,Aura Minerals Inc.,NASDAQ,Other Metals/Minerals,85.17,85.18,78.93,4.48,5.11,1016253.6000000013,1013936.2666666653,86356952.0,86366246.0,7.98,61,1.54,155,25.95,82,-11.14,251,5.45,1.55,2026-11-05,False,https://www.tradingview.com/chart/?symbol=NASDAQ:AUGO&interval=D,False,False,False,False
CECO,CECO Environmental Corp.,NASDAQ,Industrial Machinery,74.96,72.45,72.21,4.15,5.04,575681.6,677308.3666666667,50771035.0,49073588.0,3.54,129,0.97,160,-5.35,190,20.51,171,5.38,0.76,2026-11-09,False,https://www.tradingview.com/chart/?symbol=NASDAQ:CECO&interval=D,False,False,False,False
COIN,"Coinbase Global, Inc.",NASDAQ,Investment Banks/Brokers,188.22,185.19,173.44,5.46,6.03,7571045.2,9607854.533333333,1808390380.0,1779313810.0,-4.01,277,1.76,149,12.83,111,0.18,222,4.92,1.41,2026-10-29,False,https://www.tradingview.com/chart/?symbol=NASDAQ:COIN&interval=D,False,False,False,False
CCC,CCC Intelligent Solutions Holdings Inc.,NASDAQ,Packaged Software,6.58,6.92,6.83,4.12,4.45,10776001.7,10737402.9,70652111.0,74277774.0,-2.81,253,-7.45,232,13.84,107,8.05,198,4.81,-0.82,2026-10-29,False,https://www.tradingview.com/chart/?symbol=NASDAQ:CCC&interval=D,False,False,False,False
BLSH,Bullish,NYSE,Packaged Software,34.35,35.32,30.99,6.94,6.75,1007454.5,1447113.2,49708338.0,51110591.0,-6.99,342,-0.98,174,28.32,78,-13.04,263,4.77,1.61,2026-11-25,False,https://www.tradingview.com/chart/?symbol=NYSE:BLSH&interval=D,False,False,False,False
SHLS,"Shoals Technologies Group, Inc.",NASDAQ,Semiconductors,8.15,7.39,7.81,5.26,5.61,3856657.6,4383281.166666667,35723742.0,32380029.0,10.73,41,15.93,71,-20.87,289,18.8,178,4.62,0.78,2026-11-10,False,https://www.tradingview.com/chart/?symbol=NASDAQ:SHLS&interval=D,False,False,False,False
STRL,"Sterling Infrastructure, Inc.",NASDAQ,Engineering & Construction,523.33,494.8,518.62,4.26,5.09,428401.2,533804.3,279355804.0,264126724.0,3.83,122,9.86,97,-23.18,311,26.54,149,4.4,0.18,2026-11-09,False,https://www.tradingview.com/chart/?symbol=NASDAQ:STRL&interval=D,False,False,False,False
WDC,Western Digital Corporation,NASDAQ,Computer Peripherals,441.64,449.95,464.59,5.11,6.62,8935633.8,7230274.933333334,3193178622.0,3253240515.0,-1.64,233,-2.34,186,-17.05,255,31.83,140,4.15,-0.75,2026-10-22,False,https://www.tradingview.com/chart/?symbol=NASDAQ:WDC&interval=D,False,False,False,False
GNRC,Generac Holdings Inc.,NYSE,Electrical Products,215.2,195.97,201.07,4.32,4.47,1075904.2,1356571.5666666667,291934201.0,265849591.0,3.76,125,17.06,66,-13.39,238,7.6,200,3.76,1.57,2026-11-04,False,https://www.tradingview.com/chart/?symbol=NYSE:GNRC&interval=D,False,False,False,False
AUR,"Aurora Innovation, Inc.",NASDAQ,Packaged Software,5.75,6.02,6.25,6.23,5.91,33545334.9,32283257.666666668,185628732.0,194474344.0,-3.2,260,-8.22,239,-14.01,241,32.18,138,3.32,-1.36,2026-11-04,False,https://www.tradingview.com/chart/?symbol=NASDAQ:AUR&interval=D,False,False,False,False
AESI,Atlas Energy Solutions Inc.,NYSE,Oilfield Services/Equipment,12.72,12.79,12.32,5.98,6.76,4821172.2,3476146.5,44216583.0,44477294.0,-0.24,214,-3.05,192,-8.09,200,20.34,172,3.07,0.48,2026-11-02,False,https://www.tradingview.com/chart/?symbol=NYSE:AESI&interval=D,False,False,False,False
KOS,Kosmos Energy Ltd.,NYSE,Integrated Oil,2.52,2.77,2.69,5.54,6.27,14259808.6,12536369.1,31591650.0,34713206.0,-6.67,338,-9.03,247,20.0,91,-2.89,232,2.69,-1.02,2026-11-09,False,https://www.tradingview.com/chart/?symbol=NYSE:KOS&interval=D,False,False,False,False
ARQT,"Arcutis Biotherapeutics, Inc.",NASDAQ,Pharmaceuticals: Major,25.15,25.11,25.65,5.84,4.75,2370780.9,2908116.6666666665,73139134.0,73016509.0,-5.81,319,8.08,107,-4.37,186,3.58,212,2.43,-0.41,2026-10-29,False,https://www.tradingview.com/chart/?symbol=NASDAQ:ARQT&interval=D,False,False,False,False
SEZL,Sezzle Inc.,NASDAQ,Packaged Software,110.85,116.09,125.92,4.8,5.29,592230.2,470033.8666666668,52103254.0,54568190.0,0.36,198,-8.96,246,-38.15,372,53.21,96,2.03,-2.26,2026-11-05,False,https://www.tradingview.com/chart/?symbol=NASDAQ:SEZL&interval=D,False,False,False,False
ICHR,Ichor Holdings,NASDAQ,Industrial Machinery,63.33,56.68,61.44,4.21,5.36,708465.5,682773.1666666666,43240025.0,38697535.0,9.22,53,16.31,68,-29.18,342,18.95,177,2.03,0.58,2026-11-09,False,https://www.tradingview.com/chart/?symbol=NASDAQ:ICHR&interval=D,False,False,False,False
MARA,"MARA Holdings, Inc.",NASDAQ,Data Processing Services,11.17,11.72,11.23,7.27,7.49,35999536.0,44519737.166666664,497285464.0,521979078.0,-10.43,373,-0.13,167,-12.01,227,17.52,180,1.79,-0.07,2026-11-11,False,https://www.tradingview.com/chart/?symbol=NASDAQ:MARA&interval=D,False,False,False,False
PATH,"UiPath, Inc.",NYSE,Packaged Software,13.16,14.71,14.64,4.3,5.44,41212317.8,54409176.56666667,716024764.0,800612897.0,9.76,49,-18.97,342,7.96,132,16.25,182,1.75,-1.86,2026-12-09,False,https://www.tradingview.com/chart/?symbol=NYSE:PATH&interval=D,False,False,False,False
RIOT,"Riot Platforms, Inc.",NASDAQ,Information Technology Services,19.32,21.19,20.86,7.02,7.65,16177997.7,15680962.3,302956192.0,332237775.0,-14.13,391,-6.85,223,-12.95,233,24.73,155,1.64,-0.96,2026-11-10,False,https://www.tradingview.com/chart/?symbol=NASDAQ:RIOT&interval=D,False,False,False,False
VSAT,"ViaSat, Inc.",NASDAQ,Telecommunications Equipment,69.79,72.1,75.06,4.95,5.5,1497654.0,1650048.1666666667,115156862.0,118974248.0,-2.41,246,-2.72,189,-14.38,243,21.82,165,1.57,-1.28,2026-11-11,False,https://www.tradingview.com/chart/?symbol=NASDAQ:VSAT&interval=D,False,False,False,False
WGS,GeneDx Holdings Corp.,NASDAQ,Medical/Nursing Services,76.27,86.75,81.61,8.48,7.8,978678.4,692781.4333333333,52838440.0,60102253.0,-12.66,387,-13.11,280,10.38,122,7.35,202,1.54,-0.84,2026-11-03,False,https://www.tradingview.com/chart/?symbol=NASDAQ:WGS&interval=D,False,False,False,False
BRZE,"Braze, Inc.",NASDAQ,Internet Software/Services,26.61,27.64,27.56,4.62,5.66,1971759.4,2717607.533333333,72315536.0,75101990.0,12.09,33,-18.21,336,7.38,135,15.39,185,1.52,-0.61,2026-12-15,False,https://www.tradingview.com/chart/?symbol=NASDAQ:BRZE&interval=D,False,False,False,False
GENI,Genius Sports Limited,NYSE,Internet Software/Services,5.99,6.75,7.11,7.29,7.27,8902739.5,6808232.533333333,40781313.0,45978264.0,-5.22,310,-21.08,356,-9.45,214,34.91,131,1.46,-2.17,2026-11-11,False,https://www.tradingview.com/chart/?symbol=NYSE:GENI&interval=D,False,False,False,False
ACHC,"Acadia Healthcare Company, Inc.",NASDAQ,Medical/Nursing Services,28.87,28.36,29.06,4.02,4.4,1631747.3,1496433.7666666666,43202043.0,42434871.0,5.67,98,2.23,143,-7.41,198,9.32,195,1.38,-0.15,2026-11-04,False,https://www.tradingview.com/chart/?symbol=NASDAQ:ACHC&interval=D,False,False,False,False
DXC,DXC Technology Company,NYSE,Data Processing Services,11.66,11.14,11.05,4.13,4.61,2970394.800000009,2720403.4666666663,31719904.0,30316176.0,11.47,38,1.57,154,13.15,110,-10.72,249,1.33,1.2,2026-11-04,False,https://www.tradingview.com/chart/?symbol=NYSE:DXC&interval=D,False,False,False,False
MNDY,monday.com Ltd.,NASDAQ,Packaged Software,82.66,88.72,88.79,5.22,6.01,1150725.4,1198802.8,99093039.0,106354588.0,1.8,154,-12.8,277,-2.9,177,19.35,176,1.22,-1.15,2026-11-16,False,https://www.tradingview.com/chart/?symbol=NASDAQ:MNDY&interval=D,False,False,False,False
CRWV,"CoreWeave, Inc.",NASDAQ,Packaged Software,87.39,86.56,87.01,4.96,5.79,24603095.4,26029396.033333335,2274708919.0,2253104521.0,1.37,163,1.94,146,4.36,144,-5.0,235,0.44,0.08,2026-11-16,False,https://www.tradingview.com/chart/?symbol=NASDAQ:CRWV&interval=D,False,False,False,False
IREN,IREN Limited,NASDAQ,Data Processing Services,40.48,42.49,41.46,6.16,6.66,33636536.0,38439733.53333333,1556040413.0,1633329904.0,-6.64,335,-1.39,176,-4.16,184,4.6,210,-0.31,-0.36,2026-12-01,False,https://www.tradingview.com/chart/?symbol=NASDAQ:IREN&interval=D,False,False,False,False
EQPT,EquipmentShare.com Inc,NASDAQ,Internet Software/Services,18.9,18.07,18.73,6.14,6.27,3889459.7,3111041.9,58798692.0,56214453.0,10.98,40,3.85,137,1.02,162,-6.62,241,-0.59,0.14,2026-12-02,False,https://www.tradingview.com/chart/?symbol=NASDAQ:EQPT&interval=D,False,False,False,False
BHVN,Biohaven Ltd.,NYSE,Pharmaceuticals: Major,12.97,14.08,14.07,6.83,7.23,1970792.0,3356278.3333333335,43530930.0,47248568.0,1.17,173,-16.43,314,-20.28,283,34.27,132,-0.82,-1.08,2026-11-17,False,https://www.tradingview.com/chart/?symbol=NYSE:BHVN&interval=D,False,False,False,False
EPAM,"EPAM Systems, Inc.",NYSE,Information Technology Services,109.95,113.72,109.3,4.27,4.84,1042708.0,1099202.8,120857348.0,125006106.0,3.22,134,-7.27,229,22.92,86,-19.24,303,-1.2,0.12,2026-10-29,False,https://www.tradingview.com/chart/?symbol=NYSE:EPAM&interval=D,False,False,False,False
CIEN,Ciena Corporation,NYSE,Telecommunications Equipment,389.69,358.18,373.94,5.22,5.52,2158931.4,2539501.6333333333,989618391.0,909603774.0,10.58,42,21.15,54,-6.94,197,-18.05,297,-1.28,0.76,2026-12-10,False,https://www.tradingview.com/chart/?symbol=NYSE:CIEN&interval=D,False,False,False,False
JBL,Jabil Inc.,NYSE,Industrial Machinery,300.94,305.64,316.62,4.35,4.52,1761008.5,1295211.6,389780979.0,395865451.0,-5.95,321,-2.74,190,-8.65,207,6.72,204,-1.56,-1.1,2026-12-10,False,https://www.tradingview.com/chart/?symbol=NYSE:JBL&interval=D,False,False,False,False
RKLB,Rocket Lab Corporation,NASDAQ,Aerospace & Defense,73.02,67.19,69.94,5.15,5.4,21185641.6,19365789.5,1414089949.0,1301168031.0,-0.25,215,12.75,83,-18.88,277,1.42,219,-1.57,0.81,2026-11-16,False,https://www.tradingview.com/chart/?symbol=NASDAQ:RKLB&interval=D,False,False,False,False
BTBT,"Bit Digital, Inc.",NASDAQ,Miscellaneous Commercial Services,1.54,1.6,1.53,7.39,8.03,20112412.2,27621036.333333332,42536396.0,44221279.0,-11.24,381,-3.45,194,-10.98,223,9.22,196,-1.74,0.12,2026-11-12,False,https://www.tradingview.com/chart/?symbol=NASDAQ:BTBT&interval=D,False,False,False,False
QUBT,Quantum Computing Inc.,NASDAQ,Information Technology Services,7.94,8.34,8.44,5.05,5.33,7629813.2,6811475.533333333,54083116.0,56780460.0,-9.98,371,0.13,165,-13.22,235,7.59,201,-1.84,-1.1,2026-11-18,False,https://www.tradingview.com/chart/?symbol=NASDAQ:QUBT&interval=D,False,False,False,False
COCO,"The Vita Coco Company, Inc.",NASDAQ,Food: Specialty/Candy,55.32,57.24,60.46,4.34,4.5,979388.4,1315152.7666666666,72754251.0,75279783.0,-5.06,303,1.41,158,-17.45,259,10.24,194,-1.93,-1.89,2026-11-04,False,https://www.tradingview.com/chart/?symbol=NASDAQ:COCO&interval=D,False,False,False,False
GLW,Corning Incorporated,NYSE,Electronic Components,159.37,153.71,153.2,4.1,5.0,6655581.5,8303438.066666666,1323318925.0,1276313162.0,3.31,131,7.29,115,-14.79,244,1.54,217,-1.99,0.8,2026-10-27,False,https://www.tradingview.com/chart/?symbol=NYSE:GLW&interval=D,False,False,False,False
RDW,Redwire Corporation,NYSE,Aerospace & Defense,10.43,10.94,11.13,6.83,7.14,13652999.5,12531566.133333333,130704235.0,137137105.0,-7.78,351,-1.42,177,-6.04,193,0.48,221,-2.32,-0.88,2026-11-11,False,https://www.tradingview.com/chart/?symbol=NYSE:RDW&interval=D,False,False,False,False
HUBS,"HubSpot, Inc.",NYSE,Packaged Software,220.61,231.38,231.0,5.62,6.13,1476872.3,1595656.8,352017847.0,369209453.0,10.31,46,-10.72,257,10.34,123,-7.5,243,-2.63,-0.73,2026-11-11,False,https://www.tradingview.com/chart/?symbol=NYSE:HUBS&interval=D,False,False,False,False
NCNO,"nCino, Inc.",NASDAQ,Packaged Software,19.28,20.99,20.37,4.58,4.82,2219330.9,2628784.7333333334,50682970.0,55177315.0,1.42,161,-17.11,318,3.43,148,5.3,208,-2.79,-1.11,2026-12-02,False,https://www.tradingview.com/chart/?symbol=NASDAQ:NCNO&interval=D,False,False,False,False
GLXY,Galaxy Digital Inc.,NASDAQ,Investment Banks/Brokers,22.65,24.28,23.0,6.39,7.07,4617166.6,5076377.866666666,114979959.0,123235841.0,-5.49,314,-12.14,270,-8.85,208,11.41,190,-3.19,-0.22,2026-10-27,False,https://www.tradingview.com/chart/?symbol=NASDAQ:GLXY&interval=D,False,False,False,False
EXPE,"Expedia Group, Inc.",NASDAQ,Other Consumer Services,260.17,288.49,298.03,4.15,4.37,2682197.1,2121186.2333333334,551869022.0,611933592.0,0.06,206,-13.91,286,-4.19,185,8.4,197,-3.23,-2.91,2026-10-29,False,https://www.tradingview.com/chart/?symbol=NASDAQ:EXPE&interval=D,False,False,False,False
CRCL,"Circle Internet Group, Inc.",NYSE,Packaged Software,83.3,90.1,81.82,6.25,7.2,10636930.0,14513707.3,1208991818.0,1307704379.0,-4.25,281,-14.98,298,22.95,85,-17.76,292,-3.26,0.25,2026-11-18,False,https://www.tradingview.com/chart/?symbol=NYSE:CRCL&interval=D,False,False,False,False
UCTT,"Ultra Clean Holdings, Inc.",NASDAQ,Industrial Machinery,74.02,72.67,76.72,5.27,6.51,1084512.4,883884.0,65425094.0,64229788.0,-4.06,279,8.06,108,-23.69,314,5.76,206,-3.29,-0.54,2026-10-28,False,https://www.tradingview.com/chart/?symbol=NASDAQ:UCTT&interval=D,False,False,False,False
BTU,Peabody Energy Corporation,NYSE,Coal,25.5,27.13,25.88,4.52,4.6,1954753.3,2364680.0,60299340.0,64159286.0,0.91,185,-6.76,222,11.21,114,-16.2,283,-3.92,-0.32,2026-10-29,False,https://www.tradingview.com/chart/?symbol=NYSE:BTU&interval=D,False,False,False,False
TMDX,"TransMedics Group, Inc.",NASDAQ,Medical Specialties,82.99,86.26,85.47,4.47,5.08,721585.4,728013.7,60417857.0,62795186.0,-3.92,275,-1.94,183,16.53,99,-27.21,327,-4.21,-0.57,2026-11-04,False,https://www.tradingview.com/chart/?symbol=NASDAQ:TMDX&interval=D,False,False,False,False
AKAM,"Akamai Technologies, Inc.",NASDAQ,Data Processing Services,107.99,108.45,111.72,6.06,5.69,8244089.2,4894512.866666666,528558444.0,530819709.0,-4.31,282,2.85,139,-8.5,206,-7.11,242,-4.25,-0.59,2026-11-10,False,https://www.tradingview.com/chart/?symbol=NASDAQ:AKAM&interval=D,False,False,False,False
STEP,StepStone Group Inc.,NASDAQ,Investment Managers,46.08,47.92,47.82,4.19,4.38,1085034.3,1084636.8666666667,49980067.0,51978691.0,5.11,104,-9.54,250,4.85,143,-8.28,244,-4.32,-0.83,2026-11-05,False,https://www.tradingview.com/chart/?symbol=NASDAQ:STEP&interval=D,False,False,False,False
RGTI,"Rigetti Computing, Inc.",NASDAQ,Computer Processing Hardware,15.15,15.71,16.16,5.58,5.87,15686718.8,16054522.1,243226010.0,252176406.0,-7.9,353,-0.46,169,-13.33,237,0.07,223,-4.57,-1.07,2026-11-16,False,https://www.tradingview.com/chart/?symbol=NASDAQ:RGTI&interval=D,False,False,False,False
VOYG,"Voyager Technologies, Inc.",NYSE,Information Technology Services,30.2,33.52,34.45,7.21,7.91,3634956.2,2083952.5333333334,62935367.0,69851310.0,-2.58,248,-8.54,242,-8.48,205,3.25,213,-4.59,-1.56,2026-11-02,False,https://www.tradingview.com/chart/?symbol=NYSE:VOYG&interval=D,False,False,False,False
AAON,"AAON, Inc.",NASDAQ,Industrial Machinery,84.35,79.18,82.9,4.61,4.82,1244812.0999999996,1156731.3000000005,97570285.0,91584586.0,-4.8,297,8.17,106,-20.46,285,-1.92,228,-4.74,0.36,2026-11-09,False,https://www.tradingview.com/chart/?symbol=NASDAQ:AAON&interval=D,False,False,False,False
FIG,FIGMA INC,NYSE,Packaged Software,22.01,23.76,24.37,4.54,5.59,10707882.0,13721430.233333332,302008679.0,326057773.0,8.42,57,-10.85,260,-1.43,172,-2.18,229,-4.82,-1.73,2026-11-11,False,https://www.tradingview.com/chart/?symbol=NYSE:FIG&interval=D,False,False,False,False
COMP,"Compass, Inc.",NYSE,Real Estate Development,9.29,10.22,11.04,5.07,5.34,18726943.2,14878816.633333333,138224207.0,152101183.0,1.75,156,-14.38,291,-28.54,340,26.57,148,-5.45,-2.96,2026-11-11,False,https://www.tradingview.com/chart/?symbol=NYSE:COMP&interval=D,False,False,False,False
PRM,"Perimeter Solutions, SA",NYSE,Chemicals: Major Diversified,28.07,30.21,31.54,4.68,4.86,1571998.9,1199706.3333333333,33675757.0,36248327.0,-4.54,291,-11.62,265,-16.56,252,10.9,192,-5.76,-2.26,2026-10-30,False,https://www.tradingview.com/chart/?symbol=NYSE:PRM&interval=D,False,False,False,False
PTRN,Pattern Group Inc. - Series A,NASDAQ,Advertising/Marketing Services,17.41,19.47,20.59,5.22,5.39,1676313.6,1586827.9,27626674.0,30899771.0,3.82,123,-14.87,296,-38.98,376,36.02,125,-5.94,-2.86,2026-11-11,False,https://www.tradingview.com/chart/?symbol=NASDAQ:PTRN&interval=D,False,False,False,False
MOD,Modine Manufacturing Company,NYSE,Industrial Machinery,182.91,172.46,177.04,4.89,5.45,1624078.2993819884,1433133.3920467242,262134429.0,247162072.0,1.83,153,6.75,119,-12.51,230,-13.25,266,-6.34,0.61,2026-11-03,False,https://www.tradingview.com/chart/?symbol=NYSE:MOD&interval=D,False,False,False,False
LPTH,"LightPath Technologies, Inc.",NASDAQ,Electronic Components,10.81,10.47,11.27,4.64,6.56,2227544.4,3230241.3,34918908.0,33834624.0,7.14,76,9.63,98,-21.27,291,-8.47,245,-6.7,-0.63,2026-11-05,False,https://www.tradingview.com/chart/?symbol=NASDAQ:LPTH&interval=D,False,False,False,False
TTAN,"ServiceTitan, Inc.",NASDAQ,Packaged Software,72.16,72.52,78.34,4.97,5.92,2278593.5,3407558.6666666665,245889433.0,247099685.0,26.29,3,-21.19,359,-9.44,213,10.32,193,-6.77,-1.33,2027-01-19,False,https://www.tradingview.com/chart/?symbol=NASDAQ:TTAN&interval=D,True,False,False,False
HLNE,Hamilton Lane Incorporated,NASDAQ,Investment Managers,87.33,95.08,96.58,4.16,4.13,721493.4,620445.7333333333,54183526.0,58994255.0,1.5,159,-14.16,288,5.91,139,-13.7,269,-7.32,-2.32,2026-11-10,False,https://www.tradingview.com/chart/?symbol=NASDAQ:HLNE&interval=D,False,False,False,False
AXGN,"Axogen, Inc.",NASDAQ,Medical Specialties,37.22,45.42,45.72,5.24,5.77,1486536.9,1287715.0666666667,47928755.0,58491667.0,-13.9,390,-20.35,352,-18.72,274,16.17,184,-7.63,-3.22,2026-11-10,False,https://www.tradingview.com/chart/?symbol=NASDAQ:AXGN&interval=D,False,False,False,False
BTDR,Bitdeer Technologies Group,NASDAQ,Data Processing Services,10.93,11.48,10.91,7.36,8.15,9880075.6,10423993.466666667,113934249.0,119622274.0,-3.87,274,-6.74,221,-22.1,303,4.94,209,-7.96,0.02,2026-11-16,False,https://www.tradingview.com/chart/?symbol=NASDAQ:BTDR&interval=D,False,False,False,False
CNXC,Concentrix Corporation,NASDAQ,Information Technology Services,25.87,28.34,27.06,8.66,8.71,2785694.4,1941841.5,50235440.0,55035025.0,-3.47,265,-20.35,353,6.07,138,-9.95,248,-8.08,-0.51,2027-01-19,False,https://www.tradingview.com/chart/?symbol=NASDAQ:CNXC&interval=D,False,False,False,False
DPC,DPC Holdings PLC,NYSE,Electrical Products,41.26,41.83,44.85,4.89,6.26,1312679.6,1277097.1666666667,52693029.0,53417143.0,1.79,155,-1.39,175,-16.65,254,-6.23,239,-8.09,-1.28,2026-12-02,False,https://www.tradingview.com/chart/?symbol=NYSE:DPC&interval=D,False,False,False,False
GLOB,Globant S.A.,NYSE,Information Technology Services,35.75,37.43,37.54,4.43,5.33,879673.1,981958.1,35105002.0,36750437.0,5.77,96,-10.21,253,10.58,121,-24.93,317,-8.19,-0.89,2026-11-12,False,https://www.tradingview.com/chart/?symbol=NYSE:GLOB&interval=D,False,False,False,False
PSKY,Paramount Skydance Corporation,NASDAQ,Cable/Satellite TV,9.78,10.43,9.93,6.53,5.78,30072962.5,22079603.6,215828125.0,230327065.0,-1.26,227,-10.81,258,-3.6,181,-10.81,250,-8.41,-0.27,2026-11-16,False,https://www.tradingview.com/chart/?symbol=NASDAQ:PSKY&interval=D,False,False,False,False
SGRY,"Surgery Partners, Inc.",NASDAQ,Hospital/Nursing Management,13.33,14.03,14.48,5.86,5.42,2467900.9,2378998.466666667,31712050.0,33371797.0,-5.99,322,-5.93,214,-22.0,300,1.99,216,-8.65,-1.46,2026-11-10,False,https://www.tradingview.com/chart/?symbol=NASDAQ:SGRY&interval=D,False,False,False,False
TNDM,"Tandem Diabetes Care, Inc.",NASDAQ,Medical Specialties,16.52,18.42,19.51,6.4,6.36,2431733.3,1931524.7666666666,31908789.0,35576755.0,5.9,93,-17.56,322,5.56,140,-14.49,273,-8.83,-2.41,2026-11-05,False,https://www.tradingview.com/chart/?symbol=NASDAQ:TNDM&interval=D,False,False,False,False
WYFI,"WhiteFiber, Inc.",NASDAQ,Data Processing Services,17.46,18.79,21.27,6.84,8.79,1208127.8,1680844.9666666666,29347553.0,31581396.0,-10.23,372,-5.01,207,-48.5,389,25.79,151,-9.24,-2.04,2026-11-12,False,https://www.tradingview.com/chart/?symbol=NASDAQ:WYFI&interval=D,False,False,False,False
CE,Celanese Corporation,NYSE,Chemicals: Specialty,45.53,45.55,45.2,4.01,4.14,1890576.8,1801515.4,82022996.0,82051820.0,-2.61,250,1.86,147,-3.95,182,-25.91,322,-9.33,0.18,2026-11-09,False,https://www.tradingview.com/chart/?symbol=NYSE:CE&interval=D,False,False,False,False
BSP,Bending Spoons S.p.A.,NASDAQ,Packaged Software,32.12,38.11,39.06,6.51,7.52,3239735.9,2102690.1,67538406.0,80131067.0,-2.04,240,-22.28,369,-9.46,215,3.61,211,-9.38,-2.36,2026-11-12,False,https://www.tradingview.com/chart/?symbol=NASDAQ:BSP&interval=D,False,False,False,False
MDA,MDA Space Ltd.,NYSE,Electronic Production Equipment,29.5,29.75,30.96,4.04,4.51,1281745.5,1293692.4666666666,38163928.0,38481314.0,-4.78,296,0.68,164,-28.4,336,-0.61,224,-9.44,-1.04,2026-11-06,False,https://www.tradingview.com/chart/?symbol=NYSE:MDA&interval=D,False,False,False,False
CVNA,Carvana Co.,NYSE,Specialty Stores,63.72,68.75,68.81,4.42,5.03,8582077.5,7359229.066666666,468930076.0,505976435.0,0.06,205,-12.53,272,-9.39,212,-6.42,240,-9.45,-1.47,2026-10-28,False,https://www.tradingview.com/chart/?symbol=NYSE:CVNA&interval=D,False,False,False,False
MWH,"SOLV Energy, Inc.",NASDAQ,Engineering & Construction,25.09,25.66,26.98,4.39,5.04,1313988.1,1380594.1666666667,34639108.0,35432029.0,0.8,190,1.95,145,-17.49,260,-13.21,265,-9.59,-1.39,2026-12-02,False,https://www.tradingview.com/chart/?symbol=NASDAQ:MWH&interval=D,False,False,False,False
RDDT,"Reddit, Inc.",NYSE,Internet Software/Services,150.42,152.61,155.96,4.33,4.93,4164945.6,4533811.5,681975926.0,691906484.0,0.95,182,-3.42,193,-25.1,319,-0.77,225,-9.76,-0.72,2026-11-04,False,https://www.tradingview.com/chart/?symbol=NYSE:RDDT&interval=D,False,False,False,False
RIVN,"Rivian Automotive, Inc.",NASDAQ,Motor Vehicles,14.6,15.58,15.7,4.43,4.64,27500259.9,23167124.333333332,338240015.0,360874296.0,-4.33,284,-7.42,230,-17.38,258,-5.75,238,-10.18,-1.51,2027-02-25,False,https://www.tradingview.com/chart/?symbol=NASDAQ:RIVN&interval=D,False,False,False,False
HL,Hecla Mining Company,NYSE,Precious Metals,17.01,19.14,18.29,4.28,5.08,38563672.4,34640902.2,589241746.0,662946039.0,-0.82,219,-17.51,321,5.33,141,-18.46,301,-10.21,-1.38,2026-11-11,False,https://www.tradingview.com/chart/?symbol=NYSE:HL&interval=D,False,False,False,False
MOS,Mosaic Company (The),NYSE,Chemicals: Agricultural,21.29,24.15,23.53,4.86,4.95,7849100.0,8118518.966666667,172843269.0,196037877.0,-6.46,332,-14.84,295,0.66,164,-17.0,286,-10.39,-1.93,2026-11-10,False,https://www.tradingview.com/chart/?symbol=NYSE:MOS&interval=D,False,False,False,False
ENPH,"Enphase Energy, Inc.",NASDAQ,Electrical Products,33.45,35.36,36.89,4.45,5.2,5067939.8,4610762.766666667,154230015.0,163052709.0,4.01,118,-7.66,234,-22.85,309,-1.59,227,-10.7,-1.79,2026-10-27,False,https://www.tradingview.com/chart/?symbol=NASDAQ:ENPH&interval=D,False,False,False,False
ONDS,Ondas Inc,NASDAQ,Telecommunications Equipment,7.42,7.56,7.99,4.9,5.63,60724226.7,60177669.233333334,446518306.0,454852913.0,-1.46,229,-2.5,188,-3.01,178,-27.04,326,-10.85,-1.27,2026-11-16,False,https://www.tradingview.com/chart/?symbol=NASDAQ:ONDS&interval=D,False,False,False,False
GRML,Greenland Mines Ltd,NASDAQ,Miscellaneous Commercial Services,7.34,6.97,8.1,35.1,31.47,25383839.1,16405410.966666667,120415716.0,114422273.0,-47.14,409,65.32,11,-41.28,380,-56.81,397,-10.93,-0.3,,False,https://www.tradingview.com/chart/?symbol=NASDAQ:GRML&interval=D,False,True,False,False
LGN,Legence Corp.,NASDAQ,Engineering & Construction,53.79,54.14,57.93,4.63,5.46,1030295.9,927148.1,49871296.0,50198734.0,3.2,135,1.7,151,-28.92,341,-5.6,236,-10.94,-1.31,2026-11-13,False,https://www.tradingview.com/chart/?symbol=NASDAQ:LGN&interval=D,False,False,False,False
MBLY,Mobileye Global Inc.,NASDAQ,Packaged Software,7.58,8.08,8.29,4.49,4.63,6767617.2,5058829.066666666,38345924.0,40885457.0,-5.49,313,-8.78,244,-22.65,306,-1.56,226,-11.0,-1.85,2026-10-22,False,https://www.tradingview.com/chart/?symbol=NASDAQ:MBLY&interval=D,False,False,False,False
KVYO,"Klaviyo, Inc. Series A",NYSE,Packaged Software,16.7,17.21,17.59,4.83,5.59,6017915.9,6262046.0,104576168.0,107740589.0,7.26,74,-14.18,289,-4.63,188,-14.36,272,-11.06,-0.9,2026-11-11,False,https://www.tradingview.com/chart/?symbol=NYSE:KVYO&interval=D,False,False,False,False
GEN,Gen Digital Inc.,NASDAQ,Packaged Software,22.28,27.77,27.92,6.21,5.37,18080808.8,10305988.1,229617415.0,286209313.0,3.68,128,-28.27,394,-18.06,267,12.92,187,-11.13,-3.76,2026-11-10,False,https://www.tradingview.com/chart/?symbol=NASDAQ:GEN&interval=D,False,False,False,False
PPC,Pilgrim's Pride Corporation,NASDAQ,Agricultural Commodities/Milling,27.99,29.56,29.13,4.3,4.31,1675769.5,1436477.9,40207016.0,42458456.0,1.23,170,-6.92,225,-4.8,189,-21.99,309,-11.23,-0.91,2026-10-28,False,https://www.tradingview.com/chart/?symbol=NASDAQ:PPC&interval=D,False,False,False,False
QBTS,D-Wave Quantum Inc.,NASDAQ,Computer Processing Hardware,15.64,17.04,18.12,6.13,6.35,16482059.1,16279500.633333333,254611390.0,277473235.0,-8.05,354,-6.85,224,-29.44,344,2.56,215,-11.24,-2.16,2026-11-05,False,https://www.tradingview.com/chart/?symbol=NASDAQ:QBTS&interval=D,False,False,False,False
KD,"Kyndryl Holdings, Inc.",NYSE,Data Processing Services,11.61,12.54,12.87,4.85,5.23,4637522.3,3937486.2333333334,45714215.0,49366890.0,1.84,152,-12.64,274,-8.08,199,-13.55,268,-11.42,-1.87,2026-11-10,False,https://www.tradingview.com/chart/?symbol=NYSE:KD&interval=D,False,False,False,False
CIFR,Cipher Digital Inc.,NASDAQ,Data Processing Services,15.48,16.63,17.43,7.97,8.86,29657868.3,32885437.166666668,509066567.0,546830011.0,-10.52,375,-10.65,255,-25.58,322,1.51,218,-11.57,-1.26,2026-11-11,False,https://www.tradingview.com/chart/?symbol=NASDAQ:CIFR&interval=D,False,False,False,False
CDE,"Coeur Mining, Inc.",NYSE,Precious Metals,17.05,19.89,18.96,4.82,5.44,36803449.0,34890440.63333333,594882013.0,693970864.0,-6.16,326,-19.02,343,1.07,161,-17.83,294,-11.93,-1.85,2026-11-11,False,https://www.tradingview.com/chart/?symbol=NYSE:CDE&interval=D,False,False,False,False
BRUN,Boost Run Inc.,NASDAQ,Packaged Software,14.33,16.83,18.0,9.0,10.85,1762337.9,2202554.966666667,31562613.0,37063127.0,-12.41,385,-15.95,308,-53.88,393,33.93,133,-11.97,-1.88,2026-12-02,False,https://www.tradingview.com/chart/?symbol=NASDAQ:BRUN&interval=D,False,False,False,False
CRML,Critical Metals Corp.,NASDAQ,Precious Metals,7.51,7.33,6.94,7.3,8.2,9222139.7,9790353.0,73525551.0,71808976.0,-1.7,234,-3.96,197,-17.2,257,-14.85,276,-12.01,1.0,2027-03-03,False,https://www.tradingview.com/chart/?symbol=NASDAQ:CRML&interval=D,False,False,False,False
CORZ,"Core Scientific, Inc.",NASDAQ,Packaged Software,16.6,17.26,18.47,5.72,6.21,11400475.7,11385766.833333334,189003729.0,196548698.0,-2.87,256,-5.9,212,-24.51,316,-5.74,237,-12.05,-1.63,2026-11-11,False,https://www.tradingview.com/chart/?symbol=NASDAQ:CORZ&interval=D,False,False,False,False
NESR,National Energy Services Reunited Corp,NASDAQ,Oilfield Services/Equipment,24.08,32.0,31.64,6.3,6.62,2715673.1,2049616.6333333333,49354769.0,65595589.0,-25.95,404,-29.78,398,-11.99,226,5.57,207,-12.07,-3.61,2026-11-04,False,https://www.tradingview.com/chart/?symbol=NASDAQ:NESR&interval=D,False,False,False,False
AG,First Majestic Silver Corp.,NYSE,Precious Metals,17.51,19.64,18.98,4.23,5.13,9414341.2,9310306.666666666,163023470.0,182891664.0,-1.96,238,-15.45,306,2.88,152,-24.07,314,-12.21,-1.51,2026-11-11,False,https://www.tradingview.com/chart/?symbol=NYSE:AG&interval=D,False,False,False,False
PBLS,"Parabilis Medicines, Inc.",NASDAQ,Pharmaceuticals: Major,29.53,36.58,36.27,11.6,9.54,841505.4,943059.5333333333,27848548.0,34493345.0,-4.8,298,-26.54,390,0.27,167,-11.45,252,-12.57,-1.95,2026-12-02,False,https://www.tradingview.com/chart/?symbol=NASDAQ:PBLS&interval=D,False,False,False,False
EXK,Endeavour Silver Corporation,NYSE,Precious Metals,8.6,10.07,9.78,4.97,5.98,7926629.3,8236658.566666666,70835264.0,82973353.0,-2.82,254,-22.94,374,2.38,156,-17.94,295,-12.83,-2.02,2026-11-10,False,https://www.tradingview.com/chart/?symbol=NYSE:EXK&interval=D,False,False,False,False
CPRI,Capri Holdings Limited,NYSE,Apparel/Footwear Retail,14.49,14.01,14.56,4.95,4.84,4201955.4,5177691.233333333,75024746.0,72527373.0,-2.29,244,9.94,96,-23.94,315,-24.53,315,-12.84,-0.09,2026-11-05,False,https://www.tradingview.com/chart/?symbol=NYSE:CPRI&interval=D,False,False,False,False
FTFT,Future FinTech Group Inc.,NASDAQ,Finance/Rental/Leasing,3.47,3.52,3.49,26.63,27.23,781889.7,11025794.575,38259507.0,38781321.0,-18.74,396,111.59,4,-65.73,406,-85.04,407,-13.06,-0.02,,False,https://www.tradingview.com/chart/?symbol=NASDAQ:FTFT&interval=D,False,True,False,False
MP,MP Materials Corp.,NYSE,Other Metals/Minerals,46.84,51.59,51.13,4.29,5.3,5171374.6,5184377.966666667,242836264.0,267456875.0,-1.76,235,-17.2,319,-10.49,221,-11.62,255,-13.1,-1.58,2026-10-29,False,https://www.tradingview.com/chart/?symbol=NYSE:MP&interval=D,False,False,False,False
RBLX,Roblox Corporation,NYSE,Packaged Software,44.58,44.22,42.38,4.96,5.34,14040111.8,11378108.9,507236095.0,503139976.0,2.25,147,7.55,112,-22.31,305,-25.83,321,-13.53,0.97,2026-11-11,False,https://www.tradingview.com/chart/?symbol=NYSE:RBLX&interval=D,False,False,False,False
APLD,Applied Digital Corporation,NASDAQ,Data Processing Services,24.7,26.09,27.17,6.05,6.86,16808667.4,16114359.166666675,398024671.0,420391402.0,-3.52,268,-5.0,206,-23.36,312,-13.17,264,-13.84,-1.32,2026-10-07,True,https://www.tradingview.com/chart/?symbol=NASDAQ:APLD&interval=D,False,False,False,False
KGS,"Kodiak Gas Services, Inc.",NYSE,Oilfield Services/Equipment,53.56,57.79,58.71,4.07,4.57,1813663.5,1870103.9,100162765.0,108065201.0,-0.11,211,-13.56,284,-18.82,276,-9.24,247,-13.87,-1.92,2026-11-11,False,https://www.tradingview.com/chart/?symbol=NYSE:KGS&interval=D,False,False,False,False
PRAX,"Praxis Precision Medicines, Inc.",NASDAQ,Pharmaceuticals: Major,283.56,323.17,332.22,5.18,5.45,541911.1,414109.6000000004,117424918.0,133827523.0,0.99,181,-19.67,350,-10.01,217,-12.37,261,-14.02,-2.69,2026-11-11,False,https://www.tradingview.com/chart/?symbol=NASDAQ:PRAX&interval=D,False,False,False,False
PENN,"PENN Entertainment, Inc.",NASDAQ,Casinos/Gaming,15.1,16.56,17.77,4.31,4.27,3596645.7,3077944.2,46476957.0,50973834.0,-3.51,267,-11.9,268,-28.1,333,-2.89,233,-14.3,-3.53,2026-10-29,False,https://www.tradingview.com/chart/?symbol=NASDAQ:PENN&interval=D,False,False,False,False
LEN,Lennar Corporation,NYSE,Homebuilding,74.44,81.84,83.51,4.47,4.34,6647945.1,4910316.4,365523953.0,401884846.0,-9.01,362,-11.38,263,-15.26,246,-16.32,284,-14.32,-2.5,2026-12-16,False,https://www.tradingview.com/chart/?symbol=NYSE:LEN&interval=D,False,False,False,False
COUR,"Coursera, Inc.",NYSE,Miscellaneous Commercial Services,5.18,5.48,5.58,4.2,4.81,8892556.0,6163381.333333333,31926315.0,33750676.0,4.65,108,-12.65,275,-12.79,232,-17.78,293,-14.41,-1.51,2026-10-22,False,https://www.tradingview.com/chart/?symbol=NYSE:COUR&interval=D,False,False,False,False
NYT,New York Times Company (The),NYSE,Publishing: Newspapers,64.0,66.86,67.51,4.26,3.86,4139210.8,3020174.2,193291149.0,201927840.0,0.34,199,-4.56,203,-13.51,240,-25.22,318,-14.43,-1.35,2026-11-11,False,https://www.tradingview.com/chart/?symbol=NYSE:NYT&interval=D,False,False,False,False
ERAS,"Erasca, Inc.",NASDAQ,Pharmaceuticals: Major,14.72,15.92,16.82,6.78,6.82,4377848.2,4625723.533333333,68090650.0,73642290.0,1.34,166,-8.23,240,-22.03,302,-14.27,271,-14.84,-1.83,2026-11-11,False,https://www.tradingview.com/chart/?symbol=NASDAQ:ERAS&interval=D,False,False,False,False
RRR,"Red Rock Resorts, Inc.",NASDAQ,Hotels/Resorts/Cruise lines,51.06,53.92,57.61,4.19,3.89,1401151.8,1134354.8,57920156.0,61165923.0,0.75,191,-10.94,261,-21.97,299,-12.24,259,-15.05,-2.93,2026-11-03,False,https://www.tradingview.com/chart/?symbol=NASDAQ:RRR&interval=D,False,False,False,False
DAIC,"CID HoldCo, Inc.",NASDAQ,Miscellaneous,2.59,3.27,2.24,24.17,25.64,715790.6000000003,16003603.266666668,41449332.0,52358455.0,-20.06,398,-22.46,371,24.52,83,-47.49,383,-15.14,0.62,,False,https://www.tradingview.com/chart/?symbol=NASDAQ:DAIC&interval=D,False,False,False,False
ACHR,Archer Aviation Inc.,NYSE,Aerospace & Defense,4.72,5.51,5.59,5.63,6.17,21983715.9,23618065.9,111477271.0,130143416.0,-14.42,393,-17.63,325,-10.94,222,-18.06,298,-15.54,-2.53,2026-11-05,False,https://www.tradingview.com/chart/?symbol=NYSE:ACHR&interval=D,False,False,False,False
MIR,"Mirion Technologies, Inc.",NYSE,Aerospace & Defense,14.92,15.49,15.49,4.38,4.48,3629601.6,3694523.6333333333,55122293.0,57225708.0,-3.49,266,-10.12,252,-10.44,220,-26.39,325,-15.65,-0.82,2026-11-03,False,https://www.tradingview.com/chart/?symbol=NYSE:MIR&interval=D,False,False,False,False
NG,Novagold Resources Inc.,AMEX,Precious Metals,6.61,7.69,7.48,4.91,5.94,4689496.6,5707711.233333333,37727971.0,43899910.0,-1.64,232,-18.09,334,2.48,155,-31.43,344,-15.68,-1.95,2026-10-08,True,https://www.tradingview.com/chart/?symbol=AMEX:NG&interval=D,False,False,False,False
LBRT,Liberty Energy Inc.,NYSE,Oilfield Services/Equipment,19.59,19.39,19.56,4.52,4.88,4535273.6,3788027.1333333333,74207452.0,73454897.0,-0.1,210,-2.97,191,-16.25,250,-27.92,330,-15.71,0.04,2026-10-21,False,https://www.tradingview.com/chart/?symbol=NYSE:LBRT&interval=D,False,False,False,False
TRU,TransUnion,NYSE,Financial Publishing/Services,63.82,75.26,77.49,4.25,4.6,3079338.4,2581136.3666666667,164728123.0,194262346.0,-5.14,306,-16.53,316,-20.06,282,-12.35,260,-16.31,-3.84,2026-10-27,False,https://www.tradingview.com/chart/?symbol=NYSE:TRU&interval=D,False,False,False,False
CRK,"Comstock Resources, Inc.",NYSE,Oil & Gas Production,13.06,13.95,13.76,4.88,4.95,2565464.8,2822814.5,36865957.0,39377321.0,0.08,204,-12.93,279,-8.35,202,-27.65,329,-16.31,-1.02,2026-11-03,False,https://www.tradingview.com/chart/?symbol=NYSE:CRK&interval=D,False,False,False,False
CARG,"CarGurus, Inc.",NASDAQ,Internet Software/Services,29.35,33.35,34.72,4.2,4.34,1639420.4,1172878.6666666667,34423989.0,39118436.0,-4.86,299,-12.65,276,-19.12,278,-17.95,296,-16.57,-3.56,2026-11-10,False,https://www.tradingview.com/chart/?symbol=NASDAQ:CARG&interval=D,False,False,False,False
GPK,Graphic Packaging Holding Company,NYSE,Containers/Packaging,8.61,9.96,10.59,4.04,4.45,6961772.8,6419023.833333333,55267795.0,63914220.0,-6.72,339,-18.31,337,-19.83,280,-11.69,257,-16.61,-4.2,2026-11-03,False,https://www.tradingview.com/chart/?symbol=NYSE:GPK&interval=D,False,False,False,False
ENOV,Enovis Corporation,NYSE,Medical Specialties,18.69,19.91,22.87,4.35,5.48,1524112.4,1825933.9000000001,34126705.0,36348866.0,2.24,148,-1.68,180,-28.28,335,-22.16,310,-17.37,-3.34,2026-11-11,False,https://www.tradingview.com/chart/?symbol=NYSE:ENOV&interval=D,False,False,False,False
RH,RH,NYSE,Specialty Stores,117.45,133.48,150.91,4.17,5.3,755123.8,827601.0666666667,97201745.0,110469570.0,-4.32,283,-18.96,341,-30.5,347,-2.73,230,-17.4,-4.18,2026-12-03,False,https://www.tradingview.com/chart/?symbol=NYSE:RH&interval=D,False,False,False,False
FSLR,"First Solar, Inc.",NASDAQ,Semiconductors,176.16,195.74,206.98,4.72,4.84,2628092.0,2239887.1,394578512.0,438432514.0,-1.11,224,-15.4,303,-25.32,320,-11.47,253,-17.4,-3.08,2026-10-29,False,https://www.tradingview.com/chart/?symbol=NASDAQ:FSLR&interval=D,False,False,False,False
NN,NextNav Inc.,NASDAQ,Packaged Software,13.32,14.93,15.41,6.6,7.07,2202839.9,2388846.2333333334,31819432.0,35667067.0,-6.53,333,-15.11,299,-22.78,308,-14.56,274,-17.48,-1.92,2026-11-05,False,https://www.tradingview.com/chart/?symbol=NASDAQ:NN&interval=D,False,False,False,False
AVAV,"AeroVironment, Inc.",NASDAQ,Aerospace & Defense,139.3,149.42,157.89,4.89,5.52,1286283.5,1964992.8,273723497.0,293617412.0,-6.99,343,-4.35,201,-20.4,284,-28.42,332,-17.72,-2.14,2026-12-08,False,https://www.tradingview.com/chart/?symbol=NASDAQ:AVAV&interval=D,False,False,False,False
FLY,Firefly Aerospace Inc.,NASDAQ,Aerospace & Defense,22.59,22.09,22.76,7.15,7.34,3580332.2,2993324.2666666666,67619195.0,66111558.0,-5.68,317,4.97,127,-17.88,264,-40.71,366,-17.87,-0.1,2026-11-18,False,https://www.tradingview.com/chart/?symbol=NASDAQ:FLY&interval=D,False,False,False,False
LUMN,"Lumen Technologies, Inc.",NYSE,Major Telecommunications,5.62,6.26,6.28,4.77,5.33,12239430.5,13152837.9,73918949.0,82306075.0,-0.53,216,-19.48,346,-12.73,231,-21.51,305,-17.91,-1.97,2026-11-04,False,https://www.tradingview.com/chart/?symbol=NYSE:LUMN&interval=D,False,False,False,False
MIAX,"Miami International Holdings, Inc.",NYSE,Investment Banks/Brokers,34.32,39.3,41.23,4.0,4.46,1514084.3,1580134.5,54230216.0,62100866.0,-0.87,220,-17.86,328,-18.32,273,-17.56,291,-17.91,-3.75,2026-10-29,False,https://www.tradingview.com/chart/?symbol=NYSE:MIAX&interval=D,False,False,False,False
VKTX,"Viking Therapeutics, Inc.",NASDAQ,Pharmaceuticals: Major,29.28,32.95,33.24,8.53,8.58,14232388.6,6169200.333333333,180634186.0,203281320.0,-16.34,394,-13.24,282,-25.1,318,-15.42,280,-17.92,-1.39,2026-10-28,False,https://www.tradingview.com/chart/?symbol=NASDAQ:VKTX&interval=D,False,False,False,False
FOUR,"Shift4 Payments, Inc.",NYSE,Miscellaneous Commercial Services,37.55,41.42,44.27,4.48,5.79,2270695.7,2152335.7333333334,80820207.0,89146159.0,-0.95,222,-15.31,301,-26.92,331,-11.65,256,-17.96,-2.62,2026-11-11,False,https://www.tradingview.com/chart/?symbol=NYSE:FOUR&interval=D,False,False,False,False
LAZ,"Lazard, Inc.",NYSE,Investment Banks/Brokers,35.28,39.67,41.18,4.13,4.43,1517187.3,1661805.4666666666,58628497.0,65927700.0,-2.7,251,-19.51,347,-17.95,265,-16.77,285,-18.08,-3.23,2026-10-22,False,https://www.tradingview.com/chart/?symbol=NYSE:LAZ&interval=D,False,False,False,False
FIGR,"Figure Technology Solutions, Inc.",NASDAQ,Finance/Rental/Leasing,27.94,34.33,32.73,6.86,7.83,4807629.1,4633211.3,129451924.0,159078993.0,-10.45,374,-21.27,361,-17.61,262,-15.41,279,-18.1,-1.87,2026-11-12,False,https://www.tradingview.com/chart/?symbol=NASDAQ:FIGR&interval=D,False,False,False,False
CBRS,Cerebras Systems Inc.,NASDAQ,Packaged Software,181.55,190.42,200.7,6.09,7.85,8753185.2,7041077.9,1278307693.0,1340789045.0,-11.22,380,-4.94,205,-1.86,176,-48.13,384,-18.31,-1.22,2026-12-02,False,https://www.tradingview.com/chart/?symbol=NASDAQ:CBRS&interval=D,False,False,False,False
AXON,"Axon Enterprise, Inc.",NASDAQ,Aerospace & Defense,411.81,489.43,527.98,4.28,5.26,948382.0,981207.9666666667,404071253.0,480229344.0,-2.84,255,-22.48,372,-35.42,361,2.71,214,-18.4,-4.19,2026-11-10,False,https://www.tradingview.com/chart/?symbol=NASDAQ:AXON&interval=D,False,False,False,False
ALGT,Allegiant Travel Company,NASDAQ,Airlines,75.14,77.85,83.42,4.48,4.71,463534.6,501087.8333333333,37651740.0,39010272.0,-2.59,249,-0.79,173,-37.28,370,-17.14,288,-18.4,-2.11,2026-11-04,False,https://www.tradingview.com/chart/?symbol=NASDAQ:ALGT&interval=D,False,False,False,False
AN,"AutoNation, Inc.",NYSE,Specialty Stores,161.67,186.44,195.9,5.37,4.56,583708.9,583788.5333333333,94381092.0,108840950.0,-2.88,257,-21.65,362,-15.3,247,-18.32,300,-18.43,-3.83,2026-10-22,False,https://www.tradingview.com/chart/?symbol=NYSE:AN&interval=D,False,False,False,False
WULF,TeraWulf Inc.,NASDAQ,Data Processing Services,14.79,15.9,16.36,6.28,7.39,26527686.3,27718876.066666666,409962177.0,440739369.0,-4.58,293,-8.02,237,-31.65,350,-16.16,282,-18.61,-1.3,2026-11-16,False,https://www.tradingview.com/chart/?symbol=NASDAQ:WULF&interval=D,False,False,False,False
WEN,Wendy's Company (The),NASDAQ,Restaurants,6.1,7.36,7.62,4.12,4.7,5308589.5,6555272.366666666,39987161.0,48279581.0,-6.3,328,-21.69,363,-21.19,290,-13.35,267,-18.75,-4.25,2026-11-11,False,https://www.tradingview.com/chart/?symbol=NASDAQ:WEN&interval=D,False,False,False,False
SRPT,"Sarepta Therapeutics, Inc.",NASDAQ,Pharmaceuticals: Major,17.49,20.04,18.89,5.47,6.03,2399737.6,2970998.2666666666,51962760.0,59549699.0,-5.1,305,-22.54,373,-9.24,210,-26.08,324,-19.29,-1.23,2026-11-04,False,https://www.tradingview.com/chart/?symbol=NASDAQ:SRPT&interval=D,False,False,False,False
UPST,"Upstart Holdings, Inc.",NASDAQ,Finance/Rental/Leasing,24.35,26.15,27.42,4.02,4.8,4827153.5,4257379.033333333,103667179.0,111340396.0,3.93,119,-12.82,278,-30.39,346,-15.19,278,-19.46,-2.33,2026-11-10,False,https://www.tradingview.com/chart/?symbol=NASDAQ:UPST&interval=D,False,False,False,False
LEU,Centrus Energy Corp.,NYSE,Other Metals/Minerals,141.44,159.61,168.59,4.73,6.08,549348.2,718946.1999999989,101687751.0,114747888.0,-1.57,231,-17.84,327,-17.07,256,-23.96,313,-19.62,-2.65,2026-11-11,False,https://www.tradingview.com/chart/?symbol=NYSE:LEU&interval=D,False,False,False,False
ALM,Almonty Industries Inc.,NASDAQ,Other Metals/Minerals,13.52,15.63,14.99,5.91,7.74,6020445.1,6116457.366666666,82694504.0,95623675.0,2.35,145,-23.14,375,-14.16,242,-21.62,306,-19.64,-1.27,2026-11-17,False,https://www.tradingview.com/chart/?symbol=NASDAQ:ALM&interval=D,False,False,False,False
AIR,AAR Corp.,NYSE,Aerospace & Defense,102.24,120.3,129.29,5.58,5.56,909054.7,550639.0333333333,56297335.0,66242059.0,-10.59,376,-18.02,332,-28.26,334,-13.72,270,-20.0,-3.76,2027-01-06,False,https://www.tradingview.com/chart/?symbol=NYSE:AIR&interval=D,False,False,False,False
SEDG,"SolarEdge Technologies, Inc.",NASDAQ,Electrical Products,34.38,33.55,34.42,5.89,7.0,2658109.2,3089459.2333333334,106215608.0,103656506.0,5.52,99,1.54,156,-37.18,368,-24.62,316,-20.09,-0.02,2026-11-11,False,https://www.tradingview.com/chart/?symbol=NASDAQ:SEDG&interval=D,False,False,False,False
ESAB,ESAB Corporation,NYSE,Industrial Machinery,71.46,71.42,77.46,4.29,4.41,1047889.5,914870.3666666667,65376636.0,65339432.0,0.69,192,-4.34,200,-26.6,329,-29.53,336,-20.16,-1.76,2026-11-04,False,https://www.tradingview.com/chart/?symbol=NYSE:ESAB&interval=D,False,False,False,False
VSEC,VSE Corporation,NASDAQ,Engineering & Construction,168.13,190.31,201.62,4.8,5.32,405663.4,379423.63333333336,63792495.0,72209756.0,-5.05,301,-16.52,315,-28.46,339,-15.62,281,-20.2,-3.13,2026-10-28,False,https://www.tradingview.com/chart/?symbol=NASDAQ:VSEC&interval=D,False,False,False,False
SMR,NuScale Power Corporation,NYSE,Electrical Products,7.68,8.94,9.0,5.99,7.25,30096056.0,36737513.5,282144104.0,328249683.0,-6.46,331,-20.74,355,-18.21,270,-21.79,307,-20.25,-2.03,2026-11-05,False,https://www.tradingview.com/chart/?symbol=NYSE:SMR&interval=D,False,False,False,False
DKNG,DraftKings Inc.,NASDAQ,Movies/Entertainment,19.6,22.86,23.48,6.22,6.07,19108992.5,13336440.966666667,261394243.0,304862150.0,-9.34,366,-18.33,338,-25.7,324,-17.33,290,-20.46,-2.72,2026-10-30,False,https://www.tradingview.com/chart/?symbol=NASDAQ:DKNG&interval=D,False,False,False,False
NNE,Nano Nuclear Energy Inc.,NASDAQ,Electrical Products,15.51,17.11,17.5,5.61,6.27,1692287.1,1823674.6333333333,28285194.0,31205505.0,-7.24,347,-12.62,273,-21.47,294,-27.35,328,-20.48,-1.81,2026-12-17,False,https://www.tradingview.com/chart/?symbol=NASDAQ:NNE&interval=D,False,False,False,False
INSM,Insmed Incorporated,NASDAQ,Pharmaceuticals: Major,103.83,120.93,119.75,4.67,5.12,2769489.0,2263970.7666666666,235068085.0,273774438.0,-11.12,379,-17.6,324,-8.29,201,-36.28,356,-20.72,-2.6,2026-10-22,False,https://www.tradingview.com/chart/?symbol=NASDAQ:INSM&interval=D,False,False,False,False
PUMP,ProPetro Holding Corp.,NYSE,Oilfield Services/Equipment,9.59,10.47,10.83,4.73,5.42,4072433.8,3777917.433333333,36230228.0,39556055.0,-1.94,237,-14.3,290,-22.03,301,-25.95,323,-20.76,-2.11,2026-11-04,False,https://www.tradingview.com/chart/?symbol=NYSE:PUMP&interval=D,False,False,False,False
ACAD,ACADIA Pharmaceuticals Inc.,NASDAQ,Pharmaceuticals: Major,20.11,26.02,26.86,4.85,4.71,3052478.0,2048790.8333333333,41201184.0,53308513.0,-2.05,241,-27.58,393,-23.13,310,-11.99,258,-20.9,-5.34,2026-11-11,False,https://www.tradingview.com/chart/?symbol=NASDAQ:ACAD&interval=D,False,False,False,False
SPHR,Sphere Entertainment Co.,NYSE,Media Conglomerates,110.8,141.05,147.59,5.75,6.43,783584.1,635223.8666666667,70382804.0,89599809.0,-20.76,399,-21.97,366,-26.25,328,-15.16,277,-21.13,-3.88,2026-11-10,False,https://www.tradingview.com/chart/?symbol=NYSE:SPHR&interval=D,False,False,False,False
UEC,Uranium Energy Corp.,AMEX,Other Metals/Minerals,9.35,10.8,10.79,5.27,6.11,10421329.0,9459592.366666667,88447189.0,102176210.0,0.54,195,-17.98,330,-11.04,224,-34.39,352,-21.14,-2.18,2026-12-16,False,https://www.tradingview.com/chart/?symbol=AMEX:UEC&interval=D,False,False,False,False
RSI,"Rush Street Interactive, Inc.",NYSE,Casinos/Gaming,20.99,23.97,24.99,5.66,5.58,4590891.7,3256832.566666667,68360916.0,78066277.0,5.48,100,-20.55,354,-34.85,358,-8.74,246,-21.38,-2.87,2026-11-04,False,https://www.tradingview.com/chart/?symbol=NYSE:RSI&interval=D,False,False,False,False
UAA,"Under Armour, Inc.",NYSE,Apparel/Footwear,4.7,4.87,5.35,4.25,4.5,11356624.1,9120890.566666666,42868186.0,44464342.0,6.82,80,-8.56,243,-31.88,351,-23.95,312,-21.46,-2.69,2026-11-05,False,https://www.tradingview.com/chart/?symbol=NYSE:UAA&interval=D,False,False,False,False
RKT,"Rocket Companies, Inc.",NYSE,Finance/Rental/Leasing,11.68,12.94,13.34,4.81,5.25,40574485.5,32898805.833333332,384258052.0,425677649.0,-1.43,228,-15.73,307,-23.46,313,-25.37,319,-21.52,-2.37,2026-10-29,False,https://www.tradingview.com/chart/?symbol=NYSE:RKT&interval=D,False,False,False,False
IBP,"Installed Building Products, Inc.",NYSE,Engineering & Construction,191.11,214.21,224.1,4.05,4.69,420236.1,417077.8333333333,79707745.0,89341130.0,-5.66,316,-19.6,349,-16.59,253,-30.25,339,-22.15,-3.14,2026-11-11,False,https://www.tradingview.com/chart/?symbol=NYSE:IBP&interval=D,False,False,False,False
OKLO,Oklo Inc.,NYSE,Industrial Machinery,35.97,39.01,40.52,5.06,5.98,7763170.5,9982575.933333334,359073256.0,389453562.0,-3.31,261,-8.96,245,-29.26,343,-28.8,334,-22.34,-1.88,2026-11-18,False,https://www.tradingview.com/chart/?symbol=NYSE:OKLO&interval=D,False,False,False,False
LUNR,"Intuitive Machines, Inc.",NASDAQ,Aerospace & Defense,14.29,15.03,15.3,6.87,7.14,7812440.0,7076473.633333334,101122808.0,106345246.0,-6.66,337,-3.93,196,-21.74,295,-42.24,369,-22.64,-0.93,2026-11-18,False,https://www.tradingview.com/chart/?symbol=NASDAQ:LUNR&interval=D,False,False,False,False
PLUG,"Plug Power, Inc.",NASDAQ,Electronic Production Equipment,1.89,2.07,2.11,4.76,5.46,46557397.6,49733568.9,93996445.0,103180578.0,-3.08,259,-10.43,254,-28.41,337,-30.0,338,-22.95,-1.88,2026-11-10,False,https://www.tradingview.com/chart/?symbol=NASDAQ:PLUG&interval=D,False,False,False,False
USAR,"USA Rare Earth, Inc.",NASDAQ,Metal Fabrication,13.65,16.31,16.71,5.04,6.54,12221207.6,12935919.233333332,176575298.0,211023650.0,-8.67,357,-26.81,391,-27.47,332,-14.74,275,-23.01,-2.8,2026-11-05,False,https://www.tradingview.com/chart/?symbol=NASDAQ:USAR&interval=D,False,False,False,False
MIRM,"Mirum Pharmaceuticals, Inc.",NASDAQ,Pharmaceuticals: Major,81.43,94.15,97.57,4.57,4.54,852315.7,697267.3666666667,56778482.0,65650744.0,-9.52,367,-17.81,326,-34.12,356,-17.12,287,-23.02,-3.64,2026-11-17,False,https://www.tradingview.com/chart/?symbol=NASDAQ:MIRM&interval=D,False,False,False,False
BBAI,"BigBear.ai, Inc.",NYSE,Packaged Software,2.61,2.87,2.95,4.75,5.34,14908116.2,15582240.133333333,40669647.0,44710641.0,-5.09,304,-11.82,266,-26.69,330,-30.77,342,-23.09,-2.15,2026-11-11,False,https://www.tradingview.com/chart/?symbol=NYSE:BBAI&interval=D,False,False,False,False
DNN,Denison Mines Corp,AMEX,Other Metals/Minerals,2.63,3.04,3.06,4.17,5.07,25952579.8,25265665.733333334,66448701.0,76874999.0,1.15,174,-22.42,370,-18.32,272,-29.3,335,-23.35,-2.8,2026-11-03,False,https://www.tradingview.com/chart/?symbol=AMEX:DNN&interval=D,False,False,False,False
MRP,"Millrose Properties, Inc.",NYSE,Real Estate Development,22.51,28.82,29.03,4.62,4.69,3765218.4,2135451.566666667,48069015.0,61538020.0,-17.12,395,-28.72,397,-20.74,288,-21.02,304,-23.49,-4.79,2026-10-22,False,https://www.tradingview.com/chart/?symbol=NYSE:MRP&interval=D,False,False,False,False
CHWY,"Chewy, Inc.",NYSE,Internet Retail,18.22,21.08,21.87,4.14,4.82,10245497.1,9768525.766666668,177982539.0,205962853.0,0.11,202,-23.83,379,-16.23,249,-32.83,345,-24.3,-3.46,2026-12-03,False,https://www.tradingview.com/chart/?symbol=NYSE:CHWY&interval=D,False,False,False,False
ALKT,"Alkami Technology, Inc.",NASDAQ,Packaged Software,14.15,17.87,18.48,5.15,6.01,2674354.8,1889074.1333333333,26730399.0,33759644.0,4.04,117,-28.57,396,-25.64,323,-19.14,302,-24.45,-3.9,2026-10-29,False,https://www.tradingview.com/chart/?symbol=NASDAQ:ALKT&interval=D,False,False,False,False
AMPX,"Amprius Technologies, Inc.",NYSE,Electrical Products,9.45,9.7,10.14,5.93,6.22,6354600.7,5009635.7,47341057.0,48603486.0,-13.14,388,-1.77,181,-24.7,317,-47.41,381,-24.63,-1.1,2026-11-05,False,https://www.tradingview.com/chart/?symbol=NYSE:AMPX&interval=D,False,False,False,False
GIL,"Gildan Activewear, Inc.",NYSE,Apparel/Footwear,40.68,47.84,51.0,4.3,4.37,2604306.5,1601796.5666666667,65161084.0,76629414.0,1.4,162,-23.38,378,-21.81,297,-28.73,333,-24.64,-4.63,2026-10-29,False,https://www.tradingview.com/chart/?symbol=NYSE:GIL&interval=D,False,False,False,False
OCUL,"Ocular Therapeutix, Inc.",NASDAQ,Pharmaceuticals: Major,7.25,9.88,9.74,8.39,8.51,4846103.0,3060315.2,22187285.0,30232344.0,-22.71,401,-31.02,400,-26.02,326,-17.24,289,-24.76,-3.0,2026-11-09,False,https://www.tradingview.com/chart/?symbol=NASDAQ:OCUL&interval=D,False,False,False,False
ASTS,"AST SpaceMobile, Inc.",NASDAQ,Specialty Telecommunications,58.44,60.49,62.74,6.3,6.76,10566319.2,10106249.9,590609244.0,611316950.0,-4.39,286,-7.82,236,-26.1,327,-41.94,368,-25.29,-1.01,2026-11-16,False,https://www.tradingview.com/chart/?symbol=NASDAQ:ASTS&interval=D,False,False,False,False
MPT,"Medical Properties Trust, Inc.",NYSE,Real Estate Investment Trusts,3.31,3.72,3.99,4.27,4.25,10331500.9,10489691.466666667,34720879.0,39063611.0,-6.66,336,-18.07,333,-28.43,338,-30.75,341,-25.75,-4.03,2026-10-22,False,https://www.tradingview.com/chart/?symbol=NYSE:MPT&interval=D,False,False,False,False
Z,"Zillow Group, Inc.",NASDAQ,Internet Software/Services,27.41,31.62,32.78,4.29,4.66,4825391.0,3904067.4,107010487.0,123442707.0,-2.94,258,-21.26,360,-19.57,279,-36.54,358,-25.79,-3.51,2026-11-04,False,https://www.tradingview.com/chart/?symbol=NASDAQ:Z&interval=D,False,False,False,False
QXO,"QXO, Inc.",NYSE,Wholesale Distributors,11.88,12.55,13.32,4.54,4.88,21193138.0,17438102.733333334,207164660.0,218917942.0,-1.98,239,-10.68,256,-25.52,321,-41.68,367,-25.96,-2.21,2026-11-17,False,https://www.tradingview.com/chart/?symbol=NYSE:QXO&interval=D,False,False,False,False
ALNY,"Alnylam Pharmaceuticals, Inc.",NASDAQ,Pharmaceuticals: Major,219.89,245.85,240.45,4.14,4.65,1257166.2,1524271.8666666667,335172141.0,374743763.0,-14.2,392,-14.96,297,-30.65,348,-32.86,346,-26.16,-1.84,2026-10-29,False,https://www.tradingview.com/chart/?symbol=NASDAQ:ALNY&interval=D,False,False,False,False
EOSE,"Eos Energy Enterprises, Inc.",NASDAQ,Electrical Products,3.27,3.58,3.68,7.56,8.5,29163215.7,26645522.466666665,87130858.0,95399852.0,4.14,115,-7.1,228,-37.12,367,-34.34,351,-26.19,-1.3,2026-11-11,False,https://www.tradingview.com/chart/?symbol=NASDAQ:EOSE&interval=D,False,False,False,False
BLDR,"Builders FirstSource, Inc.",NYSE,Home Improvement Chains,55.63,61.41,65.53,4.12,4.57,2223120.2,3236905.2,180069036.0,198790217.0,-4.19,280,-13.13,281,-32.18,353,-33.93,349,-26.42,-3.31,2026-10-29,False,https://www.tradingview.com/chart/?symbol=NYSE:BLDR&interval=D,False,False,False,False
WING,Wingstop Inc.,NASDAQ,Restaurants,106.84,107.62,113.48,4.07,5.22,1322623.8,1267399.1,135408920.0,136400026.0,7.04,77,-3.62,195,-38.03,371,-38.57,363,-26.74,-1.12,2026-10-28,False,https://www.tradingview.com/chart/?symbol=NASDAQ:WING&interval=D,False,False,False,False
KTOS,"Kratos Defense & Security Solutions, Inc.",NASDAQ,Aerospace & Defense,42.02,47.56,51.06,4.62,5.26,4677776.2,3813867.566666667,160258715.0,181406611.0,-6.56,334,-12.0,269,-21.79,296,-47.06,380,-26.95,-3.36,2026-10-29,False,https://www.tradingview.com/chart/?symbol=NASDAQ:KTOS&interval=D,False,False,False,False
QS,QuantumScape Corporation,NASDAQ,Electrical Products,4.62,5.18,5.4,4.69,5.23,12137618.5,12531827.933333334,57897045.0,64927401.0,-4.35,285,-15.23,300,-35.29,360,-30.73,340,-27.09,-2.76,2026-10-28,False,https://www.tradingview.com/chart/?symbol=NASDAQ:QS&interval=D,False,False,False,False
NAMS,NewAmsterdam Pharma Company N.V.,NASDAQ,Pharmaceuticals: Major,22.8,23.98,25.5,5.82,5.97,1785720.2,1678805.9666666666,38276776.0,40254969.0,1.33,167,-11.11,262,-35.52,362,-34.86,353,-27.16,-1.78,2026-11-11,False,https://www.tradingview.com/chart/?symbol=NASDAQ:NAMS&interval=D,False,False,False,False
PLNT,"Planet Fitness, Inc.",NYSE,Other Consumer Services,42.07,47.89,49.89,5.23,4.68,3598757.0,2398828.3666666667,100918709.0,114868696.0,-0.72,217,-17.86,329,-20.62,286,-44.07,374,-27.52,-3.35,2026-11-10,False,https://www.tradingview.com/chart/?symbol=NYSE:PLNT&interval=D,False,False,False,False
HUBG,"Hub Group, Inc.",NASDAQ,Air Freight/Couriers,28.74,34.37,38.19,4.13,5.34,1323610.5,1283114.5666666667,36876713.0,44107063.0,-3.52,269,-21.11,358,-37.19,369,-25.5,320,-27.93,-4.63,2026-10-22,False,https://www.tradingview.com/chart/?symbol=NASDAQ:HUBG&interval=D,False,False,False,False
XRAY,DENTSPLY SIRONA Inc.,NASDAQ,Medical Specialties,8.56,10.14,11.05,4.13,4.61,5067436.5,4546295.1,38916286.0,46085036.0,-8.11,355,-24.18,380,-31.19,349,-29.72,337,-28.36,-4.88,2026-10-29,False,https://www.tradingview.com/chart/?symbol=NASDAQ:XRAY&interval=D,False,False,False,False
MTZ,"MasTec, Inc.",NYSE,Engineering & Construction,219.4,228.23,250.01,4.73,5.2,1348909.2,1516657.0,332754546.0,346144099.0,3.02,137,-6.54,219,-40.87,379,-37.78,361,-28.4,-2.35,2026-10-29,False,https://www.tradingview.com/chart/?symbol=NYSE:MTZ&interval=D,False,False,False,False
STLA,Stellantis N.V.,NYSE,Motor Vehicles,4.49,5.01,5.22,4.05,4.63,31914855.200000025,25045823.866666667,112455749.0,125504623.0,-5.17,309,-19.1,344,-22.72,307,-43.8,373,-28.54,-3.02,2026-10-28,False,https://www.tradingview.com/chart/?symbol=NYSE:STLA&interval=D,False,False,False,False
FLUT,Flutter Entertainment plc,NYSE,Casinos/Gaming,75.73,91.99,95.24,5.67,5.54,2980945.1,2879448.2333333334,218060615.0,264877564.0,-8.55,356,-25.01,383,-29.92,345,-30.8,343,-28.57,-3.7,2026-11-18,False,https://www.tradingview.com/chart/?symbol=NYSE:FLUT&interval=D,False,False,False,False
QNT,Quantinuum Inc.,NASDAQ,Computer Processing Hardware,45.53,49.86,52.93,6.55,6.93,2034003.8,1788945.8333333333,81450704.0,89205188.0,-7.08,344,-7.67,235,-45.26,384,-33.04,347,-28.66,-2.02,2026-11-12,False,https://www.tradingview.com/chart/?symbol=NASDAQ:QNT&interval=D,False,False,False,False
TE,T1 Energy Inc.,NYSE,Electrical Products,3.7,4.29,4.51,6.38,8.73,19921363.3,19578765.066666666,72441431.0,84025533.0,-1.46,230,-17.59,323,-55.95,396,-12.94,262,-28.83,-2.06,2026-11-11,False,https://www.tradingview.com/chart/?symbol=NYSE:TE&interval=D,False,False,False,False
JOBY,"Joby Aviation, Inc.",NYSE,Aerospace & Defense,5.78,6.47,6.99,4.1,4.87,20509953.1,23971808.233333334,138557052.0,155001712.0,-6.92,340,-16.11,312,-34.21,357,-36.62,359,-28.98,-3.55,2026-11-11,False,https://www.tradingview.com/chart/?symbol=NYSE:JOBY&interval=D,False,False,False,False
FRMI,Fermi Inc.,NASDAQ,Real Estate Development,4.06,4.92,5.47,6.16,8.05,15828388.8,16549329.533333333,67190278.0,81444767.0,-8.76,359,-15.42,304,-49.81,391,-21.85,308,-29.03,-3.2,2026-11-17,False,https://www.tradingview.com/chart/?symbol=NASDAQ:FRMI&interval=D,False,False,False,False
HYMC,Hycroft Mining Holding Corporation,NASDAQ,Precious Metals,18.8,21.84,22.8,6.29,7.56,1941598.9,2049522.966666662,38531032.0,44760557.0,-7.21,346,-16.07,311,-18.72,275,-53.88,393,-29.56,-2.32,2026-11-03,False,https://www.tradingview.com/chart/?symbol=NASDAQ:HYMC&interval=D,False,False,False,False
UUUU,Energy Fuels Inc,AMEX,Other Metals/Minerals,10.82,12.95,13.12,4.16,5.6,6935251.6,6767438.166666667,73223681.0,87620278.0,-3.31,262,-25.53,387,-20.73,287,-42.75,370,-29.67,-3.12,2026-10-30,False,https://www.tradingview.com/chart/?symbol=AMEX:UUUU&interval=D,False,False,False,False
KNF,Knife Riv Holding Co.,NYSE,Construction Materials,51.97,57.62,62.49,4.57,4.65,1289044.0,1077195.2666666666,55981838.0,62066555.0,-3.46,264,-15.97,309,-38.32,373,-35.5,354,-29.93,-3.62,2026-11-09,False,https://www.tradingview.com/chart/?symbol=NYSE:KNF&interval=D,False,False,False,False
GT,The Goodyear Tire & Rubber Company,NASDAQ,Automotive Aftermarket,4.68,5.53,5.92,4.53,5.08,9592144.5,9485272.833333334,44391077.0,52426684.0,-8.77,360,-23.15,376,-33.24,354,-33.62,348,-30.0,-4.14,2026-11-09,False,https://www.tradingview.com/chart/?symbol=NASDAQ:GT&interval=D,False,False,False,False
FUN,Six Flags Entertainment Corporation,NYSE,Movies/Entertainment,12.13,13.55,14.92,5.41,6.24,2899502.0,2310326.1333333333,28024256.0,31303379.0,-0.16,213,-19.35,345,-37.02,366,-34.08,350,-30.15,-2.99,2026-11-05,False,https://www.tradingview.com/chart/?symbol=NYSE:FUN&interval=D,False,False,False,False
WHR,Whirlpool Corporation,NYSE,Electronics/Appliances,30.03,35.16,37.46,4.42,5.03,2800605.0,2724831.1666666665,81826680.0,95801431.0,-4.76,295,-22.12,368,-22.22,304,-46.94,379,-30.43,-3.94,2026-10-15,False,https://www.tradingview.com/chart/?symbol=NYSE:WHR&interval=D,False,False,False,False
INIO,INNIO N.V.,NASDAQ,Electrical Products,18.98,20.0,22.38,6.57,7.58,5670672.0,5125911.433333334,97289799.0,102530189.0,-0.89,221,-7.1,226,-46.95,386,-38.77,365,-30.94,-2.0,2026-12-02,False,https://www.tradingview.com/chart/?symbol=NASDAQ:INIO&interval=D,False,False,False,False
APP,Applovin Corporation,NASDAQ,Packaged Software,281.97,311.18,328.51,5.3,5.64,5577199.1,5093177.6,1436123288.0,1584871237.0,-12.44,386,-9.18,249,-47.86,387,-35.99,355,-31.01,-2.51,2026-11-11,False,https://www.tradingview.com/chart/?symbol=NASDAQ:APP&interval=D,False,False,False,False
XE,"X-Energy, Inc.",NASDAQ,Industrial Machinery,14.41,16.39,17.43,5.88,7.85,5229671.7,6599790.8,95102985.0,108188171.0,-3.93,276,-18.45,339,-19.94,281,-55.0,394,-31.13,-2.2,2026-12-02,False,https://www.tradingview.com/chart/?symbol=NASDAQ:XE&interval=D,False,False,False,False
CELC,Celcuity Inc.,NASDAQ,Medical Specialties,73.62,85.33,87.08,5.86,6.14,1179859.3,947790.2666666667,69776319.0,80875891.0,-7.33,348,-23.18,377,-33.34,355,-37.61,360,-31.38,-2.52,2026-11-18,False,https://www.tradingview.com/chart/?symbol=NASDAQ:CELC&interval=D,False,False,False,False
STUB,"StubHub Holdings, Inc.",NYSE,Internet Software/Services,5.53,5.98,6.86,5.12,5.63,6961100.6,6622997.566666666,36625177.0,39601110.0,2.41,143,-16.21,313,-59.96,398,-18.32,299,-31.49,-3.45,2026-11-12,False,https://www.tradingview.com/chart/?symbol=NYSE:STUB&interval=D,False,False,False,False
LCID,"Lucid Group, Inc.",NASDAQ,Motor Vehicles,4.17,4.41,5.36,5.4,6.81,8804675.89999998,11481547.200000018,47878052.0,50637450.0,3.47,130,-9.15,248,-35.05,359,-55.4,395,-33.2,-3.26,2026-11-10,False,https://www.tradingview.com/chart/?symbol=NASDAQ:LCID&interval=D,False,False,False,False
FMC,FMC Corporation,NYSE,Chemicals: Agricultural,9.0,10.77,10.7,5.72,6.37,5021917.4,3977392.2,35796530.0,42856401.0,-5.16,308,-30.5,399,-21.4,292,-49.27,386,-33.72,-2.5,2026-10-29,False,https://www.tradingview.com/chart/?symbol=NYSE:FMC&interval=D,False,False,False,False
RUN,Sunrun Inc.,NASDAQ,Semiconductors,7.61,8.47,9.03,5.15,5.69,7744333.8,7331402.733333333,55791975.0,62122641.0,-4.4,287,-14.4,292,-40.57,378,-46.93,378,-33.97,-2.76,2026-11-04,False,https://www.tradingview.com/chart/?symbol=NASDAQ:RUN&interval=D,False,False,False,False
CHTR,"Charter Communications, Inc.",NASDAQ,Cable/Satellite TV,107.77,133.95,139.95,4.61,5.38,3231097.1,2895954.5,312097016.0,387900556.0,-4.41,288,-28.49,395,-21.45,293,-52.45,390,-34.13,-4.28,2026-10-30,False,https://www.tradingview.com/chart/?symbol=NASDAQ:CHTR&interval=D,False,False,False,False
RARE,Ultragenyx Pharmaceutical Inc.,NASDAQ,Pharmaceuticals: Major,14.5,17.61,20.94,5.95,7.7,4954823.2,5800621.0,84109004.0,102147969.0,1.19,172,-6.3,217,-57.59,397,-38.66,364,-34.18,-3.99,2026-11-04,False,https://www.tradingview.com/chart/?symbol=NASDAQ:RARE&interval=D,False,False,False,False
TTD,"The Trade Desk, Inc.",NASDAQ,Packaged Software,11.98,13.48,14.42,4.04,4.62,21747299.299999993,23497634.533333343,281501662.0,316842104.0,-4.54,292,-21.08,357,-39.31,377,-44.33,375,-34.91,-3.66,2026-11-05,False,https://www.tradingview.com/chart/?symbol=NASDAQ:TTD&interval=D,False,False,False,False
PL,Planet Labs PBC,NYSE,Packaged Software,17.36,17.89,19.75,5.09,5.88,10644280.4,11143611.6,193453097.0,199381499.0,1.11,175,-11.61,264,-41.8,381,-52.95,391,-35.46,-2.05,2026-12-14,False,https://www.tradingview.com/chart/?symbol=NYSE:PL&interval=D,False,False,False,False
CAR,"Avis Budget Group, Inc.",NASDAQ,Finance/Rental/Leasing,107.98,123.51,131.67,5.37,5.5,426489.3,416064.63333333336,44926659.0,51386479.0,0.42,197,-21.73,364,-31.93,352,-56.46,396,-36.71,-3.27,2026-11-02,False,https://www.tradingview.com/chart/?symbol=NASDAQ:CAR&interval=D,False,False,False,False
FICO,Fair Isaac Corporation,NYSE,Financial Publishing/Services,689.61,946.96,1017.47,5.89,8.4,1486629.3,755253.6666666666,520830481.0,715194257.0,-19.14,397,-26.2,389,-46.75,385,-38.37,362,-37.11,-3.84,2026-11-11,False,https://www.tradingview.com/chart/?symbol=NYSE:FICO&interval=D,False,False,False,False
XENE,Xenon Pharmaceuticals Inc.,NASDAQ,Pharmaceuticals: Major,37.57,50.89,55.87,5.16,6.14,2610313.3,2009131.9333333333,75483087.0,102254770.0,1.95,150,-37.4,402,-38.51,374,-36.47,357,-37.46,-5.34,2026-11-11,False,https://www.tradingview.com/chart/?symbol=NASDAQ:XENE&interval=D,False,False,False,False
RCAT,"Red Cat Holdings, Inc.",NASDAQ,Packaged Software,6.34,7.63,8.23,5.62,6.57,7268823.8,7738056.3,49097967.0,59014286.0,-3.72,273,-25.35,385,-36.55,364,-52.04,389,-37.98,-3.49,2026-11-12,False,https://www.tradingview.com/chart/?symbol=NASDAQ:RCAT&interval=D,False,False,False,False
SOC,Sable Offshore Corp.,NYSE,Integrated Oil,3.47,4.39,4.46,9.04,10.1,8748762.7,7951952.166666667,27593274.0,34893166.0,-11.03,378,-27.56,392,-13.25,236,-74.12,405,-38.31,-2.2,2026-11-12,False,https://www.tradingview.com/chart/?symbol=NYSE:SOC&interval=D,False,False,False,False
IONS,"Ionis Pharmaceuticals, Inc.",NASDAQ,Pharmaceuticals: Major,43.5,51.92,53.65,4.28,4.7,3789580.4,3836145.1,166872312.0,199171375.0,-2.38,245,-25.46,386,-48.47,388,-42.82,371,-38.92,-4.02,2026-11-04,False,https://www.tradingview.com/chart/?symbol=NASDAQ:IONS&interval=D,False,False,False,False
BRBR,"BellRing Brands, Inc.",NYSE,Beverages: Non-Alcoholic,7.73,9.23,10.24,5.22,6.04,4586909.4,3468023.0,26807818.0,32004072.0,-0.77,218,-25.24,384,-42.01,382,-52.02,388,-39.76,-4.06,2026-11-23,False,https://www.tradingview.com/chart/?symbol=NYSE:BRBR&interval=D,False,False,False,False
KRMN,Karman Holdings Inc.,NYSE,Aerospace & Defense,33.02,38.02,45.0,6.73,7.51,3668473.3,3692668.7666666666,121931923.0,140384189.0,-5.74,318,-18.15,335,-38.72,375,-62.57,399,-39.81,-3.54,2026-11-05,False,https://www.tradingview.com/chart/?symbol=NYSE:KRMN&interval=D,False,False,False,False
UTI,Universal Technical Institute Inc,NYSE,Miscellaneous Commercial Services,19.17,20.67,25.01,5.26,6.53,1895117.9,1843587.7666666666,35341577.0,38100199.0,-5.15,307,-9.7,251,-62.1,400,-48.44,385,-40.08,-3.57,2026-11-25,False,https://www.tradingview.com/chart/?symbol=NYSE:UTI&interval=D,False,False,False,False
FLNC,"Fluence Energy, Inc.",NASDAQ,Electrical Products,7.65,9.16,10.71,5.71,7.69,7128641.6,7705430.5,58946543.0,70563764.0,1.32,168,-24.33,381,-55.92,395,-47.46,382,-42.57,-3.72,2026-11-30,False,https://www.tradingview.com/chart/?symbol=NASDAQ:FLNC&interval=D,False,False,False,False
NKTR,Nektar Therapeutics,NASDAQ,Pharmaceuticals: Major,42.22,65.93,68.91,10.05,9.84,2622350.0999999996,1422234.0,60046719.0,93770495.0,-25.93,403,-43.46,405,-42.28,383,-45.8,376,-43.85,-3.94,2026-11-05,False,https://www.tradingview.com/chart/?symbol=NASDAQ:NKTR&interval=D,False,False,False,False
OPEN,Opendoor Technologies Inc,NASDAQ,Real Estate Development,2.31,2.83,3.16,5.61,6.63,29201459.4,30225463.266666666,69820820.0,85608587.0,-9.06,363,-25.6,388,-54.35,394,-53.33,392,-44.43,-4.06,2026-11-05,False,https://www.tradingview.com/chart/?symbol=NASDAQ:OPEN&interval=D,False,False,False,False
FRVO,Fervo Energy Company,NASDAQ,Alternative Power Generation,13.46,15.95,17.95,8.98,10.57,8732070.9,7835376.2,105464164.0,124946827.0,-11.3,382,-22.06,367,-51.0,392,-62.61,400,-45.22,-2.37,2026-12-02,False,https://www.tradingview.com/chart/?symbol=NASDAQ:FRVO&interval=D,False,False,False,False
BW,"Babcock & Wilcox Enterprises, Inc.",NYSE,Electronic Equipment/Instruments,5.64,6.92,7.86,6.95,8.98,5497706.0,4810568.266666667,27131605.0,33285925.0,-8.74,358,-20.11,351,-48.96,390,-69.03,402,-46.03,-3.14,2026-11-11,False,https://www.tradingview.com/chart/?symbol=NYSE:BW&interval=D,False,False,False,False
TNON,"Tenon Medical, Inc.",NASDAQ,Medical/Nursing Services,3.7,4.19,5.09,15.5,26.57,6509293.000000003,11476185.166666666,42461885.0,48066089.0,22.31,5,-1.6,179,-62.24,401,-86.27,409,-50.04,-1.03,2026-11-18,False,https://www.tradingview.com/chart/?symbol=NASDAQ:TNON&interval=D,True,False,False,False
LQDA,Liquidia Corporation,NASDAQ,Pharmaceuticals: Major,27.64,63.29,70.8,23.18,21.65,6732968.3,3041679.6666666665,84072026.0,192514496.0,-59.38,410,-59.3,407,-64.95,403,-28.06,331,-50.77,-2.82,2026-11-10,False,https://www.tradingview.com/chart/?symbol=NASDAQ:LQDA&interval=D,False,False,False,False
CAPR,"Capricor Therapeutics, Inc.",NASDAQ,Pharmaceuticals: Major,7.78,8.92,7.76,9.0,11.79,4857991.5,5525830.133333334,42990958.0,49295931.0,-6.15,325,-17.23,320,-65.5,404,-76.33,406,-53.02,0.02,2026-11-17,False,https://www.tradingview.com/chart/?symbol=NASDAQ:CAPR&interval=D,False,False,False,False
XNDU,Xanadu Quantum Technologies Limited,NASDAQ,Computer Processing Hardware,4.52,7.77,8.95,8.75,11.21,11557182.8,4964860.7,22441170.0,38595172.0,-7.85,352,-55.34,406,-61.17,399,-43.5,372,-53.33,-4.42,2026-12-02,False,https://www.tradingview.com/chart/?symbol=NASDAQ:XNDU&interval=D,False,False,False,False
ALHC,"Alignment Healthcare, Inc.",NASDAQ,Managed Health Care,8.5,10.83,12.34,7.62,8.04,11653993.3,9990924.766666668,84922861.0,108213371.0,4.68,107,-36.28,401,-65.65,405,-61.8,398,-54.58,-3.87,2026-10-29,False,https://www.tradingview.com/chart/?symbol=NASDAQ:ALHC&interval=D,False,False,False,False
BENF,Beneficient,NASDAQ,Investment Managers,1.31,1.54,2.03,31.21,34.3,36205571.8,20432371.333333332,26766406.0,31485807.0,-7.09,345,-40.45,404,-63.25,402,-64.97,401,-56.23,-1.03,2026-11-12,False,https://www.tradingview.com/chart/?symbol=NASDAQ:BENF&interval=D,False,False,False,False
ALMS,Alumis Inc.,NASDAQ,Pharmaceuticals: Major,6.84,11.38,17.29,6.31,12.71,2349373.2,3974283.466666667,27184099.0,45237944.0,-3.66,271,-39.09,403,-75.29,407,-70.69,403,-61.69,-4.75,2026-11-12,False,https://www.tradingview.com/chart/?symbol=NASDAQ:ALMS&interval=D,False,False,False,False
XHLD,"TEN Holdings, Inc.",NASDAQ,Miscellaneous Commercial Services,0.41,8.1,6.34,373.67,378.07,5126602.2,4264641.033333333,1752767.0,34553613.0,-96.79,413,-95.57,412,-77.42,408,-71.85,404,-81.61,-0.25,2026-11-16,False,https://www.tradingview.com/chart/?symbol=NASDAQ:XHLD&interval=D,False,False,False,False
CTVA,"Corteva, Inc.",NYSE,Agricultural Commodities/Milling,12.39,75.66,77.32,15.62,48.42,37865829.4,16018452.933333334,198468632.0,1211993525.0,-84.2,412,-85.86,409,-85.74,409,-85.29,408,-85.63,-1.73,2026-11-11,False,https://www.tradingview.com/chart/?symbol=NYSE:CTVA&interval=D,False,False,False,False
WETO,Wetour Robotics Limited,NASDAQ,Other Transportation,1.05,4.89,7.12,24.77,176.36,7784089.8,7074077.633333334,7427782.0,34571017.0,-37.5,408,-74.64,408,-98.45,412,-97.82,411,-90.3,-0.48,,False,https://www.tradingview.com/chart/?symbol=NASDAQ:WETO&interval=D,False,False,False,False
RETO,"ReTo Eco-Solutions, Inc.",NASDAQ,Other Metals/Minerals,1.95,14.63,26.14,1469.53,805.54,6633540.284999999,3817921.316666667,7444947.0,55860261.0,-36.85,407,-90.8,411,-96.37,410,-96.79,410,-94.65,-0.11,,False,https://www.tradingview.com/chart/?symbol=NASDAQ:RETO&interval=D,False,False,False,False
NIVF,NewGenIvf Group Limited,NASDAQ,Financial Conglomerates,0.11,0.87,1.31,105.49,157.82,133278129.8,44501091.77777778,4895120.0,38496114.0,-76.03,411,-90.6,410,-97.26,411,-99.42,412,-95.76,-0.58,,False,https://www.tradingview.com/chart/?symbol=NASDAQ:NIVF&interval=D,False,False,False,False
CTNT,Cheetah Net Supply Chain Service Inc.,NASDAQ,Engineering & Construction,3.13,97.02,163.12,46.72,383.79,1631641.4224785012,1147854.1025277236,3592783.0,111368479.0,-24.94,402,-98.3,413,-98.74,413,-99.99,413,-99.01,-0.26,2026-11-06,False,https://www.tradingview.com/chart/?symbol=NASDAQ:CTNT&interval=D,False,False,False,False
