name,description,exchange,industry,close,SMA30,SMA50,ADRP,ATRP,average_volume_10d_calc,average_volume_30d_calc,dollar_volume_30d,average_dollar_volume_30d,Perf.W,perf_1w_rank,Perf.1M,perf_1m_rank,Perf.3M,perf_3m_rank,Perf.6M,perf_6m_rank,momentum_score,atr_extension_from_50d,earnings_date,earnings_soon,tradingview_url,is_top_1w,is_top_1m,is_top_3m,is_top_6m
QMCO,Quantum Corporation,NASDAQ,Computer Peripherals,34.5,25.74,21.79,8.27,7.79,2581024.0,1548846.7666666666,53435213.0,39859572.0,14.96,9,43.45,17,211.65,3,617.26,1,290.79,7.49,2026-11-13,False,https://www.tradingview.com/chart/?symbol=NASDAQ:QMCO&interval=D,True,True,True,True
CYPH,Cypherpunk Technologies Inc.,NASDAQ,Financial Conglomerates,3.03,2.6,1.85,17.29,15.4,19902164.7,17781565.700000003,53878144.0,46285416.0,-23.48,416,78.24,7,321.42,1,311.74,4,237.13,4.17,2026-11-16,False,https://www.tradingview.com/chart/?symbol=NASDAQ:CYPH&interval=D,False,True,True,True
MXL,"MaxLinear, Inc",NASDAQ,Semiconductors,105.93,74.37,72.65,6.14,6.6,3380740.6,2724088.8,288562727.0,202590484.0,20.95,4,84.9,5,-6.58,194,524.22,2,200.85,6.94,2026-10-28,False,https://www.tradingview.com/chart/?symbol=NASDAQ:MXL&interval=D,True,True,False,True
NCPL,Netcapital Inc.,NASDAQ,Miscellaneous Commercial Services,1.4,0.77,0.6,21.52,20.29,24429224.7,42122880.13333333,58972032.0,32532202.0,-6.67,308,54.08,11,159.26,4,337.5,3,183.61,6.48,2026-12-21,False,https://www.tradingview.com/chart/?symbol=NASDAQ:NCPL&interval=D,False,True,True,True
CDNA,"CareDx, Inc.",NASDAQ,Medical Specialties,67.15,54.46,50.25,4.62,4.37,1664025.5,1298693.3,87207255.0,70731599.0,9.49,31,35.52,24,125.18,7,286.81,6,149.17,7.7,2026-11-10,False,https://www.tradingview.com/chart/?symbol=NASDAQ:CDNA&interval=D,False,False,True,True
USDE,StablecoinX Inc.,NASDAQ,Packaged Software,14.15,9.85,6.82,12.73,12.65,5089352.8,9146460.533333333,129422417.0,90094161.0,-8.89,355,75.34,8,264.69,2,41.5,149,127.18,8.51,,False,https://www.tradingview.com/chart/?symbol=NASDAQ:USDE&interval=D,False,True,True,False
ASST,"Strive, Inc.",NASDAQ,Financial Conglomerates,30.03,26.63,20.99,5.9,6.28,7600612.8,10155392.633333333,304966441.0,270424565.0,0.45,140,30.17,35,134.06,5,212.81,10,125.68,6.86,2026-11-13,False,https://www.tradingview.com/chart/?symbol=NASDAQ:ASST&interval=D,False,False,True,True
GRAL,"GRAIL, Inc.",NASDAQ,Medical Specialties,143.26,93.69,84.07,6.79,6.13,2045519.3,1194112.3666666667,171068538.0,111878378.0,16.0,7,79.07,6,107.65,8,183.29,18,123.34,11.48,2026-11-18,False,https://www.tradingview.com/chart/?symbol=NASDAQ:GRAL&interval=D,True,True,True,True
SDGR,"Schrodinger, Inc.",NASDAQ,Packaged Software,30.31,24.15,21.31,7.78,5.96,2801750.4,2138956.1,64831759.0,51650799.0,2.4,102,46.64,15,82.26,13,169.9,25,99.6,7.09,2026-11-11,False,https://www.tradingview.com/chart/?symbol=NASDAQ:SDGR&interval=D,False,True,True,False
TEAM,Atlassian Corporation,NASDAQ,Packaged Software,187.89,184.94,163.62,4.22,4.85,2728628.7,3401022.2666666666,639018074.0,628986759.0,-2.15,203,0.17,192,126.98,6,169.92,24,99.02,3.06,2026-10-29,False,https://www.tradingview.com/chart/?symbol=NASDAQ:TEAM&interval=D,False,False,True,False
DELL,Dell Technologies Inc.,NYSE,Computer Processing Hardware,562.52,519.05,488.96,4.4,5.15,7215794.099999999,9216569.666666666,5184504769.0,4783894280.0,2.97,88,21.74,58,35.2,62,236.86,9,97.93,2.92,2026-12-01,False,https://www.tradingview.com/chart/?symbol=NYSE:DELL&interval=D,False,False,False,True
HPE,Hewlett Packard Enterprise Company,NYSE,Computer Processing Hardware,69.33,57.94,55.73,4.75,5.43,19489435.3,24133261.600000024,1673159027.0,1398240955.0,8.92,35,33.35,27,59.38,25,194.02,14,95.58,4.5,2026-12-03,False,https://www.tradingview.com/chart/?symbol=NYSE:HPE&interval=D,False,False,False,True
APPS,"Digital Turbine, Inc.",NASDAQ,Packaged Software,11.17,11.13,11.11,7.66,7.58,3383696.0,2857718.3333333335,31920714.0,31809263.0,2.48,100,12.26,97,-16.27,248,290.56,5,95.52,0.08,2026-11-11,False,https://www.tradingview.com/chart/?symbol=NASDAQ:APPS&interval=D,False,False,False,True
BAND,Bandwidth Inc.,NASDAQ,Packaged Software,63.74,52.71,51.32,6.72,6.96,991551.7,890687.1333333333,56772398.0,46945595.0,2.61,98,27.48,44,-1.21,166,259.71,7,95.33,3.48,2026-10-29,False,https://www.tradingview.com/chart/?symbol=NASDAQ:BAND&interval=D,False,False,False,True
LIFE,Ethos Technologies Inc.,NASDAQ,Packaged Software,34.12,36.94,33.38,8.43,7.92,1657494.7,1623679.6666666667,55399950.0,59984139.0,-3.12,230,-4.32,221,74.88,17,212.74,11,94.44,0.28,2026-12-02,False,https://www.tradingview.com/chart/?symbol=NASDAQ:LIFE&interval=D,False,False,True,True
P,"Everpure, Inc.",NYSE,Computer Peripherals,140.14,107.46,102.05,4.51,4.65,5703213.3,6350314.333333333,889933051.0,682385727.0,14.05,11,49.42,14,81.01,14,137.53,37,89.32,8.02,2026-12-02,False,https://www.tradingview.com/chart/?symbol=NYSE:P&interval=D,True,True,True,False
AEHR,Aehr Test Systems,NASDAQ,Electronic Production Equipment,107.21,92.24,96.19,6.49,7.92,2114723.1,2535765.4,271859409.0,233905763.0,9.19,33,37.34,21,27.15,78,195.91,13,86.8,1.45,2026-10-06,True,https://www.tradingview.com/chart/?symbol=NASDAQ:AEHR&interval=D,False,True,False,True
ALAB,"Astera Labs, Inc.",NASDAQ,Semiconductors,350.33,309.19,308.66,5.68,6.26,3961486.6,3739368.3666666667,1310012920.0,1156165334.0,-4.28,252,27.47,45,-19.1,272,244.54,8,84.3,2.16,2026-11-10,False,https://www.tradingview.com/chart/?symbol=NASDAQ:ALAB&interval=D,False,False,False,True
OKTA,"Okta, Inc.",NASDAQ,Packaged Software,211.49,178.82,164.75,4.42,4.48,3871894.1,4327004.966666667,915118280.0,773770173.0,3.67,85,27.01,47,50.7,34,170.15,23,82.62,6.33,2026-12-08,False,https://www.tradingview.com/chart/?symbol=NASDAQ:OKTA&interval=D,False,False,False,False
CRWD,"CrowdStrike Holdings, Inc.",NASDAQ,Packaged Software,270.04,230.46,219.8,4.08,4.24,8922617.5,11446990.4,3091145288.0,2638027620.0,4.05,77,26.06,49,41.19,50,176.13,20,81.13,5.39,2026-12-01,False,https://www.tradingview.com/chart/?symbol=NASDAQ:CRWD&interval=D,False,False,False,True
SMTC,Semtech Corporation,NASDAQ,Semiconductors,194.88,158.11,145.96,5.38,5.98,3354931.2,3635971.5,708578126.0,574901028.0,9.67,30,46.53,16,32.48,68,158.12,29,79.04,5.6,2026-12-02,False,https://www.tradingview.com/chart/?symbol=NASDAQ:SMTC&interval=D,False,True,False,False
PENG,"Penguin Solutions, Inc.",NASDAQ,Semiconductors,61.36,51.96,53.27,4.32,5.51,1648982.1,1471459.5,90288755.0,76463902.0,13.92,12,27.97,43,-11.47,215,211.63,12,76.04,2.75,2026-10-06,True,https://www.tradingview.com/chart/?symbol=NASDAQ:PENG&interval=D,True,False,False,True
AMC,"AMC Entertainment Holdings, Inc.",NYSE,Movies/Entertainment,2.77,2.71,2.65,7.6,7.5,33970997.00000004,27685292.833333336,76688261.0,74990230.0,-5.46,278,7.78,126,42.78,49,171.57,22,74.04,0.58,2026-11-11,False,https://www.tradingview.com/chart/?symbol=NYSE:AMC&interval=D,False,False,False,True
RBRK,"Rubrik, Inc.",NYSE,Information Technology Services,118.58,102.03,96.18,4.18,4.38,2723507.8,3512728.066666667,416539294.0,358386081.0,5.03,68,33.24,28,45.69,43,141.65,33,73.53,5.32,2026-12-03,False,https://www.tradingview.com/chart/?symbol=NYSE:RBRK&interval=D,False,False,False,False
CORT,Corcept Therapeutics Incorporated,NASDAQ,Pharmaceuticals: Major,116.23,115.1,113.0,4.63,4.39,962078.1,1459902.5333333334,169684471.0,168029429.0,-2.33,208,2.51,173,28.72,73,183.83,17,71.69,0.65,2026-11-04,False,https://www.tradingview.com/chart/?symbol=NASDAQ:CORT&interval=D,False,False,False,True
RNG,"RingCentral, Inc.",NYSE,Packaged Software,78.28,72.77,67.93,4.31,4.22,1645102.8,1529841.6666666667,119756006.0,111331678.0,-1.53,179,11.07,108,94.34,9,107.04,56,70.81,3.61,2026-11-09,False,https://www.tradingview.com/chart/?symbol=NYSE:RNG&interval=D,False,False,True,False
TWLO,Twilio Inc.,NYSE,Packaged Software,294.58,251.38,237.18,5.31,4.78,3488021.0,2338932.533333333,689002746.0,587953843.0,2.76,95,30.29,33,40.85,52,130.14,41,67.09,5.06,2026-10-29,False,https://www.tradingview.com/chart/?symbol=NYSE:TWLO&interval=D,False,False,False,False
ILMN,"Illumina, Inc.",NASDAQ,Medical Specialties,273.04,233.98,218.89,4.74,4.1,2958117.9,3398414.9666666673,927903222.0,795175860.0,0.32,142,30.88,32,46.2,41,119.41,46,65.5,6.03,2026-10-29,False,https://www.tradingview.com/chart/?symbol=NASDAQ:ILMN&interval=D,False,False,False,False
ATRC,"AtriCure, Inc.",NASDAQ,Medical Specialties,55.14,54.17,49.11,4.49,4.36,1275133.5,1353432.0333333334,74628242.0,73312481.0,-9.38,362,10.81,111,82.64,11,98.06,66,63.84,2.82,2026-11-04,False,https://www.tradingview.com/chart/?symbol=NASDAQ:ATRC&interval=D,False,False,True,False
NTSK,"Netskope, Inc.",NASDAQ,Packaged Software,17.75,16.09,15.24,4.84,5.33,6031011.6,6727606.0,119415006.0,108215785.0,-3.53,238,27.33,46,50.68,35,112.07,53,63.36,3.09,2026-12-11,False,https://www.tradingview.com/chart/?symbol=NASDAQ:NTSK&interval=D,False,False,False,False
GLND,Greenland Energy Company,NASDAQ,Financial Conglomerates,3.73,2.27,2.09,22.2,19.18,66194490.5,23490632.166666668,87620058.0,53304159.0,-38.95,421,168.35,1,77.62,16,-57.37,413,62.86,4.08,2026-12-02,False,https://www.tradingview.com/chart/?symbol=NASDAQ:GLND&interval=D,False,True,True,False
PURR,Hyperliquid Strategies Inc,NASDAQ,Financial Conglomerates,11.89,12.18,10.07,8.02,8.74,20813380.2,25910630.966666665,308077402.0,315699446.0,-14.95,403,5.88,136,40.21,55,140.69,34,62.26,2.06,2026-12-02,False,https://www.tradingview.com/chart/?symbol=NASDAQ:PURR&interval=D,False,False,False,False
CVI,CVR Energy Inc.,NYSE,Oil Refining/Marketing,54.83,47.6,42.31,5.09,4.88,1071547.8,1164869.4,63869789.0,55443901.0,8.4,41,28.77,40,91.05,10,66.91,96,62.24,6.07,2026-11-02,False,https://www.tradingview.com/chart/?symbol=NYSE:CVI&interval=D,False,False,True,False
INTC,Intel Corporation,NASDAQ,Semiconductors,119.33,104.25,100.87,4.71,5.15,109761637.6,101865200.26666667,12155574348.0,10619481083.0,-5.91,290,34.31,25,-7.44,200,159.08,28,61.98,3.55,2026-10-22,False,https://www.tradingview.com/chart/?symbol=NASDAQ:INTC&interval=D,False,False,False,False
FIVN,"Five9, Inc.",NASDAQ,Packaged Software,34.36,33.83,32.36,6.48,5.82,2718210.7,2129089.1666666665,73155504.0,72024603.0,-5.73,285,0.97,185,49.0,38,131.07,40,60.35,1.06,2026-11-09,False,https://www.tradingview.com/chart/?symbol=NASDAQ:FIVN&interval=D,False,False,False,False
AXTI,AXT Inc,NASDAQ,Electronic Production Equipment,85.87,68.44,68.23,7.1,8.26,8048359.9,8360923.466666667,717952498.0,572190945.0,10.8,22,52.33,12,35.19,63,92.88,69,60.13,3.13,2026-10-29,False,https://www.tradingview.com/chart/?symbol=NASDAQ:AXTI&interval=D,True,True,False,False
NBIS,Nebius Group N.V.,NASDAQ,Packaged Software,242.81,223.48,218.85,5.95,6.62,14448743.4,14848733.533333333,3605420989.0,3318427142.0,-1.14,169,24.1,54,4.21,137,151.85,32,60.05,1.65,2026-10-22,False,https://www.tradingview.com/chart/?symbol=NASDAQ:NBIS&interval=D,False,False,False,False
GPRO,"GoPro, Inc.",NASDAQ,Electronics/Appliances,1.35,1.19,0.99,5.77,8.8,10983161.4,65514319.666666664,88444332.0,78227373.0,7.57,46,10.66,112,82.43,12,86.84,74,59.98,4.18,2026-11-05,False,https://www.tradingview.com/chart/?symbol=NASDAQ:GPRO&interval=D,False,False,True,False
ZETA,Zeta Global Holdings Corp.,NYSE,Packaged Software,32.63,30.38,28.44,4.32,4.42,5933920.3,6374689.066666666,208006104.0,193684303.0,10.99,21,5.46,141,56.91,27,114.39,51,58.92,3.33,2026-11-10,False,https://www.tradingview.com/chart/?symbol=NYSE:ZETA&interval=D,True,False,False,False
BB,BlackBerry Limited,NYSE,Packaged Software,9.3,8.15,8.33,5.78,5.38,26472830.5,15190542.666666675,141272047.0,123818113.0,6.29,55,18.62,68,-27.65,331,182.67,19,57.88,2.17,2026-12-17,False,https://www.tradingview.com/chart/?symbol=NYSE:BB&interval=D,False,False,False,True
PLSE,"Pulse Biosciences, Inc",NASDAQ,Medical Specialties,47.9,51.36,46.89,6.8,7.17,510194.3,614095.1666666666,29415158.0,31542589.0,-8.18,342,-8.13,249,66.15,21,114.89,50,57.64,0.3,2026-11-16,False,https://www.tradingview.com/chart/?symbol=NASDAQ:PLSE&interval=D,False,False,True,False
XMTR,"Xometry, Inc.",NASDAQ,Information Technology Services,102.53,94.26,91.9,5.31,5.06,921613.6,748119.9,76704733.0,70518904.0,5.29,65,12.02,101,5.46,130,154.8,30,57.43,2.29,2026-11-05,False,https://www.tradingview.com/chart/?symbol=NASDAQ:XMTR&interval=D,False,False,False,False
FCEL,"FuelCell Energy, Inc.",NASDAQ,Electronic Equipment/Instruments,18.47,17.0,18.55,5.42,7.84,4929668.6,6396538.266666661,118144062.0,108762472.0,12.21,16,20.72,63,-41.5,390,192.71,15,57.31,-0.06,2026-12-17,False,https://www.tradingview.com/chart/?symbol=NASDAQ:FCEL&interval=D,True,False,False,True
VICR,Vicor Corporation,NASDAQ,Electronic Components,308.9,221.56,219.61,5.28,5.92,1067742.9,856325.0666666667,264518813.0,189728524.0,9.85,27,75.01,9,-11.62,216,108.39,55,57.26,6.87,2026-10-27,False,https://www.tradingview.com/chart/?symbol=NASDAQ:VICR&interval=D,False,True,False,False
OSCR,"Oscar Health, Inc.",NYSE,Managed Health Care,30.94,31.2,30.76,5.38,5.33,5399882.9,5161913.7,159709610.0,161056869.0,6.62,52,3.13,166,-4.03,185,171.64,21,56.91,0.11,2026-11-10,False,https://www.tradingview.com/chart/?symbol=NYSE:OSCR&interval=D,False,False,False,True
SMCI,"Super Micro Computer, Inc.",NASDAQ,Computer Processing Hardware,43.69,39.2,36.52,4.67,5.24,36123693.9,37228157.46666667,1626498200.0,1459368591.0,4.02,79,16.04,78,55.76,29,98.77,64,56.86,3.75,2026-11-03,False,https://www.tradingview.com/chart/?symbol=NASDAQ:SMCI&interval=D,False,False,False,False
NEO,"NeoGenomics, Inc.",NASDAQ,Medical/Nursing Services,18.47,18.21,17.2,4.57,4.64,2455689.8,2031210.6666666667,37516461.0,36982930.0,-5.57,281,6.15,133,23.13,84,140.49,35,56.59,1.59,2026-11-10,False,https://www.tradingview.com/chart/?symbol=NASDAQ:NEO&interval=D,False,False,False,False
ECO,Okeanis Eco Tankers Corp.,NYSE,Marine Shipping,87.28,75.06,69.45,4.0,3.91,816740.5,708912.6,61873892.0,53212161.0,11.88,18,28.86,39,67.98,19,72.87,88,56.57,6.57,2026-11-11,False,https://www.tradingview.com/chart/?symbol=NYSE:ECO&interval=D,True,False,True,False
DDOG,"Datadog, Inc.",NASDAQ,Packaged Software,277.22,238.64,244.66,4.03,4.27,3171319.5,3505470.6666666665,971786578.0,836530914.0,5.34,64,26.32,48,5.91,128,136.37,38,56.2,3.11,2026-11-05,False,https://www.tradingview.com/chart/?symbol=NASDAQ:DDOG&interval=D,False,False,False,False
BE,Bloom Energy Corporation,NYSE,Electronic Production Equipment,289.15,252.89,236.16,6.42,7.24,14774369.1,15870040.633333333,4588822249.0,4013374576.0,7.13,49,37.69,20,-2.93,178,131.62,39,55.46,3.1,2026-10-29,False,https://www.tradingview.com/chart/?symbol=NYSE:BE&interval=D,False,True,False,False
QLYS,"Qualys, Inc.",NASDAQ,Packaged Software,193.0,177.99,174.34,4.42,4.71,556442.4,690723.8666666667,133309706.0,122942171.0,5.99,60,10.12,114,34.55,64,121.56,44,55.41,2.27,2026-11-04,False,https://www.tradingview.com/chart/?symbol=NASDAQ:QLYS&interval=D,False,False,False,False
SLS,"SELLAS Life Sciences Group, Inc.",NASDAQ,Pharmaceuticals: Major,11.74,12.73,12.31,6.25,7.82,5032571.6,7015651.066666666,82363744.0,89315084.0,-2.09,198,-11.53,287,-11.06,214,188.45,16,55.29,-0.59,2026-11-18,False,https://www.tradingview.com/chart/?symbol=NASDAQ:SLS&interval=D,False,False,False,True
SNDK,Sandisk Corporation,NASDAQ,Computer Peripherals,1719.99,1650.68,1539.67,5.05,5.83,8275147.8,9922764.566666666,17067055827.0,16379270978.0,-4.02,247,12.3,95,-15.84,242,167.87,26,54.78,2.01,2026-10-29,False,https://www.tradingview.com/chart/?symbol=NASDAQ:SNDK&interval=D,False,False,False,False
AMBQ,"Ambiq Micro, Inc.",NYSE,Semiconductors,68.18,62.73,63.29,5.53,5.8,493599.2,530302.3666666667,36156015.0,33268342.0,-2.39,211,21.58,60,-22.35,295,163.96,27,54.4,1.33,2026-11-05,False,https://www.tradingview.com/chart/?symbol=NYSE:AMBQ&interval=D,False,False,False,False
HTFL,"Heartflow, Inc.",NASDAQ,Packaged Software,49.32,49.13,42.07,4.47,4.73,1488861.2,1932745.2333333334,95322995.0,94951264.0,0.8,136,-2.53,208,59.46,24,105.24,57,54.06,3.64,2026-11-18,False,https://www.tradingview.com/chart/?symbol=NASDAQ:HTFL&interval=D,False,False,False,False
OUST,"Ouster, Inc.",NASDAQ,Semiconductors,44.39,37.2,38.92,5.46,6.06,2622271.6,2178210.2,96690751.0,81035954.0,5.79,62,34.11,26,-24.09,308,152.02,31,54.01,2.32,2026-11-05,False,https://www.tradingview.com/chart/?symbol=NASDAQ:OUST&interval=D,False,False,False,False
ETON,"Eton Pharmaceuticals, Inc.",NASDAQ,Pharmaceuticals: Major,55.36,58.47,54.61,6.5,6.53,748498.8,589517.0666666667,32635665.0,34470733.0,-7.73,331,-9.47,260,49.86,37,121.44,45,53.95,0.21,2026-11-05,False,https://www.tradingview.com/chart/?symbol=NASDAQ:ETON&interval=D,False,False,False,False
U,Unity Software Inc.,NYSE,Packaged Software,43.61,42.7,41.33,4.73,4.78,12250278.1,9880322.3,430880856.0,421906229.0,5.82,61,7.89,125,45.85,42,101.62,60,51.79,1.16,2026-11-11,False,https://www.tradingview.com/chart/?symbol=NYSE:U&interval=D,False,False,False,False
S,"SentinelOne, Inc.",NYSE,Packaged Software,25.06,22.01,21.51,4.42,4.49,8235573.3,9062875.2,227115653.0,199446695.0,5.16,66,21.89,57,42.79,48,90.14,71,51.61,3.67,2026-12-08,False,https://www.tradingview.com/chart/?symbol=NYSE:S&interval=D,False,False,False,False
BFLY,"Butterfly Network, Inc.",NYSE,Medical Specialties,8.95,8.34,8.37,7.49,6.98,6601609.1,5240713.066666666,46904382.0,43698812.0,-3.76,243,8.09,123,12.02,106,128.32,42,49.47,0.99,2026-10-29,False,https://www.tradingview.com/chart/?symbol=NYSE:BFLY&interval=D,False,False,False,False
DINO,HF Sinclair Corporation,NYSE,Oil Refining/Marketing,113.36,105.99,99.37,4.63,4.14,2889536.2,2665303.566666667,302138812.0,282497302.0,8.5,38,9.75,115,55.95,28,80.57,81,48.76,3.4,2026-10-28,False,https://www.tradingview.com/chart/?symbol=NYSE:DINO&interval=D,False,False,False,False
MGNI,"Magnite, Inc.",NASDAQ,Packaged Software,24.73,24.16,23.38,4.26,4.48,2169437.3999999994,2238002.299999998,55345797.0,54073120.0,2.78,94,7.9,124,21.46,86,116.82,48,48.73,1.29,2026-11-11,False,https://www.tradingview.com/chart/?symbol=NASDAQ:MGNI&interval=D,False,False,False,False
SBET,"Sharplink, Inc.",NASDAQ,Advertising/Marketing Services,9.35,8.9,7.89,6.01,6.3,8309113.3,9036365.43333336,84490017.0,80417628.0,-6.5,301,16.73,75,74.77,18,52.16,123,47.88,2.94,2026-11-12,False,https://www.tradingview.com/chart/?symbol=NASDAQ:SBET&interval=D,False,False,True,False
SITM,SiTime Corporation,NASDAQ,Semiconductors,709.44,608.34,610.35,4.54,5.52,446911.7,420966.7,298650616.0,256092356.0,9.14,34,28.35,41,0.9,155,114.01,52,47.75,2.94,2026-11-04,False,https://www.tradingview.com/chart/?symbol=NASDAQ:SITM&interval=D,False,False,False,False
PBF,PBF Energy Inc.,NYSE,Oil Refining/Marketing,80.78,74.2,71.68,5.97,5.78,3581855.2,3605969.566666667,291290222.0,267565346.0,13.84,13,6.44,130,67.87,20,68.29,94,47.54,2.2,2026-10-29,False,https://www.tradingview.com/chart/?symbol=NYSE:PBF&interval=D,True,False,True,False
MPC,Marathon Petroleum Corporation,NYSE,Oil Refining/Marketing,422.33,391.02,365.45,4.07,3.68,2787285.4,2818531.566666667,1190350437.0,1102101274.0,9.7,29,11.03,110,58.18,26,72.38,90,47.2,4.23,2026-11-03,False,https://www.tradingview.com/chart/?symbol=NYSE:MPC&interval=D,False,False,False,False
WOLF,"Wolfspeed, Inc.",NYSE,Semiconductors,35.28,26.88,27.12,5.68,6.92,2922591.2000001147,2681195.0666666883,94592562.0,72063374.0,32.38,1,35.74,22,-21.07,286,126.44,43,47.04,4.35,2026-10-28,False,https://www.tradingview.com/chart/?symbol=NYSE:WOLF&interval=D,True,True,False,False
NET,"Cloudflare, Inc.",NYSE,Information Technology Services,349.07,318.17,307.73,4.63,4.59,2964978.2,3073213.7,1072766706.0,977816696.0,-3.25,233,22.88,55,44.24,46,73.24,87,46.79,2.93,2026-10-29,False,https://www.tradingview.com/chart/?symbol=NYSE:NET&interval=D,False,False,False,False
CRDO,Credo Technology Group Holding Ltd,NASDAQ,Information Technology Services,218.64,192.21,208.06,5.19,6.52,8702272.5,8455975.033333333,1848814381.0,1625308868.0,8.46,39,15.91,79,-15.92,244,140.03,36,46.67,0.78,2026-12-02,False,https://www.tradingview.com/chart/?symbol=NASDAQ:CRDO&interval=D,False,False,False,False
AMLX,"Amylyx Pharmaceuticals, Inc.",NASDAQ,Pharmaceuticals: Major,27.79,32.96,29.33,5.06,5.79,1270104.0,1767022.0333333334,49105542.0,58244875.0,-8.22,343,-18.26,354,53.37,31,98.5,65,44.53,-0.91,2026-11-05,False,https://www.tradingview.com/chart/?symbol=NASDAQ:AMLX&interval=D,False,False,False,False
BMNR,"BitMine Immersion Technologies, Inc.",NYSE,Financial Conglomerates,26.27,25.42,22.52,5.5,6.27,34846226.5,43253909.666666664,1136280207.0,1099543220.0,-7.11,320,13.77,84,80.36,15,39.33,155,44.49,2.65,2026-11-20,False,https://www.tradingview.com/chart/?symbol=NYSE:BMNR&interval=D,False,False,True,False
SECZ,Securitize Corp.,NYSE,Packaged Software,12.99,9.89,8.64,12.64,10.64,5871783.0,3851969.7666666666,50037087.0,38080573.0,-19.86,411,106.19,2,4.34,135,18.63,204,43.05,4.73,2026-11-13,False,https://www.tradingview.com/chart/?symbol=NYSE:SECZ&interval=D,False,True,False,False
VLO,Valero Energy Corporation,NYSE,Oil Refining/Marketing,406.3,378.78,355.08,4.44,3.9,3998831.4999999763,3428265.600000004,1392904313.0,1298551587.0,7.49,47,12.89,92,50.54,36,63.44,102,42.29,3.7,2026-10-22,False,https://www.tradingview.com/chart/?symbol=NYSE:VLO&interval=D,False,False,False,False
MSTR,Strategy Inc,NASDAQ,Internet Software/Services,160.01,141.22,123.61,5.33,5.83,21954109.7,25800230.366666667,4128294861.0,3643456932.0,-1.74,185,29.72,36,60.25,22,33.56,167,41.18,5.05,2026-11-04,False,https://www.tradingview.com/chart/?symbol=NASDAQ:MSTR&interval=D,False,False,True,False
MAN,ManpowerGroup,NYSE,Personnel Services,54.16,58.74,57.61,4.16,4.54,924038.8,820557.4666666667,44441392.0,48196537.0,-4.46,257,-10.67,274,43.74,47,88.06,72,40.37,-1.32,2026-10-15,False,https://www.tradingview.com/chart/?symbol=NYSE:MAN&interval=D,False,False,False,False
TENB,"Tenable Holdings, Inc.",NASDAQ,Packaged Software,36.85,35.12,35.14,5.61,5.65,2789359.3,4978758.166666667,183467238.0,174873902.0,2.13,106,5.02,149,-2.74,177,116.38,49,39.55,0.86,2026-11-04,False,https://www.tradingview.com/chart/?symbol=NASDAQ:TENB&interval=D,False,False,False,False
TEM,"Tempus AI, Inc.",NASDAQ,Packaged Software,76.63,71.05,62.57,6.88,6.53,6631002.6,7338494.833333333,562348859.0,521434304.0,-8.44,350,21.35,61,25.42,82,71.85,91,39.54,3.44,2026-11-10,False,https://www.tradingview.com/chart/?symbol=NASDAQ:TEM&interval=D,False,False,False,False
LITE,Lumentum Holdings Inc.,NASDAQ,Electrical Products,1085.42,923.63,879.03,5.42,6.1,4665134.0,4468626.666666667,4850336757.0,4127343497.0,15.96,8,25.09,52,39.59,56,53.18,121,39.29,3.85,2026-11-10,False,https://www.tradingview.com/chart/?symbol=NASDAQ:LITE&interval=D,True,False,False,False
AYA,Aya Gold & Silver Inc.,NASDAQ,Precious Metals,27.12,27.96,26.42,4.45,5.44,1028849.0,1288437.1,34942414.0,36019118.0,-3.97,246,-0.48,196,38.37,57,79.01,82,38.97,0.49,2026-11-17,False,https://www.tradingview.com/chart/?symbol=NASDAQ:AYA&interval=D,False,False,False,False
SWKS,"Skyworks Solutions, Inc.",NASDAQ,Semiconductors,85.03,79.56,74.23,5.55,5.25,4901170.7,7154519.633333334,608348804.0,569239815.0,-3.32,235,28.08,42,28.35,76,60.46,109,38.96,2.77,2026-10-29,False,https://www.tradingview.com/chart/?symbol=NASDAQ:SWKS&interval=D,False,False,False,False
HPQ,HP Inc.,NYSE,Information Technology Services,32.12,31.83,30.58,4.12,4.27,13501494.999999994,16511984.933333434,530364956.0,525598496.0,1.65,114,1.55,181,45.6,44,69.05,93,38.73,1.18,2026-12-01,False,https://www.tradingview.com/chart/?symbol=NYSE:HPQ&interval=D,False,False,False,False
GH,"Guardant Health, Inc.",NASDAQ,Medical Specialties,177.8,169.89,165.33,4.06,4.15,1860564.3,1821159.7,323802195.0,309398036.0,-0.39,154,8.55,122,3.4,143,102.81,59,38.25,1.82,2026-10-29,False,https://www.tradingview.com/chart/?symbol=NASDAQ:GH&interval=D,False,False,False,False
CLMT,"Calumet, Inc",NASDAQ,Oil Refining/Marketing,55.28,53.41,49.89,4.58,4.48,1691029.3,1431773.7666666666,79148454.0,76469128.0,3.37,87,4.38,158,51.54,32,58.53,113,38.15,2.41,2026-11-06,False,https://www.tradingview.com/chart/?symbol=NASDAQ:CLMT&interval=D,False,False,False,False
MANE,"Veradermics, Incorporated",NYSE,Pharmaceuticals: Major,116.76,106.26,107.4,5.4,5.25,773860.1,695263.2666666667,81178939.0,73880992.0,0.66,138,19.39,65,-8.81,205,103.03,58,37.87,1.66,2026-12-02,False,https://www.tradingview.com/chart/?symbol=NYSE:MANE&interval=D,False,False,False,False
SG,"Sweetgreen, Inc.",NYSE,Restaurants,9.1,7.35,6.82,4.84,5.1,5844100.8,5127742.0,46662452.0,37683776.0,10.5,25,41.41,18,-1.19,165,73.33,86,37.85,6.56,2026-11-05,False,https://www.tradingview.com/chart/?symbol=NYSE:SG&interval=D,False,True,False,False
INOD,Innodata Inc.,NASDAQ,Data Processing Services,70.07,60.26,61.07,7.21,6.53,2291724.1,1411450.1333333333,98900311.0,85060807.0,-4.15,249,30.29,34,-2.99,179,85.81,75,37.7,2.26,2026-11-05,False,https://www.tradingview.com/chart/?symbol=NASDAQ:INOD&interval=D,False,False,False,False
STX,Seagate Technology Holdings PLC,NASDAQ,Computer Peripherals,848.99,856.4,854.72,5.34,6.57,4372769.8,3864810.3333333335,3281185325.0,3309822925.0,-8.15,341,5.35,142,-5.75,191,111.72,54,37.11,-0.1,2026-10-28,False,https://www.tradingview.com/chart/?symbol=NASDAQ:STX&interval=D,False,False,False,False
ACMR,"ACM Research, Inc.",NASDAQ,Industrial Machinery,83.38,74.55,76.54,5.07,5.87,1388093.6,1026938.4000000018,85626124.0,76553294.0,6.94,51,18.24,70,-28.52,337,119.25,47,36.32,1.52,2026-10-28,False,https://www.tradingview.com/chart/?symbol=NASDAQ:ACMR&interval=D,False,False,False,False
FROG,JFrog Ltd.,NASDAQ,Packaged Software,95.5,92.44,89.74,5.08,5.45,1646172.6,1830199.6333333333,174784065.0,169181824.0,1.82,110,3.53,165,4.13,138,100.76,61,36.14,1.18,2026-11-04,False,https://www.tradingview.com/chart/?symbol=NASDAQ:FROG&interval=D,False,False,False,False
SYRE,"Spyre Therapeutics, Inc.",NASDAQ,Pharmaceuticals: Major,93.19,91.32,95.98,4.47,5.23,1297315.3999999994,1323960.8999999997,123379916.0,120907640.0,5.78,63,5.84,137,4.58,134,97.56,67,35.99,-0.56,2026-11-05,False,https://www.tradingview.com/chart/?symbol=NASDAQ:SYRE&interval=D,False,False,False,False
NUAI,"New Era Energy & Digital, Inc.",NASDAQ,Engineering & Construction,6.29,5.89,5.56,9.09,9.53,10726199.7,7657620.566666666,48166433.0,45100833.0,-9.63,366,32.0,31,17.35,97,53.41,120,34.26,1.38,2026-12-02,False,https://www.tradingview.com/chart/?symbol=NASDAQ:NUAI&interval=D,False,False,False,False
CBRL,"Cracker Barrel Old Country Store, Inc.",NASDAQ,Restaurants,55.76,51.82,53.8,5.07,4.8,1393819.8,1043030.2666666667,58159368.0,54049133.0,6.43,54,2.41,174,1.01,154,99.14,63,34.19,0.76,2026-11-27,False,https://www.tradingview.com/chart/?symbol=NASDAQ:CBRL&interval=D,False,False,False,False
DK,"Delek US Holdings, Inc.",NYSE,Oil Refining/Marketing,74.19,72.94,69.59,5.42,5.62,2674370.9,2544819.6,188800166.0,185608962.0,11.56,20,1.27,182,38.13,58,61.85,106,33.75,1.17,2026-11-11,False,https://www.tradingview.com/chart/?symbol=NYSE:DK&interval=D,True,False,False,False
APPN,Appian Corporation,NASDAQ,Packaged Software,36.68,37.87,35.41,4.99,5.59,735845.3,893133.2666666667,32760128.0,33820277.0,-2.5,216,-9.03,256,54.12,30,55.62,115,33.57,0.64,2026-10-29,False,https://www.tradingview.com/chart/?symbol=NASDAQ:APPN&interval=D,False,False,False,False
HUT,Hut 8 Corp.,NASDAQ,Data Processing Services,89.63,90.56,91.9,7.32,8.12,4058699.50000001,4633244.399999998,415277696.0,419599740.0,-12.14,387,16.84,74,-16.11,246,99.62,62,33.45,-0.3,2026-11-18,False,https://www.tradingview.com/chart/?symbol=NASDAQ:HUT&interval=D,False,False,False,False
INSP,"Inspire Medical Systems, Inc.",NYSE,Medical Specialties,69.97,67.71,63.2,5.26,5.1,921634.7,794893.1,55618670.0,53824067.0,1.92,108,14.26,82,51.35,33,32.97,169,32.86,2.1,2026-11-09,False,https://www.tradingview.com/chart/?symbol=NYSE:INSP&interval=D,False,False,False,False
SANM,Sanmina Corporation,NASDAQ,Electronic Production Equipment,229.04,204.65,201.99,4.31,4.71,669844.7,606299.2333333333,138866776.0,124081765.0,1.39,121,21.98,56,-7.04,198,82.95,79,32.63,2.84,2026-11-09,False,https://www.tradingview.com/chart/?symbol=NASDAQ:SANM&interval=D,False,False,False,False
BRKR,Bruker Corporation,NASDAQ,Medical Specialties,63.24,59.31,58.9,4.93,4.66,2196425.5,2231900.7,141145400.0,132382958.0,-1.69,183,12.87,93,3.0,146,81.31,80,32.39,1.58,2026-10-29,False,https://www.tradingview.com/chart/?symbol=NASDAQ:BRKR&interval=D,False,False,False,False
AMRX,"Amneal Pharmaceuticals, Inc.",NASDAQ,Pharmaceuticals: Major,20.3,18.42,18.32,4.89,3.87,3324759.1,2485534.2666666666,50456346.0,45780641.0,1.5,118,13.41,87,18.99,95,63.84,101,32.08,2.8,2026-10-29,False,https://www.tradingview.com/chart/?symbol=NASDAQ:AMRX&interval=D,False,False,False,False
SAIL,"SailPoint, Inc.",NASDAQ,Packaged Software,20.43,19.61,18.89,5.49,5.68,6016392.5,5004608.866666666,102244159.0,98158730.0,-7.35,325,6.8,129,33.44,67,55.01,116,31.75,1.44,2026-12-15,False,https://www.tradingview.com/chart/?symbol=NASDAQ:SAIL&interval=D,False,False,False,False
SEI,"Solaris Energy Infrastructure, Inc.",NYSE,Oilfield Services/Equipment,74.93,62.11,59.81,4.63,5.47,2257958.4,2600715.1,194871582.0,161526080.0,4.9,70,51.59,13,3.12,145,40.34,151,31.69,4.62,2026-11-02,False,https://www.tradingview.com/chart/?symbol=NYSE:SEI&interval=D,False,True,False,False
RGEN,Repligen Corporation,NASDAQ,Pharmaceuticals: Major,181.7,178.35,169.67,4.13,4.19,1290017.1,1077822.7666666666,195840397.0,192229331.0,-4.33,253,5.78,138,29.88,72,59.11,111,31.59,1.69,2026-11-03,False,https://www.tradingview.com/chart/?symbol=NASDAQ:RGEN&interval=D,False,False,False,False
GCT,GigaCloud Technology Inc,NASDAQ,Wholesale Distributors,53.75,51.9,50.09,4.68,4.72,667425.9,605919.2,32568157.0,31448317.0,-0.48,157,13.16,91,59.97,23,21.11,195,31.41,1.55,2026-11-26,False,https://www.tradingview.com/chart/?symbol=NASDAQ:GCT&interval=D,False,False,False,False
BETA,"Beta Technologies, Inc.",NYSE,Aerospace & Defense,22.17,21.74,21.95,6.85,6.94,2588868.6,3302466.933333333,73215692.0,71803337.0,-4.85,264,13.63,86,26.25,79,53.64,119,31.18,0.14,2026-12-03,False,https://www.tradingview.com/chart/?symbol=NYSE:BETA&interval=D,False,False,False,False
DOCN,"DigitalOcean Holdings, Inc.",NYSE,Packaged Software,140.07,125.72,124.74,6.19,6.49,2183766.5,2519980.2333333334,352973631.0,316806035.0,-3.02,227,29.68,37,-1.03,164,63.37,103,30.67,1.89,2026-11-09,False,https://www.tradingview.com/chart/?symbol=NYSE:DOCN&interval=D,False,False,False,False
ERO,Ero Copper Corp.,NYSE,Other Metals/Minerals,37.91,36.47,34.37,4.29,5.13,1323958.4,1511325.9333333333,57294366.0,55117553.0,2.29,104,6.43,131,41.19,51,43.54,142,30.39,2.01,2026-11-10,False,https://www.tradingview.com/chart/?symbol=NYSE:ERO&interval=D,False,False,False,False
ZS,"Zscaler, Inc.",NASDAQ,Packaged Software,196.6,187.17,179.09,4.46,4.79,2808150.2,3341349.2333333334,656909259.0,625409803.0,-4.56,259,11.21,107,35.49,61,44.16,141,30.29,2.04,2026-12-01,False,https://www.tradingview.com/chart/?symbol=NASDAQ:ZS&interval=D,False,False,False,False
IBRX,"ImmunityBio, Inc.",NASDAQ,Pharmaceuticals: Major,10.28,8.38,8.0,6.25,5.9,15172784.2,11329585.2,116524784.0,94958918.0,17.41,5,29.45,38,11.43,107,49.27,130,30.05,4.85,2026-11-05,False,https://www.tradingview.com/chart/?symbol=NASDAQ:IBRX&interval=D,True,False,False,False
GEO,Geo Group Inc (The) REIT,NYSE,Miscellaneous Commercial Services,31.36,31.39,31.21,4.46,4.16,2732738.4,2345359.2,73550465.0,73628643.0,-1.29,171,2.82,169,2.72,147,83.61,78,29.71,0.11,2026-11-05,False,https://www.tradingview.com/chart/?symbol=NYSE:GEO&interval=D,False,False,False,False
CXW,"CoreCivic, Inc.",NYSE,Miscellaneous Commercial Services,33.43,33.63,32.88,5.54,5.01,2270453.9,2019620.6666666667,67515919.0,67909745.0,1.58,117,1.7,180,7.6,122,77.07,84,28.79,0.33,2026-11-09,False,https://www.tradingview.com/chart/?symbol=NYSE:CXW&interval=D,False,False,False,False
UMAC,"Unusual Machines, Inc.",AMEX,Electronic Equipment/Instruments,22.37,23.89,24.36,7.31,8.46,2634726.8,2857104.9,63913437.0,68254331.0,-7.26,323,-1.02,198,-1.37,167,87.35,73,28.32,-0.96,2026-11-12,False,https://www.tradingview.com/chart/?symbol=AMEX:UMAC&interval=D,False,False,False,False
CLS,"Celestica, Inc.",NYSE,Electronic Components,387.32,330.47,330.2,4.46,5.13,2448343.2,2213325.066666667,857265065.0,731439748.0,1.79,111,32.99,30,9.41,117,40.84,150,27.75,3.37,2026-10-26,False,https://www.tradingview.com/chart/?symbol=NYSE:CLS&interval=D,False,False,False,False
MRX,Marex Group Limited,NASDAQ,Internet Software/Services,72.75,72.7,70.06,4.42,4.41,741458.7,758234.2,55161538.0,55124385.0,-0.57,159,0.23,190,11.12,108,71.06,92,27.47,0.87,2026-11-05,False,https://www.tradingview.com/chart/?symbol=NASDAQ:MRX&interval=D,False,False,False,False
PARR,"Par Pacific Holdings, Inc. Common Stock",NYSE,Oil Refining/Marketing,84.0,80.57,79.56,5.2,5.34,959548.7000000015,937225.866666667,78726973.0,75514787.0,10.53,24,5.34,143,45.03,45,29.71,182,26.69,1.05,2026-11-09,False,https://www.tradingview.com/chart/?symbol=NYSE:PARR&interval=D,False,False,False,False
KEEL,Keel Infrastructure Corp.,NASDAQ,Data Processing Services,3.62,3.54,3.6,6.38,7.53,24527059.8,32062341.466666665,116065676.0,113522064.0,-8.82,353,19.47,64,-33.21,366,92.55,70,26.27,0.07,2026-11-16,False,https://www.tradingview.com/chart/?symbol=NASDAQ:KEEL&interval=D,False,False,False,False
VIAV,Viavi Solutions Inc.,NASDAQ,Information Technology Services,47.1,37.7,38.3,4.85,5.56,6463005.3999999985,5108283.766666659,240600165.0,192595920.0,24.32,3,35.54,23,1.51,150,40.22,153,25.76,4.13,2026-10-29,False,https://www.tradingview.com/chart/?symbol=NASDAQ:VIAV&interval=D,True,False,False,False
HOOD,"Robinhood Markets, Inc.",NASDAQ,Investment Banks/Brokers,112.74,113.51,105.4,5.21,5.55,20318845.7,23230890.533333335,2619050599.0,2637039052.0,-7.31,324,8.7,121,-0.02,159,67.77,95,25.48,1.25,2026-11-04,False,https://www.tradingview.com/chart/?symbol=NASDAQ:HOOD&interval=D,False,False,False,False
TVTX,"Travere Therapeutics, Inc.",NASDAQ,Pharmaceuticals: Major,56.93,63.73,62.25,4.1,4.21,1785746.4,1511595.6666666667,86055141.0,96328449.0,-6.5,302,-14.22,320,0.26,157,85.5,77,23.85,-2.03,2026-10-22,False,https://www.tradingview.com/chart/?symbol=NASDAQ:TVTX&interval=D,False,False,False,False
TGB,Trekor Metals Limited,AMEX,Other Metals/Minerals,8.95,8.74,8.41,4.72,5.53,5922511.2,5608457.1,50195691.0,48995481.0,-1.0,166,4.56,157,24.48,83,40.28,152,23.11,1.16,2026-11-04,False,https://www.tradingview.com/chart/?symbol=AMEX:TGB&interval=D,False,False,False,False
DFTX,"Definium Therapeutics, Inc.",NASDAQ,Pharmaceuticals: Major,37.4,39.33,41.13,5.08,5.38,2255881.799999998,2161786.5666666646,80850818.0,85019463.0,1.08,128,-2.86,212,-13.76,227,85.61,76,23.0,-1.69,2026-11-05,False,https://www.tradingview.com/chart/?symbol=NASDAQ:DFTX&interval=D,False,False,False,False
CHYM,"Chime Financial, Inc.",NASDAQ,Packaged Software,27.25,30.97,29.69,4.42,4.66,5728109.2,7113352.866666666,193838866.0,220296982.0,1.64,115,-14.55,322,31.8,69,51.3,125,22.85,-1.76,2026-11-11,False,https://www.tradingview.com/chart/?symbol=NASDAQ:CHYM&interval=D,False,False,False,False
FPS,"Forgent Power Solutions, Inc.",NYSE,Electrical Products,40.35,34.09,34.94,5.49,5.95,8749834.7,9176182.4,370258960.0,312788529.0,4.72,72,39.04,19,-16.63,253,45.41,139,22.61,2.6,2026-12-02,False,https://www.tradingview.com/chart/?symbol=NYSE:FPS&interval=D,False,True,False,False
NEOG,Neogen Corporation,NASDAQ,Medical Specialties,12.15,12.36,11.9,4.81,4.38,5687493.3,3506157.3333333335,42599812.0,43350714.0,-11.18,381,3.76,163,30.36,71,32.93,170,22.35,0.48,2026-10-06,True,https://www.tradingview.com/chart/?symbol=NASDAQ:NEOG&interval=D,False,False,False,False
PRGO,Perrigo Company plc,NYSE,Pharmaceuticals: Major,14.26,14.29,13.36,4.55,4.58,3034269.0,2803221.3666666667,39973937.0,40071115.0,-3.71,241,-1.31,200,35.94,60,31.31,176,21.98,1.48,2026-11-11,False,https://www.tradingview.com/chart/?symbol=NYSE:PRGO&interval=D,False,False,False,False
IONQ,"IonQ, Inc.",NYSE,Computer Processing Hardware,43.77,40.68,40.6,5.78,6.16,29117971.0,22441732.666666668,982274639.0,912892282.0,-2.08,197,16.97,73,-14.36,234,63.32,104,21.98,1.27,2026-11-11,False,https://www.tradingview.com/chart/?symbol=NYSE:IONQ&interval=D,False,False,False,False
RUM,RUM Group Inc.,NASDAQ,Internet Software/Services,7.58,8.5,7.81,7.11,7.97,4472763.7,5618024.6,42556536.0,47765381.0,-11.82,386,-10.99,279,19.2,92,57.16,114,21.79,-0.37,2026-11-16,False,https://www.tradingview.com/chart/?symbol=NASDAQ:RUM&interval=D,False,False,False,False
CLSK,"CleanSpark, Inc.",NASDAQ,Data Processing Services,12.74,12.99,12.94,6.45,7.08,16702091.0,17436646.4,222142875.0,226571783.0,-10.78,378,16.99,72,-6.67,195,54.99,117,21.77,-0.21,2026-12-16,False,https://www.tradingview.com/chart/?symbol=NASDAQ:CLSK&interval=D,False,False,False,False
DUOL,"Duolingo, Inc.",NASDAQ,Packaged Software,144.27,146.97,142.46,4.2,4.82,1019173.6,1091801.0666666667,157514140.0,160466370.0,-2.0,195,-7.66,244,20.24,89,50.98,126,21.18,0.26,2026-11-11,False,https://www.tradingview.com/chart/?symbol=NASDAQ:DUOL&interval=D,False,False,False,False
COHR,Coherent Corp.,NYSE,Semiconductors,337.04,292.31,297.03,5.37,6.37,6844551.9,6366512.633333334,2145769418.0,1861010163.0,13.13,15,25.7,50,-5.87,192,43.42,143,21.08,2.11,2026-11-11,False,https://www.tradingview.com/chart/?symbol=NYSE:COHR&interval=D,True,False,False,False
VSAT,"ViaSat, Inc.",NASDAQ,Telecommunications Equipment,72.0,72.27,75.1,5.02,5.46,1489077.9,1615317.8333333333,116302884.0,116735520.0,-3.78,244,8.86,119,-13.29,224,66.9,97,20.82,-0.75,2026-11-11,False,https://www.tradingview.com/chart/?symbol=NASDAQ:VSAT&interval=D,False,False,False,False
TGTX,"TG Therapeutics, Inc.",NASDAQ,Pharmaceuticals: Major,54.29,55.62,53.71,4.27,4.18,1752705.1,1940919.6,105372525.0,107951037.0,-6.35,299,-3.36,218,1.44,152,63.92,100,20.66,0.26,2026-11-09,False,https://www.tradingview.com/chart/?symbol=NASDAQ:TGTX&interval=D,False,False,False,False
GKOS,Glaukos Corporation,NYSE,Medical Specialties,163.75,170.47,171.99,4.05,4.08,913730.5,763141.0,124964339.0,130095953.0,5.99,59,-7.42,241,19.03,94,49.15,131,20.25,-1.17,2026-11-04,False,https://www.tradingview.com/chart/?symbol=NYSE:GKOS&interval=D,False,False,False,False
HIVE,HIVE Digital Technologies Ltd,NASDAQ,Information Technology Services,2.98,3.04,2.95,5.7,6.47,10741712.599999994,14359684.266666662,42720061.0,43667800.0,-10.12,373,13.33,88,-17.13,257,64.36,99,20.19,0.12,2026-11-16,False,https://www.tradingview.com/chart/?symbol=NASDAQ:HIVE&interval=D,False,False,False,False
QCOM,QUALCOMM Incorporated,NASDAQ,Semiconductors,184.87,178.47,171.45,4.62,4.52,12177177.5,13417214.966666667,2480440531.0,2394525631.0,-5.21,270,11.34,106,1.48,151,47.62,133,20.15,1.73,2026-11-11,False,https://www.tradingview.com/chart/?symbol=NASDAQ:QCOM&interval=D,False,False,False,False
RIOT,"Riot Platforms, Inc.",NASDAQ,Information Technology Services,19.73,21.2,20.92,6.97,7.7,17062489.8,16159668.133333333,318830252.0,342654990.0,-16.15,408,11.78,104,-17.46,258,65.6,98,19.97,-0.74,2026-11-10,False,https://www.tradingview.com/chart/?symbol=NASDAQ:RIOT&interval=D,False,False,False,False
RXO,"RXO, Inc.",NYSE,Packaged Software,23.38,20.54,21.2,4.79,5.08,1853222.6,1736302.9,40594762.0,35667134.0,14.33,10,15.74,80,-16.38,250,58.83,112,19.4,2.03,2026-11-05,False,https://www.tradingview.com/chart/?symbol=NYSE:RXO&interval=D,True,False,False,False
SHAZ,"SharonAI Holdings, Inc.",NASDAQ,Data Processing Services,50.81,55.84,56.92,7.85,9.44,1327677.5,1449994.2333333334,73674207.0,80974203.0,-10.51,376,-3.22,217,-35.77,373,96.41,68,19.14,-1.14,2026-11-04,False,https://www.tradingview.com/chart/?symbol=NASDAQ:SHAZ&interval=D,False,False,False,False
IOT,Samsara Inc.,NYSE,Packaged Software,41.12,39.54,39.09,4.09,4.78,4984427.3,6873140.5,282623537.0,271759393.0,4.87,71,5.67,140,20.91,87,30.0,181,18.86,1.08,2026-11-26,False,https://www.tradingview.com/chart/?symbol=NYSE:IOT&interval=D,False,False,False,False
ORKA,"Oruka Therapeutics, Inc.",NASDAQ,Pharmaceuticals: Major,84.52,92.29,95.76,5.19,5.46,1135249.7,940755.0333333333,79512615.0,86824477.0,-2.28,205,-9.17,257,-6.96,197,72.38,89,18.75,-2.15,2026-11-18,False,https://www.tradingview.com/chart/?symbol=NASDAQ:ORKA&interval=D,False,False,False,False
AI,"C3.ai, Inc.",NYSE,Packaged Software,11.01,10.58,10.23,4.18,4.54,4218372.9,5191399.966666667,57157314.0,54907707.0,2.9,90,6.89,128,16.35,102,32.17,174,18.47,1.68,2026-12-09,False,https://www.tradingview.com/chart/?symbol=NYSE:AI&interval=D,False,False,False,False
CLF,Cleveland-Cliffs Inc.,NYSE,Steel,11.32,11.89,11.91,4.96,5.35,16725089.2,14158880.733333332,160278530.0,168334933.0,-9.51,365,-2.75,211,17.31,98,39.93,154,18.16,-0.92,2026-10-26,False,https://www.tradingview.com/chart/?symbol=NYSE:CLF&interval=D,False,False,False,False
RMBS,"Rambus, Inc.",NASDAQ,Semiconductors,111.97,92.42,93.52,4.56,4.67,2423878.5,2371308.2666666666,265515387.0,219153148.0,5.03,69,33.22,29,-9.85,209,30.65,180,18.01,4.23,2026-11-02,False,https://www.tradingview.com/chart/?symbol=NASDAQ:RMBS&interval=D,False,False,False,False
MMED,"MiniMed Group, Inc.",NASDAQ,Medical Specialties,19.7,21.19,20.33,4.04,4.49,3367757.9,2721295.566666667,53609523.0,57671056.0,-5.04,265,-13.52,314,28.42,74,38.05,160,17.65,-0.69,2026-12-30,False,https://www.tradingview.com/chart/?symbol=NASDAQ:MMED&interval=D,False,False,False,False
KSS,Kohl's Corporation,NYSE,Department Stores,18.81,17.83,18.31,4.56,4.89,3987202.1,4506295.5,84763418.0,80326219.0,7.06,50,3.98,162,-0.74,163,49.52,128,17.59,0.56,2026-11-12,False,https://www.tradingview.com/chart/?symbol=NYSE:KSS&interval=D,False,False,False,False
TSEM,Tower Semiconductor Ltd.,NASDAQ,Semiconductors,240.86,218.03,224.35,4.47,5.59,1724268.3,1755512.6666666667,422832781.0,382754719.0,7.8,45,18.7,67,-0.61,162,34.56,166,17.55,1.32,2026-11-16,False,https://www.tradingview.com/chart/?symbol=NASDAQ:TSEM&interval=D,False,False,False,False
IT,"Gartner, Inc.",NYSE,Internet Software/Services,184.8,187.77,182.25,4.15,4.71,873751.1,1074659.7,198597113.0,201783479.0,2.81,93,-2.26,206,36.16,59,18.67,203,17.53,0.3,2026-11-03,False,https://www.tradingview.com/chart/?symbol=NYSE:IT&interval=D,False,False,False,False
WK,Workiva Inc.,NYSE,Information Technology Services,71.23,73.26,69.91,4.37,4.48,1282668.0,1025376.0333333333,73037535.0,75114605.0,0.03,146,-6.91,236,40.24,53,19.15,201,17.49,0.42,2026-11-04,False,https://www.tradingview.com/chart/?symbol=NYSE:WK&interval=D,False,False,False,False
W,Wayfair Inc.,NYSE,Specialty Stores,101.25,101.08,100.42,4.57,4.86,2404054.0,2306827.4,233566274.0,233164886.0,3.85,82,6.19,132,5.16,131,39.32,156,16.89,0.17,2026-11-04,False,https://www.tradingview.com/chart/?symbol=NYSE:W&interval=D,False,False,False,False
FSLY,"Fastly, Inc.",NASDAQ,Information Technology Services,25.81,24.06,24.29,10.08,8.97,10490064.1,6846174.733333333,176699770.0,164723528.0,-8.31,345,25.54,51,40.23,54,-16.2,315,16.52,0.7,2026-11-04,False,https://www.tradingview.com/chart/?symbol=NASDAQ:FSLY&interval=D,False,False,False,False
HRI,Herc Holdings Inc.,NYSE,Finance/Rental/Leasing,138.37,142.13,150.69,5.42,5.7,657288.6,760854.3,105279409.0,108141743.0,6.02,58,-1.42,202,-1.99,170,51.84,124,16.14,-1.44,2026-10-15,False,https://www.tradingview.com/chart/?symbol=NYSE:HRI&interval=D,False,False,False,False
TH,Target Hospitality Corp.,NASDAQ,Hotels/Resorts/Cruise lines,18.84,19.32,18.07,4.81,5.55,2527372.2,2342022.6666666665,44123707.0,45243975.0,-13.1,394,4.78,153,-4.66,187,48.11,132,16.08,0.77,2026-11-11,False,https://www.tradingview.com/chart/?symbol=NASDAQ:TH&interval=D,False,False,False,False
AFRM,"Affirm Holdings, Inc.",NASDAQ,Finance/Rental/Leasing,70.77,72.26,73.3,4.31,4.73,4048034.2,5283924.933333334,373943368.0,381822580.0,-1.86,191,2.02,177,-16.3,249,61.54,107,15.75,-0.73,2026-11-11,False,https://www.tradingview.com/chart/?symbol=NASDAQ:AFRM&interval=D,False,False,False,False
NAVN,"Navan, Inc.",NASDAQ,Packaged Software,21.43,24.14,25.61,4.58,5.63,3581350.0,4185030.6,89685206.0,101025244.0,8.78,36,-22.33,390,-9.23,207,78.14,83,15.53,-2.9,2026-12-15,False,https://www.tradingview.com/chart/?symbol=NASDAQ:NAVN&interval=D,False,False,False,False
INFQ,"Infleqtion, Inc.",NYSE,Computer Processing Hardware,13.15,13.41,12.56,6.15,6.46,7459563.1,8266988.333333333,108710897.0,110882359.0,-9.12,359,4.61,155,-3.94,183,45.63,136,15.43,0.73,2026-12-02,False,https://www.tradingview.com/chart/?symbol=NYSE:INFQ&interval=D,False,False,False,False
ASAN,"Asana, Inc.",NYSE,Packaged Software,8.62,9.31,9.09,6.94,7.23,7647607.2,7665846.8,66079599.0,71361368.0,-5.07,267,-11.59,290,19.06,93,38.03,161,15.17,-0.72,2026-12-08,False,https://www.tradingview.com/chart/?symbol=NYSE:ASAN&interval=D,False,False,False,False
EAT,"Brinker International, Inc.",NYSE,Restaurants,202.0,217.28,219.3,4.57,4.49,1163103.6,1306425.2333333334,263897897.0,283857897.0,-2.49,215,-13.67,317,16.58,100,41.73,146,14.88,-1.76,2026-11-04,False,https://www.tradingview.com/chart/?symbol=NYSE:EAT&interval=D,False,False,False,False
IREN,IREN Limited,NASDAQ,Data Processing Services,41.76,42.54,41.39,5.93,6.54,34395566.3,38986489.96666667,1628075821.0,1658381319.0,-9.75,369,16.66,76,-1.8,169,29.09,183,14.65,0.13,2026-12-01,False,https://www.tradingview.com/chart/?symbol=NASDAQ:IREN&interval=D,False,False,False,False
NVTS,Navitas Semiconductor Corporation,NASDAQ,Semiconductors,12.4,11.74,12.03,5.7,6.75,16852467.2,13649097.5,169248809.0,160226756.0,4.03,78,14.18,83,-24.48,312,52.71,122,14.14,0.46,2026-11-09,False,https://www.tradingview.com/chart/?symbol=NASDAQ:NVTS&interval=D,False,False,False,False
BULL,Webull Corporation,NASDAQ,Packaged Software,7.34,8.47,8.13,5.29,6.03,10815657.5,15192778.333333334,111514993.0,128723347.0,0.82,134,-19.25,362,0.55,156,60.96,108,14.09,-1.61,2026-11-19,False,https://www.tradingview.com/chart/?symbol=NASDAQ:BULL&interval=D,False,False,False,False
SM,SM Energy Company,NYSE,Integrated Oil,35.24,36.43,34.78,4.14,4.22,3555094.7,3891131.5,137123474.0,141747435.0,2.44,101,-6.03,232,34.2,66,13.53,219,13.9,0.31,2026-10-29,False,https://www.tradingview.com/chart/?symbol=NYSE:SM&interval=D,False,False,False,False
PGY,Pagaya Technologies Ltd.,NASDAQ,Packaged Software,17.98,20.56,20.32,5.6,6.12,2919625.8999999957,2400458.766666666,43160249.0,49361434.0,-3.75,242,-13.89,319,-3.95,184,59.26,110,13.8,-1.88,2026-11-17,False,https://www.tradingview.com/chart/?symbol=NASDAQ:PGY&interval=D,False,False,False,False
SNAP,Snap Inc.,NYSE,Packaged Software,5.58,5.52,5.35,4.55,4.96,31293676.7,34724162.93333333,193760829.0,191781552.0,2.95,89,5.28,146,17.72,96,17.72,210,13.58,0.85,2026-11-03,False,https://www.tradingview.com/chart/?symbol=NYSE:SNAP&interval=D,False,False,False,False
AAOI,"Applied Optoelectronics, Inc.",NASDAQ,Semiconductors,115.59,105.23,111.15,6.04,7.36,7698212.4,7280278.166666667,841527353.0,766118232.0,13.65,14,13.22,89,-14.91,238,41.65,147,13.32,0.54,2026-11-05,False,https://www.tradingview.com/chart/?symbol=NASDAQ:AAOI&interval=D,True,False,False,False
MDB,"MongoDB, Inc.",NASDAQ,Packaged Software,357.96,391.23,389.67,6.55,7.53,4592800.2,2850141.2333333334,1020236556.0,1115072155.0,-14.28,398,-5.61,226,-0.15,160,45.57,137,13.27,-1.08,2026-12-07,False,https://www.tradingview.com/chart/?symbol=NASDAQ:MDB&interval=D,False,False,False,False
MARA,"MARA Holdings, Inc.",NASDAQ,Data Processing Services,11.23,11.73,11.25,7.18,7.61,37848152.1,46871679.766666666,526368964.0,549695436.0,-13.52,395,12.19,99,-17.61,260,44.31,140,12.96,-0.02,2026-11-11,False,https://www.tradingview.com/chart/?symbol=NASDAQ:MARA&interval=D,False,False,False,False
BLSH,Bullish,NYSE,Packaged Software,34.23,35.19,30.78,7.32,7.08,1151110.4,1493415.2,51119602.0,52549796.0,-14.36,400,5.13,147,31.65,70,0.65,247,12.48,1.58,2026-11-25,False,https://www.tradingview.com/chart/?symbol=NYSE:BLSH&interval=D,False,False,False,False
WTTR,"Select Water Solutions, Inc.",NYSE,Oil & Gas Production,19.95,19.96,19.95,4.25,4.32,2142711.8,1695020.9333333333,33815668.0,33833183.0,-2.44,214,0.96,186,4.61,133,31.25,177,12.28,-0.0,2026-11-03,False,https://www.tradingview.com/chart/?symbol=NYSE:WTTR&interval=D,False,False,False,False
ARXS,"Arxis, Inc.",NASDAQ,Aerospace & Defense,50.03,51.34,52.35,4.74,4.85,1413709.8,951362.6333333333,47596673.0,48844860.0,-2.51,218,-2.72,210,7.59,123,31.66,175,12.18,-0.91,2026-12-02,False,https://www.tradingview.com/chart/?symbol=NASDAQ:ARXS&interval=D,False,False,False,False
BTBT,"Bit Digital, Inc.",NASDAQ,Miscellaneous Commercial Services,1.63,1.6,1.52,6.65,7.46,23483688.9,28973191.0,47226301.0,46376421.0,-9.44,364,21.64,59,-10.44,211,24.43,187,11.88,0.95,2026-11-12,False,https://www.tradingview.com/chart/?symbol=NASDAQ:BTBT&interval=D,False,False,False,False
TTMI,"TTM Technologies, Inc.",NASDAQ,Electronic Components,131.87,120.74,123.06,5.12,5.88,1967178.9,1983193.4333333333,261523718.0,239460030.0,1.43,120,15.45,81,-26.02,320,46.15,134,11.86,1.22,2026-11-04,False,https://www.tradingview.com/chart/?symbol=NASDAQ:TTMI&interval=D,False,False,False,False
POET,POET Technologies Inc.,NASDAQ,Electrical Products,7.79,7.74,7.88,4.69,6.03,8104369.3,7907755.966666634,61601419.0,61166492.0,-1.14,170,9.26,118,-19.69,275,45.88,135,11.82,-0.19,2026-11-12,False,https://www.tradingview.com/chart/?symbol=NASDAQ:POET&interval=D,False,False,False,False
PAY,"Paymentus Holdings, Inc.",NYSE,Miscellaneous Commercial Services,30.83,34.83,36.07,4.77,4.96,1408541.9,1196928.2333333334,36901297.0,41684622.0,1.03,131,-11.51,286,20.29,88,25.94,185,11.57,-2.93,2026-11-09,False,https://www.tradingview.com/chart/?symbol=NYSE:PAY&interval=D,False,False,False,False
KMX,CarMax Inc,NYSE,Specialty Stores,54.92,59.78,59.29,5.06,4.73,4795785.4,2738841.7666666666,150417190.0,163737090.0,-3.22,232,-9.69,264,5.76,129,38.56,157,11.55,-1.56,2026-12-17,False,https://www.tradingview.com/chart/?symbol=NYSE:KMX&interval=D,False,False,False,False
WRBY,Warby Parker Inc.,NYSE,Specialty Stores,27.03,25.04,25.64,6.21,6.08,4232492.3,3037976.7666666666,82116512.0,76082077.0,2.89,91,12.16,100,-8.56,203,31.02,178,11.54,0.89,2026-11-05,False,https://www.tradingview.com/chart/?symbol=NYSE:WRBY&interval=D,False,False,False,False
CRWV,"CoreWeave, Inc.",NASDAQ,Packaged Software,89.62,86.58,86.7,4.8,5.76,26760677.0,26160005.0,2344459648.0,2264811153.0,-0.82,163,11.9,102,3.88,139,18.29,208,11.36,0.59,2026-11-16,False,https://www.tradingview.com/chart/?symbol=NASDAQ:CRWV&interval=D,False,False,False,False
BLLN,"BillionToOne, Inc.",NASDAQ,Medical/Nursing Services,105.9,103.85,107.58,6.95,6.57,621486.9,624397.7333333333,66123720.0,64845890.0,-15.41,406,13.64,85,-14.26,231,32.47,173,10.62,-0.24,2026-12-15,False,https://www.tradingview.com/chart/?symbol=NASDAQ:BLLN&interval=D,False,False,False,False
SHLS,"Shoals Technologies Group, Inc.",NASDAQ,Semiconductors,8.3,7.35,7.83,5.1,5.57,3856390.4,4529175.8,37592159.0,33298500.0,9.93,26,24.62,53,-16.92,256,23.88,188,10.53,1.07,2026-11-10,False,https://www.tradingview.com/chart/?symbol=NASDAQ:SHLS&interval=D,False,False,False,False
SEZL,Sezzle Inc.,NASDAQ,Packaged Software,107.41,116.37,126.78,4.9,5.5,603100.1,460187.9333333335,49428786.0,53551840.0,-3.64,240,-5.7,228,-38.95,381,75.82,85,10.39,-2.78,2026-11-05,False,https://www.tradingview.com/chart/?symbol=NASDAQ:SEZL&interval=D,False,False,False,False
HIMS,"Hims & Hers Health, Inc.",NYSE,Medical/Nursing Services,29.0,29.11,29.29,5.64,5.98,10753779.8,10046029.066666666,291334843.0,292396373.0,-1.63,182,2.36,175,-22.94,299,50.18,127,9.87,-0.17,2026-11-09,False,https://www.tradingview.com/chart/?symbol=NYSE:HIMS&interval=D,False,False,False,False
AUGO,Aura Minerals Inc.,NASDAQ,Other Metals/Minerals,81.95,85.25,78.32,4.54,5.26,974207.3000000013,1011830.7999999988,82919534.0,86257395.0,-2.03,196,-1.27,199,28.35,75,1.17,245,9.42,0.88,2026-11-05,False,https://www.tradingview.com/chart/?symbol=NASDAQ:AUGO&interval=D,False,False,False,False
GDDY,GoDaddy Inc.,NYSE,Data Processing Services,97.21,98.34,96.66,5.0,4.78,3181478.4,2388863.1666666665,232221388.0,234914434.0,-2.1,199,-3.15,216,11.06,110,20.15,198,9.35,0.12,2026-10-29,False,https://www.tradingview.com/chart/?symbol=NYSE:GDDY&interval=D,False,False,False,False
WLTH,Wealthfront Corporation,NASDAQ,Packaged Software,10.03,9.84,9.66,5.04,4.98,2528707.7,3074866.6666666665,30840913.0,30266938.0,-1.96,193,13.21,90,6.14,127,8.67,232,9.34,0.77,2027-01-12,False,https://www.tradingview.com/chart/?symbol=NASDAQ:WLTH&interval=D,False,False,False,False
VCYT,"Veracyte, Inc.",NASDAQ,Medical Specialties,45.81,43.29,44.95,5.73,5.26,1601971.8,1424673.7666666666,65264305.0,61681013.0,-6.51,304,5.29,145,-23.55,304,45.52,138,9.09,0.37,2026-11-10,False,https://www.tradingview.com/chart/?symbol=NASDAQ:VCYT&interval=D,False,False,False,False
AUR,"Aurora Innovation, Inc.",NASDAQ,Packaged Software,5.67,6.04,6.26,6.32,6.15,35643905.6,32237589.0,182787130.0,194725783.0,-7.5,329,4.04,161,-19.69,274,42.11,144,8.82,-1.53,2026-11-04,False,https://www.tradingview.com/chart/?symbol=NASDAQ:AUR&interval=D,False,False,False,False
GLXY,Galaxy Digital Inc.,NASDAQ,Investment Banks/Brokers,23.06,24.31,23.0,6.46,7.12,4865091.3,5196595.733333333,119833498.0,126325778.0,-9.39,363,0.22,191,-12.55,218,37.84,162,8.5,0.03,2026-10-27,False,https://www.tradingview.com/chart/?symbol=NASDAQ:GLXY&interval=D,False,False,False,False
COIN,"Coinbase Global, Inc.",NASDAQ,Investment Banks/Brokers,183.0,185.14,172.84,5.94,6.31,8237761.7,10104396.766666668,1849104608.0,1870687600.0,-8.11,340,4.99,150,10.78,111,9.17,229,8.32,0.93,2026-10-29,False,https://www.tradingview.com/chart/?symbol=NASDAQ:COIN&interval=D,False,False,False,False
HHH,Howard Hughes Holdings Inc.,NYSE,Real Estate Development,71.04,65.5,65.86,4.17,3.62,1047923.4,747341.8666666666,53091166.0,48950892.0,6.59,53,12.23,98,-2.36,172,14.4,215,8.09,2.17,2026-11-09,False,https://www.tradingview.com/chart/?symbol=NYSE:HHH&interval=D,False,False,False,False
RDW,Redwire Corporation,NYSE,Aerospace & Defense,10.88,11.0,11.09,6.49,6.85,13249596.4,12312762.633333333,133962857.0,135395242.0,-7.8,333,6.04,134,-8.72,204,25.35,186,7.55,-0.28,2026-11-11,False,https://www.tradingview.com/chart/?symbol=NYSE:RDW&interval=D,False,False,False,False
MAT,"Mattel, Inc.",NASDAQ,Recreational Products,15.27,14.04,14.35,4.85,4.83,9720185.6,5822451.033333333,88908827.0,81732656.0,16.48,6,4.59,156,10.33,113,6.41,236,7.11,1.33,2026-10-27,False,https://www.tradingview.com/chart/?symbol=NASDAQ:MAT&interval=D,True,False,False,False
VOYG,"Voyager Technologies, Inc.",NYSE,Information Technology Services,30.93,33.79,34.35,7.45,7.97,3630273.9,2094257.4666666666,64775383.0,70769148.0,-0.87,164,-6.58,234,-8.49,202,36.26,163,7.06,-1.25,2026-11-09,False,https://www.tradingview.com/chart/?symbol=NYSE:VOYG&interval=D,False,False,False,False
CCC,CCC Intelligent Solutions Holdings Inc.,NASDAQ,Packaged Software,6.56,6.95,6.81,4.25,4.6,10967379.5,10687924.966666667,70112788.0,74249015.0,-4.23,251,-10.63,273,19.27,91,10.62,227,6.42,-0.81,2026-10-29,False,https://www.tradingview.com/chart/?symbol=NASDAQ:CCC&interval=D,False,False,False,False
ICHR,Ichor Holdings,NASDAQ,Industrial Machinery,62.92,56.57,61.9,4.11,5.37,709174.4,676524.5333333333,42566924.0,38272797.0,9.2,32,21.33,62,-44.42,396,41.52,148,6.14,0.31,2026-11-09,False,https://www.tradingview.com/chart/?symbol=NASDAQ:ICHR&interval=D,False,False,False,False
QUBT,Quantum Computing Inc.,NASDAQ,Information Technology Services,8.18,8.37,8.43,4.78,5.2,7639857.4,6998454.0,57247354.0,58567729.0,-9.76,370,4.74,154,-14.3,232,27.81,184,6.08,-0.56,2026-11-18,False,https://www.tradingview.com/chart/?symbol=NASDAQ:QUBT&interval=D,False,False,False,False
JHX,James Hardie Industries plc.,NYSE,Construction Materials,24.99,27.87,28.24,4.11,3.88,11104807.7,11473220.966666667,286715792.0,319720424.0,-5.16,269,-12.44,301,-2.59,175,33.28,168,6.08,-2.96,2026-11-09,False,https://www.tradingview.com/chart/?symbol=NYSE:JHX&interval=D,False,False,False,False
RELY,"Remitly Global, Inc.",NASDAQ,Miscellaneous Commercial Services,21.77,23.55,23.84,4.02,4.55,3896989.3,3995982.1333333333,86992531.0,94087397.0,1.82,109,-15.24,329,-5.06,189,38.31,159,6.0,-1.91,2026-11-04,False,https://www.tradingview.com/chart/?symbol=NASDAQ:RELY&interval=D,False,False,False,False
FIGS,"FIGS, Inc.",NYSE,Apparel/Footwear,13.52,13.94,13.36,4.68,4.94,2614786.1,2622319.066666667,35453754.0,36550757.0,7.47,48,-11.46,285,34.53,65,-5.12,265,5.98,0.25,2026-11-05,False,https://www.tradingview.com/chart/?symbol=NYSE:FIGS&interval=D,False,False,False,False
STRL,"Sterling Infrastructure, Inc.",NASDAQ,Engineering & Construction,533.42,494.58,521.37,4.06,4.96,432422.1,530765.7,283121040.0,262507869.0,2.48,99,17.15,71,-32.06,359,32.55,172,5.88,0.47,2026-11-09,False,https://www.tradingview.com/chart/?symbol=NASDAQ:STRL&interval=D,False,False,False,False
AMBA,"Ambarella, Inc.",NASDAQ,Semiconductors,68.65,68.02,72.11,5.31,5.77,1408763.7,1693553.7333333334,116262464.0,115198348.0,-2.98,225,1.21,183,-22.08,291,38.49,158,5.87,-0.83,2026-12-01,False,https://www.tradingview.com/chart/?symbol=NASDAQ:AMBA&interval=D,False,False,False,False
WYFI,"WhiteFiber, Inc.",NASDAQ,Data Processing Services,17.93,18.9,21.4,6.71,8.85,1234434.1,1732682.8333333333,31067003.0,32743663.0,-12.62,392,4.34,159,-50.07,402,63.0,105,5.76,-1.83,2026-11-12,False,https://www.tradingview.com/chart/?symbol=NASDAQ:WYFI&interval=D,False,False,False,False
GENI,Genius Sports Limited,NYSE,Internet Software/Services,6.02,6.82,7.12,7.14,7.27,8956014.1,6685939.733333333,40249357.0,45613710.0,-2.11,201,-16.16,336,-5.35,190,35.89,164,4.8,-2.13,2026-11-11,False,https://www.tradingview.com/chart/?symbol=NYSE:GENI&interval=D,False,False,False,False
CECO,CECO Environmental Corp.,NASDAQ,Industrial Machinery,73.66,72.34,72.22,4.25,5.06,610596.7,677015.4666666667,49868959.0,48974735.0,-0.39,155,4.32,160,-13.9,230,22.66,191,4.36,0.39,2026-11-09,False,https://www.tradingview.com/chart/?symbol=NASDAQ:CECO&interval=D,False,False,False,False
CRCL,"Circle Internet Group, Inc.",NYSE,Packaged Software,81.25,90.26,81.4,6.85,7.54,11334269.3,15063005.233333332,1223869175.0,1359546684.0,-11.68,384,-7.41,240,27.33,77,-7.09,273,4.28,-0.02,2026-11-18,False,https://www.tradingview.com/chart/?symbol=NYSE:CRCL&interval=D,False,False,False,False
FDS,FactSet Research Systems Inc.,NYSE,Financial Publishing/Services,266.0,285.32,282.61,4.16,4.6,843190.3,908843.9,241752477.0,259310736.0,-1.43,176,-11.77,293,6.4,126,18.2,209,4.27,-1.28,2026-12-17,False,https://www.tradingview.com/chart/?symbol=NYSE:FDS&interval=D,False,False,False,False
GNRC,Generac Holdings Inc.,NYSE,Electrical Products,216.8,195.66,200.8,4.32,4.58,1144456.9,1350556.8666666667,292800729.0,264255809.0,8.38,42,19.32,66,-19.77,276,13.15,220,4.23,1.74,2026-11-04,False,https://www.tradingview.com/chart/?symbol=NYSE:GNRC&interval=D,False,False,False,False
WDC,Western Digital Corporation,NASDAQ,Computer Peripherals,415.29,450.54,466.16,5.51,6.98,8567617.000000002,6998074.466666667,2906230345.0,3152914803.0,-8.78,352,-6.66,235,-30.26,350,49.29,129,4.12,-1.56,2026-10-22,False,https://www.tradingview.com/chart/?symbol=NASDAQ:WDC&interval=D,False,False,False,False
IDYA,"IDEAYA Biosciences, Inc.",NASDAQ,Pharmaceuticals: Major,37.36,38.92,38.0,4.03,4.02,949291.0,827444.8666666667,30913340.0,32201396.0,1.69,113,-7.06,237,2.55,148,16.68,211,4.06,-0.42,2026-11-10,False,https://www.tradingview.com/chart/?symbol=NASDAQ:IDYA&interval=D,False,False,False,False
ACHC,"Acadia Healthcare Company, Inc.",NASDAQ,Medical/Nursing Services,28.06,28.32,29.17,4.13,4.57,1537932.9,1452469.8333333333,40756304.0,41137335.0,0.75,137,-0.46,195,-10.92,213,23.45,190,4.02,-0.83,2026-11-04,False,https://www.tradingview.com/chart/?symbol=NASDAQ:ACHC&interval=D,False,False,False,False
WIX,Wix.com Ltd.,NASDAQ,Packaged Software,72.62,79.43,73.9,6.32,6.58,1080772.0,1263249.0,91737142.0,100345763.0,-5.06,266,-17.32,347,48.2,40,-19.31,323,3.86,-0.26,2026-11-05,False,https://www.tradingview.com/chart/?symbol=NASDAQ:WIX&interval=D,False,False,False,False
WAY,Waystar Holding Corp.,NASDAQ,Packaged Software,24.81,25.19,24.62,4.36,4.44,1693033.2,2209636.7333333334,54821087.0,55664432.0,1.72,112,-3.87,220,10.32,114,4.38,241,3.61,0.17,2026-11-11,False,https://www.tradingview.com/chart/?symbol=NASDAQ:WAY&interval=D,False,False,False,False
RKLB,Rocket Lab Corporation,NASDAQ,Aerospace & Defense,73.92,67.17,69.76,5.21,5.48,21874967.0,19146614.566666666,1415317749.0,1286154687.0,-0.31,153,18.56,69,-26.8,326,18.79,202,3.52,1.09,2026-11-16,False,https://www.tradingview.com/chart/?symbol=NASDAQ:RKLB&interval=D,False,False,False,False
ARQT,"Arcutis Biotherapeutics, Inc.",NASDAQ,Pharmaceuticals: Major,25.16,25.11,25.69,5.97,4.9,2328572.4,2903082.8666666667,73041565.0,72883347.0,-5.24,272,5.05,148,-2.71,176,7.52,235,3.29,-0.42,2026-10-29,False,https://www.tradingview.com/chart/?symbol=NASDAQ:ARQT&interval=D,False,False,False,False
CIFR,Cipher Digital Inc.,NASDAQ,Data Processing Services,15.71,16.64,17.58,7.76,8.91,30924738.0,33740677.766666666,530066048.0,561371773.0,-15.49,407,9.63,116,-31.19,353,30.92,179,3.12,-1.2,2026-11-11,False,https://www.tradingview.com/chart/?symbol=NASDAQ:CIFR&interval=D,False,False,False,False
NCNO,"nCino, Inc.",NASDAQ,Packaged Software,18.68,21.03,20.31,4.77,5.04,2262313.4,2646105.1666666665,49429245.0,55659058.0,-5.7,284,-15.86,331,8.48,121,16.6,212,3.08,-1.59,2026-12-02,False,https://www.tradingview.com/chart/?symbol=NASDAQ:NCNO&interval=D,False,False,False,False
PATH,"UiPath, Inc.",NYSE,Packaged Software,13.12,14.82,14.59,4.37,5.62,42950910.8,55164980.733333334,723764547.0,817673733.0,4.13,76,-27.87,406,15.49,103,19.71,200,2.44,-1.8,2026-12-09,False,https://www.tradingview.com/chart/?symbol=NYSE:PATH&interval=D,False,False,False,False
EXPE,"Expedia Group, Inc.",NASDAQ,Other Consumer Services,265.0,290.54,298.02,4.06,4.32,2723532.5,2123515.8,562731687.0,616956017.0,1.09,127,-13.59,316,-0.21,161,20.03,199,2.08,-2.57,2026-10-29,False,https://www.tradingview.com/chart/?symbol=NASDAQ:EXPE&interval=D,False,False,False,False
FIVE,"Five Below, Inc.",NASDAQ,Discount Stores,221.19,239.33,234.64,4.05,4.11,1004234.0,1229988.8666666667,272061237.0,294372005.0,-0.74,162,-9.71,265,19.35,90,-3.49,259,2.05,-1.39,2026-12-02,False,https://www.tradingview.com/chart/?symbol=NASDAQ:FIVE&interval=D,False,False,False,False
WGS,GeneDx Holdings Corp.,NASDAQ,Medical/Nursing Services,73.09,87.11,81.26,9.21,8.23,966577.9,682783.1666666667,49904622.0,59480542.0,-17.88,410,-12.93,306,1.12,153,15.05,214,1.08,-1.22,2026-11-03,False,https://www.tradingview.com/chart/?symbol=NASDAQ:WGS&interval=D,False,False,False,False
BRUN,Boost Run Inc.,NASDAQ,Packaged Software,16.51,17.0,18.14,7.36,9.04,1531496.5,2153387.066666667,35552420.0,36607580.0,-1.84,190,-0.24,194,-50.7,404,54.15,118,1.07,-1.0,2026-12-02,False,https://www.tradingview.com/chart/?symbol=NASDAQ:BRUN&interval=D,False,False,False,False
RGTI,"Rigetti Computing, Inc.",NASDAQ,Computer Processing Hardware,15.25,15.8,16.14,5.57,6.03,16121145.1,16412761.4,250294611.0,259313424.0,-7.49,328,2.9,168,-18.58,266,18.31,207,0.88,-0.92,2026-11-16,False,https://www.tradingview.com/chart/?symbol=NASDAQ:RGTI&interval=D,False,False,False,False
ATRO,Astronics Corporation,NASDAQ,Aerospace & Defense,68.19,71.6,73.96,4.32,4.5,496224.29999999964,611411.5666666664,41692155.0,43775132.0,-1.96,194,-8.2,250,-10.01,210,20.8,196,0.86,-1.73,2026-11-11,False,https://www.tradingview.com/chart/?symbol=NASDAQ:ATRO&interval=D,False,False,False,False
MDA,MDA Space Ltd.,NYSE,Electronic Production Equipment,29.89,29.79,30.96,4.17,4.6,1374625.8,1305327.2666666666,39016232.0,38889180.0,-5.11,268,4.88,152,-25.26,317,22.3,192,0.64,-0.75,2026-11-06,False,https://www.tradingview.com/chart/?symbol=NYSE:MDA&interval=D,False,False,False,False
MNDY,monday.com Ltd.,NASDAQ,Packaged Software,78.8,88.99,88.68,5.55,6.41,1170856.1,1195711.3,94222050.0,106401964.0,-7.89,334,-18.17,353,4.29,136,15.71,213,0.61,-1.74,2026-11-16,False,https://www.tradingview.com/chart/?symbol=NASDAQ:MNDY&interval=D,False,False,False,False
BTDR,Bitdeer Technologies Group,NASDAQ,Data Processing Services,11.02,11.49,10.93,7.2,8.1,10266667.3,11072465.6,122018571.0,127226321.0,-9.67,368,5.96,135,-28.95,344,23.54,189,0.19,0.1,2026-11-16,False,https://www.tradingview.com/chart/?symbol=NASDAQ:BTDR&interval=D,False,False,False,False
LPTH,"LightPath Technologies, Inc.",NASDAQ,Electronic Components,11.04,10.59,11.27,4.65,6.53,2287861.9,3245197.5,35826980.0,34381786.0,9.74,28,16.09,77,-29.86,349,13.7,218,-0.02,-0.32,2026-11-05,False,https://www.tradingview.com/chart/?symbol=NASDAQ:LPTH&interval=D,False,False,False,False
STEP,StepStone Group Inc.,NASDAQ,Investment Managers,45.27,48.05,47.75,4.2,4.4,1064615.6,1071938.7333333334,48526666.0,51509872.0,2.84,92,-8.47,253,9.08,118,-0.92,251,-0.1,-1.18,2026-11-05,False,https://www.tradingview.com/chart/?symbol=NASDAQ:STEP&interval=D,False,False,False,False
ARIS,Aris Mining Corporation,NYSE,Precious Metals,17.5,19.33,18.12,4.09,5.03,1845173.2,1560231.7999999993,27304056.0,30157200.0,-6.22,293,-9.98,268,14.75,105,-5.61,266,-0.28,-0.68,2026-11-17,False,https://www.tradingview.com/chart/?symbol=NYSE:ARIS&interval=D,False,False,False,False
EPAM,"EPAM Systems, Inc.",NYSE,Information Technology Services,108.29,113.74,108.9,4.38,5.01,1023289.5,1128058.6666666667,122157473.0,128302385.0,1.21,124,-7.08,238,25.63,80,-19.38,324,-0.28,-0.11,2026-10-29,False,https://www.tradingview.com/chart/?symbol=NYSE:EPAM&interval=D,False,False,False,False
JBL,Jabil Inc.,NYSE,Industrial Machinery,304.41,306.05,316.86,4.36,4.62,1796811.5,1285480.0,391312967.0,393416869.0,-4.54,258,1.71,179,-18.22,262,14.26,216,-0.75,-0.85,2026-12-10,False,https://www.tradingview.com/chart/?symbol=NYSE:JBL&interval=D,False,False,False,False
KOS,Kosmos Energy Ltd.,NYSE,Integrated Oil,2.51,2.78,2.69,5.44,6.17,13843662.7,12473822.533333333,31309295.0,34722964.0,-7.72,330,-13.45,311,25.5,81,-14.33,308,-0.76,-1.11,2026-11-09,False,https://www.tradingview.com/chart/?symbol=NYSE:KOS&interval=D,False,False,False,False
AKAM,"Akamai Technologies, Inc.",NASDAQ,Data Processing Services,108.92,108.53,111.87,6.03,5.84,8352374.8,4874166.2,530894183.0,529007880.0,-13.02,393,2.75,170,-2.56,173,-3.35,258,-1.05,-0.45,2026-11-10,False,https://www.tradingview.com/chart/?symbol=NASDAQ:AKAM&interval=D,False,False,False,False
BRZE,"Braze, Inc.",NASDAQ,Internet Software/Services,25.42,27.78,27.46,4.81,5.97,1988620.5,2771877.0,70461113.0,77012907.0,3.42,86,-22.95,392,11.1,109,8.61,233,-1.08,-1.25,2026-12-15,False,https://www.tradingview.com/chart/?symbol=NASDAQ:BRZE&interval=D,False,False,False,False
BHVN,Biohaven Ltd.,NYSE,Pharmaceuticals: Major,12.87,14.11,14.1,6.8,7.33,2132998.9,3370083.3666666667,43372973.0,47541766.0,-2.87,220,-19.41,365,-19.01,271,34.91,165,-1.17,-1.19,2026-11-17,False,https://www.tradingview.com/chart/?symbol=NYSE:BHVN&interval=D,False,False,False,False
COCO,"The Vita Coco Company, Inc.",NASDAQ,Food: Specialty/Candy,55.97,57.51,60.67,4.12,4.32,966181.3,1295589.3666666667,72514137.0,74506753.0,-5.41,277,-3.57,219,-18.75,268,18.53,205,-1.26,-1.79,2026-11-04,False,https://www.tradingview.com/chart/?symbol=NASDAQ:COCO&interval=D,False,False,False,False
TMDX,"TransMedics Group, Inc.",NASDAQ,Medical Specialties,79.8,86.65,85.25,4.58,5.11,681160.0,715794.7333333333,57116841.0,62022301.0,-4.44,256,-2.96,214,17.04,99,-18.0,319,-1.31,-1.25,2026-11-04,False,https://www.tradingview.com/chart/?symbol=NASDAQ:TMDX&interval=D,False,False,False,False
PCOR,"Procore Technologies, Inc.",NYSE,Packaged Software,50.95,55.39,55.59,4.16,4.39,2672334.1,2720814.0,138625473.0,150697725.0,4.49,73,-14.88,326,21.54,85,-10.85,295,-1.4,-1.9,2026-11-04,False,https://www.tradingview.com/chart/?symbol=NYSE:PCOR&interval=D,False,False,False,False
COMP,"Compass, Inc.",NYSE,Real Estate Development,9.22,10.3,11.07,5.31,5.49,18617041.8,14499638.233333332,133686665.0,149413939.0,-1.39,174,-11.0,280,-26.18,322,32.66,171,-1.51,-3.05,2026-11-11,False,https://www.tradingview.com/chart/?symbol=NYSE:COMP&interval=D,False,False,False,False
DAIC,"CID HoldCo, Inc.",NASDAQ,Miscellaneous,2.79,3.2,2.21,22.54,24.86,898627.8,16002445.333333334,44646822.0,51200357.0,-14.94,402,-16.72,344,48.4,39,-36.73,384,-1.68,1.05,,False,https://www.tradingview.com/chart/?symbol=NASDAQ:DAIC&interval=D,False,False,False,False
PTRN,Pattern Group Inc. - Series A,NASDAQ,Advertising/Marketing Services,17.33,19.59,20.69,5.53,5.62,1763364.2,1604597.5,27807675.0,31430856.0,-2.97,224,-13.48,312,-34.55,370,41.93,145,-2.03,-2.89,2026-11-11,False,https://www.tradingview.com/chart/?symbol=NASDAQ:PTRN&interval=D,False,False,False,False
FIG,FIGMA INC,NYSE,Packaged Software,21.36,23.93,24.35,4.79,5.85,11018815.5,13821589.466666667,295229151.0,330782886.0,0.52,139,-20.24,371,9.59,116,4.4,240,-2.08,-2.1,2026-11-11,False,https://www.tradingview.com/chart/?symbol=NYSE:FIG&interval=D,False,False,False,False
CIEN,Ciena Corporation,NYSE,Telecommunications Equipment,391.34,358.39,373.96,5.2,5.63,2200039.9,2498166.8666666667,977632622.0,895306365.0,7.81,44,9.54,117,-13.83,229,-2.4,255,-2.23,0.83,2026-12-10,False,https://www.tradingview.com/chart/?symbol=NYSE:CIEN&interval=D,False,False,False,False
RDDT,"Reddit, Inc.",NYSE,Internet Software/Services,147.86,152.71,156.32,4.52,5.15,4190939.7,4512161.4,667168185.0,689034119.0,-3.19,231,2.67,171,-23.79,305,14.03,217,-2.36,-1.05,2026-11-04,False,https://www.tradingview.com/chart/?symbol=NYSE:RDDT&interval=D,False,False,False,False
VRDN,"Viridian Therapeutics, Inc.",NASDAQ,Pharmaceuticals: Major,19.4,22.14,21.96,4.58,4.77,1923049.2,1549419.9,30058746.0,34303898.0,-6.51,303,-16.05,333,3.8,140,4.53,239,-2.58,-2.45,2026-11-16,False,https://www.tradingview.com/chart/?symbol=NASDAQ:VRDN&interval=D,False,False,False,False
VEEA,Veea Inc.,NASDAQ,Packaged Software,3.33,2.82,2.87,34.43,25.19,9033037.0,11826606.516666664,39382600.0,33359703.0,10.63,23,92.49,3,-30.62,351,-69.67,419,-2.6,0.64,,False,https://www.tradingview.com/chart/?symbol=NASDAQ:VEEA&interval=D,False,True,False,False
HUBS,"HubSpot, Inc.",NYSE,Packaged Software,214.53,232.03,230.69,5.84,6.46,1524698.9,1591285.7333333334,341378528.0,369227090.0,-3.04,228,-13.53,315,14.86,104,-10.61,294,-3.1,-1.08,2026-11-11,False,https://www.tradingview.com/chart/?symbol=NYSE:HUBS&interval=D,False,False,False,False
HL,Hecla Mining Company,NYSE,Precious Metals,17.2,19.26,18.25,4.2,5.04,39032703.3,34413208.233333334,591907182.0,662844275.0,-4.39,255,-12.16,298,6.5,124,-4.34,262,-3.33,-1.15,2026-11-11,False,https://www.tradingview.com/chart/?symbol=NYSE:HL&interval=D,False,False,False,False
EQPT,EquipmentShare.com Inc,NASDAQ,Internet Software/Services,18.5,18.06,18.74,6.2,6.47,3916624.8,3069244.9,56781031.0,55419309.0,12.12,17,4.93,151,-6.33,193,-8.91,281,-3.44,-0.2,2026-12-02,False,https://www.tradingview.com/chart/?symbol=NASDAQ:EQPT&interval=D,True,False,False,False
UCTT,"Ultra Clean Holdings, Inc.",NASDAQ,Industrial Machinery,72.69,72.75,77.09,5.2,6.63,1005439.8,876794.4666666667,63734190.0,63785044.0,-6.24,294,11.64,105,-44.19,395,22.09,194,-3.49,-0.86,2026-10-28,False,https://www.tradingview.com/chart/?symbol=NASDAQ:UCTT&interval=D,False,False,False,False
VG,"Venture Global, Inc.",NYSE,Oil & Gas Pipelines,13.13,14.12,13.85,4.35,5.07,14071701.0,13881808.633333333,182268147.0,196029647.0,0.96,132,-10.98,278,16.5,101,-16.63,316,-3.7,-1.03,2026-11-16,False,https://www.tradingview.com/chart/?symbol=NYSE:VG&interval=D,False,False,False,False
APLD,Applied Digital Corporation,NASDAQ,Data Processing Services,25.38,26.17,27.22,5.84,6.76,16239018.6,15915147.700000009,403926449.0,416525941.0,-6.76,310,5.73,139,-28.53,338,11.41,225,-3.8,-1.0,2026-10-07,True,https://www.tradingview.com/chart/?symbol=NASDAQ:APLD&interval=D,False,False,False,False
PSKY,Paramount Skydance Corporation,NASDAQ,Cable/Satellite TV,9.5,10.45,9.9,6.42,5.83,33521842.6,21271785.6,202081963.0,222307886.0,-6.91,313,-9.95,267,-7.14,199,5.32,238,-3.92,-0.69,2026-11-16,False,https://www.tradingview.com/chart/?symbol=NASDAQ:PSKY&interval=D,False,False,False,False
CVNA,Carvana Co.,NYSE,Specialty Stores,63.77,68.96,68.75,4.7,5.17,8426916.6,7542794.533333333,481004007.0,520153625.0,-0.5,158,-11.36,284,-6.84,196,6.06,237,-4.05,-1.4,2026-10-28,False,https://www.tradingview.com/chart/?symbol=NYSE:CVNA&interval=D,False,False,False,False
CDE,"Coeur Mining, Inc.",NYSE,Precious Metals,17.66,20.02,18.92,4.53,5.2,35918747.6,35466637.5,626340818.0,710065727.0,-6.95,316,-14.56,323,2.38,149,-1.23,252,-4.47,-1.28,2026-11-11,False,https://www.tradingview.com/chart/?symbol=NYSE:CDE&interval=D,False,False,False,False
AAON,"AAON, Inc.",NASDAQ,Industrial Machinery,83.27,79.01,83.27,4.57,4.87,1246337.7999999996,1161458.9333333338,96714685.0,91768806.0,-1.75,186,11.04,109,-28.47,336,3.71,243,-4.57,0.0,2026-11-09,False,https://www.tradingview.com/chart/?symbol=NASDAQ:AAON&interval=D,False,False,False,False
WULF,TeraWulf Inc.,NASDAQ,Data Processing Services,15.49,15.93,16.43,5.81,6.89,25339525.6,28071047.2,434820521.0,447134354.0,-5.26,273,7.16,127,-34.06,368,12.87,222,-4.68,-0.83,2026-11-16,False,https://www.tradingview.com/chart/?symbol=NASDAQ:WULF&interval=D,False,False,False,False
HLNE,Hamilton Lane Incorporated,NASDAQ,Investment Managers,87.04,95.68,96.5,4.25,4.22,721682.6,614690.8333333334,53502690.0,58816283.0,1.08,129,-15.19,328,8.9,119,-8.16,278,-4.82,-2.32,2026-11-10,False,https://www.tradingview.com/chart/?symbol=NASDAQ:HLNE&interval=D,False,False,False,False
CORZ,"Core Scientific, Inc.",NASDAQ,Packaged Software,16.45,17.3,18.59,5.78,6.33,11063844.7,11325264.833333334,186300607.0,195961057.0,-10.11,372,3.59,164,-31.32,355,11.83,224,-5.3,-1.82,2026-11-11,False,https://www.tradingview.com/chart/?symbol=NASDAQ:CORZ&interval=D,False,False,False,False
QBTS,D-Wave Quantum Inc.,NASDAQ,Computer Processing Hardware,15.77,17.2,18.14,6.15,6.53,16346519.5,16388067.6,258439826.0,281918464.0,-9.63,367,-3.13,215,-33.33,367,20.38,197,-5.36,-2.0,2026-11-05,False,https://www.tradingview.com/chart/?symbol=NASDAQ:QBTS&interval=D,False,False,False,False
ACHR,Archer Aviation Inc.,NYSE,Aerospace & Defense,4.89,5.56,5.59,5.54,6.11,22243321.2,24059668.9,117651781.0,133843938.0,-14.66,401,-12.05,297,-2.59,174,-2.2,254,-5.61,-2.06,2026-11-05,False,https://www.tradingview.com/chart/?symbol=NYSE:ACHR&interval=D,False,False,False,False
DPC,DPC Holdings PLC,NYSE,Electrical Products,41.35,41.97,45.02,4.91,6.39,1294900.1,1275400.7666666666,52737822.0,53524319.0,-0.22,151,0.8,187,-12.93,222,-6.02,268,-6.05,-1.28,2026-12-02,False,https://www.tradingview.com/chart/?symbol=NYSE:DPC&interval=D,False,False,False,False
SGRY,"Surgery Partners, Inc.",NASDAQ,Hospital/Nursing Management,13.32,14.07,14.53,6.01,5.65,2542368.6,2455994.2,32713843.0,34549289.0,-6.33,298,-8.64,254,-20.29,278,10.72,226,-6.07,-1.47,2026-11-10,False,https://www.tradingview.com/chart/?symbol=NASDAQ:SGRY&interval=D,False,False,False,False
FLY,Firefly Aerospace Inc.,NASDAQ,Aerospace & Defense,23.32,22.15,22.7,6.93,7.24,3502427.1,2943499.6666666665,68642412.0,65193612.0,0.04,145,12.66,94,-16.8,254,-15.38,312,-6.51,0.38,2026-11-18,False,https://www.tradingview.com/chart/?symbol=NASDAQ:FLY&interval=D,False,False,False,False
SPHR,Sphere Entertainment Co.,NYSE,Media Conglomerates,128.25,142.64,148.1,4.59,4.89,548510.9,559700.9,71781640.0,79834430.0,-7.89,335,-5.04,223,-24.17,309,9.32,228,-6.63,-2.74,2026-11-10,False,https://www.tradingview.com/chart/?symbol=NYSE:SPHR&interval=D,False,False,False,False
CNXC,Concentrix Corporation,NASDAQ,Information Technology Services,24.91,28.33,26.99,8.92,9.25,2735972.5,1920706.0666666667,47844788.0,54405920.0,-14.34,399,-21.67,381,4.82,132,-3.07,257,-6.64,-0.83,2027-01-19,False,https://www.tradingview.com/chart/?symbol=NASDAQ:CNXC&interval=D,False,False,False,False
ONDS,Ondas Inc,NASDAQ,Telecommunications Equipment,7.24,7.6,8.0,5.01,5.74,62266758.1,60930667.63333333,441138034.0,463164470.0,-6.28,295,2.55,172,-8.82,206,-14.97,311,-7.08,-1.65,2026-11-16,False,https://www.tradingview.com/chart/?symbol=NASDAQ:ONDS&interval=D,False,False,False,False
MOD,Modine Manufacturing Company,NYSE,Industrial Machinery,178.2,172.43,177.83,4.89,5.62,1684975.5195578553,1462047.1626127684,260536804.0,252104406.0,-2.41,212,8.75,120,-21.48,287,-9.28,286,-7.34,0.04,2026-11-03,False,https://www.tradingview.com/chart/?symbol=NYSE:MOD&interval=D,False,False,False,False
MMYT,MakeMyTrip Limited,NASDAQ,Internet Software/Services,44.62,51.91,54.7,4.19,4.75,1033337.4,762291.2333333333,34013435.0,39573841.0,-5.35,275,-21.68,382,-23.32,302,22.25,193,-7.58,-3.88,2026-11-03,False,https://www.tradingview.com/chart/?symbol=NASDAQ:MMYT&interval=D,False,False,False,False
PRM,"Perimeter Solutions, SA",NYSE,Chemicals: Major Diversified,27.45,30.33,31.66,4.73,5.05,1565239.7,1199968.5666666667,32939137.0,36391047.0,-2.66,219,-9.5,261,-22.46,298,8.71,231,-7.75,-2.63,2026-10-30,False,https://www.tradingview.com/chart/?symbol=NYSE:PRM&interval=D,False,False,False,False
EXK,Endeavour Silver Corporation,NYSE,Precious Metals,8.6,10.14,9.76,5.02,6.14,8054016.9,8523954.833333334,73306012.0,86441426.0,-7.13,321,-19.48,366,-1.38,168,-2.49,256,-7.78,-1.94,2026-11-10,False,https://www.tradingview.com/chart/?symbol=NYSE:EXK&interval=D,False,False,False,False
PBLS,"Parabilis Medicines, Inc.",NASDAQ,Pharmaceuticals: Major,30.28,36.9,36.31,11.05,9.45,954825.6,935795.3,28335882.0,34534278.0,-6.31,297,-23.79,396,8.76,120,-9.21,285,-8.08,-1.76,2026-12-02,False,https://www.tradingview.com/chart/?symbol=NASDAQ:PBLS&interval=D,False,False,False,False
GEN,Gen Digital Inc.,NASDAQ,Packaged Software,21.99,27.99,27.99,6.32,5.63,17452479.4,10147893.433333334,223152177.0,284068290.0,-4.02,248,-26.8,404,-15.97,245,18.35,206,-8.14,-3.81,2026-11-10,False,https://www.tradingview.com/chart/?symbol=NASDAQ:GEN&interval=D,False,False,False,False
KD,"Kyndryl Holdings, Inc.",NYSE,Data Processing Services,11.56,12.57,12.87,5.02,5.37,4542680.3,3937618.566666667,45518871.0,49491928.0,-1.37,173,-11.08,281,-4.15,186,-9.33,287,-8.19,-1.9,2026-11-10,False,https://www.tradingview.com/chart/?symbol=NYSE:KD&interval=D,False,False,False,False
GLOB,Globant S.A.,NYSE,Information Technology Services,35.1,37.55,37.45,4.52,5.48,880072.4,995716.2,34949639.0,37393790.0,1.45,119,-10.87,277,10.41,112,-24.34,341,-8.26,-1.15,2026-11-12,False,https://www.tradingview.com/chart/?symbol=NYSE:GLOB&interval=D,False,False,False,False
MP,MP Materials Corp.,NYSE,Other Metals/Minerals,46.97,52.03,51.02,4.43,5.47,5319842.9,5334498.533333333,250561396.0,277550402.0,-4.73,261,-12.54,304,-13.77,228,1.08,246,-8.41,-1.45,2026-10-29,False,https://www.tradingview.com/chart/?symbol=NYSE:MP&interval=D,False,False,False,False
AG,First Majestic Silver Corp.,NYSE,Precious Metals,17.67,19.76,18.95,4.2,5.17,9688526.1,9480658.666666666,167523239.0,187369417.0,-5.81,288,-13.72,318,0.0,158,-13.8,306,-9.18,-1.31,2026-11-11,False,https://www.tradingview.com/chart/?symbol=NYSE:AG&interval=D,False,False,False,False
AXGN,"Axogen, Inc.",NASDAQ,Medical Specialties,37.39,45.86,45.76,5.31,5.88,1387872.0,1274154.1,47640622.0,58435468.0,-14.26,397,-25.44,399,-15.6,240,13.03,221,-9.34,-3.11,2026-11-10,False,https://www.tradingview.com/chart/?symbol=NASDAQ:AXGN&interval=D,False,False,False,False
ASND,Ascendis Pharma A/S,NASDAQ,Pharmaceuticals: Major,227.87,247.25,248.7,4.09,3.64,803828.3,766737.3333333334,174716436.0,189576700.0,-0.98,165,-12.82,305,-15.88,243,0.57,248,-9.38,-2.3,2026-11-11,False,https://www.tradingview.com/chart/?symbol=NASDAQ:ASND&interval=D,False,False,False,False
CPRI,Capri Holdings Limited,NYSE,Apparel/Footwear Retail,14.44,13.98,14.57,5.12,4.98,4450488.1,5177806.566666666,74767527.0,72384010.0,-5.62,282,12.29,96,-22.45,297,-18.05,320,-9.4,-0.19,2026-11-05,False,https://www.tradingview.com/chart/?symbol=NYSE:CPRI&interval=D,False,False,False,False
TNDM,"Tandem Diabetes Care, Inc.",NASDAQ,Medical Specialties,16.5,18.61,19.52,6.38,6.48,2462865.9,1926392.7,31785480.0,35854663.0,8.55,37,-22.35,391,3.51,141,-9.59,288,-9.48,-2.39,2026-11-04,False,https://www.tradingview.com/chart/?symbol=NASDAQ:TNDM&interval=D,False,False,False,False
TTAN,"ServiceTitan, Inc.",NASDAQ,Packaged Software,67.09,73.27,78.3,5.03,6.26,2631734.2,3377732.8666666667,226612098.0,247493806.0,11.88,19,-29.13,411,-9.42,208,9.11,230,-9.81,-2.29,2027-01-19,False,https://www.tradingview.com/chart/?symbol=NASDAQ:TTAN&interval=D,True,False,False,False
PRAX,"Praxis Precision Medicines, Inc.",NASDAQ,Pharmaceuticals: Major,295.51,326.25,333.06,4.97,5.08,545171.0,410845.66666666704,121409003.0,134037851.0,3.89,81,-17.55,350,-7.6,201,-4.36,263,-9.84,-2.22,2026-11-11,False,https://www.tradingview.com/chart/?symbol=NASDAQ:PRAX&interval=D,False,False,False,False
RBLX,Roblox Corporation,NYSE,Packaged Software,44.12,44.01,42.44,4.91,5.46,13983239.8,11368191.0,501564587.0,500348190.0,-8.45,351,10.6,113,-18.9,270,-21.73,332,-10.01,0.73,2026-11-11,False,https://www.tradingview.com/chart/?symbol=NYSE:RBLX&interval=D,False,False,False,False
MBLY,Mobileye Global Inc.,NASDAQ,Packaged Software,7.42,8.13,8.3,4.79,4.84,6646464.6,4968463.066666666,36865996.0,40395261.0,-4.38,254,-11.56,289,-23.43,303,4.07,242,-10.31,-2.19,2026-10-22,False,https://www.tradingview.com/chart/?symbol=NASDAQ:MBLY&interval=D,False,False,False,False
BTU,Peabody Energy Corporation,NYSE,Coal,24.81,27.2,25.82,4.78,4.65,1920629.4,2360037.3666666667,58552527.0,64199310.0,-2.93,222,-14.57,324,9.63,115,-26.2,346,-10.38,-0.84,2026-10-29,False,https://www.tradingview.com/chart/?symbol=NYSE:BTU&interval=D,False,False,False,False
GRML,Greenland Mines Ltd,NASDAQ,Miscellaneous Commercial Services,7.88,7.07,8.14,31.36,29.96,46742301.8,16299169.771333333,128437458.0,115199815.0,-52.18,423,60.82,10,-36.96,377,-55.09,408,-10.41,-0.11,,False,https://www.tradingview.com/chart/?symbol=NASDAQ:GRML&interval=D,False,True,False,False
ALGT,Allegiant Travel Company,NASDAQ,Airlines,77.61,78.07,83.88,4.24,4.61,464019.5,513964.6,39888793.0,40127700.0,-0.61,160,5.32,144,-35.33,372,-1.47,253,-10.49,-1.62,2026-11-04,False,https://www.tradingview.com/chart/?symbol=NASDAQ:ALGT&interval=D,False,False,False,False
NESR,National Energy Services Reunited Corp,NASDAQ,Oilfield Services/Equipment,24.67,32.3,31.71,6.24,6.62,2599771.1,2010356.6333333333,49595498.0,64938875.0,-24.46,417,-28.64,409,-14.93,239,11.93,223,-10.55,-3.36,2026-11-04,False,https://www.tradingview.com/chart/?symbol=NASDAQ:NESR&interval=D,False,False,False,False
MWH,"SOLV Energy, Inc.",NASDAQ,Engineering & Construction,25.25,25.77,27.02,4.47,5.19,1310710.4,1429529.8666666667,36095629.0,36842797.0,0.12,144,1.9,178,-20.37,279,-13.47,305,-10.65,-1.26,2026-12-02,False,https://www.tradingview.com/chart/?symbol=NASDAQ:MWH&interval=D,False,False,False,False
RIVN,"Rivian Automotive, Inc.",NASDAQ,Motor Vehicles,14.3,15.66,15.73,4.58,4.84,26867646.8,23470632.133333333,335630040.0,367456217.0,-7.44,326,-8.04,248,-20.45,280,-4.28,261,-10.92,-1.88,2027-02-25,False,https://www.tradingview.com/chart/?symbol=NASDAQ:RIVN&interval=D,False,False,False,False
CE,Celanese Corporation,NYSE,Chemicals: Specialty,44.19,45.59,45.22,4.16,4.19,1948575.3,1789208.5666666667,79065127.0,81567037.0,-6.77,311,0.34,189,-3.49,181,-30.23,362,-11.13,-0.54,2026-11-09,False,https://www.tradingview.com/chart/?symbol=NYSE:CE&interval=D,False,False,False,False
SHAK,"Shake Shack, Inc.",NYSE,Restaurants,60.98,63.62,65.66,4.17,4.33,1637622.4,1313716.6333333333,80110440.0,83575587.0,6.07,57,-9.26,259,6.42,125,-31.25,368,-11.36,-1.64,2026-10-29,False,https://www.tradingview.com/chart/?symbol=NYSE:SHAK&interval=D,False,False,False,False
AESI,Atlas Energy Solutions Inc.,NYSE,Oilfield Services/Equipment,12.04,12.79,12.31,6.2,7.02,4586863.9,3439389.3666666667,41410248.0,43990936.0,-2.11,200,-5.12,224,-24.04,307,-6.16,269,-11.77,-0.31,2026-11-02,False,https://www.tradingview.com/chart/?symbol=NYSE:AESI&interval=D,False,False,False,False
PIPR,Piper Sandler Companies,NYSE,Investment Banks/Brokers,65.36,73.17,74.14,4.03,3.9,1064032.6,760007.4666666667,49674088.0,55607973.0,-8.42,348,-12.42,300,-10.47,212,-12.7,303,-11.86,-3.03,2026-10-23,False,https://www.tradingview.com/chart/?symbol=NYSE:PIPR&interval=D,False,False,False,False
INSM,Insmed Incorporated,NASDAQ,Pharmaceuticals: Major,111.12,121.66,119.82,4.41,4.5,2411139.0,2121594.533333333,235751585.0,258108948.0,-8.82,354,-8.25,251,3.37,144,-31.2,367,-12.03,-1.61,2026-10-22,False,https://www.tradingview.com/chart/?symbol=NASDAQ:INSM&interval=D,False,False,False,False
BSP,Bending Spoons S.p.A.,NASDAQ,Packaged Software,32.03,38.42,39.1,6.64,7.7,3251573.0,2074549.0666666667,66447807.0,79696914.0,-2.35,210,-20.68,375,-18.89,269,3.32,244,-12.08,-2.35,2026-11-12,False,https://www.tradingview.com/chart/?symbol=NASDAQ:BSP&interval=D,False,False,False,False
LGN,Legence Corp.,NASDAQ,Engineering & Construction,53.61,54.33,58.27,4.22,5.28,932058.2,905163.5,48525815.0,49176779.0,1.61,116,3.02,167,-32.99,364,-6.33,270,-12.1,-1.51,2026-11-13,False,https://www.tradingview.com/chart/?symbol=NASDAQ:LGN&interval=D,False,False,False,False
RH,RH,NYSE,Specialty Stores,120.46,134.67,152.05,4.29,5.24,731423.2,827686.9,99703164.0,111467630.0,-1.56,180,-16.25,338,-28.73,342,8.52,234,-12.15,-3.96,2026-12-03,False,https://www.tradingview.com/chart/?symbol=NYSE:RH&interval=D,False,False,False,False
CARG,"CarGurus, Inc.",NASDAQ,Internet Software/Services,30.02,33.6,34.8,4.06,4.31,1509660.5,1123726.9,33734282.0,37760033.0,-2.5,217,-13.39,309,-14.3,233,-9.14,282,-12.28,-3.19,2026-11-10,False,https://www.tradingview.com/chart/?symbol=NASDAQ:CARG&interval=D,False,False,False,False
CRML,Critical Metals Corp.,NASDAQ,Precious Metals,7.03,7.32,6.9,7.51,8.78,13882105.1,9946356.433333334,69922886.0,72820591.0,-12.23,389,0.43,188,-28.77,343,-9.17,284,-12.51,0.21,2027-03-03,False,https://www.tradingview.com/chart/?symbol=NASDAQ:CRML&interval=D,False,False,False,False
MOS,Mosaic Company (The),NYSE,Chemicals: Agricultural,21.07,24.25,23.55,4.91,5.02,8272029.0,8274347.533333333,174340503.0,200661202.0,-11.1,379,-14.7,325,-2.0,171,-21.82,333,-12.84,-2.1,2026-11-10,False,https://www.tradingview.com/chart/?symbol=NYSE:MOS&interval=D,False,False,False,False
NN,NextNav Inc.,NASDAQ,Packaged Software,13.98,15.07,15.39,6.26,6.75,2219839.4,2367649.0,33099733.0,35684417.0,-3.12,229,-7.66,245,-20.97,283,-9.98,290,-12.87,-1.36,2026-11-05,False,https://www.tradingview.com/chart/?symbol=NASDAQ:NN&interval=D,False,False,False,False
VKTX,"Viking Therapeutics, Inc.",NASDAQ,Pharmaceuticals: Major,29.94,33.1,33.35,8.36,8.66,14112972.9,6009929.633333334,179937293.0,198956717.0,-20.79,412,-11.08,282,-21.0,284,-6.73,271,-12.94,-1.18,2026-10-28,False,https://www.tradingview.com/chart/?symbol=NASDAQ:VKTX&interval=D,False,False,False,False
FIGR,"Figure Technology Solutions, Inc.",NASDAQ,Finance/Rental/Leasing,28.53,34.71,32.72,7.2,7.98,4774168.3,4667587.9,133166283.0,161995639.0,-12.35,390,-14.35,321,-12.67,221,-11.81,299,-12.94,-1.61,2026-11-12,False,https://www.tradingview.com/chart/?symbol=NASDAQ:FIGR&interval=D,False,False,False,False
RRR,"Red Rock Resorts, Inc.",NASDAQ,Hotels/Resorts/Cruise lines,50.31,54.26,57.87,4.15,3.92,1456093.6,1110082.2666666666,55848239.0,60228253.0,-2.14,202,-11.55,288,-21.77,289,-7.33,275,-13.55,-3.33,2026-11-03,False,https://www.tradingview.com/chart/?symbol=NASDAQ:RRR&interval=D,False,False,False,False
ERAS,"Erasca, Inc.",NASDAQ,Pharmaceuticals: Major,14.74,16.02,16.91,6.54,6.7,4244334.4,4524359.566666666,66689060.0,72467421.0,0.82,135,-13.14,307,-17.47,259,-10.18,291,-13.6,-1.92,2026-11-11,False,https://www.tradingview.com/chart/?symbol=NASDAQ:ERAS&interval=D,False,False,False,False
LAZ,"Lazard, Inc.",NYSE,Investment Banks/Brokers,36.07,39.97,41.36,4.27,4.47,1637863.3,1653203.8666666667,59631063.0,66075252.0,-1.31,172,-16.16,335,-14.63,237,-10.47,293,-13.75,-2.86,2026-10-22,False,https://www.tradingview.com/chart/?symbol=NYSE:LAZ&interval=D,False,False,False,False
PENN,"PENN Entertainment, Inc.",NASDAQ,Casinos/Gaming,14.77,16.68,17.88,4.31,4.37,3630099.9,3043888.1,44958227.0,50769517.0,-4.22,250,-10.62,272,-31.27,354,0.27,249,-13.87,-3.98,2026-10-29,False,https://www.tradingview.com/chart/?symbol=NASDAQ:PENN&interval=D,False,False,False,False
EROC,"ERock, Inc.",NYSE,Electrical Products,12.65,12.44,12.32,6.97,8.48,2152504.5,2434174.3333333335,30792305.0,30276260.0,3.69,84,11.85,103,-16.56,251,-37.06,388,-13.92,0.31,2026-12-02,False,https://www.tradingview.com/chart/?symbol=NYSE:EROC&interval=D,False,False,False,False
NG,Novagold Resources Inc.,AMEX,Precious Metals,6.55,7.76,7.46,5.12,6.15,4683870.5,5720998.333333333,37472539.0,44404482.0,-8.9,356,-20.8,376,3.48,142,-24.54,342,-13.95,-1.99,2026-10-08,True,https://www.tradingview.com/chart/?symbol=AMEX:NG&interval=D,False,False,False,False
PPC,Pilgrim's Pride Corporation,NASDAQ,Agricultural Commodities/Milling,27.5,29.7,29.15,4.14,4.32,1639062.0,1420757.4666666666,39070830.0,42195550.0,0.92,133,-11.6,291,-3.71,182,-27.42,352,-14.25,-1.31,2026-10-28,False,https://www.tradingview.com/chart/?symbol=NASDAQ:PPC&interval=D,False,False,False,False
MIR,"Mirion Technologies, Inc.",NYSE,Aerospace & Defense,14.6,15.49,15.52,4.42,4.52,3625088.0,3682112.933333333,53758849.0,57021201.0,-7.48,327,-5.32,225,-19.34,273,-18.44,322,-14.36,-1.31,2026-11-03,False,https://www.tradingview.com/chart/?symbol=NYSE:MIR&interval=D,False,False,False,False
SRPT,"Sarepta Therapeutics, Inc.",NASDAQ,Pharmaceuticals: Major,17.5,20.09,18.86,5.6,6.29,2355532.2,2953529.566666667,51686767.0,59327548.0,-5.35,276,-17.96,352,-4.94,188,-20.2,326,-14.37,-1.14,2026-11-04,False,https://www.tradingview.com/chart/?symbol=NASDAQ:SRPT&interval=D,False,False,False,False
ENPH,"Enphase Energy, Inc.",NASDAQ,Electrical Products,33.47,35.54,36.96,4.4,5.24,5227501.3,4615532.0,154481856.0,164015237.0,1.36,122,-5.65,227,-28.59,340,-9.16,283,-14.47,-1.8,2026-10-27,False,https://www.tradingview.com/chart/?symbol=NASDAQ:ENPH&interval=D,False,False,False,False
KVYO,"Klaviyo, Inc. Series A",NYSE,Packaged Software,15.71,17.26,17.58,5.08,5.89,6153406.5,6248492.6,98163819.0,107846899.0,-1.81,188,-22.11,388,-3.38,180,-18.18,321,-14.56,-1.81,2026-11-11,False,https://www.tradingview.com/chart/?symbol=NYSE:KVYO&interval=D,False,False,False,False
AVAV,"AeroVironment, Inc.",NASDAQ,Aerospace & Defense,140.82,150.12,158.1,5.21,5.61,1259219.9,1960180.0333333334,276032552.0,294265167.0,-11.52,382,-2.28,207,-21.88,290,-20.27,328,-14.81,-1.95,2026-12-08,False,https://www.tradingview.com/chart/?symbol=NASDAQ:AVAV&interval=D,False,False,False,False
EYE,"National Vision Holdings, Inc.",NASDAQ,Specialty Stores,16.4,16.97,18.57,4.42,4.41,2165396.0,2302725.2,37764693.0,39073025.0,-1.03,167,-2.03,204,-14.54,236,-28.57,358,-15.05,-2.65,2026-11-11,False,https://www.tradingview.com/chart/?symbol=NASDAQ:EYE&interval=D,False,False,False,False
LUMN,"Lumen Technologies, Inc.",NYSE,Major Telecommunications,5.75,6.27,6.29,4.84,5.36,12067560.3,12967234.0,74561596.0,81282945.0,-1.88,192,-10.58,271,-20.14,277,-14.81,309,-15.18,-1.61,2026-11-04,False,https://www.tradingview.com/chart/?symbol=NYSE:LUMN&interval=D,False,False,False,False
TRU,TransUnion,NYSE,Financial Publishing/Services,63.44,75.96,77.74,4.24,4.75,2938108.6,2537767.8,160995989.0,192756999.0,-5.99,291,-23.59,395,-15.62,241,-6.75,272,-15.32,-3.87,2026-10-27,False,https://www.tradingview.com/chart/?symbol=NYSE:TRU&interval=D,False,False,False,False
GPK,Graphic Packaging Holding Company,NYSE,Containers/Packaging,8.78,10.07,10.64,4.04,4.37,6917999.3,6201973.333333333,54453326.0,62445602.0,-6.6,306,-19.3,363,-18.48,264,-8.54,279,-15.44,-4.0,2026-11-03,False,https://www.tradingview.com/chart/?symbol=NYSE:GPK&interval=D,False,False,False,False
NYT,New York Times Company (The),NYSE,Publishing: Newspapers,62.7,66.92,67.66,4.41,3.94,4226070.5,3011397.933333333,188814650.0,201510704.0,-0.05,149,-7.51,242,-12.65,220,-26.44,347,-15.53,-1.86,2026-11-11,False,https://www.tradingview.com/chart/?symbol=NYSE:NYT&interval=D,False,False,False,False
COUR,"Coursera, Inc.",NYSE,Miscellaneous Commercial Services,5.02,5.5,5.59,4.23,4.99,8926777.9,6081447.0,30528864.0,33468230.0,-0.4,156,-18.51,356,-16.89,255,-12.7,302,-16.03,-2.04,2026-10-22,False,https://www.tradingview.com/chart/?symbol=NYSE:COUR&interval=D,False,False,False,False
FSLR,"First Solar, Inc.",NASDAQ,Semiconductors,174.61,197.01,207.51,4.9,5.05,2657599.0,2238546.966666667,390872686.0,441014646.0,0.3,143,-12.41,299,-24.76,313,-11.26,297,-16.14,-3.14,2026-10-29,False,https://www.tradingview.com/chart/?symbol=NASDAQ:FSLR&interval=D,False,False,False,False
ENOV,Enovis Corporation,NYSE,Medical Specialties,17.77,20.15,23.04,4.53,5.6,1647037.4,1800812.566666667,32000439.0,36291175.0,-2.95,223,-13.32,308,-13.7,226,-21.89,335,-16.3,-4.08,2026-11-11,False,https://www.tradingview.com/chart/?symbol=NYSE:ENOV&interval=D,False,False,False,False
ALM,Almonty Industries Inc.,NASDAQ,Other Metals/Minerals,13.4,15.8,14.99,6.24,8.0,6244115.4,6270475.033333333,84024365.0,99074551.0,4.44,74,-25.72,400,-18.42,263,-5.83,267,-16.66,-1.33,2026-11-17,False,https://www.tradingview.com/chart/?symbol=NASDAQ:ALM&interval=D,False,False,False,False
AXON,"Axon Enterprise, Inc.",NASDAQ,Aerospace & Defense,413.35,496.62,529.79,4.73,5.45,941941.8,966149.9666666667,399358089.0,479813905.0,-6.93,315,-19.99,368,-29.59,346,-0.4,250,-16.66,-4.03,2026-11-10,False,https://www.tradingview.com/chart/?symbol=NASDAQ:AXON&interval=D,False,False,False,False
UAA,"Under Armour, Inc.",NYSE,Apparel/Footwear,4.71,4.9,5.39,4.29,4.58,11708498.2,9108905.866666667,42902947.0,44615421.0,4.2,75,-5.04,222,-28.53,339,-16.93,317,-16.83,-2.77,2026-11-05,False,https://www.tradingview.com/chart/?symbol=NYSE:UAA&interval=D,False,False,False,False
AN,"AutoNation, Inc.",NYSE,Specialty Stores,162.46,187.7,196.83,5.21,4.56,583172.7,572050.0666666667,92935254.0,107373607.0,-0.29,152,-20.63,374,-12.58,219,-17.4,318,-16.87,-3.83,2026-10-22,False,https://www.tradingview.com/chart/?symbol=NYSE:AN&interval=D,False,False,False,False
PLUG,"Plug Power, Inc.",NASDAQ,Electronic Production Equipment,1.9,2.09,2.11,4.7,5.56,45754508.2,50239606.766666666,95455253.0,104866806.0,-4.76,262,-8.43,252,-29.1,345,-13.24,304,-16.93,-1.79,2026-11-10,False,https://www.tradingview.com/chart/?symbol=NASDAQ:PLUG&interval=D,False,False,False,False
LUNR,"Intuitive Machines, Inc.",NASDAQ,Aerospace & Defense,14.71,15.16,15.28,6.68,7.11,8209844.9,7096973.366666666,104396478.0,107606676.0,-6.9,312,-0.88,197,-27.23,328,-23.82,340,-17.31,-0.52,2026-11-18,False,https://www.tradingview.com/chart/?symbol=NASDAQ:LUNR&interval=D,False,False,False,False
AIR,AAR Corp.,NYSE,Aerospace & Defense,102.51,121.39,129.83,5.72,5.66,867478.3,539989.6666666666,55354341.0,65547366.0,-15.07,405,-18.93,360,-28.71,341,-4.7,264,-17.45,-3.72,2027-01-06,False,https://www.tradingview.com/chart/?symbol=NYSE:AIR&interval=D,False,False,False,False
RKT,"Rocket Companies, Inc.",NYSE,Finance/Rental/Leasing,11.7,13.01,13.37,4.88,5.44,41783659.6,32778506.1,383508521.0,426579478.0,-2.34,209,-10.28,269,-26.37,324,-16.07,314,-17.57,-2.3,2026-10-29,False,https://www.tradingview.com/chart/?symbol=NYSE:RKT&interval=D,False,False,False,False
LBRT,Liberty Energy Inc.,NYSE,Oilfield Services/Equipment,19.31,19.38,19.51,4.46,5.01,4466017.7,3760426.466666667,72613835.0,72890853.0,6.27,56,-1.63,203,-20.8,282,-30.69,364,-17.71,-0.21,2026-10-21,False,https://www.tradingview.com/chart/?symbol=NYSE:LBRT&interval=D,False,False,False,False
MIAX,"Miami International Holdings, Inc.",NYSE,Investment Banks/Brokers,33.01,39.58,41.4,4.23,4.52,1461474.1,1561544.3,51546577.0,61800718.0,-7.2,322,-21.83,385,-16.11,247,-15.75,313,-17.9,-4.48,2026-11-11,False,https://www.tradingview.com/chart/?symbol=NYSE:MIAX&interval=D,False,False,False,False
FOUR,"Shift4 Payments, Inc.",NYSE,Miscellaneous Commercial Services,36.17,41.76,44.49,4.88,6.05,2243525.5,2150427.7,77780970.0,89811179.0,-5.21,271,-11.78,294,-27.7,333,-14.23,307,-17.9,-3.09,2026-11-11,False,https://www.tradingview.com/chart/?symbol=NYSE:FOUR&interval=D,False,False,False,False
BOOT,"Boot Barn Holdings, Inc.",NYSE,Apparel/Footwear Retail,121.88,138.87,147.35,4.47,4.48,649067.8,667459.0,81349903.0,92691366.0,-3.47,237,-17.77,351,-24.37,311,-12.2,301,-18.11,-3.85,2026-11-04,False,https://www.tradingview.com/chart/?symbol=NYSE:BOOT&interval=D,False,False,False,False
VSEC,VSE Corporation,NASDAQ,Engineering & Construction,167.28,191.96,202.17,4.97,5.38,417318.0,375190.63333333336,62761889.0,72022594.0,-7.92,336,-16.07,334,-28.12,335,-10.33,292,-18.17,-3.21,2026-10-28,False,https://www.tradingview.com/chart/?symbol=NASDAQ:VSEC&interval=D,False,False,False,False
LEU,Centrus Energy Corp.,NYSE,Other Metals/Minerals,139.27,161.1,169.04,4.95,6.4,575520.3,713778.1666666655,99407885.0,114989425.0,-6.07,292,-17.15,345,-18.56,265,-20.5,329,-18.73,-2.75,2026-11-11,False,https://www.tradingview.com/chart/?symbol=NYSE:LEU&interval=D,False,False,False,False
BBAI,"BigBear.ai, Inc.",NYSE,Packaged Software,2.65,2.89,2.95,4.84,5.4,14713992.3,15724797.166666666,41670712.0,45439422.0,-6.69,309,-9.56,263,-27.4,329,-19.82,325,-18.92,-1.89,2026-11-11,False,https://www.tradingview.com/chart/?symbol=NYSE:BBAI&interval=D,False,False,False,False
NNE,Nano Nuclear Energy Inc.,NASDAQ,Electrical Products,15.62,17.22,17.5,5.49,6.36,1790594.7,1800011.3333333333,28116177.0,31000995.0,-8.44,349,-10.38,270,-25.55,319,-21.39,331,-19.11,-1.69,2026-12-17,False,https://www.tradingview.com/chart/?symbol=NASDAQ:NNE&interval=D,False,False,False,False
USAR,"USA Rare Earth, Inc.",NASDAQ,Metal Fabrication,13.59,16.5,16.72,5.1,6.8,13018630.1,13329049.0,181141776.0,219929309.0,-11.81,385,-21.72,383,-32.69,361,-4.13,260,-19.51,-2.75,2026-11-05,False,https://www.tradingview.com/chart/?symbol=NASDAQ:USAR&interval=D,False,False,False,False
ASTS,"AST SpaceMobile, Inc.",NASDAQ,Specialty Telecommunications,58.45,60.83,62.7,6.42,7.02,10994498.4,10209764.1,596760712.0,621053144.0,-5.7,283,0.02,193,-33.14,365,-26.2,345,-19.77,-0.96,2026-11-16,False,https://www.tradingview.com/chart/?symbol=NASDAQ:ASTS&interval=D,False,False,False,False
IBP,"Installed Building Products, Inc.",NYSE,Engineering & Construction,193.0,216.06,224.83,4.26,4.76,401557.5,408840.1666666667,78906152.0,88335642.0,-1.46,177,-17.48,349,-14.47,235,-27.44,353,-19.8,-2.97,2026-11-11,False,https://www.tradingview.com/chart/?symbol=NYSE:IBP&interval=D,False,False,False,False
MIRM,"Mirum Pharmaceuticals, Inc.",NASDAQ,Pharmaceuticals: Major,82.93,94.65,98.2,4.65,4.61,822808.8,688985.2666666667,57137548.0,65212685.0,-7.75,332,-16.19,337,-31.79,356,-11.44,298,-19.81,-3.38,2026-11-17,False,https://www.tradingview.com/chart/?symbol=NASDAQ:MIRM&interval=D,False,False,False,False
OKLO,Oklo Inc.,NYSE,Industrial Machinery,35.87,39.22,40.61,5.1,6.23,8141220.0,9945182.033333333,356733680.0,390023519.0,-7.07,319,-5.7,229,-32.06,360,-21.94,336,-19.9,-1.87,2026-11-18,False,https://www.tradingview.com/chart/?symbol=NYSE:OKLO&interval=D,False,False,False,False
ESAB,ESAB Corporation,NYSE,Industrial Machinery,69.9,71.75,77.71,4.11,4.36,1055641.0,896579.2333333333,62670888.0,64330158.0,2.16,105,-6.12,233,-26.42,325,-27.68,354,-20.08,-2.31,2026-11-04,False,https://www.tradingview.com/chart/?symbol=NYSE:ESAB&interval=D,False,False,False,False
UPST,"Upstart Holdings, Inc.",NASDAQ,Finance/Rental/Leasing,22.81,26.35,27.47,4.07,4.93,4671893.2,4204855.266666667,95912749.0,110800740.0,-7.99,339,-16.54,341,-36.71,376,-7.5,277,-20.25,-3.44,2026-11-10,False,https://www.tradingview.com/chart/?symbol=NASDAQ:UPST&interval=D,False,False,False,False
SMR,NuScale Power Corporation,NYSE,Electrical Products,7.75,8.99,9.01,6.12,7.5,31853127.0,37371682.9,289630542.0,336058630.0,-9.2,360,-15.16,327,-24.02,306,-21.88,334,-20.35,-1.87,2026-11-05,False,https://www.tradingview.com/chart/?symbol=NYSE:SMR&interval=D,False,False,False,False
UEC,Uranium Energy Corp.,AMEX,Other Metals/Minerals,9.3,10.92,10.79,5.31,6.32,10179363.7,9660244.833333334,89840277.0,105441572.0,-2.21,204,-20.03,370,-13.41,225,-27.68,355,-20.37,-2.18,2026-12-16,False,https://www.tradingview.com/chart/?symbol=AMEX:UEC&interval=D,False,False,False,False
FTFT,Future FinTech Group Inc.,NASDAQ,Finance/Rental/Leasing,3.41,3.49,3.52,30.42,29.23,826488.6,11026043.5,37598808.0,38479201.0,-21.61,414,88.4,4,-67.31,419,-82.67,421,-20.53,-0.1,,False,https://www.tradingview.com/chart/?symbol=NASDAQ:FTFT&interval=D,False,True,False,False
ACAD,ACADIA Pharmaceuticals Inc.,NASDAQ,Pharmaceuticals: Major,19.95,26.33,26.95,4.89,4.77,2872440.3,1980162.8333333333,39504249.0,52142638.0,-10.18,374,-31.44,413,-21.49,288,-8.7,280,-20.54,-5.45,2026-11-11,False,https://www.tradingview.com/chart/?symbol=NASDAQ:ACAD&interval=D,False,False,False,False
AMPX,"Amprius Technologies, Inc.",NYSE,Electrical Products,9.67,9.73,10.14,5.65,6.12,6191566.9,4936449.866666666,47735470.0,48039885.0,-1.73,184,1.04,184,-27.73,334,-35.53,383,-20.74,-0.76,2026-11-05,False,https://www.tradingview.com/chart/?symbol=NYSE:AMPX&interval=D,False,False,False,False
LMND,"Lemonade, Inc.",NYSE,Multi-Line Insurance,46.49,49.57,50.89,4.01,4.51,1227106.6,1032535.1666666666,48002560.0,51185522.0,1.97,107,-9.73,266,-32.89,362,-20.26,327,-20.96,-1.92,2026-11-10,False,https://www.tradingview.com/chart/?symbol=NYSE:LMND&interval=D,False,False,False,False
DKNG,DraftKings Inc.,NASDAQ,Movies/Entertainment,18.59,23.08,23.55,6.36,6.22,17982021.4,12761984.833333334,237245298.0,294525340.0,-10.75,377,-22.15,389,-27.56,330,-14.84,310,-21.52,-3.38,2026-10-30,False,https://www.tradingview.com/chart/?symbol=NASDAQ:DKNG&interval=D,False,False,False,False
CHWY,"Chewy, Inc.",NYSE,Internet Retail,18.17,21.28,21.92,4.21,5.01,10140667.0,9723350.866666667,176673285.0,206890219.0,-0.71,161,-21.75,384,-12.18,217,-31.1,365,-21.67,-3.41,2026-12-03,False,https://www.tradingview.com/chart/?symbol=NYSE:CHWY&interval=D,False,False,False,False
GIL,"Gildan Activewear, Inc.",NYSE,Apparel/Footwear,41.0,48.36,51.18,4.44,4.48,2541131.9,1565550.2,64187558.0,75703745.0,-0.02,148,-19.21,361,-20.73,281,-25.24,343,-21.73,-4.44,2026-10-29,False,https://www.tradingview.com/chart/?symbol=NYSE:GIL&interval=D,False,False,False,False
RSI,"Rush Street Interactive, Inc.",NYSE,Casinos/Gaming,20.01,24.13,25.2,5.74,5.64,4701593.3,3205334.966666667,64138753.0,77345801.0,2.67,97,-21.9,387,-36.27,374,-7.36,276,-21.84,-3.65,2026-11-04,False,https://www.tradingview.com/chart/?symbol=NYSE:RSI&interval=D,False,False,False,False
CRK,"Comstock Resources, Inc.",NYSE,Oil & Gas Production,12.78,13.99,13.77,4.88,5.04,2557998.1,2815533.3,35982516.0,39384618.0,-5.33,274,-18.6,358,-13.0,223,-34.7,380,-22.1,-1.42,2026-11-03,False,https://www.tradingview.com/chart/?symbol=NYSE:CRK&interval=D,False,False,False,False
DNN,Denison Mines Corp,AMEX,Other Metals/Minerals,2.57,3.07,3.07,4.43,5.32,24817581.8,26010712.466666665,66847531.0,79896238.0,-2.28,206,-20.92,378,-18.67,267,-26.78,350,-22.12,-3.06,2026-11-03,False,https://www.tradingview.com/chart/?symbol=AMEX:DNN&interval=D,False,False,False,False
ALKT,"Alkami Technology, Inc.",NASDAQ,Packaged Software,13.89,18.08,18.53,5.5,6.37,2663781.8,1891055.2333333334,26266757.0,34187757.0,-1.84,189,-28.71,410,-26.16,321,-11.87,300,-22.25,-3.93,2026-10-29,False,https://www.tradingview.com/chart/?symbol=NASDAQ:ALKT&interval=D,False,False,False,False
XRAY,DENTSPLY SIRONA Inc.,NASDAQ,Medical Specialties,8.67,10.22,11.13,4.33,4.67,5231279.0,4489724.9,38925915.0,45864785.0,-8.93,357,-20.39,372,-23.14,300,-23.61,339,-22.38,-4.74,2026-10-29,False,https://www.tradingview.com/chart/?symbol=NASDAQ:XRAY&interval=D,False,False,False,False
Z,"Zillow Group, Inc.",NASDAQ,Internet Software/Services,27.41,31.9,32.84,4.36,4.82,4905243.4,3885340.8666666667,106497193.0,123947554.0,-3.01,226,-18.33,355,-18.01,261,-31.1,366,-22.48,-3.43,2026-11-04,False,https://www.tradingview.com/chart/?symbol=NASDAQ:Z&interval=D,False,False,False,False
QXO,"QXO, Inc.",NYSE,Wholesale Distributors,12.06,12.62,13.35,4.66,4.94,21948443.6,17334351.066666666,209052274.0,218701729.0,-1.47,178,-5.93,230,-26.95,327,-35.34,381,-22.74,-1.96,2026-11-17,False,https://www.tradingview.com/chart/?symbol=NYSE:QXO&interval=D,False,False,False,False
NAMS,NewAmsterdam Pharma Company N.V.,NASDAQ,Pharmaceuticals: Major,23.2,24.15,25.64,5.85,5.95,2020539.5,1656907.7666666666,38440260.0,40009904.0,1.18,125,-7.75,246,-34.22,369,-26.7,349,-22.89,-1.6,2026-11-11,False,https://www.tradingview.com/chart/?symbol=NASDAQ:NAMS&interval=D,False,False,False,False
KTOS,"Kratos Defense & Security Solutions, Inc.",NASDAQ,Aerospace & Defense,43.07,48.07,51.16,4.64,5.15,4469805.1,3733280.9,160792408.0,179458813.0,-8.3,344,-12.46,302,-22.24,292,-34.02,377,-22.91,-3.07,2026-10-29,False,https://www.tradingview.com/chart/?symbol=NASDAQ:KTOS&interval=D,False,False,False,False
WEN,Wendy's Company (The),NASDAQ,Restaurants,6.12,7.46,7.64,4.2,4.8,5359773.8,6538625.3,40016387.0,48791222.0,-5.85,289,-26.0,402,-31.85,357,-10.92,296,-22.92,-4.15,2026-11-11,False,https://www.tradingview.com/chart/?symbol=NASDAQ:WEN&interval=D,False,False,False,False
WING,Wingstop Inc.,NASDAQ,Restaurants,106.89,107.91,114.05,4.76,5.33,1308878.5,1266330.8666666667,135358106.0,136647653.0,8.45,40,-2.91,213,-39.61,383,-26.91,351,-23.15,-1.18,2026-10-28,False,https://www.tradingview.com/chart/?symbol=NASDAQ:WING&interval=D,False,False,False,False
ALNY,"Alnylam Pharmaceuticals, Inc.",NASDAQ,Pharmaceuticals: Major,219.72,246.4,241.49,4.25,4.78,1244330.9,1545111.1,339491811.0,380708165.0,-11.54,383,-10.86,276,-27.69,332,-31.98,370,-23.51,-1.89,2026-10-29,False,https://www.tradingview.com/chart/?symbol=NASDAQ:ALNY&interval=D,False,False,False,False
TE,T1 Energy Inc.,NYSE,Electrical Products,3.92,4.32,4.54,6.06,8.24,19628293.0,19513070.533333335,76491236.0,84211908.0,1.16,126,-7.55,243,-57.39,410,-7.33,274,-24.09,-1.65,2026-11-11,False,https://www.tradingview.com/chart/?symbol=NYSE:TE&interval=D,False,False,False,False
GT,The Goodyear Tire & Rubber Company,NASDAQ,Automotive Aftermarket,4.84,5.57,5.97,4.26,4.89,9465559.9,9190030.8,44479749.0,51190003.0,-5.47,280,-19.33,364,-26.33,323,-26.67,348,-24.11,-3.88,2026-11-09,False,https://www.tradingview.com/chart/?symbol=NASDAQ:GT&interval=D,False,False,False,False
SEDG,"SolarEdge Technologies, Inc.",NASDAQ,Electrical Products,33.09,33.43,34.58,5.85,7.18,2594203.6,3066167.6,101459486.0,102512203.0,3.7,83,2.07,176,-41.65,391,-34.6,379,-24.73,-0.6,2026-11-11,False,https://www.tradingview.com/chart/?symbol=NASDAQ:SEDG&interval=D,False,False,False,False
BLDR,"Builders FirstSource, Inc.",NYSE,Home Improvement Chains,56.25,61.9,65.87,4.02,4.59,2301653.4,3192439.2,179574705.0,197610922.0,-3.47,236,-10.71,275,-34.67,371,-28.81,360,-24.73,-3.18,2026-10-29,False,https://www.tradingview.com/chart/?symbol=NYSE:BLDR&interval=D,False,False,False,False
QNT,Quantinuum Inc.,NASDAQ,Computer Processing Hardware,46.08,50.23,53.07,6.56,7.1,1969004.6,1768059.7,81472191.0,88816122.0,-6.91,314,-2.58,209,-40.92,388,-32.24,372,-25.25,-1.85,2026-11-12,False,https://www.tradingview.com/chart/?symbol=NASDAQ:QNT&interval=D,False,False,False,False
AAP,Advance Auto Parts Inc.,NYSE,Specialty Stores,38.68,42.26,47.77,4.12,4.67,1905952.2,1874080.5333333334,72489435.0,79193021.0,-7.95,338,-9.52,262,-38.22,380,-28.1,357,-25.28,-4.07,2026-11-18,False,https://www.tradingview.com/chart/?symbol=NYSE:AAP&interval=D,False,False,False,False
FTAI,FTAI Aviation Ltd.,NASDAQ,Aerospace & Defense,167.03,186.55,197.93,4.01,5.14,1188532.8000000014,1313818.800000002,219447154.0,245096839.0,-4.68,260,-11.66,292,-36.31,375,-30.28,363,-26.08,-3.04,2026-11-03,False,https://www.tradingview.com/chart/?symbol=NASDAQ:FTAI&interval=D,False,False,False,False
PLNT,"Planet Fitness, Inc.",NYSE,Other Consumer Services,42.41,48.29,50.12,5.22,4.71,3655950.6,2382085.6333333333,101024252.0,115030121.0,1.05,130,-16.4,339,-21.05,285,-41.13,394,-26.19,-3.27,2026-11-10,False,https://www.tradingview.com/chart/?symbol=NYSE:PLNT&interval=D,False,False,False,False
FLUT,Flutter Entertainment plc,NYSE,Casinos/Gaming,74.81,92.89,95.76,5.74,5.69,3048571.8,2824953.566666667,211334776.0,262395812.0,-6.96,317,-23.51,394,-29.72,347,-25.41,344,-26.21,-3.85,2026-11-18,False,https://www.tradingview.com/chart/?symbol=NYSE:FLUT&interval=D,False,False,False,False
MPT,"Medical Properties Trust, Inc.",NYSE,Real Estate Investment Trusts,3.27,3.75,4.02,4.22,4.29,10495065.2,10279437.333333334,33613760.0,38558169.0,-8.4,347,-19.85,367,-29.83,348,-29.07,361,-26.25,-4.37,2026-10-22,False,https://www.tradingview.com/chart/?symbol=NYSE:MPT&interval=D,False,False,False,False
CBRS,Cerebras Systems Inc.,NASDAQ,Packaged Software,166.43,190.91,201.05,6.53,8.35,7880924.2,6780009.9,1128397048.0,1294370560.0,-21.42,413,-2.1,205,-24.35,310,-52.45,406,-26.3,-2.06,2026-12-02,False,https://www.tradingview.com/chart/?symbol=NASDAQ:CBRS&interval=D,False,False,False,False
STUB,"StubHub Holdings, Inc.",NYSE,Internet Software/Services,5.41,6.02,6.92,5.23,5.9,7111637.5,6608826.166666667,35753750.0,39769713.0,0.37,141,-12.03,296,-57.67,411,-9.68,289,-26.46,-3.69,2026-11-12,False,https://www.tradingview.com/chart/?symbol=NYSE:STUB&interval=D,False,False,False,False
QS,QuantumScape Corporation,NASDAQ,Electrical Products,4.57,5.23,5.41,4.9,5.39,11878312.9,12887510.4,58895923.0,67354425.0,-8.38,346,-15.99,332,-40.69,386,-22.93,338,-26.54,-2.87,2026-10-28,False,https://www.tradingview.com/chart/?symbol=NASDAQ:QS&interval=D,False,False,False,False
EOSE,"Eos Energy Enterprises, Inc.",NASDAQ,Electrical Products,3.21,3.6,3.68,7.97,8.77,29379789.0,26802514.333333332,86036071.0,96444381.0,-3.31,234,-6.0,231,-41.95,392,-31.85,369,-26.6,-1.46,2026-11-11,False,https://www.tradingview.com/chart/?symbol=NASDAQ:EOSE&interval=D,False,False,False,False
PUMP,ProPetro Holding Corp.,NYSE,Oilfield Services/Equipment,9.27,10.53,10.87,4.79,5.56,3964624.0,3697881.6666666665,34279363.0,38932531.0,-2.42,213,-16.56,342,-30.98,352,-32.29,373,-26.61,-2.65,2026-11-04,False,https://www.tradingview.com/chart/?symbol=NYSE:PUMP&interval=D,False,False,False,False
CAR,"Avis Budget Group, Inc.",NASDAQ,Finance/Rental/Leasing,111.22,124.79,132.7,5.01,5.28,437228.1,413343.26666666666,45972038.0,51582622.0,8.35,43,-20.56,373,-25.25,316,-34.58,378,-26.79,-3.06,2026-11-02,False,https://www.tradingview.com/chart/?symbol=NASDAQ:CAR&interval=D,False,False,False,False
HYMC,Hycroft Mining Holding Corporation,NASDAQ,Precious Metals,18.71,22.12,22.82,6.31,7.72,1930193.9,2089753.9666666621,39099297.0,46215257.0,-10.39,375,-15.78,330,-22.4,296,-42.38,395,-26.85,-2.33,2026-11-03,False,https://www.tradingview.com/chart/?symbol=NASDAQ:HYMC&interval=D,False,False,False,False
STLA,Stellantis N.V.,NYSE,Motor Vehicles,4.4,5.04,5.24,4.27,4.87,31427655.500000022,25093151.166666668,110409865.0,126511304.0,-2.87,221,-16.51,340,-25.3,318,-40.86,392,-27.56,-3.3,2026-10-28,False,https://www.tradingview.com/chart/?symbol=NYSE:STLA&interval=D,False,False,False,False
INIO,INNIO N.V.,NASDAQ,Electrical Products,19.99,20.14,22.52,5.96,7.17,5874506.0,5093587.2,101820808.0,102593336.0,5.1,67,-1.33,201,-47.52,401,-35.52,382,-28.12,-1.57,2026-12-02,False,https://www.tradingview.com/chart/?symbol=NASDAQ:INIO&interval=D,False,False,False,False
UUUU,Energy Fuels Inc,AMEX,Other Metals/Minerals,10.73,13.09,13.13,4.42,5.81,6993399.0,6882719.633333334,73851582.0,90103977.0,-5.46,279,-24.44,398,-25.17,315,-36.88,385,-28.83,-3.14,2026-10-30,False,https://www.tradingview.com/chart/?symbol=AMEX:UUUU&interval=D,False,False,False,False
FRMI,Fermi Inc.,NASDAQ,Real Estate Development,4.03,4.98,5.54,6.64,8.42,16013982.0,16437627.166666666,66243637.0,81914175.0,-12.39,391,-13.52,313,-52.7,407,-20.83,330,-29.01,-3.23,2026-11-17,False,https://www.tradingview.com/chart/?symbol=NASDAQ:FRMI&interval=D,False,False,False,False
MTZ,"MasTec, Inc.",NYSE,Engineering & Construction,215.93,229.79,252.38,4.79,5.3,1377997.6,1514574.2333333334,327042014.0,348034518.0,1.25,123,-9.19,258,-44.94,398,-33.26,375,-29.13,-2.73,2026-10-29,False,https://www.tradingview.com/chart/?symbol=NYSE:MTZ&interval=D,False,False,False,False
CELC,Celcuity Inc.,NASDAQ,Medical Specialties,72.1,85.99,87.26,5.73,6.15,1079833.4,920154.0333333333,66343106.0,79128339.0,-9.88,371,-22.98,393,-31.88,358,-33.97,376,-29.61,-2.83,2026-11-18,False,https://www.tradingview.com/chart/?symbol=NASDAQ:CELC&interval=D,False,False,False,False
WHR,Whirlpool Corporation,NYSE,Electronics/Appliances,30.31,35.5,37.6,4.4,5.08,2804861.1,2730822.2333333334,82771222.0,96951471.0,-7.94,337,-20.84,377,-25.11,314,-43.13,397,-29.69,-3.81,2026-10-15,False,https://www.tradingview.com/chart/?symbol=NYSE:WHR&interval=D,False,False,False,False
RUN,Sunrun Inc.,NASDAQ,Semiconductors,7.71,8.53,9.07,5.01,5.77,7610268.8,7287388.066666666,56185762.0,62126198.0,-1.03,168,-7.89,247,-41.19,389,-43.43,398,-30.84,-2.6,2026-11-04,False,https://www.tradingview.com/chart/?symbol=NASDAQ:RUN&interval=D,False,False,False,False
APP,Applovin Corporation,NASDAQ,Packaged Software,268.22,311.97,330.71,5.39,5.84,5485920.5,5045637.9,1353340998.0,1574080928.0,-14.17,396,-13.4,310,-51.25,406,-28.81,359,-31.15,-3.24,2026-11-11,False,https://www.tradingview.com/chart/?symbol=NASDAQ:APP&interval=D,False,False,False,False
KNF,Knife Riv Holding Co.,NYSE,Construction Materials,50.33,58.09,63.01,4.55,4.69,1294148.1,1058852.5666666667,53292050.0,61510863.0,-5.75,286,-17.33,348,-39.76,384,-36.93,386,-31.34,-4.29,2026-11-09,False,https://www.tradingview.com/chart/?symbol=NYSE:KNF&interval=D,False,False,False,False
FUN,Six Flags Entertainment Corporation,NYSE,Movies/Entertainment,11.6,13.7,15.02,5.28,6.27,2746382.7,2241292.966666667,25998998.0,30711690.0,-6.6,307,-18.54,357,-42.69,393,-32.79,374,-31.34,-3.63,2026-11-05,False,https://www.tradingview.com/chart/?symbol=NYSE:FUN&interval=D,False,False,False,False
TTD,"The Trade Desk, Inc.",NASDAQ,Packaged Software,11.95,13.52,14.52,4.33,4.78,21427100.999999993,23101320.000000007,276060774.0,312422252.0,-4.82,263,-12.52,303,-37.37,379,-45.03,400,-31.64,-3.7,2026-11-05,False,https://www.tradingview.com/chart/?symbol=NASDAQ:TTD&interval=D,False,False,False,False
PL,Planet Labs PBC,NYSE,Packaged Software,17.5,18.06,19.81,5.04,5.97,10828052.8,11039188.066666666,193185791.0,199327259.0,-2.29,207,-11.79,295,-44.6,397,-40.56,390,-32.32,-1.95,2026-12-14,False,https://www.tradingview.com/chart/?symbol=NYSE:PL&interval=D,False,False,False,False
CHTR,"Charter Communications, Inc.",NASDAQ,Cable/Satellite TV,109.29,135.36,140.26,4.58,5.4,3189000.8,2859951.1333333333,312564059.0,387120125.0,-5.81,287,-25.99,401,-22.31,293,-49.51,403,-32.6,-4.09,2026-10-30,False,https://www.tradingview.com/chart/?symbol=NASDAQ:CHTR&interval=D,False,False,False,False
XE,"X-Energy, Inc.",NASDAQ,Industrial Machinery,14.38,16.53,17.43,6.18,8.12,5218885.1,6605147.033333333,94982014.0,109213904.0,-9.27,361,-21.85,386,-22.31,294,-55.09,409,-33.08,-2.15,2026-12-02,False,https://www.tradingview.com/chart/?symbol=NASDAQ:XE&interval=D,False,False,False,False
FMC,FMC Corporation,NYSE,Chemicals: Agricultural,8.44,10.84,10.75,6.15,6.63,4763990.1,3861575.7666666666,32591699.0,41868492.0,-12.17,388,-29.67,412,-23.27,301,-50.61,404,-34.52,-3.24,2026-10-29,False,https://www.tradingview.com/chart/?symbol=NYSE:FMC&interval=D,False,False,False,False
LCID,"Lucid Group, Inc.",NASDAQ,Motor Vehicles,4.13,4.46,5.4,5.47,7.15,9145549.699999979,11446446.800000016,47273825.0,50993920.0,-1.43,175,-8.83,255,-39.8,385,-55.99,411,-34.87,-3.29,2026-11-10,False,https://www.tradingview.com/chart/?symbol=NASDAQ:LCID&interval=D,False,False,False,False
XENE,Xenon Pharmaceuticals Inc.,NASDAQ,Pharmaceuticals: Major,38.02,51.67,56.43,5.24,6.28,2845367.5,1978929.5666666667,75238902.0,102247992.0,-0.21,150,-37.22,415,-36.98,378,-32.11,371,-35.44,-5.19,2026-11-11,False,https://www.tradingview.com/chart/?symbol=NASDAQ:XENE&interval=D,False,False,False,False
RCAT,"Red Cat Holdings, Inc.",NASDAQ,Packaged Software,6.4,7.74,8.25,5.89,6.71,7890827.3,7849264.333333333,50235292.0,60719292.0,-6.43,300,-20.99,379,-40.88,387,-45.39,401,-35.75,-3.35,2026-11-12,False,https://www.tradingview.com/chart/?symbol=NASDAQ:RCAT&interval=D,False,False,False,False
UTI,Universal Technical Institute Inc,NYSE,Miscellaneous Commercial Services,19.38,20.77,25.38,5.11,6.47,2182702.0,1856106.3666666667,35971341.0,38555660.0,-6.29,296,-7.32,239,-58.77,412,-46.76,402,-37.62,-3.65,2026-11-25,False,https://www.tradingview.com/chart/?symbol=NYSE:UTI&interval=D,False,False,False,False
NKTR,Nektar Therapeutics,NASDAQ,Pharmaceuticals: Major,43.58,66.99,69.48,9.83,9.87,2496073.6999999993,1375047.7666666666,59924582.0,92116971.0,-27.09,418,-39.79,417,-32.98,363,-40.75,391,-37.84,-3.78,2026-11-05,False,https://www.tradingview.com/chart/?symbol=NASDAQ:NKTR&interval=D,False,False,False,False
KRMN,Karman Holdings Inc.,NYSE,Aerospace & Defense,34.14,38.7,45.29,6.76,7.35,3760992.0,3643574.5,124391633.0,140992973.0,-1.78,187,-16.71,343,-39.52,382,-57.35,412,-37.86,-3.35,2026-11-05,False,https://www.tradingview.com/chart/?symbol=NYSE:KRMN&interval=D,False,False,False,False
IONS,"Ionis Pharmaceuticals, Inc.",NASDAQ,Pharmaceuticals: Major,43.54,52.46,53.91,4.82,4.82,3954527.9,3831212.533333333,166810994.0,200989241.0,-1.59,181,-27.73,405,-45.25,399,-40.95,393,-37.98,-3.99,2026-11-04,False,https://www.tradingview.com/chart/?symbol=NASDAQ:IONS&interval=D,False,False,False,False
OPEN,Opendoor Technologies Inc,NASDAQ,Real Estate Development,2.44,2.87,3.19,5.34,6.29,29408833.0,30043524.5,73306200.0,86315046.0,-3.94,245,-20.0,369,-51.15,405,-44.29,399,-38.48,-3.75,2026-11-05,False,https://www.tradingview.com/chart/?symbol=NASDAQ:OPEN&interval=D,False,False,False,False
SOC,Sable Offshore Corp.,NYSE,Integrated Oil,3.51,4.44,4.49,8.71,9.93,8742398.7,8093108.333333333,28406810.0,35952285.0,-9.07,358,-24.03,397,-16.63,252,-77.66,420,-39.44,-2.19,2026-11-12,False,https://www.tradingview.com/chart/?symbol=NYSE:SOC&interval=D,False,False,False,False
FICO,Fair Isaac Corporation,NYSE,Financial Publishing/Services,661.25,963.06,1028.43,6.03,8.92,1418457.6,726051.7666666667,480101731.0,699232140.0,-22.84,415,-39.17,416,-45.83,400,-37.02,387,-40.68,-4.0,2026-11-11,False,https://www.tradingview.com/chart/?symbol=NYSE:FICO&interval=D,False,False,False,False
RARE,Ultragenyx Pharmaceutical Inc.,NASDAQ,Pharmaceuticals: Major,15.22,17.99,21.19,5.48,7.35,5016184.4,5725287.7,87138879.0,102983613.0,2.35,103,-41.37,418,-53.6,408,-27.7,356,-40.89,-3.83,2026-11-04,False,https://www.tradingview.com/chart/?symbol=NASDAQ:RARE&interval=D,False,False,False,False
FLNC,"Fluence Energy, Inc.",NASDAQ,Electrical Products,7.61,9.28,10.83,5.73,8.01,7691428.5,7686153.266666667,58491626.0,71332626.0,0.0,147,-26.72,403,-58.81,413,-38.31,389,-41.28,-3.71,2026-11-30,False,https://www.tradingview.com/chart/?symbol=NASDAQ:FLNC&interval=D,False,False,False,False
BRBR,"BellRing Brands, Inc.",NYSE,Beverages: Non-Alcoholic,7.43,9.31,10.34,5.29,6.3,4237276.0,3344101.8666666667,24846677.0,31134703.0,-3.63,239,-28.35,408,-43.92,394,-52.13,405,-41.47,-4.47,2026-11-23,False,https://www.tradingview.com/chart/?symbol=NYSE:BRBR&interval=D,False,False,False,False
FRVO,Fervo Energy Company,NASDAQ,Alternative Power Generation,14.45,16.06,18.16,7.83,9.76,7952958.5,7518118.833333333,108636817.0,120754772.0,-17.83,409,-21.48,380,-50.1,403,-59.86,414,-43.81,-2.09,2026-12-02,False,https://www.tradingview.com/chart/?symbol=NASDAQ:FRVO&interval=D,False,False,False,False
BW,"Babcock & Wilcox Enterprises, Inc.",NYSE,Electronic Equipment/Instruments,5.7,7.01,7.94,6.8,9.04,5304423.2,4832414.8,27544764.0,33862341.0,-7.01,318,-17.15,346,-55.64,409,-60.03,415,-44.27,-3.12,2026-11-11,False,https://www.tradingview.com/chart/?symbol=NYSE:BW&interval=D,False,False,False,False
CAPR,"Capricor Therapeutics, Inc.",NASDAQ,Pharmaceuticals: Major,8.95,8.87,8.0,7.1,9.68,4422475.7,5578729.166666667,49929626.0,49490766.0,3.95,80,-11.12,283,-61.31,415,-69.23,418,-47.22,1.23,2026-11-17,False,https://www.tradingview.com/chart/?symbol=NASDAQ:CAPR&interval=D,False,False,False,False
BENF,Beneficient,NASDAQ,Investment Managers,1.43,1.57,2.07,29.49,33.14,36413285.6,20397685.266666666,29168690.0,32078284.0,-11.18,380,-28.22,407,-60.39,414,-55.45,410,-48.02,-0.93,2026-11-12,False,https://www.tradingview.com/chart/?symbol=NASDAQ:BENF&interval=D,False,False,False,False
LQDA,Liquidia Corporation,NASDAQ,Pharmaceuticals: Major,28.64,64.66,71.97,22.5,21.77,6057673.1,2839604.033333333,81326260.0,183603591.0,-60.0,425,-57.51,421,-64.18,417,-22.49,337,-48.06,-2.77,2026-11-10,False,https://www.tradingview.com/chart/?symbol=NASDAQ:LQDA&interval=D,False,False,False,False
XNDU,Xanadu Quantum Technologies Limited,NASDAQ,Computer Processing Hardware,4.3,7.99,9.07,9.22,12.03,11133656.5,4876440.2,20968693.0,38953004.0,-15.02,404,-56.65,420,-63.8,416,-42.67,396,-54.37,-4.37,2026-12-02,False,https://www.tradingview.com/chart/?symbol=NASDAQ:XNDU&interval=D,False,False,False,False
ALHC,"Alignment Healthcare, Inc.",NASDAQ,Managed Health Care,7.94,10.99,12.55,9.75,8.67,11984270.5,9722216.8,77194401.0,106813135.0,2.72,96,-41.53,419,-67.15,418,-54.81,407,-54.5,-4.24,2026-10-29,False,https://www.tradingview.com/chart/?symbol=NASDAQ:ALHC&interval=D,False,False,False,False
TNON,"Tenon Medical, Inc.",NASDAQ,Medical/Nursing Services,3.7,4.29,5.15,18.71,27.99,6514284.400000003,11479251.966666667,42473232.0,49276602.0,25.42,2,-18.86,359,-67.57,420,-85.11,423,-57.18,-1.01,2026-11-18,False,https://www.tradingview.com/chart/?symbol=NASDAQ:TNON&interval=D,True,False,False,False
ALMS,Alumis Inc.,NASDAQ,Pharmaceuticals: Major,6.85,11.96,17.71,6.82,13.23,2205516.9,3876380.533333333,26553207.0,46362803.0,-6.55,305,-32.55,414,-74.11,422,-68.81,417,-58.49,-4.63,2026-11-12,False,https://www.tradingview.com/chart/?symbol=NASDAQ:ALMS&interval=D,False,False,False,False
XHLD,"TEN Holdings, Inc.",NASDAQ,Miscellaneous Commercial Services,0.49,8.34,6.37,340.71,341.31,5226693.4,4266502.733333333,2083299.0,35599627.0,-96.16,429,-94.69,427,-76.18,423,-61.85,416,-77.57,-0.27,2026-11-16,False,https://www.tradingview.com/chart/?symbol=NASDAQ:XHLD&interval=D,False,False,False,False
LHSW,Lianhe Sowell International Group Ltd,NASDAQ,Computer Processing Hardware,0.47,1.75,2.14,23.16,77.92,35783296.6,17401511.233333334,8182191.0,30444844.0,-34.03,419,-79.1,422,-72.82,421,-82.72,422,-78.22,-1.0,,False,https://www.tradingview.com/chart/?symbol=NASDAQ:LHSW&interval=D,False,False,False,False
CTVA,"Corteva, Inc.",NYSE,Agricultural Commodities/Milling,11.92,77.98,78.86,18.09,53.62,19825894.3,10064919.533333333,119973841.0,784818811.0,-84.91,428,-86.5,424,-85.74,424,-85.75,424,-85.99,-1.58,2026-11-11,False,https://www.tradingview.com/chart/?symbol=NYSE:CTVA&interval=D,False,False,False,False
WETO,Wetour Robotics Limited,NASDAQ,Other Transportation,1.08,5.72,7.3,25.51,183.41,7724668.5,7032622.3,7595232.0,40219567.0,-37.21,420,-79.74,423,-98.73,428,-97.88,427,-92.12,-0.46,,False,https://www.tradingview.com/chart/?symbol=NASDAQ:WETO&interval=D,False,False,False,False
NIVF,NewGenIvf Group Limited,NASDAQ,Financial Conglomerates,0.13,0.92,1.38,96.22,143.48,130220140.2,43481326.47777779,5609091.0,39982964.0,-75.66,427,-90.51,425,-96.88,426,-99.33,428,-95.57,-0.63,,False,https://www.tradingview.com/chart/?symbol=NASDAQ:NIVF&interval=D,False,False,False,False
RETO,"ReTo Eco-Solutions, Inc.",NASDAQ,Other Metals/Minerals,1.55,15.62,27.24,2224.25,1087.16,5122813.965,3180615.195,4929954.0,49679301.0,-52.28,424,-93.75,426,-96.72,425,-97.55,426,-96.01,-0.09,,False,https://www.tradingview.com/chart/?symbol=NASDAQ:RETO&interval=D,False,False,False,False
NCT,Intercont (Cayman) Limited,NASDAQ,Marine Shipping,1.68,39.27,59.55,89.81,340.13,907474.7,812762.5346666666,1365441.0,31920233.0,-61.02,426,-98.72,429,-97.82,427,-97.47,425,-98.0,-0.29,,False,https://www.tradingview.com/chart/?symbol=NASDAQ:NCT&interval=D,False,False,False,False
CTNT,Cheetah Net Supply Chain Service Inc.,NASDAQ,Engineering & Construction,2.62,104.87,168.25,72.52,492.1,1587301.720295635,1088798.7486480898,2852653.0,114181035.0,-48.55,422,-98.65,428,-99.03,429,-99.99,429,-99.22,-0.2,2026-11-06,False,https://www.tradingview.com/chart/?symbol=NASDAQ:CTNT&interval=D,False,False,False,False
