name,description,exchange,industry,close,SMA10,SMA20,SMA30,SMA50,SMA100,SMA150,SMA200,EMA10,EMA21,high,low,ADRP,ATRP,atr_abs,average_volume_10d_calc,average_volume_30d_calc,dollar_volume_30d,average_dollar_volume_30d,rvol,gap_pct,market_cap_basic,Perf.1M,perf_1m_rank,Perf.3M,perf_3m_rank,Perf.6M,perf_6m_rank,momentum_score,atr_extension_from_50d,sma20_distance_pct,ema21_atr_dist,day_range_atr,lod_atr_pct,bb_width,ma_spread_pct,above_all_mas,ma_aligned,ema_aligned,above_sma200,near_sma20,near_ema,range_tight,adr_tight,bb_tight,plan_tight,wide_day,lod_ok,rvol_ok,rvol_pass,rvol_expand,ma_coiled,earnings_date,earnings_soon,large_gap,hard_rule_passes,hard_rule_fails,tightness_flags,focus_score,tradingview_url,is_top_1m,is_top_3m,is_top_6m
XHLD,"TEN Holdings, Inc.",NASDAQ,Miscellaneous Commercial Services,9.84,10.01,9.35,8.05,5.52,3.48,2.82,2.6,9.74,8.85,10.0,9.61,15.38,14.46,1.42,4243736.6,6052488.5,59556487.0,48725559.0,1.61,-0.21,117858049.28395061,52.32,9,592.96,2,623.53,1,422.94,5.42,5.25,0.77,0.27,16.2,0.456,75.23,False,False,True,True,False,True,True,True,False,True,False,True,True,True,True,False,2026-11-16,False,False,5,>4x 50-MA,"EMA, near21, ADR, RVOL",7,https://www.tradingview.com/chart/?symbol=NASDAQ:XHLD&interval=D,True,True,True
USDE,StablecoinX Inc.,NASDAQ,Packaged Software,10.19,7.44,7.42,5.86,4.24,6.67,8.52,9.74,7.61,6.83,10.56,8.51,13.74,13.99,1.43,5181705.2,7804344.8,79526274.0,45760776.0,3.34,23.74,277036846.3735408,273.26,1,908.91,1,4.51,248,395.56,10.03,37.33,3.52,1.43,117.9,0.575,53.98,True,True,True,True,False,False,False,False,False,False,True,False,True,True,True,False,,False,True,3,"LoD>60% ATR, >4x 50-MA, large gap","EMA, RVOL",5,https://www.tradingview.com/chart/?symbol=NASDAQ:USDE&interval=D,True,True,False
QMCO,Quantum Corporation,NASDAQ,Computer Peripherals,25.09,24.0,23.54,22.58,17.89,14.34,11.47,10.43,23.98,22.87,25.31,24.3,7.1,7.27,1.82,1101054.5,1999752.8666666667,50173799.0,45158419.0,1.84,-0.44,988796917.1022453,7.82,77,61.98,29,386.24,2,152.01,5.54,6.59,1.33,0.55,43.3,0.165,54.07,True,True,True,True,False,True,True,True,False,True,False,True,True,True,True,False,2026-11-13,False,False,5,>4x 50-MA,"EMA, near21, ADR, RVOL",9,https://www.tradingview.com/chart/?symbol=NASDAQ:QMCO&interval=D,False,False,True
ASST,"Strive, Inc.",NASDAQ,Financial Conglomerates,30.09,27.79,25.15,21.15,17.52,16.37,14.42,15.0,27.43,24.6,30.38,29.33,6.41,6.26,1.88,9798115.3,8958958.033333333,269575047.0,189522278.0,1.62,4.46,2873269575.7987976,132.36,2,93.5,11,191.85,12,139.24,11.45,19.65,3.56,0.56,40.3,0.511,44.44,True,True,True,True,False,False,True,True,False,True,False,True,True,True,True,False,2026-11-13,False,True,4,">4x 50-MA, large gap","EMA, ADR, RVOL",8,https://www.tradingview.com/chart/?symbol=NASDAQ:ASST&interval=D,True,True,True
LIFE,Ethos Technologies Inc.,NASDAQ,Packaged Software,36.0,39.13,38.19,36.64,30.3,24.87,20.79,,38.08,36.95,38.0,35.34,7.33,7.44,2.68,1872710.3,1525937.6,54933754.0,55910354.0,1.6,1.35,2295317103.626374,4.74,101,126.42,4,256.79,5,129.32,2.53,-5.73,0.35,0.99,24.6,0.203,50.94,False,False,False,False,False,True,True,False,False,True,False,True,True,True,True,False,2026-12-02,False,False,5,below 200-MA,"near21, RVOL",4,https://www.tradingview.com/chart/?symbol=NASDAQ:LIFE&interval=D,False,True,True
MXL,"MaxLinear, Inc",NASDAQ,Semiconductors,81.12,70.22,66.16,68.68,71.44,80.34,60.55,49.99,70.96,69.31,81.93,75.84,5.43,7.41,6.02,2743872.8,2376498.2333333334,192781537.0,163225820.0,1.95,1.47,7357030868.476332,8.96,69,-6.03,221,373.28,3,125.4,1.83,22.62,2.3,1.01,87.8,0.353,37.41,True,True,True,True,False,False,False,False,False,False,True,False,True,True,True,False,2026-10-28,False,False,5,LoD>60% ATR,"EMA, RVOL",5,https://www.tradingview.com/chart/?symbol=NASDAQ:MXL&interval=D,False,False,True
CDNA,"CareDx, Inc.",NASDAQ,Medical Specialties,53.83,51.82,50.84,49.46,44.88,34.22,28.97,26.63,52.19,50.36,54.46,53.12,4.04,4.02,2.16,1051137.2,1065338.3333333333,57347162.0,52691279.0,1.42,-0.57,2784853129.441231,14.9,47,124.95,5,205.85,10,115.23,4.96,5.89,1.71,0.62,32.8,0.138,46.78,True,True,True,True,False,False,True,True,False,True,False,True,False,False,True,False,2026-11-10,False,False,4,">4x 50-MA, thin RVOL","EMA, ADR, RVOL",8,https://www.tradingview.com/chart/?symbol=NASDAQ:CDNA&interval=D,False,True,True
TEAM,Atlassian Corporation,NASDAQ,Packaged Software,192.02,186.04,183.84,176.19,144.27,116.03,101.36,110.97,187.63,179.12,194.04,188.83,4.19,4.62,8.87,3463045.9,4704554.6,903368574.0,828913509.0,3.06,0.49,48607715955.492966,18.82,41,129.58,3,163.37,16,103.92,7.16,4.45,1.56,0.59,36.0,0.194,44.1,True,True,True,True,False,False,True,True,False,True,False,True,True,True,True,False,2026-10-29,False,False,5,>4x 50-MA,"EMA, ADR, RVOL",8,https://www.tradingview.com/chart/?symbol=NASDAQ:TEAM&interval=D,False,True,True
DELL,Dell Technologies Inc.,NYSE,Computer Processing Hardware,568.06,546.47,503.67,490.55,462.74,401.44,321.84,272.48,544.52,515.45,595.51,568.06,5.83,5.85,33.23,9860913.7,8636945.899999999,4906303488.0,4236894117.0,1.09,0.81,361179810875.90735,21.39,37,32.14,73,247.44,6,100.32,3.89,12.78,1.74,0.83,0.0,0.392,48.23,True,True,True,True,False,False,True,False,False,False,False,True,False,True,False,False,2026-12-01,False,False,6,,EMA,7,https://www.tradingview.com/chart/?symbol=NYSE:DELL&interval=D,False,False,True
BLZE,"Backblaze, Inc.",NASDAQ,Computer Peripherals,13.16,13.12,13.83,15.46,15.09,12.12,9.35,8.19,13.34,13.98,13.78,12.87,5.42,7.48,0.98,1748902.2,2489497.3333333335,32761785.0,38489703.0,1.32,-0.44,814604018.1319797,-21.43,408,57.6,36,261.54,4,99.24,-1.71,-4.82,0.79,0.92,29.4,0.295,52.47,False,False,False,True,False,True,True,False,False,True,False,True,False,False,True,False,2026-11-11,False,False,5,thin RVOL,"near21, RVOL",5,https://www.tradingview.com/chart/?symbol=NASDAQ:BLZE&interval=D,False,False,True
SDGR,"Schrodinger, Inc.",NASDAQ,Packaged Software,29.02,22.43,21.22,20.3,18.44,16.37,14.91,15.36,23.86,21.73,30.22,28.55,5.83,5.47,1.59,2654212.1,1597507.8333333333,46359677.0,32433137.0,2.37,-3.04,2170859271.087963,60.15,7,83.9,15,137.29,27,93.78,10.5,36.79,6.13,1.05,29.6,0.582,25.94,True,True,True,True,False,False,False,False,False,False,True,True,True,True,True,False,2026-11-11,False,True,4,">4x 50-MA, large gap","EMA, RVOL",6,https://www.tradingview.com/chart/?symbol=NASDAQ:SDGR&interval=D,True,True,False
PURR,Hyperliquid Strategies Inc,NASDAQ,Financial Conglomerates,14.09,12.02,11.85,10.37,8.91,8.48,7.4,,12.18,11.34,14.47,13.23,7.69,8.3,1.17,25435090.6,24251616.566666666,341705277.0,251412467.0,2.46,7.72,3352282649.2696805,94.08,4,41.61,58,139.22,26,91.63,7.0,18.93,2.92,1.06,73.5,0.274,32.75,False,True,True,False,False,False,False,False,False,False,True,False,True,True,True,False,2026-12-02,False,True,2,"LoD>60% ATR, >4x 50-MA, below 200-MA, large gap","EMA, RVOL",3,https://www.tradingview.com/chart/?symbol=NASDAQ:PURR&interval=D,True,False,False
GPRO,"GoPro, Inc.",NASDAQ,Electronics/Appliances,1.31,1.39,1.14,0.97,0.87,0.94,0.92,1.05,1.31,1.17,1.34,1.28,19.85,13.0,0.17,63386667.2,64533306.46666667,84538631.0,62534710.0,0.2,0.0,245156983.9253731,119.82,3,57.64,35,92.08,58,89.85,3.94,15.08,0.91,0.35,17.6,1.344,40.26,False,False,True,True,False,True,True,True,False,True,False,True,False,False,False,False,2026-11-05,False,False,5,thin RVOL,"EMA, near21, ADR",7,https://www.tradingview.com/chart/?symbol=NASDAQ:GPRO&interval=D,True,False,False
APPS,"Digital Turbine, Inc.",NASDAQ,Packaged Software,10.66,11.22,10.97,11.5,10.64,9.12,7.26,6.7,11.08,11.09,11.25,10.51,6.5,7.31,0.78,2562144.9,2769947.033333333,29527635.0,31855776.0,1.4,0.0,1290033235.698905,-11.13,271,21.83,102,229.01,7,79.9,0.03,-2.86,0.53,0.95,19.2,0.185,42.44,False,False,False,True,True,True,True,False,False,True,False,True,False,False,True,False,2026-11-11,False,False,5,thin RVOL,"near21, RVOL",6,https://www.tradingview.com/chart/?symbol=NASDAQ:APPS&interval=D,False,False,True
CORT,Corcept Therapeutics Incorporated,NASDAQ,Pharmaceuticals: Major,110.29,112.86,114.91,114.92,108.16,89.13,72.27,68.4,112.77,112.96,117.9,108.41,4.51,4.45,4.91,2562042.0,1399446.7666666666,154344984.0,160823489.0,19.01,1.69,11922172191.283737,-7.61,220,33.17,70,210.68,9,78.75,0.44,-4.02,0.53,1.93,38.2,0.142,42.18,False,False,False,True,False,True,False,False,False,True,True,True,True,True,True,False,2026-11-04,False,False,6,,"near21, RVOL",4,https://www.tradingview.com/chart/?symbol=NASDAQ:CORT&interval=D,False,False,True
AMLX,"Amylyx Pharmaceuticals, Inc.",NASDAQ,Pharmaceuticals: Major,32.41,32.99,34.46,32.02,26.88,21.09,19.1,17.7,33.12,32.4,34.21,32.25,4.9,5.87,1.9,1559034.6,3036191.3,98402960.0,97210749.0,1.36,0.8,4067877664.978786,-10.3,257,111.62,6,129.37,30,76.9,3.5,-5.94,0.0,1.03,8.4,0.238,51.72,False,False,False,True,False,True,False,False,False,True,True,True,False,False,True,False,2026-11-05,False,False,5,thin RVOL,"near21, RVOL",4,https://www.tradingview.com/chart/?symbol=NASDAQ:AMLX&interval=D,False,True,False
GTLB,GitLab Inc.,NASDAQ,Packaged Software,49.23,48.42,46.56,44.88,40.29,33.96,30.39,31.87,48.37,46.36,50.67,49.06,4.55,4.59,2.26,4210687.7,5609872.566666666,276174026.0,251769211.0,1.35,0.8,8202456524.42769,18.83,40,88.48,13,115.26,35,74.19,4.84,5.75,1.35,0.71,7.3,0.252,36.63,True,True,True,True,False,True,True,True,False,True,False,True,False,False,True,False,2026-12-07,False,False,4,">4x 50-MA, thin RVOL","EMA, near21, ADR, RVOL",9,https://www.tradingview.com/chart/?symbol=NASDAQ:GTLB&interval=D,False,True,False
BAND,Bandwidth Inc.,NASDAQ,Packaged Software,50.23,49.34,48.78,49.87,53.18,54.8,42.25,35.27,49.82,49.8,51.18,48.54,8.26,8.32,4.18,978272.6,828538.8666666667,41617507.0,41317162.0,1.4,1.34,1616440889.8693328,-7.15,212,-2.68,203,225.32,8,71.83,-0.67,2.98,0.1,0.63,40.4,0.236,38.88,False,False,True,True,True,True,True,True,False,True,False,True,False,False,True,False,2026-10-29,False,False,5,thin RVOL,"EMA, near21, ADR, RVOL",8,https://www.tradingview.com/chart/?symbol=NASDAQ:BAND&interval=D,False,False,True
OKTA,"Okta, Inc.",NASDAQ,Packaged Software,182.37,178.6,166.46,159.7,152.92,130.24,112.23,106.33,179.22,169.67,190.04,181.36,4.89,5.12,9.34,3937311.9,3910724.3,713198791.0,624530287.0,1.55,-0.12,31882061851.288445,25.99,25,61.94,30,126.94,31,71.62,3.76,9.56,1.46,0.93,10.8,0.449,39.63,True,True,True,True,False,True,True,False,False,True,False,True,True,True,True,False,2026-12-08,False,False,6,,"EMA, near21, RVOL",8,https://www.tradingview.com/chart/?symbol=NASDAQ:OKTA&interval=D,False,False,False
ETON,"Eton Pharmaceuticals, Inc.",NASDAQ,Pharmaceuticals: Major,55.5,57.31,59.59,57.0,51.39,41.59,34.86,30.11,57.22,57.01,57.5,55.41,4.58,5.2,2.89,430819.5,607909.0,33738950.0,34649091.0,2.19,-0.18,1586364017.3471177,-12.67,291,66.62,25,159.35,18,71.1,1.54,-6.86,0.51,0.72,3.1,0.182,53.11,False,False,False,True,False,True,True,False,False,True,False,True,True,True,True,False,2026-11-05,False,False,6,,"near21, RVOL",5,https://www.tradingview.com/chart/?symbol=NASDAQ:ETON&interval=D,False,False,True
RNG,"RingCentral, Inc.",NYSE,Packaged Software,71.86,71.61,70.46,68.52,60.56,50.77,46.3,41.81,71.88,69.6,75.05,71.65,4.28,4.43,3.18,1459325.4,1497256.6666666667,107592864.0,102592027.0,2.09,0.36,6000752823.075956,11.72,59,103.8,8,93.33,54,69.62,4.21,1.99,0.73,1.07,6.6,0.162,41.47,True,True,False,True,True,True,False,False,False,True,True,True,True,True,True,False,2026-11-09,False,False,5,>4x 50-MA,"near21, RVOL",7,https://www.tradingview.com/chart/?symbol=NYSE:RNG&interval=D,False,True,False
CVI,CVR Energy Inc.,NYSE,Oil Refining/Marketing,53.69,49.83,45.32,41.85,38.64,35.12,33.08,31.35,50.04,46.03,54.64,53.04,4.82,4.59,2.46,1321792.1,1058967.3,56855954.0,44322370.0,1.53,-0.07,5397487933.833764,46.33,12,95.81,10,65.97,87,69.37,8.49,18.46,3.63,0.65,26.4,0.46,34.42,True,True,True,True,False,False,True,True,False,True,False,True,True,True,True,False,2026-11-02,False,False,5,>4x 50-MA,"EMA, ADR, RVOL",8,https://www.tradingview.com/chart/?symbol=NYSE:CVI&interval=D,True,True,False
HPE,Hewlett Packard Enterprise Company,NYSE,Computer Processing Hardware,60.76,57.4,55.23,55.45,52.47,46.6,38.88,34.92,57.63,55.96,61.78,59.64,5.82,5.97,3.63,27692542.5,22948578.00000002,1394355599.0,1272559846.0,0.8,1.08,80656757699.35321,9.1,66,23.56,97,170.89,14,67.85,2.65,10.01,1.44,0.59,30.7,0.23,37.0,True,True,True,True,False,True,True,True,False,True,False,True,False,True,False,False,2026-12-03,False,False,6,,"EMA, near21, ADR",9,https://www.tradingview.com/chart/?symbol=NYSE:HPE&interval=D,False,False,True
NTSK,"Netskope, Inc.",NASDAQ,Packaged Software,17.49,15.9,15.13,15.18,14.24,12.45,11.61,12.93,16.3,15.5,17.62,16.88,6.18,5.91,1.03,8338319.2,6224399.733333333,108864751.0,94457341.0,2.11,1.51,7146198905.520625,14.16,50,98.98,9,87.26,64,66.8,3.87,15.58,2.17,0.72,59.1,0.353,24.54,True,True,True,True,False,False,True,True,False,True,False,True,True,True,True,False,2026-12-11,False,False,6,,"EMA, ADR, RVOL",8,https://www.tradingview.com/chart/?symbol=NASDAQ:NTSK&interval=D,False,True,False
SMTC,Semtech Corporation,NASDAQ,Semiconductors,185.0,162.95,147.55,143.55,136.84,140.56,122.92,111.77,162.98,152.57,185.46,179.1,5.25,6.31,11.68,3663820.4,3311611.2333333334,612648078.0,475371306.0,1.87,2.32,17265240410.348507,36.55,16,18.52,114,136.57,28,63.88,5.58,25.38,3.37,0.54,50.5,0.491,27.66,True,True,True,True,False,False,True,True,False,True,False,True,True,True,True,False,2026-12-02,False,True,4,">4x 50-MA, large gap","EMA, ADR, RVOL",8,https://www.tradingview.com/chart/?symbol=NASDAQ:SMTC&interval=D,True,False,False
DK,"Delek US Holdings, Inc.",NYSE,Oil Refining/Marketing,78.12,76.52,73.86,70.91,67.81,57.22,51.78,46.69,76.79,73.83,82.27,77.32,5.41,5.36,4.19,3074321.3,2098678.3333333335,163948751.0,148814482.0,5.48,0.33,4783457605.596568,15.44,44,87.34,14,75.71,75,59.5,2.84,5.76,1.08,1.18,19.1,0.192,38.19,True,True,True,True,False,True,False,False,False,True,True,True,True,True,True,False,2026-11-11,False,False,6,,"EMA, near21, RVOL",7,https://www.tradingview.com/chart/?symbol=NYSE:DK&interval=D,False,True,False
PENG,"Penguin Solutions, Inc.",NASDAQ,Semiconductors,53.3,50.21,50.12,52.75,55.37,55.61,44.03,38.02,50.42,51.22,53.5,51.69,4.24,6.47,3.45,1311632.0,1495641.6666666667,79717701.0,78888617.0,1.86,1.27,2731235799.4443393,-8.4,232,-15.98,274,201.81,11,59.14,-0.58,6.34,0.63,0.53,46.7,0.158,33.01,False,False,False,True,False,True,True,False,False,True,False,True,True,True,True,False,2026-10-06,False,False,6,,"near21, RVOL",5,https://www.tradingview.com/chart/?symbol=NASDAQ:PENG&interval=D,False,False,True
FIVN,"Five9, Inc.",NASDAQ,Packaged Software,32.47,32.16,32.82,32.82,30.15,26.01,22.73,21.85,32.75,32.36,34.75,32.14,5.22,5.56,1.8,2204666.6,2120097.3,68839559.0,69591841.0,2.37,-0.17,2426273136.7449274,0.43,146,68.94,22,108.01,43,59.13,1.38,-1.05,0.06,1.45,18.3,0.168,33.78,False,False,False,True,True,True,False,False,False,True,True,True,True,True,True,False,2026-11-09,False,False,6,,"near21, RVOL",5,https://www.tradingview.com/chart/?symbol=NASDAQ:FIVN&interval=D,False,True,False
AMC,"AMC Entertainment Holdings, Inc.",NYSE,Movies/Entertainment,2.7,2.56,2.59,2.56,2.48,2.15,1.85,1.81,2.6,2.57,2.77,2.65,5.27,5.89,0.16,29642716.900000036,21481323.933333334,57999575.0,54891943.0,2.65,1.48,2410032492.7306275,12.97,53,1.89,178,162.14,17,59.0,1.47,4.29,0.86,0.74,31.4,0.14,28.93,True,True,True,True,False,True,True,False,False,True,False,True,True,True,True,False,2026-11-11,False,False,6,,"EMA, near21, RVOL",8,https://www.tradingview.com/chart/?symbol=NYSE:AMC&interval=D,False,False,True
PBF,PBF Energy Inc.,NYSE,Oil Refining/Marketing,77.19,75.84,73.82,72.8,68.89,55.75,51.11,46.11,75.57,73.83,78.48,75.81,5.32,5.54,4.28,4519545.5,3318191.7666666666,256131222.0,241562148.0,2.35,-0.75,9149859555.540436,3.1,113,108.45,7,63.92,90,58.49,2.17,4.57,0.82,0.62,32.2,0.178,38.52,True,True,True,True,False,True,True,True,False,True,False,True,True,True,True,False,2026-10-29,False,False,6,,"EMA, near21, ADR, RVOL",9,https://www.tradingview.com/chart/?symbol=NYSE:PBF&interval=D,False,True,False
CRWD,"CrowdStrike Holdings, Inc.",NASDAQ,Packaged Software,237.65,224.91,215.86,215.39,207.08,184.42,157.18,146.97,229.27,220.47,247.5,234.9,5.1,5.41,12.85,12242408.3,10896108.2,2589460114.0,2346890953.0,1.68,0.52,243338105632.04276,11.37,60,38.42,63,124.37,33,58.05,2.73,10.1,1.44,0.98,21.4,0.34,32.8,True,True,True,True,False,True,True,False,False,True,False,True,True,True,True,False,2026-12-01,False,False,6,,"EMA, near21, RVOL",8,https://www.tradingview.com/chart/?symbol=NASDAQ:CRWD&interval=D,False,False,False
RBRK,"Rubrik, Inc.",NYSE,Information Technology Services,106.71,97.3,96.03,96.95,89.3,79.6,70.3,70.24,99.98,96.63,109.0,103.13,5.04,5.68,6.06,3427301.2,3831333.966666667,408841648.0,371450382.0,1.55,0.67,22121456284.530464,5.33,95,54.23,41,109.69,42,56.42,3.44,11.12,1.84,0.97,59.1,0.286,25.35,True,True,True,True,False,False,True,False,False,False,False,True,True,True,True,False,2026-12-03,False,False,6,,"EMA, RVOL",7,https://www.tradingview.com/chart/?symbol=NYSE:RBRK&interval=D,False,False,False
U,Unity Software Inc.,NYSE,Packaged Software,41.4,42.48,43.0,43.74,38.94,33.43,29.27,32.15,42.38,42.27,42.19,40.79,4.07,4.16,1.72,8003947.9,9876657.333333334,408893614.0,432041206.0,1.87,0.36,18219681694.875717,-11.12,270,56.82,37,118.01,34,54.57,1.52,-3.71,0.5,0.81,35.4,0.149,33.15,False,False,False,True,False,True,True,False,False,True,False,True,True,True,True,False,2026-11-11,False,False,6,,"near21, RVOL",5,https://www.tradingview.com/chart/?symbol=NYSE:U&interval=D,False,False,False
AYA,Aya Gold & Silver Inc.,NASDAQ,Precious Metals,28.46,28.2,28.02,27.67,24.76,21.8,20.14,19.07,27.99,27.54,29.37,27.89,5.07,6.07,1.73,1485029.8,1237746.1333333333,35226255.0,34248023.0,3.23,1.42,4099269782.4911933,8.17,74,42.02,56,113.34,40,54.51,2.46,1.57,0.55,0.85,32.8,0.153,32.09,True,True,True,True,True,True,True,False,False,True,False,True,True,True,True,False,2026-11-17,False,False,6,,"EMA, near21, RVOL",9,https://www.tradingview.com/chart/?symbol=NASDAQ:AYA&interval=D,False,False,False
XMTR,"Xometry, Inc.",NASDAQ,Information Technology Services,97.18,89.97,90.16,90.19,90.88,87.22,72.93,70.23,91.42,90.56,98.68,95.1,4.22,4.75,4.62,800027.0,585610.2666666667,56909606.0,52813457.0,2.49,2.52,5570705025.13101,12.24,56,6.77,159,143.99,23,54.33,1.46,7.78,1.54,0.77,45.0,0.186,21.25,True,True,True,True,False,False,True,False,False,False,False,True,True,True,True,False,2026-11-05,False,True,5,large gap,"EMA, RVOL",7,https://www.tradingview.com/chart/?symbol=NASDAQ:XMTR&interval=D,False,False,True
HNGE,"Hinge Health, Inc.",NYSE,Packaged Software,94.9,92.37,91.4,90.34,86.63,74.88,63.85,58.85,92.73,90.99,96.26,92.6,4.43,4.54,4.31,2138565.8,1919394.9666666666,182150582.0,173400700.0,2.73,0.71,7657900489.660051,6.21,86,40.72,60,114.17,38,53.7,2.1,3.83,0.95,0.85,53.4,0.097,35.32,True,True,True,True,False,True,True,False,True,True,False,True,True,True,True,False,2026-11-03,False,False,6,,"EMA, near21, BB, RVOL",9,https://www.tradingview.com/chart/?symbol=NYSE:HNGE&interval=D,False,False,False
OSCR,"Oscar Health, Inc.",NYSE,Managed Health Care,32.13,32.51,31.7,31.25,30.73,27.9,23.19,21.25,32.21,31.77,33.18,31.28,5.53,5.83,1.87,5562272.9,5434569.066666666,174612704.0,169804922.0,1.85,0.81,8786558655.531895,4.08,106,12.46,138,142.49,25,53.01,0.78,1.36,0.19,1.01,45.4,0.137,35.05,False,False,False,True,True,True,False,False,False,True,True,True,True,True,True,False,2026-11-10,False,False,6,,"near21, RVOL",5,https://www.tradingview.com/chart/?symbol=NYSE:OSCR&interval=D,False,False,False
HTFL,"Heartflow, Inc.",NASDAQ,Packaged Software,50.75,48.52,49.02,45.02,37.31,33.75,31.04,30.76,48.9,46.77,52.22,49.28,5.02,4.9,2.49,2447394.4,2379249.1666666665,120746895.0,107108246.0,3.42,1.17,4412896621.040952,10.28,62,51.63,44,95.87,52,52.59,7.35,3.53,1.74,1.18,59.1,0.108,35.98,True,True,True,True,False,False,False,False,False,False,True,True,True,True,True,False,2026-11-18,False,False,5,>4x 50-MA,"EMA, RVOL",6,https://www.tradingview.com/chart/?symbol=NASDAQ:HTFL&interval=D,False,False,False
INSP,"Inspire Medical Systems, Inc.",NYSE,Medical Specialties,76.78,70.4,66.13,63.76,59.27,52.02,53.74,64.56,71.1,67.05,78.8,71.43,4.72,4.49,3.44,1032726.4,660761.4666666667,50733265.0,42131032.0,2.47,-0.62,2219738572.9725046,32.84,18,83.2,16,40.39,137,52.14,6.59,16.1,3.24,2.14,155.3,0.332,23.94,True,True,True,True,False,False,False,False,False,False,True,False,True,True,True,False,2026-11-09,False,False,4,"LoD>60% ATR, >4x 50-MA","EMA, RVOL",5,https://www.tradingview.com/chart/?symbol=NYSE:INSP&interval=D,True,True,False
MRVL,"Marvell Technology, Inc.",NASDAQ,Semiconductors,244.25,230.23,227.48,226.3,215.95,222.88,183.04,158.42,231.05,227.27,244.44,235.96,4.02,5.94,14.51,19166869.0,22649842.133333333,5532223941.0,5125659275.0,1.24,0.54,214182826076.38,1.72,135,-20.04,306,174.75,13,52.14,2.21,7.37,1.26,0.58,57.1,0.213,29.4,True,True,True,True,False,True,True,False,False,True,False,True,False,True,True,False,2026-11-26,False,False,6,,"EMA, near21, RVOL",8,https://www.tradingview.com/chart/?symbol=NASDAQ:MRVL&interval=D,False,False,True
TEM,"Tempus AI, Inc.",NASDAQ,Packaged Software,77.84,66.72,66.49,62.75,57.06,54.14,53.09,56.15,69.25,65.35,81.83,75.99,5.84,6.35,4.94,7233292.4,7627568.033333333,593729896.0,478652777.0,1.37,1.29,14045042210.857143,39.05,15,56.15,40,60.83,99,52.01,5.73,17.06,3.01,1.18,37.4,0.339,17.51,True,True,True,True,False,False,False,False,False,False,True,True,False,True,True,False,2026-11-10,False,False,5,>4x 50-MA,"EMA, RVOL",6,https://www.tradingview.com/chart/?symbol=NASDAQ:TEM&interval=D,True,False,False
ORKA,"Oruka Therapeutics, Inc.",NASDAQ,Pharmaceuticals: Major,94.96,93.67,95.17,99.3,96.29,83.08,71.01,61.11,94.51,95.46,98.29,94.52,5.04,5.22,4.96,860917.1,824934.5666666667,78335786.0,81912703.0,2.63,0.46,6287272749.572086,-17.79,377,29.73,82,144.05,22,51.99,-0.26,-0.22,0.1,0.76,8.9,0.189,37.04,False,False,False,True,True,True,True,False,False,True,False,True,True,True,True,False,2026-11-18,False,False,6,,"near21, RVOL",6,https://www.tradingview.com/chart/?symbol=NASDAQ:ORKA&interval=D,False,False,True
VRNS,"Varonis Systems, Inc.",NASDAQ,Packaged Software,47.56,46.53,44.9,44.29,44.41,38.86,33.7,33.24,46.55,45.47,48.07,46.48,4.17,4.21,2.0,2071336.8999999978,1712447.133333334,81443986.0,75847708.0,1.28,0.54,5462764645.859025,9.01,68,43.82,51,100.57,47,51.13,1.69,5.93,1.09,0.79,54.0,0.207,27.96,True,True,True,True,False,True,True,False,False,True,False,True,False,False,True,False,2026-11-02,False,False,5,thin RVOL,"EMA, near21, RVOL",8,https://www.tradingview.com/chart/?symbol=NASDAQ:VRNS&interval=D,False,False,False
HPQ,HP Inc.,NYSE,Information Technology Services,34.4,33.4,31.89,31.2,29.14,26.16,23.78,23.31,33.37,32.13,35.15,33.76,4.73,4.73,1.63,18242216.699999996,16210227.900000103,557631840.0,505829355.0,2.21,0.23,31021610800.969418,15.24,46,49.57,48,86.65,65,50.49,3.82,7.88,1.49,0.85,39.4,0.238,29.35,True,True,True,True,False,True,True,False,False,True,False,True,True,True,True,False,2026-12-01,False,False,6,,"EMA, near21, RVOL",8,https://www.tradingview.com/chart/?symbol=NYSE:HPQ&interval=D,False,False,False
DFTX,"Definium Therapeutics, Inc.",NASDAQ,Pharmaceuticals: Major,38.81,38.33,40.0,41.47,42.44,35.3,29.96,26.13,38.74,39.82,39.04,38.1,5.0,5.81,2.26,2589168.9999999986,2340570.4999999977,90837541.0,97071261.0,1.33,-0.03,5214781704.756982,-17.43,372,56.49,39,107.98,44,49.02,-1.47,-2.98,0.44,0.42,31.5,0.255,42.02,False,False,False,True,True,True,True,True,False,True,False,True,False,False,True,False,2026-11-05,False,False,5,thin RVOL,"near21, ADR, RVOL",7,https://www.tradingview.com/chart/?symbol=NASDAQ:DFTX&interval=D,False,False,False
GH,"Guardant Health, Inc.",NASDAQ,Medical Specialties,179.38,168.25,166.49,165.51,161.07,141.95,124.92,120.28,171.39,167.29,183.5,175.62,4.73,4.58,8.22,1811790.9,1954455.0333333334,350590144.0,323485761.0,1.9,-0.05,24072109237.155106,8.38,72,35.4,68,102.14,46,48.64,2.48,7.75,1.58,0.96,45.8,0.169,26.74,True,True,True,True,False,False,True,False,False,False,False,True,True,True,True,False,2026-10-29,False,False,6,,"EMA, RVOL",7,https://www.tradingview.com/chart/?symbol=NASDAQ:GH&interval=D,False,False,False
ZETA,Zeta Global Holdings Corp.,NYSE,Packaged Software,30.23,30.68,30.34,29.7,26.62,23.1,21.04,20.68,30.56,29.9,30.84,29.46,4.59,4.66,1.41,4941244.6,6892121.133333334,208348822.0,204721269.0,1.45,1.25,7588141151.889365,7.05,83,62.61,28,75.76,74,48.47,2.91,-0.37,0.24,0.98,54.6,0.149,33.08,False,False,False,True,True,True,True,False,False,True,False,True,False,False,True,False,2026-11-10,False,False,5,thin RVOL,"near21, RVOL",6,https://www.tradingview.com/chart/?symbol=NYSE:ZETA&interval=D,False,False,False
WGS,GeneDx Holdings Corp.,NASDAQ,Medical/Nursing Services,101.1,91.54,89.23,85.9,77.32,66.12,68.61,82.13,93.91,88.89,105.0,99.7,4.87,5.1,5.16,602441.3000000013,561677.3999999993,56785585.0,48246497.0,1.37,-0.34,3015058735.2377324,29.1,22,76.13,19,39.01,140,48.08,6.03,13.3,2.69,1.03,27.1,0.254,25.14,True,True,True,True,False,False,False,False,False,False,True,True,False,False,True,False,2026-11-03,False,False,4,">4x 50-MA, thin RVOL","EMA, RVOL",6,https://www.tradingview.com/chart/?symbol=NASDAQ:WGS&interval=D,True,True,False
OMER,Omeros Corporation,NASDAQ,Pharmaceuticals: Major,17.87,18.26,18.6,17.75,15.02,13.25,12.73,12.55,18.09,17.78,18.69,17.68,4.49,5.04,0.9,1585973.0,2171112.7666666666,38797785.0,38527843.0,1.45,1.3,1293579211.5691059,4.32,104,77.11,18,61.43,95,47.62,3.77,-3.95,0.1,1.13,21.6,0.144,33.89,False,False,False,True,False,True,False,False,False,True,True,True,False,False,True,False,2026-11-11,False,False,5,thin RVOL,"near21, RVOL",4,https://www.tradingview.com/chart/?symbol=NASDAQ:OMER&interval=D,False,True,False
SBET,"Sharplink, Inc.",NASDAQ,Advertising/Marketing Services,9.35,8.64,8.51,7.84,7.14,6.59,6.77,7.45,8.59,8.25,9.36,8.58,5.92,6.57,0.61,8920995.3,9069000.76666669,84795157.0,71125150.0,1.87,4.6,2031040738.1053267,47.24,11,73.47,21,21.74,186,47.49,4.72,9.86,2.02,1.28,125.3,0.182,21.92,True,True,True,True,False,False,False,False,False,False,True,False,True,True,True,False,2026-11-12,False,True,3,"LoD>60% ATR, >4x 50-MA, large gap","EMA, RVOL",5,https://www.tradingview.com/chart/?symbol=NASDAQ:SBET&interval=D,True,True,False
FCEL,"FuelCell Energy, Inc.",NASDAQ,Electronic Equipment/Instruments,18.11,16.26,16.99,18.21,19.24,19.84,15.78,13.88,16.64,17.27,18.38,17.17,7.05,9.74,1.76,6891235.299999997,7816983.199999995,141565566.0,142342053.0,1.16,0.51,1447970362.5957086,-15.67,345,-12.43,255,170.3,15,47.4,-0.6,6.62,0.5,0.69,53.3,0.392,32.94,False,False,False,True,False,True,True,False,False,True,False,True,False,False,False,False,2026-12-17,False,False,5,thin RVOL,near21,5,https://www.tradingview.com/chart/?symbol=NASDAQ:FCEL&interval=D,False,False,True
MGNI,"Magnite, Inc.",NASDAQ,Packaged Software,25.15,24.08,23.91,24.03,22.33,19.0,16.86,16.4,24.3,23.87,26.35,25.02,4.13,4.23,1.06,2307121.4,2514744.6666666646,63245828.0,60431829.0,1.6,1.89,3607117601.6269994,2.44,124,38.57,62,100.4,48,47.14,2.98,5.2,1.27,1.25,12.2,0.109,30.56,True,True,True,True,False,True,False,False,False,True,True,True,True,True,True,False,2026-11-11,False,False,6,,"EMA, near21, RVOL",7,https://www.tradingview.com/chart/?symbol=NASDAQ:MGNI&interval=D,False,False,False
ANF,Abercrombie & Fitch Company,NYSE,Apparel/Footwear Retail,135.76,143.14,138.37,128.83,116.86,99.46,96.99,99.83,139.56,135.02,138.2,133.9,4.22,4.82,6.55,1492815.9,2036522.2666666666,276478263.0,262357018.0,1.09,-1.25,5760891624.701877,30.18,21,58.6,33,52.18,114,46.98,3.35,-1.89,0.11,0.66,28.4,0.371,33.99,False,False,False,True,True,True,True,False,False,True,False,True,False,False,False,False,2026-11-24,False,False,5,thin RVOL,near21,6,https://www.tradingview.com/chart/?symbol=NYSE:ANF&interval=D,True,False,False
PANW,"Palo Alto Networks, Inc.",NASDAQ,Packaged Software,363.58,353.78,354.24,361.47,352.78,308.49,259.67,240.58,360.71,357.13,376.01,356.0,4.79,5.24,19.05,6937426.6999999825,6394690.033333328,2324981402.0,2311480080.0,2.21,0.0,297408438064.125,-3.11,175,27.3,89,114.89,36,46.36,0.58,2.64,0.34,1.05,39.8,0.215,31.26,True,True,True,True,True,True,False,False,False,True,True,True,True,True,True,False,2026-11-12,False,False,6,,"EMA, near21, RVOL",8,https://www.tradingview.com/chart/?symbol=NASDAQ:PANW&interval=D,False,False,False
SNOW,Snowflake Inc.,NYSE,Packaged Software,332.43,332.0,328.93,329.28,310.38,259.06,226.38,222.71,331.37,327.68,340.31,330.14,4.37,4.81,15.98,4712883.5,4982178.433333334,1656225577.0,1640510125.0,0.67,0.07,117281305018.73552,2.24,127,42.83,53,91.45,60,45.5,1.48,1.06,0.3,0.64,14.3,0.123,32.88,True,True,True,True,True,True,True,True,False,True,False,True,False,True,False,False,2026-12-02,False,False,6,,"EMA, near21, ADR",10,https://www.tradingview.com/chart/?symbol=NYSE:SNOW&interval=D,False,False,False
CHYM,"Chime Financial, Inc.",NASDAQ,Packaged Software,30.33,32.62,32.81,32.41,28.56,23.69,22.76,23.36,32.12,31.93,30.9,30.04,4.72,5.0,1.52,9637823.5,8721594.066666666,264525948.0,282623256.0,2.42,-0.26,11482485688.078125,-5.22,194,81.62,17,58.63,103,45.01,1.24,-7.57,1.0,0.57,19.1,0.129,33.15,False,False,False,True,False,True,True,True,False,True,False,True,True,True,True,False,2026-11-11,False,False,6,,"near21, ADR, RVOL",6,https://www.tradingview.com/chart/?symbol=NASDAQ:CHYM&interval=D,False,True,False
SLS,"SELLAS Life Sciences Group, Inc.",NASDAQ,Pharmaceuticals: Major,11.49,12.45,13.25,12.98,12.5,10.5,8.61,7.29,12.2,12.61,11.78,11.06,7.91,9.13,1.05,7589997.0,7346916.466666667,84416070.0,95339711.0,2.17,0.61,2320356144.8196015,-14.64,323,42.73,54,105.18,45,44.43,-0.88,-13.27,0.97,0.69,41.0,0.376,51.87,False,False,False,True,False,True,True,False,False,True,False,True,True,True,True,False,2026-11-18,False,False,6,,"near21, RVOL",5,https://www.tradingview.com/chart/?symbol=NASDAQ:SLS&interval=D,False,False,False
MRX,Marex Group Limited,NASDAQ,Internet Software/Services,74.39,73.7,73.01,71.3,68.49,63.38,56.64,52.27,72.96,72.19,75.29,73.28,4.4,4.4,3.28,849493.8,762349.0666666667,56711147.0,54359046.0,0.73,0.01,5350937178.778764,2.9,117,19.98,108,110.02,41,44.3,1.96,1.89,0.69,0.61,33.9,0.124,28.82,True,True,True,True,True,True,True,True,False,True,False,True,False,False,False,False,2026-11-05,False,False,5,thin RVOL,"EMA, near21, ADR",10,https://www.tradingview.com/chart/?symbol=NASDAQ:MRX&interval=D,False,False,False
QLYS,"Qualys, Inc.",NASDAQ,Packaged Software,174.96,171.84,175.77,179.41,168.23,139.1,123.18,126.09,174.96,174.45,179.7,172.23,5.69,5.65,9.89,900228.6,714531.5,125014431.0,128192667.0,1.92,0.2,6052741476.076818,-6.95,211,56.56,38,82.46,69,44.02,0.71,-0.46,0.05,0.76,27.6,0.201,30.06,False,False,False,True,True,True,True,False,False,True,False,True,True,True,True,False,2026-11-04,False,False,6,,"near21, RVOL",6,https://www.tradingview.com/chart/?symbol=NASDAQ:QLYS&interval=D,False,False,False
TWLO,Twilio Inc.,NYSE,Packaged Software,243.84,234.75,232.92,234.75,220.44,208.61,181.17,168.23,237.36,233.02,249.45,238.5,4.02,4.47,10.89,1889117.0,2240961.033333333,546435938.0,526064856.0,2.47,0.97,37447783901.785576,5.05,99,31.61,75,94.53,53,43.73,2.38,4.69,1.04,1.0,49.0,0.122,27.28,True,True,True,True,False,True,False,False,False,True,True,True,True,True,True,False,2026-10-29,False,False,6,,"EMA, near21, RVOL",7,https://www.tradingview.com/chart/?symbol=NYSE:TWLO&interval=D,False,False,False
AMBQ,"Ambiq Micro, Inc.",NYSE,Semiconductors,65.46,61.32,59.67,61.08,65.22,68.66,55.54,49.31,61.5,61.37,66.0,62.92,4.64,5.89,3.85,682378.0,521755.6,34154122.0,31870049.0,6.44,2.42,1583119686.034643,1.66,136,-22.46,321,151.77,19,43.66,0.06,9.7,1.13,0.8,65.9,0.169,29.56,False,True,True,True,False,True,True,False,False,True,False,False,True,True,True,False,2026-11-05,False,True,4,"LoD>60% ATR, large gap","EMA, near21, RVOL",6,https://www.tradingview.com/chart/?symbol=NYSE:AMBQ&interval=D,False,False,True
FROG,JFrog Ltd.,NASDAQ,Packaged Software,92.81,90.47,92.31,91.82,88.76,82.08,69.35,67.05,92.04,91.42,95.12,90.89,5.69,5.89,5.47,1661227.5,2052843.7333333334,190524427.0,188485269.0,1.13,1.07,11443595482.931154,1.75,134,14.76,131,113.9,39,43.47,0.77,0.54,0.26,0.77,35.1,0.19,27.21,True,True,True,True,True,True,True,False,False,True,False,True,False,True,False,False,2026-11-04,False,False,6,,"EMA, near21",9,https://www.tradingview.com/chart/?symbol=NASDAQ:FROG&interval=D,False,False,False
PI,"Impinj, Inc.",NASDAQ,Semiconductors,181.23,174.37,171.33,171.86,160.92,150.13,136.31,142.84,175.59,171.98,183.34,180.36,4.45,4.72,8.55,409256.7,390463.8,70763754.0,67105499.0,1.48,1.42,5537376108.177266,6.17,87,41.77,57,82.34,70,43.43,2.67,5.78,1.14,0.35,10.2,0.135,21.0,True,True,True,True,False,True,True,True,False,True,False,True,False,False,True,False,2026-10-28,False,False,5,thin RVOL,"EMA, near21, ADR, RVOL",9,https://www.tradingview.com/chart/?symbol=NASDAQ:PI&interval=D,False,False,False
DOCU,"DocuSign, Inc.",NASDAQ,Packaged Software,69.07,68.11,65.78,64.11,59.61,53.34,51.02,53.7,68.32,65.88,71.15,69.0,4.09,4.13,2.85,4087319.3,3466388.0,239423419.0,222230135.0,1.81,0.5,12909352149.144676,15.27,45,64.3,26,46.89,122,42.15,3.84,5.0,1.17,0.75,2.5,0.202,24.75,True,True,True,True,False,True,True,False,False,True,False,True,True,True,True,False,2026-12-03,False,False,6,,"EMA, near21, RVOL",8,https://www.tradingview.com/chart/?symbol=NASDAQ:DOCU&interval=D,False,False,False
SNDK,Sandisk Corporation,NASDAQ,Computer Peripherals,1791.82,1657.72,1591.42,1554.84,1504.2,1587.09,1299.61,1068.24,1631.16,1596.76,1797.0,1616.0,5.13,6.51,116.57,10541794.7,12285852.933333334,22014037003.0,19102537623.0,1.83,0.67,262356506333.9463,6.5,85,-12.37,254,131.89,29,42.01,2.94,12.59,1.88,1.55,150.8,0.249,32.9,True,True,True,True,False,False,False,False,False,False,True,False,True,True,True,False,2026-11-05,False,False,5,LoD>60% ATR,"EMA, RVOL",5,https://www.tradingview.com/chart/?symbol=NASDAQ:SNDK&interval=D,False,False,False
BMNR,"BitMine Immersion Technologies, Inc.",NYSE,Financial Conglomerates,25.99,24.52,24.48,22.59,20.28,19.13,19.7,22.08,24.43,23.58,26.37,24.76,6.01,6.73,1.75,44066142.9,43024112.93333333,1118196695.0,971843004.0,1.46,3.93,15677853200.403517,40.26,14,62.84,27,22.88,179,42.0,4.18,6.18,1.52,0.92,70.3,0.169,20.73,True,True,True,True,False,False,True,False,False,False,False,False,False,True,True,False,2026-11-20,False,True,3,"LoD>60% ATR, >4x 50-MA, large gap","EMA, RVOL",6,https://www.tradingview.com/chart/?symbol=NYSE:BMNR&interval=D,True,False,False
APPN,Appian Corporation,NASDAQ,Packaged Software,37.52,36.54,38.44,37.6,33.07,27.8,26.58,28.17,37.43,37.02,37.97,36.8,5.24,5.51,2.07,1068957.3,884715.6,33194529.0,33264127.0,1.4,-0.6,2687493698.842299,2.99,115,75.08,20,47.31,121,41.79,2.44,-2.4,0.24,0.56,34.8,0.262,31.61,False,False,True,True,True,True,True,True,False,True,False,True,False,False,True,False,2026-10-29,False,False,5,thin RVOL,"EMA, near21, ADR, RVOL",8,https://www.tradingview.com/chart/?symbol=NASDAQ:APPN&interval=D,False,True,False
PGY,Pagaya Technologies Ltd.,NASDAQ,Packaged Software,20.42,21.21,21.65,21.41,20.13,17.57,15.75,17.22,21.09,21.16,20.69,20.22,5.36,5.98,1.22,2236777.2999999956,2194841.333333334,44818660.0,47001064.0,0.94,-0.29,1703555711.9941635,0.74,140,32.86,71,89.07,62,40.89,0.24,-5.69,0.58,0.38,16.4,0.163,28.91,False,False,False,True,False,True,True,True,False,True,False,True,False,False,False,False,2026-11-17,False,False,5,thin RVOL,"near21, ADR",6,https://www.tradingview.com/chart/?symbol=NASDAQ:PGY&interval=D,False,False,False
ALAB,"Astera Labs, Inc.",NASDAQ,Semiconductors,303.25,285.11,285.7,294.79,305.38,312.98,253.81,231.19,284.57,289.34,303.95,293.48,5.48,7.25,22.0,4527715.3,3670828.7666666666,1113178823.0,1082122389.0,1.72,2.2,52609358387.93006,-0.26,149,-21.18,312,143.79,24,40.78,-0.1,6.14,0.66,0.48,44.4,0.203,26.97,False,False,False,True,False,True,True,True,False,True,False,True,True,True,True,False,2026-11-10,False,True,5,large gap,"near21, ADR, RVOL",6,https://www.tradingview.com/chart/?symbol=NASDAQ:ALAB&interval=D,False,False,False
NAVN,"Navan, Inc.",NASDAQ,Packaged Software,21.36,23.14,25.93,26.96,26.6,23.67,19.59,18.29,23.16,24.85,22.21,21.0,5.84,6.93,1.48,6610498.7,3658339.566666667,78142133.0,98616031.0,1.79,0.18,5567173882.335291,-27.45,432,0.05,189,147.8,21,40.13,-2.84,-17.62,2.02,0.82,24.3,0.522,38.9,False,False,False,True,False,False,True,False,False,False,False,True,True,True,True,False,2026-12-15,False,False,6,,RVOL,4,https://www.tradingview.com/chart/?symbol=NASDAQ:NAVN&interval=D,False,False,True
SWKS,"Skyworks Solutions, Inc.",NASDAQ,Semiconductors,88.76,83.32,75.52,73.29,68.62,69.72,65.57,64.82,83.63,78.09,92.05,87.48,6.24,5.56,4.93,10064122.5,6987264.733333333,620189618.0,512094303.0,2.68,0.8,13355963758.795446,31.03,20,24.3,95,64.01,89,39.78,5.28,17.54,2.46,0.93,25.9,0.48,20.84,True,True,True,True,False,False,True,False,False,False,False,True,True,True,True,False,2026-10-29,False,False,5,>4x 50-MA,"EMA, RVOL",7,https://www.tradingview.com/chart/?symbol=NASDAQ:SWKS&interval=D,True,False,False
PARR,"Par Pacific Holdings, Inc. Common Stock",NYSE,Oil Refining/Marketing,84.37,83.58,80.84,79.42,78.52,68.61,64.11,57.76,83.48,81.51,87.72,83.38,5.2,5.27,4.45,966617.7000000015,942299.2666666671,79501789.0,74837094.0,2.45,-0.38,4226905547.324431,5.11,98,68.44,23,44.44,130,39.33,1.41,4.37,0.67,0.98,22.3,0.172,30.6,True,True,True,True,False,True,True,False,False,True,False,True,True,True,True,False,2026-11-09,False,False,6,,"EMA, near21, RVOL",8,https://www.tradingview.com/chart/?symbol=NYSE:PARR&interval=D,False,True,False
SMCI,"Super Micro Computer, Inc.",NASDAQ,Computer Processing Hardware,39.09,38.49,37.88,37.24,33.56,33.48,31.66,31.6,38.23,37.43,40.41,38.32,5.36,6.22,2.43,40882711.1,49484631.03333333,1934354227.0,1842741680.0,1.21,-0.37,25680776244.032715,5.22,97,37.45,64,73.58,76,38.75,2.65,3.2,0.71,0.86,31.7,0.152,17.62,True,True,True,True,False,True,True,False,False,True,False,True,False,True,True,False,2026-11-03,False,False,6,,"EMA, near21, RVOL",8,https://www.tradingview.com/chart/?symbol=NASDAQ:SMCI&interval=D,False,False,False
ESTC,Elastic N.V.,NYSE,Packaged Software,86.96,86.49,87.65,85.75,76.76,66.62,61.7,64.31,86.85,85.65,89.75,86.54,4.68,5.2,4.52,2265520.9,2915038.6666666665,253491762.0,249952906.0,1.4,0.58,9130041799.11251,2.33,125,49.93,47,61.04,96,37.77,2.56,-0.79,0.29,0.71,9.3,0.246,29.85,False,False,True,True,True,True,True,False,False,True,False,True,False,False,True,False,2026-12-02,False,False,5,thin RVOL,"EMA, near21, RVOL",7,https://www.tradingview.com/chart/?symbol=NYSE:ESTC&interval=D,False,False,False
GO,Grocery Outlet Holding Corp.,NASDAQ,Food Retail,11.27,11.52,11.77,11.4,10.63,9.71,9.02,9.28,11.52,11.45,11.59,11.22,4.05,4.21,0.47,2386440.9,2785941.3333333335,31397559.0,31768089.0,1.55,-0.86,1116682253.8975904,2.08,130,17.76,117,93.31,55,37.72,1.42,-4.27,0.37,0.78,10.5,0.129,24.47,False,False,False,True,False,True,True,False,False,True,False,True,True,True,True,False,2026-11-10,False,False,6,,"near21, RVOL",5,https://www.tradingview.com/chart/?symbol=NASDAQ:GO&interval=D,False,False,False
NTAP,"NetApp, Inc.",NASDAQ,Computer Peripherals,197.79,190.67,188.97,192.55,184.34,164.42,143.54,134.34,191.98,190.17,198.51,193.15,4.4,4.18,8.26,2435142.1,2520894.566666667,498607736.0,485393627.0,1.87,0.64,38849714903.93205,-4.06,183,24.68,93,92.5,57,37.7,1.75,4.67,0.96,0.65,56.2,0.105,28.48,True,True,True,True,False,True,True,True,False,True,False,True,True,True,True,False,2026-12-01,False,False,6,,"EMA, near21, ADR, RVOL",9,https://www.tradingview.com/chart/?symbol=NASDAQ:NTAP&interval=D,False,False,False
GRAL,"GRAIL, Inc.",NASDAQ,Medical Specialties,80.77,77.8,78.95,76.56,73.96,68.52,63.71,72.24,78.13,77.35,82.85,78.2,4.66,5.53,4.47,1178467.6,864021.2333333333,69786995.0,66145722.0,3.3,1.91,3607691506.71282,9.8,65,32.43,72,70.08,81,37.44,1.67,2.3,0.8,1.04,57.6,0.109,18.87,True,True,True,True,True,True,False,False,False,True,True,True,True,True,True,False,2026-11-18,False,False,6,,"EMA, near21, RVOL",8,https://www.tradingview.com/chart/?symbol=NASDAQ:GRAL&interval=D,False,False,False
SAIL,"SailPoint, Inc.",NASDAQ,Packaged Software,19.83,18.93,19.0,19.03,17.69,16.06,15.14,16.04,19.38,18.97,20.5,19.37,6.17,6.18,1.22,5608956.6,4026206.3,79839671.0,76606627.0,1.02,0.94,11321177745.965822,3.34,111,47.65,50,60.96,98,37.32,1.96,4.38,0.73,0.92,37.6,0.225,19.44,True,True,True,True,False,True,True,False,False,True,False,True,False,True,False,False,2026-12-15,False,False,6,,"EMA, near21",8,https://www.tradingview.com/chart/?symbol=NASDAQ:SAIL&interval=D,False,False,False
BLSH,Bullish,NYSE,Packaged Software,38.34,35.33,34.09,31.2,28.07,29.99,32.25,33.84,35.13,33.32,38.57,36.0,5.96,6.58,2.52,1682251.3,1728312.4333333333,66263499.0,53920467.0,1.69,3.12,5762586334.82097,53.98,8,59.42,32,-3.06,272,36.78,5.56,12.46,2.29,1.02,92.8,0.241,18.93,True,True,True,True,False,False,False,False,False,False,True,False,True,True,True,False,2026-11-25,False,True,3,"LoD>60% ATR, >4x 50-MA, large gap","EMA, RVOL",5,https://www.tradingview.com/chart/?symbol=NYSE:BLSH&interval=D,True,False,False
S,"SentinelOne, Inc.",NYSE,Packaged Software,22.51,21.33,21.13,21.48,20.54,18.44,16.83,16.27,21.91,21.39,23.22,22.18,4.92,5.28,1.19,9106556.3,8842032.266666668,199034146.0,189947484.0,1.37,-0.26,7834586170.908581,0.63,142,52.61,42,56.54,107,36.59,1.82,6.54,1.0,0.88,27.9,0.26,22.46,True,True,True,True,False,True,True,False,False,True,False,True,False,False,True,False,2026-12-08,False,False,5,thin RVOL,"EMA, near21, RVOL",8,https://www.tradingview.com/chart/?symbol=NYSE:S&interval=D,False,False,False
TGTX,"TG Therapeutics, Inc.",NASDAQ,Pharmaceuticals: Major,56.87,55.19,55.31,53.44,53.45,49.17,43.35,40.06,55.37,54.68,57.73,56.18,4.04,4.12,2.34,1833012.0,1924107.1,109423971.0,102814984.0,3.51,0.9,8705036835.734371,10.17,63,8.7,150,87.44,63,35.44,1.55,2.81,0.97,0.66,29.4,0.079,26.82,True,True,True,True,True,True,True,True,True,True,False,True,True,True,True,False,2026-11-09,False,False,6,,"EMA, near21, ADR, BB, RVOL",11,https://www.tradingview.com/chart/?symbol=NASDAQ:TGTX&interval=D,False,False,False
TENB,"Tenable Holdings, Inc.",NASDAQ,Packaged Software,35.43,34.48,34.86,35.48,35.56,31.41,27.4,26.44,35.16,35.07,36.38,34.87,6.63,6.89,2.44,6701382.9,4804001.566666666,170205776.0,170461989.0,0.88,0.0,3902259786.3552413,-2.4,170,31.81,74,76.8,72,35.4,-0.05,1.64,0.15,0.62,22.9,0.233,25.76,False,False,True,True,True,True,True,True,False,True,False,True,False,False,False,False,2026-11-04,False,False,5,thin RVOL,"EMA, near21, ADR",8,https://www.tradingview.com/chart/?symbol=NASDAQ:TENB&interval=D,False,False,False
PAY,"Paymentus Holdings, Inc.",NYSE,Miscellaneous Commercial Services,35.04,36.06,36.74,37.81,35.69,29.93,28.44,28.79,36.15,36.47,36.06,34.62,4.02,4.81,1.69,887334.3,1037095.6,36339830.0,39211548.0,1.55,-0.33,4412925350.0625515,-8.37,230,67.58,24,45.45,127,34.89,-0.38,-4.62,0.82,0.85,24.9,0.17,23.67,False,False,False,True,False,True,True,False,False,True,False,True,True,True,True,False,2026-11-09,False,False,6,,"near21, RVOL",5,https://www.tradingview.com/chart/?symbol=NYSE:PAY&interval=D,False,False,False
HOOD,"Robinhood Markets, Inc.",NASDAQ,Investment Banks/Brokers,119.82,113.95,111.29,105.89,103.18,96.06,89.5,94.9,112.44,109.79,120.57,111.06,5.4,5.77,6.91,24532697.0,21736434.166666668,2604459542.0,2301576823.0,1.52,3.21,107728037356.03734,28.98,23,11.12,142,63.91,91,34.67,2.8,7.66,1.58,1.38,126.8,0.218,20.4,True,True,True,True,False,False,False,False,False,False,True,False,True,True,True,False,2026-11-04,False,True,4,"LoD>60% ATR, large gap","EMA, RVOL",5,https://www.tradingview.com/chart/?symbol=NASDAQ:HOOD&interval=D,True,False,False
MSTR,Strategy Inc,NASDAQ,Internet Software/Services,153.92,135.04,131.64,120.6,110.82,124.85,129.53,137.04,135.0,128.56,154.02,136.18,5.32,6.08,9.35,23528329.1,26429129.966666665,4067971684.0,3187458790.0,2.39,3.27,59139990538.18918,62.81,6,30.84,79,10.36,225,34.67,6.4,16.92,3.25,1.91,189.7,0.253,17.04,True,True,True,True,False,False,False,False,False,False,True,False,True,True,True,False,2026-11-04,False,True,3,"LoD>60% ATR, >4x 50-MA, large gap","EMA, RVOL",5,https://www.tradingview.com/chart/?symbol=NASDAQ:MSTR&interval=D,True,False,False
BRKR,Bruker Corporation,NASDAQ,Medical Specialties,61.39,57.18,57.55,57.53,58.2,54.75,48.94,48.49,58.37,57.82,63.49,60.4,4.47,4.84,2.97,2510568.1,2111747.933333333,129640206.0,121482523.0,1.2,0.51,9353338170.88517,7.8,78,10.89,143,83.64,68,34.11,1.13,6.67,1.27,1.04,33.3,0.185,15.81,True,True,True,True,False,True,False,False,False,True,True,True,False,False,True,False,2026-10-29,False,False,5,thin RVOL,"EMA, near21, RVOL",7,https://www.tradingview.com/chart/?symbol=NASDAQ:BRKR&interval=D,False,False,False
AEHR,Aehr Test Systems,NASDAQ,Electronic Production Equipment,93.49,89.43,88.14,98.62,92.58,93.98,79.4,65.83,88.91,90.83,93.9,87.15,7.03,9.82,9.18,3095083.3,2739411.4,256107572.0,270168971.0,0.6,1.62,3053341049.18487,-24.39,421,-21.73,315,147.85,20,33.91,0.1,6.07,0.3,0.74,69.1,0.329,30.12,False,True,False,True,False,True,True,False,False,True,False,False,False,False,False,False,2026-10-06,False,False,4,"LoD>60% ATR, thin RVOL",near21,5,https://www.tradingview.com/chart/?symbol=NASDAQ:AEHR&interval=D,False,False,True
MANE,"Veradermics, Incorporated",NYSE,Pharmaceuticals: Major,106.75,102.26,101.04,104.13,106.5,106.1,90.41,,103.3,103.14,109.3,104.54,4.56,5.26,5.62,765806.4,661687.0666666667,70635094.0,68899048.0,3.04,0.57,4460029542.084559,-6.77,208,14.06,137,91.65,59,32.98,0.05,5.65,0.66,0.85,39.4,0.123,15.07,False,True,True,False,False,True,True,False,False,True,False,True,True,True,True,False,2026-12-02,False,False,5,below 200-MA,"EMA, near21, RVOL",6,https://www.tradingview.com/chart/?symbol=NYSE:MANE&interval=D,False,False,False
HUT,Hut 8 Corp.,NASDAQ,Data Processing Services,98.74,93.59,87.92,87.34,93.2,100.72,86.2,77.56,91.91,90.6,99.02,90.32,7.03,8.28,8.18,5032851.300000007,4951043.033333332,488865989.0,432411721.0,1.52,2.58,12170639592.16815,21.77,35,-19.96,304,96.93,51,32.91,0.72,12.31,1.08,1.06,103.0,0.313,23.45,False,True,True,True,False,True,False,False,False,True,True,False,True,True,True,False,2026-11-18,False,True,4,"LoD>60% ATR, large gap","EMA, near21, RVOL",5,https://www.tradingview.com/chart/?symbol=NASDAQ:HUT&interval=D,False,False,False
NET,"Cloudflare, Inc.",NYSE,Information Technology Services,323.6,313.49,301.34,302.73,291.74,260.93,240.17,227.84,316.57,306.82,338.0,313.5,5.14,5.4,17.46,3263038.7,3612812.6333333333,1169106168.0,1093698339.0,1.46,1.22,115227396427.03363,7.83,76,43.48,52,45.96,125,32.42,2.02,7.39,1.01,1.4,57.8,0.256,26.47,True,True,True,True,False,True,False,False,False,True,True,True,False,True,True,False,2026-10-29,False,False,6,,"EMA, near21, RVOL",7,https://www.tradingview.com/chart/?symbol=NYSE:NET&interval=D,False,False,False
SYRE,"Spyre Therapeutics, Inc.",NASDAQ,Pharmaceuticals: Major,90.25,90.19,92.6,96.79,97.95,88.55,75.51,64.85,91.01,92.92,93.34,89.85,4.26,4.96,4.47,1286109.9,1157641.4,104477136.0,112050041.0,3.18,0.15,7957682506.26079,-17.95,380,0.78,186,114.32,37,32.38,-1.58,-2.54,0.58,0.78,8.9,0.27,36.67,False,False,False,True,True,True,True,False,False,True,False,True,True,True,True,False,2026-11-05,False,False,6,,"near21, RVOL",6,https://www.tradingview.com/chart/?symbol=NASDAQ:SYRE&interval=D,False,False,False
ZS,"Zscaler, Inc.",NASDAQ,Packaged Software,197.31,179.78,179.16,179.53,167.61,155.09,152.28,168.31,185.78,180.12,199.76,192.65,4.57,4.94,9.74,4292191.3,3166335.533333333,624749664.0,568451163.0,1.04,0.77,32172323600.39717,5.68,91,59.97,31,29.17,161,31.61,3.59,10.13,1.93,0.73,47.8,0.256,13.94,True,True,True,True,False,False,True,False,False,False,False,True,False,True,False,False,2026-12-01,False,False,6,,EMA,7,https://www.tradingview.com/chart/?symbol=NASDAQ:ZS&interval=D,False,False,False
CNH,CNH Industrial N.V.,NYSE,Trucks/Construction/Farm Machinery,13.45,13.72,12.95,12.14,11.56,11.05,11.12,10.93,13.46,12.91,13.72,13.4,4.76,4.15,0.56,19198375.1,22151761.366666667,297941190.0,268870696.0,1.25,-0.22,16647414291.04059,32.91,17,28.59,87,33.17,151,31.55,3.94,3.87,1.01,0.56,9.0,0.307,20.76,False,False,False,True,False,True,True,True,False,True,False,True,False,True,True,False,2026-11-10,False,False,6,,"near21, ADR, RVOL",6,https://www.tradingview.com/chart/?symbol=NYSE:CNH&interval=D,True,False,False
BFLY,"Butterfly Network, Inc.",NYSE,Medical Specialties,7.88,7.51,7.97,8.36,7.98,6.81,5.91,5.37,7.69,7.86,8.15,7.67,6.46,7.45,0.59,4409616.9,4853934.333333333,38249003.0,40578891.0,1.3,1.51,2137727251.2663317,-13.22,297,9.29,148,97.49,50,31.19,-0.18,-1.12,0.03,0.82,35.8,0.342,33.22,False,False,False,True,True,True,True,False,False,True,False,True,False,False,True,False,2026-10-29,False,False,5,thin RVOL,"near21, RVOL",6,https://www.tradingview.com/chart/?symbol=NYSE:BFLY&interval=D,False,False,False
QRVO,"Qorvo, Inc.",NASDAQ,Semiconductors,117.18,111.79,104.13,101.84,96.5,95.97,90.83,89.17,112.07,106.53,120.76,115.88,4.49,4.01,4.7,1811633.6,1235957.4,144829488.0,125864546.0,1.93,1.05,10337811246.316292,22.25,33,21.56,103,49.64,117,31.15,5.35,12.53,2.49,1.04,27.7,0.34,19.3,True,True,True,True,False,False,False,False,False,False,True,True,True,True,True,False,2026-11-04,False,False,5,>4x 50-MA,"EMA, RVOL",6,https://www.tradingview.com/chart/?symbol=NASDAQ:QRVO&interval=D,False,False,False
RUM,RUM Group Inc.,NASDAQ,Internet Software/Services,9.09,8.15,8.66,8.28,7.37,7.43,6.8,6.71,8.42,8.28,9.35,8.95,6.48,7.29,0.66,7745745.0,5675972.0,51594585.0,47003670.0,1.85,1.8,4506914707.775028,11.81,57,7.45,156,73.14,78,30.8,3.21,4.92,1.35,0.6,20.5,0.34,21.46,True,True,True,True,False,True,True,True,False,True,False,True,True,True,True,False,2026-11-16,False,False,6,,"EMA, near21, ADR, RVOL",9,https://www.tradingview.com/chart/?symbol=NASDAQ:RUM&interval=D,False,False,False
WT,"WisdomTree, Inc.",NYSE,Investment Managers,23.07,23.39,23.84,23.39,22.04,20.17,18.76,17.52,23.13,23.21,23.1,22.03,4.8,4.35,1.0,3738681.4,2690658.1333333333,62073483.0,62932700.0,2.14,0.99,3495384468.5692444,-1.11,161,24.23,96,66.81,84,29.98,1.07,-3.21,0.14,1.07,103.2,0.149,27.37,False,False,False,True,False,True,False,False,False,True,True,False,True,True,True,False,2026-10-23,False,False,5,LoD>60% ATR,"near21, RVOL",3,https://www.tradingview.com/chart/?symbol=NYSE:WT&interval=D,False,False,False
MMED,"MiniMed Group, Inc.",NASDAQ,Medical Specialties,21.79,22.45,21.66,21.07,19.5,16.34,,,22.12,21.57,22.17,21.74,5.3,4.73,1.03,2363006.3,2032752.0666666667,44293668.0,42839233.0,1.15,0.32,6130615494.079436,11.12,61,51.42,45,27.35,166,29.96,2.48,0.6,0.22,0.42,4.9,0.275,28.03,False,False,False,False,True,True,True,True,False,True,False,True,False,False,False,False,2026-12-30,False,False,4,"thin RVOL, below 200-MA","near21, ADR",6,https://www.tradingview.com/chart/?symbol=NASDAQ:MMED&interval=D,False,False,False
P,"Everpure, Inc.",NYSE,Computer Peripherals,104.14,98.65,98.86,102.58,91.8,84.19,77.83,76.07,99.49,98.67,108.31,102.13,4.35,5.46,5.69,9738563.2,5688872.633333334,592439196.0,583579725.0,27.09,1.31,34702286602.63449,-11.75,278,40.31,61,61.01,97,29.86,2.46,5.34,1.02,1.09,35.4,0.195,21.88,True,True,True,True,False,True,False,False,False,True,True,True,True,True,True,False,2026-12-02,False,False,6,,"EMA, near21, RVOL",7,https://www.tradingview.com/chart/?symbol=NYSE:P&interval=D,False,False,False
SPSC,"SPS Commerce, Inc.",NASDAQ,Packaged Software,79.74,80.6,81.7,80.2,74.68,65.15,62.59,68.78,80.87,80.15,80.54,78.12,4.32,4.26,3.39,666682.2,558632.4,44545348.0,44801108.0,1.76,-0.67,2870653861.6982822,1.9,133,50.11,46,37.55,141,29.86,1.59,-2.39,0.12,0.71,47.7,0.106,23.96,False,False,False,True,True,True,True,True,False,True,False,True,True,True,True,False,2026-10-22,False,False,6,,"near21, ADR, RVOL",7,https://www.tradingview.com/chart/?symbol=NASDAQ:SPSC&interval=D,False,False,False
GCT,GigaCloud Technology Inc,NASDAQ,Wholesale Distributors,52.86,52.26,51.44,51.44,46.9,41.58,42.03,41.53,52.17,51.17,54.13,52.27,4.74,4.54,2.4,620782.9,583973.3666666667,30868832.0,30041439.0,2.51,-0.17,1887643201.863782,5.72,90,58.17,34,24.0,175,29.3,2.8,2.76,0.73,0.77,24.5,0.114,20.3,True,True,True,True,True,True,True,True,False,True,False,True,True,True,True,False,2026-11-26,False,False,6,,"EMA, near21, ADR, RVOL",10,https://www.tradingview.com/chart/?symbol=NASDAQ:GCT&interval=D,False,False,False
MARA,"MARA Holdings, Inc.",NASDAQ,Data Processing Services,13.24,11.71,11.41,10.84,11.19,12.24,11.22,10.95,11.72,11.42,13.32,12.05,5.77,7.08,0.94,51647363.6,50664723.166666664,670800935.0,549011384.0,1.68,4.08,5114603100.536082,48.68,10,-7.67,228,45.65,126,28.89,2.59,16.02,2.25,1.35,126.9,0.223,9.75,True,True,True,True,False,False,False,False,False,False,True,False,True,True,True,False,2026-11-11,False,True,4,"LoD>60% ATR, large gap","EMA, RVOL",5,https://www.tradingview.com/chart/?symbol=NASDAQ:MARA&interval=D,True,False,False
ELF,"e.l.f. Beauty, Inc.",NYSE,Household/Personal Care,96.44,98.21,102.12,99.72,91.87,76.39,75.56,77.12,97.51,98.21,97.42,92.85,4.71,4.68,4.51,1539088.5,1772893.0333333334,170977804.0,176786984.0,1.19,0.58,5690731077.690528,0.46,145,51.78,43,32.16,154,28.13,1.06,-5.56,0.39,1.01,79.6,0.211,27.54,False,False,False,True,False,True,False,False,False,True,True,False,False,False,False,False,2026-11-11,False,False,4,"LoD>60% ATR, thin RVOL",near21,3,https://www.tradingview.com/chart/?symbol=NYSE:ELF&interval=D,False,False,False
ASAN,"Asana, Inc.",NYSE,Packaged Software,9.51,9.16,9.51,9.43,8.78,7.9,7.49,8.67,9.46,9.35,10.09,9.44,5.41,6.47,0.61,10530680.1,6606452.133333334,62827360.0,62309854.0,1.4,0.0,2177505876.2616453,2.26,126,36.05,66,44.97,128,27.76,1.28,0.03,0.26,1.07,12.2,0.24,21.2,True,True,True,True,True,True,False,False,False,True,True,True,False,False,True,False,2026-12-08,False,False,5,thin RVOL,"EMA, near21, RVOL",8,https://www.tradingview.com/chart/?symbol=NYSE:ASAN&interval=D,False,False,False
WIX,Wix.com Ltd.,NASDAQ,Packaged Software,78.49,78.0,81.63,78.54,69.18,62.54,67.97,74.26,79.69,78.48,81.92,77.84,6.23,6.05,4.75,1221832.2,1527045.1333333333,119857773.0,119930307.0,1.23,0.33,3284768117.505882,2.47,123,89.41,12,-11.84,310,26.68,2.23,-3.85,0.0,0.86,13.7,0.23,24.33,False,False,False,True,False,True,True,False,False,True,False,True,False,False,True,False,2026-11-05,False,False,5,thin RVOL,"near21, RVOL",5,https://www.tradingview.com/chart/?symbol=NASDAQ:WIX&interval=D,False,True,False
AUGO,Aura Minerals Inc.,NASDAQ,Other Metals/Minerals,88.25,86.36,86.35,83.61,72.57,71.47,75.59,70.76,86.59,84.15,89.85,86.1,4.51,5.17,4.57,1108698.2000000014,1014547.7999999985,89533843.0,84826849.0,1.47,0.48,7394399501.440085,10.15,64,36.31,65,33.21,150,26.56,4.18,2.2,0.94,0.82,47.1,0.114,17.68,True,True,True,True,True,True,True,False,False,True,False,True,False,False,True,False,2026-11-05,False,False,4,">4x 50-MA, thin RVOL","EMA, near21, RVOL",9,https://www.tradingview.com/chart/?symbol=NASDAQ:AUGO&interval=D,False,False,False
PRGO,Perrigo Company plc,NYSE,Pharmaceuticals: Major,13.56,13.89,14.17,13.79,12.53,11.7,11.61,12.23,13.77,13.71,13.67,13.15,4.16,4.18,0.57,2721139.0,2545132.533333333,34511997.0,35093984.0,3.1,-0.22,1881711055.1483681,2.81,119,34.93,69,41.1,135,26.28,1.98,-4.28,0.27,0.92,72.3,0.13,18.88,False,False,False,True,False,True,True,False,False,True,False,False,True,True,True,False,2026-11-11,False,False,5,LoD>60% ATR,"near21, RVOL",4,https://www.tradingview.com/chart/?symbol=NYSE:PRGO&interval=D,False,False,False
RIOT,"Riot Platforms, Inc.",NASDAQ,Information Technology Services,23.75,21.52,20.67,20.38,20.61,22.61,20.25,18.99,21.39,20.97,24.09,22.2,5.58,6.84,1.62,14958811.5,19291145.966666665,458164717.0,393131048.0,1.66,3.47,8912399521.937843,25.83,26,-16.58,279,69.28,82,26.18,2.23,14.91,1.94,1.16,95.3,0.268,15.27,True,True,True,True,False,False,False,False,False,False,True,False,True,True,True,False,2026-11-10,False,True,4,"LoD>60% ATR, large gap","EMA, RVOL",5,https://www.tradingview.com/chart/?symbol=NASDAQ:RIOT&interval=D,False,False,False
BULL,Webull Corporation,NASDAQ,Packaged Software,8.25,8.86,9.01,8.65,8.18,7.46,6.87,7.17,8.59,8.68,8.32,7.84,5.81,6.47,0.53,14664403.6,17215049.766666666,142024161.0,148950349.0,1.13,1.82,4370556325.680934,3.0,114,15.38,127,58.05,104,25.48,0.13,-8.42,0.77,0.9,76.8,0.268,25.95,False,False,False,True,False,True,True,False,False,True,False,False,False,False,False,False,2026-11-19,False,False,4,"LoD>60% ATR, thin RVOL",near21,4,https://www.tradingview.com/chart/?symbol=NASDAQ:BULL&interval=D,False,False,False
DDOG,"Datadog, Inc.",NASDAQ,Packaged Software,229.92,224.84,226.26,232.49,243.63,230.98,194.24,179.23,228.14,229.96,238.96,228.6,4.39,5.2,11.95,3496153.2,4147270.6333333333,953540464.0,964200332.0,1.5,1.04,82558533787.18779,-6.79,209,2.62,172,79.4,71,25.08,-1.08,1.62,0.0,0.87,11.0,0.162,28.01,False,False,False,True,True,True,True,False,False,True,False,True,False,True,True,False,2026-11-05,False,False,6,,"near21, RVOL",6,https://www.tradingview.com/chart/?symbol=NASDAQ:DDOG&interval=D,False,False,False
ATEX,Anterix Inc.,NASDAQ,Wireless Telecommunications,76.99,80.48,85.81,87.64,92.13,81.39,67.15,56.3,80.22,84.17,78.24,75.5,5.42,6.25,4.81,351277.3,346175.8333333333,26652077.0,30339081.0,2.51,0.7,1509757317.614957,-15.73,346,-2.79,206,93.3,56,24.93,-2.63,-10.27,1.37,0.57,31.0,0.292,46.55,False,False,False,True,False,True,True,True,False,True,False,True,True,True,True,False,2026-11-18,False,False,6,,"near21, ADR, RVOL",6,https://www.tradingview.com/chart/?symbol=NASDAQ:ATEX&interval=D,False,False,False
BE,Bloom Energy Corporation,NYSE,Electronic Production Equipment,265.63,266.64,240.45,233.46,225.43,253.8,224.46,198.84,261.11,248.02,285.1,265.0,5.73,7.14,18.96,20791583.7,14879938.8,3952558143.0,3473815952.0,4.88,1.27,78235301041.08995,24.97,28,-10.74,247,58.73,102,24.32,2.5,10.47,0.99,1.06,3.3,0.461,25.53,False,False,True,True,False,True,False,False,False,True,True,True,True,True,True,False,2026-10-29,False,False,6,,"EMA, near21, RVOL",5,https://www.tradingview.com/chart/?symbol=NYSE:BE&interval=D,False,False,False
SHAZ,"SharonAI Holdings, Inc.",NASDAQ,Data Processing Services,57.56,55.47,56.05,58.97,59.6,63.2,,,55.45,56.7,59.3,57.3,7.03,9.48,5.46,1646410.7,1726099.9333333333,99354312.0,101784661.0,1.39,2.05,2060849683.7457914,-16.84,359,-35.89,391,124.84,32,24.04,-0.36,2.69,0.16,0.37,4.9,0.213,13.43,False,False,False,False,True,True,True,True,False,True,False,True,False,False,True,False,2026-11-04,False,True,3,"thin RVOL, below 200-MA, large gap","near21, ADR, RVOL",6,https://www.tradingview.com/chart/?symbol=NASDAQ:SHAZ&interval=D,False,False,False
COHU,"Cohu, Inc.",NASDAQ,Semiconductors,57.75,53.61,51.26,52.84,52.1,53.44,46.69,41.73,53.24,52.54,57.97,55.77,5.03,6.51,3.76,1094258.8,979715.7666666667,56578586.0,51769487.0,1.28,1.45,2733794465.8500004,-3.09,174,-15.51,268,90.47,61,23.96,1.67,12.67,1.52,0.59,52.7,0.3,20.58,True,True,True,True,False,False,True,False,False,False,False,True,False,False,True,False,2026-10-29,False,False,5,thin RVOL,"EMA, RVOL",7,https://www.tradingview.com/chart/?symbol=NASDAQ:COHU&interval=D,False,False,False
GKOS,Glaukos Corporation,NYSE,Medical Specialties,163.81,171.14,176.09,179.0,170.95,151.33,138.64,132.49,169.52,172.93,163.85,159.01,4.13,4.13,6.77,821124.5,693750.2666666667,113643231.0,124183148.0,1.99,-0.51,9662158497.17947,-11.93,279,27.01,90,56.73,105,23.94,-1.01,-6.97,1.28,0.71,70.9,0.167,26.61,False,False,False,True,False,True,True,True,False,True,False,False,True,True,True,False,2026-11-04,False,False,5,LoD>60% ATR,"near21, ADR, RVOL",5,https://www.tradingview.com/chart/?symbol=NYSE:GKOS&interval=D,False,False,False
SN,"SharkNinja, Inc.",NYSE,Electronics/Appliances,165.75,168.05,175.93,178.85,170.14,147.79,136.42,131.59,169.23,172.25,168.25,164.04,4.51,4.15,6.88,2641989.4,1915377.4333333333,317473810.0,342558869.0,2.94,0.54,23349460177.60743,-9.72,247,20.53,107,60.52,100,23.77,-0.62,-5.79,0.91,0.61,24.9,0.221,26.75,False,False,False,True,False,True,True,True,False,True,False,True,True,True,True,False,2026-11-05,False,False,6,,"near21, ADR, RVOL",6,https://www.tradingview.com/chart/?symbol=NYSE:SN&interval=D,False,False,False
STX,Seagate Technology Holdings PLC,NASDAQ,Computer Peripherals,858.79,835.45,829.82,846.16,843.33,852.73,715.56,619.32,824.89,833.56,872.0,807.03,4.98,6.06,52.05,4222589.0,3937770.1,3381717584.0,3331999299.0,1.82,1.44,195282853374.22275,-5.77,198,-24.23,332,98.11,49,22.7,0.3,3.49,0.5,1.25,99.4,0.159,27.18,True,True,False,True,False,True,False,False,False,True,True,False,True,True,True,False,2026-10-28,False,False,5,LoD>60% ATR,"near21, RVOL",5,https://www.tradingview.com/chart/?symbol=NASDAQ:STX&interval=D,False,False,False
BTDR,Bitdeer Technologies Group,NASDAQ,Data Processing Services,12.97,11.87,11.42,10.73,11.01,13.2,11.92,12.01,11.67,11.4,12.99,11.43,6.27,7.74,1.0,9554812.0,13589932.833333334,176261429.0,145885664.0,2.0,2.67,3525015661.3389683,44.27,13,-28.79,358,52.41,113,22.63,2.3,13.56,1.78,1.55,153.4,0.257,16.89,False,True,True,True,False,False,False,False,False,False,True,False,True,True,True,False,2026-11-16,False,True,4,"LoD>60% ATR, large gap","EMA, RVOL",4,https://www.tradingview.com/chart/?symbol=NASDAQ:BTDR&interval=D,True,False,False
HIVE,HIVE Digital Technologies Ltd,NASDAQ,Information Technology Services,3.41,3.07,2.97,2.91,2.94,3.27,2.9,2.9,3.06,3.0,3.43,3.14,4.93,6.28,0.21,13438026.399999991,20867972.433333356,71159786.0,60784926.0,1.92,2.57,935285721.5609198,22.66,32,-20.88,311,64.73,88,22.17,2.51,14.65,2.17,1.35,126.0,0.23,10.81,True,True,True,True,False,False,False,False,False,False,True,False,True,True,True,False,2026-11-16,False,True,4,"LoD>60% ATR, large gap","EMA, RVOL",5,https://www.tradingview.com/chart/?symbol=NASDAQ:HIVE&interval=D,False,False,False
SMCIP,"Super Micro Computer, Inc. - Depositary Shares Each Representing a 1/20th Interest in a Share of 7% Series A Mandatory Convertible Preferred Stock",NASDAQ,Computer Processing Hardware,65.96,64.92,63.94,63.09,57.74,,,,64.5,63.33,66.97,64.76,4.24,5.15,3.4,852661.4,666140.0333333333,43938597.0,42026331.0,1.23,-1.38,26508552608.0,5.57,92,30.38,80,29.97,160,21.97,2.76,3.15,0.81,0.65,35.3,0.139,10.89,False,True,True,False,False,True,True,False,False,True,False,True,False,True,True,False,2026-11-03,False,False,5,below 200-MA,"EMA, near21, RVOL",6,https://www.tradingview.com/chart/?symbol=NASDAQ:SMCIP&interval=D,False,False,False
FDS,FactSet Research Systems Inc.,NYSE,Financial Publishing/Services,283.83,278.59,291.7,289.86,278.63,255.66,242.06,249.79,281.47,284.55,286.68,273.46,4.06,4.33,12.28,1002763.2,868661.2,246552108.0,251788109.0,1.26,-0.41,10094568610.631199,-0.73,157,29.79,81,36.44,144,21.83,0.43,-2.7,0.06,1.08,84.5,0.219,17.49,False,False,False,True,True,True,False,False,False,True,True,False,False,True,True,False,2026-09-30,False,False,5,LoD>60% ATR,"near21, RVOL",4,https://www.tradingview.com/chart/?symbol=NYSE:FDS&interval=D,False,False,False
RHI,Robert Half Inc.,NYSE,Personnel Services,37.38,38.42,41.43,41.94,40.68,35.01,31.63,30.81,38.7,40.04,37.38,36.21,4.08,4.32,1.61,2036519.7,1950694.2,72916949.0,81820568.0,1.53,-0.08,3826285268.118121,-14.58,322,15.55,125,63.09,92,21.35,-1.88,-9.77,1.54,0.72,72.5,0.315,28.42,False,False,False,True,False,False,True,False,False,False,False,False,True,True,True,False,2026-10-27,False,False,5,LoD>60% ATR,RVOL,3,https://www.tradingview.com/chart/?symbol=NYSE:RHI&interval=D,False,False,False
IT,"Gartner, Inc.",NYSE,Internet Software/Services,185.78,183.68,189.47,188.24,172.7,160.42,159.11,175.48,187.19,185.7,189.38,183.42,4.19,4.64,8.62,1268630.8,1257535.9333333333,233625026.0,236713115.0,2.31,0.28,11731816835.671139,2.65,122,42.22,55,18.73,192,21.2,1.63,-1.95,0.01,0.69,27.4,0.199,16.34,False,False,False,True,True,True,True,False,False,True,False,True,True,True,True,False,2026-11-03,False,False,6,,"near21, RVOL",6,https://www.tradingview.com/chart/?symbol=NYSE:IT&interval=D,False,False,False
BLLN,"BillionToOne, Inc.",NASDAQ,Medical/Nursing Services,105.92,102.02,98.76,97.3,110.35,104.07,95.56,94.73,102.79,101.74,113.0,104.75,4.83,5.61,5.95,694629.1,652746.2,69138878.0,63510356.0,3.44,1.35,4998050801.322852,17.86,42,3.83,169,41.45,134,21.05,-0.72,7.25,0.73,1.39,19.7,0.189,14.75,False,False,True,True,False,True,False,False,False,True,True,True,True,True,True,False,2026-12-15,False,False,6,,"EMA, near21, RVOL",5,https://www.tradingview.com/chart/?symbol=NASDAQ:BLLN&interval=D,False,False,False
PTRN,Pattern Group Inc. - Series A,NASDAQ,Advertising/Marketing Services,19.57,19.75,20.36,20.72,22.56,21.12,18.04,16.79,19.82,20.38,19.99,19.4,4.21,5.13,1.0,1763299.3,1578757.3666666667,30896282.0,32703959.0,3.96,0.0,3471700265.1281524,-6.09,204,-4.95,218,73.34,77,20.76,-2.59,-3.86,0.78,0.59,16.9,0.144,29.46,False,False,False,True,False,True,True,True,False,True,False,True,True,True,True,False,2026-11-11,False,False,6,,"near21, ADR, RVOL",6,https://www.tradingview.com/chart/?symbol=NASDAQ:PTRN&interval=D,False,False,False
VSAT,"ViaSat, Inc.",NASDAQ,Telecommunications Equipment,76.38,73.65,72.14,75.12,74.9,72.78,65.5,59.02,73.14,73.49,77.43,72.5,5.05,5.56,4.25,1830170.9,1699235.0,129787569.0,127651064.0,2.7,2.29,10521788559.433853,-0.65,154,14.62,134,46.88,123,20.28,0.36,5.88,0.71,1.16,91.4,0.16,20.8,True,True,False,True,False,True,False,False,False,True,True,False,True,True,True,False,2026-11-11,False,True,4,"LoD>60% ATR, large gap","near21, RVOL",5,https://www.tradingview.com/chart/?symbol=NASDAQ:VSAT&interval=D,False,False,False
KEEL,Keel Infrastructure Corp.,NASDAQ,Data Processing Services,4.01,3.57,3.43,3.43,3.73,4.35,3.67,3.41,3.56,3.53,4.09,3.64,6.04,8.18,0.33,36066049.1,38262816.43333333,153433894.0,131369003.0,2.04,3.32,2476468384.263158,23.77,30,-36.15,393,70.64,80,19.42,0.92,17.05,1.66,1.37,112.9,0.262,23.51,False,True,True,True,False,False,False,False,False,False,True,False,True,True,True,False,2026-11-16,False,True,4,"LoD>60% ATR, large gap","EMA, RVOL",4,https://www.tradingview.com/chart/?symbol=NASDAQ:KEEL&interval=D,False,False,False
AFRM,"Affirm Holdings, Inc.",NASDAQ,Finance/Rental/Leasing,71.21,71.06,73.34,74.16,74.94,72.85,65.54,66.69,71.65,72.76,71.31,69.61,4.69,5.04,3.59,4013623.2,4899325.333333333,348880957.0,363353564.0,0.97,0.55,24027766937.91391,-2.92,172,-0.97,194,61.69,93,19.27,-0.99,-2.91,0.42,0.47,44.5,0.167,13.19,False,False,False,True,True,True,True,True,False,True,False,True,False,True,False,False,2026-11-11,False,False,6,,"near21, ADR",7,https://www.tradingview.com/chart/?symbol=NASDAQ:AFRM&interval=D,False,False,False
NBIS,Nebius Group N.V.,NASDAQ,Packaged Software,223.54,223.37,217.4,222.21,211.96,215.88,183.37,160.71,218.81,218.97,224.65,210.3,5.96,7.73,17.28,16752614.2,20421347.0,4564987908.0,4537922816.0,1.35,-0.04,60770519645.51923,-3.78,181,-25.04,335,85.55,66,18.91,0.71,2.83,0.27,0.83,76.6,0.206,28.03,True,True,False,True,True,True,True,False,False,True,False,False,False,True,True,False,2026-10-22,False,False,5,LoD>60% ATR,"near21, RVOL",7,https://www.tradingview.com/chart/?symbol=NASDAQ:NBIS&interval=D,False,False,False
ARXS,"Arxis, Inc.",NASDAQ,Aerospace & Defense,52.02,51.37,52.04,53.77,50.79,45.4,,,51.16,51.82,52.92,49.2,4.29,4.85,2.52,1034920.7,684624.0333333333,35614142.0,36811550.0,4.39,-0.14,22411586467.42334,-9.18,241,28.73,85,36.89,143,18.81,0.5,-0.04,0.08,1.48,111.6,0.113,12.77,False,False,False,False,True,True,False,False,False,True,True,False,True,True,True,False,2026-12-02,False,False,4,"LoD>60% ATR, below 200-MA","near21, RVOL",3,https://www.tradingview.com/chart/?symbol=NASDAQ:ARXS&interval=D,False,False,False
CLF,Cleveland-Cliffs Inc.,NYSE,Steel,12.5,12.16,11.92,11.94,11.47,11.45,10.78,11.43,12.17,12.0,12.82,12.36,4.07,4.74,0.59,11750330.3,13727285.566666666,171591070.0,163835153.0,1.86,-0.47,7131750616.183387,3.73,108,-1.65,196,54.32,110,18.8,1.9,4.83,0.88,0.79,24.5,0.142,11.02,True,True,True,True,False,True,True,False,False,True,False,True,True,True,True,False,2026-10-26,False,False,6,,"EMA, near21, RVOL",8,https://www.tradingview.com/chart/?symbol=NYSE:CLF&interval=D,False,False,False
AUR,"Aurora Innovation, Inc.",NASDAQ,Packaged Software,6.31,6.42,6.12,6.32,6.31,6.5,5.84,5.46,6.34,6.3,6.53,6.29,4.75,5.3,0.33,29731207.5,30238031.366666667,190801978.0,191038843.0,1.45,0.23,12646161559.457628,1.94,132,2.1,176,51.68,115,18.57,-0.01,3.1,0.04,0.72,6.0,0.228,16.42,False,False,False,True,False,True,True,False,False,True,False,True,False,True,True,False,2026-11-04,False,False,6,,"near21, RVOL",5,https://www.tradingview.com/chart/?symbol=NASDAQ:AUR&interval=D,False,False,False
NWL,Newell Brands Inc.,NASDAQ,Industrial Machinery,5.48,5.84,5.93,5.97,5.75,5.11,4.76,4.59,5.76,5.85,5.59,5.45,5.22,5.24,0.29,6699176.5,6767747.9,37087258.0,40437294.0,1.46,-1.78,2333932022.4670234,-8.36,229,9.16,149,54.8,108,18.53,-0.88,-7.67,1.2,0.49,10.5,0.144,24.61,False,False,False,True,False,True,True,True,False,True,False,True,False,False,True,False,2026-10-23,False,False,5,thin RVOL,"near21, ADR, RVOL",6,https://www.tradingview.com/chart/?symbol=NASDAQ:NWL&interval=D,False,False,False
CLSK,"CleanSpark, Inc.",NASDAQ,Data Processing Services,14.47,13.24,12.62,12.4,12.98,14.06,12.75,12.59,13.19,12.9,14.49,13.39,5.94,6.96,1.01,17964284.8,18878679.5,273174492.0,234133383.0,1.7,3.15,3716143219.1370792,23.31,31,-16.45,278,47.8,120,18.22,1.65,14.63,1.74,1.09,107.2,0.265,10.14,True,True,True,True,False,False,False,False,False,False,True,False,True,True,True,False,2026-12-16,False,True,4,"LoD>60% ATR, large gap","EMA, RVOL",5,https://www.tradingview.com/chart/?symbol=NASDAQ:CLSK&interval=D,False,False,False
DUOL,"Duolingo, Inc.",NASDAQ,Packaged Software,141.9,147.12,148.23,144.75,139.13,127.42,118.62,129.92,147.27,146.17,146.63,141.85,4.87,5.26,7.46,1188269.7,1202324.8,170609889.0,174042126.0,1.16,-0.41,6638935446.987084,-4.75,189,14.71,133,44.57,129,18.18,0.38,-4.27,0.56,0.64,0.7,0.153,20.87,False,False,False,True,False,True,True,True,False,True,False,True,False,False,False,False,2026-11-11,False,False,5,thin RVOL,"near21, ADR",6,https://www.tradingview.com/chart/?symbol=NASDAQ:DUOL&interval=D,False,False,False
W,Wayfair Inc.,NYSE,Specialty Stores,102.46,101.22,100.94,101.78,97.68,86.39,83.11,88.0,101.65,100.89,103.73,100.34,4.21,4.65,4.77,2450136.0,2368334.3333333335,242659536.0,241060121.0,1.21,0.88,14033757643.611708,-1.48,164,20.75,105,34.59,147,17.95,1.05,1.5,0.34,0.71,44.5,0.13,17.68,True,True,True,True,True,True,True,False,False,True,False,True,False,True,True,False,2026-10-29,False,False,6,,"EMA, near21, RVOL",9,https://www.tradingview.com/chart/?symbol=NYSE:W&interval=D,False,False,False
ERO,Ero Copper Corp.,NYSE,Other Metals/Minerals,34.17,34.75,36.29,35.84,32.11,29.93,29.5,29.47,34.38,34.72,34.22,33.17,4.72,5.7,1.95,1304437.7,1641166.8666666667,56078672.0,58814497.0,0.71,1.44,3564021021.110801,-0.7,156,12.14,140,42.2,133,17.88,1.12,-5.83,0.28,0.54,51.3,0.278,19.95,False,False,False,True,False,True,True,True,False,True,False,True,False,False,False,False,2026-11-10,False,False,5,thin RVOL,"near21, ADR",6,https://www.tradingview.com/chart/?symbol=NYSE:ERO&interval=D,False,False,False
SEZL,Sezzle Inc.,NASDAQ,Packaged Software,116.55,118.09,119.75,120.65,139.86,132.8,111.74,100.99,118.01,121.77,117.16,112.57,4.23,5.73,6.67,374527.29999999993,652814.0666666667,76085479.0,78758971.0,1.33,0.27,3924823003.197294,-0.52,152,-23.87,330,76.22,73,17.27,-2.91,-2.67,0.75,0.69,59.6,0.108,33.34,False,False,False,True,True,True,True,False,False,True,False,True,False,False,True,False,2026-11-05,False,False,5,thin RVOL,"near21, RVOL",6,https://www.tradingview.com/chart/?symbol=NASDAQ:SEZL&interval=D,False,False,False
BHVN,Biohaven Ltd.,NYSE,Pharmaceuticals: Major,13.62,13.54,14.42,14.39,14.4,13.05,12.06,11.88,13.55,13.99,14.37,13.46,7.52,8.38,1.14,3846034.4,3315519.9,45157381.0,47700385.0,1.88,1.3,2057216300.0734339,-2.3,169,-0.51,190,53.03,112,16.74,-0.65,-5.54,0.32,0.8,14.0,0.388,18.63,False,False,False,True,False,True,True,False,False,True,False,True,True,True,True,False,2026-11-17,False,False,6,,"near21, RVOL",5,https://www.tradingview.com/chart/?symbol=NYSE:BHVN&interval=D,False,False,False
VSXY,Victorias Secret & Co.,NYSE,Apparel/Footwear Retail,77.93,75.53,80.58,84.02,84.78,75.0,67.3,64.58,76.89,79.66,78.33,76.34,4.66,5.25,4.09,2275843.6,1950034.5666666667,151966194.0,163851004.0,1.69,-0.83,6216011757.695792,-8.67,235,-3.36,208,61.61,94,16.53,-1.54,-3.28,0.41,0.49,38.8,0.303,25.91,False,False,False,True,False,True,True,True,False,True,False,True,True,True,True,False,2026-12-02,False,False,6,,"near21, ADR, RVOL",6,https://www.tradingview.com/chart/?symbol=NYSE:VSXY&interval=D,False,False,False
OMDA,"Omada Health, Inc.",NASDAQ,Internet Software/Services,20.43,20.78,22.23,22.84,22.33,20.06,17.74,17.08,20.78,21.6,20.74,19.64,5.49,5.53,1.13,1785120.4,1516281.9,30977639.0,34632889.0,5.33,-0.15,1250657206.7564297,-15.26,336,18.09,115,46.66,124,16.5,-1.54,-8.1,0.97,0.97,69.9,0.306,25.71,False,False,False,True,False,True,True,False,False,True,False,False,True,True,True,False,2026-11-05,False,False,5,LoD>60% ATR,"near21, RVOL",4,https://www.tradingview.com/chart/?symbol=NASDAQ:OMDA&interval=D,False,False,False
WAY,Waystar Holding Corp.,NASDAQ,Packaged Software,25.66,25.0,25.2,25.01,24.02,22.09,22.93,24.78,25.48,25.09,26.95,25.65,4.05,4.48,1.15,2380860.2,2414760.6,61962757.0,60393968.0,1.26,1.66,4920264713.509619,4.61,102,41.14,59,3.26,254,16.34,1.52,1.83,0.51,1.13,0.9,0.166,12.11,True,True,True,True,True,True,False,False,False,True,True,True,False,False,True,False,2026-11-11,False,False,5,thin RVOL,"EMA, near21, RVOL",8,https://www.tradingview.com/chart/?symbol=NASDAQ:WAY&interval=D,False,False,False
SITM,SiTime Corporation,NASDAQ,Semiconductors,614.27,590.94,585.77,617.5,597.65,645.19,563.5,514.05,588.12,593.64,619.99,601.21,5.26,6.81,41.81,513381.9,421342.0,258817750.0,260180721.0,2.46,3.0,18471734152.256413,-10.2,255,-13.18,259,72.33,79,16.32,0.41,4.87,0.51,0.45,31.2,0.167,21.35,False,True,False,True,False,True,True,True,False,True,False,True,True,True,True,False,2026-11-04,False,True,5,large gap,"near21, ADR, RVOL",7,https://www.tradingview.com/chart/?symbol=NASDAQ:SITM&interval=D,False,False,False
TARS,"Tarsus Pharmaceuticals, Inc.",NASDAQ,Pharmaceuticals: Major,78.09,81.41,77.98,75.21,68.77,65.69,66.79,68.79,79.18,77.24,79.1,77.33,4.91,4.12,3.22,802023.5,762693.9,59558767.0,57363861.0,0.86,-0.46,3426823073.7695813,8.46,71,23.21,98,16.99,201,16.22,3.29,0.14,0.27,0.55,23.6,0.28,20.14,False,False,False,True,True,True,True,True,False,True,False,True,False,False,False,False,2026-11-10,False,False,5,thin RVOL,"near21, ADR",7,https://www.tradingview.com/chart/?symbol=NASDAQ:TARS&interval=D,False,False,False
CCC,CCC Intelligent Solutions Holdings Inc.,NASDAQ,Packaged Software,6.55,6.8,7.09,7.08,6.69,5.76,5.73,6.18,6.75,6.87,6.62,6.43,4.77,4.89,0.32,14835824.2,10813261.266666668,70826861.0,76561494.0,1.95,0.0,3857915162.931818,-8.39,231,49.54,49,7.2,240,16.12,-0.42,-7.66,0.95,0.58,37.4,0.215,20.83,False,False,False,True,False,True,True,True,False,True,False,True,True,True,True,False,2026-10-29,False,False,6,,"near21, ADR, RVOL",6,https://www.tradingview.com/chart/?symbol=NASDAQ:CCC&interval=D,False,False,False
SNAP,Snap Inc.,NYSE,Packaged Software,5.53,5.6,5.55,5.46,5.18,5.29,5.2,5.74,5.61,5.52,5.65,5.51,4.84,5.15,0.28,33709552.5,36035132.96666667,199274285.0,196847920.0,0.83,-0.18,9352323855.532743,8.01,75,17.41,120,21.54,187,15.65,1.31,-0.4,0.03,0.49,7.0,0.132,10.15,False,False,False,False,True,True,True,True,False,True,False,True,False,False,False,False,2026-10-15,False,False,4,"thin RVOL, below 200-MA","near21, ADR",6,https://www.tradingview.com/chart/?symbol=NYSE:SNAP&interval=D,False,False,False
SRPT,"Sarepta Therapeutics, Inc.",NASDAQ,Pharmaceuticals: Major,20.11,20.86,20.75,19.91,18.55,18.28,18.62,19.27,20.63,20.34,20.74,19.62,6.73,6.77,1.36,3349844.7,3048282.533333333,61300962.0,60676064.0,2.1,-0.19,2124159415.5916784,7.31,81,17.95,116,20.56,189,15.27,1.24,-3.07,0.16,0.82,36.0,0.252,12.83,False,False,False,True,False,True,True,False,False,True,False,True,True,True,True,False,2026-11-04,False,False,6,,"near21, RVOL",5,https://www.tradingview.com/chart/?symbol=NASDAQ:SRPT&interval=D,False,False,False
MDB,"MongoDB, Inc.",NASDAQ,Packaged Software,383.56,373.25,395.58,409.03,377.84,351.25,325.27,344.39,383.08,388.74,397.39,381.48,4.7,5.54,21.25,1664894.7,1837577.7333333334,704821315.0,751628095.0,0.71,0.77,30898192006.12719,-12.29,286,14.98,129,42.94,131,15.21,0.27,-3.04,0.24,0.75,9.8,0.301,18.33,False,False,False,True,False,True,True,False,False,True,False,True,False,True,False,False,2026-12-07,False,False,6,,near21,5,https://www.tradingview.com/chart/?symbol=NASDAQ:MDB&interval=D,False,False,False
IOT,Samsara Inc.,NYSE,Packaged Software,39.55,40.06,39.92,39.88,38.58,35.33,33.59,33.8,40.07,39.75,40.44,38.97,5.73,5.78,2.29,9487873.7,6904575.166666667,273075948.0,275356759.0,0.73,1.05,23160686204.80125,-0.48,151,26.8,91,19.09,191,15.14,0.44,-0.92,0.09,0.64,25.4,0.138,16.35,False,False,False,True,True,True,True,True,False,True,False,True,False,True,False,False,2026-11-26,False,False,6,,"near21, ADR",7,https://www.tradingview.com/chart/?symbol=NYSE:IOT&interval=D,False,False,False
BSP,Bending Spoons S.p.A.,NASDAQ,Packaged Software,38.08,39.11,40.63,41.66,38.89,,,,39.36,39.95,39.04,37.5,6.25,7.54,2.87,2003408.5,1958840.4333333333,74592644.0,81607251.0,1.34,0.78,24189151329.245136,-2.11,167,22.84,99,22.84,180,14.52,-0.28,-6.28,0.62,0.54,20.2,0.196,4.58,False,False,False,False,False,True,True,True,False,True,False,True,False,True,True,True,2026-12-02,False,False,5,below 200-MA,"near21, ADR, RVOL",6,https://www.tradingview.com/chart/?symbol=NASDAQ:BSP&interval=D,False,False,False
COIN,"Coinbase Global, Inc.",NASDAQ,Investment Banks/Brokers,194.25,178.21,180.95,171.69,166.66,171.25,176.05,189.22,179.07,176.25,196.21,177.67,5.38,6.47,12.58,11048538.8,10322260.433333334,2005099089.0,1772194486.0,2.13,2.41,51250337250.0,31.69,19,15.8,123,-4.07,276,14.47,2.56,7.35,1.58,1.47,131.8,0.176,11.61,True,True,True,True,False,False,False,False,False,False,True,False,True,True,True,False,2026-10-29,False,True,4,"LoD>60% ATR, large gap","EMA, RVOL",5,https://www.tradingview.com/chart/?symbol=NASDAQ:COIN&interval=D,True,False,False
ACHC,"Acadia Healthcare Company, Inc.",NASDAQ,Medical/Nursing Services,28.33,28.14,28.45,28.94,30.21,28.14,26.64,23.5,28.27,28.57,29.27,27.75,4.38,5.0,1.42,1333928.3,1484860.5333333334,42066099.0,42964934.0,2.27,-0.03,2637530688.7285666,2.02,131,18.63,112,22.22,182,14.29,-1.25,-0.44,0.17,1.07,41.0,0.118,23.71,False,False,False,True,True,True,False,False,False,True,True,True,True,True,True,False,2026-11-04,False,False,6,,"near21, RVOL",5,https://www.tradingview.com/chart/?symbol=NASDAQ:ACHC&interval=D,False,False,False
EAT,"Brinker International, Inc.",NYSE,Restaurants,196.71,211.97,224.76,227.83,216.3,183.41,171.07,166.89,210.68,217.51,200.99,192.5,4.63,4.95,9.74,1943251.9,1306658.0,257032695.0,297691537.0,7.15,0.33,8215595180.580276,-16.78,357,22.17,100,36.02,145,13.81,-1.83,-12.48,1.93,0.87,43.2,0.28,29.41,False,False,False,True,False,False,True,False,False,False,False,True,True,True,True,False,2026-11-04,False,False,6,,RVOL,4,https://www.tradingview.com/chart/?symbol=NYSE:EAT&interval=D,False,False,False
INFQ,"Infleqtion, Inc.",NYSE,Computer Processing Hardware,13.23,13.1,13.19,12.93,11.76,12.76,12.51,13.26,13.11,12.93,14.09,12.66,5.84,7.09,0.94,8938098.9,9283560.433333334,122821505.0,120055004.0,2.01,1.08,2981473571.0454545,3.52,109,-2.65,202,39.26,138,13.38,1.76,0.31,0.33,1.52,60.2,0.156,11.34,False,True,True,False,True,True,False,False,False,True,True,False,True,True,True,False,2026-12-02,False,False,4,"LoD>60% ATR, below 200-MA","EMA, near21, RVOL",5,https://www.tradingview.com/chart/?symbol=NYSE:INFQ&interval=D,False,False,False
SG,"Sweetgreen, Inc.",NYSE,Restaurants,7.22,6.91,6.87,6.55,6.55,7.38,6.84,6.83,6.91,6.8,7.26,6.92,5.85,6.09,0.44,5128959.6,5539013.733333333,39991679.0,36295311.0,1.22,1.61,859478324.2777778,21.34,38,-15.85,271,34.45,148,13.31,1.68,5.03,1.03,0.77,68.2,0.109,11.42,False,True,True,True,False,True,True,False,False,True,False,False,False,False,True,False,2026-11-05,False,False,4,"LoD>60% ATR, thin RVOL","EMA, near21, RVOL",6,https://www.tradingview.com/chart/?symbol=NYSE:SG&interval=D,False,False,False
BETA,"Beta Technologies, Inc.",NYSE,Aerospace & Defense,20.9,20.87,21.21,22.51,21.05,18.94,18.33,20.33,20.95,21.25,22.35,20.42,6.75,7.53,1.57,5278554.3,3240465.2666666666,67725724.0,72936392.0,8.74,1.38,4889368309.064516,-22.01,410,31.12,78,30.38,158,13.16,-0.1,-1.48,0.22,1.23,30.5,0.24,13.78,False,False,False,True,True,True,False,False,False,True,True,True,True,True,True,False,2026-12-03,False,False,6,,"near21, RVOL",5,https://www.tradingview.com/chart/?symbol=NYSE:BETA&interval=D,False,False,False
CBRL,"Cracker Barrel Old Country Store, Inc.",NASDAQ,Restaurants,45.06,48.52,52.34,54.01,54.13,46.32,40.73,37.91,47.89,50.79,45.15,43.7,4.94,5.18,2.34,967294.6,815304.8666666667,36737637.0,44030675.0,1.3,-0.14,1007156812.7248632,-22.18,411,0.56,188,60.36,101,12.91,-3.23,-13.9,2.18,0.62,58.2,0.367,36.02,False,False,False,True,False,False,True,True,False,True,False,True,False,False,True,False,2026-09-23,False,False,5,thin RVOL,"ADR, RVOL",5,https://www.tradingview.com/chart/?symbol=NASDAQ:CBRL&interval=D,False,False,False
FIGR,"Figure Technology Solutions, Inc.",NASDAQ,Finance/Rental/Leasing,35.49,35.52,36.25,34.95,32.47,32.76,32.96,36.87,35.02,34.94,36.55,34.3,7.33,7.29,2.59,5071645.2,4904556.566666666,174062713.0,171410982.0,3.27,2.15,7963170342.362207,1.17,138,29.45,83,7.77,237,12.8,1.28,-2.1,0.22,0.87,46.0,0.237,12.4,False,False,True,False,True,True,True,False,False,True,False,True,True,True,True,False,2026-11-12,False,True,4,"below 200-MA, large gap","EMA, near21, RVOL",6,https://www.tradingview.com/chart/?symbol=NASDAQ:FIGR&interval=D,False,False,False
TDW,Tidewater Inc.,NYSE,Marine Shipping,86.69,90.73,92.34,92.23,85.8,80.82,80.73,75.03,90.15,90.56,87.86,85.72,4.42,4.2,3.64,645401.0,617376.2666666667,53520349.0,56943288.0,1.8,-0.18,4313367616.305476,-8.75,237,28.72,86,16.75,204,12.24,0.25,-6.12,1.02,0.59,26.7,0.137,19.96,False,False,False,True,False,True,True,True,False,True,False,True,True,True,True,False,2026-11-11,False,False,6,,"near21, ADR, RVOL",6,https://www.tradingview.com/chart/?symbol=NYSE:TDW&interval=D,False,False,False
BRZE,"Braze, Inc.",NASDAQ,Internet Software/Services,24.43,25.95,29.26,29.12,27.52,24.96,23.43,24.62,26.19,27.54,24.95,24.25,5.57,6.62,1.62,3626953.2,2882103.1333333333,70409780.0,83927804.0,0.64,0.08,2774867582.860409,-14.97,331,21.18,104,30.02,159,12.08,-1.7,-16.51,1.71,0.43,11.1,0.539,23.84,False,False,False,False,False,False,True,True,False,True,False,True,False,False,False,False,2026-12-15,False,False,4,"thin RVOL, below 200-MA",ADR,4,https://www.tradingview.com/chart/?symbol=NASDAQ:BRZE&interval=D,False,False,False
AGCO,AGCO Corporation,NYSE,Trucks/Construction/Farm Machinery,119.79,123.8,119.74,113.47,113.16,114.27,117.06,115.87,121.49,118.96,121.32,118.5,4.23,3.79,4.54,1209846.4,1140795.9666666666,136655949.0,129443456.0,1.53,-0.26,8389100079.339806,21.55,36,6.13,163,7.88,236,11.85,1.55,0.04,0.18,0.62,28.4,0.23,8.88,False,False,False,True,True,True,True,True,False,True,False,True,True,True,True,False,2026-11-03,False,False,6,,"near21, ADR, RVOL",7,https://www.tradingview.com/chart/?symbol=NYSE:AGCO&interval=D,False,False,False
SANM,Sanmina Corporation,NASDAQ,Electronic Production Equipment,199.56,200.84,196.86,198.95,199.5,220.3,194.95,185.56,198.53,198.78,200.41,195.32,4.36,5.25,10.47,505048.7,570663.7666666667,113881661.0,113536219.0,1.89,0.87,10695888008.78119,-0.62,153,-20.04,307,54.73,109,11.36,0.01,1.37,0.07,0.49,40.5,0.148,17.41,False,False,False,True,True,True,True,True,False,True,False,True,True,True,True,False,2026-11-09,False,False,6,,"near21, ADR, RVOL",7,https://www.tradingview.com/chart/?symbol=NASDAQ:SANM&interval=D,False,False,False
CCXI,Churchill Capital Corp. XI Class A,NASDAQ,Financial Conglomerates,12.9,12.64,13.31,14.21,14.44,12.94,,,12.68,13.29,13.03,12.13,5.02,6.66,0.86,2413707.4,2377624.8666666667,30671361.0,33787238.0,1.28,0.46,718530008.5465839,-21.72,409,25.61,92,27.0,168,10.3,-1.6,-3.1,0.44,1.05,89.7,0.265,13.88,False,False,False,False,False,True,False,False,False,True,True,False,False,False,True,False,,False,False,3,"LoD>60% ATR, thin RVOL, below 200-MA","near21, RVOL",2,https://www.tradingview.com/chart/?symbol=NASDAQ:CCXI&interval=D,False,False,False
OUST,"Ouster, Inc.",NASDAQ,Semiconductors,35.05,35.1,35.34,38.22,38.48,38.84,32.99,30.6,34.92,36.13,35.83,33.72,4.6,7.1,2.49,1905181.6,2364885.6333333333,82889241.0,90378046.0,1.33,1.46,2527537403.6766806,-18.49,382,-17.22,284,66.04,86,10.11,-1.25,-0.81,0.42,0.85,53.4,0.154,23.51,False,False,False,True,True,True,True,False,False,True,False,True,False,False,True,False,2026-11-05,False,False,5,thin RVOL,"near21, RVOL",6,https://www.tradingview.com/chart/?symbol=NASDAQ:OUST&interval=D,False,False,False
RELY,"Remitly Global, Inc.",NASDAQ,Miscellaneous Commercial Services,21.93,22.89,24.64,24.72,24.35,22.96,20.94,19.15,22.86,23.78,22.28,21.56,4.99,4.96,1.09,4484813.1,3793586.2666666666,83193347.0,93785672.0,2.24,-0.64,4642231151.40635,-14.64,324,5.79,164,39.15,139,10.1,-2.0,-11.0,1.57,0.65,33.7,0.335,25.06,False,False,False,True,False,False,True,True,False,True,False,True,True,True,True,False,2026-11-04,False,False,6,,"ADR, RVOL",5,https://www.tradingview.com/chart/?symbol=NASDAQ:RELY&interval=D,False,False,False
NUAI,"New Era Energy & Digital, Inc.",NASDAQ,Engineering & Construction,5.86,5.85,5.4,5.37,5.13,5.06,4.92,4.86,5.68,5.52,6.25,5.7,7.85,8.91,0.52,6795575.5,6005968.9,35194978.0,32236037.0,1.32,7.14,624437689.635112,14.23,49,-3.78,212,19.84,190,10.1,1.59,8.54,0.7,1.05,30.6,0.406,16.94,True,True,True,True,False,True,False,False,False,True,True,True,False,False,True,False,2026-12-02,False,True,4,"thin RVOL, large gap","EMA, near21, RVOL",7,https://www.tradingview.com/chart/?symbol=NASDAQ:NUAI&interval=D,False,False,False
VSH,"Vishay Intertechnology, Inc.",NYSE,Electronic Production Equipment,32.51,31.74,31.24,32.05,34.17,40.92,33.96,29.7,31.7,32.03,32.77,31.74,4.23,5.88,1.91,3184707.4,3597034.966666667,116939607.0,115284971.0,1.27,1.54,4986365066.686656,-4.97,192,-49.38,434,84.35,67,10.0,-0.83,4.06,0.25,0.54,40.0,0.102,34.5,False,False,False,True,False,True,True,True,False,True,False,True,False,False,True,False,2026-11-11,False,False,5,thin RVOL,"near21, ADR, RVOL",6,https://www.tradingview.com/chart/?symbol=NYSE:VSH&interval=D,False,False,False
FLEX,Flex Ltd.,NASDAQ,Electronic Production Equipment,108.51,110.2,109.8,113.6,116.84,127.76,108.33,97.23,109.55,111.42,109.64,107.51,4.08,5.2,5.64,3704222.7000000007,3123265.066666658,338905492.0,354802912.0,3.05,0.49,40083913315.20969,-10.78,265,-26.19,341,66.73,85,9.92,-1.37,-1.17,0.5,0.38,17.7,0.1,28.13,False,False,False,True,True,True,True,True,False,True,False,True,True,True,True,False,2026-11-04,False,False,6,,"near21, ADR, RVOL",7,https://www.tradingview.com/chart/?symbol=NASDAQ:FLEX&interval=D,False,False,False
CF,"CF Industries Holdings, Inc.",NYSE,Chemicals: Agricultural,127.7,133.43,132.01,127.72,125.26,120.3,119.31,110.54,132.3,130.68,132.86,127.51,4.27,4.27,5.45,2646256.500000006,2619307.3333333493,334485546.0,334527455.0,1.92,-0.82,19325878918.918697,5.94,89,21.9,101,1.71,259,9.85,0.46,-3.27,0.53,0.98,3.5,0.126,17.92,False,False,False,True,False,True,True,False,False,True,False,True,True,True,True,False,2026-11-04,False,False,6,,"near21, RVOL",5,https://www.tradingview.com/chart/?symbol=NYSE:CF&interval=D,False,False,False
EXK,Endeavour Silver Corporation,NYSE,Precious Metals,10.21,10.34,10.62,10.54,9.5,9.27,9.68,9.93,10.23,10.29,10.39,10.02,4.61,5.77,0.59,7804054.7,8838447.333333334,90240547.0,93113043.0,0.93,1.47,3023634992.2387643,-1.35,162,14.72,132,16.02,205,9.8,1.29,-3.83,0.13,0.64,33.1,0.211,13.2,False,False,False,True,False,True,True,False,False,True,False,True,False,False,False,False,2026-11-10,False,False,5,thin RVOL,near21,5,https://www.tradingview.com/chart/?symbol=NYSE:EXK&interval=D,False,False,False
AI,"C3.ai, Inc.",NYSE,Packaged Software,10.48,10.61,10.47,10.37,9.83,9.76,9.51,10.48,10.61,10.45,11.08,10.44,4.76,4.84,0.51,5303632.1,5185178.7,54340673.0,53784130.0,1.76,0.65,1648292906.7458258,5.43,93,1.55,182,22.14,183,9.71,1.37,0.06,0.05,1.27,8.9,0.129,10.57,False,False,False,False,True,True,False,False,False,True,True,True,True,True,True,False,2026-12-09,False,False,5,below 200-MA,"near21, RVOL",4,https://www.tradingview.com/chart/?symbol=NYSE:AI&interval=D,False,False,False
MNDY,monday.com Ltd.,NASDAQ,Packaged Software,85.13,88.75,92.39,91.28,87.95,82.43,78.64,92.3,90.25,90.58,90.71,84.9,5.66,6.44,5.48,1278586.5,1404612.5333333334,119574665.0,128220055.0,1.23,0.43,3598795575.5617447,-3.05,173,17.58,118,14.48,208,9.67,-0.5,-7.86,0.93,1.06,4.2,0.24,16.16,False,False,False,False,False,True,False,False,False,True,True,True,False,False,True,False,2026-11-16,False,False,4,"thin RVOL, below 200-MA","near21, RVOL",3,https://www.tradingview.com/chart/?symbol=NASDAQ:MNDY&interval=D,False,False,False
DOCN,"DigitalOcean Holdings, Inc.",NYSE,Packaged Software,130.14,125.08,118.61,121.14,122.05,137.34,116.84,100.8,124.4,122.31,136.97,126.72,6.41,7.26,9.45,3387429.9,2544899.6666666665,331193243.0,308284056.0,3.76,2.24,15301801373.571365,4.15,105,-28.8,359,53.29,111,9.54,0.91,9.72,0.88,1.08,36.2,0.287,28.07,False,True,True,True,False,True,False,False,False,True,True,True,True,True,True,False,2026-11-09,False,True,5,large gap,"EMA, near21, RVOL",6,https://www.tradingview.com/chart/?symbol=NYSE:DOCN&interval=D,False,False,False
LITE,Lumentum Holdings Inc.,NASDAQ,Electrical Products,930.91,912.94,900.18,893.87,841.77,864.54,823.17,713.73,903.1,893.54,951.6,896.0,5.95,7.22,67.2,5132639.1,4869832.5,4533375773.0,4352991495.0,2.04,2.47,83502622790.32541,4.34,103,5.55,166,18.51,193,9.47,1.47,3.41,0.58,0.83,52.0,0.202,21.4,True,True,True,True,False,True,True,False,False,True,False,True,True,True,True,False,2026-11-10,False,True,5,large gap,"EMA, near21, RVOL",8,https://www.tradingview.com/chart/?symbol=NASDAQ:LITE&interval=D,False,False,False
PATH,"UiPath, Inc.",NYSE,Packaged Software,13.39,14.01,15.8,15.78,14.35,12.6,12.06,12.91,14.36,14.92,13.95,13.32,6.53,6.77,0.91,61410816.2,64628661.1,865377772.0,1020098787.0,0.6,0.76,6978274821.05378,-14.17,316,31.27,76,10.84,222,9.32,-0.99,-15.24,1.52,0.69,7.2,0.486,27.87,False,False,False,True,False,False,True,True,False,True,False,True,False,False,False,False,2026-12-09,False,False,5,thin RVOL,ADR,5,https://www.tradingview.com/chart/?symbol=NYSE:PATH&interval=D,False,False,False
AXGN,"Axogen, Inc.",NASDAQ,Medical Specialties,44.23,45.0,47.52,47.82,45.17,43.9,40.33,38.33,45.33,46.21,45.66,44.16,5.15,5.34,2.36,1553638.7,1078978.5,47723219.0,51597651.0,0.73,-0.76,2595040993.4187922,-12.42,289,-2.79,207,40.95,136,8.58,-0.39,-6.92,0.8,0.64,3.0,0.257,20.76,False,False,False,True,False,True,True,True,False,True,False,True,False,False,False,False,2026-11-10,False,False,5,thin RVOL,"near21, ADR",6,https://www.tradingview.com/chart/?symbol=NASDAQ:AXGN&interval=D,False,False,False
QCOM,QUALCOMM Incorporated,NASDAQ,Semiconductors,177.72,179.73,172.27,169.23,168.52,187.28,169.79,168.55,179.63,174.87,192.12,175.97,4.65,4.65,8.27,18071819.4,12129331.5,2155624794.0,2052618468.0,4.08,1.39,186647572988.31052,9.01,67,-19.48,302,35.34,146,8.29,1.17,3.16,0.35,1.95,21.2,0.209,10.56,False,False,False,True,False,True,False,False,False,True,True,True,True,True,True,False,2026-11-11,False,False,6,,"near21, RVOL",4,https://www.tradingview.com/chart/?symbol=NASDAQ:QCOM&interval=D,False,False,False
SVM,Silvercorp Metals Inc.,AMEX,Precious Metals,11.94,11.96,12.36,12.27,11.19,11.51,11.52,11.07,11.95,12.0,12.33,11.76,4.4,5.52,0.66,1792446.9,2472221.566666667,29518326.0,30327566.0,1.18,1.23,2641203461.2209163,-2.77,171,0.67,187,26.75,169,8.22,1.21,-3.37,0.09,0.87,27.3,0.19,10.81,False,False,False,True,False,True,True,False,False,True,False,True,False,False,False,False,2026-11-05,False,False,5,thin RVOL,near21,5,https://www.tradingview.com/chart/?symbol=AMEX:SVM&interval=D,False,False,False
HL,Hecla Mining Company,NYSE,Precious Metals,18.92,19.52,20.03,19.51,17.74,17.27,18.24,19.18,19.27,19.31,19.28,18.58,4.53,5.39,1.02,34385343.8,36148802.36666667,683935341.0,705094440.0,1.64,1.69,12709858130.993671,-0.37,150,17.44,119,7.01,241,8.03,1.23,-5.56,0.38,0.68,32.8,0.189,14.62,False,False,False,False,False,True,True,False,False,True,False,True,True,True,True,False,2026-11-11,False,False,5,below 200-MA,"near21, RVOL",4,https://www.tradingview.com/chart/?symbol=NYSE:HL&interval=D,False,False,False
VG,"Venture Global, Inc.",NYSE,Oil & Gas Pipelines,14.02,14.94,14.7,14.4,13.99,13.17,13.03,11.73,14.74,14.59,14.5,14.02,4.36,4.8,0.67,15487604.7,14234238.9,199564029.0,204973040.0,1.14,-0.14,35051302101.1803,-0.78,158,28.86,84,-4.82,280,7.75,0.05,-4.62,0.82,0.72,0.0,0.135,22.9,False,False,False,True,False,True,True,False,False,True,False,True,False,True,False,False,2026-11-16,False,False,6,,near21,5,https://www.tradingview.com/chart/?symbol=NYSE:VG&interval=D,False,False,False
ETSY,"Etsy, Inc.",NYSE,Internet Retail,72.6,73.17,77.97,78.83,80.58,74.35,67.62,64.8,74.26,76.53,73.5,72.27,4.05,4.15,3.01,3543675.8,3179299.533333333,230817146.0,250633720.0,2.07,0.57,6663354969.712467,-9.81,251,-1.85,198,34.0,149,7.44,-2.39,-6.88,1.24,0.41,10.9,0.259,21.74,False,False,False,True,False,True,True,True,False,True,False,True,True,True,True,False,2026-11-04,False,False,6,,"near21, ADR, RVOL",6,https://www.tradingview.com/chart/?symbol=NYSE:ETSY&interval=D,False,False,False
DSGX,The Descartes Systems Group Inc.,NASDAQ,Packaged Software,77.3,77.11,78.28,78.07,76.19,73.87,72.57,75.27,78.02,77.77,79.76,77.22,4.05,3.95,3.05,873508.3,674345.5333333333,52126910.0,52644245.0,0.99,0.0,6612903346.372451,3.19,112,10.78,144,8.1,234,7.35,0.37,-1.25,0.15,0.83,2.6,0.13,7.39,False,False,False,True,True,True,True,False,False,True,False,True,False,False,False,False,2026-12-09,False,False,5,thin RVOL,near21,6,https://www.tradingview.com/chart/?symbol=NASDAQ:DSGX&interval=D,False,False,False
DJT,Trump Media & Technology Group Corp.,NASDAQ,Advertising/Marketing Services,8.85,8.79,9.11,8.95,9.19,8.82,9.15,10.08,8.82,8.94,8.88,8.65,4.34,5.0,0.44,3047558.5,3821081.8,33816574.0,34195498.0,1.51,0.81,2459780451.981567,8.72,70,9.67,147,3.03,257,7.14,-0.74,-2.8,0.2,0.52,45.2,0.17,14.51,False,False,False,False,True,True,True,True,False,True,False,True,True,True,True,False,,False,False,5,below 200-MA,"near21, ADR, RVOL",6,https://www.tradingview.com/chart/?symbol=NASDAQ:DJT&interval=D,False,False,False
JHX,James Hardie Industries plc.,NYSE,Construction Materials,25.82,27.98,28.85,29.38,28.15,25.47,24.1,23.6,27.51,28.25,26.07,25.33,4.04,4.08,1.05,17109465.3,9767846.633333333,252205800.0,286995614.0,6.73,-0.08,14989091429.329216,-13.93,310,2.83,171,32.48,153,7.12,-2.02,-10.5,2.11,0.7,46.5,0.199,20.34,False,False,False,True,False,False,True,True,False,True,False,True,True,True,True,False,2026-11-09,False,False,6,,"ADR, RVOL",5,https://www.tradingview.com/chart/?symbol=NYSE:JHX&interval=D,False,False,False
PTEN,"Patterson-UTI Energy, Inc.",NASDAQ,Oil & Gas Production,11.78,12.47,12.4,12.06,11.21,11.18,10.75,9.78,12.31,12.18,11.99,11.76,4.37,4.59,0.54,8794738.9,7957457.8,93738853.0,95969594.0,2.29,-0.83,4492713877.195344,-3.76,180,15.83,122,9.18,228,7.08,1.12,-5.01,0.72,0.43,4.6,0.142,22.85,False,False,False,True,False,True,True,True,False,True,False,True,True,True,True,False,2026-10-28,False,False,6,,"near21, ADR, RVOL",6,https://www.tradingview.com/chart/?symbol=NASDAQ:PTEN&interval=D,False,False,False
EXPE,"Expedia Group, Inc.",NASDAQ,Other Consumer Services,279.35,283.47,302.39,309.02,297.82,267.88,255.89,260.17,288.08,295.52,287.49,276.68,4.15,4.3,12.02,2186940.7,1667956.4666666666,465943639.0,515424958.0,1.64,-0.04,33527274856.440346,-13.82,306,15.41,126,17.11,200,6.24,-1.44,-7.62,1.27,0.9,22.2,0.287,16.65,False,False,False,True,False,True,True,False,False,True,False,True,True,True,True,False,2026-10-29,False,False,6,,"near21, RVOL",5,https://www.tradingview.com/chart/?symbol=NASDAQ:EXPE&interval=D,False,False,False
IBRX,"ImmunityBio, Inc.",NASDAQ,Pharmaceuticals: Major,8.48,8.14,8.08,7.96,7.75,7.76,7.89,6.87,8.18,8.06,8.53,8.2,4.9,5.48,0.46,10771464.9,8607239.1,72989388.0,68553790.0,1.95,0.0,8987411896.170212,4.95,100,18.6,113,-5.09,282,6.15,1.73,4.92,0.95,0.71,60.3,0.121,15.02,True,True,True,True,False,True,True,False,False,True,False,False,True,True,True,False,2026-11-05,False,False,5,LoD>60% ATR,"EMA, near21, RVOL",7,https://www.tradingview.com/chart/?symbol=NASDAQ:IBRX&interval=D,False,False,False
CDE,"Coeur Mining, Inc.",NYSE,Precious Metals,19.76,20.23,20.73,20.15,18.26,17.9,18.9,19.16,20.1,20.04,20.48,19.6,4.5,5.41,1.07,33274313.6,36800834.36666667,727184487.0,741708550.0,1.92,2.5,20311996292.292294,0.74,141,11.45,141,6.18,244,6.12,1.52,-4.68,0.26,0.82,14.6,0.148,14.32,False,False,False,True,False,True,True,False,False,True,False,True,True,True,True,False,2026-11-11,False,True,5,large gap,"near21, RVOL",5,https://www.tradingview.com/chart/?symbol=NYSE:CDE&interval=D,False,False,False
HP,"Helmerich & Payne, Inc.",NYSE,Contract Drilling,40.91,43.1,43.4,43.22,39.6,38.52,37.45,35.89,42.68,42.65,41.52,40.9,4.32,4.02,1.65,1232340.0,1397610.7333333334,57176255.0,60398680.0,2.45,-0.24,4088502025.1379642,-7.78,224,14.5,135,11.08,219,5.93,0.82,-5.73,1.01,0.37,0.6,0.151,18.35,False,False,False,True,False,True,True,True,False,True,False,True,True,True,True,False,2026-11-18,False,False,6,,"near21, ADR, RVOL",6,https://www.tradingview.com/chart/?symbol=NYSE:HP&interval=D,False,False,False
RXO,"RXO, Inc.",NYSE,Packaged Software,20.26,19.81,20.55,21.17,22.71,23.55,20.82,19.27,19.97,20.58,20.37,19.55,5.17,5.52,1.12,1947931.0,1608305.8666666667,32584277.0,34047299.0,2.58,-0.6,3341403375.199008,-11.45,275,-19.22,299,48.21,119,5.85,-1.96,-1.43,0.28,0.73,63.5,0.205,21.16,False,False,False,True,True,True,True,False,False,True,False,False,True,True,True,False,2026-11-05,False,False,5,LoD>60% ATR,"near21, RVOL",5,https://www.tradingview.com/chart/?symbol=NYSE:RXO&interval=D,False,False,False
KSS,Kohl's Corporation,NYSE,Department Stores,16.55,17.28,17.71,18.11,18.19,16.78,16.09,17.16,17.11,17.6,16.87,16.47,5.23,5.49,0.91,3719678.0,4325676.3,71589943.0,78332230.0,1.21,0.36,1876380199.931138,-12.15,282,-0.96,193,30.42,157,5.77,-1.64,-6.55,1.09,0.44,8.4,0.205,12.68,False,False,False,False,False,True,True,True,False,True,False,True,False,False,True,False,2026-11-12,False,False,4,"thin RVOL, below 200-MA","near21, ADR, RVOL",5,https://www.tradingview.com/chart/?symbol=NYSE:KSS&interval=D,False,False,False
FIVE,"Five Below, Inc.",NASDAQ,Discount Stores,234.14,243.35,246.35,244.03,229.21,217.38,219.73,212.18,240.79,241.1,239.7,232.86,4.58,4.22,9.87,1244881.8,1190639.4,278776309.0,290552527.0,1.61,-0.73,12890351964.51858,-3.13,176,20.61,106,-0.37,267,5.7,0.51,-4.96,0.68,0.69,13.0,0.126,14.6,False,False,False,True,False,True,True,True,False,True,False,True,True,True,True,False,2026-12-02,False,False,6,,"near21, ADR, RVOL",6,https://www.tradingview.com/chart/?symbol=NASDAQ:FIVE&interval=D,False,False,False
MOS,Mosaic Company (The),NYSE,Chemicals: Agricultural,24.48,25.44,24.94,24.08,23.46,22.84,24.04,24.57,25.08,24.69,25.36,24.46,4.28,4.23,1.03,8553093.5,7983242.566666666,195429778.0,192207209.0,1.46,-0.12,7782085579.973218,13.12,52,8.13,152,-5.23,284,5.34,1.03,-1.83,0.2,0.87,1.9,0.13,10.6,False,False,False,False,True,True,True,False,False,True,False,True,False,False,True,False,2026-11-10,False,False,4,"thin RVOL, below 200-MA","near21, RVOL",5,https://www.tradingview.com/chart/?symbol=NYSE:MOS&interval=D,False,False,False
FSLY,"Fastly, Inc.",NASDAQ,Information Technology Services,23.86,23.18,22.94,24.29,23.08,21.31,22.26,19.19,23.53,23.38,24.98,23.06,7.3,8.07,1.93,6201597.9,5656092.3,134954362.0,137392138.0,1.35,1.24,3800898025.248677,-11.07,269,35.76,67,-9.89,303,4.93,0.42,4.02,0.25,1.0,41.5,0.242,16.71,True,True,True,True,False,True,True,False,False,True,False,True,False,False,True,False,2026-11-04,False,False,5,thin RVOL,"EMA, near21, RVOL",8,https://www.tradingview.com/chart/?symbol=NASDAQ:FSLY&interval=D,False,False,False
PSKY,Paramount Skydance Corporation,NASDAQ,Cable/Satellite TV,10.21,10.67,10.7,10.43,9.7,10.0,10.19,10.78,10.66,10.52,10.62,10.12,4.39,4.26,0.44,20504811.4,13599003.033333333,138845821.0,141889731.0,5.79,-0.33,11455067390.960455,-2.2,168,2.3,175,14.46,209,4.85,1.23,-4.56,0.69,1.15,21.8,0.102,10.6,False,False,False,False,False,True,False,False,False,True,True,True,True,True,True,False,2026-11-16,False,False,5,below 200-MA,"near21, RVOL",3,https://www.tradingview.com/chart/?symbol=NASDAQ:PSKY&interval=D,False,False,False
GLXY,Galaxy Digital Inc.,NASDAQ,Investment Banks/Brokers,24.69,24.27,24.29,23.23,22.92,26.12,24.68,25.02,23.79,23.76,24.76,22.75,6.58,7.3,1.8,4830564.6,5697626.866666666,140674407.0,132355872.0,1.45,2.18,9651051853.51212,20.97,39,-28.05,355,21.03,188,4.65,1.06,1.66,0.53,1.11,107.6,0.22,12.99,False,True,True,False,True,True,False,False,False,True,True,False,False,False,True,False,2026-10-27,False,True,2,"LoD>60% ATR, thin RVOL, below 200-MA, large gap","EMA, near21, RVOL",5,https://www.tradingview.com/chart/?symbol=NASDAQ:GLXY&interval=D,False,False,False
AG,First Majestic Silver Corp.,NYSE,Precious Metals,19.84,19.77,20.37,20.03,18.55,18.79,20.24,20.02,19.64,19.74,19.95,19.27,4.14,5.2,1.03,8696296.7,9612906.033333333,190720056.0,192546508.0,1.24,1.13,9779262339.43025,0.2,147,7.77,154,4.61,247,4.19,1.34,-2.6,0.1,0.66,55.2,0.189,9.18,False,False,False,False,True,True,True,False,False,True,False,True,False,False,True,False,2026-11-11,False,False,4,"thin RVOL, below 200-MA","near21, RVOL",5,https://www.tradingview.com/chart/?symbol=NYSE:AG&interval=D,False,False,False
BTBT,"Bit Digital, Inc.",NASDAQ,Miscellaneous Commercial Services,1.73,1.58,1.54,1.51,1.49,1.67,1.64,1.76,1.56,1.54,1.74,1.56,6.5,7.65,0.13,29721004.4,30736641.933333334,53174391.0,46519908.0,1.2,2.29,623895968.5686275,21.83,34,-17.42,285,8.12,233,4.18,2.1,12.3,1.61,1.36,128.5,0.265,15.4,False,True,True,False,False,False,False,False,False,False,True,False,False,False,False,False,2026-11-12,False,True,2,"LoD>60% ATR, thin RVOL, below 200-MA, large gap",EMA,3,https://www.tradingview.com/chart/?symbol=NASDAQ:BTBT&interval=D,False,False,False
SHOP,Shopify Inc.,NASDAQ,Miscellaneous Commercial Services,128.5,131.22,139.88,143.64,136.08,123.98,123.41,130.35,132.27,136.13,129.4,126.82,4.17,4.45,5.72,9589261.1,7902374.333333333,1015455102.0,1135091781.0,1.15,0.15,165333752754.3331,-12.37,287,19.21,111,5.63,246,4.16,-1.25,-8.13,1.26,0.45,29.3,0.285,12.81,False,False,False,False,False,True,True,True,False,True,False,True,False,True,False,False,2026-10-22,False,False,5,below 200-MA,"near21, ADR",5,https://www.tradingview.com/chart/?symbol=NASDAQ:SHOP&interval=D,False,False,False
CNXC,Concentrix Corporation,NASDAQ,Information Technology Services,27.87,28.66,28.89,27.55,26.34,25.68,27.12,30.34,28.68,28.31,28.7,27.28,6.89,6.45,1.8,1735991.1,1365974.7333333334,38069716.0,37635336.0,4.22,-1.01,1700581493.1732535,16.71,43,8.34,151,-12.88,319,4.06,0.9,-3.54,0.24,0.79,32.8,0.289,16.7,False,False,False,False,False,True,True,True,False,True,False,True,True,True,True,False,2026-09-29,False,False,5,below 200-MA,"near21, ADR, RVOL",5,https://www.tradingview.com/chart/?symbol=NASDAQ:CNXC&interval=D,False,False,False
ATI,ATI Inc.,NYSE,Other Metals/Minerals,191.63,196.2,202.18,209.98,203.0,189.76,177.63,162.83,194.31,199.99,192.34,183.58,4.3,4.63,8.87,1793844.3,1831769.9333333333,351022072.0,384628945.0,2.6,0.58,26094332687.62078,-15.29,337,-4.2,214,31.44,156,3.98,-1.21,-5.22,0.9,0.99,90.7,0.187,20.96,False,False,False,True,False,True,True,False,False,True,False,False,True,True,True,False,2026-11-03,False,False,5,LoD>60% ATR,"near21, RVOL",4,https://www.tradingview.com/chart/?symbol=NYSE:ATI&interval=D,False,False,False
CVNA,Carvana Co.,NYSE,Specialty Stores,65.11,69.63,71.48,71.51,69.21,69.42,68.57,73.08,68.53,69.91,66.57,64.75,4.34,4.92,3.21,7168573.7,7907536.633333334,514859710.0,565502211.0,2.29,0.15,71651193894.23482,-1.09,160,1.1,184,11.83,217,3.95,-1.2,-8.91,1.4,0.57,11.2,0.185,6.92,False,False,False,False,False,True,True,True,False,True,False,True,True,True,True,False,2026-10-29,False,False,5,below 200-MA,"near21, ADR, RVOL",5,https://www.tradingview.com/chart/?symbol=NYSE:CVNA&interval=D,False,False,False
CRCL,"Circle Internet Group, Inc.",NYSE,Packaged Software,91.78,91.32,91.45,85.36,76.71,84.97,89.19,85.88,89.51,87.84,92.55,87.02,6.87,7.52,6.9,16576065.1,15498516.733333332,1422453866.0,1322953388.0,1.9,2.72,23300726498.321774,24.42,29,14.32,136,-28.28,388,3.49,2.61,0.36,0.6,0.8,69.0,0.237,16.06,True,True,True,True,True,True,True,False,False,True,False,False,True,True,True,False,2026-11-18,False,True,4,"LoD>60% ATR, large gap","EMA, near21, RVOL",8,https://www.tradingview.com/chart/?symbol=NYSE:CRCL&interval=D,False,False,False
VOYG,"Voyager Technologies, Inc.",NYSE,Information Technology Services,35.87,34.51,34.49,37.02,33.33,34.85,32.46,31.51,34.89,34.92,37.16,34.36,5.76,6.63,2.38,1648232.1,1474737.6333333333,52898839.0,54600195.0,5.34,1.53,2189112239.1120214,-14.45,318,-8.4,233,32.85,152,3.33,1.15,4.01,0.41,1.18,63.5,0.159,9.31,True,True,False,True,False,True,False,False,False,True,True,False,True,True,True,False,2026-11-09,False,False,5,LoD>60% ATR,"near21, RVOL",5,https://www.tradingview.com/chart/?symbol=NYSE:VOYG&interval=D,False,False,False
LYFT,"Lyft, Inc.",NASDAQ,Other Transportation,15.1,15.61,16.48,16.74,16.27,15.2,14.68,15.73,15.74,16.12,15.5,15.08,4.09,4.26,0.64,11215736.4,10900600.633333333,164599070.0,182421552.0,1.33,-0.65,5715957815.916128,-10.55,262,6.41,162,13.79,210,3.22,-1.69,-8.38,1.49,0.66,3.9,0.237,11.94,False,False,False,False,False,True,True,True,False,True,False,True,False,False,True,False,2026-11-11,False,False,4,"thin RVOL, below 200-MA","near21, ADR, RVOL",5,https://www.tradingview.com/chart/?symbol=NASDAQ:LYFT&interval=D,False,False,False
COMP,"Compass, Inc.",NYSE,Real Estate Development,10.08,10.51,10.81,11.41,11.55,10.33,9.67,10.15,10.5,10.85,10.43,9.96,4.44,5.28,0.53,14247085.8,11264137.933333334,113542510.0,128546342.0,1.9,-1.24,7737857731.511451,-19.42,391,3.7,170,25.22,173,3.17,-2.41,-6.74,1.34,0.87,21.6,0.185,18.64,False,False,False,False,False,True,True,False,False,True,False,True,True,True,True,False,2026-11-11,False,False,5,below 200-MA,"near21, RVOL",4,https://www.tradingview.com/chart/?symbol=NYSE:COMP&interval=D,False,False,False
CLS,"Celestica, Inc.",NYSE,Electronic Components,332.63,326.7,313.4,316.24,323.42,350.32,336.24,328.73,323.95,320.69,339.9,328.92,4.82,5.97,19.85,2132881.8,2284511.466666667,759897049.0,722457714.0,0.72,0.64,41948340460.28982,6.62,84,-15.0,266,17.43,197,3.02,0.48,6.14,0.62,0.55,18.7,0.213,11.1,False,True,True,True,False,True,True,True,False,True,False,True,False,True,False,False,2026-10-26,False,False,6,,"EMA, near21, ADR",8,https://www.tradingview.com/chart/?symbol=NYSE:CLS&interval=D,False,False,False
RBLX,Roblox Corporation,NYSE,Packaged Software,47.82,46.73,43.12,41.27,43.89,45.7,50.46,57.81,46.48,44.45,48.14,46.26,4.63,4.83,2.31,10072513.3,11127742.2,532128632.0,459271595.0,1.37,0.11,34161457161.86653,25.64,27,-2.35,201,-16.23,338,2.36,1.85,10.89,1.57,0.81,67.5,0.383,30.72,False,True,True,False,False,False,True,False,False,False,False,False,False,True,True,False,2026-11-11,False,False,4,"LoD>60% ATR, below 200-MA","EMA, RVOL",4,https://www.tradingview.com/chart/?symbol=NYSE:RBLX&interval=D,False,False,False
CRDO,Credo Technology Group Holding Ltd,NASDAQ,Information Technology Services,175.89,163.56,188.85,210.12,213.66,218.36,186.82,175.83,170.09,185.66,175.98,170.19,5.79,8.13,14.31,8929297.2,7076464.8,1244679394.0,1486886734.0,1.48,1.7,33058863130.394352,-28.5,434,-32.02,372,67.26,83,2.25,-2.17,-6.86,0.65,0.4,39.8,0.673,31.16,False,False,False,True,False,True,True,True,False,True,False,True,False,True,True,False,2026-12-02,False,False,6,,"near21, ADR, RVOL",6,https://www.tradingview.com/chart/?symbol=NASDAQ:CRDO&interval=D,False,False,False
PEGA,Pegasystems Inc.,NASDAQ,Information Technology Services,35.05,36.44,36.04,34.95,33.13,33.31,36.43,40.78,36.3,35.67,36.07,34.78,4.03,4.25,1.49,2586436.2,2138991.966666667,74971668.0,74758482.0,1.71,0.0,5762393018.927086,7.48,80,16.83,121,-17.59,341,2.24,1.36,-2.73,0.41,0.87,18.1,0.153,21.82,False,False,False,False,True,True,True,False,False,True,False,True,True,True,True,False,2026-10-28,False,False,5,below 200-MA,"near21, RVOL",5,https://www.tradingview.com/chart/?symbol=NASDAQ:PEGA&interval=D,False,False,False
CIFR,Cipher Digital Inc.,NASDAQ,Data Processing Services,18.34,16.87,16.34,16.58,18.35,20.52,18.88,18.38,16.78,16.88,18.42,17.05,7.47,9.34,1.71,39494235.3,36082492.06666667,661752905.0,598343938.0,1.05,5.08,7611663849.983471,14.27,48,-34.03,381,26.4,171,2.21,-0.01,12.27,0.93,0.8,75.6,0.263,22.83,False,False,False,False,False,True,True,False,False,True,False,False,False,False,False,False,2026-11-11,False,True,2,"LoD>60% ATR, thin RVOL, below 200-MA, large gap",near21,3,https://www.tradingview.com/chart/?symbol=NASDAQ:CIFR&interval=D,False,False,False
GWRE,"Guidewire Software, Inc.",NYSE,Information Technology Services,144.29,147.33,172.11,173.54,163.55,147.79,146.59,154.02,152.95,161.77,145.6,140.11,4.99,6.32,9.12,2091859.8,1495756.6333333333,215822725.0,259577595.0,1.03,0.0,11830721738.644089,-18.82,386,31.17,77,-6.13,291,2.07,-1.86,-16.16,1.71,0.6,45.9,0.595,17.69,False,False,False,False,False,False,True,False,False,False,False,True,False,True,False,False,2026-12-03,False,False,5,below 200-MA,,3,https://www.tradingview.com/chart/?symbol=NYSE:GWRE&interval=D,False,False,False
M,Macy's Inc,NYSE,Department Stores,21.94,21.96,22.22,22.75,23.37,22.6,21.43,21.6,21.99,22.35,22.16,21.54,4.13,4.1,0.9,8248504.2,6229123.6,136666972.0,141741631.0,1.17,0.09,5730215226.512014,-5.96,200,-9.86,242,21.96,185,2.05,-1.49,-1.25,0.44,0.69,44.4,0.107,8.82,False,False,False,True,True,True,True,True,False,True,False,True,False,False,False,False,2026-11-12,False,False,5,thin RVOL,"near21, ADR",7,https://www.tradingview.com/chart/?symbol=NYSE:M&interval=D,False,False,False
UMAC,"Unusual Machines, Inc.",AMEX,Electronic Equipment/Instruments,23.18,23.53,24.01,25.43,23.32,21.85,19.58,17.99,23.45,23.95,24.36,22.77,6.68,8.94,2.07,2609519.2,4072975.6,94411574.0,103556762.0,0.97,1.55,1157991740.8601341,-22.99,414,-8.56,235,37.0,142,1.82,-0.07,-3.46,0.36,0.77,19.8,0.213,25.97,False,False,False,True,False,True,True,False,False,True,False,True,False,False,False,False,2026-11-12,False,False,5,thin RVOL,near21,5,https://www.tradingview.com/chart/?symbol=AMEX:UMAC&interval=D,False,False,False
HIMS,"Hims & Hers Health, Inc.",NYSE,Medical/Nursing Services,27.99,27.93,29.04,29.35,30.19,29.56,26.77,27.98,28.15,28.72,29.01,27.7,4.3,5.89,1.65,8393959.1,11297833.433333334,316226358.0,331568816.0,1.08,3.48,6530442314.889207,1.6,137,-14.14,264,16.87,202,1.44,-1.24,-3.6,0.43,0.79,17.4,0.234,12.24,False,False,False,True,False,True,True,False,False,True,False,True,False,False,False,False,2026-11-09,False,True,4,"thin RVOL, large gap",near21,5,https://www.tradingview.com/chart/?symbol=NYSE:HIMS&interval=D,False,False,False
HUBS,"HubSpot, Inc.",NYSE,Packaged Software,216.12,234.18,241.52,235.83,230.95,216.87,225.92,254.69,233.77,235.87,230.0,215.27,5.56,6.63,14.32,2106460.0,1731874.3666666667,374292688.0,408430241.0,6.84,0.18,10777083120.46572,-4.19,185,24.35,94,-16.12,336,1.35,-0.97,-10.52,1.26,1.03,5.9,0.201,17.5,False,False,False,False,False,True,False,False,False,True,True,True,True,True,True,False,2026-11-11,False,False,5,below 200-MA,"near21, RVOL",3,https://www.tradingview.com/chart/?symbol=NYSE:HUBS&interval=D,False,False,False
HRI,Herc Holdings Inc.,NYSE,Finance/Rental/Leasing,135.26,141.11,145.97,153.62,153.9,146.2,136.64,141.89,141.1,145.84,140.48,134.12,5.22,5.41,7.32,1216155.6,640071.2,86576031.0,98327738.0,8.13,-0.46,4521937217.36264,-19.01,388,-9.22,239,31.85,155,1.21,-2.24,-7.34,1.34,0.87,15.6,0.214,12.76,False,False,False,False,False,True,True,False,False,True,False,True,True,True,True,False,2026-10-15,False,False,5,below 200-MA,"near21, RVOL",4,https://www.tradingview.com/chart/?symbol=NYSE:HRI&interval=D,False,False,False
KOS,Kosmos Energy Ltd.,NYSE,Integrated Oil,2.73,2.89,2.87,2.79,2.65,2.69,2.63,2.27,2.87,2.83,2.87,2.72,5.1,5.74,0.16,12685758.5,11595165.033333333,31654801.0,32365971.0,1.31,1.06,1625681125.890845,-1.09,159,10.08,146,-5.54,286,1.15,0.52,-4.93,0.64,0.96,6.4,0.128,22.86,False,False,False,True,False,True,True,False,False,True,False,True,False,False,True,False,2026-11-09,False,False,5,thin RVOL,"near21, RVOL",5,https://www.tradingview.com/chart/?symbol=NYSE:KOS&interval=D,False,False,False
AMBA,"Ambarella, Inc.",NASDAQ,Semiconductors,66.15,65.5,67.44,71.61,72.12,73.24,68.0,68.4,66.05,68.06,67.55,65.08,6.17,6.5,4.3,2495687.7,1528817.9666666666,101131308.0,109481203.0,0.55,0.55,2919925466.3435965,-12.7,292,-2.76,205,18.42,194,0.99,-1.27,-1.91,0.43,0.57,24.9,0.183,11.7,False,False,False,False,True,True,True,True,False,True,False,True,False,False,False,False,2026-12-01,False,False,4,"thin RVOL, below 200-MA","near21, ADR",6,https://www.tradingview.com/chart/?symbol=NASDAQ:AMBA&interval=D,False,False,False
KD,"Kyndryl Holdings, Inc.",NYSE,Data Processing Services,12.07,12.95,13.0,13.03,12.92,12.49,12.63,15.64,12.88,12.96,13.0,12.03,4.72,5.14,0.62,3888326.7,3709008.3333333335,44767731.0,48320961.0,3.0,0.15,2629066454.12278,-3.44,177,7.86,153,-1.87,270,0.85,-1.28,-7.12,1.33,1.56,6.4,0.104,26.04,False,False,False,False,False,True,False,False,False,True,True,True,True,True,True,False,2026-11-10,False,False,5,below 200-MA,"near21, RVOL",3,https://www.tradingview.com/chart/?symbol=NYSE:KD&interval=D,False,False,False
TSEM,Tower Semiconductor Ltd.,NASDAQ,Semiconductors,223.6,210.96,211.11,223.67,226.36,238.02,213.09,191.08,211.27,214.8,227.8,219.39,4.07,6.08,13.6,2287081.5,1702238.5666666667,380620544.0,380736579.0,6.4,2.63,25227658008.17004,-7.42,218,-19.02,297,28.87,162,0.81,-0.2,5.92,0.67,0.62,30.9,0.177,20.99,False,False,False,True,False,True,True,False,False,True,False,True,True,True,True,False,2026-11-16,False,True,5,large gap,"near21, RVOL",5,https://www.tradingview.com/chart/?symbol=NASDAQ:TSEM&interval=D,False,False,False
SHLS,"Shoals Technologies Group, Inc.",NASDAQ,Semiconductors,7.6,7.22,7.11,7.49,8.32,9.12,8.43,8.6,7.26,7.39,7.79,7.26,5.46,6.75,0.51,4658817.6,4601596.766666667,34972135.0,34452155.0,1.56,-0.13,1279079691.0326798,-1.68,165,-22.29,320,25.83,172,0.62,-1.29,6.87,0.43,1.03,66.3,0.149,26.41,False,False,False,False,False,True,False,False,False,True,True,False,True,True,True,False,2026-11-10,False,False,4,"LoD>60% ATR, below 200-MA","near21, RVOL",2,https://www.tradingview.com/chart/?symbol=NASDAQ:SHLS&interval=D,False,False,False
FIG,FIGMA INC,NYSE,Packaged Software,22.69,23.11,25.25,25.3,24.63,22.59,22.92,25.37,23.62,24.35,23.59,22.56,5.53,6.64,1.51,16064162.4,16097649.533333333,365255668.0,407345656.0,2.36,0.92,12093988684.25204,-13.89,309,19.74,110,-4.86,281,0.33,-1.19,-10.13,1.03,0.69,8.9,0.383,12.24,False,False,False,False,False,True,True,False,False,True,False,True,True,True,True,False,2026-11-11,False,False,5,below 200-MA,"near21, RVOL",4,https://www.tradingview.com/chart/?symbol=NYSE:FIG&interval=D,False,False,False
IREN,IREN Limited,NASDAQ,Data Processing Services,46.68,44.2,41.83,42.04,40.38,47.12,45.32,45.54,43.51,42.57,46.74,43.36,5.86,6.77,3.16,37122875.4,42815278.4,1998617196.0,1799918625.0,1.22,2.81,18370327835.332108,12.71,54,-23.82,329,12.05,216,0.31,2.31,11.59,1.43,1.07,105.0,0.292,14.44,False,True,True,True,False,True,False,False,False,True,True,False,False,True,True,False,2026-12-01,False,True,4,"LoD>60% ATR, large gap","EMA, near21, RVOL",5,https://www.tradingview.com/chart/?symbol=NASDAQ:IREN&interval=D,False,False,False
ASND,Ascendis Pharma A/S,NASDAQ,Pharmaceuticals: Major,236.72,255.43,256.09,254.94,254.83,246.1,241.14,234.41,250.47,253.76,243.68,236.02,4.65,4.26,10.08,1012049.4,680583.4666666667,161107718.0,173509877.0,1.63,-0.37,14765846644.617136,-7.17,214,1.34,183,6.48,243,0.21,-1.67,-7.56,1.58,0.76,6.9,0.163,9.16,False,False,False,True,False,False,True,True,False,True,False,True,True,True,True,False,2026-11-11,False,False,6,,"ADR, RVOL",5,https://www.tradingview.com/chart/?symbol=NASDAQ:ASND&interval=D,False,False,False
ARQT,"Arcutis Biotherapeutics, Inc.",NASDAQ,Pharmaceuticals: Major,25.38,24.52,24.44,24.95,25.94,24.72,24.53,25.38,24.86,24.85,26.75,25.13,4.41,4.76,1.21,4794715.5,2708010.7333333334,68729312.0,67573443.0,6.37,-1.21,3190061915.4489794,-6.0,201,-4.91,216,11.51,218,0.2,-0.46,3.83,0.45,1.34,20.7,0.138,5.9,False,False,True,False,False,True,False,False,False,True,True,True,True,True,True,False,2026-10-29,False,False,5,below 200-MA,"EMA, near21, RVOL",4,https://www.tradingview.com/chart/?symbol=NASDAQ:ARQT&interval=D,False,False,False
SEI,"Solaris Energy Infrastructure, Inc.",NYSE,Oilfield Services/Equipment,69.66,64.44,58.25,58.88,58.77,66.36,63.56,60.43,64.04,61.15,70.34,68.2,4.84,6.32,4.4,3451116.2,2687224.6666666665,187192070.0,158215727.0,1.63,-0.32,5584345571.37677,11.74,58,-18.1,289,6.76,242,0.13,2.93,19.59,2.2,0.48,33.0,0.477,11.64,True,True,True,True,False,False,True,True,False,True,False,True,True,True,True,False,2026-11-02,False,False,6,,"EMA, ADR, RVOL",8,https://www.tradingview.com/chart/?symbol=NYSE:SEI&interval=D,False,False,False
ASM,Avino Silver & Gold Mines Ltd.,AMEX,Precious Metals,6.38,6.66,7.06,7.1,6.57,6.58,6.86,7.01,6.57,6.78,6.46,6.25,5.45,6.3,0.4,4034949.6,4421883.5,28211617.0,31393899.0,0.63,1.75,1083676648.6999998,-11.14,272,-4.78,215,14.54,207,-0.46,-0.46,-9.6,0.95,0.51,31.4,0.317,7.63,False,False,False,False,False,True,True,True,False,True,False,True,False,False,False,False,2026-11-11,False,False,4,"thin RVOL, below 200-MA","near21, ADR",5,https://www.tradingview.com/chart/?symbol=AMEX:ASM&interval=D,False,False,False
MMYT,MakeMyTrip Limited,NASDAQ,Internet Software/Services,47.92,49.98,54.33,56.39,56.21,51.82,50.19,55.98,50.22,52.96,48.08,46.77,4.62,4.68,2.24,883991.6,551972.9333333333,26450543.0,31124650.0,1.72,0.0,4507290884.893253,-20.08,400,4.17,168,13.72,211,-0.73,-3.15,-11.8,2.04,0.58,51.3,0.355,12.99,False,False,False,False,False,False,True,True,False,True,False,True,True,True,True,False,2026-11-03,False,False,5,below 200-MA,"ADR, RVOL",4,https://www.tradingview.com/chart/?symbol=NASDAQ:MMYT&interval=D,False,False,False
FORM,"FormFactor, Inc.",NASDAQ,Semiconductors,118.38,109.44,106.68,112.32,110.65,121.78,116.87,104.66,109.3,109.35,118.67,113.5,4.1,6.27,7.42,1228289.8,1104413.3,130740446.0,124050095.0,2.3,2.21,9247931624.781315,-6.07,203,-20.56,310,23.95,176,-0.89,1.11,10.97,1.32,0.7,65.7,0.243,14.46,False,True,False,True,False,True,True,False,False,True,False,False,True,True,True,False,2026-11-04,False,True,4,"LoD>60% ATR, large gap","near21, RVOL",5,https://www.tradingview.com/chart/?symbol=NASDAQ:FORM&interval=D,False,False,False
VRDN,"Viridian Therapeutics, Inc.",NASDAQ,Pharmaceuticals: Major,22.0,22.28,22.92,23.04,21.63,19.28,20.61,23.4,22.28,22.45,22.17,21.8,4.01,4.05,0.89,1725523.4,1515954.9333333333,33351009.0,34931644.0,4.12,0.27,2492429905.791154,-10.28,256,28.28,88,-20.95,355,-0.98,0.43,-4.01,0.5,0.42,22.5,0.149,18.75,False,False,False,False,False,True,True,True,False,True,False,True,True,True,True,False,2026-11-16,False,False,5,below 200-MA,"near21, ADR, RVOL",5,https://www.tradingview.com/chart/?symbol=NASDAQ:VRDN&interval=D,False,False,False
INSM,Insmed Incorporated,NASDAQ,Pharmaceuticals: Major,120.0,124.85,124.15,125.88,118.28,113.89,125.51,137.21,123.65,123.49,124.11,119.32,4.25,4.3,5.16,2198723.4,2107571.9,252908628.0,265296936.0,1.69,-0.07,26205780738.50621,-7.59,219,19.87,109,-15.87,335,-1.19,0.34,-3.34,0.66,0.93,13.2,0.094,19.44,False,False,False,False,False,True,True,False,True,True,False,True,True,True,True,False,2026-10-22,False,False,5,below 200-MA,"near21, BB, RVOL",5,https://www.tradingview.com/chart/?symbol=NASDAQ:INSM&interval=D,False,False,False
COHR,Coherent Corp.,NYSE,Semiconductors,317.36,292.67,286.59,300.28,296.77,332.38,312.03,282.97,292.85,292.97,318.45,302.11,5.2,7.25,23.01,7026466.4,7169251.333333333,2275233603.0,2152787570.0,1.58,3.29,62149323539.79674,2.67,121,-19.45,301,13.13,214,-1.22,0.96,10.74,1.15,0.71,66.3,0.199,15.57,False,True,False,True,False,True,True,False,False,True,False,False,True,True,True,False,2026-11-11,False,True,4,"LoD>60% ATR, large gap","near21, RVOL",5,https://www.tradingview.com/chart/?symbol=NYSE:COHR&interval=D,False,False,False
ACMR,"ACM Research, Inc.",NASDAQ,Industrial Machinery,68.51,70.15,72.71,75.54,79.13,80.8,70.72,64.95,69.29,72.39,69.44,67.77,5.2,7.03,4.82,911799.2,911738.8666666673,62463230.0,68876249.0,1.96,1.4,4771666097.579461,-19.4,390,-33.01,376,48.68,118,-1.24,-1.91,-5.78,0.76,0.35,15.4,0.271,23.13,False,False,False,True,False,True,True,True,False,True,False,True,True,True,True,False,2026-11-11,False,False,6,,"near21, ADR, RVOL",6,https://www.tradingview.com/chart/?symbol=NASDAQ:ACMR&interval=D,False,False,False
SUNB,"Sunbelt Rentals Holdings, Inc.",NYSE,Finance/Rental/Leasing,73.59,72.21,72.23,75.02,74.93,75.85,,,72.6,73.11,74.61,72.0,4.14,4.1,3.02,8932558.5,6390209.266666667,470255500.0,479387109.0,1.19,0.23,30154598942.25172,-7.93,226,-9.81,240,13.22,213,-1.51,-0.44,1.88,0.16,0.87,52.7,0.166,4.96,False,False,False,False,True,True,True,False,False,True,False,True,False,True,False,True,2026-12-30,False,False,5,below 200-MA,near21,6,https://www.tradingview.com/chart/?symbol=NYSE:SUNB&interval=D,False,False,False
SGRY,"Surgery Partners, Inc.",NASDAQ,Hospital/Nursing Management,13.25,13.91,13.99,14.27,14.86,14.73,14.33,14.64,13.79,14.07,13.48,12.97,5.18,5.19,0.69,2151652.1,2534616.933333333,33583674.0,36163914.0,1.36,-1.72,1734666976.7602997,-8.11,228,-7.73,229,10.88,221,-1.65,-2.08,-5.32,1.12,0.75,41.3,0.093,7.18,False,False,False,False,False,True,True,False,True,True,False,True,False,False,True,False,2026-11-10,False,False,4,"thin RVOL, below 200-MA","near21, BB, RVOL",5,https://www.tradingview.com/chart/?symbol=NASDAQ:SGRY&interval=D,False,False,False
STEP,StepStone Group Inc.,NASDAQ,Investment Managers,46.31,49.24,49.75,49.43,47.37,47.73,48.05,52.81,48.72,49.03,47.53,46.24,4.72,4.85,2.24,1229060.7,1222917.6333333333,56633316.0,60452895.0,2.13,0.21,5588536449.064968,-4.91,191,1.65,180,-2.22,271,-1.83,-0.46,-6.91,1.14,0.57,3.1,0.108,11.75,False,False,False,False,False,True,True,True,False,True,False,True,True,True,True,False,2026-11-05,False,False,5,below 200-MA,"near21, ADR, RVOL",5,https://www.tradingview.com/chart/?symbol=NASDAQ:STEP&interval=D,False,False,False
MIAX,"Miami International Holdings, Inc.",NYSE,Investment Banks/Brokers,38.79,40.85,41.91,42.18,42.85,43.85,42.99,43.1,40.2,41.34,39.19,37.4,4.37,4.55,1.77,1820383.1,1481020.3,57448777.0,62474867.0,5.03,-0.05,3849166440.019119,-7.16,213,2.03,177,-0.51,268,-1.88,-2.08,-7.45,1.35,1.01,78.7,0.185,7.73,False,False,False,False,False,True,False,False,False,True,True,False,True,True,True,False,2026-11-11,False,False,4,"LoD>60% ATR, below 200-MA","near21, RVOL",2,https://www.tradingview.com/chart/?symbol=NYSE:MIAX&interval=D,False,False,False
RDDT,"Reddit, Inc.",NYSE,Internet Software/Services,150.85,154.67,154.2,155.83,163.79,165.88,158.6,172.51,154.78,155.77,154.1,150.2,4.66,5.35,8.08,5386075.4,6479232.633333334,977392243.0,1009682578.0,3.15,-0.09,29023015457.940517,-3.71,179,-10.74,246,8.53,232,-1.97,-1.48,-2.17,0.59,0.48,8.0,0.122,12.14,False,False,False,False,True,True,True,True,False,True,False,True,True,True,True,False,2026-11-04,False,False,5,below 200-MA,"near21, ADR, RVOL",6,https://www.tradingview.com/chart/?symbol=NYSE:RDDT&interval=D,False,False,False
VCYT,"Veracyte, Inc.",NASDAQ,Medical Specialties,39.8,41.2,42.44,42.8,47.58,47.31,42.76,42.49,41.01,42.45,41.05,39.55,5.01,5.4,2.15,1380877.4,1277113.6666666667,50822738.0,54660252.0,2.26,-0.39,3199149148.3158736,-5.07,193,-23.41,326,22.37,181,-2.04,-3.03,-6.24,1.16,0.7,11.4,0.171,16.04,False,False,False,False,False,True,True,False,False,True,False,True,True,True,True,False,2026-11-10,False,False,5,below 200-MA,"near21, RVOL",4,https://www.tradingview.com/chart/?symbol=NASDAQ:VCYT&interval=D,False,False,False
OWL,Blue Owl Capital Inc.,NYSE,Investment Managers,9.84,10.54,11.19,11.44,10.84,10.23,10.03,11.26,10.48,10.86,10.0,9.72,4.33,4.19,0.41,18365339.4,18891244.366666667,185889845.0,216059162.0,0.94,-0.4,15341467871.397589,-16.26,349,2.5,173,7.54,238,-2.07,-2.2,-12.04,2.25,0.67,27.9,0.275,12.47,False,False,False,False,False,False,True,True,False,True,False,True,False,True,False,False,2026-10-29,False,False,5,below 200-MA,ADR,4,https://www.tradingview.com/chart/?symbol=NYSE:OWL&interval=D,False,False,False
BG,Bunge Limited,NYSE,Agricultural Commodities/Milling,115.58,120.81,118.18,116.48,115.7,118.22,119.8,115.36,119.3,118.34,119.56,114.82,4.12,3.91,4.52,2293358.3,1666686.8333333333,192635664.0,194127904.0,3.81,-0.4,22205128055.06026,0.5,144,-0.83,191,-5.97,288,-2.1,-0.03,-2.2,0.6,1.05,16.8,0.151,4.71,False,False,False,True,True,True,False,False,False,True,True,True,True,True,True,True,2026-10-22,False,False,6,,"near21, RVOL",6,https://www.tradingview.com/chart/?symbol=NYSE:BG&interval=D,False,False,False
IRTC,"iRhythm Holdings, Inc.",NASDAQ,Medical Specialties,109.33,114.87,118.42,120.09,118.51,117.02,119.74,131.77,114.05,116.83,112.46,108.58,4.23,4.55,4.98,574330.7,606733.7,66334195.0,72864976.0,1.25,0.27,3603845343.7429976,-6.86,210,7.41,157,-7.44,297,-2.3,-1.7,-7.68,1.41,0.78,15.1,0.182,15.46,False,False,False,False,False,True,True,False,False,True,False,True,False,False,True,False,2026-10-29,False,False,4,"thin RVOL, below 200-MA","near21, RVOL",4,https://www.tradingview.com/chart/?symbol=NASDAQ:IRTC&interval=D,False,False,False
BRUN,Boost Run Inc.,NASDAQ,Packaged Software,17.27,16.42,17.2,18.24,19.84,24.29,20.04,18.03,16.41,17.36,17.77,16.65,7.8,10.62,1.83,2574933.3,2523496.0,43580776.0,46018052.0,2.5,4.56,1448005600.7248204,-15.24,335,-51.48,438,56.72,106,-3.33,-1.22,0.42,0.05,0.61,33.8,0.367,45.57,False,False,False,False,True,True,True,False,False,True,False,True,True,True,True,False,2026-12-02,False,True,4,"below 200-MA, large gap","near21, RVOL",5,https://www.tradingview.com/chart/?symbol=NASDAQ:BRUN&interval=D,False,False,False
NKTR,Nektar Therapeutics,NASDAQ,Pharmaceuticals: Major,67.1,70.13,71.85,72.86,71.66,70.39,72.23,65.35,69.44,70.94,69.09,66.98,4.12,4.23,2.84,1134242.1999999997,746013.6666666666,50057517.0,54355053.0,2.99,-0.53,2290994913.262141,-10.53,261,10.73,145,-10.41,306,-3.41,-1.5,-6.62,1.28,0.74,4.2,0.162,10.25,False,False,False,True,False,True,True,False,False,True,False,True,True,True,True,False,2026-11-05,False,False,6,,"near21, RVOL",5,https://www.tradingview.com/chart/?symbol=NASDAQ:NKTR&interval=D,False,False,False
WDC,Western Digital Corporation,NASDAQ,Computer Peripherals,441.36,445.62,449.18,456.92,481.71,512.08,443.59,385.87,438.94,451.49,448.85,424.54,4.83,6.48,28.6,6934702.2,6830250.399999995,3014599317.0,3120896227.0,2.2,0.86,159128340415.38055,-10.71,264,-42.24,420,42.6,132,-3.45,-1.29,-1.74,0.35,0.85,58.8,0.167,28.59,False,False,False,True,True,True,True,False,False,True,False,True,True,True,True,False,2026-10-22,False,False,6,,"near21, RVOL",6,https://www.tradingview.com/chart/?symbol=NASDAQ:WDC&interval=D,False,False,False
ASO,"Academy Sports and Outdoors, Inc.",NASDAQ,Specialty Stores,48.29,50.35,47.08,47.39,47.63,49.22,51.9,52.61,49.58,48.48,50.13,48.16,4.43,4.57,2.21,2978405.6,2131662.7666666666,102937995.0,101012038.0,1.47,0.54,2973644700.9398146,2.2,129,-3.71,211,-8.85,300,-3.45,0.31,2.57,0.08,0.89,5.9,0.354,11.45,False,False,False,False,True,True,True,False,False,True,False,True,False,False,True,False,2026-12-03,False,False,4,"thin RVOL, below 200-MA","near21, RVOL",5,https://www.tradingview.com/chart/?symbol=NASDAQ:ASO&interval=D,False,False,False
CHWY,"Chewy, Inc.",NYSE,Internet Retail,20.62,21.42,22.6,22.7,22.41,21.75,23.13,25.26,21.43,22.05,21.14,20.57,4.86,4.93,1.02,11918235.6,8290060.6,170941050.0,188162269.0,1.3,-0.1,8287739731.223925,-11.16,273,15.71,124,-14.93,330,-3.46,-1.62,-8.77,1.31,0.57,4.9,0.259,18.62,False,False,False,False,False,True,True,True,False,True,False,True,False,False,True,False,2026-12-03,False,False,4,"thin RVOL, below 200-MA","near21, ADR, RVOL",5,https://www.tradingview.com/chart/?symbol=NYSE:CHWY&interval=D,False,False,False
GLW,Corning Incorporated,NYSE,Electronic Components,150.13,154.75,151.45,154.69,154.99,172.52,163.98,147.07,151.01,152.75,153.77,148.68,4.1,5.93,8.91,9841350.4,9150652.433333334,1373787450.0,1415499174.0,1.56,2.84,129320228999.63991,-6.54,207,-17.66,287,13.43,212,-3.59,-0.53,-0.87,0.29,0.57,16.3,0.209,16.96,False,False,False,True,True,True,True,False,False,True,False,True,True,True,True,False,2026-11-03,False,True,5,large gap,"near21, RVOL",6,https://www.tradingview.com/chart/?symbol=NYSE:GLW&interval=D,False,False,False
MTSI,"MACOM Technology Solutions Holdings, Inc.",NASDAQ,Semiconductors,275.86,264.76,264.82,276.5,275.13,315.37,291.28,268.07,263.27,267.68,277.48,269.82,4.11,5.72,15.79,1563872.0,1323211.8666666667,365021226.0,365864773.0,2.03,3.59,21067684792.572243,-7.21,215,-27.84,353,24.05,174,-3.67,0.05,4.17,0.53,0.49,38.3,0.173,18.35,False,True,False,True,False,True,True,True,False,True,False,True,True,True,True,False,2026-11-05,False,True,5,large gap,"near21, ADR, RVOL",7,https://www.tradingview.com/chart/?symbol=NASDAQ:MTSI&interval=D,False,False,False
ONTO,Onto Innovation Inc.,NYSE,Electronic Equipment/Instruments,263.43,262.91,269.14,285.8,283.09,288.27,267.78,246.81,260.24,269.34,266.45,253.3,4.34,6.67,17.56,1021319.1,1018905.9,268410381.0,291205684.0,2.3,2.76,12927628416.875294,-16.91,362,-22.06,319,27.27,167,-3.9,-1.04,-2.12,0.33,0.75,57.7,0.245,15.74,False,False,False,True,True,True,True,False,False,True,False,True,True,True,True,False,2026-10-29,False,True,5,large gap,"near21, RVOL",6,https://www.tradingview.com/chart/?symbol=NYSE:ONTO&interval=D,False,False,False
SPCX,Space Exploration Technologies Corp,NASDAQ,Specialty Telecommunications,152.71,149.84,145.33,143.42,134.63,,,,149.36,145.76,156.6,149.93,4.34,4.93,7.53,112202204.5,102551616.33333333,15660657330.0,14707576792.0,3.69,-0.14,2072437957648.4302,5.35,94,-18.94,294,1.81,258,-3.93,2.72,5.07,0.97,0.89,36.9,0.158,9.96,False,True,True,False,False,True,True,False,False,True,False,True,True,True,True,False,2026-11-05,False,False,5,below 200-MA,"EMA, near21, RVOL",6,https://www.tradingview.com/chart/?symbol=NASDAQ:SPCX&interval=D,False,False,False
AESI,Atlas Energy Solutions Inc.,NYSE,Oilfield Services/Equipment,13.55,13.74,13.19,12.88,12.74,15.0,14.17,13.27,13.52,13.27,13.66,13.34,5.11,5.57,0.76,3003926.2,2869952.5,38887856.0,36952552.0,0.75,0.75,1693796840.3912072,5.28,96,-16.97,282,-0.59,269,-4.09,1.14,2.74,0.38,0.43,28.5,0.211,16.65,False,False,True,True,True,True,True,True,False,True,False,True,False,False,False,False,2026-11-02,False,False,5,thin RVOL,"EMA, near21, ADR",8,https://www.tradingview.com/chart/?symbol=NYSE:AESI&interval=D,False,False,False
GLOB,Globant S.A.,NYSE,Information Technology Services,35.59,37.91,38.88,38.74,36.77,36.64,39.98,46.51,38.03,38.23,37.73,35.5,4.48,5.56,1.98,1172966.2,1547332.5666666667,55069566.0,59946758.0,2.08,-0.03,1536760307.598198,-5.37,195,12.2,139,-19.88,348,-4.35,-0.58,-8.45,1.24,1.13,4.5,0.156,27.73,False,False,False,False,False,True,False,False,False,True,True,True,True,True,True,False,2026-11-12,False,False,5,below 200-MA,"near21, RVOL",3,https://www.tradingview.com/chart/?symbol=NYSE:GLOB&interval=D,False,False,False
PRAX,"Praxis Precision Medicines, Inc.",NASDAQ,Pharmaceuticals: Major,298.95,328.46,345.15,354.0,338.67,326.09,323.64,314.29,324.07,336.23,314.0,295.7,4.86,5.59,16.72,370996.9,367959.19999999955,110001403.0,130256821.0,2.66,0.74,8346680634.682094,-20.7,403,6.54,161,1.11,264,-4.35,-2.1,-13.38,1.98,1.09,19.4,0.26,10.32,False,False,False,False,False,False,False,False,False,False,True,True,True,True,True,False,2026-11-11,False,False,5,below 200-MA,RVOL,2,https://www.tradingview.com/chart/?symbol=NASDAQ:PRAX&interval=D,False,False,False
RSI,"Rush Street Interactive, Inc.",NYSE,Casinos/Gaming,23.3,25.99,26.08,25.74,27.76,28.08,25.72,23.93,25.57,26.02,25.48,23.27,4.8,5.0,1.16,2928572.2,2236105.2333333334,52101252.0,57557349.0,2.45,-0.32,5400319143.124753,-5.67,197,-17.43,286,9.96,227,-4.38,-3.21,-10.67,2.09,1.9,2.6,0.116,17.82,False,False,False,False,False,False,False,False,False,False,True,True,True,True,True,False,2026-11-04,False,False,5,below 200-MA,RVOL,2,https://www.tradingview.com/chart/?symbol=NYSE:RSI&interval=D,False,False,False
TMDX,"TransMedics Group, Inc.",NASDAQ,Medical Specialties,86.42,86.65,87.96,88.33,83.19,78.44,92.28,102.47,86.67,86.63,87.98,85.01,5.1,4.95,4.28,812493.0,736445.0333333333,63643580.0,65051908.0,1.99,0.6,2996626088.0413113,-4.14,184,14.83,130,-24.01,366,-4.44,0.78,-1.75,0.05,0.69,32.9,0.163,27.8,False,False,False,False,True,True,True,True,False,True,False,True,True,True,True,False,2026-11-04,False,False,5,below 200-MA,"near21, ADR, RVOL",6,https://www.tradingview.com/chart/?symbol=NASDAQ:TMDX&interval=D,False,False,False
VAL,Valaris Limited,NYSE,Contract Drilling,83.76,84.65,85.89,85.81,82.42,86.42,89.08,81.1,84.74,84.95,85.3,83.48,4.76,4.44,3.72,1480768.8,1206804.6,101081953.0,103553087.0,0.86,-0.39,5815943344.450209,-3.66,178,2.48,174,-12.79,318,-4.65,0.37,-2.48,0.32,0.49,7.5,0.117,9.52,False,False,False,True,True,True,True,True,False,True,False,True,False,False,False,False,2026-11-03,False,False,5,thin RVOL,"near21, ADR",7,https://www.tradingview.com/chart/?symbol=NYSE:VAL&interval=D,False,False,False
FIGS,"FIGS, Inc.",NYSE,Apparel/Footwear,13.06,13.39,14.25,14.31,12.69,12.39,13.09,12.68,13.48,13.69,13.15,12.93,4.62,5.04,0.66,3008633.8,2824004.066666667,36881493.0,40411498.0,0.83,-0.38,2169791589.9999995,-9.12,240,6.7,160,-11.99,311,-4.8,0.57,-8.37,0.92,0.33,19.8,0.263,14.3,False,False,False,True,False,True,True,True,False,True,False,True,False,False,False,False,2026-11-05,False,False,5,thin RVOL,"near21, ADR",6,https://www.tradingview.com/chart/?symbol=NYSE:FIGS&interval=D,False,False,False
CECO,CECO Environmental Corp.,NASDAQ,Industrial Machinery,69.48,73.31,72.28,73.4,73.96,79.45,73.75,71.25,71.72,72.63,71.81,69.23,5.34,6.18,4.29,802233.5,833524.2333333333,57913264.0,61180401.0,1.44,0.24,4069431757.108006,-9.94,253,-26.89,345,22.13,184,-4.9,-0.98,-3.87,0.7,0.6,5.8,0.176,11.81,False,False,False,False,False,True,True,True,False,True,False,True,False,False,True,False,2026-11-09,False,False,4,"thin RVOL, below 200-MA","near21, ADR, RVOL",5,https://www.tradingview.com/chart/?symbol=NASDAQ:CECO&interval=D,False,False,False
GENI,Genius Sports Limited,NYSE,Internet Software/Services,5.64,6.75,7.24,7.42,7.21,6.4,5.95,6.91,6.65,7.0,6.48,5.51,7.37,7.95,0.45,6357927.7,5379835.433333334,30342272.0,39907619.0,3.55,-0.62,1565816192.0925922,-24.5,422,-8.59,237,18.24,195,-4.95,-2.74,-22.06,2.45,2.16,29.0,0.349,22.84,False,False,False,False,False,False,False,False,False,False,True,True,True,True,True,False,2026-11-11,False,False,5,below 200-MA,RVOL,2,https://www.tradingview.com/chart/?symbol=NYSE:GENI&interval=D,False,False,False
KVYO,"Klaviyo, Inc. Series A",NYSE,Packaged Software,15.42,16.72,17.96,17.95,17.86,16.85,17.47,19.88,16.76,17.41,16.0,15.24,6.12,6.75,1.04,6823442.2,6434169.633333334,99214896.0,115514792.0,1.78,0.82,4390496957.871455,-13.32,299,15.07,128,-16.65,339,-4.97,-2.02,-14.13,1.69,0.74,17.8,0.357,20.55,False,False,False,False,False,False,True,False,False,False,False,True,True,True,True,False,2026-11-11,False,False,5,below 200-MA,RVOL,3,https://www.tradingview.com/chart/?symbol=NYSE:KVYO&interval=D,False,False,False
RIG,Transocean Ltd (Switzerland),NYSE,Contract Drilling,5.64,5.7,5.78,5.77,5.54,5.81,6.0,5.63,5.7,5.71,5.75,5.62,4.78,4.55,0.26,46331177.8,42878257.3,241833371.0,247336081.0,0.88,0.8,6299203746.063603,-4.41,186,1.62,181,-12.42,315,-5.07,0.4,-2.37,0.29,0.51,7.8,0.117,8.11,False,False,False,True,True,True,True,True,False,True,False,True,False,False,False,False,2026-11-04,False,False,5,thin RVOL,"near21, ADR",7,https://www.tradingview.com/chart/?symbol=NYSE:RIG&interval=D,False,False,False
SYNA,Synaptics Incorporated,NASDAQ,Semiconductors,93.11,94.8,95.41,98.88,104.64,115.43,102.88,97.57,94.31,96.79,94.2,91.31,4.45,5.16,4.8,665309.0,674251.4333333333,62779551.0,66668184.0,1.3,2.75,3695760716.915276,-11.65,276,-32.93,375,28.69,163,-5.3,-2.14,-2.41,0.74,0.6,37.5,0.11,22.16,False,False,False,False,True,True,True,True,False,True,False,True,False,False,True,False,2026-11-05,False,True,3,"thin RVOL, below 200-MA, large gap","near21, ADR, RVOL",6,https://www.tradingview.com/chart/?symbol=NASDAQ:SYNA&interval=D,False,False,False
IONQ,"IonQ, Inc.",NYSE,Computer Processing Hardware,39.13,38.26,39.3,40.96,39.25,47.17,43.06,43.85,38.53,39.23,40.94,37.77,5.65,6.81,2.66,20437893.8,19107370.233333334,747671397.0,782561455.0,1.18,1.02,15853053601.768715,-9.8,249,-29.86,363,23.05,178,-5.54,-0.05,-0.43,0.04,1.19,51.1,0.214,22.78,False,False,False,False,True,True,False,False,False,True,True,True,False,True,False,False,2026-11-11,False,False,5,below 200-MA,near21,4,https://www.tradingview.com/chart/?symbol=NYSE:IONQ&interval=D,False,False,False
POET,POET Technologies Inc.,NASDAQ,Electrical Products,7.8,7.71,7.71,8.07,7.91,9.78,8.81,8.28,7.63,7.77,7.82,7.44,4.82,6.46,0.5,8709089.5,9364377.933333373,73042148.0,75592380.0,0.82,1.6,1349853144.687084,-8.83,238,-36.3,395,27.66,165,-5.82,-0.22,1.19,0.05,0.75,70.5,0.188,26.62,False,False,False,False,True,True,True,False,False,True,False,False,False,False,False,False,2026-11-12,False,False,3,"LoD>60% ATR, thin RVOL, below 200-MA",near21,4,https://www.tradingview.com/chart/?symbol=NASDAQ:POET&interval=D,False,False,False
WOLF,"Wolfspeed, Inc.",NYSE,Semiconductors,25.59,25.66,25.97,27.62,27.69,38.87,32.64,29.12,25.25,26.26,25.72,24.09,6.82,9.05,2.32,2309035.300000115,3427521.7666666885,87710282.0,94656726.0,1.76,2.36,1354493240.164701,-18.76,385,-49.98,435,50.88,116,-5.95,-0.84,-1.45,0.28,0.71,64.9,0.223,51.64,False,False,False,False,True,True,True,False,False,True,False,False,True,True,True,False,2026-10-28,False,True,3,"LoD>60% ATR, below 200-MA, large gap","near21, RVOL",4,https://www.tradingview.com/chart/?symbol=NYSE:WOLF&interval=D,False,False,False
KGS,"Kodiak Gas Services, Inc.",NYSE,Oilfield Services/Equipment,58.73,60.69,60.31,60.94,61.43,65.85,63.11,57.14,59.67,60.37,59.98,58.14,4.13,4.65,2.73,2079147.3,1821159.6333333333,106956705.0,110976612.0,2.09,0.17,5937839817.539292,-7.67,222,-12.0,251,1.42,261,-6.09,-0.94,-2.62,0.58,0.67,21.6,0.148,14.83,False,False,False,True,True,True,True,False,False,True,False,True,True,True,True,False,2026-11-11,False,False,6,,"near21, RVOL",6,https://www.tradingview.com/chart/?symbol=NYSE:KGS&interval=D,False,False,False
HLNE,Hamilton Lane Incorporated,NASDAQ,Investment Managers,87.74,95.01,100.2,101.19,95.84,89.95,94.16,105.21,93.99,97.03,88.72,85.85,4.43,4.37,3.83,592076.8,577941.8666666667,50708619.0,58484827.0,1.76,-1.03,4841986191.484937,-13.96,312,7.41,158,-12.4,314,-6.32,-1.93,-12.44,2.19,0.75,49.3,0.256,17.39,False,False,False,False,False,False,True,True,False,True,False,True,True,True,True,False,2026-11-10,False,False,5,below 200-MA,"ADR, RVOL",4,https://www.tradingview.com/chart/?symbol=NASDAQ:HLNE&interval=D,False,False,False
ORCL,Oracle Corporation,NYSE,Packaged Software,147.61,151.26,149.41,148.9,141.0,162.29,159.78,166.25,148.56,148.36,150.9,144.4,4.67,5.18,7.65,40385067.1,28489495.7,4205334460.0,4242190371.0,1.0,-0.08,446333672502.8524,3.44,110,-19.34,300,-3.55,273,-6.48,0.9,-1.21,0.1,0.85,42.0,0.165,17.11,False,False,False,False,True,True,True,False,False,True,False,True,False,True,False,False,2026-12-14,False,False,5,below 200-MA,near21,5,https://www.tradingview.com/chart/?symbol=NYSE:ORCL&interval=D,False,False,False
FPS,"Forgent Power Solutions, Inc.",NYSE,Electrical Products,39.44,32.8,31.98,33.73,35.45,42.96,39.7,,33.96,33.52,39.94,37.85,4.91,6.53,2.57,13769443.2,7783617.766666667,306985885.0,262562184.0,1.65,3.78,12006676036.723066,7.64,79,-38.61,403,10.26,226,-6.9,1.73,23.32,2.71,0.81,61.8,0.335,27.83,False,True,True,False,False,False,True,False,False,False,False,False,True,True,True,False,2026-12-02,False,True,3,"LoD>60% ATR, below 200-MA, large gap","EMA, RVOL",4,https://www.tradingview.com/chart/?symbol=NYSE:FPS&interval=D,False,False,False
MIRM,"Mirum Pharmaceuticals, Inc.",NASDAQ,Pharmaceuticals: Major,91.83,97.62,98.0,98.53,104.24,104.74,101.33,97.22,96.88,98.44,98.76,91.73,4.25,4.58,4.2,770330.3,615403.0666666667,56512464.0,60635254.0,2.83,-0.06,5962724385.057073,-10.41,260,-12.11,253,1.21,263,-7.1,-2.6,-6.29,1.47,1.67,2.4,0.088,8.18,False,False,False,False,False,True,False,False,True,True,True,True,True,True,True,False,2026-11-17,False,False,5,below 200-MA,"near21, BB, RVOL",4,https://www.tradingview.com/chart/?symbol=NASDAQ:MIRM&interval=D,False,False,False
HCC,"Warrior Met Coal, Inc.",NYSE,Coal,87.93,97.33,101.94,100.6,92.84,91.21,90.01,89.97,95.66,97.8,89.83,87.31,4.81,5.14,4.52,725183.7,620815.6,54588316.0,62453222.0,3.32,-3.56,4642887565.84804,-12.07,280,-7.14,225,-4.06,275,-7.76,-1.03,-13.74,1.96,0.56,13.7,0.25,13.61,False,False,False,False,False,False,True,True,False,True,False,True,True,True,True,False,2026-11-04,False,True,4,"below 200-MA, large gap","ADR, RVOL",4,https://www.tradingview.com/chart/?symbol=NYSE:HCC&interval=D,False,False,False
FOUR,"Shift4 Payments, Inc.",NYSE,Miscellaneous Commercial Services,38.98,42.75,43.87,44.21,46.93,45.06,45.94,50.45,42.35,43.65,41.59,38.85,7.19,7.36,2.87,2193436.5,2066466.8,80550876.0,91350231.0,1.58,0.0,3077865111.838452,-16.3,350,-1.71,197,-6.09,290,-8.04,-2.3,-11.15,1.45,0.96,4.5,0.224,19.76,False,False,False,False,False,True,True,False,False,True,False,True,True,True,True,False,2026-11-11,False,False,5,below 200-MA,"near21, RVOL",4,https://www.tradingview.com/chart/?symbol=NYSE:FOUR&interval=D,False,False,False
ERAS,"Erasca, Inc.",NASDAQ,Pharmaceuticals: Major,14.77,15.8,16.74,17.2,17.85,15.52,15.64,13.42,15.82,16.49,15.47,14.51,7.07,7.53,1.11,5087485.6,4051691.3,59843481.0,69699895.0,1.89,0.46,5165985144.393743,-21.31,407,0.89,185,-3.84,274,-8.09,-2.29,-11.79,1.39,0.86,23.4,0.295,29.98,False,False,False,True,False,True,True,False,False,True,False,True,True,True,True,False,2026-11-11,False,False,6,,"near21, RVOL",5,https://www.tradingview.com/chart/?symbol=NASDAQ:ERAS&interval=D,False,False,False
VICR,Vicor Corporation,NASDAQ,Electronic Components,222.72,193.34,191.56,202.68,211.52,255.12,232.57,207.2,197.92,198.68,223.87,212.2,5.0,7.19,16.01,813289.4,811715.5333333333,180785284.0,164521210.0,2.49,1.49,10268891589.332594,-7.97,227,-34.11,382,16.78,203,-8.43,0.74,16.27,1.68,0.73,65.7,0.249,28.54,False,True,False,True,False,False,True,False,False,False,False,False,True,True,True,False,2026-10-27,False,False,5,LoD>60% ATR,RVOL,4,https://www.tradingview.com/chart/?symbol=NASDAQ:VICR&interval=D,False,False,False
LUMN,"Lumen Technologies, Inc.",NYSE,Major Telecommunications,6.4,6.74,6.47,6.43,6.42,7.6,7.53,7.69,6.63,6.57,6.57,6.33,6.19,5.9,0.38,14452688.9,13326637.9,85290483.0,85743588.0,2.43,0.46,6601250800.987654,2.89,118,-22.61,322,-6.3,292,-8.67,-0.06,-1.16,0.44,0.64,18.5,0.244,19.87,False,False,False,False,True,True,True,True,False,True,False,True,True,True,True,False,2026-11-04,False,False,5,below 200-MA,"near21, ADR, RVOL",6,https://www.tradingview.com/chart/?symbol=NYSE:LUMN&interval=D,False,False,False
WULF,TeraWulf Inc.,NASDAQ,Data Processing Services,17.01,16.32,15.96,16.18,17.18,20.78,19.44,18.01,16.13,16.28,17.06,16.23,5.66,7.34,1.25,30012569.4,30843277.566666666,524644151.0,499013388.0,1.07,1.7,8487457045.819674,5.95,88,-41.44,418,8.55,231,-8.98,-0.13,6.55,0.61,0.67,62.9,0.216,28.31,False,False,False,False,False,True,True,False,False,True,False,False,False,False,False,False,2026-11-16,False,False,3,"LoD>60% ATR, thin RVOL, below 200-MA",near21,3,https://www.tradingview.com/chart/?symbol=NASDAQ:WULF&interval=D,False,False,False
OLLI,"Ollie's Bargain Outlet Holdings, Inc.",NASDAQ,Department Stores,75.84,74.7,74.38,75.5,73.06,75.65,83.62,90.98,74.74,74.61,78.35,75.61,4.97,4.57,3.46,1739678.5,1690251.9333333333,128188707.0,127613176.0,1.22,0.83,4505077909.505512,-0.04,148,-1.94,199,-25.13,372,-9.03,0.83,1.97,0.36,0.79,6.6,0.094,23.64,False,True,True,False,True,True,True,True,True,True,False,True,False,False,True,False,2026-12-09,False,False,4,"thin RVOL, below 200-MA","EMA, near21, ADR, BB, RVOL",9,https://www.tradingview.com/chart/?symbol=NASDAQ:OLLI&interval=D,False,False,False
PINS,"Pinterest, Inc.",NYSE,Internet Software/Services,18.6,19.07,20.78,21.68,22.35,21.51,20.51,21.63,19.28,20.38,18.82,18.26,4.26,4.43,0.82,17662613.6,12585369.166666666,234087866.0,272863389.0,2.14,0.55,10533421810.158384,-19.65,395,-7.95,231,0.49,266,-9.04,-3.79,-10.49,1.97,0.69,41.9,0.372,17.66,False,False,False,False,False,False,True,True,False,True,False,True,True,True,True,False,2026-11-04,False,False,5,below 200-MA,"ADR, RVOL",4,https://www.tradingview.com/chart/?symbol=NYSE:PINS&interval=D,False,False,False
TTMI,"TTM Technologies, Inc.",NASDAQ,Electronic Components,117.97,120.04,118.03,122.44,125.83,150.84,135.91,122.6,117.81,120.18,118.59,114.34,4.97,6.87,8.11,1824445.8,2256585.9,266209439.0,276291864.0,1.58,1.28,12428005750.985712,-6.5,206,-44.6,426,23.91,177,-9.06,-0.91,-0.05,0.27,0.52,44.8,0.198,27.81,False,False,False,False,True,True,True,True,False,True,False,True,True,True,True,False,2026-11-04,False,False,5,below 200-MA,"near21, ADR, RVOL",6,https://www.tradingview.com/chart/?symbol=NASDAQ:TTMI&interval=D,False,False,False
RDW,Redwire Corporation,NYSE,Aerospace & Defense,10.74,10.83,10.91,11.64,10.7,12.4,11.37,10.83,10.88,10.99,11.75,10.64,5.89,7.1,0.76,13679358.5,13791985.8,148125927.0,160552507.0,2.7,1.47,2684920726.7116885,-14.56,321,-23.78,328,11.07,220,-9.09,0.05,-1.57,0.33,1.46,13.8,0.167,15.82,False,False,False,False,True,True,False,False,False,True,True,True,True,True,True,False,2026-11-11,False,False,5,below 200-MA,"near21, RVOL",4,https://www.tradingview.com/chart/?symbol=NYSE:RDW&interval=D,False,False,False
MIR,"Mirion Technologies, Inc.",NYSE,Aerospace & Defense,15.76,16.12,15.62,15.57,15.75,16.89,17.93,19.63,15.89,15.8,16.5,15.66,4.35,4.47,0.71,3713394.3,3500454.9,55167169.0,54502083.0,2.13,0.25,3924833252.399015,2.74,120,-11.21,249,-18.93,344,-9.13,0.02,0.88,0.06,1.19,14.2,0.196,25.43,False,False,False,False,True,True,False,False,False,True,True,True,True,True,True,False,2026-11-03,False,False,5,below 200-MA,"near21, RVOL",4,https://www.tradingview.com/chart/?symbol=NYSE:MIR&interval=D,False,False,False
AXTI,AXT Inc,NASDAQ,Electronic Production Equipment,70.03,64.64,63.53,68.97,63.01,79.09,70.08,57.1,64.69,64.98,71.31,67.67,7.06,9.71,6.8,9858488.0,9946996.0,696588130.0,686067524.0,1.88,2.91,4592092013.619631,-17.12,367,-27.43,348,17.12,199,-9.15,1.15,10.23,0.8,0.54,34.7,0.308,31.41,False,True,False,True,False,True,True,True,False,True,False,True,True,True,True,False,2026-10-29,False,True,5,large gap,"near21, ADR, RVOL",7,https://www.tradingview.com/chart/?symbol=NASDAQ:AXTI&interval=D,False,False,False
GPK,Graphic Packaging Holding Company,NYSE,Containers/Packaging,9.31,9.67,10.48,10.85,10.93,10.69,10.58,11.67,9.81,10.27,9.8,9.26,4.22,4.43,0.41,7645756.9,5081145.366666666,47305463.0,55132121.0,1.74,-0.41,2756426300.8048778,-16.35,351,-13.15,258,1.31,262,-9.4,-3.35,-11.17,2.1,1.32,13.3,0.334,21.47,False,False,False,False,False,False,False,False,False,False,True,True,True,True,True,False,2026-11-03,False,False,5,below 200-MA,RVOL,2,https://www.tradingview.com/chart/?symbol=NYSE:GPK&interval=D,False,False,False
WRBY,Warby Parker Inc.,NYSE,Specialty Stores,22.5,24.3,24.72,25.22,25.78,25.9,25.04,25.1,24.11,24.69,24.46,22.47,5.55,6.25,1.41,2972114.7,2517863.9,56651938.0,63496331.0,1.75,0.7,2781181106.389579,-13.36,300,-8.16,232,-6.83,294,-9.45,-2.04,-8.97,1.42,1.41,2.1,0.175,7.11,False,False,False,False,False,True,False,False,False,True,True,True,True,True,True,False,2026-11-05,False,False,5,below 200-MA,"near21, RVOL",3,https://www.tradingview.com/chart/?symbol=NYSE:WRBY&interval=D,False,False,False
BL,"BlackLine, Inc.",NASDAQ,Packaged Software,28.14,29.36,30.9,30.6,30.47,29.67,31.49,36.96,29.35,30.1,28.5,27.7,4.39,5.15,1.45,914224.9,1017847.3666666667,28642225.0,31149522.0,1.79,-0.56,1635645121.4968421,-7.25,216,5.59,165,-26.95,378,-9.54,-1.48,-8.92,1.26,0.55,30.0,0.243,27.0,False,False,False,False,False,True,True,True,False,True,False,True,True,True,True,False,2026-10-29,False,False,5,below 200-MA,"near21, ADR, RVOL",5,https://www.tradingview.com/chart/?symbol=NASDAQ:BL&interval=D,False,False,False
WEN,Wendy's Company (The),NASDAQ,Restaurants,6.74,7.41,7.94,8.07,7.85,7.59,7.45,7.65,7.37,7.69,7.04,6.6,4.59,5.41,0.36,6619761.3,9183487.133333333,61896703.0,74133700.0,2.87,0.29,1285115334.2746782,-20.89,406,-3.44,209,-4.67,279,-9.67,-2.62,-15.16,2.28,1.21,38.4,0.34,7.93,False,False,False,False,False,False,False,False,False,False,True,True,True,True,True,False,2026-11-11,False,False,5,below 200-MA,RVOL,2,https://www.tradingview.com/chart/?symbol=NASDAQ:WEN&interval=D,False,False,False
ATRO,Astronics Corporation,NASDAQ,Aerospace & Defense,65.71,70.99,73.15,76.73,74.26,72.71,68.78,64.97,69.65,72.5,66.47,64.25,4.7,5.88,3.86,764771.0999999996,730916.633333333,48028532.0,56084330.0,3.05,0.22,2826335099.2785645,-23.65,418,-20.39,309,14.94,206,-9.7,-1.96,-10.17,1.59,0.57,37.8,0.219,14.14,False,False,False,True,False,False,True,True,False,True,False,True,True,True,True,False,2026-11-11,False,False,6,,"ADR, RVOL",5,https://www.tradingview.com/chart/?symbol=NASDAQ:ATRO&interval=D,False,False,False
RGTI,"Rigetti Computing, Inc.",NASDAQ,Computer Processing Hardware,15.76,15.36,15.67,16.42,15.95,18.05,17.45,18.86,15.47,15.73,16.32,15.09,4.84,6.3,0.99,17839126.3,17084851.866666667,269257265.0,280450691.0,1.1,1.63,5260195232.405252,-9.29,243,-24.16,331,4.3,249,-9.72,-0.19,0.55,0.03,1.24,67.5,0.192,22.21,False,False,False,False,True,True,False,False,False,True,True,False,False,False,False,False,2026-11-16,False,False,3,"LoD>60% ATR, thin RVOL, below 200-MA",near21,3,https://www.tradingview.com/chart/?symbol=NASDAQ:RGTI&interval=D,False,False,False
FLUT,Flutter Entertainment plc,NYSE,Casinos/Gaming,89.56,97.96,99.16,98.57,100.98,101.58,104.34,127.23,96.71,98.28,92.98,89.34,4.25,4.84,4.34,2968403.8,2835950.1666666665,253987697.0,279531100.0,2.81,-0.54,15542162537.653622,-4.06,182,-10.63,245,-15.41,333,-10.03,-2.33,-9.68,1.83,0.84,5.1,0.136,32.68,False,False,False,False,False,False,True,False,False,False,False,True,True,True,True,False,2026-11-18,False,False,5,below 200-MA,RVOL,3,https://www.tradingview.com/chart/?symbol=NYSE:FLUT&interval=D,False,False,False
NG,Novagold Resources Inc.,AMEX,Precious Metals,7.27,7.53,8.17,8.08,7.21,7.43,8.34,8.73,7.53,7.72,7.48,7.18,5.19,6.41,0.47,6876252.1,5700249.1,41440811.0,46031412.0,2.08,0.67,3189935176.283984,-8.67,234,-12.83,257,-8.78,299,-10.09,0.12,-11.07,0.92,0.65,20.4,0.385,20.89,False,False,False,False,False,True,True,False,False,True,False,True,True,True,True,False,2026-10-06,False,False,5,below 200-MA,"near21, RVOL",4,https://www.tradingview.com/chart/?symbol=AMEX:NG&interval=D,False,False,False
QBTS,D-Wave Quantum Inc.,NASDAQ,Computer Processing Hardware,17.11,16.91,17.35,18.32,18.33,20.93,19.8,21.28,17.03,17.49,18.1,16.55,4.61,6.54,1.12,16649210.0,15128132.333333334,258842344.0,277107043.0,1.2,2.2,6495411783.704917,-11.21,274,-27.68,350,8.02,235,-10.29,-1.02,-1.39,0.33,1.39,50.1,0.237,25.53,False,False,False,False,True,True,False,False,False,True,True,True,False,False,True,False,2026-11-05,False,True,3,"thin RVOL, below 200-MA, large gap","near21, RVOL",4,https://www.tradingview.com/chart/?symbol=NASDAQ:QBTS&interval=D,False,False,False
REAL,"The RealReal, Inc.",NASDAQ,Internet Retail,9.45,9.62,10.14,10.6,11.03,10.86,10.75,11.83,9.69,10.12,9.59,9.38,4.51,5.22,0.49,2275134.5,2956939.2333333334,27943076.0,31340599.0,1.64,-0.85,1149792085.798097,-14.48,320,-20.32,308,3.39,253,-10.47,-2.74,-6.85,1.26,0.44,15.2,0.252,23.4,False,False,False,False,False,True,True,True,False,True,False,True,True,True,True,False,2026-11-09,False,False,5,below 200-MA,"near21, ADR, RVOL",5,https://www.tradingview.com/chart/?symbol=NASDAQ:REAL&interval=D,False,False,False
WFRD,Weatherford International plc,NASDAQ,Oilfield Services/Equipment,82.03,87.76,90.26,90.92,88.39,93.9,95.17,92.96,86.43,88.69,82.58,80.82,4.5,4.35,3.57,1080755.7,959419.3,78701165.0,87231522.0,3.54,-0.44,5962629070.093115,-12.25,285,-13.35,261,-5.99,289,-10.53,-1.65,-9.12,1.73,0.49,33.9,0.223,9.03,False,False,False,False,False,False,True,True,False,True,False,True,True,True,True,False,2026-10-27,False,False,5,below 200-MA,"ADR, RVOL",4,https://www.tradingview.com/chart/?symbol=NASDAQ:WFRD&interval=D,False,False,False
ACHR,Archer Aviation Inc.,NYSE,Aerospace & Defense,5.26,5.49,5.68,5.91,5.5,5.63,5.79,6.36,5.47,5.6,5.6,5.24,4.74,6.13,0.32,25917723.6,34397710.96666667,180931960.0,203359267.0,2.03,2.04,4050325278.5888886,-16.44,352,-3.49,210,-12.33,313,-10.75,-0.72,-7.39,0.98,1.12,6.2,0.188,16.42,False,False,False,False,False,True,False,False,False,True,True,True,True,True,True,False,2026-11-05,False,True,4,"below 200-MA, large gap","near21, RVOL",3,https://www.tradingview.com/chart/?symbol=NYSE:ACHR&interval=D,False,False,False
DPC,DPC Holdings PLC,NYSE,Electrical Products,40.76,41.37,42.25,44.98,46.13,,,,41.14,42.7,41.37,40.01,7.71,7.83,3.19,1333915.9,1105871.3,45075314.0,49741354.0,1.89,2.38,6089259750.454455,-17.71,376,-7.36,226,-7.36,296,-10.81,-1.49,-3.54,0.58,0.43,23.7,0.186,11.68,False,False,False,False,False,True,True,True,False,True,False,True,True,True,True,False,2026-12-02,False,True,4,"below 200-MA, large gap","near21, ADR, RVOL",5,https://www.tradingview.com/chart/?symbol=NYSE:DPC&interval=D,False,False,False
CAR,"Avis Budget Group, Inc.",NASDAQ,Finance/Rental/Leasing,117.71,124.08,133.28,135.53,143.03,155.42,167.72,157.31,123.2,130.21,119.85,112.36,5.02,5.03,5.92,451557.2,355548.3333333333,41851594.0,48186517.0,3.59,-0.23,4158194221.4652033,-14.76,327,-35.09,386,17.38,198,-10.82,-3.52,-11.68,1.91,1.26,90.3,0.333,37.07,False,False,False,False,False,False,False,False,False,False,True,False,True,True,True,False,2026-11-02,False,False,4,"LoD>60% ATR, below 200-MA",RVOL,1,https://www.tradingview.com/chart/?symbol=NASDAQ:CAR&interval=D,False,False,False
CORZ,"Core Scientific, Inc.",NASDAQ,Packaged Software,17.99,17.5,17.34,18.13,19.68,22.42,20.71,19.77,17.36,17.82,18.03,17.11,5.18,6.49,1.17,11365417.0,11491395.6,206730207.0,208339002.0,1.22,3.68,5780914014.315051,-4.84,190,-38.22,401,10.57,223,-10.83,-1.33,3.76,0.15,0.79,75.3,0.167,28.23,False,False,False,False,False,True,True,False,False,True,False,False,False,False,True,False,2026-11-11,False,True,2,"LoD>60% ATR, thin RVOL, below 200-MA, large gap","near21, RVOL",3,https://www.tradingview.com/chart/?symbol=NASDAQ:CORZ&interval=D,False,False,False
AXON,"Axon Enterprise, Inc.",NASDAQ,Aerospace & Defense,447.76,477.12,527.96,555.84,548.51,499.5,485.1,503.0,479.65,511.72,458.0,446.37,5.47,6.41,28.7,1181848.1,971365.9333333333,434938810.0,539925012.0,1.05,0.47,36374863372.993164,-27.86,433,5.38,167,-10.84,307,-11.11,-2.87,-15.19,1.95,0.41,4.8,0.461,15.94,False,False,False,False,False,False,True,True,False,True,False,True,False,True,False,False,2026-11-10,False,False,5,below 200-MA,ADR,4,https://www.tradingview.com/chart/?symbol=NASDAQ:AXON&interval=D,False,False,False
VKTX,"Viking Therapeutics, Inc.",NASDAQ,Pharmaceuticals: Major,28.99,31.47,32.52,33.01,33.95,33.2,33.28,33.3,30.92,32.08,29.68,28.4,4.75,5.07,1.47,2164703.5,1887542.6666666667,54719862.0,62309042.0,1.31,0.72,3381768767.726158,-14.99,333,-4.92,217,-13.77,323,-11.23,-2.88,-10.85,1.9,0.87,40.1,0.215,8.57,False,False,False,False,False,False,True,False,False,False,False,True,False,False,True,False,2026-10-28,False,False,4,"thin RVOL, below 200-MA",RVOL,3,https://www.tradingview.com/chart/?symbol=NASDAQ:VKTX&interval=D,False,False,False
WYFI,"WhiteFiber, Inc.",NASDAQ,Data Processing Services,18.97,18.56,18.86,21.2,23.51,26.17,22.61,21.54,18.42,19.67,19.02,18.14,6.23,9.82,1.86,1356419.1,2505748.3,47534045.0,53111841.0,1.07,2.86,736948820.255319,-14.28,317,-46.12,429,26.47,170,-11.31,-1.97,0.6,0.36,0.48,44.8,0.259,40.14,False,False,False,False,True,True,True,False,False,True,False,True,False,False,False,False,2026-11-12,False,True,3,"thin RVOL, below 200-MA, large gap",near21,5,https://www.tradingview.com/chart/?symbol=NASDAQ:WYFI&interval=D,False,False,False
AKAM,"Akamai Technologies, Inc.",NASDAQ,Data Processing Services,104.52,106.25,106.89,110.56,114.03,123.04,116.9,110.39,106.23,108.17,107.25,102.61,4.06,4.62,4.83,3430962.4,3331617.933333333,348220706.0,368347010.0,1.47,0.16,15021260728.449009,-9.74,248,-19.15,298,-5.46,285,-11.45,-1.8,-2.22,0.73,0.96,39.5,0.074,16.06,False,False,False,False,True,True,True,False,True,True,False,True,False,True,True,False,2026-11-10,False,False,5,below 200-MA,"near21, BB, RVOL",6,https://www.tradingview.com/chart/?symbol=NASDAQ:AKAM&interval=D,False,False,False
AN,"AutoNation, Inc.",NYSE,Specialty Stores,168.29,198.95,199.73,201.64,204.33,198.57,197.65,201.15,192.89,198.41,175.31,167.05,4.82,4.89,8.23,762924.3,470648.3333333333,79205408.0,94903726.0,2.35,-0.5,5563803243.557125,-15.46,341,-10.9,248,-8.39,298,-11.58,-3.61,-15.74,3.11,1.0,15.1,0.212,3.97,False,False,False,False,False,False,False,False,False,False,True,True,True,True,True,True,2026-10-22,False,False,5,below 200-MA,RVOL,3,https://www.tradingview.com/chart/?symbol=NYSE:AN&interval=D,False,False,False
APLD,Applied Digital Corporation,NASDAQ,Data Processing Services,28.12,26.09,26.2,27.38,27.75,34.45,32.45,32.29,26.08,26.58,28.3,26.15,4.75,6.68,1.88,16265126.3,15728692.199999994,442290825.0,430724993.0,1.53,2.24,8196111287.070508,-0.67,155,-40.4,410,5.91,245,-11.72,0.2,7.32,0.87,1.14,104.8,0.216,29.74,False,True,False,False,False,True,False,False,False,True,True,False,True,True,True,False,2026-10-14,False,True,3,"LoD>60% ATR, below 200-MA, large gap","near21, RVOL",3,https://www.tradingview.com/chart/?symbol=NASDAQ:APLD&interval=D,False,False,False
ALNY,"Alnylam Pharmaceuticals, Inc.",NASDAQ,Pharmaceuticals: Major,239.56,249.31,246.84,239.97,247.94,272.21,288.76,312.17,245.58,245.82,246.49,238.51,4.35,4.42,10.58,1543680.0,1659466.5666666667,397541811.0,398215554.0,1.9,0.37,32055313940.35877,2.22,128,-14.48,265,-22.98,361,-11.75,-0.76,-2.95,0.58,0.75,9.9,0.169,27.27,False,False,False,False,True,True,True,False,False,True,False,True,True,True,True,False,2026-10-29,False,False,5,below 200-MA,"near21, RVOL",5,https://www.tradingview.com/chart/?symbol=NASDAQ:ALNY&interval=D,False,False,False
ON,ON Semiconductor Corporation,NASDAQ,Semiconductors,69.98,71.25,72.22,74.94,79.55,95.06,86.13,79.39,70.96,73.16,70.82,68.52,4.47,5.36,3.75,13175537.0,9113179.866666667,637740327.0,682935624.0,1.72,2.69,27244034441.216694,-13.1,296,-40.64,413,18.09,196,-11.88,-2.25,-3.11,0.81,0.61,39.0,0.123,34.03,False,False,False,False,False,True,True,True,False,True,False,True,True,True,True,False,2026-11-02,False,True,4,"below 200-MA, large gap","near21, ADR, RVOL",5,https://www.tradingview.com/chart/?symbol=NASDAQ:ON&interval=D,False,False,False
RZLV,Rezolve AI PLC,NASDAQ,Packaged Software,2.27,2.27,2.46,2.52,2.48,2.55,2.56,2.66,2.31,2.4,2.3,2.25,4.71,5.76,0.13,10801037.1,17711650.166666668,40205446.0,44580223.0,0.63,0.0,946292387.0,-7.91,225,-15.93,273,-12.02,312,-11.95,-1.46,-7.76,0.91,0.38,15.3,0.456,17.01,False,False,False,False,False,True,True,True,False,True,False,True,False,False,False,False,2027-04-29,False,False,4,"thin RVOL, below 200-MA","near21, ADR",5,https://www.tradingview.com/chart/?symbol=NASDAQ:RZLV&interval=D,False,False,False
BTU,Peabody Energy Corporation,NYSE,Coal,25.22,27.87,28.16,27.17,25.43,25.4,27.77,29.02,27.35,27.33,27.14,25.05,4.93,5.12,1.29,3003493.7,2445642.533333333,61679105.0,66450553.0,3.96,-1.06,3074318012.961821,-1.45,163,-1.48,195,-32.93,406,-11.95,-0.16,-10.45,1.51,1.62,13.2,0.163,14.35,False,False,False,False,False,False,False,False,False,False,True,True,True,True,True,False,2026-10-29,False,False,5,below 200-MA,RVOL,2,https://www.tradingview.com/chart/?symbol=NYSE:BTU&interval=D,False,False,False
SFM,"Sprouts Farmers Market, Inc.",NASDAQ,Food Retail,70.79,73.56,77.94,79.43,79.36,81.37,79.51,78.75,73.49,76.32,71.55,69.5,4.57,4.66,3.3,2005825.1,1656131.9333333333,117237580.0,131543247.0,1.3,-0.03,6600999475.401349,-10.01,254,-10.39,243,-15.79,334,-12.06,-2.32,-9.18,1.56,0.62,39.1,0.272,11.03,False,False,False,False,False,False,True,True,False,True,False,True,False,False,True,False,2026-11-04,False,False,4,"thin RVOL, below 200-MA","ADR, RVOL",4,https://www.tradingview.com/chart/?symbol=NASDAQ:SFM&interval=D,False,False,False
FSLR,"First Solar, Inc.",NASDAQ,Semiconductors,195.96,203.46,204.8,212.56,214.1,230.92,221.04,228.1,201.9,206.38,202.41,192.42,4.66,5.18,10.14,2343971.9,2159507.0,423176992.0,459015450.0,1.22,0.47,21059779961.310997,-11.73,277,-25.21,336,0.63,265,-12.1,-1.64,-4.32,0.98,0.98,34.9,0.104,14.02,False,False,False,False,False,True,True,False,False,True,False,True,False,True,True,False,2026-10-29,False,False,5,below 200-MA,"near21, RVOL",4,https://www.tradingview.com/chart/?symbol=NASDAQ:FSLR&interval=D,False,False,False
XRAY,DENTSPLY SIRONA Inc.,NASDAQ,Medical Specialties,9.54,10.33,10.69,10.93,11.92,11.28,11.6,11.71,10.18,10.67,9.64,9.37,4.66,4.98,0.47,4708019.0,4317152.6,41185636.0,47188636.0,1.99,0.05,1901836032.4991999,-15.65,344,-5.73,220,-14.97,331,-12.12,-4.01,-10.77,2.13,0.57,35.8,0.214,16.68,False,False,False,False,False,False,True,True,False,True,False,True,True,True,True,False,2026-10-29,False,False,5,below 200-MA,"ADR, RVOL",4,https://www.tradingview.com/chart/?symbol=NASDAQ:XRAY&interval=D,False,False,False
AEO,"American Eagle Outfitters, Inc.",NYSE,Apparel/Footwear Retail,15.06,15.61,16.19,16.39,16.77,16.82,17.71,19.59,15.44,15.96,15.2,14.88,4.26,4.9,0.74,10531125.5,6609298.266666667,99536032.0,108304368.0,0.67,-0.13,2523654379.798793,-9.39,244,-13.3,260,-13.89,324,-12.19,-2.08,-7.0,1.15,0.43,23.7,0.241,26.46,False,False,False,False,False,True,True,True,False,True,False,True,False,False,False,False,2026-11-24,False,False,4,"thin RVOL, below 200-MA","near21, ADR",5,https://www.tradingview.com/chart/?symbol=NYSE:AEO&interval=D,False,False,False
AVAV,"AeroVironment, Inc.",NASDAQ,Aerospace & Defense,159.95,151.82,150.31,161.4,157.41,164.96,181.17,206.94,154.74,154.94,168.0,159.4,5.42,5.96,9.53,3322589.2,1951731.5666666667,312179464.0,315008499.0,0.73,1.34,8128771463.314054,-7.37,217,-6.35,223,-22.88,360,-12.2,0.27,6.41,0.54,0.9,5.8,0.159,35.4,False,True,False,False,False,True,True,False,False,True,False,True,False,False,False,False,2026-12-08,False,False,4,"thin RVOL, below 200-MA",near21,5,https://www.tradingview.com/chart/?symbol=NASDAQ:AVAV&interval=D,False,False,False
AIR,AAR Corp.,NYSE,Aerospace & Defense,112.77,120.99,126.29,132.27,134.3,127.58,122.86,115.89,119.65,125.38,112.9,110.36,4.04,4.72,5.32,468198.1,395069.7,44552010.0,52254816.0,3.94,-0.34,4539989345.763468,-24.26,419,-16.26,276,3.78,251,-12.25,-3.4,-10.7,2.13,0.48,45.3,0.243,16.33,False,False,False,False,False,False,True,True,False,True,False,True,True,True,True,False,2026-09-29,False,False,5,below 200-MA,"ADR, RVOL",4,https://www.tradingview.com/chart/?symbol=NYSE:AIR&interval=D,False,False,False
MRCY,Mercury Systems Inc,NASDAQ,Aerospace & Defense,85.28,83.44,85.46,92.74,96.14,99.81,93.88,91.32,85.0,87.8,86.98,84.36,4.42,5.13,4.37,788559.8,809922.2,69070165.0,75110025.0,2.47,0.92,5128409294.646553,-18.52,383,-27.77,351,8.72,230,-12.52,-2.2,-0.22,0.56,0.6,20.9,0.162,19.2,False,False,False,False,True,True,True,True,False,True,False,True,True,True,True,False,2026-11-10,False,False,5,below 200-MA,"near21, ADR, RVOL",6,https://www.tradingview.com/chart/?symbol=NASDAQ:MRCY&interval=D,False,False,False
NVTS,Navitas Semiconductor Corporation,NASDAQ,Semiconductors,11.43,11.29,11.6,12.28,12.12,16.58,14.43,13.05,11.25,11.65,11.52,11.08,4.79,7.23,0.83,11576797.7,12477234.333333334,142614788.0,153191324.0,1.99,2.33,2984298515.1840215,-14.06,314,-51.6,439,27.78,164,-12.63,-0.79,-1.5,0.26,0.54,42.9,0.229,46.24,False,False,False,False,True,True,True,False,False,True,False,True,True,True,True,False,2026-11-09,False,True,4,"below 200-MA, large gap","near21, RVOL",5,https://www.tradingview.com/chart/?symbol=NASDAQ:NVTS&interval=D,False,False,False
STNE,StoneCo Ltd.,NASDAQ,Miscellaneous Commercial Services,9.53,9.89,9.83,9.81,10.36,10.6,11.97,12.85,9.81,9.9,9.79,9.5,4.3,4.21,0.4,4617820.9,6112148.033333333,58248771.0,59981565.0,1.84,-0.72,2317965003.065641,2.92,116,-11.76,250,-30.34,395,-13.06,-1.9,-3.09,0.89,0.72,7.5,0.113,31.65,False,False,False,False,False,True,True,True,False,True,False,True,True,True,True,False,2026-11-17,False,False,5,below 200-MA,"near21, ADR, RVOL",5,https://www.tradingview.com/chart/?symbol=NASDAQ:STNE&interval=D,False,False,False
PII,Polaris Inc.,NYSE,Recreational Products,54.07,58.15,60.69,63.28,66.42,66.87,63.59,64.69,57.74,60.51,55.85,53.1,4.21,4.45,2.4,787122.5,772416.9,41764582.0,48876224.0,1.88,-0.99,3076773503.0739675,-20.88,405,-22.01,318,3.56,252,-13.11,-4.18,-10.91,2.39,1.14,40.2,0.212,16.14,False,False,False,False,False,False,False,False,False,False,True,True,True,True,True,False,2026-10-27,False,False,5,below 200-MA,RVOL,2,https://www.tradingview.com/chart/?symbol=NYSE:PII&interval=D,False,False,False
DKNG,DraftKings Inc.,NASDAQ,Movies/Entertainment,21.75,23.8,24.32,24.56,24.36,24.93,24.41,26.43,23.62,24.04,22.76,21.72,4.58,5.25,1.14,10661057.4,10977188.866666667,238753858.0,269577804.0,1.88,-0.53,10797875714.786385,-10.38,259,-16.79,281,-12.69,317,-13.29,-2.05,-10.56,1.82,0.91,2.6,0.172,12.09,False,False,False,False,False,False,True,False,False,False,False,True,True,True,True,False,2026-10-30,False,False,5,below 200-MA,RVOL,3,https://www.tradingview.com/chart/?symbol=NASDAQ:DKNG&interval=D,False,False,False
BKV,BKV Corporation,NYSE,Integrated Oil,22.97,24.28,24.45,25.0,24.97,26.16,27.14,27.31,23.89,24.42,23.56,22.82,4.59,4.76,1.09,3810899.0,1882211.6333333333,43234401.0,47045880.0,0.77,0.57,2513787011.844669,-14.93,330,-4.13,213,-21.07,357,-13.37,-1.68,-6.05,1.25,0.68,14.2,0.169,13.19,False,False,False,False,False,True,True,True,False,True,False,True,False,False,False,False,2026-11-17,False,False,4,"thin RVOL, below 200-MA","near21, ADR",5,https://www.tradingview.com/chart/?symbol=NYSE:BKV&interval=D,False,False,False
VRT,"Vertiv Holdings, LLC",NYSE,Electronic Production Equipment,249.39,254.17,257.24,264.3,271.45,297.96,288.55,261.09,249.84,257.13,250.15,242.43,4.88,5.94,14.82,6765155.0,4938206.533333333,1231539327.0,1305163049.0,1.22,1.95,96012206812.79782,-8.65,233,-24.71,334,-7.16,295,-13.51,-1.37,-3.05,0.51,0.52,47.0,0.211,17.56,False,False,False,False,False,True,True,True,False,True,False,True,False,True,True,False,2026-10-28,False,False,5,below 200-MA,"near21, ADR, RVOL",5,https://www.tradingview.com/chart/?symbol=NYSE:VRT&interval=D,False,False,False
RKT,"Rocket Companies, Inc.",NYSE,Finance/Rental/Leasing,12.29,13.21,13.53,13.78,13.78,13.96,14.53,15.92,13.07,13.41,12.68,12.26,4.45,5.24,0.64,33376254.8,27801488.6,341680295.0,383095246.0,1.58,-0.68,34800883666.56642,-17.24,370,-8.79,238,-14.53,326,-13.52,-2.07,-9.15,1.59,0.64,4.7,0.162,22.06,False,False,False,False,False,False,True,False,False,False,False,True,True,True,True,False,2026-10-29,False,False,5,below 200-MA,RVOL,3,https://www.tradingview.com/chart/?symbol=NYSE:RKT&interval=D,False,False,False
RH,RH,NYSE,Specialty Stores,126.54,133.68,140.27,152.76,162.85,153.69,151.18,161.73,132.95,141.93,128.55,125.64,5.41,6.19,7.84,1042755.4,767725.4333333333,97147976.0,117279784.0,0.79,-0.25,2395801918.5272045,-27.05,431,-8.5,234,-5.19,283,-13.58,-3.6,-9.79,1.75,0.37,11.5,0.249,23.05,False,False,False,False,False,False,True,True,False,True,False,True,False,False,False,False,2026-12-03,False,False,4,"thin RVOL, below 200-MA",ADR,4,https://www.tradingview.com/chart/?symbol=NYSE:RH&interval=D,False,False,False
LGN,Legence Corp.,NASDAQ,Engineering & Construction,55.8,54.56,54.85,58.17,61.78,73.63,68.49,62.99,54.67,56.21,56.19,54.52,4.57,5.92,3.3,977494.8,993715.0,55449297.0,57804733.0,1.55,0.59,6030611446.077894,-13.86,307,-36.19,394,9.05,229,-13.67,-1.64,1.73,0.12,0.5,38.6,0.162,34.18,False,False,False,False,True,True,True,True,False,True,False,True,True,True,True,False,2026-11-13,False,False,5,below 200-MA,"near21, ADR, RVOL",6,https://www.tradingview.com/chart/?symbol=NASDAQ:LGN&interval=D,False,False,False
PLUG,"Plug Power, Inc.",NASDAQ,Electronic Production Equipment,2.09,2.11,2.15,2.17,2.16,2.67,2.57,2.48,2.1,2.14,2.17,2.02,4.56,5.81,0.12,50941310.2,60010192.86666667,125421303.0,130522169.0,1.11,0.47,2920137790.5471697,-4.57,187,-23.44,327,-13.28,322,-13.76,-0.53,-2.65,0.36,1.23,57.5,0.139,26.4,False,False,False,False,True,True,False,False,False,True,True,True,False,False,False,False,2026-11-10,False,False,4,"thin RVOL, below 200-MA",near21,4,https://www.tradingview.com/chart/?symbol=NASDAQ:PLUG&interval=D,False,False,False
COCO,"The Vita Coco Company, Inc.",NASDAQ,Food: Specialty/Candy,55.82,54.22,57.41,59.88,63.82,69.02,63.46,61.19,55.61,57.58,56.92,55.18,4.18,4.52,2.52,2014131.0,1257052.9333333333,70168695.0,75270025.0,1.7,-0.34,3203905284.302987,-13.01,295,-33.92,380,4.24,250,-14.23,-2.77,-2.77,0.68,0.69,25.4,0.279,26.51,False,False,False,False,True,True,True,True,False,True,False,True,True,True,True,False,2026-11-04,False,False,5,below 200-MA,"near21, ADR, RVOL",6,https://www.tradingview.com/chart/?symbol=NASDAQ:COCO&interval=D,False,False,False
DNN,Denison Mines Corp,AMEX,Other Metals/Minerals,2.86,3.07,3.27,3.25,3.14,3.24,3.43,3.39,3.02,3.13,2.96,2.79,4.68,5.84,0.17,23384718.4,25453407.6,72796746.0,82833873.0,1.44,1.38,2588918240.9037037,-10.34,258,-15.38,267,-17.58,340,-14.44,-1.51,-12.48,1.48,1.02,41.9,0.346,12.6,False,False,False,False,False,True,False,False,False,True,True,True,False,False,True,False,2026-11-03,False,False,4,"thin RVOL, below 200-MA","near21, RVOL",3,https://www.tradingview.com/chart/?symbol=AMEX:DNN&interval=D,False,False,False
SOUN,"SoundHound AI, Inc.",NASDAQ,Packaged Software,5.93,6.28,6.65,6.88,6.68,7.22,7.3,8.1,6.26,6.51,6.08,5.83,4.45,5.41,0.32,23165142.7,25534713.533333335,151420851.0,175687341.0,0.84,0.83,2667772910.84,-14.8,328,-15.65,270,-13.05,320,-14.5,-2.06,-10.86,1.64,0.78,31.2,0.262,30.6,False,False,False,False,False,False,True,False,False,False,False,True,False,False,False,False,2026-11-05,False,False,4,"thin RVOL, below 200-MA",,3,https://www.tradingview.com/chart/?symbol=NASDAQ:SOUN&interval=D,False,False,False
UCTT,"Ultra Clean Holdings, Inc.",NASDAQ,Industrial Machinery,70.64,70.5,70.52,75.07,81.54,88.39,80.42,69.24,69.5,72.2,70.9,68.24,4.78,7.23,5.11,869285.1,904255.0333333333,63876576.0,67885892.0,1.68,1.3,3198369240.0142136,-14.97,332,-40.7,416,12.14,215,-14.51,-1.85,0.17,0.3,0.52,47.0,0.21,27.11,False,False,False,True,True,True,True,False,False,True,False,True,True,True,True,False,2026-10-28,False,False,6,,"near21, RVOL",6,https://www.tradingview.com/chart/?symbol=NASDAQ:UCTT&interval=D,False,False,False
CRWV,"CoreWeave, Inc.",NASDAQ,Packaged Software,81.36,87.07,86.21,89.75,85.07,95.76,94.24,92.08,84.5,86.25,81.74,79.16,5.38,7.12,5.79,34626670.6,29634174.733333334,2411036456.0,2659568402.0,2.21,-0.06,44873015060.604904,-13.66,302,-31.54,370,1.52,260,-14.56,-0.61,-5.62,0.8,0.45,38.0,0.223,13.14,False,False,False,False,False,True,True,True,False,True,False,True,True,True,True,False,2026-11-16,False,False,5,below 200-MA,"near21, ADR, RVOL",5,https://www.tradingview.com/chart/?symbol=NASDAQ:CRWV&interval=D,False,False,False
VIAV,Viavi Solutions Inc.,NASDAQ,Information Technology Services,35.36,36.11,36.38,37.9,38.38,43.93,40.9,35.68,35.63,36.61,35.99,34.74,5.16,6.67,2.36,5583494.3999999985,4613082.233333325,163118588.0,174829666.0,2.43,2.82,8725074486.323545,-16.56,354,-30.38,364,3.23,255,-14.57,-1.18,-2.81,0.51,0.53,26.3,0.213,23.32,False,False,False,False,True,True,True,True,False,True,False,True,True,True,True,False,2026-10-29,False,True,4,"below 200-MA, large gap","near21, ADR, RVOL",6,https://www.tradingview.com/chart/?symbol=NASDAQ:VIAV&interval=D,False,False,False
FICO,Fair Isaac Corporation,NYSE,Financial Publishing/Services,949.68,968.96,1053.97,1063.44,1119.43,1143.66,1152.45,1268.87,992.07,1032.22,970.46,941.82,4.27,5.2,49.34,547508.8,353987.23333333334,336174596.0,376445835.0,1.7,-0.12,20510842003.3602,-13.32,298,-16.22,275,-14.45,325,-14.66,-2.92,-9.9,1.54,0.58,15.9,0.335,31.58,False,False,False,False,False,False,True,True,False,True,False,True,True,True,True,False,2026-11-11,False,False,5,below 200-MA,"ADR, RVOL",4,https://www.tradingview.com/chart/?symbol=NYSE:FICO&interval=D,False,False,False
BBWI,"Bath & Body Works, Inc.",NYSE,Specialty Stores,17.4,17.81,18.32,18.64,19.33,19.37,19.68,20.04,17.68,18.23,18.02,17.12,4.72,5.46,0.95,6484932.1,6794640.3,118226741.0,126677009.0,1.41,-0.41,3508628493.298429,-14.45,319,-16.71,280,-13.09,321,-14.75,-1.83,-5.03,0.84,0.94,29.5,0.192,12.84,False,False,False,False,False,True,True,False,False,True,False,True,False,False,True,False,2026-11-18,False,False,4,"thin RVOL, below 200-MA","near21, RVOL",4,https://www.tradingview.com/chart/?symbol=NYSE:BBWI&interval=D,False,False,False
ALGM,"Allegro MicroSystems, Inc.",NASDAQ,Semiconductors,34.1,34.78,35.55,37.67,41.17,46.05,42.58,39.86,34.52,36.18,34.17,33.32,4.02,5.76,1.96,2160588.9,2005047.3333333333,68372114.0,75522781.0,1.52,1.39,6356310152.6910305,-14.75,326,-40.38,409,10.43,224,-14.9,-2.98,-4.09,1.0,0.44,39.7,0.155,33.05,False,False,False,False,False,True,True,True,False,True,False,True,True,True,True,False,2026-10-29,False,False,5,below 200-MA,"near21, ADR, RVOL",5,https://www.tradingview.com/chart/?symbol=NASDAQ:ALGM&interval=D,False,False,False
FMC,FMC Corporation,NYSE,Chemicals: Agricultural,10.09,11.49,11.56,11.17,11.11,11.85,13.02,13.41,11.09,11.28,10.26,9.71,7.01,6.38,0.64,3557453.6,3156065.8666666667,31844705.0,35256412.0,2.89,-1.18,1263538763.1715686,-1.94,166,-15.92,272,-26.94,376,-14.93,-1.43,-12.69,1.66,0.85,59.0,0.312,22.87,False,False,False,False,False,False,True,False,False,False,False,True,True,True,True,False,2026-11-03,False,False,5,below 200-MA,RVOL,3,https://www.tradingview.com/chart/?symbol=NYSE:FMC&interval=D,False,False,False
CPRI,Capri Holdings Limited,NYSE,Apparel/Footwear Retail,14.75,13.88,13.58,14.06,14.93,16.91,17.72,19.39,14.13,14.07,15.15,14.64,4.31,4.48,0.66,7359145.6,5317519.666666667,78433415.0,74753691.0,3.95,0.13,1676361358.4949834,0.82,139,-26.73,343,-20.53,352,-15.48,-0.27,8.58,1.07,0.77,16.6,0.193,39.37,False,False,True,False,False,True,True,False,False,True,False,True,True,True,True,False,2026-11-05,False,False,5,below 200-MA,"EMA, near21, RVOL",5,https://www.tradingview.com/chart/?symbol=NYSE:CPRI&interval=D,False,False,False
MOD,Modine Manufacturing Company,NYSE,Industrial Machinery,188.72,185.73,185.41,190.3,202.37,235.65,231.15,212.06,185.01,188.21,190.8,185.17,4.13,5.55,10.48,1133081.7,1214599.1333333333,229219148.0,231133762.0,1.2,0.81,10023429763.859785,-5.87,199,-35.33,388,-5.69,287,-15.63,-1.21,1.79,0.05,0.54,33.9,0.119,26.62,False,False,False,False,True,True,True,True,False,True,False,True,False,True,False,False,2026-11-03,False,False,5,below 200-MA,"near21, ADR",6,https://www.tradingview.com/chart/?symbol=NYSE:MOD&interval=D,False,False,False
LAZ,"Lazard, Inc.",NYSE,Investment Banks/Brokers,35.75,40.15,41.8,42.53,42.7,43.87,44.47,46.36,39.13,40.91,36.39,35.16,5.61,5.4,1.93,2255593.2,1604505.1666666667,57361060.0,68234791.0,5.25,0.0,3483857979.4162507,-19.48,393,-18.55,291,-9.42,302,-15.82,-3.01,-14.47,2.34,0.64,30.6,0.269,17.39,False,False,False,False,False,False,True,True,False,True,False,True,True,True,True,False,2026-10-22,False,False,5,below 200-MA,"ADR, RVOL",4,https://www.tradingview.com/chart/?symbol=NYSE:LAZ&interval=D,False,False,False
MWH,"SOLV Energy, Inc.",NASDAQ,Engineering & Construction,26.46,25.56,26.11,27.52,27.75,32.2,31.75,,25.84,26.4,26.59,25.6,4.68,5.54,1.47,1445700.4,1742362.9333333333,46102923.0,47955636.0,1.17,0.31,5355282241.12675,-12.7,293,-26.09,340,-8.92,301,-15.9,-0.84,1.34,0.04,0.68,58.7,0.205,25.07,False,False,False,False,True,True,True,False,False,True,False,True,False,False,False,False,2026-12-02,False,False,4,"thin RVOL, below 200-MA",near21,5,https://www.tradingview.com/chart/?symbol=NASDAQ:MWH&interval=D,False,False,False
CRML,Critical Metals Corp.,NASDAQ,Precious Metals,6.73,6.77,7.08,6.9,6.72,8.76,8.97,9.66,6.76,6.85,7.0,6.57,6.65,8.19,0.55,5586651.2,7132104.933333334,47999066.0,49218656.0,1.07,1.89,988561258.6011645,7.17,82,-34.66,384,-20.36,351,-15.95,0.01,-4.9,0.22,0.78,29.0,0.289,43.62,False,False,False,False,False,True,True,False,False,True,False,True,False,False,False,False,2027-03-03,False,False,4,"thin RVOL, below 200-MA",near21,4,https://www.tradingview.com/chart/?symbol=NASDAQ:CRML&interval=D,False,False,False
TRIP,"TripAdvisor, Inc.",NASDAQ,Other Consumer Services,8.84,9.0,9.39,9.78,11.49,11.58,11.19,11.89,9.07,9.56,9.18,8.79,4.06,4.69,0.41,4792353.6,3740410.2,33065226.0,36592433.0,0.99,0.34,1036042159.8196169,-13.88,308,-30.39,365,-4.12,277,-16.13,-4.92,-5.82,1.61,0.93,12.1,0.19,32.62,False,False,False,False,False,False,True,False,False,False,False,True,False,False,False,False,2026-11-09,False,False,4,"thin RVOL, below 200-MA",,3,https://www.tradingview.com/chart/?symbol=NASDAQ:TRIP&interval=D,False,False,False
MDLN,Medline Inc.,NASDAQ,Medical Specialties,31.64,33.17,34.19,34.34,36.3,37.37,39.92,,32.98,33.96,32.33,31.49,4.15,4.47,1.42,8142652.3,7369884.566666666,233183148.0,253089206.0,2.96,0.12,41597342976.252815,-8.69,236,-12.45,256,-27.4,383,-16.18,-2.87,-7.46,1.52,0.59,10.6,0.179,21.32,False,False,False,False,False,False,True,True,False,True,False,True,True,True,True,False,2026-11-10,False,False,5,below 200-MA,"ADR, RVOL",4,https://www.tradingview.com/chart/?symbol=NASDAQ:MDLN&interval=D,False,False,False
FTFT,Future FinTech Group Inc.,NASDAQ,Finance/Rental/Leasing,5.5,4.25,3.24,3.24,3.95,10.28,14.31,23.08,4.8,4.03,6.08,5.17,24.96,24.92,1.37,30428171.3,10778732.316666666,59283028.0,34903188.0,0.04,-9.67,44426205.59552359,76.26,5,-53.64,440,-71.35,450,-16.25,1.58,69.77,1.47,0.66,24.0,2.447,360.69,False,True,True,False,False,True,True,True,False,True,False,True,False,False,False,False,,False,True,3,"thin RVOL, below 200-MA, large gap","EMA, near21, ADR",7,https://www.tradingview.com/chart/?symbol=NASDAQ:FTFT&interval=D,True,False,False
CRK,"Comstock Resources, Inc.",NYSE,Oil & Gas Production,12.84,14.28,14.49,14.27,13.82,14.07,15.85,17.57,13.91,14.15,13.38,12.8,5.24,5.29,0.68,2528995.8,2552036.9,32768154.0,36415015.0,1.49,1.24,3770088204.863777,-7.69,223,-0.93,192,-40.61,421,-16.41,-1.34,-11.38,1.76,0.85,5.2,0.222,29.23,False,False,False,False,False,False,True,False,False,False,False,True,False,False,True,False,2026-11-03,False,False,4,"thin RVOL, below 200-MA",RVOL,3,https://www.tradingview.com/chart/?symbol=NYSE:CRK&interval=D,False,False,False
EYE,"National Vision Holdings, Inc.",NASDAQ,Specialty Stores,16.88,16.88,17.25,18.15,19.3,18.98,21.42,22.99,16.92,17.49,16.93,16.58,4.57,5.1,0.86,2469586.2,2426463.2666666666,40946568.0,44039904.0,2.36,-0.3,1334294723.584766,-10.9,268,1.84,179,-40.58,420,-16.55,-2.46,-2.18,0.69,0.4,33.7,0.163,36.16,False,False,False,False,True,True,True,True,False,True,False,True,True,True,True,False,2026-11-11,False,False,5,below 200-MA,"near21, ADR, RVOL",6,https://www.tradingview.com/chart/?symbol=NASDAQ:EYE&interval=D,False,False,False
VSEC,VSE Corporation,NASDAQ,Engineering & Construction,174.83,189.66,200.83,211.24,207.69,199.87,200.85,198.33,187.6,197.49,177.09,172.67,4.99,5.61,9.81,406440.3,369295.06666666665,64563857.0,78008413.0,1.95,-0.17,4906599092.945396,-27.0,430,-18.46,290,-4.2,278,-16.55,-2.82,-12.95,2.04,0.45,22.0,0.302,10.31,False,False,False,False,False,False,True,True,False,True,False,True,True,True,True,False,2026-10-28,False,False,5,below 200-MA,"ADR, RVOL",4,https://www.tradingview.com/chart/?symbol=NASDAQ:VSEC&interval=D,False,False,False
HUBG,"Hub Group, Inc.",NASDAQ,Air Freight/Couriers,32.72,34.77,36.89,38.41,42.35,42.65,41.49,42.33,34.68,36.76,33.32,32.56,5.22,5.42,1.77,1567125.1,1479320.5666666667,48403369.0,56819717.0,0.98,-1.32,2000942867.000599,-17.85,378,-25.97,339,-6.65,293,-16.82,-4.2,-11.3,2.03,0.43,9.3,0.279,24.09,False,False,False,False,False,False,True,True,False,True,False,True,False,False,False,False,2026-10-22,False,False,4,"thin RVOL, below 200-MA",ADR,4,https://www.tradingview.com/chart/?symbol=NASDAQ:HUBG&interval=D,False,False,False
MP,MP Materials Corp.,NYSE,Other Metals/Minerals,47.26,51.15,54.03,54.57,50.91,55.85,56.37,57.28,50.64,52.15,50.2,47.26,4.82,5.88,2.78,5447519.1,5996988.566666666,283417680.0,327237675.0,2.02,1.24,8417081467.654516,-16.94,363,-23.02,325,-10.91,308,-16.96,-1.22,-12.53,1.6,1.06,0.0,0.284,13.47,False,False,False,False,False,False,False,False,False,False,True,True,True,True,True,False,2026-10-29,False,False,5,below 200-MA,RVOL,2,https://www.tradingview.com/chart/?symbol=NYSE:MP&interval=D,False,False,False
CELC,Celcuity Inc.,NASDAQ,Medical Specialties,80.61,86.21,89.45,90.04,90.42,101.79,105.71,105.6,85.39,87.94,85.17,79.77,4.53,5.22,4.21,942457.9,842232.4,67892354.0,75838816.0,1.6,-0.02,3944401246.017902,-15.59,342,-8.57,236,-27.24,381,-17.14,-2.08,-9.89,1.6,1.28,20.0,0.225,24.2,False,False,False,False,False,False,False,False,False,False,True,True,True,True,True,False,2026-11-18,False,False,5,below 200-MA,RVOL,2,https://www.tradingview.com/chart/?symbol=NASDAQ:CELC&interval=D,False,False,False
SEDG,"SolarEdge Technologies, Inc.",NASDAQ,Electrical Products,34.68,35.32,33.72,33.08,38.32,47.08,45.4,42.09,34.91,34.84,36.75,33.52,7.4,8.09,2.81,3842754.0,3313760.7333333334,114921222.0,109630251.0,0.86,1.5,2133712850.0866666,13.93,51,-38.4,402,-26.94,377,-17.14,-1.17,2.83,0.06,1.15,41.3,0.234,38.52,False,False,False,False,True,True,False,False,False,True,True,True,False,False,False,False,2026-11-11,False,False,4,"thin RVOL, below 200-MA",near21,4,https://www.tradingview.com/chart/?symbol=NASDAQ:SEDG&interval=D,False,False,False
NXST,"Nexstar Media Group, Inc.",NASDAQ,Broadcasting,156.53,167.18,174.86,179.09,181.81,182.88,194.71,198.33,166.99,172.81,163.98,155.13,4.16,4.22,6.6,476941.6,376956.0,59004923.0,67507291.0,4.04,-0.48,4822423092.936799,-13.95,311,-5.59,219,-32.43,405,-17.32,-3.29,-10.48,2.23,1.34,21.2,0.206,19.9,False,False,False,False,False,False,False,False,False,False,True,True,True,True,True,False,2026-11-05,False,False,5,below 200-MA,RVOL,2,https://www.tradingview.com/chart/?symbol=NASDAQ:NXST&interval=D,False,False,False
LMND,"Lemonade, Inc.",NYSE,Multi-Line Insurance,47.09,49.62,51.51,51.6,55.14,56.84,58.02,63.35,49.51,50.96,49.4,46.99,4.09,4.88,2.3,971625.3,928041.3333333334,43701466.0,47885077.0,1.39,0.56,3644606693.6963773,-6.44,205,-19.01,296,-26.99,379,-17.48,-2.99,-8.58,1.56,1.05,4.4,0.179,29.16,False,False,False,False,False,False,False,False,False,False,True,True,False,False,True,False,2026-11-10,False,False,4,"thin RVOL, below 200-MA",RVOL,2,https://www.tradingview.com/chart/?symbol=NYSE:LMND&interval=D,False,False,False
FDXF,"FedEx Freight Holding Company, Inc.",NYSE,Trucking,120.13,125.63,128.33,133.11,138.8,,,,125.18,129.12,123.9,120.01,4.14,4.56,5.48,1980772.0,1513735.0333333334,181844990.0,201499325.0,4.08,-0.14,17961614885.832226,-14.8,329,-27.19,346,-11.01,309,-17.67,-2.95,-6.39,1.53,0.71,2.2,0.133,10.97,False,False,False,False,False,False,True,False,False,False,False,True,True,True,True,False,2026-12-02,False,False,5,below 200-MA,RVOL,3,https://www.tradingview.com/chart/?symbol=NYSE:FDXF&interval=D,False,False,False
ZG,"Zillow Group, Inc.",NASDAQ,Internet Software/Services,30.25,32.62,34.43,34.64,34.1,35.19,38.05,44.95,32.51,33.57,31.15,30.2,4.43,5.04,1.53,918256.0,965553.1,29207981.0,33451587.0,1.95,-0.42,6701096386.529681,-15.34,339,-6.06,222,-32.02,403,-17.81,-2.24,-12.14,1.96,0.62,3.3,0.252,40.75,False,False,False,False,False,False,True,True,False,True,False,True,True,True,True,False,2026-11-04,False,False,5,below 200-MA,"ADR, RVOL",4,https://www.tradingview.com/chart/?symbol=NASDAQ:ZG&interval=D,False,False,False
TNDM,"Tandem Diabetes Care, Inc.",NASDAQ,Medical Specialties,16.87,17.9,19.68,20.79,19.54,17.93,19.22,19.66,17.94,19.02,17.15,16.77,6.42,6.49,1.09,2089697.6,1833418.7,30929773.0,38108524.0,1.13,-0.58,1173792718.9344165,-30.29,439,7.59,155,-31.67,400,-18.12,-2.1,-14.28,1.74,0.35,9.1,0.413,10.54,False,False,False,False,False,False,True,True,False,True,False,True,False,False,False,False,2026-11-04,False,False,4,"thin RVOL, below 200-MA",ADR,4,https://www.tradingview.com/chart/?symbol=NASDAQ:TNDM&interval=D,False,False,False
UEC,Uranium Energy Corp.,AMEX,Other Metals/Minerals,9.81,10.7,11.58,11.48,10.84,11.79,12.62,13.21,10.57,10.99,10.37,9.6,5.53,6.47,0.64,8738844.8,8307465.833333333,81496240.0,95361400.0,2.27,1.98,4854697948.342886,-12.18,283,-17.22,283,-25.0,371,-18.13,-1.46,-15.28,1.66,1.21,33.1,0.392,25.68,False,False,False,False,False,False,False,False,False,False,True,True,True,True,True,False,2026-09-25,False,False,5,below 200-MA,RVOL,2,https://www.tradingview.com/chart/?symbol=AMEX:UEC&interval=D,False,False,False
ICHR,Ichor Holdings,NASDAQ,Industrial Machinery,54.8,54.72,55.22,59.15,68.33,73.84,66.4,56.07,54.16,57.0,54.87,53.23,4.31,6.99,3.83,711529.0,677377.3,37120276.0,40064835.0,2.34,2.24,2052491944.0657163,-18.95,387,-43.05,422,7.43,239,-18.19,-2.83,-0.76,0.55,0.43,41.0,0.2,34.9,False,False,False,False,True,True,True,True,False,True,False,True,True,True,True,False,2026-11-09,False,True,4,"below 200-MA, large gap","near21, ADR, RVOL",6,https://www.tradingview.com/chart/?symbol=NASDAQ:ICHR&interval=D,False,False,False
CIEN,Ciena Corporation,NYSE,Telecommunications Equipment,348.8,337.19,356.22,375.28,383.96,447.56,431.89,383.79,343.78,356.36,358.0,338.25,6.4,7.54,26.29,3050461.1,2552229.3666666667,890217603.0,957790428.0,1.46,3.38,49462816210.85141,-16.05,347,-22.63,323,-16.15,337,-18.28,-1.21,-2.08,0.28,0.75,40.1,0.3,31.64,False,False,False,False,True,True,True,False,False,True,False,True,False,True,True,False,2026-12-10,False,True,4,"below 200-MA, large gap","near21, RVOL",5,https://www.tradingview.com/chart/?symbol=NYSE:CIEN&interval=D,False,False,False
IBP,"Installed Building Products, Inc.",NYSE,Engineering & Construction,197.63,207.93,225.03,231.19,230.38,227.1,249.53,259.03,207.81,218.59,199.37,195.12,5.05,4.98,9.85,549970.5,368803.6666666667,72886669.0,85263228.0,1.65,-1.14,5252842999.868324,-19.67,396,-7.92,230,-27.25,382,-18.28,-2.85,-12.18,1.92,0.43,25.5,0.352,25.86,False,False,False,False,False,False,True,True,False,True,False,True,True,True,True,False,2026-11-11,False,False,5,below 200-MA,"ADR, RVOL",4,https://www.tradingview.com/chart/?symbol=NYSE:IBP&interval=D,False,False,False
CHTR,"Charter Communications, Inc.",NASDAQ,Cable/Satellite TV,128.17,139.9,145.97,147.89,143.4,143.32,170.12,179.45,138.97,143.01,132.15,128.05,5.36,5.47,7.01,2892743.9,2742814.566666667,351546543.0,405635761.0,2.43,-1.6,22444512530.649395,-13.98,313,-2.16,200,-39.16,418,-18.43,-1.94,-12.2,1.9,0.58,1.7,0.223,30.86,False,False,False,False,False,False,True,True,False,True,False,True,True,True,True,False,2026-10-30,False,False,5,below 200-MA,"ADR, RVOL",4,https://www.tradingview.com/chart/?symbol=NASDAQ:CHTR&interval=D,False,False,False
GT,The Goodyear Tire & Rubber Company,NASDAQ,Automotive Aftermarket,5.05,5.47,5.81,5.9,6.36,6.32,6.65,7.28,5.41,5.72,5.16,5.04,4.88,5.05,0.26,11109785.2,9274949.066666666,46838493.0,54691283.0,1.56,-0.29,1453888677.2038836,-16.53,353,-18.94,295,-20.6,353,-18.69,-4.08,-13.08,2.31,0.47,3.9,0.299,35.79,False,False,False,False,False,False,True,True,False,True,False,True,True,True,True,False,2026-11-09,False,False,5,below 200-MA,"ADR, RVOL",4,https://www.tradingview.com/chart/?symbol=NASDAQ:GT&interval=D,False,False,False
QNT,Quantinuum Inc.,NASDAQ,Computer Processing Hardware,51.58,50.26,50.84,54.28,55.29,,,,51.0,51.95,54.99,51.11,5.48,7.16,3.69,2065737.5,1754887.8,90517113.0,95253847.0,4.21,0.09,13581433915.146053,-13.54,301,-18.66,292,-24.15,368,-18.78,-0.94,1.46,0.1,1.05,12.7,0.193,9.77,False,False,False,False,True,True,False,False,False,True,True,True,True,True,True,False,2026-12-02,False,False,5,below 200-MA,"near21, RVOL",4,https://www.tradingview.com/chart/?symbol=NASDAQ:QNT&interval=D,False,False,False
SMR,NuScale Power Corporation,NYSE,Electrical Products,8.27,9.31,9.37,9.38,9.04,10.09,10.69,12.55,8.97,9.19,9.21,8.23,7.96,9.05,0.75,43876002.0,36731771.4,303771749.0,344446064.0,1.59,0.33,3553811480.5907083,-4.67,188,-21.72,314,-30.27,394,-18.89,-0.94,-11.74,1.11,1.31,5.3,0.324,42.46,False,False,False,False,False,True,False,False,False,True,True,True,True,True,True,False,2026-11-05,False,False,5,below 200-MA,"near21, RVOL",3,https://www.tradingview.com/chart/?symbol=NYSE:SMR&interval=D,False,False,False
Z,"Zillow Group, Inc.",NASDAQ,Internet Software/Services,29.81,31.98,33.66,33.97,33.64,34.86,37.84,45.03,31.88,32.91,30.64,29.73,4.37,5.07,1.51,3751461.8,3484015.7,103858508.0,118363627.0,1.92,-0.45,6726484049.795349,-15.46,340,-7.11,224,-34.19,408,-18.92,-2.25,-11.43,1.86,0.6,5.3,0.242,43.78,False,False,False,False,False,False,True,True,False,True,False,True,True,True,True,False,2026-11-04,False,False,5,below 200-MA,"ADR, RVOL",4,https://www.tradingview.com/chart/?symbol=NASDAQ:Z&interval=D,False,False,False
EQPT,EquipmentShare.com Inc,NASDAQ,Internet Software/Services,18.03,18.29,18.16,18.82,18.66,19.88,21.5,,18.1,18.34,18.5,17.63,5.32,6.14,1.11,3324765.7,2679255.6666666665,48306980.0,50419126.0,4.51,-0.11,4576140817.543278,-9.85,252,-27.97,354,-19.87,347,-19.23,-0.55,-0.7,0.28,0.79,36.1,0.137,18.55,False,False,False,False,True,True,True,False,False,True,False,True,True,True,True,False,2026-12-02,False,False,5,below 200-MA,"near21, RVOL",5,https://www.tradingview.com/chart/?symbol=NASDAQ:EQPT&interval=D,False,False,False
AAOI,"Applied Optoelectronics, Inc.",NASDAQ,Semiconductors,105.17,102.47,105.91,115.9,112.65,139.45,127.93,105.08,102.22,106.91,105.44,98.52,5.46,8.74,9.19,7349614.7,9508932.366666667,1000054417.0,1102066243.0,1.42,3.07,8929594101.665918,-22.58,412,-39.78,405,3.12,256,-19.75,-0.76,-0.7,0.19,0.75,72.4,0.265,35.16,False,False,False,True,True,True,True,False,False,True,False,False,False,False,True,False,2026-11-05,False,True,3,"LoD>60% ATR, thin RVOL, large gap","near21, RVOL",5,https://www.tradingview.com/chart/?symbol=NASDAQ:AAOI&interval=D,False,False,False
TTD,"The Trade Desk, Inc.",NASDAQ,Packaged Software,13.92,14.33,14.01,13.89,15.74,18.21,20.12,23.9,14.3,14.4,14.5,13.89,4.69,5.0,0.7,30554663.199999996,28262841.766666673,393418757.0,392627398.0,8.16,1.19,6540737721.626928,3.88,107,-22.92,324,-40.74,424,-19.93,-2.32,-0.62,0.66,0.88,4.3,0.174,71.08,False,False,False,False,True,True,True,False,False,True,False,True,True,True,True,False,2026-11-05,False,False,5,below 200-MA,"near21, RVOL",5,https://www.tradingview.com/chart/?symbol=NASDAQ:TTD&interval=D,False,False,False
ALM,Almonty Industries Inc.,NASDAQ,Other Metals/Minerals,13.84,15.73,16.96,16.31,15.21,16.76,17.26,15.38,15.2,15.85,14.59,13.68,8.6,8.87,1.23,6836923.3,6756660.966666667,93512188.0,110229293.0,1.18,1.34,3992573520.7416844,-13.77,304,-25.83,338,-22.07,358,-20.56,-1.01,-18.38,1.43,0.75,13.4,0.441,14.8,False,False,False,False,False,True,True,False,False,True,False,True,False,False,False,False,2026-11-17,False,False,4,"thin RVOL, below 200-MA",near21,4,https://www.tradingview.com/chart/?symbol=NASDAQ:ALM&interval=D,False,False,False
FTAI,FTAI Aviation Ltd.,NASDAQ,Aerospace & Defense,190.74,187.25,192.06,200.18,205.17,227.96,238.33,235.57,188.76,193.55,195.75,189.89,4.34,5.38,10.27,1514114.6000000015,1327535.666666667,253214153.0,265751842.0,0.9,0.25,19590351517.714462,-9.8,250,-32.65,373,-19.36,346,-20.6,-1.31,-0.68,0.27,0.57,8.3,0.178,26.78,False,False,False,False,True,True,True,True,False,True,False,True,False,True,False,False,2026-11-03,False,False,5,below 200-MA,"near21, ADR",6,https://www.tradingview.com/chart/?symbol=NASDAQ:FTAI&interval=D,False,False,False
GRAB,Grab Holdings Limited,NASDAQ,Air Freight/Couriers,2.8,3.02,3.28,3.39,3.47,3.53,3.66,3.94,3.01,3.2,2.81,2.74,4.51,4.59,0.13,74338300.3,45946159.53333333,128419516.0,155642615.0,1.57,-0.71,11399455033.898575,-19.68,398,-18.75,293,-23.42,364,-20.62,-4.22,-14.72,2.73,0.55,42.9,0.36,33.07,False,False,False,False,False,False,True,True,False,True,False,True,True,True,True,False,2026-11-17,False,False,5,below 200-MA,"ADR, RVOL",4,https://www.tradingview.com/chart/?symbol=NASDAQ:GRAB&interval=D,False,False,False
CBRS,Cerebras Systems Inc.,NASDAQ,Packaged Software,198.37,193.75,189.14,202.79,201.68,,,,192.22,194.75,203.15,196.61,5.69,7.21,14.3,6281412.2,7472720.8,1482363625.0,1515414224.0,1.89,1.66,44404833244.32549,-8.87,239,-9.83,241,-43.32,428,-20.67,-0.23,4.88,0.26,0.46,12.3,0.176,6.33,False,False,False,False,False,True,True,True,False,True,False,True,True,True,True,False,2026-12-02,False,False,5,below 200-MA,"near21, ADR, RVOL",5,https://www.tradingview.com/chart/?symbol=NASDAQ:CBRS&interval=D,False,False,False
ENPH,"Enphase Energy, Inc.",NASDAQ,Electrical Products,34.64,36.47,36.83,37.92,38.72,44.21,42.73,41.15,36.19,37.0,36.14,34.19,5.26,5.84,2.02,4393960.7,3980026.433333333,137868116.0,150929899.0,1.75,0.21,4577490320.175457,-9.58,246,-31.27,368,-22.26,359,-21.04,-1.8,-5.94,1.09,0.96,22.2,0.127,22.35,False,False,False,False,False,True,True,False,False,True,False,True,True,True,True,False,2026-10-27,False,False,5,below 200-MA,"near21, RVOL",4,https://www.tradingview.com/chart/?symbol=NASDAQ:ENPH&interval=D,False,False,False
BBAI,"BigBear.ai, Inc.",NYSE,Packaged Software,2.8,2.84,2.96,3.05,3.0,3.53,3.61,4.15,2.85,2.93,2.92,2.76,4.3,5.22,0.15,15722162.8,17243849.033333335,48282777.0,52524764.0,1.35,1.76,1342584578.309859,-10.83,266,-28.57,356,-23.91,365,-21.1,-1.26,-5.26,0.85,1.09,27.3,0.182,46.79,False,False,False,False,False,True,False,False,False,True,True,True,False,False,True,False,2026-11-11,False,False,4,"thin RVOL, below 200-MA","near21, RVOL",3,https://www.tradingview.com/chart/?symbol=NYSE:BBAI&interval=D,False,False,False
BRBR,"BellRing Brands, Inc.",NYSE,Beverages: Non-Alcoholic,8.98,9.36,9.97,10.27,11.22,11.02,12.97,16.3,9.39,9.9,9.11,8.9,5.01,5.71,0.51,2950545.2,2982490.6333333333,26782766.0,30634155.0,1.66,-0.99,1044178180.7991217,-12.9,294,-2.71,204,-48.09,432,-21.23,-3.5,-9.89,1.64,0.41,15.6,0.278,77.29,False,False,False,False,False,False,True,True,False,True,False,True,True,True,True,False,2026-11-23,False,False,5,below 200-MA,"ADR, RVOL",4,https://www.tradingview.com/chart/?symbol=NYSE:BRBR&interval=D,False,False,False
ENOV,Enovis Corporation,NYSE,Medical Specialties,18.04,18.59,21.12,22.58,24.67,24.03,23.89,24.26,18.97,20.74,18.09,17.47,7.8,7.45,1.34,2414280.8999999994,1604768.5666666667,28950025.0,36235139.0,0.91,-0.56,1040357569.1955057,-29.78,436,-13.73,263,-20.32,350,-21.27,-3.61,-14.6,1.75,0.46,42.4,0.584,33.7,False,False,False,False,False,False,True,True,False,True,False,True,False,False,False,False,2026-11-11,False,False,4,"thin RVOL, below 200-MA",ADR,4,https://www.tradingview.com/chart/?symbol=NYSE:ENOV&interval=D,False,False,False
APP,Applovin Corporation,NASDAQ,Packaged Software,308.06,319.8,315.39,316.1,357.19,431.6,432.71,475.32,319.46,323.68,328.15,307.76,4.88,5.32,16.37,5083458.1,5354989.0,1649657911.0,1692708453.0,2.46,0.56,103092586910.5679,0.51,143,-36.0,392,-28.77,391,-21.42,-2.59,-2.32,0.91,1.25,1.8,0.112,51.91,False,False,False,False,True,True,False,False,False,True,True,True,True,True,True,False,2026-11-11,False,False,5,below 200-MA,"near21, RVOL",4,https://www.tradingview.com/chart/?symbol=NASDAQ:APP&interval=D,False,False,False
AEIS,"Advanced Energy Industries, Inc.",NASDAQ,Electronic Production Equipment,262.2,268.99,272.76,288.98,292.93,315.54,323.15,302.05,265.26,275.32,262.95,256.76,4.06,5.88,15.41,564815.1,521911.0333333333,136845073.0,150821155.0,2.49,0.92,10501225522.374718,-16.74,356,-27.83,352,-20.18,349,-21.58,-1.78,-3.87,0.81,0.4,35.3,0.178,20.65,False,False,False,False,False,True,True,True,False,True,False,True,True,True,True,False,2026-11-03,False,False,5,below 200-MA,"near21, ADR, RVOL",5,https://www.tradingview.com/chart/?symbol=NASDAQ:AEIS&interval=D,False,False,False
CRI,"Carter's, Inc.",NYSE,Apparel/Footwear Retail,29.64,30.65,32.08,34.25,36.09,37.27,37.09,36.4,30.55,32.27,29.8,29.25,4.35,4.47,1.33,1797474.9,1366250.1666666667,40495655.0,46794068.0,1.34,-1.04,1088119556.6938365,-20.54,402,-29.68,362,-15.36,332,-21.86,-4.0,-7.61,1.82,0.41,29.4,0.237,22.33,False,False,False,False,False,False,True,True,False,True,False,True,False,False,True,False,2026-10-23,False,False,4,"thin RVOL, below 200-MA","ADR, RVOL",4,https://www.tradingview.com/chart/?symbol=NYSE:CRI&interval=D,False,False,False
LEU,Centrus Energy Corp.,NYSE,Other Metals/Minerals,145.23,158.15,168.91,174.49,172.32,176.86,184.01,206.35,154.72,163.88,152.21,143.98,6.22,7.77,11.28,947071.6,682990.3666666656,99190691.0,119176127.0,1.83,0.57,2970404952.5673676,-17.88,379,-19.99,305,-28.03,386,-21.97,-2.02,-14.02,1.47,0.73,11.1,0.405,33.19,False,False,False,False,False,True,True,False,False,True,False,True,True,True,True,False,2026-11-11,False,False,5,below 200-MA,"near21, RVOL",4,https://www.tradingview.com/chart/?symbol=NYSE:LEU&interval=D,False,False,False
EROC,"ERock, Inc.",NYSE,Electrical Products,13.09,12.38,12.43,12.91,12.24,,,,12.39,12.47,13.38,12.35,7.61,9.57,1.25,3337599.3,3196191.8,41838151.0,41253248.0,2.83,0.78,2871946957.903876,-17.52,374,-13.6,262,-34.88,411,-22.0,0.73,5.28,0.52,0.82,59.3,0.271,1.49,False,True,False,False,False,True,True,False,False,True,False,True,True,True,True,True,2026-12-02,False,False,5,below 200-MA,"near21, RVOL",6,https://www.tradingview.com/chart/?symbol=NYSE:EROC&interval=D,False,False,False
CENX,Century Aluminum Company,NASDAQ,Aluminum,39.01,43.16,44.36,45.45,45.19,51.11,52.92,50.17,42.19,43.8,41.45,38.89,5.29,6.23,2.43,1824558.7,1998092.0666666667,77945572.0,90821610.0,2.71,1.18,3861728389.8456435,-16.65,355,-28.66,357,-21.03,356,-22.11,-2.2,-12.06,1.76,1.05,4.9,0.252,25.0,False,False,False,False,False,False,False,False,False,False,True,True,True,True,True,False,2026-11-09,False,False,5,below 200-MA,RVOL,2,https://www.tradingview.com/chart/?symbol=NASDAQ:CENX&interval=D,False,False,False
RKLB,Rocket Lab Corporation,NASDAQ,Aerospace & Defense,64.57,64.03,64.98,69.8,69.89,88.47,82.95,80.48,64.64,66.32,68.64,63.79,4.57,6.04,3.9,20687052.3,18619237.333333332,1202244155.0,1299597940.0,1.66,0.9,38642547680.794754,-16.16,348,-40.67,415,-10.32,305,-22.38,-1.26,-0.63,0.44,1.24,20.0,0.156,37.85,False,False,False,False,True,True,False,False,False,True,True,True,True,True,True,False,2026-11-16,False,False,5,below 200-MA,"near21, RVOL",4,https://www.tradingview.com/chart/?symbol=NASDAQ:RKLB&interval=D,False,False,False
HYMC,Hycroft Mining Holding Corporation,NASDAQ,Precious Metals,21.4,21.52,23.05,24.26,22.85,26.67,30.96,30.39,21.62,22.53,22.14,20.97,5.92,7.65,1.64,2365793.0,2089796.800000005,44721652.0,50708571.0,3.25,2.84,1994087947.2245464,-18.13,381,-16.31,277,-33.23,407,-22.56,-0.83,-7.15,0.65,0.71,26.3,0.351,44.1,False,False,False,False,False,True,True,False,False,True,False,True,True,True,True,False,2026-11-03,False,True,4,"below 200-MA, large gap","near21, RVOL",4,https://www.tradingview.com/chart/?symbol=NASDAQ:HYMC&interval=D,False,False,False
USAR,"USA Rare Earth, Inc.",NASDAQ,Metal Fabrication,15.37,16.11,17.24,17.74,17.01,20.37,19.77,19.37,16.05,16.74,16.08,15.15,5.32,6.94,1.07,14431198.5,13368735.9,205477471.0,237152462.0,1.27,2.02,5764926901.452334,-16.96,364,-36.59,398,-14.61,327,-22.72,-1.39,-10.87,1.18,0.87,20.6,0.325,27.71,False,False,False,False,False,True,True,False,False,True,False,True,False,False,True,False,2026-11-05,False,True,3,"thin RVOL, below 200-MA, large gap","near21, RVOL",4,https://www.tradingview.com/chart/?symbol=NASDAQ:USAR&interval=D,False,False,False
TTAN,"ServiceTitan, Inc.",NASDAQ,Packaged Software,55.04,62.29,78.84,82.7,81.06,74.01,71.55,77.13,63.41,72.46,55.4,53.0,7.49,9.06,4.99,6502800.7,2912518.966666667,160305044.0,240868716.0,0.46,-1.32,5309593168.315577,-39.77,449,-10.62,244,-19.06,345,-23.15,-3.54,-30.18,2.65,0.48,40.9,0.941,34.11,False,False,False,False,False,False,True,True,False,True,False,True,False,False,False,False,2027-01-19,False,False,4,"thin RVOL, below 200-MA",ADR,4,https://www.tradingview.com/chart/?symbol=NASDAQ:TTAN&interval=D,False,False,False
LAC,Lithium Americas Corp.,NYSE,Other Metals/Minerals,2.86,2.94,3.02,3.07,3.04,3.89,4.08,4.36,2.92,2.99,2.93,2.8,4.44,5.47,0.16,11053211.9,9938434.566666666,28423923.0,30550748.0,0.88,0.35,1038302852.182716,-5.61,196,-35.73,390,-28.14,387,-23.16,-1.06,-5.2,0.78,0.83,38.4,0.175,49.91,False,False,False,False,False,True,True,False,False,True,False,True,False,False,False,False,2026-11-13,False,False,4,"thin RVOL, below 200-MA",near21,4,https://www.tradingview.com/chart/?symbol=NYSE:LAC&interval=D,False,False,False
EOSE,"Eos Energy Enterprises, Inc.",NASDAQ,Electrical Products,3.96,4.0,3.71,3.8,3.84,5.4,5.86,7.94,3.91,3.85,4.19,3.81,7.64,8.42,0.33,25618792.7,24349282.733333334,96423160.0,92442052.0,0.97,1.01,1442104316.8643217,8.2,73,-50.75,436,-27.07,380,-23.21,0.38,6.69,0.33,1.14,45.0,0.366,106.89,False,False,True,False,False,True,False,False,False,True,True,True,False,False,False,False,2026-11-11,False,False,4,"thin RVOL, below 200-MA","EMA, near21",4,https://www.tradingview.com/chart/?symbol=NASDAQ:EOSE&interval=D,False,False,False
MPT,"Medical Properties Trust, Inc.",NYSE,Real Estate Investment Trusts,3.4,3.67,3.87,3.97,4.26,4.58,4.76,4.88,3.64,3.83,3.62,3.36,4.04,4.51,0.15,12807320.4,10265857.933333334,34903917.0,40714393.0,1.79,0.56,2030479987.7222223,-15.63,343,-26.88,344,-27.66,385,-23.39,-4.49,-12.11,2.5,1.7,26.1,0.258,35.44,False,False,False,False,False,False,False,False,False,False,True,True,True,True,True,False,2026-10-22,False,False,5,below 200-MA,RVOL,2,https://www.tradingview.com/chart/?symbol=NYSE:MPT&interval=D,False,False,False
ONDS,Ondas Inc,NASDAQ,Telecommunications Equipment,7.39,7.35,7.67,8.16,7.95,8.76,9.2,9.51,7.4,7.66,7.52,7.21,4.64,6.04,0.45,59263493.0,67976698.66666667,502347803.0,554859803.0,1.06,1.62,4224132764.0,-17.25,371,-21.47,313,-31.51,399,-23.41,-1.17,-3.69,0.59,0.69,40.3,0.259,29.22,False,False,False,False,False,True,True,False,False,True,False,True,False,False,False,False,2026-11-16,False,False,4,"thin RVOL, below 200-MA",near21,4,https://www.tradingview.com/chart/?symbol=NASDAQ:ONDS&interval=D,False,False,False
LULU,lululemon athletica inc.,NASDAQ,Apparel/Footwear,98.06,99.15,109.3,113.26,115.38,118.88,134.27,149.43,101.45,106.88,100.92,97.14,4.17,4.94,4.85,9960595.4,6189882.7,606979898.0,701059925.0,0.73,0.26,11357903649.408592,-17.62,375,-12.05,252,-40.63,423,-23.43,-3.04,-10.28,1.67,0.78,19.0,0.38,51.28,False,False,False,False,False,False,True,False,False,False,False,True,False,True,False,False,2026-12-03,False,False,5,below 200-MA,,3,https://www.tradingview.com/chart/?symbol=NASDAQ:LULU&interval=D,False,False,False
SHAK,"Shake Shack, Inc.",NYSE,Restaurants,54.88,61.43,66.34,68.49,65.69,65.12,74.67,78.11,60.55,63.98,56.5,54.73,5.26,5.1,2.8,1437463.1,1162492.4,63797583.0,79621042.0,1.25,-0.21,2348805712.4696617,-24.3,420,-7.66,227,-38.35,417,-23.44,-3.22,-17.27,2.79,0.63,5.4,0.378,30.38,False,False,False,False,False,False,True,True,False,True,False,True,False,False,True,False,2026-10-29,False,False,4,"thin RVOL, below 200-MA","ADR, RVOL",4,https://www.tradingview.com/chart/?symbol=NYSE:SHAK&interval=D,False,False,False
CASY,"Caseys General Stores, Inc.",NASDAQ,Specialty Stores,597.48,636.44,711.82,756.12,794.7,808.85,775.42,729.99,637.53,694.29,609.1,596.83,4.03,4.89,29.23,955818.3,530099.7,316723969.0,400817041.0,1.22,0.12,22082960982.283184,-30.05,437,-30.49,366,-10.15,304,-23.57,-5.07,-16.06,2.85,0.42,2.2,0.501,28.86,False,False,False,False,False,False,True,True,False,True,False,True,False,True,True,False,2026-12-14,False,False,5,below 200-MA,"ADR, RVOL",4,https://www.tradingview.com/chart/?symbol=NASDAQ:CASY&interval=D,False,False,False
FLY,Firefly Aerospace Inc.,NASDAQ,Aerospace & Defense,20.97,21.32,21.63,23.12,22.24,29.12,28.7,27.69,21.25,21.84,22.0,20.48,6.03,7.26,1.52,3102180.1,2909595.3,61014213.0,67279542.0,3.9,0.62,3510475354.0939226,-19.38,389,-33.53,378,-17.93,342,-23.61,-0.79,-3.06,0.55,1.0,32.2,0.181,37.16,False,False,False,False,False,True,True,False,False,True,False,True,True,True,True,False,2026-11-18,False,False,5,below 200-MA,"near21, RVOL",4,https://www.tradingview.com/chart/?symbol=NASDAQ:FLY&interval=D,False,False,False
EIX,Edison International,NYSE,Electric Utilities,55.31,56.26,61.28,64.55,69.17,70.35,70.96,68.38,56.79,60.45,55.55,54.83,4.58,4.98,2.75,5408906.0,5963673.833333333,329850800.0,384953158.0,1.71,-0.85,21284060395.6791,-25.58,423,-21.96,317,-23.39,363,-23.64,-4.03,-9.74,1.71,0.26,17.4,0.516,26.57,False,False,False,False,False,False,True,True,False,True,False,True,True,True,True,False,2026-11-03,False,False,5,below 200-MA,"ADR, RVOL",4,https://www.tradingview.com/chart/?symbol=NYSE:EIX&interval=D,False,False,False
NAMS,NewAmsterdam Pharma Company N.V.,NASDAQ,Pharmaceuticals: Major,22.49,22.76,24.57,25.56,27.4,30.27,30.99,31.79,22.81,24.24,22.5,21.29,6.07,6.19,1.39,1959225.9,1356407.3333333333,30505601.0,34676553.0,1.15,-1.41,2688391000.3720927,-19.68,397,-27.36,347,-25.43,373,-24.16,-2.89,-8.47,1.17,0.87,86.2,0.358,40.16,False,False,False,False,False,True,True,False,False,True,False,False,False,False,False,False,2026-11-11,False,False,3,"LoD>60% ATR, thin RVOL, below 200-MA",near21,3,https://www.tradingview.com/chart/?symbol=NASDAQ:NAMS&interval=D,False,False,False
BLDR,"Builders FirstSource, Inc.",NYSE,Home Improvement Chains,58.12,60.5,63.74,66.53,68.97,73.3,79.44,88.13,60.47,63.34,58.91,56.56,4.56,5.0,2.91,5198661.4,2984837.0,173478726.0,198570261.0,10.23,-0.71,6253505753.602634,-17.21,369,-25.83,337,-30.64,397,-24.56,-3.14,-8.82,1.65,0.81,53.7,0.255,47.54,False,False,False,False,False,False,True,False,False,False,False,True,True,True,True,False,2026-10-29,False,False,5,below 200-MA,RVOL,3,https://www.tradingview.com/chart/?symbol=NYSE:BLDR&interval=D,False,False,False
PCG,Pacific Gas & Electric Co.,NYSE,Electric Utilities,13.2,13.78,14.96,15.82,16.5,16.55,17.0,16.67,13.8,14.7,13.39,13.16,4.88,5.3,0.7,39226234.9,44728708.233333334,590418949.0,707742350.0,0.88,-0.67,29071243900.80717,-26.46,426,-19.76,303,-27.63,384,-24.62,-3.77,-11.79,1.93,0.33,5.7,0.516,24.4,False,False,False,False,False,False,True,True,False,True,False,True,False,True,False,False,2026-10-22,False,False,5,below 200-MA,ADR,4,https://www.tradingview.com/chart/?symbol=NYSE:PCG&interval=D,False,False,False
NN,NextNav Inc.,NASDAQ,Packaged Software,14.22,15.01,15.38,16.33,15.3,17.49,17.41,16.99,14.99,15.39,15.1,13.56,6.09,7.13,1.01,2743992.1,2723460.3333333335,38727606.0,44470022.0,2.72,-0.94,2400476875.2144775,-26.51,427,-24.44,333,-23.26,362,-24.74,-0.99,-7.57,1.07,1.51,64.7,0.167,17.45,False,False,False,False,False,True,False,False,False,True,True,False,True,True,True,False,2026-11-05,False,False,4,"LoD>60% ATR, below 200-MA","near21, RVOL",2,https://www.tradingview.com/chart/?symbol=NASDAQ:NN&interval=D,False,False,False
OKLO,Oklo Inc.,NYSE,Industrial Machinery,38.0,38.87,39.87,41.44,41.9,51.92,54.61,62.5,38.46,39.77,40.3,37.51,5.7,7.55,2.87,12127319.4,10606077.266666668,403030936.0,439519377.0,1.2,0.63,7068671140.378311,-7.65,221,-36.49,397,-30.36,396,-24.84,-1.23,-4.7,0.59,0.97,17.1,0.247,62.17,False,False,False,False,False,True,True,False,False,True,False,True,False,False,True,False,2026-11-18,False,False,4,"thin RVOL, below 200-MA","near21, RVOL",4,https://www.tradingview.com/chart/?symbol=NYSE:OKLO&interval=D,False,False,False
PUMP,ProPetro Holding Corp.,NYSE,Oilfield Services/Equipment,10.48,11.07,11.07,11.31,11.6,13.56,13.6,12.79,10.82,11.1,10.76,10.48,4.97,5.56,0.58,4243654.8,3182360.0,33351133.0,35994613.0,2.35,0.19,1287194619.2810707,-16.89,361,-29.52,361,-28.51,390,-24.98,-1.74,-5.35,1.01,0.48,0.0,0.193,24.07,False,False,False,False,False,True,True,True,False,True,False,True,True,True,True,False,2026-11-04,False,False,5,below 200-MA,"near21, ADR, RVOL",5,https://www.tradingview.com/chart/?symbol=NYSE:PUMP&interval=D,False,False,False
BOOT,"Boot Barn Holdings, Inc.",NYSE,Apparel/Footwear Retail,122.92,137.47,146.37,152.12,153.33,158.37,161.68,169.04,134.49,143.0,124.69,122.58,4.74,5.15,6.33,804890.8,652750.9666666667,80236149.0,99294736.0,1.32,0.53,3722613011.9508266,-22.89,413,-27.63,349,-24.54,369,-25.02,-3.85,-16.02,2.73,0.33,5.4,0.351,25.68,False,False,False,False,False,False,True,True,False,True,False,True,False,False,True,False,2026-11-04,False,False,4,"thin RVOL, below 200-MA","ADR, RVOL",4,https://www.tradingview.com/chart/?symbol=NYSE:BOOT&interval=D,False,False,False
QS,QuantumScape Corporation,NASDAQ,Electrical Products,5.03,5.22,5.45,5.66,5.66,6.68,6.73,7.7,5.21,5.4,5.3,4.96,4.09,5.51,0.28,10371277.4,14450978.7,72616168.0,81756412.0,1.42,1.35,3111045485.2369437,-13.81,305,-35.16,387,-26.21,374,-25.06,-2.03,-7.73,1.26,1.23,23.5,0.213,49.43,False,False,False,False,False,True,False,False,False,True,True,True,False,False,True,False,2026-10-28,False,False,4,"thin RVOL, below 200-MA","near21, RVOL",3,https://www.tradingview.com/chart/?symbol=NASDAQ:QS&interval=D,False,False,False
LPTH,"LightPath Technologies, Inc.",NASDAQ,Electronic Components,9.9,9.72,10.78,11.72,11.51,12.84,12.56,12.02,9.9,10.57,10.3,9.63,6.79,9.48,0.94,3559414.5,3461626.6,34270103.0,40571418.0,1.27,0.64,693358824.569733,-30.77,441,-32.74,374,-12.54,316,-25.35,-1.48,-8.16,0.66,0.71,28.8,0.653,31.44,False,False,False,False,False,True,True,False,False,True,False,True,False,False,True,False,2026-11-05,False,False,4,"thin RVOL, below 200-MA","near21, RVOL",4,https://www.tradingview.com/chart/?symbol=NASDAQ:LPTH&interval=D,False,False,False
MAIR,Madison Air Solutions Corporation,NYSE,Industrial Machinery,24.01,24.6,25.52,27.0,29.54,34.52,,,24.53,25.82,24.03,23.2,4.7,5.99,1.44,2601975.7,2795123.8,67110922.0,75454367.0,0.92,-0.21,12046359323.344437,-15.1,334,-36.46,396,-24.97,370,-25.51,-3.13,-5.93,1.17,0.58,56.4,0.213,41.34,False,False,False,False,False,True,True,True,False,True,False,True,False,True,False,False,2026-12-02,False,False,5,below 200-MA,"near21, ADR",5,https://www.tradingview.com/chart/?symbol=NYSE:MAIR&interval=D,False,False,False
BROS,Dutch Bros Inc.,NYSE,Restaurants,40.03,43.24,46.33,47.77,54.57,57.27,55.53,56.65,43.01,46.11,40.6,39.51,4.37,4.83,1.93,4210112.1,4252035.733333333,170208990.0,203131086.0,1.64,0.7,6993472983.618277,-17.04,366,-40.29,406,-20.62,354,-25.98,-5.52,-13.6,2.73,0.57,26.9,0.32,35.07,False,False,False,False,False,False,True,True,False,True,False,True,True,True,True,False,2026-11-11,False,False,5,below 200-MA,"ADR, RVOL",4,https://www.tradingview.com/chart/?symbol=NYSE:BROS&interval=D,False,False,False
RUN,Sunrun Inc.,NASDAQ,Semiconductors,8.53,8.64,8.77,9.12,9.84,11.72,12.46,14.04,8.61,8.9,8.82,8.36,4.63,5.69,0.49,7459140.4,7591074.0,64751861.0,69247042.0,1.5,-0.29,2054424870.8939826,-9.26,242,-34.44,383,-34.64,409,-26.11,-2.34,-2.75,0.72,0.96,36.1,0.135,63.37,False,False,False,False,True,True,True,False,False,True,False,True,True,True,True,False,2026-11-04,False,False,5,below 200-MA,"near21, RVOL",5,https://www.tradingview.com/chart/?symbol=NASDAQ:RUN&interval=D,False,False,False
WHR,Whirlpool Corporation,NYSE,Electronics/Appliances,31.97,34.93,37.39,38.78,38.88,40.73,47.43,55.69,34.56,36.53,33.03,31.95,4.99,5.28,1.69,3163267.4,2393555.7,76521976.0,92810122.0,1.24,-0.54,2084424068.839237,-19.79,399,-18.03,288,-40.63,422,-26.15,-3.36,-14.49,2.36,0.64,1.2,0.325,64.94,False,False,False,False,False,False,True,True,False,True,False,True,False,False,True,False,2026-10-15,False,False,4,"thin RVOL, below 200-MA","ADR, RVOL",4,https://www.tradingview.com/chart/?symbol=NYSE:WHR&interval=D,False,False,False
NNE,Nano Nuclear Energy Inc.,NASDAQ,Electrical Products,15.73,16.9,17.6,18.11,17.67,21.09,21.91,24.35,16.68,17.31,17.17,15.4,5.94,7.6,1.19,2091483.4,1840663.5666666667,28953638.0,33334417.0,2.78,-0.29,844671755.3624042,-14.14,315,-40.64,414,-24.05,367,-26.28,-1.44,-10.65,1.2,1.48,27.6,0.267,47.37,False,False,False,False,False,True,False,False,False,True,True,True,True,True,True,False,2026-12-17,False,False,5,below 200-MA,"near21, RVOL",3,https://www.tradingview.com/chart/?symbol=NASDAQ:NNE&interval=D,False,False,False
LBRT,Liberty Energy Inc.,NYSE,Oilfield Services/Equipment,19.33,20.25,19.79,20.2,20.62,25.14,26.31,24.89,19.8,20.04,19.6,19.01,4.62,5.13,0.99,3383992.2,3369763.9,65137536.0,68064738.0,1.6,0.18,3154490278.882784,-10.55,263,-29.17,360,-39.65,419,-26.46,-1.22,-2.32,0.69,0.6,32.3,0.196,33.74,False,False,False,False,True,True,True,True,False,True,False,True,True,True,True,False,2026-10-21,False,False,5,below 200-MA,"near21, ADR, RVOL",6,https://www.tradingview.com/chart/?symbol=NYSE:LBRT&interval=D,False,False,False
NXT,Nextpower Inc.,NASDAQ,Electronic Equipment/Instruments,80.47,82.08,83.5,88.7,93.54,109.51,111.26,108.16,82.03,85.0,84.23,79.71,4.79,5.74,4.62,2352569.9,2096275.9666666666,168687327.0,185932691.0,2.85,-0.23,12209674781.182222,-12.11,281,-36.68,399,-31.71,401,-26.83,-2.43,-3.63,0.93,0.98,16.4,0.124,36.26,False,False,False,False,False,True,True,False,False,True,False,True,True,True,True,False,2026-10-22,False,False,5,below 200-MA,"near21, RVOL",4,https://www.tradingview.com/chart/?symbol=NASDAQ:NXT&interval=D,False,False,False
STUB,"StubHub Holdings, Inc.",NYSE,Internet Software/Services,5.92,6.04,6.28,6.79,7.74,8.9,8.47,9.62,6.06,6.46,6.43,5.91,4.93,5.97,0.35,6867679.1,7285069.9,43127614.0,49477766.0,3.09,7.74,2261972619.6094275,-16.85,360,-48.97,433,-14.7,328,-26.84,-3.93,-5.66,1.4,1.48,2.8,0.196,60.52,False,False,False,False,False,True,False,False,False,True,True,True,True,True,True,False,2026-11-12,False,True,4,"below 200-MA, large gap","near21, RVOL",3,https://www.tradingview.com/chart/?symbol=NYSE:STUB&interval=D,False,False,False
ASTS,"AST SpaceMobile, Inc.",NASDAQ,Specialty Telecommunications,58.52,60.99,61.09,64.02,63.25,74.7,78.93,81.68,60.52,61.74,63.09,57.83,6.17,7.26,4.25,9590080.4,10081484.3,589968461.0,645396462.0,2.35,0.25,22774081512.093765,-12.53,290,-31.4,369,-38.1,416,-27.34,-1.03,-4.2,0.72,1.24,16.2,0.183,35.35,False,False,False,False,False,True,False,False,False,True,True,True,True,True,True,False,2026-11-16,False,False,5,below 200-MA,"near21, RVOL",3,https://www.tradingview.com/chart/?symbol=NASDAQ:ASTS&interval=D,False,False,False
ALB,Albemarle Corporation,NYSE,Chemicals: Specialty,110.91,118.53,127.56,129.1,125.34,146.25,156.5,156.34,118.05,123.24,115.13,110.42,4.61,4.99,5.54,2951492.6,2316400.7,256912002.0,299056596.0,1.81,0.04,13087941361.73455,-17.48,373,-33.82,379,-32.17,404,-27.82,-2.31,-13.06,2.0,0.85,8.8,0.328,34.24,False,False,False,False,False,False,True,False,False,False,False,True,True,True,True,False,2026-11-04,False,False,5,below 200-MA,RVOL,3,https://www.tradingview.com/chart/?symbol=NYSE:ALB&interval=D,False,False,False
WING,Wingstop Inc.,NASDAQ,Restaurants,104.08,108.13,110.29,112.26,122.09,136.39,158.55,184.04,107.2,110.92,104.84,101.6,6.3,6.42,6.69,1423884.9,1233137.6,128344961.0,138437576.0,1.3,0.71,2835404254.9267535,-9.5,245,-30.64,367,-43.52,429,-27.89,-2.3,-5.63,0.96,0.48,37.1,0.168,72.93,False,False,False,False,False,True,True,True,False,True,False,True,False,False,True,False,2026-11-04,False,False,4,"thin RVOL, below 200-MA","near21, ADR, RVOL",5,https://www.tradingview.com/chart/?symbol=NASDAQ:WING&interval=D,False,False,False
KTOS,"Kratos Defense & Security Solutions, Inc.",NASDAQ,Aerospace & Defense,47.46,47.43,49.6,53.74,51.76,53.91,63.0,70.49,48.03,49.76,48.55,46.83,4.43,5.25,2.49,3841504.6,3491616.933333333,165712140.0,187636002.0,1.54,1.11,8909254233.37264,-23.44,415,-15.58,269,-48.1,433,-29.04,-1.58,-4.32,0.88,0.69,25.3,0.234,48.57,False,False,False,False,False,True,True,False,False,True,False,True,True,True,True,False,2026-10-29,False,False,5,below 200-MA,"near21, RVOL",4,https://www.tradingview.com/chart/?symbol=NASDAQ:KTOS&interval=D,False,False,False
UUUU,Energy Fuels Inc,AMEX,Other Metals/Minerals,11.7,12.98,13.98,14.15,13.34,15.32,16.83,17.32,12.71,13.36,12.29,11.6,5.37,6.81,0.8,7199711.1,6879911.933333334,80494970.0,97357634.0,1.62,1.92,3097850528.1636057,-19.53,394,-34.71,385,-34.71,410,-29.65,-1.81,-16.29,1.82,0.87,13.2,0.39,37.07,False,False,False,False,False,False,True,False,False,False,False,True,True,True,True,False,2026-10-30,False,False,5,below 200-MA,RVOL,3,https://www.tradingview.com/chart/?symbol=AMEX:UUUU&interval=D,False,False,False
INIO,INNIO N.V.,NASDAQ,Electrical Products,21.15,19.94,20.67,22.7,24.6,,,,20.1,21.22,21.39,20.45,5.77,7.82,1.65,5978537.6,4240441.4,89685336.0,96243885.0,2.07,-0.76,15862499306.772423,-18.65,384,-40.61,412,-31.77,402,-30.34,-1.79,2.33,0.04,0.57,42.0,0.301,22.06,False,False,False,False,True,True,True,False,False,True,False,True,True,True,True,False,2026-12-02,False,False,5,below 200-MA,"near21, RVOL",5,https://www.tradingview.com/chart/?symbol=NASDAQ:INIO&interval=D,False,False,False
LUNR,"Intuitive Machines, Inc.",NASDAQ,Aerospace & Defense,13.92,14.47,15.18,16.06,15.14,21.58,21.22,20.03,14.48,15.03,14.94,13.79,5.55,7.41,1.03,7224034.4,8677891.9,120796255.0,139404548.0,2.32,0.74,3186622955.2941175,-26.66,429,-38.79,404,-26.62,375,-30.69,-1.08,-8.3,1.0,1.12,12.6,0.294,51.05,False,False,False,False,False,True,False,False,False,True,True,True,True,True,True,False,2026-11-18,False,False,5,below 200-MA,"near21, RVOL",3,https://www.tradingview.com/chart/?symbol=NASDAQ:LUNR&interval=D,False,False,False
JOBY,"Joby Aviation, Inc.",NYSE,Aerospace & Defense,6.12,6.35,6.7,7.16,7.29,8.57,8.8,10.02,6.35,6.7,6.41,6.04,4.27,5.23,0.32,28176867.9,27076985.433333334,165711151.0,193889267.0,0.81,2.1,6082511694.804523,-20.52,401,-35.58,389,-36.71,413,-30.94,-3.07,-8.62,1.65,1.15,25.0,0.252,59.91,False,False,False,False,False,False,False,False,False,False,True,True,False,False,False,False,2026-11-11,False,True,3,"thin RVOL, below 200-MA, large gap",,2,https://www.tradingview.com/chart/?symbol=NYSE:JOBY&interval=D,False,False,False
XENE,Xenon Pharmaceuticals Inc.,NASDAQ,Pharmaceuticals: Major,39.75,56.41,58.61,60.08,62.3,59.11,56.97,53.4,54.9,57.77,44.85,39.08,4.64,7.61,3.02,2423756.7,1257082.6333333333,49969035.0,75531391.0,26.09,-23.24,3849407038.0906715,-38.57,448,-26.51,342,-28.46,389,-31.18,-4.76,-32.18,4.1,1.91,22.2,0.317,22.38,False,False,False,False,False,False,False,False,False,False,True,True,True,True,True,False,2026-11-11,False,True,4,"below 200-MA, large gap",RVOL,2,https://www.tradingview.com/chart/?symbol=NASDAQ:XENE&interval=D,False,False,False
AGX,"Argan, Inc.",NYSE,Engineering & Construction,389.85,401.48,421.03,469.13,514.66,602.39,571.88,514.61,401.77,432.86,390.0,382.53,5.26,6.84,26.65,450742.3,377783.76666666666,147279001.0,177229321.0,1.28,1.17,5469533678.74739,-29.63,435,-46.74,430,-18.78,343,-31.72,-3.55,-7.41,1.45,0.28,27.5,0.294,51.53,False,False,False,False,False,True,True,True,False,True,False,True,False,False,True,False,2026-12-09,False,False,4,"thin RVOL, below 200-MA","near21, ADR, RVOL",5,https://www.tradingview.com/chart/?symbol=NYSE:AGX&interval=D,False,False,False
FRMI,Fermi Inc.,NASDAQ,Real Estate Development,4.98,5.17,5.23,5.6,5.91,6.36,6.69,7.51,5.08,5.31,5.05,4.89,6.38,8.29,0.41,19298675.3,19357396.166666668,96399833.0,108382061.0,3.02,2.02,3189527260.642424,-13.69,303,-45.51,428,-36.15,412,-31.79,-1.9,-4.76,0.76,0.39,21.8,0.311,46.92,False,False,False,False,False,True,True,True,False,True,False,True,True,True,True,False,2026-11-17,False,True,4,"below 200-MA, large gap","near21, ADR, RVOL",5,https://www.tradingview.com/chart/?symbol=NASDAQ:FRMI&interval=D,False,False,False
MTZ,"MasTec, Inc.",NYSE,Engineering & Construction,214.38,229.48,237.46,251.8,280.1,334.76,329.91,305.62,226.67,240.57,216.99,208.1,4.84,6.47,13.88,1659988.6,1578400.6333333333,338377528.0,397441806.0,1.78,1.34,17215774515.93184,-23.56,417,-43.58,424,-31.43,398,-32.86,-3.62,-9.72,1.68,0.64,45.3,0.226,49.11,False,False,False,False,False,False,True,False,False,False,False,True,True,True,True,False,2026-10-29,False,False,5,below 200-MA,RVOL,3,https://www.tradingview.com/chart/?symbol=NYSE:MTZ&interval=D,False,False,False
AMPX,"Amprius Technologies, Inc.",NYSE,Electrical Products,9.5,9.56,9.76,10.36,10.33,13.65,14.51,13.53,9.52,9.84,9.85,9.2,4.42,6.27,0.6,4546420.9,4794864.066666666,45551209.0,49650817.0,1.05,1.68,1387765954.9266248,-12.24,284,-37.91,400,-50.52,435,-33.56,-1.28,-2.61,0.55,1.09,50.3,0.166,52.08,False,False,False,False,True,True,False,False,False,True,True,True,False,False,False,False,2026-11-05,False,False,4,"thin RVOL, below 200-MA",near21,4,https://www.tradingview.com/chart/?symbol=NYSE:AMPX&interval=D,False,False,False
XE,"X-Energy, Inc.",NASDAQ,Industrial Machinery,15.77,16.22,17.24,18.34,17.49,21.05,,,16.17,16.99,16.63,15.44,8.65,9.96,1.57,8938777.9,6525037.466666667,102899841.0,119684412.0,2.12,-0.31,6408393110.184936,-16.82,358,-33.21,377,-50.75,436,-33.59,-0.99,-8.55,0.72,0.76,21.3,0.335,30.59,False,False,False,False,False,True,True,False,False,True,False,True,True,True,True,False,2026-12-02,False,False,5,below 200-MA,"near21, RVOL",4,https://www.tradingview.com/chart/?symbol=NASDAQ:XE&interval=D,False,False,False
UTI,Universal Technical Institute Inc,NYSE,Miscellaneous Commercial Services,21.47,21.0,21.32,22.76,29.73,35.08,35.29,33.17,21.1,22.57,21.7,20.5,5.44,6.69,1.44,1680909.1,1811415.9333333333,38891100.0,41219373.0,1.24,0.34,1182894573.0441883,-14.67,325,-44.59,425,-42.07,427,-33.78,-4.15,0.69,0.73,0.84,67.5,0.123,66.56,False,False,False,False,True,True,True,False,False,True,False,False,False,False,True,False,2026-11-25,False,False,3,"LoD>60% ATR, thin RVOL, below 200-MA","near21, RVOL",4,https://www.tradingview.com/chart/?symbol=NYSE:UTI&interval=D,False,False,False
PZZA,"Papa John's International, Inc.",NASDAQ,Restaurants,19.78,21.17,22.29,22.81,26.19,30.08,31.47,33.16,21.03,22.32,20.21,19.61,4.27,4.62,0.91,1752656.8,1496676.4,29604259.0,34142182.0,1.79,-0.55,651191009.6101443,-15.29,338,-45.01,427,-41.2,426,-33.83,-5.3,-11.25,2.46,0.66,18.6,0.248,60.59,False,False,False,False,False,False,True,True,False,True,False,True,True,True,True,False,2026-10-29,False,False,5,below 200-MA,"ADR, RVOL",4,https://www.tradingview.com/chart/?symbol=NASDAQ:PZZA&interval=D,False,False,False
FUN,Six Flags Entertainment Corporation,NYSE,Movies/Entertainment,12.22,13.53,14.68,15.21,16.32,18.6,18.24,17.7,13.32,14.38,12.59,12.0,6.4,6.56,0.8,2175467.1,2082625.7666666666,25449687.0,31680903.0,1.35,-0.72,1250305388.201439,-23.53,416,-50.94,437,-29.61,393,-34.69,-3.83,-16.78,2.29,0.74,27.4,0.42,41.49,False,False,False,False,False,False,True,False,False,False,False,True,False,False,True,False,2026-11-05,False,False,4,"thin RVOL, below 200-MA",RVOL,3,https://www.tradingview.com/chart/?symbol=NYSE:FUN&interval=D,False,False,False
IONS,"Ionis Pharmaceuticals, Inc.",NASDAQ,Pharmaceuticals: Major,44.44,51.54,56.36,56.79,55.97,65.95,69.28,72.18,50.44,53.92,46.75,44.27,5.47,5.63,2.5,5225867.3,3239437.3333333335,143960595.0,183963327.0,1.48,0.0,7385231455.5199995,-26.07,425,-40.75,417,-37.85,415,-34.89,-3.66,-21.16,3.12,0.99,6.8,0.432,46.45,False,False,False,False,False,False,True,False,False,False,False,True,False,False,True,False,2026-11-04,False,False,4,"thin RVOL, below 200-MA",RVOL,3,https://www.tradingview.com/chart/?symbol=NASDAQ:IONS&interval=D,False,False,False
LASR,"nLIGHT, Inc.",NASDAQ,Semiconductors,39.84,39.54,41.27,44.56,54.67,62.46,62.94,57.66,39.78,42.88,39.91,38.69,4.4,6.9,2.75,1066654.7,1463423.4,58302788.0,65207708.0,1.28,1.55,2298377466.4043717,-20.73,404,-40.56,411,-43.79,430,-35.03,-3.93,-3.46,1.03,0.45,42.0,0.238,58.73,False,False,False,False,False,True,True,True,False,True,False,True,False,False,True,False,2026-10-29,False,False,4,"thin RVOL, below 200-MA","near21, ADR, RVOL",5,https://www.tradingview.com/chart/?symbol=NASDAQ:LASR&interval=D,False,False,False
CDNL,Cardinal Infrastructure Group Inc.,NASDAQ,Engineering & Construction,30.87,34.13,36.69,39.2,50.0,56.79,50.37,,33.84,37.51,32.74,30.69,7.72,10.25,3.16,582822.0,767950.4666666667,23706631.0,30104938.0,1.99,0.6,1465493326.2255118,-31.14,442,-59.43,445,-14.84,329,-35.14,-3.73,-15.86,1.73,0.65,5.7,0.4,73.42,False,False,False,False,False,False,True,False,False,False,False,True,True,True,True,False,2026-12-02,False,False,5,below 200-MA,RVOL,3,https://www.tradingview.com/chart/?symbol=NASDAQ:CDNL&interval=D,False,False,False
CAVA,"CAVA Group, Inc.",NYSE,Restaurants,51.64,54.48,60.58,63.18,64.29,72.44,75.8,72.31,54.49,58.65,52.71,50.92,4.6,5.46,2.82,4324910.7,3575832.3333333335,184655982.0,225911551.0,1.54,1.65,6031871963.29545,-25.8,424,-42.22,419,-40.77,425,-36.26,-3.6,-14.76,2.19,0.64,25.5,0.478,41.28,False,False,False,False,False,False,True,False,False,False,False,True,True,True,True,False,2026-11-10,False,False,5,below 200-MA,RVOL,3,https://www.tradingview.com/chart/?symbol=NYSE:CAVA&interval=D,False,False,False
UAMY,United States Antimony Corporation,NYSE,Other Metals/Minerals,4.63,4.89,4.99,5.25,5.42,7.02,7.76,7.62,4.81,5.02,4.7,4.56,5.99,7.72,0.36,5206435.5,7226188.266666667,33457252.0,37942306.0,1.77,1.52,692969285.8438177,-17.03,365,-40.34,407,-53.28,440,-36.88,-1.89,-7.2,1.01,0.38,19.6,0.226,61.92,False,False,False,False,False,True,True,True,False,True,False,True,True,True,True,False,2026-11-18,False,False,5,below 200-MA,"near21, ADR, RVOL",5,https://www.tradingview.com/chart/?symbol=NYSE:UAMY&interval=D,False,False,False
TE,T1 Energy Inc.,NYSE,Electrical Products,4.17,4.5,4.51,4.67,5.0,6.52,6.38,6.56,4.39,4.56,4.38,4.08,7.26,9.96,0.42,18842236.0,22578565.866666667,94152620.0,105404272.0,1.2,1.63,1227967193.1348836,-10.9,267,-55.02,443,-45.91,431,-37.28,-1.67,-7.52,0.87,0.71,20.5,0.23,49.47,False,False,False,False,False,True,True,False,False,True,False,True,False,False,False,False,2026-11-11,False,False,4,"thin RVOL, below 200-MA",near21,4,https://www.tradingview.com/chart/?symbol=NYSE:TE&interval=D,False,False,False
LCID,"Lucid Group, Inc.",NASDAQ,Motor Vehicles,4.09,4.27,4.61,5.18,5.84,5.85,7.0,8.09,4.3,4.72,4.31,4.06,6.51,9.11,0.37,12623492.199999977,10961729.233333338,44833473.0,56772623.0,1.23,-0.35,1611747158.1355138,-30.44,440,-21.95,316,-60.27,446,-37.55,-3.28,-11.37,1.46,0.67,8.0,0.37,93.47,False,False,False,False,False,True,True,False,False,True,False,True,False,False,True,False,2026-11-10,False,False,4,"thin RVOL, below 200-MA","near21, RVOL",4,https://www.tradingview.com/chart/?symbol=NASDAQ:LCID&interval=D,False,False,False
CAPR,"Capricor Therapeutics, Inc.",NASDAQ,Pharmaceuticals: Major,9.06,8.82,8.88,7.8,10.28,19.39,23.01,23.52,8.88,8.87,9.36,8.96,7.97,10.98,1.0,2767935.4,8781146.3,79557185.0,68470988.0,1.14,-1.33,526739239.97452235,26.01,24,-67.96,449,-70.98,449,-37.65,-1.08,1.99,0.19,0.4,10.0,0.433,162.26,False,False,True,False,True,True,True,True,False,True,False,True,False,False,False,False,2026-11-17,False,False,4,"thin RVOL, below 200-MA","EMA, near21, ADR",7,https://www.tradingview.com/chart/?symbol=NASDAQ:CAPR&interval=D,False,False,False
FRVO,Fervo Energy Company,NASDAQ,Alternative Power Generation,16.91,16.47,16.5,17.84,20.26,,,,16.38,17.19,17.42,16.17,8.42,9.65,1.63,5615599.2,6294115.3,106433490.0,112259742.0,1.66,1.2,4984445585.124249,-6.06,202,-54.52,442,-53.03,439,-37.87,-1.72,2.49,0.17,0.77,45.4,0.326,22.43,False,False,False,False,True,True,True,False,False,True,False,True,True,True,True,False,2026-12-02,False,False,5,below 200-MA,"near21, RVOL",5,https://www.tradingview.com/chart/?symbol=NASDAQ:FRVO&interval=D,False,False,False
SOC,Sable Offshore Corp.,NYSE,Integrated Oil,4.56,4.79,4.77,4.68,4.58,7.95,9.81,9.5,4.7,4.73,4.67,4.29,7.41,8.61,0.39,7881951.7,9138065.133333333,41669577.0,42738731.0,2.1,0.0,874925279.5586207,12.32,55,-53.85,441,-73.27,452,-38.27,-0.06,-4.4,0.43,0.97,68.8,0.162,114.6,False,False,False,False,False,True,True,False,False,True,False,False,True,True,True,False,2026-11-12,False,False,4,"LoD>60% ATR, below 200-MA","near21, RVOL",3,https://www.tradingview.com/chart/?symbol=NYSE:SOC&interval=D,False,False,False
OPEN,Opendoor Technologies Inc,NASDAQ,Real Estate Development,2.56,2.8,3.05,3.21,3.59,4.17,4.43,4.86,2.77,3.02,2.63,2.52,5.03,6.83,0.17,34564554.3,36452631.03333333,93318735.0,117055474.0,1.23,0.39,2485993069.0,-26.65,428,-43.24,423,-49.71,434,-39.86,-4.19,-16.15,2.21,0.63,22.9,0.421,80.75,False,False,False,False,False,False,True,False,False,False,False,True,False,False,True,False,2026-11-05,False,False,4,"thin RVOL, below 200-MA",RVOL,3,https://www.tradingview.com/chart/?symbol=NASDAQ:OPEN&interval=D,False,False,False
DKS,Dick's Sporting Goods Inc,NYSE,Specialty Stores,121.15,129.63,136.24,157.27,177.38,200.5,201.83,203.87,129.34,141.9,124.49,121.06,4.04,5.53,6.69,3416743.3,4595343.933333334,556725918.0,722703613.0,0.69,-0.25,10773496063.337236,-36.83,446,-47.07,431,-37.0,414,-40.3,-5.74,-11.08,2.65,0.51,1.3,0.467,61.28,False,False,False,False,False,False,True,True,False,True,False,True,False,True,False,False,2026-11-24,False,False,5,below 200-MA,ADR,4,https://www.tradingview.com/chart/?symbol=NYSE:DKS&interval=D,False,False,False
RARE,Ultragenyx Pharmaceutical Inc.,NASDAQ,Pharmaceuticals: Major,14.51,14.18,19.52,21.77,24.25,25.28,24.27,25.14,15.37,18.38,15.07,14.07,6.01,10.12,1.47,7127318.4,4780615.533333333,69366731.0,104067626.0,1.56,2.0,1430524573.7482758,-44.79,451,-47.31,432,-29.29,392,-40.46,-3.97,-25.68,2.08,0.68,30.0,1.204,76.53,False,False,False,False,False,False,True,False,False,False,False,True,True,True,True,False,2026-11-04,False,False,5,below 200-MA,RVOL,3,https://www.tradingview.com/chart/?symbol=NASDAQ:RARE&interval=D,False,False,False
PL,Planet Labs PBC,NYSE,Packaged Software,16.42,16.79,18.65,20.34,21.18,28.81,29.2,27.21,17.08,18.52,17.17,16.12,6.56,7.04,1.16,14078322.0,9020927.333333334,148123627.0,183515732.0,0.64,0.65,5974383800.480284,-30.1,438,-42.69,421,-51.06,437,-41.28,-3.19,-11.98,1.61,0.91,26.0,0.449,75.57,False,False,False,False,False,False,True,False,False,False,False,True,False,False,False,False,2026-12-14,False,False,4,"thin RVOL, below 200-MA",,3,https://www.tradingview.com/chart/?symbol=NYSE:PL&interval=D,False,False,False
RCAT,"Red Cat Holdings, Inc.",NASDAQ,Packaged Software,6.75,7.79,8.3,8.92,8.57,9.74,11.01,11.02,7.66,8.17,7.23,6.7,6.83,8.69,0.59,9628521.0,8836139.4,59643941.0,78819836.0,3.3,1.2,1030821868.9217758,-32.9,443,-40.34,408,-55.24,444,-42.83,-2.44,-18.67,2.0,0.9,8.5,0.347,47.76,False,False,False,False,False,False,True,False,False,False,False,True,True,True,True,False,2026-11-12,False,False,5,below 200-MA,RVOL,3,https://www.tradingview.com/chart/?symbol=NASDAQ:RCAT&interval=D,False,False,False
HTZ,"Hertz Global Holdings, Inc",NASDAQ,Finance/Rental/Leasing,1.82,2.01,2.11,2.16,2.01,3.38,3.94,4.28,1.98,2.06,1.85,1.76,6.73,8.8,0.16,12728182.0,35088813.266666666,63861640.0,75850318.0,1.36,-1.08,648741582.2473118,-12.42,288,-62.63,447,-53.69,442,-42.91,-1.09,-13.61,1.3,0.53,34.5,0.287,124.85,False,False,False,False,False,True,True,True,False,True,False,True,False,False,True,False,2026-10-22,False,False,4,"thin RVOL, below 200-MA","near21, ADR, RVOL",5,https://www.tradingview.com/chart/?symbol=NASDAQ:HTZ&interval=D,False,False,False
BW,"Babcock & Wilcox Enterprises, Inc.",NYSE,Electronic Equipment/Instruments,7.36,7.29,7.38,8.03,8.83,12.6,12.99,11.62,7.28,7.65,7.45,7.08,6.23,8.96,0.66,4373380.5,5517556.266666667,40609214.0,44328047.0,1.67,0.55,1096382848.4371586,-19.47,392,-57.73,444,-52.24,438,-43.15,-1.86,-0.25,0.43,0.57,43.2,0.209,77.48,False,False,False,False,True,True,True,False,False,True,False,True,True,True,True,False,2026-11-11,False,False,5,below 200-MA,"near21, RVOL",5,https://www.tradingview.com/chart/?symbol=NYSE:BW&interval=D,False,False,False
KRMN,Karman Holdings Inc.,NYSE,Aerospace & Defense,35.75,36.47,41.18,47.47,47.99,52.25,64.59,70.43,37.36,41.19,37.17,35.38,7.06,7.89,2.82,4695844.9,3229756.6,115463798.0,153311163.0,3.21,3.4,4738080013.333333,-39.8,450,-31.9,371,-66.1,447,-45.94,-3.23,-13.18,1.67,0.63,13.1,0.569,94.99,False,False,False,False,False,False,True,True,False,True,False,True,True,True,True,False,2026-11-05,False,True,4,"below 200-MA, large gap","ADR, RVOL",4,https://www.tradingview.com/chart/?symbol=NYSE:KRMN&interval=D,False,False,False
YSS,York Space Systems Inc.,NYSE,Aerospace & Defense,8.55,8.23,8.65,9.32,12.37,20.71,22.81,,8.38,9.14,8.96,8.23,6.98,10.07,0.86,5082220.6,4013144.1666666665,34312383.0,37391802.0,6.89,0.0,1174407553.202055,-17.15,368,-72.86,452,-57.01,445,-49.01,-3.07,-1.21,0.64,0.85,37.2,0.281,170.49,False,False,False,False,True,True,True,False,False,True,False,True,True,True,True,False,2026-12-02,False,False,5,below 200-MA,"near21, RVOL",5,https://www.tradingview.com/chart/?symbol=NYSE:YSS&interval=D,False,False,False
ALHC,"Alignment Healthcare, Inc.",NASDAQ,Managed Health Care,8.35,11.45,12.49,12.82,15.09,17.09,17.84,18.59,10.8,12.16,8.78,8.3,9.75,11.0,0.92,13258627.5,7293680.233333333,60902230.0,93491609.0,2.08,-0.23,1732083466.0287356,-36.5,445,-61.04,446,-53.48,441,-50.34,-4.06,-33.16,2.85,0.52,4.9,0.574,85.51,False,False,False,False,False,False,True,True,False,True,False,True,True,True,True,False,2026-10-29,False,False,5,below 200-MA,"ADR, RVOL",4,https://www.tradingview.com/chart/?symbol=NASDAQ:ALHC&interval=D,False,False,False
FLNC,"Fluence Energy, Inc.",NASDAQ,Electrical Products,7.32,9.39,10.13,10.97,12.3,16.25,15.87,17.7,9.09,10.15,7.64,7.11,6.94,11.25,0.82,9720844.0,7121341.133333334,52128217.0,78108056.0,1.67,-1.63,1351245405.2741513,-37.91,447,-69.79,450,-54.08,443,-53.93,-3.6,-27.77,2.48,0.64,25.5,0.438,113.53,False,False,False,False,False,False,True,False,False,False,False,True,True,True,True,False,2026-11-30,False,False,5,below 200-MA,RVOL,3,https://www.tradingview.com/chart/?symbol=NASDAQ:FLNC&interval=D,False,False,False
EYPT,"EyePoint, Inc.",NASDAQ,Pharmaceuticals: Major,3.85,4.12,4.44,6.42,8.98,11.1,12.26,13.17,4.14,5.2,4.06,3.77,8.57,15.84,0.61,3983442.1,6007546.266666666,23129053.0,38588472.0,2.06,-1.0,331916750.96491224,-36.24,444,-71.54,451,-72.0,451,-59.93,-3.61,-13.38,1.64,0.47,12.5,0.406,235.22,False,False,False,False,False,False,True,False,False,False,False,True,True,True,True,False,2026-11-04,False,False,5,below 200-MA,RVOL,3,https://www.tradingview.com/chart/?symbol=NASDAQ:EYPT&interval=D,False,False,False
ALMS,Alumis Inc.,NASDAQ,Pharmaceuticals: Major,7.77,9.17,14.25,17.94,21.91,22.78,23.7,22.28,9.8,13.56,7.9,7.54,11.91,18.4,1.43,4234735.5,3442959.8666666667,26751798.0,61751781.0,1.47,0.13,1037257336.3657289,-69.51,452,-67.35,448,-68.72,448,-68.53,-3.51,-45.49,2.32,0.26,16.4,1.859,187.03,False,False,False,False,False,False,True,True,False,True,False,True,False,False,True,False,2026-11-12,False,False,4,"thin RVOL, below 200-MA","ADR, RVOL",4,https://www.tradingview.com/chart/?symbol=NASDAQ:ALMS&interval=D,False,False,False
