name,description,exchange,industry,close,SMA30,SMA50,ADRP,ATRP,average_volume_10d_calc,average_volume_30d_calc,dollar_volume_30d,average_dollar_volume_30d,Perf.W,perf_1w_rank,Perf.1M,perf_1m_rank,Perf.3M,perf_3m_rank,Perf.6M,perf_6m_rank,momentum_score,atr_extension_from_50d,earnings_date,earnings_soon,tradingview_url,is_top_1w,is_top_1m,is_top_3m,is_top_6m
QMCO,Quantum Corporation,NASDAQ,Computer Peripherals,29.18,27.01,23.47,11.09,9.36,2113104.8,1622774.9,47352572.0,43834666.0,-12.08,365,17.99,40,181.93,3,390.42,1,196.78,2.6,2026-11-13,False,https://www.tradingview.com/chart/?symbol=NASDAQ:QMCO&interval=D,False,False,True,True
USDE,StablecoinX Inc.,NASDAQ,Packaged Software,12.79,10.86,7.81,12.96,13.39,3689646.4,5532535.1,70761124.0,60062123.0,-20.26,407,64.82,7,500.47,1,16.27,170,193.85,4.76,,False,https://www.tradingview.com/chart/?symbol=NASDAQ:USDE&interval=D,False,True,True,False
CYPH,Cypherpunk Technologies Inc.,NASDAQ,Financial Conglomerates,2.81,2.8,2.04,15.98,15.72,15789591.2,16913860.5,47527948.0,47364447.0,-10.22,350,15.64,49,301.37,2,172.82,13,163.27,2.39,2026-11-16,False,https://www.tradingview.com/chart/?symbol=NASDAQ:CYPH&interval=D,False,False,True,True
MXL,"MaxLinear, Inc",NASDAQ,Semiconductors,93.7,79.61,75.91,7.78,7.88,3184220.8,2876082.1,269488893.0,228955309.0,2.41,137,45.07,9,1.51,142,366.75,2,137.77,2.97,2026-10-22,False,https://www.tradingview.com/chart/?symbol=NASDAQ:MXL&interval=D,False,True,False,True
CDNA,"CareDx, Inc.",NASDAQ,Medical Specialties,62.2,56.5,52.54,6.38,5.45,1697849.0,1376918.4333333333,85651211.0,77792449.0,-4.23,251,23.18,30,114.13,5,272.71,3,136.67,3.38,2026-11-10,False,https://www.tradingview.com/chart/?symbol=NASDAQ:CDNA&interval=D,False,False,True,True
TEAM,Atlassian Corporation,NASDAQ,Packaged Software,203.57,188.67,171.68,4.03,4.33,2669669.9,3292956.6666666665,670347189.0,621282683.0,10.8,25,10.4,66,116.63,4,244.04,5,123.69,4.29,2026-11-05,False,https://www.tradingview.com/chart/?symbol=NASDAQ:TEAM&interval=D,False,False,True,True
GRAL,"GRAIL, Inc.",NASDAQ,Medical Specialties,132.61,101.7,89.82,9.72,7.85,1303712.1,1288379.9666666666,170852067.0,131027813.0,-4.07,245,65.37,6,74.92,12,183.84,10,108.04,6.07,2026-11-18,False,https://www.tradingview.com/chart/?symbol=NASDAQ:GRAL&interval=D,False,True,True,True
ASST,"Strive, Inc.",NASDAQ,Financial Conglomerates,28.23,27.81,22.38,5.94,6.19,6958690.199999998,9520284.066666666,268757619.0,264805115.0,-3.78,236,6.77,92,110.99,6,183.72,11,100.49,4.22,2026-11-13,False,https://www.tradingview.com/chart/?symbol=NASDAQ:ASST&interval=D,False,False,True,True
OKTA,"Okta, Inc.",NASDAQ,Packaged Software,220.21,190.29,171.28,4.21,4.13,3013747.6,4198299.333333333,924507496.0,798899278.0,4.85,92,30.41,18,45.63,33,221.9,6,99.31,6.92,2026-12-08,False,https://www.tradingview.com/chart/?symbol=NASDAQ:OKTA&interval=D,False,True,False,True
P,"Everpure, Inc.",NYSE,Computer Peripherals,150.57,113.24,108.11,4.44,4.31,4757456.1,6526085.966666667,982632764.0,739040079.0,13.96,13,49.82,8,86.86,10,146.76,21,94.48,9.12,2026-12-02,False,https://www.tradingview.com/chart/?symbol=NYSE:P&interval=D,True,True,True,True
HPE,Hewlett Packard Enterprise Company,NYSE,Computer Processing Hardware,71.0,60.18,57.65,4.46,4.97,19556693.8,25281092.300000023,1794957553.0,1521525686.0,8.35,47,35.78,12,44.81,35,183.89,9,88.16,4.66,2026-12-03,False,https://www.tradingview.com/chart/?symbol=NYSE:HPE&interval=D,False,True,False,True
APPS,"Digital Turbine, Inc.",NASDAQ,Packaged Software,10.78,11.13,11.3,7.96,7.58,3327413.7,2989505.7666666666,32226872.0,33259248.0,-7.39,307,1.41,125,-3.84,169,255.78,4,84.45,-0.6,2026-11-11,False,https://www.tradingview.com/chart/?symbol=NASDAQ:APPS&interval=D,False,False,False,True
LIFE,Ethos Technologies Inc.,NASDAQ,Packaged Software,36.22,36.74,34.7,7.16,7.08,1526301.0,1580144.3,57232827.0,58051868.0,10.12,29,-8.9,220,90.93,7,161.52,15,81.18,0.62,2026-12-02,False,https://www.tradingview.com/chart/?symbol=NASDAQ:LIFE&interval=D,False,False,True,True
PENG,"Penguin Solutions, Inc.",NASDAQ,Semiconductors,71.57,54.08,54.69,5.43,6.07,5559147.5,2803512.433333333,200647385.0,151623297.0,31.35,2,35.24,13,-9.27,194,211.17,7,79.05,5.09,2027-01-05,False,https://www.tradingview.com/chart/?symbol=NASDAQ:PENG&interval=D,True,True,False,True
PLSE,"Pulse Biosciences, Inc",NASDAQ,Medical Specialties,49.98,51.45,48.22,5.61,6.51,470989.5,618895.1333333333,30932379.0,31844218.0,0.99,153,-5.57,189,84.7,11,157.63,17,78.92,0.56,2026-11-16,False,https://www.tradingview.com/chart/?symbol=NASDAQ:PLSE&interval=D,False,False,True,True
MEDS,"DataMeds AI, Inc.",NASDAQ,Medical Distributors,3.4,2.58,2.32,16.92,26.14,8767583.2,12644557.166666666,42991494.0,32642009.0,-12.82,378,271.46,1,13.14,97,-54.88,395,76.58,1.79,,False,https://www.tradingview.com/chart/?symbol=NASDAQ:MEDS&interval=D,False,True,False,False
NTSK,"Netskope, Inc.",NASDAQ,Packaged Software,19.61,16.78,15.83,4.48,4.94,5716030.1,7100043.566666666,139231854.0,119162398.0,11.1,24,42.2,10,57.26,19,128.02,25,75.83,4.83,2026-12-11,False,https://www.tradingview.com/chart/?symbol=NASDAQ:NTSK&interval=D,False,True,True,False
CVI,CVR Energy Inc.,NYSE,Oil Refining/Marketing,59.54,50.12,44.22,4.57,4.5,933666.2,1130015.1666666667,67281103.0,56640880.0,17.16,7,32.31,16,88.18,9,98.47,43,72.99,7.7,2026-11-02,False,https://www.tradingview.com/chart/?symbol=NYSE:CVI&interval=D,True,True,True,False
SDGR,"Schrodinger, Inc.",NASDAQ,Packaged Software,26.39,25.39,22.4,8.64,8.02,3498120.6,2601104.8,68643156.0,66039450.0,-14.23,391,32.81,15,56.06,20,128.09,24,72.32,2.22,2026-11-11,False,https://www.tradingview.com/chart/?symbol=NASDAQ:SDGR&interval=D,False,True,True,False
CORT,Corcept Therapeutics Incorporated,NASDAQ,Pharmaceuticals: Major,118.54,114.79,115.12,4.71,4.44,859706.1,1436400.4,170270903.0,164887754.0,3.72,112,8.88,76,27.94,61,179.97,12,72.27,0.67,2026-11-04,False,https://www.tradingview.com/chart/?symbol=NASDAQ:CORT&interval=D,False,False,False,True
RNG,"RingCentral, Inc.",NYSE,Packaged Software,78.35,74.29,69.83,4.01,4.03,1407470.8,1543992.6666666667,120971825.0,114700642.0,2.31,139,8.71,78,89.39,8,112.39,35,70.16,3.03,2026-11-09,False,https://www.tradingview.com/chart/?symbol=NYSE:RNG&interval=D,False,False,True,False
PBF,PBF Energy Inc.,NYSE,Oil Refining/Marketing,89.34,76.23,73.51,5.18,5.12,2977645.5,3627569.566666667,324087065.0,276517536.0,15.34,10,16.78,46,64.96,15,121.96,29,67.9,4.21,2026-10-29,False,https://www.tradingview.com/chart/?symbol=NYSE:PBF&interval=D,True,False,True,False
SDEV,Stablecoin Development Corporation,AMEX,Investment Banks/Brokers,1.99,1.7,1.44,62.99,55.63,70986695.1,24278733.933333334,48314681.0,41288253.0,-44.65,417,124.86,3,47.41,30,27.56,133,66.61,0.69,2026-11-05,False,https://www.tradingview.com/chart/?symbol=AMEX:SDEV&interval=D,False,True,False,False
FIVN,"Five9, Inc.",NASDAQ,Packaged Software,35.15,34.05,33.04,5.84,5.48,2129761.3,2210499.2,77699047.0,75278550.0,0.88,156,7.82,83,36.25,48,154.53,19,66.2,1.17,2026-11-09,False,https://www.tradingview.com/chart/?symbol=NASDAQ:FIVN&interval=D,False,False,False,True
XMTR,"Xometry, Inc.",NASDAQ,Information Technology Services,106.48,97.22,93.83,5.22,4.93,738317.9,778112.0333333333,82853369.0,75644291.0,3.88,110,15.04,51,13.42,95,159.64,16,62.7,2.74,2026-11-05,False,https://www.tradingview.com/chart/?symbol=NASDAQ:XMTR&interval=D,False,False,False,True
QLYS,"Qualys, Inc.",NASDAQ,Packaged Software,193.86,180.46,179.22,4.43,4.82,663458.0,736663.7666666667,142809638.0,132940308.0,2.61,132,14.22,53,20.98,74,150.43,20,61.88,1.69,2026-11-04,False,https://www.tradingview.com/chart/?symbol=NASDAQ:QLYS&interval=D,False,False,False,True
BAND,Bandwidth Inc.,NASDAQ,Packaged Software,51.95,54.19,51.83,8.95,8.62,805752.5,919852.2666666667,47786325.0,49851087.0,-15.91,399,21.35,32,-34.13,360,196.69,8,61.3,0.03,2026-10-29,False,https://www.tradingview.com/chart/?symbol=NASDAQ:BAND&interval=D,False,False,False,True
AMC,"AMC Entertainment Holdings, Inc.",NYSE,Movies/Entertainment,2.88,2.74,2.68,7.76,6.85,29303416.500000037,27791504.76666667,80039534.0,76222834.0,-3.36,227,9.92,70,49.22,26,113.33,34,57.49,1.09,2026-11-11,False,https://www.tradingview.com/chart/?symbol=NYSE:AMC&interval=D,False,False,False,False
SMTC,Semtech Corporation,NASDAQ,Semiconductors,187.49,166.71,152.14,5.2,5.83,2844348.6,3165786.7,593553348.0,527781492.0,4.09,109,24.99,22,40.97,41,103.57,39,56.51,3.99,2026-12-02,False,https://www.tradingview.com/chart/?symbol=NASDAQ:SMTC&interval=D,False,False,False,False
ILMN,"Illumina, Inc.",NASDAQ,Medical Specialties,264.57,240.89,225.45,5.75,5.33,3269242.3,3629190.466666667,960174922.0,874228433.0,-3.16,221,21.0,33,36.85,45,111.54,36,56.46,3.26,2026-10-29,False,https://www.tradingview.com/chart/?symbol=NASDAQ:ILMN&interval=D,False,False,False,False
ZETA,Zeta Global Holdings Corp.,NYSE,Packaged Software,33.03,31.02,29.42,4.49,4.45,6731983.8,6800887.5,224633314.0,210929526.0,3.12,122,6.27,94,46.8,31,114.06,33,55.71,2.76,2026-11-10,False,https://www.tradingview.com/chart/?symbol=NYSE:ZETA&interval=D,False,False,False,False
U,Unity Software Inc.,NYSE,Packaged Software,45.89,42.69,42.51,4.89,4.5,11138959.6,10248375.933333334,470297972.0,437451927.0,9.37,35,10.58,65,42.34,37,109.64,38,54.19,1.77,2026-11-11,False,https://www.tradingview.com/chart/?symbol=NYSE:U&interval=D,False,False,False,False
TWLO,Twilio Inc.,NYSE,Packaged Software,275.77,259.04,244.41,6.01,5.25,6413823.5,3613312.2333333334,996443115.0,935977948.0,-6.28,285,20.41,35,20.69,75,121.32,30,54.14,2.45,2026-10-29,False,https://www.tradingview.com/chart/?symbol=NYSE:TWLO&interval=D,False,False,False,False
MRVL,"Marvell Technology, Inc.",NASDAQ,Semiconductors,274.66,244.55,234.65,4.74,5.27,21055945.0,21366617.266666666,5868555098.0,5225259669.0,3.61,117,21.0,34,15.51,86,122.11,28,52.87,3.23,2026-11-26,False,https://www.tradingview.com/chart/?symbol=NASDAQ:MRVL&interval=D,False,False,False,False
SECZ,Securitize Corp.,NYSE,Packaged Software,12.66,10.63,9.05,13.74,11.55,4392696.0,4208667.566666666,53281731.0,44756374.0,-12.99,383,68.8,5,71.31,14,16.68,166,52.26,3.45,2026-11-13,False,https://www.tradingview.com/chart/?symbol=NYSE:SECZ&interval=D,False,True,True,False
ALAB,"Astera Labs, Inc.",NASDAQ,Semiconductors,347.05,320.72,316.61,7.02,7.11,4255147.4,4099898.3666666667,1422869728.0,1314920771.0,-3.75,235,14.16,54,-15.23,231,157.59,18,52.18,1.35,2026-11-03,False,https://www.tradingview.com/chart/?symbol=NASDAQ:ALAB&interval=D,False,False,False,True
MU,"Micron Technology, Inc.",NASDAQ,Semiconductors,1035.84,1013.6,973.1,4.2,4.5,26788366.4,25862960.566666666,26789889073.0,26214739935.0,-1.73,196,-0.05,138,7.34,113,146.46,22,51.25,1.43,2026-12-23,False,https://www.tradingview.com/chart/?symbol=NASDAQ:MU&interval=D,False,False,False,False
FCEL,"FuelCell Energy, Inc.",NASDAQ,Electronic Equipment/Instruments,17.24,16.93,18.43,6.97,9.78,7139001.599999999,6979437.333333328,120360397.0,118133956.0,4.64,94,13.64,56,-23.83,308,162.08,14,50.63,-0.66,2026-12-17,False,https://www.tradingview.com/chart/?symbol=NASDAQ:FCEL&interval=D,False,False,False,True
HTFL,"Heartflow, Inc.",NASDAQ,Packaged Software,47.63,49.16,44.07,5.54,5.62,1734228.5,1952985.5,93020699.0,96017881.0,-4.38,253,-1.75,148,71.64,13,78.26,60,49.38,1.44,2026-11-18,False,https://www.tradingview.com/chart/?symbol=NASDAQ:HTFL&interval=D,False,False,True,False
COHU,"Cohu, Inc.",NASDAQ,Semiconductors,68.37,58.94,56.7,4.72,5.28,1086117.2,1023501.8,69976818.0,60322637.0,0.01,165,33.43,14,24.65,65,89.97,50,49.35,3.9,2026-10-29,False,https://www.tradingview.com/chart/?symbol=NASDAQ:COHU&interval=D,False,True,False,False
TENB,"Tenable Holdings, Inc.",NASDAQ,Packaged Software,39.01,35.83,35.7,4.5,5.15,3294778.4,5191450.6,202518488.0,186005349.0,5.15,90,15.83,48,-7.12,187,136.57,23,48.42,1.8,2026-11-04,False,https://www.tradingview.com/chart/?symbol=NASDAQ:TENB&interval=D,False,False,False,False
ETON,"Eton Pharmaceuticals, Inc.",NASDAQ,Pharmaceuticals: Major,54.75,57.35,55.42,6.63,6.1,771941.9,582622.3,31898571.0,33416011.0,9.11,38,-4.57,182,46.78,32,102.1,40,48.11,-0.2,2026-11-05,False,https://www.tradingview.com/chart/?symbol=NASDAQ:ETON&interval=D,False,False,False,False
MANE,"Veradermics, Incorporated",NYSE,Pharmaceuticals: Major,126.63,108.23,107.9,6.34,6.02,910039.7,790718.7333333333,100128713.0,85578961.0,4.45,100,27.91,21,1.74,141,110.84,37,46.83,2.88,2026-12-02,False,https://www.tradingview.com/chart/?symbol=NYSE:MANE&interval=D,False,True,False,False
SMCI,"Super Micro Computer, Inc.",NASDAQ,Computer Processing Hardware,42.77,40.07,37.72,4.72,5.42,33634294.4,36264557.03333333,1551035104.0,1453144977.0,4.6,97,7.83,82,51.13,25,80.92,59,46.63,2.47,2026-11-03,False,https://www.tradingview.com/chart/?symbol=NASDAQ:SMCI&interval=D,False,False,False,False
APPN,Appian Corporation,NASDAQ,Packaged Software,38.66,37.75,36.34,4.73,5.1,858395.9,897433.9333333333,34694796.0,33874840.0,6.0,75,3.37,113,51.13,24,84.01,56,46.17,1.25,2026-10-29,False,https://www.tradingview.com/chart/?symbol=NASDAQ:APPN&interval=D,False,False,False,False
ATRC,"AtriCure, Inc.",NASDAQ,Medical Specialties,52.84,54.87,50.37,4.92,4.53,1163601.5,1374163.1666666667,72610782.0,75401478.0,-6.51,288,-2.71,163,51.8,23,88.98,52,46.02,1.08,2026-11-04,False,https://www.tradingview.com/chart/?symbol=NASDAQ:ATRC&interval=D,False,False,False,False
FROG,JFrog Ltd.,NASDAQ,Packaged Software,97.25,93.35,91.35,4.56,4.82,1404985.3,1781541.1,173254872.0,166300329.0,-0.4,170,15.43,50,0.52,153,119.18,32,45.04,1.34,2026-11-04,False,https://www.tradingview.com/chart/?symbol=NASDAQ:FROG&interval=D,False,False,False,False
OSCR,"Oscar Health, Inc.",NYSE,Managed Health Care,33.1,31.36,31.01,4.4,4.77,4514274.9,5238950.133333334,173409249.0,164289984.0,7.84,54,3.44,111,4.35,126,125.63,26,44.47,1.41,2026-11-10,False,https://www.tradingview.com/chart/?symbol=NYSE:OSCR&interval=D,False,False,False,False
CLMT,"Calumet, Inc",NASDAQ,Oil Refining/Marketing,57.75,54.58,51.08,4.08,3.87,1466292.9,1463999.9,84545994.0,79904627.0,10.53,28,7.08,90,48.38,28,74.1,62,43.19,3.37,2026-11-06,False,https://www.tradingview.com/chart/?symbol=NASDAQ:CLMT&interval=D,False,False,False,False
PURR,Hyperliquid Strategies Inc,NASDAQ,Financial Conglomerates,11.3,12.31,10.55,7.24,8.8,15911366.6,23784949.5,268769929.0,292812549.0,-6.77,294,-3.67,171,40.72,42,89.92,51,42.32,0.81,2026-12-02,False,https://www.tradingview.com/chart/?symbol=NASDAQ:PURR&interval=D,False,False,False,False
MAN,ManpowerGroup,NYSE,Personnel Services,54.36,57.62,57.55,4.43,4.32,944199.8,827049.7,44958422.0,47651847.0,4.38,102,-10.21,237,41.01,40,91.61,48,40.8,-1.29,2026-10-15,False,https://www.tradingview.com/chart/?symbol=NYSE:MAN&interval=D,False,False,False,False
NET,"Cloudflare, Inc.",NYSE,Information Technology Services,341.89,326.95,314.47,4.45,4.59,2689234.6,3070996.6666666665,1049943050.0,1004074644.0,-2.32,203,22.93,31,22.22,69,76.95,61,40.7,1.9,2026-10-29,False,https://www.tradingview.com/chart/?symbol=NYSE:NET&interval=D,False,False,False,False
RVTY,"Revvity, Inc.",NYSE,Medical Specialties,152.16,140.36,131.28,4.0,3.88,2113946.5,2169722.1,330144915.0,304543640.0,-2.14,199,18.41,36,34.09,50,67.82,71,40.11,4.1,2026-11-03,False,https://www.tradingview.com/chart/?symbol=NYSE:RVTY&interval=D,False,False,False,False
SAIL,"SailPoint, Inc.",NASDAQ,Packaged Software,20.02,19.85,19.24,5.57,5.66,5260045.9,5396380.9,108035546.0,107091179.0,-2.77,213,8.04,80,30.98,54,81.01,58,40.01,0.71,2026-12-15,False,https://www.tradingview.com/chart/?symbol=NASDAQ:SAIL&interval=D,False,False,False,False
DK,"Delek US Holdings, Inc.",NYSE,Oil Refining/Marketing,76.6,73.77,70.55,4.66,4.92,2156304.5,2484042.066666667,190277622.0,183258547.0,9.02,40,1.42,124,34.79,49,82.21,57,39.47,1.74,2026-11-11,False,https://www.tradingview.com/chart/?symbol=NYSE:DK&interval=D,False,False,False,False
AZTA,"Azenta, Inc.",NASDAQ,Medical/Nursing Services,36.0,33.77,33.36,6.51,6.22,1540797.8,1076278.5333333334,38746027.0,36347002.0,3.09,123,16.81,45,41.12,39,59.57,79,39.17,1.27,2026-11-17,False,https://www.tradingview.com/chart/?symbol=NASDAQ:AZTA&interval=D,False,False,False,False
ASAN,"Asana, Inc.",NYSE,Packaged Software,9.87,9.29,9.22,5.6,5.93,5863406.0,7844627.466666667,77426473.0,72871359.0,12.8,17,13.06,59,30.21,56,72.55,65,38.61,1.2,2026-12-08,False,https://www.tradingview.com/chart/?symbol=NYSE:ASAN&interval=D,True,False,False,False
BB,BlackBerry Limited,NYSE,Packaged Software,8.63,8.31,8.39,6.91,6.09,21991192.2,16558695.53333334,142901542.0,137613799.0,-3.79,237,11.93,62,-23.76,307,121.28,31,36.48,0.46,2026-12-17,False,https://www.tradingview.com/chart/?symbol=NYSE:BB&interval=D,False,False,False,False
SG,"Sweetgreen, Inc.",NYSE,Restaurants,9.57,7.66,7.06,4.73,4.77,5681675.6,5176410.366666666,49538247.0,39630598.0,8.75,43,31.28,17,18.15,82,58.18,81,35.87,7.44,2026-11-05,False,https://www.tradingview.com/chart/?symbol=NYSE:SG&interval=D,False,True,False,False
NAT,Nordic American Tankers Limited,NYSE,Marine Shipping,8.58,7.66,7.24,4.04,3.91,5265024.4,5222614.2,44810030.0,40029597.0,9.58,33,17.21,43,42.29,38,45.67,100,35.06,4.71,2026-12-02,False,https://www.tradingview.com/chart/?symbol=NYSE:NAT&interval=D,False,False,False,False
NEO,"NeoGenomics, Inc.",NASDAQ,Medical/Nursing Services,16.02,18.21,17.44,6.57,6.31,2712680.8,2333717.566666667,37386155.0,42496608.0,-11.88,364,-6.59,200,8.98,110,101.0,42,34.46,-1.29,2026-11-10,False,https://www.tradingview.com/chart/?symbol=NASDAQ:NEO&interval=D,False,False,False,False
BFLY,"Butterfly Network, Inc.",NYSE,Medical Specialties,8.03,8.28,8.5,8.98,8.59,5791720.0,5596703.233333333,44941527.0,46331375.0,-10.38,356,10.0,69,0.75,150,92.57,47,34.44,-0.64,2026-10-29,False,https://www.tradingview.com/chart/?symbol=NYSE:BFLY&interval=D,False,False,False,False
CRDO,Credo Technology Group Holding Ltd,NASDAQ,Information Technology Services,211.86,190.84,209.55,6.54,6.95,8592315.8,9121168.433333334,1932410744.0,1740698986.0,7.47,57,24.23,27,-19.67,272,95.84,44,33.47,0.16,2026-12-02,False,https://www.tradingview.com/chart/?symbol=NASDAQ:CRDO&interval=D,False,False,False,False
CRL,"Charles River Laboratories International, Inc.",NYSE,Miscellaneous Commercial Services,298.0,287.56,281.83,4.22,4.01,1011747.9,982094.6,292664191.0,282415706.0,2.1,142,4.34,104,26.81,63,69.22,68,33.46,1.43,2026-11-11,False,https://www.tradingview.com/chart/?symbol=NYSE:CRL&interval=D,False,False,False,False
CBRL,"Cracker Barrel Old Country Store, Inc.",NASDAQ,Restaurants,55.34,51.55,53.95,4.77,4.46,888330.6,1047784.1333333333,57984374.0,54012050.0,6.02,74,1.1,130,11.43,102,86.71,53,33.08,0.58,2026-11-27,False,https://www.tradingview.com/chart/?symbol=NASDAQ:CBRL&interval=D,False,False,False,False
VSXY,Victorias Secret & Co.,NYSE,Apparel/Footwear Retail,86.61,82.32,85.36,4.35,4.66,1625821.6,2023920.2,175291729.0,166602364.0,-1.66,192,17.82,41,13.26,96,67.56,72,32.88,0.31,2026-12-02,False,https://www.tradingview.com/chart/?symbol=NYSE:VSXY&interval=D,False,False,False,False
SBET,"Sharplink, Inc.",NASDAQ,Advertising/Marketing Services,8.81,9.03,8.13,5.58,6.52,6479480.0,8364369.166666692,73690092.0,75552559.0,-5.27,267,1.38,126,58.74,17,34.5,123,31.54,1.28,2026-11-12,False,https://www.tradingview.com/chart/?symbol=NASDAQ:SBET&interval=D,False,False,True,False
GCT,GigaCloud Technology Inc,NASDAQ,Wholesale Distributors,56.42,52.48,51.39,4.57,4.42,643729.5,659887.9,37230875.0,34630807.0,8.06,50,8.92,75,62.97,16,21.46,149,31.12,2.22,2026-11-26,False,https://www.tradingview.com/chart/?symbol=NASDAQ:GCT&interval=D,False,False,True,False
SHOP,Shopify Inc.,NASDAQ,Miscellaneous Commercial Services,164.56,143.53,143.85,4.05,3.94,7297972.6,9399928.6,1546852250.0,1349187419.0,9.58,32,16.13,47,29.82,57,45.62,101,30.52,3.66,2026-11-03,False,https://www.tradingview.com/chart/?symbol=NASDAQ:SHOP&interval=D,False,False,False,False
GH,"Guardant Health, Inc.",NASDAQ,Medical Specialties,165.56,170.63,167.56,4.82,5.04,1868461.2,1874657.0666666667,310368224.0,319867111.0,-6.55,290,-0.33,139,0.99,148,90.06,49,30.24,-0.24,2026-10-29,False,https://www.tradingview.com/chart/?symbol=NASDAQ:GH&interval=D,False,False,False,False
SLS,"SELLAS Life Sciences Group, Inc.",NASDAQ,Pharmaceuticals: Major,11.26,12.33,12.37,6.24,7.22,4602061.5,6315037.766666667,71107325.0,77855996.0,-7.33,304,-18.23,321,-15.15,229,123.86,27,30.16,-1.25,2026-11-18,False,https://www.tradingview.com/chart/?symbol=NASDAQ:SLS&interval=D,False,False,False,False
GPRO,"GoPro, Inc.",NASDAQ,Electronics/Appliances,1.18,1.28,1.03,6.05,9.0,9556812.2,65989016.93333333,77867040.0,84611557.0,-8.17,319,-24.6,372,55.37,21,58.22,80,29.66,1.58,2026-11-05,False,https://www.tradingview.com/chart/?symbol=NASDAQ:GPRO&interval=D,False,False,True,False
AYA,Aya Gold & Silver Inc.,NASDAQ,Precious Metals,26.32,27.9,26.98,4.26,5.43,988549.0,1268593.3,33389376.0,35392062.0,-2.05,198,-8.84,217,32.06,53,64.4,74,29.21,-0.45,2026-11-17,False,https://www.tradingview.com/chart/?symbol=NASDAQ:AYA&interval=D,False,False,False,False
AMLX,"Amylyx Pharmaceuticals, Inc.",NASDAQ,Pharmaceuticals: Major,27.2,31.6,30.0,4.86,5.59,1396573.7,1552928.3666666667,42239652.0,49070725.0,-4.96,262,-18.78,328,48.35,29,56.68,83,28.75,-1.67,2026-11-05,False,https://www.tradingview.com/chart/?symbol=NASDAQ:AMLX&interval=D,False,False,False,False
SWKS,"Skyworks Solutions, Inc.",NASDAQ,Semiconductors,80.75,81.72,75.86,5.07,5.69,8961947.1,8482722.033333333,684979804.0,693171286.0,-6.33,286,7.67,87,36.26,46,41.57,109,28.5,1.13,2026-10-29,False,https://www.tradingview.com/chart/?symbol=NASDAQ:SWKS&interval=D,False,False,False,False
OUST,"Ouster, Inc.",NASDAQ,Semiconductors,39.53,38.0,39.63,6.85,7.04,2702522.6,2258935.7,89295728.0,85843321.0,-2.15,200,6.02,96,-16.9,245,94.35,45,27.82,-0.04,2026-11-05,False,https://www.tradingview.com/chart/?symbol=NASDAQ:OUST&interval=D,False,False,False,False
AMRX,"Amneal Pharmaceuticals, Inc.",NASDAQ,Pharmaceuticals: Major,19.65,18.7,18.44,4.5,3.87,3498473.0,2815756.9,55329623.0,52646207.0,-2.38,205,13.78,55,16.2,85,53.04,90,27.67,1.69,2026-10-29,False,https://www.tradingview.com/chart/?symbol=NASDAQ:AMRX&interval=D,False,False,False,False
PARR,"Par Pacific Holdings, Inc. Common Stock",NYSE,Oil Refining/Marketing,87.65,82.08,80.16,4.9,4.99,813423.4000000015,928758.0000000003,81405639.0,76233385.0,7.36,59,4.93,101,32.12,52,45.16,102,27.41,1.87,2026-11-09,False,https://www.tradingview.com/chart/?symbol=NYSE:PARR&interval=D,False,False,False,False
RVMD,"Revolution Medicines, Inc.",NASDAQ,Pharmaceuticals: Other,188.12,203.07,203.48,4.46,4.64,2067775.8,2086661.7666666666,392542812.0,423747447.0,-7.78,316,-9.59,228,-2.13,162,93.88,46,27.39,-1.63,2026-11-11,False,https://www.tradingview.com/chart/?symbol=NASDAQ:RVMD&interval=D,False,False,False,False
MSTR,Strategy Inc,NASDAQ,Internet Software/Services,151.47,145.95,128.69,4.92,5.86,19672365.8,23956732.633333333,3628726292.0,3496453186.0,-1.53,187,10.06,68,53.38,22,16.47,168,26.64,3.02,2026-11-04,False,https://www.tradingview.com/chart/?symbol=NASDAQ:MSTR&interval=D,False,False,False,False
BE,Bloom Energy Corporation,NYSE,Electronic Production Equipment,272.82,263.07,245.01,6.82,7.25,14287888.2,15704721.7,4284562174.0,4131446373.0,-4.15,248,1.89,121,8.6,112,68.53,69,26.34,1.57,2026-10-29,False,https://www.tradingview.com/chart/?symbol=NYSE:BE&interval=D,False,False,False,False
INTC,Intel Corporation,NASDAQ,Semiconductors,107.08,107.45,102.81,5.22,5.62,97911658.7,103207054.93333334,11051411442.0,11089082017.0,-9.81,344,6.23,95,-2.28,163,74.06,63,26.0,0.74,2026-10-29,False,https://www.tradingview.com/chart/?symbol=NASDAQ:INTC&interval=D,False,False,False,False
GEO,Geo Group Inc (The) REIT,NYSE,Miscellaneous Commercial Services,30.96,31.19,31.24,5.19,4.69,3230509.9,2651323.1333333333,82084964.0,82698304.0,2.55,133,-1.9,149,3.06,136,72.38,66,24.51,-0.19,2026-11-05,False,https://www.tradingview.com/chart/?symbol=NYSE:GEO&interval=D,False,False,False,False
VICR,Vicor Corporation,NASDAQ,Electronic Components,262.32,233.82,226.76,6.92,7.3,855333.4,880179.6,230888713.0,205799487.0,-20.51,408,36.92,11,-3.91,172,40.09,113,24.37,2.15,2026-10-20,False,https://www.tradingview.com/chart/?symbol=NASDAQ:VICR&interval=D,False,True,False,False
AMBQ,"Ambiq Micro, Inc.",NYSE,Semiconductors,58.9,63.24,63.17,6.73,6.8,485441.7,558511.3666666667,32896319.0,35320817.0,-14.55,394,0.44,136,-29.76,345,101.78,41,24.15,-0.99,2026-11-05,False,https://www.tradingview.com/chart/?symbol=NYSE:AMBQ&interval=D,False,False,False,False
TEM,"Tempus AI, Inc.",NASDAQ,Packaged Software,69.28,71.69,65.07,8.36,8.3,7880418.8,7282507.133333334,504532094.0,522090219.0,-15.49,397,8.18,79,10.41,105,52.94,91,23.84,0.78,2026-11-10,False,https://www.tradingview.com/chart/?symbol=NASDAQ:TEM&interval=D,False,False,False,False
PRGO,Perrigo Company plc,NYSE,Pharmaceuticals: Major,14.5,14.29,13.69,4.69,4.38,2582084.8,2743933.5,39787036.0,39198919.0,-1.49,184,-2.09,151,37.31,44,35.39,121,23.53,1.36,2026-11-11,False,https://www.tradingview.com/chart/?symbol=NYSE:PRGO&interval=D,False,False,False,False
KSS,Kohl's Corporation,NYSE,Department Stores,20.11,18.09,18.4,4.64,4.66,4305446.8,4161635.3666666667,83690487.0,75274273.0,9.47,34,4.09,108,21.73,71,44.47,103,23.43,1.99,2026-11-12,False,https://www.tradingview.com/chart/?symbol=NYSE:KSS&interval=D,False,False,False,False
IBRX,"ImmunityBio, Inc.",NASDAQ,Pharmaceuticals: Major,9.91,8.65,8.24,6.93,6.27,15147709.1,12055252.666666666,119467554.0,104223687.0,6.79,67,23.88,28,11.1,103,34.83,122,23.27,3.24,2026-11-05,False,https://www.tradingview.com/chart/?symbol=NASDAQ:IBRX&interval=D,False,False,False,False
IMAX,Imax Corporation,NYSE,Electronics/Appliances,51.31,52.7,52.21,4.33,4.18,1264143.4,1032218.1,52963111.0,54398582.0,-6.06,281,0.43,137,33.52,51,35.67,120,23.21,-0.41,2026-10-22,False,https://www.tradingview.com/chart/?symbol=NYSE:IMAX&interval=D,False,False,False,False
WK,Workiva Inc.,NYSE,Information Technology Services,73.69,72.88,71.09,4.22,4.32,2211997.1,1387823.9666666666,102268748.0,101145536.0,7.56,56,-2.14,152,37.46,43,33.93,124,23.08,0.85,2026-11-05,False,https://www.tradingview.com/chart/?symbol=NYSE:WK&interval=D,False,False,False,False
LITE,Lumentum Holdings Inc.,NASDAQ,Electrical Products,1048.6,952.4,912.14,5.57,6.19,4618358.3,4475241.266666667,4692737992.0,4262230225.0,7.0,61,16.83,44,36.26,47,15.47,173,22.85,2.42,2026-11-05,False,https://www.tradingview.com/chart/?symbol=NASDAQ:LITE&interval=D,False,False,False,False
IOT,Samsara Inc.,NYSE,Packaged Software,41.22,39.76,39.52,4.11,4.72,5202534.4,7052672.7,290711169.0,280411916.0,5.72,80,4.2,106,9.19,109,53.75,88,22.38,0.91,2026-11-26,False,https://www.tradingview.com/chart/?symbol=NYSE:IOT&interval=D,False,False,False,False
BMNR,"BitMine Immersion Technologies, Inc.",NYSE,Financial Conglomerates,24.04,25.59,23.2,5.51,6.62,31557278.9,40122867.86666667,964553744.0,1026623820.0,-9.11,335,-2.91,165,57.43,18,11.4,189,21.97,0.55,2026-11-20,False,https://www.tradingview.com/chart/?symbol=NYSE:BMNR&interval=D,False,False,True,False
SNDK,Sandisk Corporation,NASDAQ,Computer Peripherals,1609.46,1670.58,1576.46,5.25,6.07,7498420.1,9654644.866666667,15538764727.0,16128871103.0,-7.25,302,-9.04,223,-9.53,196,84.16,55,21.86,0.35,2026-10-29,False,https://www.tradingview.com/chart/?symbol=NASDAQ:SNDK&interval=D,False,False,False,False
INOD,Innodata Inc.,NASDAQ,Data Processing Services,61.2,61.05,61.66,9.01,7.38,1426934.3,1402787.9666666666,85850624.0,85636465.0,-7.97,317,9.48,71,-12.94,215,68.18,70,21.57,-0.1,2026-11-05,False,https://www.tradingview.com/chart/?symbol=NASDAQ:INOD&interval=D,False,False,False,False
MDB,"MongoDB, Inc.",NASDAQ,Packaged Software,371.35,384.89,393.97,5.91,6.37,4789902.4,2965501.533333333,1101238994.0,1141400782.0,5.36,85,2.94,115,-0.05,156,61.09,78,21.33,-0.9,2026-12-07,False,https://www.tradingview.com/chart/?symbol=NASDAQ:MDB&interval=D,False,False,False,False
W,Wayfair Inc.,NYSE,Specialty Stores,105.13,101.34,101.59,4.26,4.47,2190217.4,2350534.533333333,247111695.0,238198469.0,2.89,127,4.9,102,15.29,87,42.53,105,20.91,0.78,2026-11-04,False,https://www.tradingview.com/chart/?symbol=NYSE:W&interval=D,False,False,False,False
UMAC,"Unusual Machines, Inc.",AMEX,Electronic Equipment/Instruments,21.39,23.46,24.56,7.03,8.1,2792587.7,2706939.1666666665,57901429.0,63513816.0,-13.4,386,-10.87,241,1.95,139,69.76,67,20.28,-1.59,2026-11-12,False,https://www.tradingview.com/chart/?symbol=AMEX:UMAC&interval=D,False,False,False,False
CXW,"CoreCivic, Inc.",NYSE,Miscellaneous Commercial Services,32.71,33.46,33.02,6.13,5.28,2507911.7,2169411.066666667,70961436.0,72589217.0,-1.71,195,-5.16,187,4.84,122,61.13,77,20.27,-0.18,2026-11-04,False,https://www.tradingview.com/chart/?symbol=NYSE:CXW&interval=D,False,False,False,False
SITM,SiTime Corporation,NASDAQ,Semiconductors,645.06,619.83,624.37,5.06,5.94,364719.6,422754.2,272701824.0,262033692.0,-1.52,186,2.63,117,1.42,144,56.1,84,20.05,0.56,2026-11-04,False,https://www.tradingview.com/chart/?symbol=NASDAQ:SITM&interval=D,False,False,False,False
NBIS,Nebius Group N.V.,NASDAQ,Packaged Software,219.71,225.93,223.77,6.53,7.54,15273542.6,15358187.566666666,3374347390.0,3469836921.0,-6.97,300,-6.44,197,3.13,135,62.89,75,19.86,-0.24,2026-10-22,False,https://www.tradingview.com/chart/?symbol=NASDAQ:NBIS&interval=D,False,False,False,False
FORM,"FormFactor, Inc.",NASDAQ,Semiconductors,137.13,120.38,119.11,4.98,5.4,2781730.0,1695415.1,232492273.0,204088701.0,-8.24,323,28.05,20,19.1,79,12.26,187,19.8,2.8,2026-10-28,False,https://www.tradingview.com/chart/?symbol=NASDAQ:FORM&interval=D,False,True,False,False
WIX,Wix.com Ltd.,NASDAQ,Packaged Software,74.13,78.11,75.25,6.03,5.9,922259.3,1253620.2,92930865.0,97919229.0,1.26,149,-1.37,143,48.39,27,12.34,186,19.79,-0.25,2026-11-05,False,https://www.tradingview.com/chart/?symbol=NASDAQ:WIX&interval=D,False,False,False,False
NAVN,"Navan, Inc.",NASDAQ,Packaged Software,23.08,23.19,25.34,4.45,5.25,2869525.0,4286135.433333334,98924006.0,99379765.0,7.85,53,-17.57,312,-10.85,208,86.28,54,19.28,-1.7,2026-12-15,False,https://www.tradingview.com/chart/?symbol=NASDAQ:NAVN&interval=D,False,False,False,False
CLF,Cleveland-Cliffs Inc.,NYSE,Steel,12.19,11.99,11.93,4.95,5.12,16325384.2,14115840.7,172072098.0,169267751.0,12.35,18,-2.48,156,29.47,59,30.65,128,19.22,0.43,2026-10-19,False,https://www.tradingview.com/chart/?symbol=NYSE:CLF&interval=D,True,False,False,False
ERO,Ero Copper Corp.,NYSE,Other Metals/Minerals,35.98,36.19,35.29,4.51,5.17,1214111.7,1340928.1666666667,48246595.0,48524168.0,-1.25,181,-2.31,154,45.14,34,14.04,180,18.96,0.38,2026-11-02,False,https://www.tradingview.com/chart/?symbol=NYSE:ERO&interval=D,False,False,False,False
GENI,Genius Sports Limited,NYSE,Internet Software/Services,6.63,6.61,7.06,6.01,6.58,8824400.2,7376969.566666666,48909308.0,48744556.0,15.3,11,-11.6,251,5.24,119,62.1,76,18.58,-0.92,2026-11-11,False,https://www.tradingview.com/chart/?symbol=NYSE:GENI&interval=D,True,False,False,False
FIGS,"FIGS, Inc.",NYSE,Apparel/Footwear,14.98,13.84,13.69,4.75,4.69,3676899.5,2901782.566666667,43468703.0,40153900.0,8.16,49,5.94,97,44.18,36,2.25,213,17.46,2.02,2026-11-05,False,https://www.tradingview.com/chart/?symbol=NYSE:FIGS&interval=D,False,False,False,False
MAT,"Mattel, Inc.",NASDAQ,Recreational Products,16.58,14.21,14.45,5.1,4.52,13025608.0,6921725.733333333,114762213.0,98342726.0,31.59,1,14.58,52,25.13,64,12.64,184,17.45,3.26,2026-10-27,False,https://www.tradingview.com/chart/?symbol=NASDAQ:MAT&interval=D,True,False,False,False
SANM,Sanmina Corporation,NASDAQ,Electronic Production Equipment,210.48,208.62,204.57,4.63,4.93,585793.0,600371.4333333333,126366179.0,125249889.0,-2.81,214,5.32,99,0.27,154,46.3,99,17.3,0.59,2026-11-09,False,https://www.tradingview.com/chart/?symbol=NASDAQ:SANM&interval=D,False,False,False,False
INSP,"Inspire Medical Systems, Inc.",NYSE,Medical Specialties,66.69,68.59,64.6,4.94,4.96,954103.0,862989.2,57552750.0,59194155.0,-5.4,270,4.15,107,28.6,60,19.09,155,17.28,0.65,2026-11-02,False,https://www.tradingview.com/chart/?symbol=NYSE:INSP&interval=D,False,False,False,False
ICLR,ICON plc,NASDAQ,Miscellaneous Commercial Services,164.5,166.72,166.63,4.44,4.39,967424.4,954560.1666666666,157025147.0,159142998.0,-3.23,224,1.36,127,-2.53,164,52.65,92,17.16,-0.29,2026-10-28,False,https://www.tradingview.com/chart/?symbol=NASDAQ:ICLR&interval=D,False,False,False,False
MTSI,"MACOM Technology Solutions Holdings, Inc.",NASDAQ,Semiconductors,322.21,281.55,282.05,4.2,5.03,1228283.3,1295171.3666666667,417317166.0,364654635.0,13.06,15,18.03,38,3.82,129,27.58,132,16.47,2.83,2026-11-05,False,https://www.tradingview.com/chart/?symbol=NASDAQ:MTSI&interval=D,True,False,False,False
BRKR,Bruker Corporation,NASDAQ,Medical Specialties,57.92,59.7,58.83,5.53,5.6,2401370.3,2293743.7666666666,132853639.0,136934209.0,-9.92,347,0.59,134,-3.85,170,52.26,94,16.33,-0.28,2026-10-29,False,https://www.tradingview.com/chart/?symbol=NASDAQ:BRKR&interval=D,False,False,False,False
SNAP,Snap Inc.,NYSE,Packaged Software,5.86,5.55,5.45,4.18,4.46,31145642.4,32447530.166666668,190142527.0,180235214.0,6.93,63,7.72,85,22.85,68,16.39,169,15.65,1.7,2026-11-03,False,https://www.tradingview.com/chart/?symbol=NYSE:SNAP&interval=D,False,False,False,False
RGEN,Repligen Corporation,NASDAQ,Pharmaceuticals: Major,163.84,177.37,172.58,5.72,5.44,1552050.2,1174441.5333333334,192420501.0,208313435.0,-15.55,398,-2.51,159,13.5,94,35.83,119,15.61,-0.93,2026-11-03,False,https://www.tradingview.com/chart/?symbol=NASDAQ:RGEN&interval=D,False,False,False,False
GDDY,GoDaddy Inc.,NYSE,Data Processing Services,103.19,98.52,96.68,4.82,4.3,1840967.8,2387986.6666666665,246416344.0,235258078.0,5.84,76,2.46,118,15.28,88,27.81,131,15.18,1.56,2026-10-29,False,https://www.tradingview.com/chart/?symbol=NYSE:GDDY&interval=D,False,False,False,False
VSH,"Vishay Intertechnology, Inc.",NYSE,Electronic Production Equipment,34.56,32.65,32.97,4.4,5.45,4195900.2,3806927.3,131567407.0,124303790.0,4.6,96,7.7,86,-19.55,269,57.16,82,15.1,0.88,2026-11-04,False,https://www.tradingview.com/chart/?symbol=NYSE:VSH&interval=D,False,False,False,False
MNDY,monday.com Ltd.,NASDAQ,Packaged Software,88.91,87.94,88.73,4.6,5.34,1131016.9,1130623.1333333333,100523703.0,99426998.0,9.27,37,-0.48,140,3.53,130,42.26,107,15.1,0.04,2026-11-16,False,https://www.tradingview.com/chart/?symbol=NASDAQ:MNDY&interval=D,False,False,False,False
VEEA,Veea Inc.,NASDAQ,Packaged Software,3.87,3.11,3.0,17.53,26.0,15860540.4,14241671.571666665,55115269.0,44330526.0,29.87,3,128.99,2,-15.21,230,-69.46,405,14.78,1.12,,False,https://www.tradingview.com/chart/?symbol=NASDAQ:VEEA&interval=D,True,True,False,False
BRZE,"Braze, Inc.",NASDAQ,Internet Software/Services,28.46,27.31,27.72,4.94,5.41,2292354.6,2641831.9,75186536.0,72145787.0,8.25,48,-9.87,234,11.9,101,40.96,111,14.33,0.5,2026-12-15,False,https://www.tradingview.com/chart/?symbol=NASDAQ:BRZE&interval=D,False,False,False,False
GLND,Greenland Energy Company,NASDAQ,Financial Conglomerates,2.6,2.47,2.18,36.92,25.85,22379940.2,23967903.033333335,62436387.0,59304581.0,-48.47,418,90.15,4,18.95,80,-66.43,404,14.22,0.75,2026-12-02,False,https://www.tradingview.com/chart/?symbol=NASDAQ:GLND&interval=D,False,True,False,False
WAY,Waystar Holding Corp.,NASDAQ,Packaged Software,26.48,25.4,24.85,4.1,4.21,2020000.5,2066713.4666666666,54726573.0,52504167.0,2.36,138,5.92,98,13.07,98,22.82,146,13.94,1.56,2026-11-11,False,https://www.tradingview.com/chart/?symbol=NASDAQ:WAY&interval=D,False,False,False,False
TGTX,"TG Therapeutics, Inc.",NASDAQ,Pharmaceuticals: Major,53.34,55.34,53.55,4.17,4.18,1724213.1,1802269.0666666667,96133032.0,99738471.0,-4.03,243,-3.61,170,-9.55,197,54.03,87,13.62,-0.09,2026-11-09,False,https://www.tradingview.com/chart/?symbol=NASDAQ:TGTX&interval=D,False,False,False,False
SEI,"Solaris Energy Infrastructure, Inc.",NYSE,Oilfield Services/Equipment,73.08,65.19,61.94,5.04,5.82,2349135.9,2623073.7,191694226.0,171000798.0,2.68,131,18.16,37,1.5,143,20.51,151,13.39,3.09,2026-11-02,False,https://www.tradingview.com/chart/?symbol=NYSE:SEI&interval=D,False,False,False,False
AEHR,Aehr Test Systems,NASDAQ,Electronic Production Equipment,87.21,91.85,97.86,9.24,10.04,2549407.1,2719952.1666666665,237207028.0,249830326.0,-12.46,373,-3.52,169,19.4,78,24.28,139,13.39,-1.08,2027-01-08,False,https://www.tradingview.com/chart/?symbol=NASDAQ:AEHR&interval=D,False,False,False,False
DOCN,"DigitalOcean Holdings, Inc.",NYSE,Packaged Software,123.9,127.87,125.87,6.78,6.94,1781410.0,2499497.966666667,309687798.0,319619970.0,-8.86,330,8.75,77,-12.84,214,42.45,106,12.78,-0.22,2026-11-09,False,https://www.tradingview.com/chart/?symbol=NYSE:DOCN&interval=D,False,False,False,False
TVTX,"Travere Therapeutics, Inc.",NASDAQ,Pharmaceuticals: Major,52.04,62.2,62.13,4.72,4.85,2050653.4,1692944.3333333333,88100823.0,105293237.0,-11.26,362,-18.51,322,-10.28,205,66.53,73,12.58,-3.35,2026-10-22,False,https://www.tradingview.com/chart/?symbol=NASDAQ:TVTX&interval=D,False,False,False,False
FLEX,Flex Ltd.,NASDAQ,Electronic Production Equipment,114.74,112.06,114.53,4.22,4.75,2584885.400000001,3081578.1333333254,353580275.0,345311374.0,2.99,124,3.59,109,-17.24,247,51.21,95,12.52,0.04,2026-10-28,False,https://www.tradingview.com/chart/?symbol=NASDAQ:FLEX&interval=D,False,False,False,False
FPS,"Forgent Power Solutions, Inc.",NYSE,Electrical Products,39.8,35.12,35.48,5.35,6.05,8237918.3,9635116.833333334,383477650.0,338388515.0,4.76,93,23.72,29,-13.14,218,26.59,135,12.39,2.01,2026-12-02,False,https://www.tradingview.com/chart/?symbol=NYSE:FPS&interval=D,False,False,False,False
AXTI,AXT Inc,NASDAQ,Electronic Production Equipment,71.66,70.22,71.18,8.78,9.47,7484235.5,8313142.0,595719756.0,583718350.0,-8.24,322,11.14,64,17.09,83,8.58,196,12.27,0.07,2026-10-29,False,https://www.tradingview.com/chart/?symbol=NASDAQ:AXTI&interval=D,False,False,False,False
SEZL,Sezzle Inc.,NASDAQ,Packaged Software,117.22,115.37,123.47,4.31,4.81,462580.6,482693.7666666668,56581363.0,55689747.0,8.5,46,-2.5,158,-34.78,363,73.99,64,12.24,-1.05,2026-11-05,False,https://www.tradingview.com/chart/?symbol=NASDAQ:SEZL&interval=D,False,False,False,False
DXC,DXC Technology Company,NYSE,Data Processing Services,12.37,11.28,11.11,4.04,4.33,4101547.100000009,3091058.5666666655,38236394.0,34874353.0,9.28,36,7.94,81,29.8,58,-1.2,230,12.18,2.61,2026-11-04,False,https://www.tradingview.com/chart/?symbol=NYSE:DXC&interval=D,False,False,False,False
NEOG,Neogen Corporation,NASDAQ,Medical Specialties,11.71,12.41,12.12,6.95,6.16,7311082.6,4427942.633333334,51851208.0,54964790.0,-7.65,313,-1.93,150,20.35,76,17.57,162,12.0,-0.55,2027-01-14,False,https://www.tradingview.com/chart/?symbol=NASDAQ:NEOG&interval=D,False,False,False,False
WLTH,Wealthfront Corporation,NASDAQ,Packaged Software,10.89,10.03,9.78,4.66,4.49,2193186.8,3208379.566666667,34939253.0,32184325.0,4.51,99,12.85,60,14.87,89,7.93,197,11.88,2.52,2027-01-12,False,https://www.tradingview.com/chart/?symbol=NASDAQ:WLTH&interval=D,False,False,False,False
BETA,"Beta Technologies, Inc.",NYSE,Aerospace & Defense,20.5,21.41,22.17,7.17,7.3,1878433.1,3268838.433333333,67011188.0,69974935.0,-6.65,291,-9.73,232,21.09,73,23.94,141,11.77,-1.03,2026-12-03,False,https://www.tradingview.com/chart/?symbol=NYSE:BETA&interval=D,False,False,False,False
VECO,Veeco Instruments Inc.,NASDAQ,Electronic Production Equipment,51.45,46.78,48.22,4.88,5.47,832864.7,654720.1,33685349.0,30627152.0,-0.92,175,13.5,57,-7.85,190,29.47,129,11.71,1.23,2026-11-09,False,https://www.tradingview.com/chart/?symbol=NASDAQ:VECO&interval=D,False,False,False,False
MRX,Marex Group Limited,NASDAQ,Internet Software/Services,71.17,72.9,70.76,4.43,4.48,725563.4,791403.4,56324180.0,57694099.0,2.55,134,-9.73,231,1.09,147,42.0,108,11.12,0.13,2026-11-05,False,https://www.tradingview.com/chart/?symbol=NASDAQ:MRX&interval=D,False,False,False,False
STX,Seagate Technology Holdings PLC,NASDAQ,Computer Peripherals,774.82,855.15,856.61,5.72,7.06,5032360.3,4252610.2,3295028698.0,3636608272.0,-14.96,395,-12.02,255,-10.07,203,53.53,89,10.48,-1.35,2026-10-28,False,https://www.tradingview.com/chart/?symbol=NASDAQ:STX&interval=D,False,False,False,False
PGY,Pagaya Technologies Ltd.,NASDAQ,Packaged Software,18.26,20.05,20.47,5.0,5.57,2245209.799999996,2320419.666666666,42370863.0,46530602.0,4.64,95,-20.49,343,0.72,152,51.16,96,10.46,-1.94,2026-10-29,False,https://www.tradingview.com/chart/?symbol=NASDAQ:PGY&interval=D,False,False,False,False
PAY,"Paymentus Holdings, Inc.",NYSE,Miscellaneous Commercial Services,31.92,33.75,35.98,4.07,4.34,989673.6,1190068.8333333333,37986997.0,40170773.0,3.23,121,-11.33,246,14.12,91,28.5,130,10.43,-2.6,2026-11-09,False,https://www.tradingview.com/chart/?symbol=NYSE:PAY&interval=D,False,False,False,False
FSLY,"Fastly, Inc.",NASDAQ,Information Technology Services,25.29,24.32,24.7,9.34,8.05,4609129.4,6809912.866666666,172222696.0,165646591.0,-2.9,216,24.28,25,22.17,70,-15.76,283,10.23,0.3,2026-11-04,False,https://www.tradingview.com/chart/?symbol=NASDAQ:FSLY&interval=D,False,False,False,False
VIAV,Viavi Solutions Inc.,NASDAQ,Information Technology Services,44.09,38.8,39.11,5.3,5.58,6120627.599999999,5268269.233333325,232277990.0,204435188.0,4.31,103,24.3,24,4.98,121,1.4,220,10.23,2.28,2026-10-29,False,https://www.tradingview.com/chart/?symbol=NASDAQ:VIAV&interval=D,False,False,False,False
SYRE,"Spyre Therapeutics, Inc.",NASDAQ,Pharmaceuticals: Major,79.9,88.64,94.65,6.42,6.65,1759382.8,1465523.2333333334,117095306.0,129901781.0,-10.36,354,-6.0,192,-19.09,263,55.45,85,10.12,-2.34,2026-11-05,False,https://www.tradingview.com/chart/?symbol=NASDAQ:SYRE&interval=D,False,False,False,False
GKOS,Glaukos Corporation,NYSE,Medical Specialties,161.29,168.03,172.8,4.96,5.08,1125231.6,885838.3666666667,142876870.0,148844468.0,-1.65,191,-8.12,211,4.7,123,33.66,125,10.08,-1.31,2026-10-28,False,https://www.tradingview.com/chart/?symbol=NYSE:GKOS&interval=D,False,False,False,False
TGB,Trekor Metals Limited,AMEX,Other Metals/Minerals,8.31,8.65,8.55,5.42,5.78,4999933.7,5261435.966666667,43722533.0,45486868.0,-6.21,284,-4.7,183,20.09,77,14.62,177,10.0,-0.48,2026-11-04,False,https://www.tradingview.com/chart/?symbol=AMEX:TGB&interval=D,False,False,False,False
TER,"Teradyne, Inc.",NASDAQ,Electronic Production Equipment,398.72,379.8,382.14,4.36,5.17,2232704.4,2443025.3666666667,974083074.0,927851262.0,-1.04,176,9.23,73,12.8,99,7.48,200,9.84,0.84,2026-10-27,False,https://www.tradingview.com/chart/?symbol=NASDAQ:TER&interval=D,False,False,False,False
BSP,Bending Spoons S.p.A.,NASDAQ,Packaged Software,38.01,37.65,39.33,7.14,7.95,3554229.5,2503160.2333333334,95145120.0,94233553.0,12.87,16,-4.35,181,10.75,104,22.61,147,9.67,-0.42,2026-11-12,False,https://www.tradingview.com/chart/?symbol=NASDAQ:BSP&interval=D,True,False,False,False
WTTR,"Select Water Solutions, Inc.",NYSE,Oil & Gas Production,19.6,20.02,20.04,4.29,4.2,2179001.6,1787278.3333333333,35030655.0,35784887.0,0.2,162,-4.11,178,2.08,138,30.93,127,9.63,-0.52,2026-11-03,False,https://www.tradingview.com/chart/?symbol=NYSE:WTTR&interval=D,False,False,False,False
QCOM,QUALCOMM Incorporated,NASDAQ,Semiconductors,176.01,180.85,172.63,4.08,4.29,11098058.3,13319555.466666667,2344374958.0,2408792768.0,-4.95,261,-2.43,155,-6.13,180,36.65,117,9.36,0.46,2026-11-11,False,https://www.tradingview.com/chart/?symbol=NASDAQ:QCOM&interval=D,False,False,False,False
HOOD,"Robinhood Markets, Inc.",NASDAQ,Investment Banks/Brokers,107.01,113.86,106.79,4.42,5.34,20348755.3,22163344.566666666,2371699502.0,2523429759.0,-4.52,255,-14.44,280,-10.2,204,52.63,93,9.33,0.04,2026-10-27,False,https://www.tradingview.com/chart/?symbol=NASDAQ:HOOD&interval=D,False,False,False,False
RUM,RUM Group Inc.,NASDAQ,Internet Software/Services,7.0,8.22,7.93,7.02,8.2,4003955.0,5287111.233333333,37009779.0,43460054.0,-7.53,309,-17.94,315,8.7,111,36.45,118,9.07,-1.43,2026-11-16,False,https://www.tradingview.com/chart/?symbol=NASDAQ:RUM&interval=D,False,False,False,False
DIOD,Diodes Incorporated,NASDAQ,Semiconductors,96.24,94.07,94.34,4.23,5.2,518972.1,537447.9,51723986.0,50555485.0,0.06,164,3.11,114,3.47,131,15.81,172,7.46,0.39,2026-11-05,False,https://www.tradingview.com/chart/?symbol=NASDAQ:DIOD&interval=D,False,False,False,False
AUR,"Aurora Innovation, Inc.",NASDAQ,Packaged Software,5.73,6.02,6.23,5.75,5.47,27172576.9,31031190.166666668,177808720.0,186911202.0,2.69,130,-9.62,230,-10.05,202,41.31,110,7.21,-1.47,2026-10-28,False,https://www.tradingview.com/chart/?symbol=NASDAQ:AUR&interval=D,False,False,False,False
RMBS,"Rambus, Inc.",NASDAQ,Semiconductors,108.47,95.29,95.15,5.09,4.74,1534353.0,2362484.8666666667,256258733.0,225121183.0,1.46,148,24.25,26,-2.56,165,-0.07,227,7.21,2.95,2026-10-26,False,https://www.tradingview.com/chart/?symbol=NASDAQ:RMBS&interval=D,False,False,False,False
SHLS,"Shoals Technologies Group, Inc.",NASDAQ,Semiconductors,8.42,7.53,7.8,4.71,5.28,3978803.5,4193823.6666666665,35311995.0,31581589.0,4.21,108,17.76,42,-17.37,249,20.29,153,6.89,1.51,2026-11-10,False,https://www.tradingview.com/chart/?symbol=NASDAQ:SHLS&interval=D,False,False,False,False
RHI,Robert Half Inc.,NYSE,Personnel Services,34.1,38.47,39.98,4.1,4.38,1894140.6,1821668.6666666667,62118902.0,70084451.0,-7.76,315,-18.69,326,1.91,140,37.33,116,6.85,-3.36,2026-10-27,False,https://www.tradingview.com/chart/?symbol=NYSE:RHI&interval=D,False,False,False,False
TLN,Talen Energy Corporation,NASDAQ,Alternative Power Generation,359.22,311.43,320.9,4.46,4.86,1358390.0,960730.1,345113467.0,299203858.0,14.59,12,11.23,63,-5.88,177,15.04,176,6.8,2.46,2026-11-18,False,https://www.tradingview.com/chart/?symbol=NASDAQ:TLN&interval=D,True,False,False,False
KOS,Kosmos Energy Ltd.,NYSE,Integrated Oil,2.69,2.75,2.7,5.33,5.89,14030083.9,12769689.766666668,34350465.0,35150699.0,5.49,82,-6.92,203,21.72,72,5.49,204,6.76,-0.09,2026-11-09,False,https://www.tradingview.com/chart/?symbol=NYSE:KOS&interval=D,False,False,False,False
HIMS,"Hims & Hers Health, Inc.",NYSE,Medical/Nursing Services,28.06,28.78,29.37,5.96,5.89,9117617.5,9630456.133333333,270230599.0,277186999.0,-5.39,269,1.19,129,-21.7,294,40.65,112,6.72,-0.76,2026-11-09,False,https://www.tradingview.com/chart/?symbol=NYSE:HIMS&interval=D,False,False,False,False
IONQ,"IonQ, Inc.",NYSE,Computer Processing Hardware,39.45,40.65,41.25,6.38,6.75,21824102.2,22860443.1,901844480.0,929200811.0,-10.24,351,-6.78,202,-12.95,216,39.47,114,6.58,-0.65,2026-11-11,False,https://www.tradingview.com/chart/?symbol=NYSE:IONQ&interval=D,False,False,False,False
ARXS,"Arxis, Inc.",NASDAQ,Aerospace & Defense,46.77,50.69,52.76,4.4,4.84,1335926.5,1008718.5666666667,47177767.0,51127573.0,-5.11,266,-13.34,270,9.56,106,23.08,144,6.43,-2.35,2026-12-02,False,https://www.tradingview.com/chart/?symbol=NASDAQ:ARXS&interval=D,False,False,False,False
ONTO,Onto Innovation Inc.,NYSE,Electronic Equipment/Instruments,292.67,280.42,287.47,4.04,5.39,745672.1,848780.6333333333,248412628.0,238016480.0,-7.37,305,7.75,84,-5.24,175,16.18,171,6.23,0.34,2026-10-29,False,https://www.tradingview.com/chart/?symbol=NYSE:ONTO&interval=D,False,False,False,False
CLS,"Celestica, Inc.",NYSE,Electronic Components,356.53,340.26,334.14,5.0,5.52,2074991.6,2196543.8333333335,783133773.0,747400398.0,-1.64,190,11.99,61,0.72,151,5.88,202,6.2,1.21,2026-10-26,False,https://www.tradingview.com/chart/?symbol=NYSE:CLS&interval=D,False,False,False,False
EPAM,"EPAM Systems, Inc.",NYSE,Information Technology Services,113.86,113.69,109.9,4.15,4.49,1016847.8,1086710.3,123732835.0,123549905.0,-3.02,218,-1.23,142,27.88,62,-8.2,253,6.15,0.8,2026-11-05,False,https://www.tradingview.com/chart/?symbol=NYSE:EPAM&interval=D,False,False,False,False
TSEM,Tower Semiconductor Ltd.,NASDAQ,Semiconductors,228.75,221.94,227.09,5.31,6.45,1787375.4,1855498.2666666666,424445228.0,411812687.0,-3.2,222,2.89,116,3.83,128,11.04,192,5.92,0.11,2026-11-16,False,https://www.tradingview.com/chart/?symbol=NASDAQ:TSEM&interval=D,False,False,False,False
WOLF,"Wolfspeed, Inc.",NYSE,Semiconductors,31.02,27.71,27.9,8.32,8.94,5629882.600000115,3480696.3333333554,107971200.0,96453576.0,8.01,51,6.97,91,-13.79,220,24.38,138,5.85,1.25,2026-10-28,False,https://www.tradingview.com/chart/?symbol=NYSE:WOLF&interval=D,False,False,False,False
VCYT,"Veracyte, Inc.",NASDAQ,Medical Specialties,43.6,43.53,44.06,6.35,5.9,1412717.1,1422972.1333333333,62041585.0,61937945.0,-4.51,254,4.28,105,-26.23,322,39.43,115,5.83,-0.18,2026-11-10,False,https://www.tradingview.com/chart/?symbol=NASDAQ:VCYT&interval=D,False,False,False,False
HUBS,"HubSpot, Inc.",NYSE,Packaged Software,231.84,229.73,230.14,4.92,5.53,1415740.3,1620612.5666666667,375722817.0,372296842.0,8.74,44,-5.47,188,9.36,107,13.52,181,5.8,0.13,2026-11-11,False,https://www.tradingview.com/chart/?symbol=NYSE:HUBS&interval=D,False,False,False,False
TH,Target Hospitality Corp.,NASDAQ,Hotels/Resorts/Cruise lines,18.33,19.46,18.32,4.53,5.07,2682714.4,2470568.8666666667,45285527.0,48072329.0,-6.67,292,-6.24,195,0.16,155,23.02,145,5.65,0.01,2026-11-11,False,https://www.tradingview.com/chart/?symbol=NASDAQ:TH&interval=D,False,False,False,False
DFTX,"Definium Therapeutics, Inc.",NASDAQ,Pharmaceuticals: Major,34.18,38.14,40.56,5.33,5.83,2290062.199999998,2268519.633333331,77538001.0,86522095.0,-9.91,346,-10.05,236,-28.39,334,55.33,86,5.63,-2.7,2026-11-05,False,https://www.tradingview.com/chart/?symbol=NASDAQ:DFTX&interval=D,False,False,False,False
HBM,Hudbay Minerals Inc.,NYSE,Other Metals/Minerals,25.39,27.06,27.04,4.06,4.89,4605527.2,4132380.6000000094,104921143.0,111840126.0,-3.73,233,-11.25,245,18.76,81,5.84,203,4.45,-1.25,2026-11-04,False,https://www.tradingview.com/chart/?symbol=NYSE:HBM&interval=D,False,False,False,False
FIG,FIGMA INC,NYSE,Packaged Software,22.63,23.24,24.25,4.36,5.18,9201273.6,13512036.633333333,305777389.0,314073780.0,4.29,104,-5.71,190,-0.96,159,18.61,159,3.98,-1.29,2026-11-11,False,https://www.tradingview.com/chart/?symbol=NYSE:FIG&interval=D,False,False,False,False
AUGO,Aura Minerals Inc.,NASDAQ,Other Metals/Minerals,82.49,84.65,80.65,4.24,5.23,816544.0000000013,1037422.0999999986,85576949.0,87814841.0,5.28,87,-2.56,161,30.6,55,-16.82,287,3.74,0.44,2026-11-05,False,https://www.tradingview.com/chart/?symbol=NASDAQ:AUGO&interval=D,False,False,False,False
ACMR,"ACM Research, Inc.",NASDAQ,Industrial Machinery,70.8,73.86,76.41,6.53,6.95,1345055.6,1171429.8666666672,82937235.0,86522200.0,-13.13,385,-8.04,210,-29.2,340,48.24,98,3.67,-1.06,2026-10-28,False,https://www.tradingview.com/chart/?symbol=NASDAQ:ACMR&interval=D,False,False,False,False
NCNO,"nCino, Inc.",NASDAQ,Packaged Software,19.68,20.81,20.42,4.53,4.53,2052004.8,2370670.7666666666,46654801.0,49334449.0,6.55,68,-14.29,279,13.56,93,11.12,191,3.47,-0.8,2026-12-02,False,https://www.tradingview.com/chart/?symbol=NASDAQ:NCNO&interval=D,False,False,False,False
EAT,"Brinker International, Inc.",NYSE,Restaurants,190.2,209.63,218.77,4.4,4.77,1189370.0,1372083.7333333334,260970326.0,287626711.0,-2.36,204,-17.39,307,4.51,124,23.11,143,3.41,-2.74,2026-11-04,False,https://www.tradingview.com/chart/?symbol=NYSE:EAT&interval=D,False,False,False,False
CIEN,Ciena Corporation,NYSE,Telecommunications Equipment,425.93,363.26,379.1,4.8,5.69,2937625.4,2849634.2333333334,1213744709.0,1035162881.0,19.92,5,30.09,19,-5.98,179,-14.49,276,3.21,2.17,2026-12-10,False,https://www.tradingview.com/chart/?symbol=NYSE:CIEN&interval=D,True,True,False,False
CEG,Constellation Energy Corporation,NASDAQ,Electric Utilities,285.07,273.86,273.29,4.36,4.95,4918158.6,3559491.3333333335,1014704194.0,974817128.0,9.01,41,-6.23,193,13.88,92,1.66,218,3.11,0.87,2026-11-09,False,https://www.tradingview.com/chart/?symbol=NASDAQ:CEG&interval=D,False,False,False,False
KLIC,"Kulicke and Soffa Industries, Inc.",NASDAQ,Industrial Machinery,90.92,86.84,88.28,4.12,4.6,634501.1,703319.7666666667,63945833.0,61073358.0,-3.8,238,10.33,67,-16.64,240,15.29,175,2.99,0.65,2026-11-18,False,https://www.tradingview.com/chart/?symbol=NASDAQ:KLIC&interval=D,False,False,False,False
KMX,CarMax Inc,NYSE,Specialty Stores,53.79,58.59,58.94,5.06,4.52,4629343.4,2900904.3333333335,156039644.0,169966886.0,-2.68,211,-13.66,271,4.35,127,17.96,161,2.88,-1.93,2026-12-17,False,https://www.tradingview.com/chart/?symbol=NYSE:KMX&interval=D,False,False,False,False
EXPE,"Expedia Group, Inc.",NASDAQ,Other Consumer Services,270.13,281.1,296.24,4.18,4.23,1808056.1,2160628.3,583650523.0,607361258.0,2.07,143,-8.89,219,0.88,149,16.65,167,2.88,-2.08,2026-11-04,False,https://www.tradingview.com/chart/?symbol=NASDAQ:EXPE&interval=D,False,False,False,False
IDYA,"IDEAYA Biosciences, Inc.",NASDAQ,Pharmaceuticals: Major,36.06,38.36,38.06,4.47,4.13,722549.1,799671.6333333333,28836159.0,30673805.0,-5.95,280,-7.3,205,-2.57,166,16.7,165,2.28,-1.28,2026-11-10,False,https://www.tradingview.com/chart/?symbol=NASDAQ:IDYA&interval=D,False,False,False,False
WRBY,Warby Parker Inc.,NYSE,Specialty Stores,24.95,24.98,25.68,6.4,6.1,3417598.7,3155694.966666667,78734589.0,78820845.0,-10.03,348,1.84,122,-15.42,233,18.92,157,1.78,-0.46,2026-11-05,False,https://www.tradingview.com/chart/?symbol=NYSE:WRBY&interval=D,False,False,False,False
NUAI,"New Era Energy & Digital, Inc.",NASDAQ,Engineering & Construction,4.83,5.98,5.64,12.79,12.68,8056233.3,8046835.366666666,38866215.0,48087888.0,-27.59,411,-13.75,275,6.86,114,12.06,188,1.72,-1.14,2026-12-02,False,https://www.tradingview.com/chart/?symbol=NASDAQ:NUAI&interval=D,False,False,False,False
VSAT,"ViaSat, Inc.",NASDAQ,Telecommunications Equipment,67.41,71.98,74.93,5.5,6.21,1652664.8,1714315.7666666666,115562026.0,123403306.0,-3.52,228,-11.13,244,-4.1,173,20.37,152,1.72,-1.62,2026-11-11,False,https://www.tradingview.com/chart/?symbol=NASDAQ:VSAT&interval=D,False,False,False,False
VST,Vistra Corp.,NYSE,Electric Utilities,156.14,143.84,143.64,4.08,4.53,9202828.0,6002346.266666667,937206346.0,863385490.0,12.2,19,3.4,112,-0.89,158,1.72,217,1.41,1.92,2026-11-06,False,https://www.tradingview.com/chart/?symbol=NYSE:VST&interval=D,True,False,False,False
COHR,Coherent Corp.,NYSE,Semiconductors,302.35,297.69,302.82,6.25,7.09,6936758.7,6484850.8,1960694639.0,1930488204.0,4.26,105,7.58,88,-5.93,178,2.16,214,1.27,-0.02,2026-11-11,False,https://www.tradingview.com/chart/?symbol=NYSE:COHR&interval=D,False,False,False,False
KEEL,Keel Infrastructure Corp.,NASDAQ,Data Processing Services,3.15,3.54,3.56,6.44,8.2,23718347.2,31299061.9,98592045.0,110777813.0,-11.02,360,-11.02,243,-35.71,367,50.0,97,1.09,-1.42,2026-11-16,False,https://www.tradingview.com/chart/?symbol=NASDAQ:KEEL&interval=D,False,False,False,False
CNXC,Concentrix Corporation,NASDAQ,Information Technology Services,27.07,28.25,27.1,8.65,8.02,2562134.1,1991658.4666666666,53914195.0,56268335.0,4.24,107,-14.79,283,22.93,67,-7.07,248,0.36,-0.01,2027-01-19,False,https://www.tradingview.com/chart/?symbol=NASDAQ:CNXC&interval=D,False,False,False,False
STNE,StoneCo Ltd.,NASDAQ,Miscellaneous Commercial Services,11.6,9.96,10.05,4.04,4.66,8451362.7,6940188.9,80506191.0,69150886.0,23.67,4,13.17,58,4.41,125,-17.44,292,0.05,3.3,2026-11-17,False,https://www.tradingview.com/chart/?symbol=NASDAQ:STNE&interval=D,True,False,False,False
COIN,"Coinbase Global, Inc.",NASDAQ,Investment Banks/Brokers,172.0,184.79,174.25,5.12,6.21,7765528.4,9400635.5,1616909306.0,1737105832.0,-7.53,310,-4.8,184,3.2,134,1.56,219,-0.01,-0.21,2026-10-29,False,https://www.tradingview.com/chart/?symbol=NASDAQ:COIN&interval=D,False,False,False,False
TTAN,"ServiceTitan, Inc.",NASDAQ,Packaged Software,72.93,70.3,77.85,5.08,5.68,2116385.7,3576749.533333333,260852343.0,251452646.0,9.7,30,-15.79,291,-9.96,201,24.43,137,-0.44,-1.11,2027-01-19,False,https://www.tradingview.com/chart/?symbol=NASDAQ:TTAN&interval=D,False,False,False,False
VG,"Venture Global, Inc.",NYSE,Oil & Gas Pipelines,13.29,14.0,13.87,4.62,5.03,11362590.4,13624058.866666667,181063742.0,190723200.0,5.64,81,-9.28,224,5.48,118,2.47,212,-0.45,-0.83,2026-11-16,False,https://www.tradingview.com/chart/?symbol=NYSE:VG&interval=D,False,False,False,False
COMP,"Compass, Inc.",NYSE,Real Estate Development,9.52,10.0,10.89,4.75,5.02,17229417.7,15516361.266666668,147715759.0,155137752.0,7.69,55,-12.98,266,-20.67,284,31.86,126,-0.6,-2.51,2026-11-11,False,https://www.tradingview.com/chart/?symbol=NYSE:COMP&interval=D,False,False,False,False
STRL,"Sterling Infrastructure, Inc.",NASDAQ,Engineering & Construction,518.41,499.33,517.61,5.04,5.89,515321.5,545830.0666666667,282963765.0,272547326.0,5.4,84,4.99,100,-25.83,316,18.6,160,-0.75,0.03,2026-11-09,False,https://www.tradingview.com/chart/?symbol=NASDAQ:STRL&interval=D,False,False,False,False
FN,Fabrinet,NYSE,Semiconductors,487.33,418.54,450.32,4.08,4.79,895513.2,828776.0,403887408.0,346878946.0,15.92,9,18.01,39,2.27,137,-23.01,319,-0.91,1.71,2026-11-09,False,https://www.tradingview.com/chart/?symbol=NYSE:FN&interval=D,True,False,False,False
BLSH,Bullish,NYSE,Packaged Software,31.41,35.35,31.57,6.51,7.18,934034.2,1371804.6333333333,43088384.0,48490550.0,-10.51,357,-12.51,261,23.42,66,-14.32,275,-1.14,-0.07,2026-11-25,False,https://www.tradingview.com/chart/?symbol=NYSE:BLSH&interval=D,False,False,False,False
PTRN,Pattern Group Inc. - Series A,NASDAQ,Advertising/Marketing Services,18.35,19.14,20.28,4.87,4.96,1585834.0,1603026.8666666667,29415543.0,30675522.0,6.93,62,-9.38,226,-38.01,373,43.36,104,-1.34,-1.92,2026-11-11,False,https://www.tradingview.com/chart/?symbol=NASDAQ:PTRN&interval=D,False,False,False,False
AMBA,"Ambarella, Inc.",NASDAQ,Semiconductors,62.89,67.36,71.91,5.42,5.94,1089041.0,1714014.8,107794391.0,115462893.0,-9.52,341,-1.47,145,-19.64,271,16.87,164,-1.41,-2.11,2026-12-01,False,https://www.tradingview.com/chart/?symbol=NASDAQ:AMBA&interval=D,False,False,False,False
ORKA,"Oruka Therapeutics, Inc.",NASDAQ,Pharmaceuticals: Major,77.28,89.28,94.97,5.8,5.91,961167.9,941561.4,72763865.0,84064799.0,-6.72,293,-14.19,278,-12.14,213,21.76,148,-1.52,-3.15,2026-11-18,False,https://www.tradingview.com/chart/?symbol=NASDAQ:ORKA&interval=D,False,False,False,False
GLOB,Globant S.A.,NYSE,Information Technology Services,37.05,37.08,37.58,4.1,4.87,819056.9,957132.8333333334,35461771.0,35491124.0,-2.17,201,-2.81,164,16.91,84,-18.89,299,-1.6,-0.29,2026-11-12,False,https://www.tradingview.com/chart/?symbol=NYSE:GLOB&interval=D,False,False,False,False
KVYO,"Klaviyo, Inc. Series A",NYSE,Packaged Software,17.57,17.14,17.5,4.82,5.38,5707132.6,6594149.666666667,115859210.0,113012735.0,8.86,42,-4.25,179,-0.06,157,-0.85,229,-1.72,0.08,2026-11-11,False,https://www.tradingview.com/chart/?symbol=NYSE:KVYO&interval=D,False,False,False,False
COCO,"The Vita Coco Company, Inc.",NASDAQ,Food: Specialty/Candy,55.98,56.29,59.59,4.93,5.01,1085704.8,1403778.6,78583526.0,79013550.0,-3.68,230,2.27,119,-21.31,291,12.48,185,-2.19,-1.21,2026-11-04,False,https://www.tradingview.com/chart/?symbol=NASDAQ:COCO&interval=D,False,False,False,False
VIRT,"Virtu Financial, Inc.",NYSE,Investment Banks/Brokers,57.81,59.4,59.55,4.4,4.52,1630558.9,1207948.7,69831514.0,71755374.0,6.33,70,-9.5,227,-14.91,226,16.93,163,-2.49,-0.65,2026-11-05,False,https://www.tradingview.com/chart/?symbol=NYSE:VIRT&interval=D,False,False,False,False
CAMT,Camtek Ltd.,NASDAQ,Electronic Components,150.5,145.88,148.62,4.27,5.23,407830.4,386447.26666666666,58160314.0,56376731.0,-3.86,239,1.01,131,6.59,116,-15.54,282,-2.65,0.24,2026-11-17,False,https://www.tradingview.com/chart/?symbol=NASDAQ:CAMT&interval=D,False,False,False,False
VRDN,"Viridian Therapeutics, Inc.",NASDAQ,Pharmaceuticals: Major,18.34,21.38,21.87,4.98,4.97,1994190.2,1724863.8,31634002.0,36870976.0,-11.01,359,-18.05,318,-9.16,192,18.86,158,-2.79,-3.25,2026-11-16,False,https://www.tradingview.com/chart/?symbol=NASDAQ:VRDN&interval=D,False,False,False,False
FIVE,"Five Below, Inc.",NASDAQ,Discount Stores,209.73,233.0,234.88,4.15,4.34,974263.1,1200762.4,251835898.0,279776238.0,-4.67,257,-16.52,296,12.78,100,-6.16,241,-3.3,-2.47,2026-12-02,False,https://www.tradingview.com/chart/?symbol=NASDAQ:FIVE&interval=D,False,False,False,False
RKLB,Rocket Lab Corporation,NASDAQ,Aerospace & Defense,68.4,67.66,70.46,5.53,5.96,21583930.0,20362713.566666666,1392809608.0,1377659749.0,-5.41,271,4.8,103,-16.88,244,1.03,221,-3.68,-0.49,2026-11-16,False,https://www.tradingview.com/chart/?symbol=NASDAQ:RKLB&interval=D,False,False,False,False
RDDT,"Reddit, Inc.",NYSE,Internet Software/Services,156.47,152.2,154.41,4.17,4.54,4066569.8,4517473.3,706849047.0,687548895.0,8.55,45,0.94,132,-23.97,309,10.93,193,-4.03,0.29,2026-11-04,False,https://www.tradingview.com/chart/?symbol=NYSE:RDDT&interval=D,False,False,False,False
WGS,GeneDx Holdings Corp.,NASDAQ,Medical/Nursing Services,67.73,84.92,82.04,9.36,8.63,771794.9000000013,712559.666666666,48261666.0,60509379.0,-6.93,298,-20.61,344,-2.88,167,11.38,190,-4.04,-2.02,2026-11-03,False,https://www.tradingview.com/chart/?symbol=NASDAQ:WGS&interval=D,False,False,False,False
RDW,Redwire Corporation,NYSE,Aerospace & Defense,9.76,10.83,11.24,6.94,7.55,14109102.6,13016327.8,127039359.0,140919104.0,-8.53,328,-8.96,221,-6.51,182,3.28,211,-4.06,-1.74,2026-11-11,False,https://www.tradingview.com/chart/?symbol=NYSE:RDW&interval=D,False,False,False,False
JBL,Jabil Inc.,NYSE,Industrial Machinery,299.16,305.08,316.75,4.37,4.42,1847482.2,1353654.7666666666,404959360.0,412976155.0,1.79,145,-4.31,180,-9.39,195,0.76,222,-4.31,-1.26,2026-12-10,False,https://www.tradingview.com/chart/?symbol=NYSE:JBL&interval=D,False,False,False,False
HRI,Herc Holdings Inc.,NYSE,Finance/Rental/Leasing,123.86,138.34,148.79,6.24,6.26,601656.7,789652.3333333334,97806338.0,109241820.0,-0.91,174,-17.42,310,-15.42,232,19.53,154,-4.44,-2.68,2026-10-15,False,https://www.tradingview.com/chart/?symbol=NYSE:HRI&interval=D,False,False,False,False
CRCL,"Circle Internet Group, Inc.",NYSE,Packaged Software,80.84,89.31,82.91,5.59,6.82,9674528.2,13690885.166666666,1106771157.0,1222687318.0,-1.2,179,-19.68,334,14.41,90,-8.19,252,-4.49,-0.37,2026-11-04,False,https://www.tradingview.com/chart/?symbol=NYSE:CRCL&interval=D,False,False,False,False
NVTS,Navitas Semiconductor Corporation,NASDAQ,Semiconductors,10.93,11.61,12.12,6.63,7.41,18976022.7,13808245.1,150924119.0,160359753.0,-5.37,268,-10.34,238,-19.4,266,15.3,174,-4.81,-1.32,2026-11-09,False,https://www.tradingview.com/chart/?symbol=NASDAQ:NVTS&interval=D,False,False,False,False
BLLN,"BillionToOne, Inc.",NASDAQ,Medical/Nursing Services,95.41,104.26,105.18,8.24,7.42,587811.8,625927.4333333333,59719736.0,65257108.0,-9.71,343,-3.86,174,-25.12,313,14.29,179,-4.89,-1.25,2026-12-15,False,https://www.tradingview.com/chart/?symbol=NASDAQ:BLLN&interval=D,False,False,False,False
GEN,Gen Digital Inc.,NASDAQ,Packaged Software,22.75,27.1,27.64,5.98,4.92,16034719.5,10832809.9,246446425.0,293574565.0,1.16,151,-25.21,375,-13.89,222,24.05,140,-5.02,-3.6,2026-11-10,False,https://www.tradingview.com/chart/?symbol=NASDAQ:GEN&interval=D,False,False,False,False
ARQT,"Arcutis Biotherapeutics, Inc.",NASDAQ,Pharmaceuticals: Major,24.49,25.03,25.42,5.09,4.87,2306507.1,2997435.966666667,73407207.0,75039311.0,-6.17,283,-1.41,144,-14.55,224,0.08,226,-5.29,-0.75,2026-10-29,False,https://www.tradingview.com/chart/?symbol=NASDAQ:ARQT&interval=D,False,False,False,False
POET,POET Technologies Inc.,NASDAQ,Electrical Products,7.04,7.66,7.94,5.6,6.77,8097056.5,8295240.5000000335,58398493.0,63559515.0,-6.88,297,-12.0,253,-17.85,254,12.82,183,-5.68,-1.67,2026-11-12,False,https://www.tradingview.com/chart/?symbol=NASDAQ:POET&interval=D,False,False,False,False
BTU,Peabody Energy Corporation,NYSE,Coal,25.0,26.89,26.04,4.29,4.54,1801969.8,2396407.4,59910185.0,64429011.0,2.42,136,-14.73,281,6.7,115,-9.39,257,-5.81,-0.88,2026-10-29,False,https://www.tradingview.com/chart/?symbol=NYSE:BTU&interval=D,False,False,False,False
HUT,Hut 8 Corp.,NASDAQ,Data Processing Services,79.59,91.21,90.83,7.86,9.16,5331438.00000001,4889556.066666666,389159767.0,445983743.0,-7.41,308,-16.96,299,-24.99,311,23.4,142,-6.19,-1.35,2026-11-18,False,https://www.tradingview.com/chart/?symbol=NASDAQ:HUT&interval=D,False,False,False,False
SGRY,"Surgery Partners, Inc.",NASDAQ,Hospital/Nursing Management,13.64,13.99,14.35,5.35,4.9,1470699.6,2251436.2,30709590.0,31486335.0,-1.23,180,-3.88,175,-19.72,273,4.68,206,-6.3,-1.01,2026-11-10,False,https://www.tradingview.com/chart/?symbol=NASDAQ:SGRY&interval=D,False,False,False,False
KD,"Kyndryl Holdings, Inc.",NYSE,Data Processing Services,11.88,12.42,12.76,4.42,4.87,4942250.6,4029456.8,47869947.0,50031079.0,0.85,157,-8.62,215,-3.88,171,-6.9,246,-6.47,-1.41,2026-11-10,False,https://www.tradingview.com/chart/?symbol=NYSE:KD&interval=D,False,False,False,False
BHVN,Biohaven Ltd.,NYSE,Pharmaceuticals: Major,11.93,13.77,13.96,6.53,7.5,1940705.2,2934122.6333333333,35004083.0,40413627.0,-10.37,355,-19.99,339,-27.03,327,27.05,134,-6.66,-1.93,2026-11-17,False,https://www.tradingview.com/chart/?symbol=NYSE:BHVN&interval=D,False,False,False,False
AAON,"AAON, Inc.",NASDAQ,Industrial Machinery,85.95,80.14,82.53,4.86,4.78,1098778.2999999986,1115963.7999999993,95917089.0,89438547.0,5.07,91,7.28,89,-20.84,286,-6.58,244,-6.71,0.87,2026-11-09,False,https://www.tradingview.com/chart/?symbol=NASDAQ:AAON&interval=D,False,False,False,False
AESI,Atlas Energy Solutions Inc.,NYSE,Oilfield Services/Equipment,12.16,12.84,12.42,6.2,6.6,4562179.5,3543667.6666666665,43090999.0,45499512.0,-1.14,178,-12.01,254,-14.91,225,6.48,201,-6.81,-0.32,2026-11-02,False,https://www.tradingview.com/chart/?symbol=NYSE:AESI&interval=D,False,False,False,False
TTMI,"TTM Technologies, Inc.",NASDAQ,Electronic Components,117.5,122.74,123.98,6.09,6.7,1938740.0,1854337.3333333333,217884637.0,227603219.0,-3.27,226,-8.04,209,-20.61,282,7.62,198,-7.01,-0.78,2026-11-04,False,https://www.tradingview.com/chart/?symbol=NASDAQ:TTMI&interval=D,False,False,False,False
QUBT,Quantum Computing Inc.,NASDAQ,Information Technology Services,7.45,8.27,8.43,5.32,5.56,6796306.4,6946036.633333334,51747973.0,57411308.0,-12.51,375,-10.56,239,-18.85,261,7.5,199,-7.3,-2.1,2026-11-18,False,https://www.tradingview.com/chart/?symbol=NASDAQ:QUBT&interval=D,False,False,False,False
PRM,"Perimeter Solutions, SA",NYSE,Chemicals: Major Diversified,27.7,29.94,31.18,4.9,4.65,1492970.0,1240559.0666666667,34363486.0,37136963.0,5.34,86,-12.92,265,-20.13,276,10.45,194,-7.53,-2.4,2026-10-30,False,https://www.tradingview.com/chart/?symbol=NYSE:PRM&interval=D,False,False,False,False
MIR,"Mirion Technologies, Inc.",NYSE,Aerospace & Defense,16.22,15.64,15.5,4.14,4.55,4291366.5,3998358.7,64853378.0,62551656.0,13.74,14,-4.98,186,-2.05,161,-15.83,286,-7.62,1.02,2026-11-03,False,https://www.tradingview.com/chart/?symbol=NYSE:MIR&interval=D,True,False,False,False
PPC,Pilgrim's Pride Corporation,NASDAQ,Agricultural Commodities/Milling,28.5,29.19,29.04,4.11,3.87,1623420.9,1429362.4333333333,40736829.0,41724042.0,5.75,79,-6.5,198,3.3,133,-20.12,304,-7.77,-0.48,2026-10-28,False,https://www.tradingview.com/chart/?symbol=NASDAQ:PPC&interval=D,False,False,False,False
COUR,"Coursera, Inc.",NYSE,Miscellaneous Commercial Services,5.27,5.38,5.54,4.24,4.54,9263547.6,6397624.566666666,33715481.0,34442678.0,5.82,78,-8.82,216,-8.51,191,-6.06,240,-7.8,-1.08,2026-10-22,False,https://www.tradingview.com/chart/?symbol=NYSE:COUR&interval=D,False,False,False,False
HIVE,HIVE Digital Technologies Ltd,NASDAQ,Information Technology Services,2.56,3.02,2.95,6.48,7.48,10250276.199999994,12517501.600000022,32044804.0,37786165.0,-14.09,389,-17.82,314,-27.07,328,21.33,150,-7.85,-1.76,2026-11-16,False,https://www.tradingview.com/chart/?symbol=NASDAQ:HIVE&interval=D,False,False,False,False
MWH,"SOLV Energy, Inc.",NASDAQ,Engineering & Construction,25.69,25.44,26.99,4.51,5.25,1389308.6,1372277.3333333333,35253805.0,34916224.0,6.86,65,0.55,135,-9.57,198,-15.27,279,-8.1,-0.92,2026-12-02,False,https://www.tradingview.com/chart/?symbol=NASDAQ:MWH&interval=D,False,False,False,False
CVNA,Carvana Co.,NYSE,Specialty Stores,63.2,67.68,68.68,4.39,4.76,8320472.6,7178024.9,453651174.0,485811118.0,1.84,144,-15.73,290,-6.91,184,-3.8,236,-8.81,-1.67,2026-10-28,False,https://www.tradingview.com/chart/?symbol=NYSE:CVNA&interval=D,False,False,False,False
EXK,Endeavour Silver Corporation,NYSE,Precious Metals,8.57,9.83,9.82,4.78,5.73,6889015.8,7952265.733333333,68150917.0,78205232.0,0.47,159,-22.55,353,5.15,120,-11.83,268,-9.74,-2.23,2027-03-04,False,https://www.tradingview.com/chart/?symbol=NYSE:EXK&interval=D,False,False,False,False
CDE,"Coeur Mining, Inc.",NYSE,Precious Metals,16.87,19.44,19.07,4.1,5.27,35931427.0,34949922.6,589605194.0,679577945.0,-3.98,240,-19.86,336,5.5,117,-15.37,281,-9.91,-2.19,2026-11-11,False,https://www.tradingview.com/chart/?symbol=NYSE:CDE&interval=D,False,False,False,False
SKYD,Skydance Corporation,NYSE,Cable/Satellite TV,9.28,10.3,10.0,7.33,6.47,32966067.1,25262831.433333334,234439076.0,260114533.0,-8.21,320,-13.67,272,-1.49,160,-14.86,277,-10.01,-1.12,2026-11-16,False,https://www.tradingview.com/chart/?symbol=NYSE:SKYD&interval=D,False,False,False,False
TMDX,"TransMedics Group, Inc.",NASDAQ,Medical Specialties,79.0,84.95,85.7,4.81,5.21,770879.5,756627.8333333334,59773599.0,64277930.0,-5.86,277,-11.38,247,9.25,108,-28.16,340,-10.1,-1.5,2026-11-04,False,https://www.tradingview.com/chart/?symbol=NASDAQ:TMDX&interval=D,False,False,False,False
AXGN,"Axogen, Inc.",NASDAQ,Medical Specialties,36.18,44.02,45.41,5.02,5.42,1682548.1,1395896.3,50503528.0,61441539.0,-12.95,382,-23.33,364,-16.67,241,9.5,195,-10.17,-3.75,2026-11-10,False,https://www.tradingview.com/chart/?symbol=NASDAQ:AXGN&interval=D,False,False,False,False
CLSK,"CleanSpark, Inc.",NASDAQ,Data Processing Services,10.63,12.93,12.79,7.26,8.37,15985256.7,16996094.833333332,180668488.0,219759506.0,-17.21,403,-16.3,295,-18.48,257,3.3,210,-10.49,-2.02,2026-12-16,False,https://www.tradingview.com/chart/?symbol=NASDAQ:CLSK&interval=D,False,False,False,False
AKAM,"Akamai Technologies, Inc.",NASDAQ,Data Processing Services,100.9,108.27,111.36,6.42,5.81,7853119.3,4982068.633333334,502690725.0,539430160.0,-5.84,276,-1.74,147,-22.49,300,-7.97,250,-10.73,-1.62,2026-11-10,False,https://www.tradingview.com/chart/?symbol=NASDAQ:AKAM&interval=D,False,False,False,False
ERAS,"Erasca, Inc.",NASDAQ,Pharmaceuticals: Major,15.46,15.57,16.6,6.26,6.69,4983060.2,4922763.133333334,76105918.0,76626910.0,5.46,83,-2.64,162,-18.24,256,-11.35,265,-10.75,-1.03,2026-11-11,False,https://www.tradingview.com/chart/?symbol=NASDAQ:ERAS&interval=D,False,False,False,False
CECO,CECO Environmental Corp.,NASDAQ,Industrial Machinery,65.55,72.46,72.43,5.2,6.17,724432.1,729155.8666666667,47796167.0,52836457.0,-5.68,273,-11.65,252,-21.85,295,0.63,224,-10.96,-1.54,2026-11-09,False,https://www.tradingview.com/chart/?symbol=NASDAQ:CECO&interval=D,False,False,False,False
ACHR,Archer Aviation Inc.,NYSE,Aerospace & Defense,4.72,5.38,5.59,5.13,5.77,23984865.1,23899243.566666666,112804430.0,128593863.0,-4.84,260,-17.19,303,-3.48,168,-12.27,270,-10.98,-2.69,2026-11-05,False,https://www.tradingview.com/chart/?symbol=NYSE:ACHR&interval=D,False,False,False,False
AMKR,"Amkor Technology, Inc.",NASDAQ,Semiconductors,51.0,50.74,51.66,4.26,5.21,3456997.3,3917562.933333333,199795710.0,198777143.0,-3.21,223,3.52,110,-27.26,329,-9.25,256,-11.0,-0.25,2026-10-26,False,https://www.tradingview.com/chart/?symbol=NASDAQ:AMKR&interval=D,False,False,False,False
ICHR,Ichor Holdings,NASDAQ,Industrial Machinery,58.83,57.03,60.91,4.88,5.69,684966.6,692178.8333333334,40720881.0,39472882.0,-4.99,264,0.84,133,-38.16,375,4.31,207,-11.01,-0.6,2026-11-02,False,https://www.tradingview.com/chart/?symbol=NASDAQ:ICHR&interval=D,False,False,False,False
CRK,"Comstock Resources, Inc.",NYSE,Oil & Gas Production,13.71,13.89,13.82,4.25,4.43,2430213.5,2823364.6333333333,38708329.0,39214653.0,11.46,22,-11.55,250,1.11,146,-22.67,315,-11.04,-0.18,2026-11-04,False,https://www.tradingview.com/chart/?symbol=NYSE:CRK&interval=D,False,False,False,False
RGTI,"Rigetti Computing, Inc.",NASDAQ,Computer Processing Hardware,14.14,15.53,16.17,5.51,6.15,14256792.8,15889917.333333334,224683431.0,246757175.0,-10.28,352,-13.7,274,-17.6,251,-1.94,232,-11.08,-2.04,2026-11-16,False,https://www.tradingview.com/chart/?symbol=NASDAQ:RGTI&interval=D,False,False,False,False
INFQ,"Infleqtion, Inc.",NYSE,Computer Processing Hardware,11.16,13.19,12.78,6.7,7.39,6518595.6,7949635.8,88717936.0,104895444.0,-16.84,401,-16.72,297,-6.53,183,-10.36,260,-11.2,-1.71,2026-12-02,False,https://www.tradingview.com/chart/?symbol=NYSE:INFQ&interval=D,False,False,False,False
WDC,Western Digital Corporation,NASDAQ,Computer Peripherals,393.31,445.11,460.32,5.7,7.04,9937607.7,7663878.999999999,3014280249.0,3411235972.0,-12.95,381,-18.06,319,-30.26,347,14.35,178,-11.32,-2.07,2026-10-22,False,https://www.tradingview.com/chart/?symbol=NASDAQ:WDC&interval=D,False,False,False,False
CRWV,"CoreWeave, Inc.",NASDAQ,Packaged Software,81.58,86.54,88.26,5.56,6.44,24827059.6,27576581.866666667,2249697549.0,2386523356.0,-6.85,296,-12.23,257,-9.24,193,-12.69,272,-11.39,-1.18,2026-11-16,False,https://www.tradingview.com/chart/?symbol=NASDAQ:CRWV&interval=D,False,False,False,False
ENPH,"Enphase Energy, Inc.",NASDAQ,Electrical Products,32.91,34.94,36.71,4.19,5.14,4720197.5,4610327.433333334,151725876.0,161097135.0,0.98,154,-12.68,262,-26.69,326,4.84,205,-11.51,-2.01,2026-10-27,False,https://www.tradingview.com/chart/?symbol=NASDAQ:ENPH&interval=D,False,False,False,False
GLW,Corning Incorporated,NYSE,Electronic Components,152.83,155.03,155.03,4.49,5.52,7199993.7,8283445.266666667,1265958940.0,1284163192.0,-0.69,172,-4.03,177,-19.37,265,-11.46,266,-11.62,-0.26,2026-10-27,False,https://www.tradingview.com/chart/?symbol=NYSE:GLW&interval=D,False,False,False,False
CE,Celanese Corporation,NYSE,Chemicals: Specialty,44.81,45.51,45.24,4.17,4.05,1639521.4,1855389.4,83139999.0,84446193.0,0.9,155,-0.86,141,-4.9,174,-29.14,342,-11.64,-0.23,2026-11-02,False,https://www.tradingview.com/chart/?symbol=NYSE:CE&interval=D,False,False,False,False
AVAV,"AeroVironment, Inc.",NASDAQ,Aerospace & Defense,137.6,148.67,157.24,4.64,5.45,1441151.9,2015843.3666666667,277380047.0,299703833.0,-3.62,229,-5.99,191,-6.41,181,-22.59,314,-11.66,-2.29,2026-12-08,False,https://www.tradingview.com/chart/?symbol=NASDAQ:AVAV&interval=D,False,False,False,False
MOD,Modine Manufacturing Company,NYSE,Industrial Machinery,181.89,173.87,176.91,5.32,5.6,1657911.1068934954,1430795.8665420504,260247460.0,248774603.0,5.28,88,1.5,123,-17.44,250,-19.08,301,-11.67,0.5,2026-11-03,False,https://www.tradingview.com/chart/?symbol=NYSE:MOD&interval=D,False,False,False,False
RBLX,Roblox Corporation,NYSE,Packaged Software,45.52,44.96,42.17,4.84,5.25,13278803.5,11705025.3,532812752.0,526199412.0,5.84,77,2.15,120,-21.05,288,-17.57,293,-12.16,1.51,2026-11-11,False,https://www.tradingview.com/chart/?symbol=NYSE:RBLX&interval=D,False,False,False,False
MARA,"MARA Holdings, Inc.",NASDAQ,Data Processing Services,9.91,11.63,11.19,7.2,8.08,35196411.0,43228826.96666667,428397675.0,502535113.0,-12.15,366,-10.96,242,-27.35,330,1.8,216,-12.17,-1.42,2026-11-11,False,https://www.tradingview.com/chart/?symbol=NASDAQ:MARA&interval=D,False,False,False,False
VOYG,"Voyager Technologies, Inc.",NYSE,Information Technology Services,28.18,32.96,34.72,7.28,8.18,2174850.3,2205332.966666667,62146283.0,72683364.0,-8.09,318,-17.19,302,-13.82,221,-6.25,242,-12.42,-2.3,2026-11-02,False,https://www.tradingview.com/chart/?symbol=NYSE:VOYG&interval=D,False,False,False,False
AAOI,"Applied Optoelectronics, Inc.",NASDAQ,Semiconductors,105.9,105.93,113.5,7.67,8.87,10125962.2,7803387.233333333,826378708.0,826578995.0,6.25,73,-2.3,153,-10.79,207,-24.22,324,-12.44,-0.76,2026-11-05,False,https://www.tradingview.com/chart/?symbol=NASDAQ:AAOI&interval=D,False,False,False,False
BTBT,"Bit Digital, Inc.",NASDAQ,Miscellaneous Commercial Services,1.36,1.59,1.54,7.96,8.88,17896683.8,25537398.466666665,34730862.0,40621488.0,-17.58,404,-16.82,298,-21.39,292,0.74,223,-12.49,-1.28,2026-11-12,False,https://www.tradingview.com/chart/?symbol=NASDAQ:BTBT&interval=D,False,False,False,False
SRPT,"Sarepta Therapeutics, Inc.",NASDAQ,Pharmaceuticals: Major,18.21,19.93,19.01,4.59,5.51,2456428.3,3090740.1333333333,56282378.0,61590209.0,0.39,161,-8.31,212,-11.34,209,-18.12,297,-12.59,-0.77,2026-11-04,False,https://www.tradingview.com/chart/?symbol=NASDAQ:SRPT&interval=D,False,False,False,False
CSQR,"Csquare, Inc.",NYSE,Data Processing Services,17.38,17.77,19.1,4.95,5.28,1656561.7,1697091.4666666666,29495450.0,30164669.0,9.1,39,-4.87,185,-16.84,243,-16.84,288,-12.85,-1.71,2026-12-02,False,https://www.tradingview.com/chart/?symbol=NYSE:CSQR&interval=D,False,False,False,False
TNDM,"Tandem Diabetes Care, Inc.",NASDAQ,Medical Specialties,15.68,17.84,19.39,6.57,6.51,2282797.3,2041151.2666666666,31995046.0,36405634.0,-4.54,256,-19.66,333,1.39,145,-20.47,305,-12.91,-2.94,2026-11-05,False,https://www.tradingview.com/chart/?symbol=NASDAQ:TNDM&interval=D,False,False,False,False
CPRI,Capri Holdings Limited,NYSE,Apparel/Footwear Retail,14.68,14.11,14.47,4.79,4.71,3399919.5,5237848.233333333,76891612.0,73930482.0,4.56,98,6.45,93,-19.61,270,-25.71,329,-12.95,0.31,2026-11-05,False,https://www.tradingview.com/chart/?symbol=NYSE:CPRI&interval=D,False,False,False,False
ABUS,Arbutus Biopharma Corporation,NASDAQ,Pharmaceuticals: Major,4.18,4.91,4.84,4.64,4.34,11217986.300000023,6880034.766666667,28758545.0,33767211.0,-12.37,369,-18.04,317,-18.68,258,-3.02,234,-13.24,-3.12,2026-11-11,False,https://www.tradingview.com/chart/?symbol=NASDAQ:ABUS&interval=D,False,False,False,False
THRM,Gentherm Inc,NASDAQ,Auto Parts: OEM,29.93,36.26,38.36,5.8,5.87,3138639.9,1268905.3666666667,37978338.0,46011989.0,-10.12,349,-25.97,378,-16.12,235,1.98,215,-13.37,-3.74,2026-10-22,False,https://www.tradingview.com/chart/?symbol=NASDAQ:THRM&interval=D,False,False,False,False
POWI,"Power Integrations, Inc.",NASDAQ,Semiconductors,49.89,51.0,54.51,4.12,4.96,771172.4,822411.6666666666,41030118.0,41946559.0,-3.69,231,-2.54,160,-28.22,333,-9.52,258,-13.43,-1.71,2026-11-11,False,https://www.tradingview.com/chart/?symbol=NASDAQ:POWI&interval=D,False,False,False,False
FOUR,"Shift4 Payments, Inc.",NYSE,Miscellaneous Commercial Services,39.52,40.58,43.39,4.17,5.43,2276310.5,2151000.433333333,85007537.0,87281145.0,7.39,58,-12.76,263,-21.15,289,-6.37,243,-13.43,-1.64,2026-11-11,False,https://www.tradingview.com/chart/?symbol=NYSE:FOUR&interval=D,False,False,False,False
MDA,MDA Space Ltd.,NYSE,Electronic Production Equipment,27.33,29.67,30.92,4.37,5.11,1273810.4,1262536.7666666666,34505130.0,37464095.0,-7.64,312,-7.92,208,-22.67,301,-10.42,261,-13.67,-2.27,2026-11-06,False,https://www.tradingview.com/chart/?symbol=NYSE:MDA&interval=D,False,False,False,False
BULL,Webull Corporation,NASDAQ,Packaged Software,5.95,8.19,8.07,5.63,8.42,17657500.7,16242814.033333333,96644743.0,132990747.0,-15.0,396,-40.11,407,-20.56,281,19.0,156,-13.89,-3.12,2026-11-19,False,https://www.tradingview.com/chart/?symbol=NASDAQ:BULL&interval=D,False,False,False,False
ALGM,"Allegro MicroSystems, Inc.",NASDAQ,Semiconductors,36.27,35.94,37.92,4.18,5.05,3027373.2,2529648.966666667,91750368.0,90922330.0,-0.22,169,-3.38,167,-35.22,365,-3.69,235,-14.1,-0.86,2026-10-29,False,https://www.tradingview.com/chart/?symbol=NASDAQ:ALGM&interval=D,False,False,False,False
RRR,"Red Rock Resorts, Inc.",NASDAQ,Hotels/Resorts/Cruise lines,50.37,53.02,56.74,4.1,3.74,1077641.2,1169207.2,58892967.0,61990976.0,1.68,147,-11.54,249,-20.66,283,-11.12,262,-14.44,-3.0,2026-11-03,False,https://www.tradingview.com/chart/?symbol=NASDAQ:RRR&interval=D,False,False,False,False
CARG,"CarGurus, Inc.",NASDAQ,Internet Software/Services,29.24,32.58,34.28,4.38,4.19,1853476.4,1362903.1,39851287.0,44405882.0,-6.97,299,-12.14,256,-16.17,236,-15.02,278,-14.44,-3.51,2026-11-10,False,https://www.tradingview.com/chart/?symbol=NASDAQ:CARG&interval=D,False,False,False,False
TRU,TransUnion,NYSE,Financial Publishing/Services,64.59,73.14,76.41,4.18,4.33,3257396.6,2692088.533333333,173881998.0,196910124.0,3.69,114,-18.56,324,-16.81,242,-8.04,251,-14.47,-3.57,2026-10-27,False,https://www.tradingview.com/chart/?symbol=NYSE:TRU&interval=D,False,False,False,False
SNEX,StoneX Group Inc.,NASDAQ,Investment Banks/Brokers,60.1,67.22,68.14,4.58,4.53,1004365.4,895395.6333333337,53813278.0,60190882.0,-6.44,287,-13.05,267,-26.5,324,-3.89,237,-14.48,-2.61,2026-11-30,False,https://www.tradingview.com/chart/?symbol=NASDAQ:SNEX&interval=D,False,False,False,False
MP,MP Materials Corp.,NYSE,Other Metals/Minerals,46.14,50.39,51.5,4.1,5.2,5297506.4,5044595.9,232757655.0,254205595.0,-0.8,173,-15.83,292,-11.83,212,-15.8,285,-14.49,-2.0,2026-10-29,False,https://www.tradingview.com/chart/?symbol=NYSE:MP&interval=D,False,False,False,False
MMYT,MakeMyTrip Limited,NASDAQ,Internet Software/Services,43.53,49.75,53.96,4.6,4.88,1391226.1,965859.7666666667,42043876.0,48047016.0,-9.12,336,-20.94,345,-26.1,320,3.5,209,-14.51,-3.96,2026-11-03,False,https://www.tradingview.com/chart/?symbol=NASDAQ:MMYT&interval=D,False,False,False,False
RIOT,"Riot Platforms, Inc.",NASDAQ,Information Technology Services,16.84,20.93,20.72,7.65,8.68,16577353.2,16388356.7,275979927.0,343073859.0,-16.43,400,-22.61,355,-21.86,296,0.6,225,-14.62,-2.15,2026-11-10,False,https://www.tradingview.com/chart/?symbol=NASDAQ:RIOT&interval=D,False,False,False,False
IREN,IREN Limited,NASDAQ,Data Processing Services,35.71,42.29,41.79,6.39,7.58,38400018.5,39736867.766666666,1419003548.0,1680604594.0,-12.39,372,-22.61,354,-16.19,237,-5.33,238,-14.71,-1.92,2026-12-01,False,https://www.tradingview.com/chart/?symbol=NASDAQ:IREN&interval=D,False,False,False,False
QBTS,D-Wave Quantum Inc.,NASDAQ,Computer Processing Hardware,14.6,16.71,17.97,5.79,6.53,14758178.7,15805852.066666666,230765440.0,264168474.0,-12.47,374,-17.51,311,-32.03,351,3.99,208,-15.19,-2.87,2026-11-05,False,https://www.tradingview.com/chart/?symbol=NASDAQ:QBTS&interval=D,False,False,False,False
DPC,DPC Holdings PLC,NYSE,Electrical Products,38.84,41.49,44.51,5.35,6.49,1207621.3,1249881.0,48545378.0,51857146.0,-8.22,321,-13.82,276,-20.38,279,-11.73,267,-15.31,-1.96,2026-12-02,False,https://www.tradingview.com/chart/?symbol=NYSE:DPC&interval=D,False,False,False,False
ALGT,Allegiant Travel Company,NASDAQ,Airlines,76.42,77.31,82.1,4.23,4.6,468836.4,486719.6,37192678.0,37626994.0,1.23,150,-1.48,146,-32.51,353,-12.24,269,-15.41,-1.51,2026-11-04,False,https://www.tradingview.com/chart/?symbol=NASDAQ:ALGT&interval=D,False,False,False,False
KGS,"Kodiak Gas Services, Inc.",NYSE,Oilfield Services/Equipment,53.57,57.3,58.61,4.19,4.55,1704192.6,1836285.8333333333,98369832.0,105224687.0,1.08,152,-15.38,288,-19.82,275,-11.22,263,-15.47,-1.89,2026-11-11,False,https://www.tradingview.com/chart/?symbol=NYSE:KGS&interval=D,False,False,False,False
ONDS,Ondas Inc,NASDAQ,Telecommunications Equipment,6.85,7.45,7.96,5.39,5.95,52636018.6,61016212.93333333,417961059.0,454580956.0,-6.83,295,-9.99,235,-10.69,206,-25.79,331,-15.49,-2.35,2026-11-16,False,https://www.tradingview.com/chart/?symbol=NASDAQ:ONDS&interval=D,False,False,False,False
PRIM,Primoris Services Corporation,NYSE,Engineering & Construction,82.66,75.79,78.09,4.3,4.81,1444055.0,1293026.0,106881529.0,97998441.0,10.63,27,9.41,72,-6.92,185,-49.14,389,-15.55,1.22,2026-11-09,False,https://www.tradingview.com/chart/?symbol=NYSE:PRIM&interval=D,False,False,False,False
ROAD,"Construction Partners, Inc.",NASDAQ,Engineering & Construction,88.33,96.58,103.01,4.21,4.72,688113.6,596893.9333333333,52723641.0,57647220.0,-1.27,182,-14.8,284,-7.12,186,-24.83,325,-15.58,-3.02,2026-11-24,False,https://www.tradingview.com/chart/?symbol=NASDAQ:ROAD&interval=D,False,False,False,False
MBLY,Mobileye Global Inc.,NASDAQ,Packaged Software,7.06,7.94,8.23,4.65,4.84,6143329.3,5307218.3,37468961.0,42153466.0,-5.04,265,-18.0,316,-26.07,319,-2.75,233,-15.61,-2.94,2026-10-22,False,https://www.tradingview.com/chart/?symbol=NASDAQ:MBLY&interval=D,False,False,False,False
LPTH,"LightPath Technologies, Inc.",NASDAQ,Electronic Components,9.74,10.17,11.28,5.26,7.2,2343843.7,3273115.6,31880146.0,33281039.0,-6.08,282,-3.23,166,-22.08,298,-21.96,308,-15.75,-1.9,2026-11-05,False,https://www.tradingview.com/chart/?symbol=NASDAQ:LPTH&interval=D,False,False,False,False
APLD,Applied Digital Corporation,NASDAQ,Data Processing Services,23.85,25.77,27.1,5.93,7.0,25502989.8,19066984.59999999,454747583.0,491311704.0,-2.41,207,-12.32,259,-25.72,315,-9.59,259,-15.88,-1.72,2027-01-12,False,https://www.tradingview.com/chart/?symbol=NASDAQ:APLD&interval=D,False,False,False,False
LGN,Legence Corp.,NASDAQ,Engineering & Construction,51.55,53.8,57.55,4.93,6.01,1162337.4,941775.6,48548532.0,50666742.0,-3.25,225,-3.48,168,-30.59,348,-14.08,274,-16.05,-1.73,2026-11-13,False,https://www.tradingview.com/chart/?symbol=NASDAQ:LGN&interval=D,False,False,False,False
WING,Wingstop Inc.,NASDAQ,Restaurants,118.5,107.77,112.2,4.2,4.85,1275009.3,1305817.1666666667,154739334.0,140728351.0,12.15,20,9.02,74,-24.87,310,-34.27,355,-16.71,1.16,2026-10-28,False,https://www.tradingview.com/chart/?symbol=NASDAQ:WING&interval=D,True,False,False,False
CRML,Critical Metals Corp.,NASDAQ,Precious Metals,6.83,7.28,7.03,7.33,8.1,5548469.4,8772055.433333334,59913139.0,63898576.0,-5.92,278,-6.57,199,-19.74,274,-23.86,323,-16.72,-0.35,2027-03-03,False,https://www.tradingview.com/chart/?symbol=NASDAQ:CRML&interval=D,False,False,False,False
NG,Novagold Resources Inc.,AMEX,Precious Metals,6.28,7.39,7.51,4.54,6.06,4600018.2,5497885.966666667,34526724.0,40603720.0,-3.09,220,-21.5,350,3.46,132,-33.62,351,-17.22,-2.7,2027-01-27,False,https://www.tradingview.com/chart/?symbol=AMEX:NG&interval=D,False,False,False,False
MOS,Mosaic Company (The),NYSE,Chemicals: Agricultural,19.73,23.75,23.39,5.1,5.08,8990480.2,8436478.8,166451727.0,200400117.0,-7.37,306,-24.54,371,-5.42,176,-22.26,312,-17.4,-3.08,2026-11-10,False,https://www.tradingview.com/chart/?symbol=NYSE:MOS&interval=D,False,False,False,False
UCTT,"Ultra Clean Holdings, Inc.",NASDAQ,Industrial Machinery,67.58,72.44,76.28,6.18,7.01,1216456.4,947835.9333333333,64054752.0,68657760.0,-17.21,402,-8.87,218,-34.25,361,-9.17,255,-17.43,-1.63,2026-10-27,False,https://www.tradingview.com/chart/?symbol=NASDAQ:UCTT&interval=D,False,False,False,False
NESR,National Energy Services Reunited Corp,NASDAQ,Oilfield Services/Equipment,23.24,31.03,31.53,6.25,6.43,3157161.4,2132033.0,49548447.0,66160893.0,-8.32,324,-33.6,401,-17.73,253,-1.9,231,-17.74,-4.09,2026-11-04,False,https://www.tradingview.com/chart/?symbol=NASDAQ:NESR&interval=D,False,False,False,False
GLXY,Galaxy Digital Inc.,NASDAQ,Investment Banks/Brokers,20.08,23.99,23.04,6.72,7.85,4890265.6,5078813.066666666,102007960.0,121833107.0,-12.37,370,-23.62,368,-22.75,302,-7.01,247,-17.79,-1.63,2026-10-27,False,https://www.tradingview.com/chart/?symbol=NASDAQ:GLXY&interval=D,False,False,False,False
JMKE,Jersey Mike's Subs Inc.,NYSE,Restaurants,17.3,19.23,20.63,4.96,5.68,3692369.4,3525341.8333333335,60988414.0,67781747.0,2.98,126,-18.59,325,-17.62,252,-17.62,294,-17.94,-2.84,2026-10-28,False,https://www.tradingview.com/chart/?symbol=NYSE:JMKE&interval=D,False,False,False,False
UPST,"Upstart Holdings, Inc.",NASDAQ,Finance/Rental/Leasing,24.19,25.52,27.22,4.06,4.56,4417873.0,4350507.766666667,105238783.0,111039460.0,5.22,89,-12.86,264,-28.94,338,-12.36,271,-18.05,-2.44,2026-11-03,False,https://www.tradingview.com/chart/?symbol=NASDAQ:UPST&interval=D,False,False,False,False
STUB,"StubHub Holdings, Inc.",NYSE,Internet Software/Services,6.14,5.91,6.71,4.79,5.21,6160714.1,6621207.9,40654217.0,39107061.0,9.64,31,-6.4,196,-47.11,392,-0.65,228,-18.05,-1.63,2026-11-12,False,https://www.tradingview.com/chart/?symbol=NYSE:STUB&interval=D,False,False,False,False
DKNG,DraftKings Inc.,NASDAQ,Movies/Entertainment,19.87,22.27,23.19,5.6,5.68,17739166.3,14028061.633333333,278737585.0,312362848.0,3.6,118,-17.24,304,-25.66,314,-11.33,264,-18.08,-2.52,2026-10-30,False,https://www.tradingview.com/chart/?symbol=NASDAQ:DKNG&interval=D,False,False,False,False
EROC,"ERock, Inc.",NYSE,Electrical Products,12.21,12.38,12.53,8.04,9.32,2643595.8,2610708.6,31876752.0,32309259.0,-1.13,177,-3.86,173,-11.52,210,-39.25,370,-18.21,-0.28,2026-12-02,False,https://www.tradingview.com/chart/?symbol=NYSE:EROC&interval=D,False,False,False,False
PBLS,"Parabilis Medicines, Inc.",NASDAQ,Pharmaceuticals: Major,28.09,35.54,36.08,11.08,9.73,863513.9,1020733.6,28672407.0,36274490.0,-12.19,367,-31.44,398,-7.48,188,-15.77,284,-18.23,-2.27,2026-12-02,False,https://www.tradingview.com/chart/?symbol=NASDAQ:PBLS&interval=D,False,False,False,False
TEX,Terex Corporation,NYSE,Trucks/Construction/Farm Machinery,52.35,58.67,61.49,4.05,4.63,1688825.2,1236146.8333333333,64712287.0,72523087.0,-0.08,168,-17.31,306,-19.4,267,-18.7,298,-18.47,-3.21,2026-10-22,False,https://www.tradingview.com/chart/?symbol=NYSE:TEX&interval=D,False,False,False,False
EQPT,EquipmentShare.com Inc,NASDAQ,Internet Software/Services,15.66,17.97,18.65,8.83,8.79,3941640.4,3492657.8666666667,54695022.0,62754912.0,-9.09,334,-19.73,335,-13.0,217,-22.97,318,-18.57,-1.82,2026-12-02,False,https://www.tradingview.com/chart/?symbol=NASDAQ:EQPT&interval=D,False,False,False,False
SHAZ,"SharonAI Holdings, Inc.",NASDAQ,Data Processing Services,39.05,53.91,56.35,10.11,11.99,1491976.3,1527595.4333333333,59652602.0,82353434.0,-28.74,413,-31.21,397,-50.8,397,25.97,136,-18.68,-2.56,2026-11-04,False,https://www.tradingview.com/chart/?symbol=NASDAQ:SHAZ&interval=D,False,False,False,False
UAA,"Under Armour, Inc.",NYSE,Apparel/Footwear,4.88,4.84,5.21,4.03,4.2,11627912.0,9675435.566666666,47216126.0,46825883.0,10.66,26,-7.22,204,-26.4,323,-22.54,313,-18.72,-1.52,2026-11-05,False,https://www.tradingview.com/chart/?symbol=NYSE:UAA&interval=D,False,False,False,False
ALKT,"Alkami Technology, Inc.",NASDAQ,Packaged Software,14.33,17.26,18.25,4.51,5.3,1814520.5,1914084.5,27428831.0,33045393.0,3.54,120,-27.33,382,-21.05,287,-7.88,249,-18.75,-4.05,2026-10-29,False,https://www.tradingview.com/chart/?symbol=NASDAQ:ALKT&interval=D,False,False,False,False
FIGR,"Figure Technology Solutions, Inc.",NASDAQ,Finance/Rental/Leasing,27.6,33.19,32.76,6.44,7.29,4798896.5,4633875.3,127894958.0,153814540.0,-4.33,252,-23.59,367,-16.31,238,-17.22,290,-19.04,-2.16,2026-11-12,False,https://www.tradingview.com/chart/?symbol=NASDAQ:FIGR&interval=D,False,False,False,False
RKT,"Rocket Companies, Inc.",NYSE,Finance/Rental/Leasing,11.76,12.69,13.22,4.4,5.1,38690218.3,34777083.9,408978507.0,441286418.0,2.98,125,-15.7,289,-20.22,278,-21.65,307,-19.19,-2.16,2026-10-29,False,https://www.tradingview.com/chart/?symbol=NYSE:RKT&interval=D,False,False,False,False
CHWY,"Chewy, Inc.",NYSE,Internet Retail,18.91,20.52,21.61,4.08,4.44,8450762.0,9842560.966666667,186122828.0,201982474.0,3.56,119,-20.38,341,-9.95,200,-27.35,337,-19.23,-2.82,2026-12-03,False,https://www.tradingview.com/chart/?symbol=NYSE:CHWY&interval=D,False,False,False,False
TRIP,"TripAdvisor, Inc.",NASDAQ,Other Consumer Services,8.96,8.9,9.89,4.1,4.27,3298622.7,4080316.933333333,36559640.0,36295779.0,6.29,71,-2.5,157,-33.87,359,-22.02,309,-19.47,-2.2,2026-11-09,False,https://www.tradingview.com/chart/?symbol=NASDAQ:TRIP&interval=D,False,False,False,False
VSEC,VSE Corporation,NASDAQ,Engineering & Construction,169.97,185.19,200.04,4.65,5.22,443672.9,398735.56666666665,67773084.0,73841441.0,3.67,115,-16.97,300,-21.3,290,-22.25,311,-20.17,-2.88,2026-10-28,False,https://www.tradingview.com/chart/?symbol=NASDAQ:VSEC&interval=D,False,False,False,False
LEU,Centrus Energy Corp.,NYSE,Other Metals/Minerals,142.09,155.77,167.35,4.67,6.56,698998.9,752327.799999999,106898257.0,117190603.0,2.22,141,-19.49,332,-19.22,264,-22.04,310,-20.25,-2.3,2026-11-11,False,https://www.tradingview.com/chart/?symbol=NYSE:LEU&interval=D,False,False,False,False
BTDR,Bitdeer Technologies Group,NASDAQ,Data Processing Services,9.72,11.41,10.92,7.51,8.84,9748410.4,10179585.9,98945575.0,116193187.0,-6.99,301,-21.86,352,-33.1,358,-6.9,245,-20.62,-1.25,2026-11-16,False,https://www.tradingview.com/chart/?symbol=NASDAQ:BTDR&interval=D,False,False,False,False
LUMN,"Lumen Technologies, Inc.",NASDAQ,Major Telecommunications,5.56,6.25,6.25,4.59,5.62,13033462.2,13322580.3,74073546.0,83246143.0,-0.54,171,-18.71,327,-17.26,248,-26.36,332,-20.78,-1.97,2026-11-04,False,https://www.tradingview.com/chart/?symbol=NASDAQ:LUMN&interval=D,False,False,False,False
AIR,AAR Corp.,NYSE,Aerospace & Defense,101.58,116.86,127.13,5.19,5.27,926684.1,571252.1333333333,58027792.0,66753858.0,0.16,163,-19.96,338,-25.04,312,-17.37,291,-20.79,-3.81,2027-01-06,False,https://www.tradingview.com/chart/?symbol=NYSE:AIR&interval=D,False,False,False,False
PRAX,"Praxis Precision Medicines, Inc.",NASDAQ,Pharmaceuticals: Major,263.55,313.45,330.61,5.51,5.95,486307.0000000001,431281.533333333,113664248.0,135183328.0,-8.44,325,-22.99,359,-20.45,280,-18.95,300,-20.8,-3.41,2026-11-11,False,https://www.tradingview.com/chart/?symbol=NASDAQ:PRAX&interval=D,False,False,False,False
LBRT,Liberty Energy Inc.,NYSE,Oilfield Services/Equipment,18.85,19.49,19.69,4.93,5.08,4511080.7,3789955.8333333335,71440667.0,73872556.0,3.74,111,-10.66,240,-22.4,299,-30.19,344,-21.08,-0.84,2026-10-21,False,https://www.tradingview.com/chart/?symbol=NYSE:LBRT&interval=D,False,False,False,False
RH,RH,NYSE,Specialty Stores,113.67,130.58,147.16,4.02,5.07,785608.0,827879.4666666667,94105059.0,108100637.0,-6.53,289,-22.77,357,-33.04,356,-8.72,254,-21.51,-4.49,2026-12-03,False,https://www.tradingview.com/chart/?symbol=NYSE:RH&interval=D,False,False,False,False
LUNR,"Intuitive Machines, Inc.",NASDAQ,Aerospace & Defense,13.7,14.82,15.42,7.2,7.5,8578464.6,7477232.733333333,102438088.0,110822559.0,-4.23,250,-8.54,214,-18.69,259,-37.92,360,-21.72,-1.49,2026-11-18,False,https://www.tradingview.com/chart/?symbol=NASDAQ:LUNR&interval=D,False,False,False,False
NNE,Nano Nuclear Energy Inc.,NASDAQ,Electrical Products,15.26,16.84,17.5,5.1,6.72,1902074.9,1915257.1333333333,29226824.0,32245908.0,-3.72,232,-15.22,286,-21.94,297,-28.15,339,-21.77,-1.91,2026-12-17,False,https://www.tradingview.com/chart/?symbol=NASDAQ:NNE&interval=D,False,False,False,False
KTOS,"Kratos Defense & Security Solutions, Inc.",NASDAQ,Aerospace & Defense,41.93,46.53,50.77,4.65,5.17,4979808.2,4117271.3,172637186.0,191575261.0,-2.57,209,-13.22,268,-14.43,223,-38.36,364,-22.0,-3.37,2026-10-29,False,https://www.tradingview.com/chart/?symbol=NASDAQ:KTOS&interval=D,False,False,False,False
GIL,"Gildan Activewear, Inc.",NYSE,Apparel/Footwear,41.9,46.57,50.42,4.06,3.96,2169723.0,1741310.0,72960889.0,81084100.0,-1.67,194,-21.21,348,-17.88,255,-27.26,336,-22.11,-4.26,2026-10-29,False,https://www.tradingview.com/chart/?symbol=NYSE:GIL&interval=D,False,False,False,False
SPHR,Sphere Entertainment Co.,NYSE,Media Conglomerates,109.25,135.93,145.58,6.22,6.69,1184912.2,774381.5666666667,84601186.0,105261170.0,-18.59,405,-23.06,361,-27.99,331,-15.33,280,-22.13,-3.73,2026-11-10,False,https://www.tradingview.com/chart/?symbol=NYSE:SPHR&interval=D,False,False,False,False
UEC,Uranium Energy Corp.,AMEX,Other Metals/Minerals,9.14,10.46,10.79,5.48,6.62,11330610.4,9680574.4,88480450.0,101274943.0,-2.66,210,-21.21,347,-11.69,211,-34.01,353,-22.3,-2.31,2026-12-16,False,https://www.tradingview.com/chart/?symbol=AMEX:UEC&interval=D,False,False,False,False
CORZ,"Core Scientific, Inc.",NASDAQ,Packaged Software,15.36,17.1,18.24,5.79,6.52,11628743.6,11665516.266666668,179182330.0,199534767.0,-4.0,241,-15.36,287,-34.92,364,-16.88,289,-22.39,-2.42,2026-11-11,False,https://www.tradingview.com/chart/?symbol=NASDAQ:CORZ&interval=D,False,False,False,False
RSI,"Rush Street Interactive, Inc.",NYSE,Casinos/Gaming,20.32,23.38,24.36,5.29,5.37,2820182.3,3314636.566666667,67353415.0,77492888.0,0.0,167,-23.64,369,-38.03,374,-5.99,239,-22.55,-3.09,2026-10-28,False,https://www.tradingview.com/chart/?symbol=NYSE:RSI&interval=D,False,False,False,False
PLNT,"Planet Fitness, Inc.",NYSE,Other Consumer Services,44.03,46.87,49.15,4.79,4.13,2588295.8,2453529.2333333334,108028892.0,115008365.0,3.62,116,-13.87,277,-15.05,228,-39.04,368,-22.65,-2.52,2026-11-10,False,https://www.tradingview.com/chart/?symbol=NYSE:PLNT&interval=D,False,False,False,False
ACAD,ACADIA Pharmaceuticals Inc.,NASDAQ,Pharmaceuticals: Major,19.58,24.99,26.48,4.64,4.37,2644226.4,2085725.5,40838505.0,52126104.0,-1.85,197,-29.13,390,-26.14,321,-13.06,273,-22.78,-5.96,2026-11-11,False,https://www.tradingview.com/chart/?symbol=NASDAQ:ACAD&interval=D,False,False,False,False
ENOV,Enovis Corporation,NYSE,Medical Specialties,17.43,19.15,22.17,4.34,5.68,1516556.0,1921545.4333333333,33492537.0,36791830.0,-4.18,249,-8.98,222,-31.91,350,-28.0,338,-22.97,-3.77,2026-11-11,False,https://www.tradingview.com/chart/?symbol=NYSE:ENOV&interval=D,False,False,False,False
SMR,NuScale Power Corporation,NYSE,Electrical Products,7.32,8.76,8.97,5.33,7.73,32249875.6,35833708.766666666,262302748.0,314058568.0,-7.58,311,-26.58,379,-20.17,277,-22.95,317,-23.23,-2.39,2026-11-05,False,https://www.tradingview.com/chart/?symbol=NYSE:SMR&interval=D,False,False,False,False
FLY,Firefly Aerospace Inc.,NASDAQ,Aerospace & Defense,20.67,22.0,22.92,7.88,8.02,3936965.4,3119790.3333333335,64486066.0,68633307.0,-11.48,363,-6.24,194,-18.94,262,-44.77,378,-23.32,-1.22,2026-11-18,False,https://www.tradingview.com/chart/?symbol=NASDAQ:FLY&interval=D,False,False,False,False
RZLV,Rezolve AI PLC,NASDAQ,Packaged Software,1.9,2.29,2.42,5.17,6.56,12676350.1,15502123.633333333,29454035.0,35525700.0,-12.84,379,-15.93,293,-28.97,339,-25.2,327,-23.37,-3.29,2027-04-29,False,https://www.tradingview.com/chart/?symbol=NASDAQ:RZLV&interval=D,False,False,False,False
IBP,"Installed Building Products, Inc.",NYSE,Engineering & Construction,187.83,208.45,221.42,4.24,4.85,443558.2,452539.3,85000457.0,94330761.0,-1.66,193,-20.98,346,-15.84,234,-34.11,354,-23.65,-3.13,2026-11-11,False,https://www.tradingview.com/chart/?symbol=NYSE:IBP&interval=D,False,False,False,False
MIRM,"Mirum Pharmaceuticals, Inc.",NASDAQ,Pharmaceuticals: Major,81.35,92.42,95.71,4.32,4.66,915955.1,744641.3333333334,60576572.0,68818759.0,-4.76,258,-17.4,308,-35.83,369,-17.79,295,-23.67,-3.22,2026-11-17,False,https://www.tradingview.com/chart/?symbol=NASDAQ:MIRM&interval=D,False,False,False,False
FLUT,Flutter Entertainment plc,NYSE,Casinos/Gaming,81.58,89.69,93.46,5.13,5.19,3037626.8,3019791.8333333335,246354618.0,270840097.0,7.9,52,-19.2,330,-28.1,332,-23.85,322,-23.72,-2.45,2026-11-18,False,https://www.tradingview.com/chart/?symbol=NYSE:FLUT&interval=D,False,False,False,False
AMPX,"Amprius Technologies, Inc.",NYSE,Electrical Products,9.39,9.63,10.16,5.72,5.98,6660287.7,5182844.633333334,48666911.0,49929798.0,-2.39,206,-7.4,207,-21.62,293,-42.22,375,-23.74,-1.27,2026-11-05,False,https://www.tradingview.com/chart/?symbol=NYSE:AMPX&interval=D,False,False,False,False
INSM,Insmed Incorporated,NASDAQ,Pharmaceuticals: Major,100.48,118.77,119.66,4.82,5.24,3323655.8,2477566.433333333,248945875.0,294251481.0,-12.38,371,-19.47,331,-14.91,227,-37.04,359,-23.81,-3.06,2026-10-29,False,https://www.tradingview.com/chart/?symbol=NASDAQ:INSM&interval=D,False,False,False,False
ASTS,"AST SpaceMobile, Inc.",NASDAQ,Specialty Telecommunications,56.93,60.37,63.0,6.61,7.32,12545121.2,10745509.133333333,611741835.0,648717132.0,-4.02,242,-9.86,233,-23.15,305,-38.69,365,-23.9,-1.32,2026-11-16,False,https://www.tradingview.com/chart/?symbol=NASDAQ:ASTS&interval=D,False,False,False,False
SEDG,"SolarEdge Technologies, Inc.",NASDAQ,Electrical Products,32.47,33.77,33.97,5.75,7.19,2486883.8,2968018.8333333335,96371572.0,100236921.0,2.24,140,-7.33,206,-41.4,382,-23.15,320,-23.96,-0.61,2026-11-11,False,https://www.tradingview.com/chart/?symbol=NASDAQ:SEDG&interval=D,False,False,False,False
ALNY,"Alnylam Pharmaceuticals, Inc.",NASDAQ,Pharmaceuticals: Major,224.53,244.44,236.84,4.28,4.45,1321643.4,1503015.7,337472115.0,367403170.0,-9.54,342,-13.31,269,-28.65,337,-30.59,345,-24.18,-1.17,2026-10-29,False,https://www.tradingview.com/chart/?symbol=NASDAQ:ALNY&interval=D,False,False,False,False
BBAI,"BigBear.ai, Inc.",NYSE,Packaged Software,2.42,2.81,2.93,4.91,5.67,16742454.8,16176097.466666667,39146156.0,45497970.0,-9.36,338,-17.41,309,-28.61,336,-27.11,335,-24.38,-3.1,2026-11-11,False,https://www.tradingview.com/chart/?symbol=NYSE:BBAI&interval=D,False,False,False,False
VKTX,"Viking Therapeutics, Inc.",NASDAQ,Pharmaceuticals: Major,27.73,32.38,32.89,8.85,8.2,7790919.7,6711285.033333333,186103934.0,217311409.0,-13.13,384,-19.92,337,-32.6,354,-21.33,306,-24.62,-1.91,2026-10-28,False,https://www.tradingview.com/chart/?symbol=NASDAQ:VKTX&interval=D,False,False,False,False
MRP,"Millrose Properties, Inc.",NYSE,Real Estate Development,22.63,28.03,28.7,4.63,4.56,4433660.2,2531538.9,57288725.0,70950597.0,-12.79,376,-29.3,391,-20.68,285,-24.92,326,-24.97,-4.64,2026-10-27,False,https://www.tradingview.com/chart/?symbol=NYSE:MRP&interval=D,False,False,False,False
ESAB,ESAB Corporation,NYSE,Industrial Machinery,64.88,70.15,76.25,4.83,5.17,1218260.6,1022582.9,66345179.0,71733168.0,-1.35,183,-13.68,273,-25.85,317,-36.4,358,-25.31,-2.88,2026-11-04,False,https://www.tradingview.com/chart/?symbol=NYSE:ESAB&interval=D,False,False,False,False
OCUL,"Ocular Therapeutix, Inc.",NASDAQ,Pharmaceuticals: Major,7.51,9.53,9.67,8.04,7.73,5165291.9,3196071.5,24002497.0,30470813.0,-1.57,189,-28.88,389,-28.54,335,-19.33,303,-25.59,-2.89,2026-11-09,False,https://www.tradingview.com/chart/?symbol=NASDAQ:OCUL&interval=D,False,False,False,False
OKLO,Oklo Inc.,NYSE,Industrial Machinery,34.57,38.49,40.36,4.75,6.72,9928354.8,10127640.5,350112532.0,389839890.0,-5.93,279,-17.81,313,-30.07,346,-29.25,343,-25.71,-2.13,2026-11-18,False,https://www.tradingview.com/chart/?symbol=NYSE:OKLO&interval=D,False,False,False,False
NN,NextNav Inc.,NASDAQ,Packaged Software,11.6,14.62,15.37,8.38,8.86,3376145.3,2706559.1333333333,31396086.0,39574405.0,-19.61,406,-23.28,363,-32.16,352,-22.82,316,-26.09,-2.77,2026-11-05,False,https://www.tradingview.com/chart/?symbol=NASDAQ:NN&interval=D,False,False,False,False
QS,QuantumScape Corporation,NASDAQ,Electrical Products,4.58,5.06,5.37,4.41,5.2,13280472.6,12310524.433333334,56382202.0,62332289.0,-1.51,185,-17.03,301,-34.48,362,-27.07,334,-26.19,-2.83,2026-10-28,False,https://www.tradingview.com/chart/?symbol=NASDAQ:QS&interval=D,False,False,False,False
BRUN,Boost Run Inc.,NASDAQ,Packaged Software,12.1,16.37,17.78,11.08,13.52,2768218.7,2491598.066666667,30148337.0,40775833.0,-25.99,409,-34.06,402,-59.93,408,13.3,182,-26.9,-2.36,2026-12-02,False,https://www.tradingview.com/chart/?symbol=NASDAQ:BRUN&interval=D,False,False,False,False
MIAX,"Miami International Holdings, Inc.",NYSE,Investment Banks/Brokers,30.7,37.96,40.34,4.93,5.4,2206676.1,1841983.8333333333,56548904.0,69930302.0,-8.9,331,-27.46,383,-29.73,344,-25.76,330,-27.65,-4.43,2026-10-29,False,https://www.tradingview.com/chart/?symbol=NYSE:MIAX&interval=D,False,False,False,False
APP,Applovin Corporation,NASDAQ,Packaged Software,280.12,308.61,320.71,4.68,5.24,5558368.0,5155559.366666666,1444175290.0,1591041709.0,-3.74,234,-12.29,258,-46.81,391,-25.5,328,-28.2,-2.42,2026-11-04,False,https://www.tradingview.com/chart/?symbol=NASDAQ:APP&interval=D,False,False,False,False
CIFR,Cipher Digital Inc.,NASDAQ,Data Processing Services,13.5,16.49,17.11,7.91,9.79,32810943.2,33841241.233333334,456856757.0,558064629.0,-14.18,390,-24.79,373,-42.16,384,-17.96,296,-28.3,-2.15,2026-11-11,False,https://www.tradingview.com/chart/?symbol=NASDAQ:CIFR&interval=D,False,False,False,False
PUMP,ProPetro Holding Corp.,NYSE,Oilfield Services/Equipment,9.04,10.33,10.75,5.07,5.6,3831548.9,3831090.466666667,34633058.0,39576442.0,2.49,135,-23.45,366,-29.65,343,-32.59,348,-28.56,-2.84,2026-11-04,False,https://www.tradingview.com/chart/?symbol=NYSE:PUMP&interval=D,False,False,False,False
PLUG,"Plug Power, Inc.",NASDAQ,Electronic Production Equipment,1.73,2.03,2.1,4.6,5.81,48403228.0,47268114.96666667,81773839.0,96111834.0,-9.9,345,-21.36,349,-26.54,325,-38.1,362,-28.67,-3.0,2026-11-10,False,https://www.tradingview.com/chart/?symbol=NASDAQ:PLUG&interval=D,False,False,False,False
GT,The Goodyear Tire & Rubber Company,NASDAQ,Automotive Aftermarket,4.75,5.38,5.77,4.2,4.61,8825413.4,9436849.933333334,44825037.0,50787554.0,-4.04,244,-23.39,365,-29.26,341,-33.47,349,-28.71,-3.84,2026-11-09,False,https://www.tradingview.com/chart/?symbol=NASDAQ:GT&interval=D,False,False,False,False
USAR,"USA Rare Earth, Inc.",NASDAQ,Metal Fabrication,12.63,15.75,16.66,5.04,6.72,12925086.2,13047140.6,164785386.0,205435927.0,-10.3,353,-27.79,385,-32.82,355,-26.44,333,-29.02,-3.6,2026-11-05,False,https://www.tradingview.com/chart/?symbol=NASDAQ:USAR&interval=D,False,False,False,False
KNF,Knife Riv Holding Co.,NYSE,Construction Materials,52.27,56.28,60.93,4.59,4.68,1150788.2,1077991.9666666666,56346640.0,60667232.0,2.71,129,-15.2,285,-33.06,357,-39.23,369,-29.16,-3.04,2026-11-09,False,https://www.tradingview.com/chart/?symbol=NYSE:KNF&interval=D,False,False,False,False
CBRS,Cerebras Systems Inc.,NASDAQ,Packaged Software,167.92,189.38,200.09,6.66,7.96,9941178.1,7223430.933333334,1212958522.0,1367946864.0,-7.7,314,-22.66,356,-13.53,219,-52.02,393,-29.4,-2.02,2026-12-02,False,https://www.tradingview.com/chart/?symbol=NASDAQ:CBRS&interval=D,False,False,False,False
HYMC,Hycroft Mining Holding Corporation,NASDAQ,Precious Metals,18.21,21.11,22.71,5.79,7.19,1972730.1999999997,2086414.3666666718,37993606.0,44034818.0,-4.11,246,-18.89,329,-16.47,239,-53.08,394,-29.48,-2.75,2026-11-03,False,https://www.tradingview.com/chart/?symbol=NASDAQ:HYMC&interval=D,False,False,False,False
QXO,"QXO, Inc.",NYSE,Wholesale Distributors,11.12,12.33,13.17,5.23,5.71,24734959.0,19744444.1,219558218.0,243435833.0,-4.14,247,-17.26,305,-23.42,306,-48.18,385,-29.62,-2.73,2026-11-17,False,https://www.tradingview.com/chart/?symbol=NYSE:QXO&interval=D,False,False,False,False
WULF,TeraWulf Inc.,NASDAQ,Data Processing Services,13.65,15.74,16.21,6.44,7.75,28408219.4,28473042.566666666,388657031.0,448222636.0,-8.51,326,-18.55,323,-41.64,383,-29.05,341,-29.75,-2.04,2026-11-16,False,https://www.tradingview.com/chart/?symbol=NASDAQ:WULF&interval=D,False,False,False,False
INIO,INNIO N.V.,NASDAQ,Electrical Products,19.2,19.78,22.1,6.76,7.87,5171537.4,5382222.033333333,103338663.0,106480087.0,7.26,60,-9.31,225,-42.57,385,-38.06,361,-29.98,-1.67,2026-12-02,False,https://www.tradingview.com/chart/?symbol=NASDAQ:INIO&interval=D,False,False,False,False
DNN,Denison Mines Corp,AMEX,Other Metals/Minerals,2.36,2.93,3.05,4.93,6.2,31620489.1,26322117.066666666,62120196.0,77229091.0,-8.53,327,-30.99,396,-26.02,318,-33.52,350,-30.18,-3.65,2026-11-03,False,https://www.tradingview.com/chart/?symbol=AMEX:DNN&interval=D,False,False,False,False
RARE,Ultragenyx Pharmaceutical Inc.,NASDAQ,Pharmaceuticals: Major,15.29,16.48,20.28,5.53,7.0,4566002.5,6015258.533333333,91973303.0,99114417.0,1.73,146,1.28,128,-55.82,403,-36.34,357,-30.3,-3.51,2026-11-04,False,https://www.tradingview.com/chart/?symbol=NASDAQ:RARE&interval=D,False,False,False,False
PL,Planet Labs PBC,NYSE,Packaged Software,17.19,17.53,19.6,4.91,6.18,11820043.5,12229262.366666667,210221020.0,214415657.0,4.24,106,-3.7,172,-37.13,371,-50.72,390,-30.51,-1.99,2026-12-14,False,https://www.tradingview.com/chart/?symbol=NYSE:PL&interval=D,False,False,False,False
MTZ,"MasTec, Inc.",NYSE,Engineering & Construction,216.66,225.47,244.64,4.24,5.44,1405583.4,1474427.0666666667,319449368.0,332445951.0,0.63,158,-9.59,229,-43.12,386,-39.45,372,-30.72,-2.1,2026-10-29,False,https://www.tradingview.com/chart/?symbol=NYSE:MTZ&interval=D,False,False,False,False
NAMS,NewAmsterdam Pharma Company N.V.,NASDAQ,Pharmaceuticals: Major,21.26,23.45,25.1,6.16,6.29,1520856.2,1692501.6666666667,35982585.0,39684651.0,-12.26,368,-11.49,248,-40.96,381,-40.01,373,-30.82,-2.43,2026-11-11,False,https://www.tradingview.com/chart/?symbol=NASDAQ:NAMS&interval=D,False,False,False,False
ALM,Almonty Industries Inc.,NASDAQ,Other Metals/Minerals,11.57,15.01,15.0,6.74,8.78,6128981.5,6341327.0,73369153.0,95178034.0,-10.79,358,-34.71,403,-22.92,304,-34.96,356,-30.86,-2.6,2026-11-17,False,https://www.tradingview.com/chart/?symbol=NASDAQ:ALM&interval=D,False,False,False,False
LASR,"nLIGHT, Inc.",NASDAQ,Semiconductors,38.31,40.2,46.57,4.04,5.25,869128.2,1047104.9,40114589.0,42089254.0,-3.09,219,-6.63,201,-47.94,393,-39.0,367,-31.19,-3.38,2026-10-29,False,https://www.tradingview.com/chart/?symbol=NASDAQ:LASR&interval=D,False,False,False,False
FRMI,Fermi Inc.,NASDAQ,Real Estate Development,3.66,4.74,5.32,7.02,9.05,16070957.7,16968855.9,62106013.0,80466315.0,-12.86,380,-30.42,394,-40.44,380,-23.75,321,-31.54,-3.45,2026-11-17,False,https://www.tradingview.com/chart/?symbol=NASDAQ:FRMI&interval=D,False,False,False,False
HTZ,"Hertz Global Holdings, Inc",NASDAQ,Finance/Rental/Leasing,1.96,1.96,2.0,6.15,7.62,21147306.9,16490722.6,32321816.0,32277841.0,18.07,6,-14.78,282,-9.68,199,-70.35,409,-31.6,-0.27,2026-11-05,False,https://www.tradingview.com/chart/?symbol=NASDAQ:HTZ&interval=D,True,False,False,False
WHR,Whirlpool Corporation,NYSE,Electronics/Appliances,29.16,34.08,36.93,4.34,4.89,3178813.9,2929198.533333333,85415429.0,99814393.0,-4.99,263,-25.38,376,-22.84,303,-48.89,388,-32.37,-4.3,2026-10-15,False,https://www.tradingview.com/chart/?symbol=NYSE:WHR&interval=D,False,False,False,False
XE,"X-Energy, Inc.",NASDAQ,Industrial Machinery,13.77,16.0,17.37,6.06,8.74,6161534.5,6966253.566666666,95925312.0,111439158.0,-2.82,215,-23.71,370,-17.1,246,-57.0,398,-32.6,-2.37,2026-12-02,False,https://www.tradingview.com/chart/?symbol=NASDAQ:XE&interval=D,False,False,False,False
RUN,Sunrun Inc.,NASDAQ,Semiconductors,7.59,8.33,8.9,4.69,5.41,7959261.3,7655708.066666666,58106824.0,63780980.0,-2.57,208,-16.04,294,-38.94,376,-43.34,377,-32.77,-2.73,2026-11-04,False,https://www.tradingview.com/chart/?symbol=NASDAQ:RUN&interval=D,False,False,False,False
CHTR,"Charter Communications, Inc.",NASDAQ,Cable/Satellite TV,109.67,129.48,138.12,4.68,5.24,2959407.8,2986535.2666666666,327533323.0,386687627.0,-1.54,188,-27.82,386,-19.51,268,-51.18,392,-32.84,-3.93,2026-11-06,False,https://www.tradingview.com/chart/?symbol=NASDAQ:CHTR&interval=D,False,False,False,False
TE,T1 Energy Inc.,NYSE,Electrical Products,3.44,4.21,4.48,6.42,9.24,19426849.9,19804719.4,68128235.0,83338259.0,-9.47,340,-28.03,387,-51.69,399,-19.25,302,-32.99,-2.51,2026-11-11,False,https://www.tradingview.com/chart/?symbol=NYSE:TE&interval=D,False,False,False,False
FMC,FMC Corporation,NYSE,Chemicals: Agricultural,8.92,10.56,10.6,5.08,5.91,5192470.2,4208392.866666666,37538864.0,44435017.0,0.0,166,-31.96,400,-18.76,260,-48.41,387,-33.04,-2.68,2026-10-29,False,https://www.tradingview.com/chart/?symbol=NYSE:FMC&interval=D,False,False,False,False
SOC,Sable Offshore Corp.,NYSE,Integrated Oil,3.86,4.28,4.42,7.65,8.91,9358705.2,8101329.0,31271130.0,34708794.0,11.88,21,-21.54,351,-7.66,189,-70.31,408,-33.17,-1.43,2026-11-12,False,https://www.tradingview.com/chart/?symbol=NYSE:SOC&interval=D,True,False,False,False
GRML,Greenland Mines Ltd,NASDAQ,Miscellaneous Commercial Services,5.88,6.8,7.88,46.2,34.44,6537764.3,16494317.566666666,96986587.0,112177854.0,-41.43,415,24.31,23,-52.77,401,-72.65,410,-33.7,-0.74,,False,https://www.tradingview.com/chart/?symbol=NASDAQ:GRML&interval=D,False,False,False,False
FICO,Fair Isaac Corporation,NYSE,Financial Publishing/Services,707.43,901.87,979.37,5.82,7.44,1788935.9,880141.7666666667,622638690.0,793776096.0,11.41,23,-23.15,362,-45.16,390,-33.77,352,-34.03,-3.73,2026-11-11,False,https://www.tradingview.com/chart/?symbol=NYSE:FICO&interval=D,False,False,False,False
QNT,Quantinuum Inc.,NASDAQ,Computer Processing Hardware,41.52,48.93,52.56,6.15,7.1,1978945.3,1874181.9,77816032.0,91711217.0,-14.39,392,-20.22,340,-43.41,387,-38.94,366,-34.19,-2.96,2026-11-12,False,https://www.tradingview.com/chart/?symbol=NASDAQ:QNT&interval=D,False,False,False,False
HUBG,"Hub Group, Inc.",NASDAQ,Air Freight/Couriers,26.43,33.09,36.94,4.62,5.51,1525438.0,1372244.7,36268427.0,45408035.0,-11.19,361,-28.32,388,-43.65,388,-31.93,347,-34.63,-5.16,2026-10-22,False,https://www.tradingview.com/chart/?symbol=NASDAQ:HUBG&interval=D,False,False,False,False
BRBR,"BellRing Brands, Inc.",NYSE,Beverages: Non-Alcoholic,7.99,8.93,9.91,5.24,5.57,4752092.5,3674368.0,29358200.0,32812106.0,2.83,128,-22.88,358,-35.46,366,-48.02,384,-35.45,-3.47,2026-11-23,False,https://www.tradingview.com/chart/?symbol=NYSE:BRBR&interval=D,False,False,False,False
UUUU,Energy Fuels Inc,AMEX,Other Metals/Minerals,9.94,12.44,13.07,4.42,6.42,8133154.8,7208793.966666667,71655412.0,89708635.0,-9.22,337,-31.87,399,-29.5,342,-46.27,381,-35.88,-3.73,2026-10-30,False,https://www.tradingview.com/chart/?symbol=AMEX:UUUU&interval=D,False,False,False,False
FUN,Six Flags Entertainment Corporation,NYSE,Movies/Entertainment,11.41,13.07,14.53,5.79,6.36,3312292.0,2514585.1333333333,28691416.0,32854731.0,6.44,69,-26.91,381,-38.98,377,-42.08,374,-35.99,-3.37,2026-11-05,False,https://www.tradingview.com/chart/?symbol=NYSE:FUN&interval=D,False,False,False,False
UTI,Universal Technical Institute Inc,NYSE,Miscellaneous Commercial Services,20.31,20.44,23.83,4.75,5.63,1668924.0,1787829.5666666667,36310818.0,36543832.0,6.28,72,-8.35,213,-58.37,407,-42.3,376,-36.34,-2.62,2026-11-25,False,https://www.tradingview.com/chart/?symbol=NYSE:UTI&interval=D,False,False,False,False
LCID,"Lucid Group, Inc.",NASDAQ,Motor Vehicles,3.82,4.3,5.15,5.61,7.25,9371878.99999998,11337935.266666686,43310913.0,48707770.0,-7.28,303,-18.2,320,-36.01,370,-56.64,397,-36.95,-3.56,2026-11-09,False,https://www.tradingview.com/chart/?symbol=NASDAQ:LCID&interval=D,False,False,False,False
CELC,Celcuity Inc.,NASDAQ,Medical Specialties,67.87,82.89,86.22,7.43,7.4,1659155.1,1129769.4,76677449.0,93646209.0,-13.41,387,-27.5,384,-40.2,379,-45.7,380,-37.8,-2.88,2026-11-18,False,https://www.tradingview.com/chart/?symbol=NASDAQ:CELC&interval=D,False,False,False,False
CAR,"Avis Budget Group, Inc.",NASDAQ,Finance/Rental/Leasing,110.0,120.07,128.63,5.06,5.15,401546.2,435542.43333333335,47909668.0,52294709.0,3.71,113,-20.43,342,-31.05,349,-62.58,402,-38.02,-2.81,2026-11-02,False,https://www.tradingview.com/chart/?symbol=NASDAQ:CAR&interval=D,False,False,False,False
RCAT,"Red Cat Holdings, Inc.",NASDAQ,Packaged Software,5.91,7.34,8.16,4.62,6.62,6148694.4,7835398.466666667,46307205.0,57520966.0,-8.8,329,-30.1,392,-35.76,368,-51.04,391,-38.97,-4.16,2026-11-12,False,https://www.tradingview.com/chart/?symbol=NASDAQ:RCAT&interval=D,False,False,False,False
KRMN,Karman Holdings Inc.,NYSE,Aerospace & Defense,31.69,36.26,44.02,6.48,7.36,3103565.0,3764911.066666667,119310032.0,136531990.0,-2.25,202,-23.01,360,-37.27,372,-62.66,403,-40.98,-3.8,2026-11-05,False,https://www.tradingview.com/chart/?symbol=NYSE:KRMN&interval=D,False,False,False,False
XENE,Xenon Pharmaceuticals Inc.,NASDAQ,Pharmaceuticals: Major,36.16,48.37,54.18,4.51,5.86,2449244.2,2165210.466666667,78294010.0,104739891.0,-5.61,272,-38.66,406,-48.76,394,-38.14,363,-41.85,-5.67,2026-11-11,False,https://www.tradingview.com/chart/?symbol=NASDAQ:XENE&interval=D,False,False,False,False
EOSE,"Eos Energy Enterprises, Inc.",NASDAQ,Electrical Products,2.76,3.54,3.66,8.08,9.87,26135227.6,27034563.766666666,74750569.0,95697850.0,-9.05,332,-30.7,395,-40.02,378,-55.33,396,-42.02,-2.47,2026-11-11,False,https://www.tradingview.com/chart/?symbol=NASDAQ:EOSE&interval=D,False,False,False,False
FLNC,"Fluence Energy, Inc.",NASDAQ,Electrical Products,7.45,8.82,10.41,5.03,7.78,6191166.4,7643866.7,56946807.0,67444384.0,-2.99,217,-30.11,393,-55.73,402,-45.46,379,-43.77,-3.66,2026-11-30,False,https://www.tradingview.com/chart/?symbol=NASDAQ:FLNC&interval=D,False,False,False,False
OPEN,Opendoor Technologies Inc,NASDAQ,Real Estate Development,2.29,2.71,3.07,5.35,6.36,29803101.6,30447120.966666665,69723907.0,82572592.0,-2.76,212,-26.84,380,-57.59,405,-47.6,382,-44.01,-3.99,2026-11-05,False,https://www.tradingview.com/chart/?symbol=NASDAQ:OPEN&interval=D,False,False,False,False
AVBP,"ArriVent BioPharma, Inc.",NASDAQ,Pharmaceuticals: Other,16.71,28.18,29.02,11.24,14.9,3099924.5,1407997.3,23527635.0,39680180.0,-44.28,416,-45.34,410,-50.34,396,-39.28,371,-44.99,-2.85,2026-11-18,False,https://www.tradingview.com/chart/?symbol=NASDAQ:AVBP&interval=D,False,False,False,False
NKTR,Nektar Therapeutics,NASDAQ,Pharmaceuticals: Major,40.8,62.55,67.07,10.59,9.3,2348054.8999999994,1542376.9666666663,62928980.0,96475936.0,-26.36,410,-44.94,409,-44.13,389,-47.93,383,-45.67,-4.21,2026-11-05,False,https://www.tradingview.com/chart/?symbol=NASDAQ:NKTR&interval=D,False,False,False,False
FRVO,Fervo Energy Company,NASDAQ,Alternative Power Generation,13.8,15.77,17.55,8.67,9.66,9146136.8,8281745.2,114288084.0,130612784.0,0.4,160,-25.89,377,-49.54,395,-61.67,400,-45.7,-2.21,2026-12-02,False,https://www.tradingview.com/chart/?symbol=NASDAQ:FRVO&interval=D,False,False,False,False
BW,"Babcock & Wilcox Enterprises, Inc.",NYSE,Electronic Equipment/Instruments,5.5,6.72,7.67,6.73,8.87,5808756.9,5084074.033333333,27962407.0,34161588.0,-5.82,275,-25.17,374,-51.5,398,-69.81,407,-48.83,-3.19,2026-11-11,False,https://www.tradingview.com/chart/?symbol=NYSE:BW&interval=D,False,False,False,False
TNON,"Tenon Medical, Inc.",NASDAQ,Medical/Nursing Services,3.44,3.97,4.91,13.49,24.22,6484422.400000004,11487012.8,39515324.0,45628329.0,-12.8,377,-3.91,176,-57.36,404,-86.72,413,-49.33,-1.23,2026-11-18,False,https://www.tradingview.com/chart/?symbol=NASDAQ:TNON&interval=D,False,False,False,False
CAPR,"Capricor Therapeutics, Inc.",NASDAQ,Pharmaceuticals: Major,8.01,8.9,7.57,8.37,10.5,4908609.0,4152433.2333333334,33260990.0,36962192.0,-14.42,393,-12.46,260,-64.53,410,-74.6,411,-50.53,0.55,2026-11-17,False,https://www.tradingview.com/chart/?symbol=NASDAQ:CAPR&interval=D,False,False,False,False
ALHC,"Alignment Healthcare, Inc.",NASDAQ,Managed Health Care,8.71,10.32,11.74,5.65,7.4,10325118.4,10454517.566666666,91058848.0,107906303.0,6.87,64,-35.24,404,-58.06,406,-59.28,399,-50.86,-3.49,2026-10-29,False,https://www.tradingview.com/chart/?symbol=NASDAQ:ALHC&interval=D,False,False,False,False
LQDA,Liquidia Corporation,NASDAQ,Pharmaceuticals: Major,28.02,58.91,67.25,22.41,19.07,8195862.5,3524762.3666666667,98763842.0,207638464.0,16.94,8,-58.79,413,-65.23,411,-30.61,346,-51.54,-3.06,2026-11-10,False,https://www.tradingview.com/chart/?symbol=NASDAQ:LQDA&interval=D,True,False,False,False
XNDU,Xanadu Quantum Technologies Limited,NASDAQ,Computer Processing Hardware,4.12,7.18,8.63,9.83,12.87,8544613.8,6152216.033333333,25347130.0,44203672.0,-9.05,333,-58.68,412,-63.6,409,-48.37,386,-56.88,-4.06,2026-12-02,False,https://www.tradingview.com/chart/?symbol=NASDAQ:XNDU&interval=D,False,False,False,False
ALMS,Alumis Inc.,NASDAQ,Pharmaceuticals: Major,6.97,9.72,16.09,5.74,10.91,2243753.2,4130553.066666667,28789955.0,40140715.0,-5.81,274,-36.92,405,-76.95,413,-69.75,406,-61.21,-5.2,2026-11-12,False,https://www.tradingview.com/chart/?symbol=NASDAQ:ALMS&interval=D,False,False,False,False
BIAF,"bioAffinity Technologies, Inc.",NASDAQ,Medical Specialties,5.64,7.68,7.42,15.4,27.42,3697850.7999999984,7407736.566666666,41779634.0,56922282.0,-14.02,388,-46.94,411,-52.16,400,-88.64,414,-62.58,-0.88,2026-11-18,False,https://www.tradingview.com/chart/?symbol=NASDAQ:BIAF&interval=D,False,False,False,False
JAGX,"Jaguar Health, Inc.",NASDAQ,Pharmaceuticals: Major,4.53,7.36,9.92,105.42,75.82,8494102.700000001,4269473.708888889,19340716.0,31410518.0,4.38,101,-40.28,408,-87.15,415,-97.76,416,-75.06,-0.72,2026-11-18,False,https://www.tradingview.com/chart/?symbol=NASDAQ:JAGX&interval=D,False,False,False,False
XHLD,"TEN Holdings, Inc.",NASDAQ,Miscellaneous Commercial Services,0.55,7.34,6.29,266.09,232.98,19883890.2,9265197.566666666,5095859.0,67970135.0,-9.41,339,-94.05,417,-72.08,412,-62.07,401,-76.07,-0.39,2026-11-16,False,https://www.tradingview.com/chart/?symbol=NASDAQ:XHLD&interval=D,False,False,False,False
CTVA,"Corteva, Inc.",NYSE,Agricultural Commodities/Milling,13.75,68.77,72.82,12.56,36.54,48724983.1,19533883.766666666,268590902.0,1343436345.0,-4.78,259,-84.42,414,-83.63,414,-83.56,412,-83.87,-2.22,2026-11-11,False,https://www.tradingview.com/chart/?symbol=NYSE:CTVA&interval=D,False,False,False,False
RETO,"ReTo Eco-Solutions, Inc.",NASDAQ,Other Metals/Minerals,1.4,11.66,22.89,35.28,902.28,5842533.109999999,3945688.6633333336,5523964.0,46014884.0,-27.84,412,-93.4,416,-97.35,416,-97.67,415,-96.14,-0.1,,False,https://www.tradingview.com/chart/?symbol=NASDAQ:RETO&interval=D,False,False,False,False
NIVF,NewGenIvf Group Limited,NASDAQ,Financial Conglomerates,0.08,0.72,1.15,127.58,177.35,152696066.5,51000467.03333333,4136138.0,36858378.0,-32.42,414,-92.95,415,-97.9,417,-99.57,417,-96.81,-0.52,2027-03-03,False,https://www.tradingview.com/chart/?symbol=NASDAQ:NIVF&interval=D,False,False,False,False
CTNT,Cheetah Net Supply Chain Service Inc.,NASDAQ,Engineering & Construction,2.82,74.21,146.76,21.09,342.91,1382235.2584945024,1167169.5193657947,3291418.0,86614505.0,6.82,66,-98.53,418,-98.98,418,-99.99,418,-99.17,-0.29,2026-11-06,False,https://www.tradingview.com/chart/?symbol=NASDAQ:CTNT&interval=D,False,False,False,False
