name,description,exchange,industry,close,SMA30,SMA50,ADRP,ATRP,average_volume_10d_calc,average_volume_30d_calc,dollar_volume_30d,average_dollar_volume_30d,Perf.W,perf_1w_rank,Perf.1M,perf_1m_rank,Perf.3M,perf_3m_rank,Perf.6M,perf_6m_rank,momentum_score,atr_extension_from_50d,earnings_date,earnings_soon,tradingview_url,is_top_1w,is_top_1m,is_top_3m,is_top_6m
QMCO,Quantum Corporation,NASDAQ,Computer Peripherals,29.49,23.98,19.23,7.37,8.0,1781704.4,1581512.5,46638804.0,37930732.0,19.49,24,34.66,18,162.37,3,479.37,1,225.47,6.67,2026-11-13,False,https://www.tradingview.com/chart/?symbol=NASDAQ:QMCO&interval=D,True,True,True,True
ASST,"Strive, Inc.",NASDAQ,Financial Conglomerates,29.94,23.44,18.91,6.52,6.53,10293342.7,9916877.0,296911297.0,232489612.0,6.8,98,57.25,5,175.69,1,199.4,13,144.11,8.93,2026-11-13,False,https://www.tradingview.com/chart/?symbol=NASDAQ:ASST&interval=D,False,True,True,True
MXL,"MaxLinear, Inc",NASDAQ,Semiconductors,85.31,70.56,71.06,6.19,7.27,3199592.8,2580567.566666667,220148219.0,182082267.0,16.86,34,28.05,26,-5.4,246,405.09,2,142.58,2.76,2026-10-28,False,https://www.tradingview.com/chart/?symbol=NASDAQ:MXL&interval=D,False,False,False,True
CDNA,"CareDx, Inc.",NASDAQ,Medical Specialties,61.37,50.73,47.09,4.14,4.42,1258698.2,1176073.4,72175625.0,59665732.0,13.65,40,27.51,27,120.36,7,253.92,6,133.93,6.86,2026-11-10,False,https://www.tradingview.com/chart/?symbol=NASDAQ:CDNA&interval=D,False,False,True,True
TEAM,Atlassian Corporation,NASDAQ,Packaged Software,192.61,181.59,152.39,4.15,4.6,3193479.5,3805954.8,733064954.0,691106205.0,2.12,161,12.88,81,155.79,4,187.43,17,118.7,5.74,2026-10-29,False,https://www.tradingview.com/chart/?symbol=NASDAQ:TEAM&interval=D,False,False,True,True
LIFE,Ethos Technologies Inc.,NASDAQ,Packaged Software,35.31,37.0,31.58,8.57,8.12,2026847.8,1589415.5,56122261.0,58809433.0,-10.99,410,-4.46,225,94.44,9,249.6,7,113.19,1.45,2026-12-02,False,https://www.tradingview.com/chart/?symbol=NASDAQ:LIFE&interval=D,False,False,True,True
BAND,Bandwidth Inc.,NASDAQ,Packaged Software,61.83,50.78,51.94,7.79,7.34,1092938.5,866887.3333333334,53599644.0,44021550.0,24.03,12,30.55,23,18.4,128,263.71,5,104.22,2.6,2026-10-29,False,https://www.tradingview.com/chart/?symbol=NASDAQ:BAND&interval=D,True,True,False,True
PURR,Hyperliquid Strategies Inc,NASDAQ,Financial Conglomerates,14.09,11.33,9.43,7.5,8.02,26251208.6,26839626.366666667,378170336.0,304007975.0,16.45,36,34.06,19,77.23,22,198.2,14,103.17,6.16,2026-12-02,False,https://www.tradingview.com/chart/?symbol=NASDAQ:PURR&interval=D,False,True,True,True
OKTA,"Okta, Inc.",NASDAQ,Packaged Software,206.64,166.47,157.24,4.54,4.74,4606252.4,4237990.133333334,875738281.0,705503162.0,12.92,43,57.18,6,73.15,26,171.0,21,100.44,6.63,2026-12-08,False,https://www.tradingview.com/chart/?symbol=NASDAQ:OKTA&interval=D,False,True,False,True
GRAL,"GRAIL, Inc.",NASDAQ,Medical Specialties,125.21,80.62,76.45,5.42,6.24,2030118.3,1084744.8,135820896.0,87451041.0,66.3,4,60.03,4,90.99,14,145.51,32,98.84,10.22,2026-11-18,False,https://www.tradingview.com/chart/?symbol=NASDAQ:GRAL&interval=D,True,True,True,False
SDGR,"Schrodinger, Inc.",NASDAQ,Packaged Software,29.45,21.82,19.52,6.63,5.88,3384411.9,1766933.6666666667,52036196.0,38547425.0,22.25,15,55.41,7,83.49,18,156.09,25,98.33,8.65,2026-11-11,False,https://www.tradingview.com/chart/?symbol=NASDAQ:SDGR&interval=D,True,True,True,False
USDE,StablecoinX Inc.,NASDAQ,Packaged Software,14.22,7.34,5.16,9.85,11.56,6411367.8,8582057.333333334,122036855.0,62950821.0,115.13,2,159.96,1,90.62,15,38.73,157,96.44,15.21,,False,https://www.tradingview.com/chart/?symbol=NASDAQ:USDE&interval=D,True,True,True,False
APPS,"Digital Turbine, Inc.",NASDAQ,Packaged Software,10.88,11.25,10.77,7.35,7.85,2842416.4,2673962.2666666666,29092709.0,30081630.0,-1.09,222,1.49,161,8.37,167,270.07,4,93.31,0.13,2026-11-11,False,https://www.tradingview.com/chart/?symbol=NASDAQ:APPS&interval=D,False,False,False,True
BLZE,"Backblaze, Inc.",NASDAQ,Computer Peripherals,13.5,14.77,14.9,5.83,6.99,1912161.7,2410829.6666666665,32558255.0,35611972.0,1.31,177,-13.1,318,4.49,193,288.07,3,93.16,-1.34,2026-11-11,False,https://www.tradingview.com/chart/?symbol=NASDAQ:BLZE&interval=D,False,False,False,True
CRWD,"CrowdStrike Holdings, Inc.",NASDAQ,Packaged Software,259.67,220.0,211.66,4.35,4.78,13674290.0,11454196.033333333,2974311084.0,2519904037.0,10.01,71,35.51,16,51.37,51,180.08,20,88.99,4.75,2026-12-01,False,https://www.tradingview.com/chart/?symbol=NASDAQ:CRWD&interval=D,False,True,False,True
RNG,"RingCentral, Inc.",NYSE,Packaged Software,79.82,70.61,63.56,4.0,4.08,1773451.7,1524116.9666666666,121655016.0,107614851.0,9.18,79,18.34,53,128.91,5,119.08,48,88.77,6.27,2026-11-09,False,https://www.tradingview.com/chart/?symbol=NYSE:RNG&interval=D,False,False,True,False
AMC,"AMC Entertainment Holdings, Inc.",NYSE,Movies/Entertainment,2.91,2.61,2.56,5.47,5.84,30185086.200000037,23658960.5,68847575.0,61797205.0,7.38,94,7.78,112,56.45,43,200.0,12,88.08,2.33,2026-11-11,False,https://www.tradingview.com/chart/?symbol=NYSE:AMC&interval=D,False,False,False,True
OMER,Omeros Corporation,NASDAQ,Pharmaceuticals: Major,20.13,18.62,15.8,4.23,4.79,1846305.3,2143929.5,43157301.0,39919967.0,14.9,39,4.08,135,165.22,2,93.56,64,87.62,5.71,2026-11-11,False,https://www.tradingview.com/chart/?symbol=NASDAQ:OMER&interval=D,False,False,True,False
DELL,Dell Technologies Inc.,NYSE,Computer Processing Hardware,536.02,502.99,472.29,5.14,5.81,10139234.099999998,9054578.733333332,4853435293.0,4554332375.0,-6.03,317,21.03,45,35.27,80,206.07,10,87.46,2.32,2026-12-01,False,https://www.tradingview.com/chart/?symbol=NYSE:DELL&interval=D,False,False,False,True
GPRO,"GoPro, Inc.",NASDAQ,Electronics/Appliances,1.26,1.05,0.91,12.02,11.62,18319893.0,65013607.833333336,81917146.0,68458896.0,-2.33,249,107.51,2,64.13,33,88.06,69,86.57,3.28,2026-11-05,False,https://www.tradingview.com/chart/?symbol=NASDAQ:GPRO&interval=D,False,True,False,False
CORT,Corcept Therapeutics Incorporated,NASDAQ,Pharmaceuticals: Major,118.51,115.38,110.26,4.65,4.59,2670827.5,1419621.3333333333,168239324.0,163789048.0,4.71,132,-5.11,233,41.56,68,211.13,9,82.53,1.63,2026-11-04,False,https://www.tradingview.com/chart/?symbol=NASDAQ:CORT&interval=D,False,False,False,True
NTSK,"Netskope, Inc.",NASDAQ,Packaged Software,18.57,15.61,14.66,5.12,5.07,8998908.6,6379416.633333334,118465767.0,99610338.0,8.47,85,31.7,21,91.44,13,123.73,45,82.29,5.25,2026-12-11,False,https://www.tradingview.com/chart/?symbol=NASDAQ:NTSK&interval=D,False,True,True,False
FIVN,"Five9, Inc.",NASDAQ,Packaged Software,36.66,33.41,31.12,5.63,5.6,3018601.7,2083458.3666666667,76379584.0,69618414.0,5.5,117,12.35,86,85.15,17,148.04,29,81.85,3.18,2026-11-09,False,https://www.tradingview.com/chart/?symbol=NASDAQ:FIVN&interval=D,False,False,True,False
ALAB,"Astera Labs, Inc.",NASDAQ,Semiconductors,360.51,299.56,304.13,5.65,6.44,4497567.2,3812896.7666666666,1374587413.0,1142174833.0,29.17,7,26.08,29,-5.74,250,224.78,8,81.71,2.88,2026-11-10,False,https://www.tradingview.com/chart/?symbol=NASDAQ:ALAB&interval=D,True,False,False,True
PLSE,"Pulse Biosciences, Inc",NASDAQ,Medical Specialties,51.83,50.52,44.42,8.76,7.3,609110.7,598348.6333333333,31012410.0,30227775.0,4.79,131,4.22,131,92.53,12,139.95,38,78.9,2.29,2026-11-16,False,https://www.tradingview.com/chart/?symbol=NASDAQ:PLSE&interval=D,False,False,True,False
TWLO,Twilio Inc.,NYSE,Packaged Software,299.66,239.65,226.01,4.07,4.29,2777278.1,2157545.6333333333,646530124.0,517057969.0,26.07,8,35.07,17,59.28,37,141.0,37,78.45,7.6,2026-10-29,False,https://www.tradingview.com/chart/?symbol=NYSE:TWLO&interval=D,True,True,False,False
INTC,Intel Corporation,NASDAQ,Semiconductors,127.39,100.17,98.53,4.05,5.02,121783099.5,102726993.06666666,13086391647.0,10290351228.0,21.67,18,41.45,11,-1.02,214,192.04,16,77.49,5.83,2026-10-22,False,https://www.tradingview.com/chart/?symbol=NASDAQ:INTC&interval=D,True,True,False,True
RBRK,"Rubrik, Inc.",NYSE,Information Technology Services,113.8,99.37,91.65,4.78,5.07,3601084.1,3652433.7333333334,415646959.0,362939905.0,10.96,61,16.15,66,60.67,35,143.32,34,73.38,4.77,2026-12-03,False,https://www.tradingview.com/chart/?symbol=NYSE:RBRK&interval=D,False,False,False,False
ETON,"Eton Pharmaceuticals, Inc.",NASDAQ,Pharmaceuticals: Major,59.49,58.85,52.94,4.56,5.0,474285.0,618320.0333333333,36783859.0,36388443.0,4.3,136,-7.84,261,70.31,30,152.72,28,71.73,2.47,2026-11-05,False,https://www.tradingview.com/chart/?symbol=NASDAQ:ETON&interval=D,False,False,False,False
HPE,Hewlett Packard Enterprise Company,NYSE,Computer Processing Hardware,63.52,56.37,53.59,5.2,5.61,24363318.6,23326055.700000025,1481671058.0,1314920861.0,10.95,62,18.51,52,40.48,70,155.41,26,71.47,3.3,2026-12-03,False,https://www.tradingview.com/chart/?symbol=NYSE:HPE&interval=D,False,False,False,False
NEO,"NeoGenomics, Inc.",NASDAQ,Medical/Nursing Services,19.56,17.73,16.69,4.14,4.31,2432516.5,1864059.4666666666,36461003.0,33045114.0,2.35,154,17.13,60,42.88,65,154.36,27,71.45,3.98,2026-11-10,False,https://www.tradingview.com/chart/?symbol=NASDAQ:NEO&interval=D,False,False,False,False
PANW,"Palo Alto Networks, Inc.",NASDAQ,Packaged Software,389.92,361.8,356.11,4.2,4.59,7228403.50000001,6447689.466666674,2514083077.0,2332752557.0,6.69,101,10.22,102,32.11,85,164.26,23,68.86,2.07,2026-11-12,False,https://www.tradingview.com/chart/?symbol=NASDAQ:PANW&interval=D,False,False,False,True
SBET,"Sharplink, Inc.",NASDAQ,Advertising/Marketing Services,9.95,8.34,7.48,5.49,5.98,10764310.9,9838431.933333358,97892398.0,82062361.0,21.79,17,23.6,35,122.84,6,56.69,118,67.71,5.53,2026-11-12,False,https://www.tradingview.com/chart/?symbol=NASDAQ:SBET&interval=D,True,False,True,False
ILMN,"Illumina, Inc.",NASDAQ,Medical Specialties,273.9,219.21,209.2,4.22,4.25,5887513.5,3120089.433333333,854592496.0,683963645.0,17.13,33,22.28,39,55.57,46,122.68,46,66.84,7.27,2026-10-29,False,https://www.tradingview.com/chart/?symbol=NASDAQ:ILMN&interval=D,False,False,False,False
P,"Everpure, Inc.",NYSE,Computer Peripherals,121.88,104.16,94.87,4.72,5.79,11605022.0,6082122.566666666,741289098.0,633503750.0,21.82,16,18.68,50,74.11,24,98.79,60,63.86,4.92,2026-12-02,False,https://www.tradingview.com/chart/?symbol=NYSE:P&interval=D,True,False,True,False
PENG,"Penguin Solutions, Inc.",NASDAQ,Semiconductors,53.08,52.37,53.62,4.45,6.22,1498218.5,1482519.7666666666,78692149.0,77642031.0,4.36,135,1.26,164,-16.01,318,205.06,11,63.43,-0.16,2026-10-06,False,https://www.tradingview.com/chart/?symbol=NASDAQ:PENG&interval=D,False,False,False,True
AMBQ,"Ambiq Micro, Inc.",NYSE,Semiconductors,68.92,61.68,64.14,5.08,5.72,698868.6,522111.6,35983931.0,32203321.0,11.59,57,16.99,62,-14.33,308,185.15,18,62.6,1.3,2026-11-05,False,https://www.tradingview.com/chart/?symbol=NYSE:AMBQ&interval=D,False,False,False,True
SNDK,Sandisk Corporation,NASDAQ,Computer Peripherals,1753.62,1626.79,1509.42,5.49,6.54,9883011.9,12058810.6,21146571444.0,19617114310.0,12.09,49,14.34,77,-19.19,335,192.39,15,62.51,2.48,2026-11-05,False,https://www.tradingview.com/chart/?symbol=NASDAQ:SNDK&interval=D,False,False,False,True
SMTC,Semtech Corporation,NASDAQ,Semiconductors,174.5,148.67,139.86,6.03,6.53,3845221.2,3587546.2,626026812.0,533356308.0,2.14,160,38.49,13,12.58,154,134.51,40,61.86,3.79,2026-12-02,False,https://www.tradingview.com/chart/?symbol=NASDAQ:SMTC&interval=D,False,True,False,False
SAIL,"SailPoint, Inc.",NASDAQ,Packaged Software,22.12,19.34,18.23,5.67,5.6,6435106.3,4533020.4,100270411.0,87664082.0,9.72,74,21.81,41,75.56,23,84.33,77,60.57,3.81,2026-12-15,False,https://www.tradingview.com/chart/?symbol=NASDAQ:SAIL&interval=D,False,False,True,False
AEHR,Aehr Test Systems,NASDAQ,Electronic Production Equipment,97.42,96.51,94.42,7.33,8.92,2329296.7,2676748.0,260768790.0,258336518.0,9.52,76,-4.34,223,2.01,198,183.86,19,60.51,0.36,2026-10-06,False,https://www.tradingview.com/chart/?symbol=NASDAQ:AEHR&interval=D,False,False,False,True
BMNR,"BitMine Immersion Technologies, Inc.",NYSE,Financial Conglomerates,28.03,23.91,21.3,5.06,6.01,47212777.7,45153510.53333333,1265652900.0,1079545181.0,19.45,25,17.77,58,115.62,8,46.83,141,60.07,5.26,2026-11-20,False,https://www.tradingview.com/chart/?symbol=NYSE:BMNR&interval=D,False,False,True,False
AMLX,"Amylyx Pharmaceuticals, Inc.",NASDAQ,Pharmaceuticals: Major,30.14,33.14,27.98,5.15,5.95,1610803.0,3014097.1,90844887.0,99885671.0,-9.57,384,-21.71,408,73.17,25,124.26,44,58.57,1.3,2026-11-05,False,https://www.tradingview.com/chart/?symbol=NASDAQ:AMLX&interval=D,False,False,False,False
CVI,CVR Energy Inc.,NYSE,Oil Refining/Marketing,51.3,44.38,40.2,5.33,4.89,1264795.1,1077679.9333333333,55284981.0,47825639.0,-1.12,225,36.62,14,90.35,16,48.31,139,58.43,5.65,2026-11-02,False,https://www.tradingview.com/chart/?symbol=NYSE:CVI&interval=D,False,True,True,False
AYA,Aya Gold & Silver Inc.,NASDAQ,Precious Metals,27.94,27.81,25.48,4.97,6.07,1634486.5,1300904.9333333333,36347284.0,36177733.0,-0.36,213,6.6,118,51.03,54,116.59,50,58.07,1.59,2026-11-17,False,https://www.tradingview.com/chart/?symbol=NASDAQ:AYA&interval=D,False,False,False,False
MRVL,"Marvell Technology, Inc.",NASDAQ,Semiconductors,258.95,232.4,219.1,4.11,5.32,18169395.6,22237564.233333334,5758417258.0,5167950628.0,7.86,90,9.09,107,-3.51,234,162.15,24,55.91,3.42,2026-11-26,False,https://www.tradingview.com/chart/?symbol=NASDAQ:MRVL&interval=D,False,False,False,True
BB,BlackBerry Limited,NYSE,Packaged Software,8.73,8.1,8.34,4.49,5.15,17703481.7,11962325.700000009,104431103.0,96878888.0,11.35,59,11.85,89,-13.39,301,168.62,22,55.69,0.92,2026-12-17,False,https://www.tradingview.com/chart/?symbol=NYSE:BB&interval=D,False,False,False,True
QLYS,"Qualys, Inc.",NASDAQ,Packaged Software,182.94,178.99,170.32,5.14,5.08,858531.4,686208.7333333333,125535026.0,122821756.0,1.17,185,2.58,147,57.21,41,106.41,53,55.4,1.46,2026-11-04,False,https://www.tradingview.com/chart/?symbol=NASDAQ:QLYS&interval=D,False,False,False,False
XMTR,"Xometry, Inc.",NASDAQ,Information Technology Services,97.38,91.48,91.25,5.0,5.26,1109177.6,692301.6,67416330.0,63332097.0,1.65,169,14.07,78,6.01,180,142.54,35,54.21,1.28,2026-11-05,False,https://www.tradingview.com/chart/?symbol=NASDAQ:XMTR&interval=D,False,False,False,False
S,"SentinelOne, Inc.",NYSE,Packaged Software,23.98,21.73,20.93,4.23,4.57,9746363.1,8830868.566666666,211764228.0,191868281.0,5.41,119,15.51,70,60.56,36,84.32,78,53.46,3.19,2026-12-08,False,https://www.tradingview.com/chart/?symbol=NYSE:S&interval=D,False,False,False,False
ZETA,Zeta Global Holdings Corp.,NYSE,Packaged Software,29.57,30.0,27.26,4.57,4.8,5097579.2,6310482.166666667,186600958.0,189287120.0,-4.43,285,5.61,122,65.75,32,88.34,68,53.23,1.76,2026-11-10,False,https://www.tradingview.com/chart/?symbol=NYSE:ZETA&interval=D,False,False,False,False
NET,"Cloudflare, Inc.",NYSE,Information Technology Services,358.82,308.95,298.2,4.9,4.94,3324816.8,3196066.0,1146812402.0,987410741.0,11.92,52,25.63,30,58.85,39,75.03,92,53.17,4.11,2026-10-29,False,https://www.tradingview.com/chart/?symbol=NYSE:NET&interval=D,False,False,False,False
TEM,"Tempus AI, Inc.",NASDAQ,Packaged Software,82.24,65.97,58.74,5.34,5.84,7826762.6,7867132.966666667,646993015.0,519028853.0,13.12,42,23.52,36,51.69,50,82.98,79,52.73,6.85,2026-11-10,False,https://www.tradingview.com/chart/?symbol=NASDAQ:TEM&interval=D,False,False,False,False
HNGE,"Hinge Health, Inc.",NYSE,Packaged Software,91.98,90.9,87.01,4.27,4.43,2053571.7,1848820.4,170054500.0,168049763.0,-1.83,239,2.13,152,22.83,116,129.95,43,51.64,1.29,2026-11-03,False,https://www.tradingview.com/chart/?symbol=NYSE:HNGE&interval=D,False,False,False,False
ZS,"Zscaler, Inc.",NASDAQ,Packaged Software,214.64,184.37,172.91,4.38,4.38,3534052.0,3189177.966666667,684525159.0,587984489.0,11.79,54,22.65,38,71.4,28,60.43,113,51.49,5.51,2026-12-01,False,https://www.tradingview.com/chart/?symbol=NASDAQ:ZS&interval=D,False,False,False,False
MSTR,Strategy Inc,NASDAQ,Internet Software/Services,161.61,129.65,116.37,4.58,5.62,26070620.5,27702055.533333335,4476929195.0,3591571500.0,24.41,10,35.69,15,94.17,10,24.43,202,51.43,6.91,2026-11-04,False,https://www.tradingview.com/chart/?symbol=NASDAQ:MSTR&interval=D,True,True,True,False
U,Unity Software Inc.,NYSE,Packaged Software,41.42,43.66,39.88,4.71,4.86,10335183.4,9911230.266666668,410523158.0,432674757.0,-2.54,250,-10.03,287,57.43,40,104.8,55,50.73,0.79,2026-11-11,False,https://www.tradingview.com/chart/?symbol=NYSE:U&interval=D,False,False,False,False
BFLY,"Butterfly Network, Inc.",NYSE,Medical Specialties,9.41,8.34,8.1,6.2,7.2,6735867.6,5219192.366666666,49112600.0,43515886.0,25.97,9,3.63,137,17.33,135,130.07,41,50.35,2.26,2026-10-29,False,https://www.tradingview.com/chart/?symbol=NYSE:BFLY&interval=D,True,False,False,False
SLS,"SELLAS Life Sciences Group, Inc.",NASDAQ,Pharmaceuticals: Major,11.98,13.01,12.4,7.46,8.32,7518959.4,7257339.333333333,86942925.0,94424033.0,5.97,108,-17.72,366,15.53,140,147.52,30,48.44,-0.41,2026-11-18,False,https://www.tradingview.com/chart/?symbol=NASDAQ:SLS&interval=D,False,False,False,False
CLMT,"Calumet, Inc",NASDAQ,Oil Refining/Marketing,53.85,52.48,48.64,4.52,4.66,1643540.8,1300751.1,70045447.0,68269488.0,-7.14,338,12.02,88,56.4,44,74.72,93,47.72,2.3,2026-11-06,False,https://www.tradingview.com/chart/?symbol=NASDAQ:CLMT&interval=D,False,False,False,False
STX,Seagate Technology Holdings PLC,NASDAQ,Computer Peripherals,905.92,856.65,846.32,5.17,5.7,4352528.8,3866079.6666666665,3502358892.0,3311862326.0,11.98,51,11.22,99,-8.92,265,139.33,39,47.21,1.24,2026-10-28,False,https://www.tradingview.com/chart/?symbol=NASDAQ:STX&interval=D,False,False,False,False
NBIS,Nebius Group N.V.,NASDAQ,Packaged Software,243.48,226.03,214.26,6.08,6.99,16972349.9,18531637.933333334,4512083204.0,4188730831.0,5.85,111,11.71,92,-0.56,210,130.07,42,47.07,1.95,2026-10-22,False,https://www.tradingview.com/chart/?symbol=NASDAQ:NBIS&interval=D,False,False,False,False
TENB,"Tenable Holdings, Inc.",NASDAQ,Packaged Software,35.88,35.36,35.21,5.99,6.08,6174644.2,4754672.3,170597642.0,168125213.0,-0.01,207,5.72,121,30.76,87,101.35,58,45.94,0.31,2026-11-04,False,https://www.tradingview.com/chart/?symbol=NASDAQ:TENB&interval=D,False,False,False,False
DINO,HF Sinclair Corporation,NYSE,Oil Refining/Marketing,105.79,103.04,97.08,4.7,4.5,3458999.8,2708139.433333333,286494071.0,279056617.0,-5.69,313,12.39,83,56.98,42,67.57,102,45.65,1.99,2026-10-28,False,https://www.tradingview.com/chart/?symbol=NYSE:DINO&interval=D,False,False,False,False
OSCR,"Oscar Health, Inc.",NYSE,Managed Health Care,28.87,31.52,30.68,6.64,6.51,6584682.3,5394188.433333334,155730220.0,170019425.0,-12.9,427,-10.59,296,1.26,199,146.12,31,45.6,-0.91,2026-11-10,False,https://www.tradingview.com/chart/?symbol=NYSE:OSCR&interval=D,False,False,False,False
ECO,Okeanis Eco Tankers Corp.,NYSE,Marine Shipping,78.22,71.26,66.34,4.3,4.24,1062878.2,702103.2,54918512.0,50034448.0,-8.69,366,21.05,44,54.37,48,60.88,112,45.43,4.23,2026-11-11,False,https://www.tradingview.com/chart/?symbol=NYSE:ECO&interval=D,False,False,False,False
SMCI,"Super Micro Computer, Inc.",NASDAQ,Computer Processing Hardware,41.51,38.37,34.66,5.0,5.63,40925931.8,42967183.56666667,1783567790.0,1648579221.0,9.14,80,14.89,74,34.05,84,86.9,72,45.28,3.51,2026-11-03,False,https://www.tradingview.com/chart/?symbol=NASDAQ:SMCI&interval=D,False,False,False,False
APPN,Appian Corporation,NASDAQ,Packaged Software,37.61,37.95,34.05,5.17,5.46,878164.2,854041.9333333333,32120517.0,32410891.0,0.53,197,-2.44,196,80.3,21,57.4,116,45.09,1.91,2026-10-29,False,https://www.tradingview.com/chart/?symbol=NASDAQ:APPN&interval=D,False,False,True,False
FROG,JFrog Ltd.,NASDAQ,Packaged Software,94.2,92.44,88.83,5.33,5.59,1624489.4,1907580.2333333334,179694058.0,176334809.0,1.12,186,2.11,153,19.45,124,111.92,52,44.5,1.08,2026-11-04,False,https://www.tradingview.com/chart/?symbol=NASDAQ:FROG&interval=D,False,False,False,False
OUST,"Ouster, Inc.",NASDAQ,Semiconductors,41.37,37.63,38.39,4.81,6.3,2255567.7,2287418.533333333,94630505.0,86070985.0,16.63,35,11.27,98,3.42,194,117.74,49,44.14,1.23,2026-11-05,False,https://www.tradingview.com/chart/?symbol=NASDAQ:OUST&interval=D,False,False,False,False
COHU,"Cohu, Inc.",NASDAQ,Semiconductors,63.7,54.24,52.77,4.99,5.85,1021648.6,973882.1,62036290.0,52825475.0,19.67,22,19.98,47,-2.66,230,114.55,51,43.96,3.54,2026-10-29,False,https://www.tradingview.com/chart/?symbol=NASDAQ:COHU&interval=D,True,False,False,False
GH,"Guardant Health, Inc.",NASDAQ,Medical Specialties,176.45,166.78,162.31,4.67,4.58,2035942.1,2041519.5666666667,360226128.0,340475106.0,-0.59,214,7.24,114,21.18,120,102.26,57,43.56,1.9,2026-10-29,False,https://www.tradingview.com/chart/?symbol=NASDAQ:GH&interval=D,False,False,False,False
NUAI,"New Era Energy & Digital, Inc.",NASDAQ,Engineering & Construction,6.94,5.61,5.36,8.51,9.53,9658169.8,7567437.3,52518015.0,42416747.0,20.7,20,41.63,10,22.83,115,63.29,108,42.59,3.09,2026-12-02,False,https://www.tradingview.com/chart/?symbol=NASDAQ:NUAI&interval=D,True,True,False,False
HTFL,"Heartflow, Inc.",NASDAQ,Packaged Software,48.66,47.65,39.13,5.12,5.13,2293123.0,2483173.533333333,120831224.0,118324874.0,-1.58,234,-4.49,228,40.47,71,90.82,65,42.27,4.75,2026-11-18,False,https://www.tradingview.com/chart/?symbol=NASDAQ:HTFL&interval=D,False,False,False,False
AVAH,Aveanna Healthcare Holdings Inc.,NASDAQ,Medical/Nursing Services,12.38,13.39,11.83,4.04,4.37,3573181.9,3934028.5,48703273.0,52670085.0,-13.61,435,-9.14,277,46.86,58,89.01,67,42.24,1.06,2026-11-05,False,https://www.tradingview.com/chart/?symbol=NASDAQ:AVAH&interval=D,False,False,False,False
BLSH,Bullish,NYSE,Packaged Software,39.69,33.31,29.34,5.86,6.05,1912517.2,1811407.2666666666,71894754.0,60336768.0,19.33,27,32.3,20,82.4,20,11.99,243,42.23,5.83,2026-11-25,False,https://www.tradingview.com/chart/?symbol=NYSE:BLSH&interval=D,False,True,True,False
MDB,"MongoDB, Inc.",NASDAQ,Packaged Software,421.4,408.77,384.38,4.45,5.05,1384069.2,1808976.4666666666,762302683.0,739464355.0,12.1,48,3.61,138,43.21,63,77.33,86,41.39,1.91,2026-12-07,False,https://www.tradingview.com/chart/?symbol=NASDAQ:MDB&interval=D,False,False,False,False
HOOD,"Robinhood Markets, Inc.",NASDAQ,Investment Banks/Brokers,120.82,109.68,103.98,4.81,5.26,23884571.3,22608206.633333333,2731523525.0,2479773609.0,9.74,73,17.07,61,29.61,91,76.28,91,40.99,3.08,2026-11-04,False,https://www.tradingview.com/chart/?symbol=NASDAQ:HOOD&interval=D,False,False,False,False
PI,"Impinj, Inc.",NASDAQ,Semiconductors,176.57,172.07,163.73,4.27,4.47,456642.6,380150.7,67123209.0,65412087.0,-3.35,261,9.09,106,36.17,78,76.62,90,40.63,1.76,2026-10-28,False,https://www.tradingview.com/chart/?symbol=NASDAQ:PI&interval=D,False,False,False,False
DOCU,"DocuSign, Inc.",NASDAQ,Packaged Software,68.99,65.33,61.1,4.22,4.09,3708473.6,3594532.066666667,247986767.0,234815204.0,-0.25,212,11.74,90,60.82,34,48.97,138,40.51,3.16,2026-12-03,False,https://www.tradingview.com/chart/?symbol=NASDAQ:DOCU&interval=D,False,False,False,False
ANF,Abercrombie & Fitch Company,NYSE,Apparel/Footwear Retail,134.3,131.43,120.16,4.15,4.68,1270372.7,2049574.0333333334,275257793.0,269378931.0,-5.25,301,19.73,49,51.26,52,49.89,134,40.29,2.51,2026-11-24,False,https://www.tradingview.com/chart/?symbol=NYSE:ANF&interval=D,False,False,False,False
HUT,Hut 8 Corp.,NASDAQ,Data Processing Services,101.54,89.35,93.43,7.11,7.83,4941766.700000009,4909702.199999998,498531161.0,438658161.0,5.22,125,26.73,28,-10.7,283,104.22,56,40.09,1.11,2026-11-18,False,https://www.tradingview.com/chart/?symbol=NASDAQ:HUT&interval=D,False,False,False,False
BLLN,"BillionToOne, Inc.",NASDAQ,Medical/Nursing Services,124.9,99.69,109.44,5.33,5.56,701982.1,633008.3666666667,79062745.0,63105343.0,18.55,29,28.76,25,12.52,155,78.4,83,39.9,2.54,2026-12-15,False,https://www.tradingview.com/chart/?symbol=NASDAQ:BLLN&interval=D,False,False,False,False
PBF,PBF Energy Inc.,NYSE,Oil Refining/Marketing,71.9,73.42,70.01,6.34,6.4,5156245.7,3451744.1666666665,248180406.0,253424756.0,-3.2,258,4.11,134,71.6,27,42.73,154,39.48,0.42,2026-10-29,False,https://www.tradingview.com/chart/?symbol=NYSE:PBF&interval=D,False,False,False,False
VLO,Valero Energy Corporation,NYSE,Oil Refining/Marketing,382.86,368.87,344.83,4.37,4.04,4976368.399999976,3254186.800000005,1245897958.0,1200371885.0,-3.91,273,12.05,87,51.05,53,54.47,125,39.19,2.73,2026-10-22,False,https://www.tradingview.com/chart/?symbol=NYSE:VLO&interval=D,False,False,False,False
SWKS,"Skyworks Solutions, Inc.",NASDAQ,Semiconductors,87.81,75.97,71.12,6.22,5.22,9075644.6,6992183.9,613983668.0,531226510.0,1.22,181,31.12,22,29.09,92,56.5,119,38.9,4.5,2026-10-29,False,https://www.tradingview.com/chart/?symbol=NASDAQ:SWKS&interval=D,False,True,False,False
BE,Bloom Energy Corporation,NYSE,Electronic Production Equipment,266.65,240.55,228.04,5.69,6.92,19179991.7,14973489.533333333,3992680984.0,3601927810.0,-5.83,315,24.87,32,-9.46,272,100.5,59,38.64,2.45,2026-10-29,False,https://www.tradingview.com/chart/?symbol=NYSE:BE&interval=D,False,False,False,False
TVTX,"Travere Therapeutics, Inc.",NASDAQ,Pharmaceuticals: Major,60.62,64.65,61.92,4.26,4.09,1818825.5,1439331.2666666666,87252261.0,93055165.0,-6.03,318,-7.79,260,2.16,196,119.48,47,37.95,-0.51,2026-10-22,False,https://www.tradingview.com/chart/?symbol=NASDAQ:TVTX&interval=D,False,False,False,False
SHAZ,"SharonAI Holdings, Inc.",NASDAQ,Data Processing Services,56.4,59.29,58.65,7.52,9.53,1414930.8,1628084.8,91823983.0,96533489.0,2.23,158,-4.55,229,-26.42,371,143.73,33,37.59,-0.4,2026-11-04,False,https://www.tradingview.com/chart/?symbol=NASDAQ:SHAZ&interval=D,False,False,False,False
PRGO,Perrigo Company plc,NYSE,Pharmaceuticals: Major,14.68,13.99,12.86,4.12,4.19,3048890.2,2694296.1333333333,39552267.0,37684222.0,6.76,99,3.23,142,51.81,49,57.51,115,37.52,3.39,2026-11-11,False,https://www.tradingview.com/chart/?symbol=NYSE:PRGO&interval=D,False,False,False,False
RUM,RUM Group Inc.,NASDAQ,Internet Software/Services,8.6,8.55,7.58,7.08,7.42,8442042.9,5744207.333333333,49400183.0,49088081.0,-0.69,217,-8.7,272,40.98,69,76.95,88,36.41,1.8,2026-11-16,False,https://www.tradingview.com/chart/?symbol=NASDAQ:RUM&interval=D,False,False,False,False
INSP,"Inspire Medical Systems, Inc.",NYSE,Medical Specialties,68.81,65.35,60.91,5.56,4.94,1045540.7,708357.4,48742073.0,46289739.0,-6.43,328,12.45,82,58.95,38,37.35,163,36.25,2.63,2026-11-09,False,https://www.tradingview.com/chart/?symbol=NYSE:INSP&interval=D,False,False,False,False
FCEL,"FuelCell Energy, Inc.",NASDAQ,Electronic Equipment/Instruments,16.39,17.82,18.99,7.29,9.81,5502630.599999997,7388190.399999994,121092441.0,131642777.0,0.43,200,-15.73,344,-18.74,332,141.74,36,35.76,-1.4,2026-12-17,False,https://www.tradingview.com/chart/?symbol=NASDAQ:FCEL&interval=D,False,False,False,False
HPQ,HP Inc.,NYSE,Information Technology Services,31.14,31.54,29.76,5.41,5.17,18324840.599999994,16453210.800000103,512352984.0,518945237.0,-5.66,312,8.5,108,36.94,76,61.43,110,35.62,0.9,2026-12-01,False,https://www.tradingview.com/chart/?symbol=NYSE:HPQ&interval=D,False,False,False,False
WT,"WisdomTree, Inc.",NYSE,Investment Managers,23.99,23.62,22.39,4.01,3.98,3584424.9,2707047.1,64942060.0,63946769.0,5.68,113,-0.04,174,37.87,75,66.95,103,34.93,1.79,2026-10-23,False,https://www.tradingview.com/chart/?symbol=NYSE:WT&interval=D,False,False,False,False
ELF,"e.l.f. Beauty, Inc.",NYSE,Household/Personal Care,100.57,100.38,93.93,4.12,4.33,1443825.1,1587457.1666666667,159650567.0,159350009.0,5.19,126,-4.45,224,55.73,45,53.05,127,34.78,1.63,2026-11-11,False,https://www.tradingview.com/chart/?symbol=NYSE:ELF&interval=D,False,False,False,False
INOD,Innodata Inc.,NASDAQ,Data Processing Services,71.87,59.16,60.24,5.14,5.75,1977984.0,1350299.3666666667,97046015.0,79883485.0,24.15,11,24.32,33,-0.17,209,79.41,82,34.52,3.36,2026-11-05,False,https://www.tradingview.com/chart/?symbol=NASDAQ:INOD&interval=D,True,False,False,False
VICR,Vicor Corporation,NASDAQ,Electronic Components,276.06,208.83,211.57,5.39,6.53,1162834.7,906165.6333333333,250156085.0,189236079.0,33.65,6,39.78,12,-13.6,304,77.33,87,34.5,4.67,2026-10-27,False,https://www.tradingview.com/chart/?symbol=NASDAQ:VICR&interval=D,True,True,False,False
UMAC,"Unusual Machines, Inc.",AMEX,Electronic Equipment/Instruments,23.93,25.05,23.76,6.94,8.3,2342003.3,3775754.4,90353803.0,94571320.0,5.51,116,-4.01,218,25.95,104,80.74,81,34.23,0.09,2026-11-12,False,https://www.tradingview.com/chart/?symbol=AMEX:UMAC&interval=D,False,False,False,False
SPSC,"SPS Commerce, Inc.",NASDAQ,Packaged Software,82.69,81.12,76.19,4.08,3.87,625461.2,517713.5,42809729.0,41996833.0,2.66,150,3.08,143,47.56,56,51.78,131,34.14,2.21,2026-10-22,False,https://www.tradingview.com/chart/?symbol=NASDAQ:SPSC&interval=D,False,False,False,False
GCT,GigaCloud Technology Inc,NASDAQ,Wholesale Distributors,53.91,51.59,48.3,4.85,4.8,741986.3,598380.8,32258709.0,30872560.0,2.49,152,6.04,120,70.76,29,25.2,196,34.0,2.42,2026-11-26,False,https://www.tradingview.com/chart/?symbol=NASDAQ:GCT&interval=D,False,False,False,False
SITM,SiTime Corporation,NASDAQ,Semiconductors,643.24,609.55,598.78,5.53,6.43,557275.1,419055.43333333335,269553217.0,255434890.0,10.87,63,6.71,117,-1.63,217,96.01,61,33.7,1.16,2026-11-04,False,https://www.tradingview.com/chart/?symbol=NASDAQ:SITM&interval=D,False,False,False,False
BRKR,Bruker Corporation,NASDAQ,Medical Specialties,64.0,58.21,58.38,4.51,4.77,2622266.6,2099896.933333333,134393404.0,122231501.0,3.39,146,11.54,94,5.97,181,82.96,80,33.49,2.02,2026-10-29,False,https://www.tradingview.com/chart/?symbol=NASDAQ:BRKR&interval=D,False,False,False,False
BETA,"Beta Technologies, Inc.",NYSE,Aerospace & Defense,23.15,22.41,21.47,6.93,7.14,5678924.2,3430199.066666667,79409108.0,76886769.0,9.98,72,-3.54,211,47.45,57,55.79,121,33.23,1.09,2026-12-03,False,https://www.tradingview.com/chart/?symbol=NYSE:BETA&interval=D,False,False,False,False
LFST,"LifeStance Health Group, Inc.",NASDAQ,Medical/Nursing Services,11.8,12.57,11.96,4.07,4.07,6847105.9,4987661.2,58854402.0,62679938.0,-7.96,354,-3.2,208,19.68,123,78.25,84,31.57,-0.32,2026-11-05,False,https://www.tradingview.com/chart/?symbol=NASDAQ:LFST&interval=D,False,False,False,False
MRX,Marex Group Limited,NASDAQ,Internet Software/Services,72.69,72.65,69.12,4.42,4.52,767749.4,756184.8666666667,54967078.0,54933302.0,-0.21,211,2.71,145,13.38,146,77.34,85,31.14,1.14,2026-11-05,False,https://www.tradingview.com/chart/?symbol=NASDAQ:MRX&interval=D,False,False,False,False
CXW,"CoreCivic, Inc.",NYSE,Miscellaneous Commercial Services,34.36,33.67,32.77,4.73,4.73,2273641.0,1868346.1666666667,64196374.0,62900365.0,-1.88,242,1.9,156,13.51,145,76.84,89,30.75,1.03,2026-11-09,False,https://www.tradingview.com/chart/?symbol=NYSE:CXW&interval=D,False,False,False,False
DOCN,"DigitalOcean Holdings, Inc.",NYSE,Packaged Software,141.57,123.37,123.56,6.87,6.84,3284542.3,2641045.2,373892769.0,325814302.0,8.62,83,24.18,34,-1.69,219,69.26,100,30.59,2.13,2026-11-09,False,https://www.tradingview.com/chart/?symbol=NYSE:DOCN&interval=D,False,False,False,False
QRVO,"Qorvo, Inc.",NASDAQ,Semiconductors,116.34,104.52,99.21,4.43,3.71,1685500.0,1240671.5333333334,144339726.0,129677263.0,1.25,178,21.82,40,24.59,109,45.32,145,30.58,4.65,2026-11-04,False,https://www.tradingview.com/chart/?symbol=NASDAQ:QRVO&interval=D,False,False,False,False
AMRX,"Amneal Pharmaceuticals, Inc.",NASDAQ,Pharmaceuticals: Major,19.8,17.99,18.04,4.26,4.2,3277763.3,2186973.3666666667,43313008.0,39338183.0,6.71,100,11.39,96,14.65,143,64.9,106,30.31,2.32,2026-10-29,False,https://www.tradingview.com/chart/?symbol=NASDAQ:AMRX&interval=D,False,False,False,False
GEO,Geo Group Inc (The) REIT,NYSE,Miscellaneous Commercial Services,31.96,31.43,31.18,4.14,4.09,2670286.7,2326827.1666666665,74365396.0,73126749.0,0.88,191,-0.53,182,6.93,172,84.53,76,30.31,0.61,2026-11-05,False,https://www.tradingview.com/chart/?symbol=NYSE:GEO&interval=D,False,False,False,False
ERO,Ero Copper Corp.,NYSE,Other Metals/Minerals,37.11,35.92,32.99,4.05,5.27,1294608.3,1527573.4333333333,56688250.0,54863818.0,11.11,60,-2.37,194,41.7,67,51.41,133,30.25,2.37,2026-11-10,False,https://www.tradingview.com/chart/?symbol=NYSE:ERO&interval=D,False,False,False,False
ASAN,"Asana, Inc.",NYSE,Packaged Software,9.16,9.45,8.93,6.25,6.78,10437509.4,7238004.833333333,66300124.0,68391908.0,-4.08,280,-3.68,214,42.24,66,51.66,132,30.07,0.38,2026-12-08,False,https://www.tradingview.com/chart/?symbol=NYSE:ASAN&interval=D,False,False,False,False
CHYM,"Chime Financial, Inc.",NASDAQ,Packaged Software,27.07,32.03,29.09,5.34,5.66,9315743.7,8082717.8,218799171.0,258900228.0,-15.34,444,-18.04,369,50.14,55,56.11,120,29.4,-1.23,2026-11-11,False,https://www.tradingview.com/chart/?symbol=NASDAQ:CHYM&interval=D,False,False,False,False
DK,"Delek US Holdings, Inc.",NYSE,Oil Refining/Marketing,66.91,72.12,68.87,6.1,6.68,3348804.0,2312549.033333333,154732656.0,166789516.0,-13.96,437,0.27,171,43.49,62,43.38,151,29.05,-0.43,2026-11-11,False,https://www.tradingview.com/chart/?symbol=NYSE:DK&interval=D,False,False,False,False
MANE,"Veradermics, Incorporated",NYSE,Pharmaceuticals: Major,115.72,104.77,106.47,4.99,5.35,968985.4,694623.6666666666,80381851.0,72775490.0,9.62,75,15.36,71,-1.63,218,72.69,96,28.81,1.62,2026-12-02,False,https://www.tradingview.com/chart/?symbol=NYSE:MANE&interval=D,False,False,False,False
CBRL,"Cracker Barrel Old Country Store, Inc.",NASDAQ,Restaurants,51.84,52.71,53.77,4.87,5.1,1412585.9,980476.2333333333,50827888.0,51677797.0,18.57,28,-11.0,299,7.82,169,87.96,70,28.26,-0.7,2026-11-27,False,https://www.tradingview.com/chart/?symbol=NASDAQ:CBRL&interval=D,False,False,False,False
DAVE,Dave Inc.,NASDAQ,Major Banks,331.46,355.37,369.49,5.94,6.55,362573.0,364757.36666666664,120900653.0,129624373.0,-11.5,416,-8.52,269,4.58,191,86.67,73,27.58,-1.57,2026-11-10,False,https://www.tradingview.com/chart/?symbol=NASDAQ:DAVE&interval=D,False,False,False,False
KEEL,Keel Infrastructure Corp.,NASDAQ,Data Processing Services,3.9,3.5,3.7,6.35,7.68,34455166.9,37722083.4,147116125.0,132052440.0,7.73,91,18.18,55,-31.22,399,95.0,63,27.32,0.72,2026-11-16,False,https://www.tradingview.com/chart/?symbol=NASDAQ:KEEL&interval=D,False,False,False,False
GRML,Greenland Mines Ltd,NASDAQ,Miscellaneous Commercial Services,14.89,6.86,8.09,12.44,17.05,42174568.6,14546031.580666667,216590410.0,99836688.0,391.42,1,44.56,9,35.36,79,1.22,270,27.05,4.93,,False,https://www.tradingview.com/chart/?symbol=NASDAQ:GRML&interval=D,True,True,False,False
MMED,"MiniMed Group, Inc.",NASDAQ,Medical Specialties,20.44,21.2,19.93,4.62,4.85,2901359.8,2252668.8,46044550.0,47753200.0,-9.44,382,2.46,148,43.74,61,34.3,171,26.83,0.53,2026-12-30,False,https://www.tradingview.com/chart/?symbol=NASDAQ:MMED&interval=D,False,False,False,False
SG,"Sweetgreen, Inc.",NYSE,Restaurants,8.26,6.85,6.57,5.34,5.39,5158078.4,4974637.666666667,41090507.0,34099483.0,19.54,23,17.83,57,-6.56,254,68.57,101,26.61,4.79,2026-11-05,False,https://www.tradingview.com/chart/?symbol=NYSE:SG&interval=D,True,False,False,False
SANM,Sanmina Corporation,NASDAQ,Electronic Production Equipment,221.88,200.8,200.37,4.36,4.83,630644.7,595382.0666666667,132103373.0,119555101.0,10.69,64,16.47,64,-9.73,276,72.39,97,26.37,2.23,2026-11-09,False,https://www.tradingview.com/chart/?symbol=NASDAQ:SANM&interval=D,False,False,False,False
VSAT,"ViaSat, Inc.",NASDAQ,Telecommunications Equipment,73.72,73.85,75.21,5.47,5.63,1814076.9,1697680.3,125152992.0,125373407.0,0.99,190,-0.24,178,24.67,107,54.58,124,26.34,-0.35,2026-11-11,False,https://www.tradingview.com/chart/?symbol=NASDAQ:VSAT&interval=D,False,False,False,False
WGS,GeneDx Holdings Corp.,NASDAQ,Medical/Nursing Services,88.48,87.34,79.4,6.89,6.87,910263.8,629548.3,55702434.0,54983385.0,-11.17,412,3.49,140,30.73,88,44.76,147,26.33,1.66,2026-11-03,False,https://www.tradingview.com/chart/?symbol=NASDAQ:WGS&interval=D,False,False,False,False
FSLY,"Fastly, Inc.",NASDAQ,Information Technology Services,26.68,24.35,23.67,9.97,10.0,10935547.6,6874672.666666667,183416267.0,167407446.0,13.34,41,14.51,76,68.75,31,-5.07,295,26.06,1.27,2026-11-04,False,https://www.tradingview.com/chart/?symbol=NASDAQ:FSLY&interval=D,False,False,False,False
HIVE,HIVE Digital Technologies Ltd,NASDAQ,Information Technology Services,3.3,3.01,2.96,4.93,6.18,12757919.299999993,20297607.266666666,66982104.0,61058586.0,8.37,86,14.98,72,-11.05,285,73.68,95,25.87,1.86,2026-11-16,False,https://www.tradingview.com/chart/?symbol=NASDAQ:HIVE&interval=D,False,False,False,False
DUOL,"Duolingo, Inc.",NASDAQ,Packaged Software,147.75,146.51,140.62,4.74,5.18,1139683.2,1186578.4,175316959.0,173847183.0,1.33,176,1.42,162,22.92,114,52.63,128,25.66,0.98,2026-11-11,False,https://www.tradingview.com/chart/?symbol=NASDAQ:DUOL&interval=D,False,False,False,False
RIOT,"Riot Platforms, Inc.",NASDAQ,Information Technology Services,23.48,20.94,20.93,5.37,6.59,17456966.0,17167002.3,403081214.0,359457000.0,10.18,68,18.11,56,-13.23,299,71.89,98,25.59,1.85,2026-11-10,False,https://www.tradingview.com/chart/?symbol=NASDAQ:RIOT&interval=D,False,False,False,False
SMCIP,"Super Micro Computer, Inc. - Depositary Shares Each Representing a 1/20th Interest in a Share of 7% Series A Mandatory Convertible Preferred Stock",NASDAQ,Computer Processing Hardware,69.28,64.69,59.36,4.03,4.71,763278.4,634051.6666666666,43927099.0,41015112.0,6.5,103,11.74,91,28.11,97,36.51,164,25.45,3.55,2026-11-03,False,https://www.tradingview.com/chart/?symbol=NASDAQ:SMCIP&interval=D,False,False,False,False
CLF,Cleveland-Cliffs Inc.,NYSE,Steel,12.5,11.95,11.69,4.08,4.73,15268715.5,14312273.333333334,178903417.0,171084145.0,0.0,206,10.42,100,19.96,122,45.86,144,25.41,1.46,2026-10-26,False,https://www.tradingview.com/chart/?symbol=NYSE:CLF&interval=D,False,False,False,False
COIN,"Coinbase Global, Inc.",NASDAQ,Investment Banks/Brokers,199.21,178.34,169.75,4.8,5.9,12188081.1,10629526.466666667,2117507967.0,1895655577.0,17.32,32,13.19,80,43.08,64,18.54,220,24.94,2.94,2026-10-29,False,https://www.tradingview.com/chart/?symbol=NASDAQ:COIN&interval=D,False,False,False,False
ORKA,"Oruka Therapeutics, Inc.",NASDAQ,Pharmaceuticals: Major,85.49,97.54,96.65,6.11,6.42,1158874.6,911230.1333333333,77901064.0,88881083.0,-9.94,395,-18.38,374,-0.06,208,89.89,66,23.82,-1.8,2026-11-18,False,https://www.tradingview.com/chart/?symbol=NASDAQ:ORKA&interval=D,False,False,False,False
CLSK,"CleanSpark, Inc.",NASDAQ,Data Processing Services,14.26,12.77,13.09,6.1,6.68,19239194.0,18779037.466666665,267789074.0,239802049.0,5.86,110,20.13,46,-7.34,256,57.05,117,23.28,1.33,2026-12-16,False,https://www.tradingview.com/chart/?symbol=NASDAQ:CLSK&interval=D,False,False,False,False
NCNO,"nCino, Inc.",NASDAQ,Packaged Software,19.97,21.4,20.15,4.27,4.6,2441344.3,2697380.8,53866695.0,57711361.0,-7.59,349,-3.81,217,38.87,72,33.71,176,22.93,-0.19,2026-12-02,False,https://www.tradingview.com/chart/?symbol=NASDAQ:NCNO&interval=D,False,False,False,False
PARR,"Par Pacific Holdings, Inc. Common Stock",NYSE,Oil Refining/Marketing,76.77,80.21,79.15,5.75,5.85,1123740.7000000016,929329.6333333339,71344636.0,74539361.0,-7.79,350,3.06,144,43.84,60,21.86,210,22.92,-0.51,2026-11-09,False,https://www.tradingview.com/chart/?symbol=NYSE:PARR&interval=D,False,False,False,False
PGY,Pagaya Technologies Ltd.,NASDAQ,Packaged Software,18.72,21.24,20.28,6.14,6.59,2826493.1999999955,2329181.466666667,43602277.0,49467932.0,-15.52,445,-14.21,329,19.39,125,62.64,109,22.61,-1.16,2026-11-17,False,https://www.tradingview.com/chart/?symbol=NASDAQ:PGY&interval=D,False,False,False,False
MARA,"MARA Holdings, Inc.",NASDAQ,Data Processing Services,12.92,11.31,11.27,6.02,6.87,52197658.1,50551982.03333333,653131608.0,571734491.0,12.74,44,16.71,63,-4.86,243,55.48,122,22.44,2.14,2026-11-11,False,https://www.tradingview.com/chart/?symbol=NASDAQ:MARA&interval=D,False,False,False,False
CLS,"Celestica, Inc.",NYSE,Electronic Components,373.56,321.36,324.44,4.4,5.21,2220620.7,2248328.1333333333,839885457.0,722528724.0,10.6,66,22.95,37,6.31,177,38.02,159,22.43,2.9,2026-10-26,False,https://www.tradingview.com/chart/?symbol=NYSE:CLS&interval=D,False,False,False,False
QCOM,QUALCOMM Incorporated,NASDAQ,Semiconductors,194.26,173.5,169.61,4.69,4.34,16451799.3,12657091.066666666,2458766511.0,2196026395.0,2.06,164,21.16,43,-3.69,236,49.56,136,22.34,3.35,2026-11-11,False,https://www.tradingview.com/chart/?symbol=NASDAQ:QCOM&interval=D,False,False,False,False
CRDO,Credo Technology Group Holding Ltd,NASDAQ,Information Technology Services,195.97,202.25,209.9,4.2,6.72,8726023.6,7632541.633333334,1495749184.0,1543684090.0,16.2,37,-14.45,330,-24.99,365,106.28,54,22.28,-0.99,2026-12-02,False,https://www.tradingview.com/chart/?symbol=NASDAQ:CRDO&interval=D,False,False,False,False
WIX,Wix.com Ltd.,NASDAQ,Packaged Software,77.53,80.53,71.37,6.5,6.95,1206554.7,1563317.7,121204021.0,125899185.0,-3.57,264,-6.76,244,83.07,19,-12.36,329,21.32,1.24,2026-11-05,False,https://www.tradingview.com/chart/?symbol=NASDAQ:WIX&interval=D,False,False,True,False
CCC,CCC Intelligent Solutions Holdings Inc.,NASDAQ,Packaged Software,6.87,7.04,6.74,4.73,4.55,15130638.6,11226084.066666666,77123198.0,79061568.0,8.87,81,-7.41,252,54.38,47,16.44,229,21.14,0.44,2026-10-29,False,https://www.tradingview.com/chart/?symbol=NASDAQ:CCC&interval=D,False,False,False,False
AI,"C3.ai, Inc.",NYSE,Packaged Software,10.76,10.44,9.97,4.22,4.45,4654650.3,5108722.366666666,54969853.0,53328250.0,1.22,180,7.28,113,23.75,111,32.02,182,21.02,1.79,2026-12-09,False,https://www.tradingview.com/chart/?symbol=NYSE:AI&interval=D,False,False,False,False
SYRE,"Spyre Therapeutics, Inc.",NASDAQ,Pharmaceuticals: Major,87.09,94.86,97.28,4.42,5.23,1421986.1999999997,1228636.4666666666,107001950.0,116554189.0,-6.21,322,-20.12,392,-4.3,239,85.57,74,20.39,-2.0,2026-11-05,False,https://www.tradingview.com/chart/?symbol=NASDAQ:SYRE&interval=D,False,False,False,False
SNAP,Snap Inc.,NYSE,Packaged Software,5.43,5.48,5.25,4.78,5.24,34482162.4,35679049.3,193737238.0,195675799.0,-7.18,339,-2.51,198,25.69,105,37.82,161,20.33,0.67,2026-10-15,False,https://www.tradingview.com/chart/?symbol=NYSE:SNAP&interval=D,False,False,False,False
DFTX,"Definium Therapeutics, Inc.",NASDAQ,Pharmaceuticals: Major,36.73,40.77,41.87,5.32,6.01,2939645.5999999987,2105961.233333331,77351956.0,85866357.0,-5.48,303,-16.47,355,-17.83,327,95.06,62,20.26,-2.05,2026-11-05,False,https://www.tradingview.com/chart/?symbol=NASDAQ:DFTX&interval=D,False,False,False,False
FDS,FactSet Research Systems Inc.,NYSE,Financial Publishing/Services,271.25,289.21,280.57,4.2,4.4,789689.8,868294.6666666666,235524928.0,251119501.0,-0.76,218,-9.27,280,30.4,89,38.28,158,19.81,-0.76,2026-09-30,False,https://www.tradingview.com/chart/?symbol=NYSE:FDS&interval=D,False,False,False,False
ACMR,"ACM Research, Inc.",NASDAQ,Industrial Machinery,76.18,74.91,77.48,5.6,6.94,1315241.1,1021360.8333333351,77807268.0,76511672.0,12.54,45,-4.27,221,-24.56,364,87.82,71,19.66,-0.24,2026-11-11,False,https://www.tradingview.com/chart/?symbol=NASDAQ:ACMR&interval=D,False,False,False,False
IOT,Samsara Inc.,NYSE,Packaged Software,39.32,39.69,38.74,5.72,5.42,6143676.7,6804356.266666667,267547288.0,270069436.0,-2.85,255,-1.26,187,35.07,82,25.06,198,19.63,0.28,2026-11-26,False,https://www.tradingview.com/chart/?symbol=NYSE:IOT&interval=D,False,False,False,False
CNH,CNH Industrial N.V.,NYSE,Trucks/Construction/Farm Machinery,13.28,12.52,11.8,4.0,4.06,17137821.6,22477349.0,298499195.0,281386440.0,-3.7,266,11.6,93,24.0,110,22.06,209,19.22,3.08,2026-11-10,False,https://www.tradingview.com/chart/?symbol=NYSE:CNH&interval=D,False,False,False,False
SIG,Signet Jewelers Limited,NYSE,Specialty Stores,100.5,90.63,91.91,4.41,4.17,1050802.3,996551.7333333333,100153449.0,90312501.0,-4.06,277,19.79,48,21.48,118,15.52,234,18.93,2.24,2026-12-08,False,https://www.tradingview.com/chart/?symbol=NYSE:SIG&interval=D,False,False,False,False
INFQ,"Infleqtion, Inc.",NYSE,Computer Processing Hardware,14.3,13.21,12.05,5.93,6.58,9393736.3,9248856.466666667,132258647.0,122186643.0,7.6,93,6.44,119,12.78,150,37.5,162,18.9,2.84,2026-12-02,False,https://www.tradingview.com/chart/?symbol=NYSE:INFQ&interval=D,False,False,False,False
DAIC,"CID HoldCo, Inc.",NASDAQ,Miscellaneous,3.41,2.72,2.02,20.17,27.34,13395687.5,16159724.8,55104662.0,43904410.0,-17.23,448,-6.19,238,93.75,11,-31.11,399,18.82,2.52,,False,https://www.tradingview.com/chart/?symbol=NASDAQ:DAIC&interval=D,False,False,True,False
AUGO,Aura Minerals Inc.,NASDAQ,Other Metals/Minerals,83.07,85.16,75.05,4.99,5.81,1305736.4000000013,1071203.1666666653,88984847.0,91219198.0,-8.98,370,-3.16,205,34.29,83,25.09,197,18.74,1.84,2026-11-05,False,https://www.tradingview.com/chart/?symbol=NASDAQ:AUGO&interval=D,False,False,False,False
EAT,"Brinker International, Inc.",NYSE,Restaurants,206.71,224.65,218.02,4.43,4.65,1998129.0,1262135.9666666666,260896126.0,283535059.0,-1.64,235,-18.29,373,21.14,121,53.12,126,18.66,-1.11,2026-11-04,False,https://www.tradingview.com/chart/?symbol=NYSE:EAT&interval=D,False,False,False,False
CNXC,Concentrix Corporation,NASDAQ,Information Technology Services,29.39,28.09,26.78,6.5,6.7,2053583.2,1535086.9666666666,45116206.0,43124686.0,1.34,175,15.75,68,30.39,90,8.21,253,18.12,1.45,2026-09-29,False,https://www.tradingview.com/chart/?symbol=NASDAQ:CNXC&interval=D,False,False,False,False
SHOP,Shopify Inc.,NASDAQ,Miscellaneous Commercial Services,145.16,142.42,137.61,4.62,4.9,12159229.3,9059433.766666668,1315067406.0,1290235498.0,11.45,58,-3.17,206,28.92,94,27.88,192,17.88,1.12,2026-10-22,False,https://www.tradingview.com/chart/?symbol=NASDAQ:SHOP&interval=D,False,False,False,False
AFRM,"Affirm Holdings, Inc.",NASDAQ,Finance/Rental/Leasing,71.57,73.55,73.96,4.35,5.11,4508110.5,5221745.9,373720354.0,384060281.0,-3.31,260,-7.56,254,-5.67,249,66.48,104,17.75,-0.63,2026-11-11,False,https://www.tradingview.com/chart/?symbol=NASDAQ:AFRM&interval=D,False,False,False,False
LITE,Lumentum Holdings Inc.,NASDAQ,Electrical Products,929.04,904.18,854.36,5.98,6.73,4788758.4,4412613.766666667,4099494694.0,3989815501.0,-0.62,215,8.27,109,12.95,148,31.52,183,17.58,1.3,2026-11-10,False,https://www.tradingview.com/chart/?symbol=NASDAQ:LITE&interval=D,False,False,False,False
GDDY,GoDaddy Inc.,NYSE,Data Processing Services,100.81,98.47,96.27,5.33,5.5,3439081.7,2355340.566666667,237441883.0,231931956.0,1.11,187,1.35,163,26.03,103,24.63,200,17.33,0.86,2026-10-29,False,https://www.tradingview.com/chart/?symbol=NYSE:GDDY&interval=D,False,False,False,False
AUR,"Aurora Innovation, Inc.",NASDAQ,Packaged Software,6.06,6.23,6.33,5.62,6.2,37543584.1,32885336.133333333,199285137.0,205012666.0,-7.06,336,5.39,123,-0.98,213,46.29,142,16.9,-0.68,2026-11-04,False,https://www.tradingview.com/chart/?symbol=NASDAQ:AUR&interval=D,False,False,False,False
IONQ,"IonQ, Inc.",NYSE,Computer Processing Hardware,44.98,40.73,39.46,5.5,6.24,25581858.4,21068690.666666668,947669706.0,858092656.0,17.38,31,6.89,115,-9.41,271,52.22,129,16.57,2.24,2026-11-11,False,https://www.tradingview.com/chart/?symbol=NYSE:IONQ&interval=D,False,False,False,False
PAY,"Paymentus Holdings, Inc.",NYSE,Miscellaneous Commercial Services,30.95,36.78,35.96,5.21,5.83,1390458.0,1206256.4666666666,37333638.0,44367721.0,-17.22,447,-20.9,405,45.65,59,24.45,201,16.4,-2.39,2026-11-09,False,https://www.tradingview.com/chart/?symbol=NYSE:PAY&interval=D,False,False,False,False
AXTI,AXT Inc,NASDAQ,Electronic Production Equipment,75.9,68.7,64.77,7.55,9.3,9128401.8,9167814.0,695837083.0,629868549.0,11.77,55,11.29,97,13.62,144,24.02,203,16.31,1.85,2026-10-29,False,https://www.tradingview.com/chart/?symbol=NASDAQ:AXTI&interval=D,False,False,False,False
VCYT,"Veracyte, Inc.",NASDAQ,Medical Specialties,48.54,42.56,46.51,4.82,4.92,1690441.4,1421807.6333333333,69014543.0,60505261.0,22.36,14,15.54,69,-17.1,324,49.86,135,16.1,0.89,2026-11-10,False,https://www.tradingview.com/chart/?symbol=NASDAQ:VCYT&interval=D,True,False,False,False
NWL,Newell Brands Inc.,NASDAQ,Industrial Machinery,5.59,5.92,5.79,4.38,4.83,5819426.2,6345173.066666666,35469517.0,37578230.0,-3.79,271,-8.51,268,-4.44,241,61.1,111,16.05,-0.71,2026-10-23,False,https://www.tradingview.com/chart/?symbol=NASDAQ:NWL&interval=D,False,False,False,False
FLEX,Flex Ltd.,NASDAQ,Electronic Production Equipment,112.4,112.36,115.33,4.12,4.79,3643554.9000000013,3124878.9333333247,351236392.0,351108272.0,1.0,189,1.73,159,-28.75,385,74.62,94,15.86,-0.53,2026-11-04,False,https://www.tradingview.com/chart/?symbol=NASDAQ:FLEX&interval=D,False,False,False,False
MNDY,monday.com Ltd.,NASDAQ,Packaged Software,86.0,90.96,88.22,5.68,6.04,1086776.1,1172584.7666666666,100842290.0,106656356.0,-7.08,337,-6.89,247,27.2,98,26.94,194,15.75,-0.42,2026-11-16,False,https://www.tradingview.com/chart/?symbol=NASDAQ:MNDY&interval=D,False,False,False,False
ARXS,"Arxis, Inc.",NASDAQ,Aerospace & Defense,51.3,52.8,51.51,4.72,4.93,1082437.1,718978.5666666667,36883600.0,37963267.0,1.2,183,-4.34,222,16.3,138,35.0,169,15.65,-0.08,2026-12-02,False,https://www.tradingview.com/chart/?symbol=NASDAQ:ARXS&interval=D,False,False,False,False
BULL,Webull Corporation,NASDAQ,Packaged Software,7.26,8.7,8.21,6.27,6.99,15368887.6,17640440.866666667,128069601.0,153471836.0,-8.68,365,-14.18,328,13.08,147,46.96,140,15.29,-1.65,2026-11-19,False,https://www.tradingview.com/chart/?symbol=NASDAQ:BULL&interval=D,False,False,False,False
IT,"Gartner, Inc.",NYSE,Internet Software/Services,179.32,187.38,176.27,4.35,4.6,1155703.1,1198361.8666666667,214890250.0,224552242.0,-6.41,326,-9.91,286,38.84,73,16.52,228,15.15,0.38,2026-11-03,False,https://www.tradingview.com/chart/?symbol=NYSE:IT&interval=D,False,False,False,False
AMBA,"Ambarella, Inc.",NASDAQ,Semiconductors,69.86,69.55,71.77,6.24,6.23,1596839.2,1646052.7666666666,114993246.0,114482970.0,9.41,77,-2.17,193,12.66,152,34.73,170,15.07,-0.43,2026-12-01,False,https://www.tradingview.com/chart/?symbol=NASDAQ:AMBA&interval=D,False,False,False,False
RHI,Robert Half Inc.,NYSE,Personnel Services,35.79,41.23,40.83,4.14,4.41,1879098.6,1970056.3,70508315.0,81226078.0,-4.23,283,-18.21,372,18.75,127,44.37,149,14.97,-2.8,2026-10-27,False,https://www.tradingview.com/chart/?symbol=NYSE:RHI&interval=D,False,False,False,False
BTBT,"Bit Digital, Inc.",NASDAQ,Miscellaneous Commercial Services,1.79,1.57,1.5,6.02,6.95,28976283.0,32684797.466666665,58505787.0,51375054.0,19.33,26,18.54,51,-4.79,242,28.78,190,14.18,2.74,2026-11-12,False,https://www.tradingview.com/chart/?symbol=NASDAQ:BTBT&interval=D,False,False,False,False
RDW,Redwire Corporation,NYSE,Aerospace & Defense,11.6,11.39,10.85,6.01,6.51,13982370.0,12721217.633333333,147566125.0,144915871.0,3.9,142,1.05,167,8.11,168,32.72,180,13.96,1.06,2026-11-11,False,https://www.tradingview.com/chart/?symbol=NYSE:RDW&interval=D,False,False,False,False
CRCL,"Circle Internet Group, Inc.",NYSE,Packaged Software,93.0,88.61,79.03,6.15,7.13,17334525.8,15812095.5,1470524882.0,1401183572.0,12.05,50,9.76,104,36.93,77,-4.85,294,13.95,2.48,2026-11-18,False,https://www.tradingview.com/chart/?symbol=NYSE:CRCL&interval=D,False,False,False,False
IBRX,"ImmunityBio, Inc.",NASDAQ,Pharmaceuticals: Major,8.64,8.12,7.81,6.03,6.02,13366237.8,9625486.433333334,83164203.0,78120448.0,6.14,106,12.35,85,11.63,158,17.23,225,13.74,1.75,2026-11-05,False,https://www.tradingview.com/chart/?symbol=NASDAQ:IBRX&interval=D,False,False,False,False
VSH,"Vishay Intertechnology, Inc.",NYSE,Electronic Production Equipment,31.8,31.88,33.4,4.5,5.61,2983092.5,3505291.7666666666,111468278.0,111733512.0,-1.24,227,0.92,168,-44.66,436,84.56,75,13.61,-0.85,2026-11-11,False,https://www.tradingview.com/chart/?symbol=NYSE:VSH&interval=D,False,False,False,False
IREN,IREN Limited,NASDAQ,Data Processing Services,46.15,42.89,41.02,5.73,6.39,35608058.8,42187695.36666667,1946962141.0,1809521661.0,1.43,172,14.9,73,-1.07,215,24.75,199,12.86,1.96,2026-12-01,False,https://www.tradingview.com/chart/?symbol=NASDAQ:IREN&interval=D,False,False,False,False
FORM,"FormFactor, Inc.",NASDAQ,Semiconductors,129.04,113.19,111.56,4.38,5.76,1182889.2,1114706.2,143841688.0,126169322.0,17.69,30,14.79,75,-7.97,257,30.99,185,12.61,2.72,2026-11-04,False,https://www.tradingview.com/chart/?symbol=NASDAQ:FORM&interval=D,False,False,False,False
SEI,"Solaris Energy Infrastructure, Inc.",NYSE,Oilfield Services/Equipment,70.1,60.05,58.71,5.17,6.15,2894972.6,2705242.9,189637527.0,162445327.0,4.63,133,29.03,24,-9.17,268,17.42,223,12.42,3.15,2026-11-02,False,https://www.tradingview.com/chart/?symbol=NYSE:SEI&interval=D,False,True,False,False
GKOS,Glaukos Corporation,NYSE,Medical Specialties,154.88,175.66,171.25,4.66,4.3,865675.5,723140.0666666667,111999934.0,127026061.0,-5.64,309,-16.83,359,8.63,166,45.1,146,12.3,-2.22,2026-11-04,False,https://www.tradingview.com/chart/?symbol=NYSE:GKOS&interval=D,False,False,False,False
ROIV,Roivant Sciences Ltd.,NASDAQ,Pharmaceuticals: Major,36.13,37.54,36.39,4.09,4.02,9495320.2,9011618.966666667,325589793.0,338305188.0,-10.67,403,-1.87,189,6.09,179,32.54,181,12.25,-0.18,2026-11-16,False,https://www.tradingview.com/chart/?symbol=NASDAQ:ROIV&interval=D,False,False,False,False
TARS,"Tarsus Pharmaceuticals, Inc.",NASDAQ,Pharmaceuticals: Major,75.96,76.3,70.24,4.52,4.16,593005.2,716167.8666666667,54400111.0,54646712.0,-3.3,259,4.7,128,17.51,134,13.36,239,11.86,1.96,2026-11-10,False,https://www.tradingview.com/chart/?symbol=NASDAQ:TARS&interval=D,False,False,False,False
GLXY,Galaxy Digital Inc.,NASDAQ,Investment Banks/Brokers,25.19,24.01,23.06,5.95,6.94,5194630.8,5582791.4,140630515.0,134027934.0,8.86,82,10.24,101,-8.43,261,33.28,178,11.7,1.33,2026-10-27,False,https://www.tradingview.com/chart/?symbol=NASDAQ:GLXY&interval=D,False,False,False,False
WDC,Western Digital Corporation,NASDAQ,Computer Peripherals,450.31,459.33,474.14,5.17,6.36,7688072.0,6742995.366666662,3036438244.0,3097233090.0,5.39,120,0.8,169,-29.98,391,63.81,107,11.54,-0.79,2026-10-22,False,https://www.tradingview.com/chart/?symbol=NASDAQ:WDC&interval=D,False,False,False,False
W,Wayfair Inc.,NYSE,Specialty Stores,97.67,101.57,98.75,4.41,5.09,2591382.1,2326420.7666666666,227221516.0,236287578.0,-8.72,367,-7.03,249,4.63,190,36.37,165,11.33,-0.21,2026-10-29,False,https://www.tradingview.com/chart/?symbol=NYSE:W&interval=D,False,False,False,False
BTDR,Bitdeer Technologies Group,NASDAQ,Data Processing Services,12.15,11.18,11.02,6.33,7.73,9705044.2,12384155.9,150467494.0,138479631.0,5.56,114,13.55,79,-24.06,363,44.47,148,11.32,1.33,2026-11-16,False,https://www.tradingview.com/chart/?symbol=NASDAQ:BTDR&interval=D,False,False,False,False
KOS,Kosmos Energy Ltd.,NYSE,Integrated Oil,2.79,2.81,2.68,4.97,5.57,13965229.7,12219526.833333334,34092480.0,34345017.0,-1.06,221,1.64,160,31.6,86,-4.45,291,9.6,0.77,2026-11-09,False,https://www.tradingview.com/chart/?symbol=NYSE:KOS&interval=D,False,False,False,False
VOYG,"Voyager Technologies, Inc.",NYSE,Information Technology Services,31.1,35.92,33.74,7.16,8.31,3408537.2,1960364.6666666667,60967341.0,70419566.0,-14.11,440,-13.54,320,7.8,170,33.88,174,9.38,-0.94,2026-11-09,False,https://www.tradingview.com/chart/?symbol=NYSE:VOYG&interval=D,False,False,False,False
CDE,"Coeur Mining, Inc.",NYSE,Precious Metals,18.94,20.33,18.56,4.39,5.45,37945362.8,36243306.666666664,686448228.0,736935154.0,-4.1,281,-7.47,253,18.23,130,17.38,224,9.38,0.38,2026-11-11,False,https://www.tradingview.com/chart/?symbol=NYSE:CDE&interval=D,False,False,False,False
BHVN,Biohaven Ltd.,NYSE,Pharmaceuticals: Major,13.19,14.32,14.31,7.55,8.35,3360859.4,3465303.533333333,45707354.0,49606975.0,8.29,87,-5.52,236,-16.04,319,49.04,137,9.16,-0.94,2026-11-17,False,https://www.tradingview.com/chart/?symbol=NYSE:BHVN&interval=D,False,False,False,False
HIMS,"Hims & Hers Health, Inc.",NYSE,Medical/Nursing Services,29.28,29.14,29.72,4.96,6.2,10590137.8,10883238.933333334,318661236.0,317083166.0,1.84,167,-6.42,241,-8.5,262,42.27,155,9.12,-0.24,2026-11-09,False,https://www.tradingview.com/chart/?symbol=NYSE:HIMS&interval=D,False,False,False,False
WAY,Waystar Holding Corp.,NASDAQ,Packaged Software,24.64,25.11,24.23,4.34,4.6,2509189.3,2155381.6,53108603.0,54120195.0,-7.05,335,-2.65,200,29.01,93,0.49,276,8.95,0.37,2026-11-11,False,https://www.tradingview.com/chart/?symbol=NASDAQ:WAY&interval=D,False,False,False,False
JHX,James Hardie Industries plc.,NYSE,Construction Materials,26.1,28.86,28.26,4.17,3.97,18924238.6,10633926.433333334,277545480.0,306891572.0,-4.99,297,-15.2,338,0.81,203,40.78,156,8.79,-1.93,2026-11-09,False,https://www.tradingview.com/chart/?symbol=NYSE:JHX&interval=D,False,False,False,False
DIOD,Diodes Incorporated,NASDAQ,Semiconductors,94.74,92.87,91.91,4.23,5.02,591858.1,666191.9666666667,63115027.0,61866472.0,2.1,163,2.67,146,-13.14,297,35.34,168,8.29,0.61,2026-11-05,False,https://www.tradingview.com/chart/?symbol=NASDAQ:DIOD&interval=D,False,False,False,False
WYFI,"WhiteFiber, Inc.",NASDAQ,Data Processing Services,20.26,20.47,22.4,5.84,8.6,1288754.1,2468365.466666667,50009084.0,50538137.0,12.24,47,-3.06,204,-43.33,432,71.26,99,8.29,-1.11,2026-11-12,False,https://www.tradingview.com/chart/?symbol=NASDAQ:WYFI&interval=D,False,False,False,False
SEZL,Sezzle Inc.,NASDAQ,Packaged Software,109.78,119.1,134.51,4.64,5.94,554678.0,506112.5,55561030.0,60275468.0,-8.78,369,-9.26,279,-31.79,404,65.48,105,8.14,-3.1,2026-11-05,False,https://www.tradingview.com/chart/?symbol=NASDAQ:SEZL&interval=D,False,False,False,False
RBLX,Roblox Corporation,NYSE,Packaged Software,48.83,43.02,43.43,4.59,4.97,11681289.9,10677826.3,521398258.0,459331613.0,1.41,173,25.56,31,6.3,178,-8.2,313,7.89,2.5,2026-11-11,False,https://www.tradingview.com/chart/?symbol=NYSE:RBLX&interval=D,False,False,False,False
CRML,Critical Metals Corp.,NASDAQ,Precious Metals,8.17,7.11,6.78,6.86,9.15,14772844.3,10081872.266666668,82368896.0,71655227.0,19.97,21,21.4,42,-10.61,282,11.46,245,7.41,2.23,2027-03-03,False,https://www.tradingview.com/chart/?symbol=NASDAQ:CRML&interval=D,True,False,False,False
ACHR,Archer Aviation Inc.,NYSE,Aerospace & Defense,5.71,5.83,5.57,4.48,5.32,26587996.8,27265180.1,155684178.0,159019619.0,7.33,96,-6.85,246,21.23,119,7.74,255,7.37,0.46,2026-11-05,False,https://www.tradingview.com/chart/?symbol=NYSE:ACHR&interval=D,False,False,False,False
PSKY,Paramount Skydance Corporation,NASDAQ,Cable/Satellite TV,10.18,10.53,9.76,5.32,5.17,31798877.4,17552065.8,178680030.0,184785223.0,-8.16,358,-1.36,188,8.76,165,14.64,237,7.35,0.84,2026-11-16,False,https://www.tradingview.com/chart/?symbol=NASDAQ:PSKY&interval=D,False,False,False,False
KSS,Kohl's Corporation,NYSE,Department Stores,17.24,17.9,18.25,4.93,5.63,3743458.2,4455324.633333334,76809797.0,79772588.0,2.25,155,-4.49,227,-8.93,266,35.43,167,7.34,-0.98,2026-11-12,False,https://www.tradingview.com/chart/?symbol=NYSE:KSS&interval=D,False,False,False,False
ARQT,"Arcutis Biotherapeutics, Inc.",NASDAQ,Pharmaceuticals: Major,26.27,25.04,25.88,5.29,5.12,4712746.2,2797827.7666666666,73498935.0,70063669.0,1.23,179,5.04,125,-1.94,223,18.17,221,7.09,0.29,2026-10-29,False,https://www.tradingview.com/chart/?symbol=NASDAQ:ARQT&interval=D,False,False,False,False
AXGN,"Axogen, Inc.",NASDAQ,Medical Specialties,43.32,47.3,45.56,5.1,5.26,1449813.0,1131998.9666666666,49038195.0,53541098.0,-5.64,310,-12.8,315,-2.45,227,36.36,166,7.03,-0.94,2026-11-10,False,https://www.tradingview.com/chart/?symbol=NASDAQ:AXGN&interval=D,False,False,False,False
RMBS,"Rambus, Inc.",NASDAQ,Semiconductors,104.55,90.45,93.13,4.27,5.26,3598973.4,2451218.6666666665,256274912.0,221724167.0,23.8,13,16.19,65,-11.54,287,16.08,231,6.91,2.33,2026-11-02,False,https://www.tradingview.com/chart/?symbol=NASDAQ:RMBS&interval=D,True,False,False,False
ACHC,"Acadia Healthcare Company, Inc.",NASDAQ,Medical/Nursing Services,27.8,28.53,29.98,4.65,5.0,1658094.3,1584661.0666666667,44053578.0,45215662.0,-2.9,257,-3.74,215,6.8,175,16.76,227,6.61,-1.46,2026-11-04,False,https://www.tradingview.com/chart/?symbol=NASDAQ:ACHC&interval=D,False,False,False,False
WOLF,"Wolfspeed, Inc.",NYSE,Semiconductors,26.3,27.12,27.11,6.47,8.36,2300661.6000001146,3135145.700000022,82454332.0,85027241.0,6.52,102,2.37,150,-42.32,430,59.39,114,6.48,-0.36,2026-10-28,False,https://www.tradingview.com/chart/?symbol=NYSE:WOLF&interval=D,False,False,False,False
RDDT,"Reddit, Inc.",NYSE,Internet Software/Services,152.72,155.47,160.22,4.45,5.18,5295732.4,6609820.666666667,1009451812.0,1027617803.0,-1.29,229,-0.5,181,-2.49,228,22.14,208,6.38,-0.9,2026-11-04,False,https://www.tradingview.com/chart/?symbol=NYSE:RDDT&interval=D,False,False,False,False
ONTO,Onto Innovation Inc.,NYSE,Electronic Equipment/Instruments,279.73,281.3,280.53,4.1,5.76,943361.0,915789.4,256173769.0,257614916.0,10.02,70,-3.46,209,-15.49,315,38.02,160,6.35,-0.05,2026-10-29,False,https://www.tradingview.com/chart/?symbol=NYSE:ONTO&interval=D,False,False,False,False
PATH,"UiPath, Inc.",NYSE,Packaged Software,12.6,15.48,14.45,6.59,6.64,51632093.9,62688843.86666667,789879433.0,970381510.0,-6.42,327,-23.91,419,27.14,99,15.6,233,6.28,-1.93,2026-12-09,False,https://www.tradingview.com/chart/?symbol=NYSE:PATH&interval=D,False,False,False,False
POET,POET Technologies Inc.,NASDAQ,Electrical Products,7.75,7.98,7.89,5.18,6.34,8042806.1,8868395.066666633,68730062.0,70760924.0,0.78,192,-2.94,202,-21.64,343,42.99,152,6.14,-0.28,2026-11-12,False,https://www.tradingview.com/chart/?symbol=NASDAQ:POET&interval=D,False,False,False,False
VKTX,"Viking Therapeutics, Inc.",NASDAQ,Pharmaceuticals: Major,36.75,33.44,33.89,5.66,7.52,10536457.3,4728848.2,173785171.0,158126379.0,21.53,19,9.15,105,1.09,201,8.12,254,6.12,1.12,2026-10-28,False,https://www.tradingview.com/chart/?symbol=NASDAQ:VKTX&interval=D,True,False,False,False
CIFR,Cipher Digital Inc.,NASDAQ,Data Processing Services,18.1,16.78,18.21,7.39,8.7,36784949.0,35483611.46666667,642253368.0,595332205.0,0.36,201,15.8,67,-27.43,376,28.92,189,5.76,-0.07,2026-11-11,False,https://www.tradingview.com/chart/?symbol=NASDAQ:CIFR&interval=D,False,False,False,False
WRBY,Warby Parker Inc.,NYSE,Specialty Stores,26.27,24.97,25.46,5.69,5.97,3767711.9,2745572.9,72126200.0,68559701.0,8.55,84,-0.87,184,-3.67,235,21.56,211,5.68,0.53,2026-11-05,False,https://www.tradingview.com/chart/?symbol=NYSE:WRBY&interval=D,False,False,False,False
FPS,"Forgent Power Solutions, Inc.",NYSE,Electrical Products,38.95,33.83,35.11,5.51,6.43,15344235.2,8500340.9,331088278.0,287532531.0,5.96,109,17.64,59,-30.45,395,29.62,188,5.6,1.7,2026-12-02,False,https://www.tradingview.com/chart/?symbol=NYSE:FPS&interval=D,False,False,False,False
GWRE,"Guidewire Software, Inc.",NYSE,Information Technology Services,151.0,170.56,164.47,4.42,5.42,1372442.6,1468152.4333333333,221691017.0,250408568.0,4.14,139,-19.88,389,35.16,81,1.21,271,5.5,-1.51,2026-12-03,False,https://www.tradingview.com/chart/?symbol=NYSE:GWRE&interval=D,False,False,False,False
OCTV,Octave Intelligence plc,NASDAQ,Packaged Software,19.05,18.78,18.41,4.06,4.55,4023690.5,2916696.7,55563072.0,54784800.0,5.72,112,3.7,136,18.4,129,-6.39,300,5.24,0.77,2026-11-12,False,https://www.tradingview.com/chart/?symbol=NASDAQ:OCTV&interval=D,False,False,False,False
EPAM,"EPAM Systems, Inc.",NYSE,Information Technology Services,106.99,112.45,106.38,4.17,4.67,1154686.1,1171357.8,125323571.0,131713718.0,-8.76,368,-2.38,195,37.96,74,-20.31,361,5.09,0.12,2026-10-29,False,https://www.tradingview.com/chart/?symbol=NYSE:EPAM&interval=D,False,False,False,False
TSEM,Tower Semiconductor Ltd.,NASDAQ,Semiconductors,217.28,220.44,225.55,4.64,6.2,2482141.3,1693119.3,367880962.0,373238273.0,1.05,188,-0.2,177,-13.14,298,28.34,191,5.0,-0.59,2026-11-16,False,https://www.tradingview.com/chart/?symbol=NASDAQ:TSEM&interval=D,False,False,False,False
SGRY,"Surgery Partners, Inc.",NASDAQ,Hospital/Nursing Management,14.2,14.15,14.75,5.58,5.79,2958505.2,2692961.066666667,38240047.0,38101808.0,0.71,195,3.27,141,-8.15,259,19.73,217,4.95,-0.65,2026-11-10,False,https://www.tradingview.com/chart/?symbol=NASDAQ:SGRY&interval=D,False,False,False,False
HUBS,"HubSpot, Inc.",NYSE,Packaged Software,221.56,236.58,231.54,5.78,6.4,2184603.4,1664219.0,368724362.0,393714274.0,-5.52,306,-7.62,255,28.58,95,-7.48,310,4.49,-0.67,2026-11-11,False,https://www.tradingview.com/chart/?symbol=NYSE:HUBS&interval=D,False,False,False,False
BRZE,"Braze, Inc.",NASDAQ,Internet Software/Services,24.67,28.8,27.46,5.51,6.26,2107865.4,2884885.5,71170125.0,83073163.0,-0.12,209,-19.62,388,23.35,112,9.3,251,4.35,-1.63,2026-12-15,False,https://www.tradingview.com/chart/?symbol=NASDAQ:BRZE&interval=D,False,False,False,False
GENI,Genius Sports Limited,NYSE,Internet Software/Services,5.8,7.19,7.17,6.86,7.56,8004435.3,5819870.0,33755246.0,41848745.0,-13.3,431,-27.32,440,6.81,174,33.33,177,4.28,-2.53,2026-11-11,False,https://www.tradingview.com/chart/?symbol=NYSE:GENI&interval=D,False,False,False,False
HL,Hecla Mining Company,NYSE,Precious Metals,17.94,19.62,17.97,4.35,5.63,45159530.9,37125055.2,666023490.0,728257458.0,-4.06,279,-10.08,288,17.87,133,4.91,263,4.24,-0.03,2026-11-11,False,https://www.tradingview.com/chart/?symbol=NYSE:HL&interval=D,False,False,False,False
ATI,ATI Inc.,NYSE,Other Metals/Minerals,186.21,204.3,202.85,4.25,4.36,1768538.9,1817880.4666666666,338507522.0,371385102.0,-5.48,302,-12.97,316,-5.81,251,31.23,184,4.15,-1.88,2026-11-03,False,https://www.tradingview.com/chart/?symbol=NYSE:ATI&interval=D,False,False,False,False
ETSY,"Etsy, Inc.",NYSE,Internet Retail,68.98,77.71,79.8,4.57,4.81,3628732.8,3131533.8666666667,216013206.0,243344190.0,-7.38,344,-20.71,399,-10.76,284,43.92,150,4.15,-2.82,2026-11-04,False,https://www.tradingview.com/chart/?symbol=NYSE:ETSY&interval=D,False,False,False,False
SYNA,Synaptics Incorporated,NASDAQ,Semiconductors,96.82,97.55,102.59,4.35,4.62,585473.2,674809.6666666666,65335072.0,65824984.0,5.42,118,1.88,157,-23.29,356,33.77,175,4.12,-1.22,2026-11-05,False,https://www.tradingview.com/chart/?symbol=NASDAQ:SYNA&interval=D,False,False,False,False
PTRN,Pattern Group Inc. - Series A,NASDAQ,Advertising/Marketing Services,17.94,20.38,21.83,5.35,6.03,1964530.3,1604226.2666666666,28779819.0,32694666.0,-10.75,405,-17.71,365,-16.17,320,45.97,143,4.03,-2.95,2026-11-11,False,https://www.tradingview.com/chart/?symbol=NASDAQ:PTRN&interval=D,False,False,False,False
CRWV,"CoreWeave, Inc.",NASDAQ,Packaged Software,90.13,88.82,85.47,5.33,6.19,35643282.2,28261220.933333334,2547183843.0,2510265268.0,10.66,65,2.11,154,-5.31,244,14.95,236,3.92,0.88,2026-11-16,False,https://www.tradingview.com/chart/?symbol=NASDAQ:CRWV&interval=D,False,False,False,False
RELY,"Remitly Global, Inc.",NASDAQ,Miscellaneous Commercial Services,21.16,24.35,24.11,4.93,5.25,4789026.5,3958795.2,83768106.0,96394684.0,-6.41,325,-20.39,396,-2.44,226,34.18,172,3.78,-2.33,2026-11-04,False,https://www.tradingview.com/chart/?symbol=NASDAQ:RELY&interval=D,False,False,False,False
FIGR,"Figure Technology Solutions, Inc.",NASDAQ,Finance/Rental/Leasing,32.66,35.74,32.81,7.49,7.87,4778387.9,4907777.466666667,160288012.0,175410510.0,-3.77,269,-16.47,356,23.25,113,4.3,267,3.69,-0.06,2026-11-12,False,https://www.tradingview.com/chart/?symbol=NASDAQ:FIGR&interval=D,False,False,False,False
GOLD,"Gold.com, Inc.",NYSE,Investment Banks/Brokers,43.48,45.41,43.73,5.16,5.24,664960.4,674305.5333333333,29318805.0,30619090.0,-9.64,387,-4.71,230,5.41,186,10.24,248,3.65,-0.11,2026-11-10,False,https://www.tradingview.com/chart/?symbol=NYSE:GOLD&interval=D,False,False,False,False
LAD,"Lithia Motors, Inc.",NYSE,Specialty Stores,309.6,357.04,359.68,4.06,3.89,366573.0,246333.73333333334,76264924.0,87950668.0,-9.53,383,-15.86,348,5.07,187,21.02,212,3.41,-3.58,2026-10-28,False,https://www.tradingview.com/chart/?symbol=NYSE:LAD&interval=D,False,False,False,False
RXO,"RXO, Inc.",NYSE,Packaged Software,19.93,20.91,22.13,4.91,5.46,1847163.6,1595263.3,31793598.0,33351106.0,2.57,151,-8.24,266,-25.27,366,42.77,153,3.08,-1.82,2026-11-05,False,https://www.tradingview.com/chart/?symbol=NYSE:RXO&interval=D,False,False,False,False
NAVN,"Navan, Inc.",NASDAQ,Packaged Software,19.43,25.83,26.16,6.01,7.1,5320575.6,3968262.4,77103338.0,102488313.0,-14.29,441,-33.98,449,-9.71,275,51.8,130,2.7,-3.63,2026-12-15,False,https://www.tradingview.com/chart/?symbol=NASDAQ:NAVN&interval=D,False,False,False,False
EXK,Endeavour Silver Corporation,NYSE,Precious Metals,9.16,10.47,9.64,5.24,6.7,7942850.7,8879944.466666667,81340291.0,92981899.0,-8.03,355,-12.26,308,12.67,151,7.64,256,2.68,-0.75,2026-11-10,False,https://www.tradingview.com/chart/?symbol=NYSE:EXK&interval=D,False,False,False,False
RKLB,Rocket Lab Corporation,NASDAQ,Aerospace & Defense,73.61,68.52,69.35,4.9,5.53,21484029.0,18200891.4,1339767616.0,1247185748.0,12.3,46,5.28,124,-9.25,270,11.51,244,2.51,1.11,2026-11-16,False,https://www.tradingview.com/chart/?symbol=NASDAQ:RKLB&interval=D,False,False,False,False
TTMI,"TTM Technologies, Inc.",NASDAQ,Electronic Components,126.98,121.38,124.55,5.19,6.32,1911653.7,2153183.1333333333,273411194.0,261346191.0,7.98,88,12.37,84,-38.36,424,33.14,179,2.39,0.31,2026-11-04,False,https://www.tradingview.com/chart/?symbol=NASDAQ:TTMI&interval=D,False,False,False,False
PBLS,"Parabilis Medicines, Inc.",NASDAQ,Pharmaceuticals: Major,32.47,38.29,36.12,9.34,9.22,1729511.8,853149.0666666667,27701750.0,32665087.0,-13.44,433,-15.71,343,24.64,108,-2.64,287,2.1,-1.1,2026-12-02,False,https://www.tradingview.com/chart/?symbol=NASDAQ:PBLS&interval=D,False,False,False,False
M,Macy's Inc,NYSE,Department Stores,22.31,22.45,23.31,4.21,3.83,6858456.1,6372354.1,142167220.0,143069970.0,1.36,174,-3.59,212,-12.61,294,22.18,207,1.99,-1.12,2026-11-12,False,https://www.tradingview.com/chart/?symbol=NYSE:M&interval=D,False,False,False,False
RGTI,"Rigetti Computing, Inc.",NASDAQ,Computer Processing Hardware,16.5,16.2,16.0,5.4,6.05,16900550.6,16929924.233333334,279343750.0,274213983.0,7.63,92,-1.9,191,-7.98,258,15.79,232,1.97,0.52,2026-11-16,False,https://www.tradingview.com/chart/?symbol=NASDAQ:RGTI&interval=D,False,False,False,False
SPCX,Space Exploration Technologies Corp,NASDAQ,Specialty Telecommunications,148.03,145.14,135.57,4.28,4.67,102307461.1,88785147.66666667,13142865409.0,12886157952.0,-3.75,268,8.1,110,-1.72,220,-1.31,282,1.69,1.97,2026-11-05,False,https://www.tradingview.com/chart/?symbol=NASDAQ:SPCX&interval=D,False,False,False,False
AVAV,"AeroVironment, Inc.",NASDAQ,Aerospace & Defense,158.55,156.93,158.62,5.73,5.81,2040372.9,1922016.9666666666,304735790.0,301616677.0,-0.89,220,4.97,126,16.82,136,-17.48,346,1.44,-0.01,2026-12-08,False,https://www.tradingview.com/chart/?symbol=NASDAQ:AVAV&interval=D,False,False,False,False
AGCO,AGCO Corporation,NYSE,Trucks/Construction/Farm Machinery,116.21,115.86,113.58,4.01,3.84,1115720.1,1186277.5666666667,137857316.0,137441723.0,-4.5,287,4.48,129,-1.17,216,0.85,274,1.39,0.6,2026-11-03,False,https://www.tradingview.com/chart/?symbol=NYSE:AGCO&interval=D,False,False,False,False
FIG,FIGMA INC,NYSE,Packaged Software,21.34,24.97,24.53,5.5,6.61,13897294.8,14773014.2,315256123.0,368867392.0,-7.34,342,-21.54,407,26.2,102,-1.25,281,1.13,-1.97,2026-11-11,False,https://www.tradingview.com/chart/?symbol=NYSE:FIG&interval=D,False,False,False,False
MOS,Mosaic Company (The),NYSE,Chemicals: Agricultural,23.69,24.23,23.6,4.4,4.6,8490479.0,8323226.966666667,197177247.0,201677338.0,-5.5,304,-0.34,179,8.97,164,-5.24,296,1.13,0.09,2026-11-10,False,https://www.tradingview.com/chart/?symbol=NYSE:MOS&interval=D,False,False,False,False
FIVE,"Five Below, Inc.",NASDAQ,Discount Stores,222.38,242.9,232.24,4.69,4.56,1220881.8,1229417.6666666667,273397901.0,298626371.0,-7.4,345,-13.24,319,17.93,131,-1.47,283,1.07,-0.93,2026-12-02,False,https://www.tradingview.com/chart/?symbol=NASDAQ:FIVE&interval=D,False,False,False,False
CCXI,Churchill Capital Corp. XI Class A,NASDAQ,Financial Conglomerates,12.23,13.76,14.24,5.72,6.78,2581910.6,2340489.2333333334,28624183.0,32198110.0,-2.86,256,-14.48,331,-3.85,237,20.97,213,0.88,-2.08,,False,https://www.tradingview.com/chart/?symbol=NASDAQ:CCXI&interval=D,False,False,False,False
MBLY,Mobileye Global Inc.,NASDAQ,Packaged Software,7.69,8.41,8.43,4.3,4.57,6687704.0,4534894.1,34873336.0,38132413.0,-4.47,286,-11.0,298,0.13,205,13.25,240,0.8,-1.93,2026-10-22,False,https://www.tradingview.com/chart/?symbol=NASDAQ:MBLY&interval=D,False,False,False,False
AG,First Majestic Silver Corp.,NYSE,Precious Metals,18.76,20.1,18.76,4.36,5.58,9542312.1,9624449.6,180554674.0,193441813.0,-2.55,251,-7.68,258,12.13,156,-2.14,285,0.77,0.0,2026-11-11,False,https://www.tradingview.com/chart/?symbol=NYSE:AG&interval=D,False,False,False,False
AGIO,"Agios Pharmaceuticals, Inc.",NASDAQ,Pharmaceuticals: Major,32.9,33.68,34.06,4.15,4.36,1072772.4,933023.4,30696470.0,31423295.0,-1.56,233,0.15,172,-9.52,274,10.74,246,0.46,-0.78,2026-10-29,False,https://www.tradingview.com/chart/?symbol=NASDAQ:AGIO&interval=D,False,False,False,False
PEGA,Pegasystems Inc.,NASDAQ,Information Technology Services,34.23,35.25,33.41,4.14,4.28,2323948.6,2193958.6666666665,75099205.0,77331192.0,-2.06,243,0.41,170,17.91,132,-17.12,345,0.4,0.58,2026-10-28,False,https://www.tradingview.com/chart/?symbol=NASDAQ:PEGA&interval=D,False,False,False,False
SRPT,"Sarepta Therapeutics, Inc.",NASDAQ,Pharmaceuticals: Major,18.39,20.16,18.65,7.04,7.19,2819814.1,3019505.466666667,55528706.0,60881282.0,-9.1,376,-0.16,176,16.47,137,-15.14,337,0.39,-0.19,2026-11-04,False,https://www.tradingview.com/chart/?symbol=NASDAQ:SRPT&interval=D,False,False,False,False
TPG,TPG Inc.,NASDAQ,Investment Managers,43.63,50.34,48.35,4.02,4.11,2909944.0,2863207.433333333,124921740.0,144123841.0,-8.13,357,-17.43,362,9.05,163,9.49,250,0.37,-2.37,2026-11-10,False,https://www.tradingview.com/chart/?symbol=NASDAQ:TPG&interval=D,False,False,False,False
GEN,Gen Digital Inc.,NASDAQ,Packaged Software,23.07,29.3,28.55,5.04,5.43,10842217.3,7239112.133333334,167006317.0,212110812.0,-24.61,455,-20.45,397,-1.91,222,22.45,206,0.03,-3.53,2026-11-10,False,https://www.tradingview.com/chart/?symbol=NASDAQ:GEN&interval=D,False,False,False,False
SHLS,"Shoals Technologies Group, Inc.",NASDAQ,Semiconductors,7.45,7.37,8.11,6.17,6.8,4503205.7,4637611.866666666,34550208.0,34193885.0,5.23,124,4.93,127,-22.07,347,16.95,226,-0.06,-1.2,2026-11-10,False,https://www.tradingview.com/chart/?symbol=NASDAQ:SHLS&interval=D,False,False,False,False
ATRO,Astronics Corporation,NASDAQ,Aerospace & Defense,69.15,75.42,74.03,4.54,5.09,802301.0999999996,669604.6999999996,46303165.0,50500359.0,2.22,159,-10.36,291,-19.91,336,29.98,187,-0.1,-1.29,2026-11-11,False,https://www.tradingview.com/chart/?symbol=NASDAQ:ATRO&interval=D,False,False,False,False
UCTT,"Ultra Clean Holdings, Inc.",NASDAQ,Industrial Machinery,76.52,73.65,79.4,4.57,6.35,742805.7,889581.2666666667,68070759.0,65514398.0,10.56,67,1.11,166,-32.5,406,30.45,186,-0.31,-0.57,2026-10-28,False,https://www.tradingview.com/chart/?symbol=NASDAQ:UCTT&interval=D,False,False,False,False
AKAM,"Akamai Technologies, Inc.",NASDAQ,Data Processing Services,110.41,110.46,113.37,5.08,5.17,4147006.8,3334720.566666667,368186498.0,368352122.0,5.09,128,4.16,133,-1.86,221,-4.61,293,-0.77,-0.51,2026-11-10,False,https://www.tradingview.com/chart/?symbol=NASDAQ:AKAM&interval=D,False,False,False,False
PCOR,"Procore Technologies, Inc.",NYSE,Packaged Software,49.5,57.53,54.83,4.52,4.92,2591897.2,2792519.6,138229720.0,160646206.0,-4.77,291,-19.09,385,28.44,96,-11.73,326,-0.8,-1.98,2026-11-04,False,https://www.tradingview.com/chart/?symbol=NYSE:PCOR&interval=D,False,False,False,False
CECO,CECO Environmental Corp.,NASDAQ,Industrial Machinery,72.86,73.47,73.24,5.08,5.7,849643.8,727536.8333333334,53008334.0,53449100.0,-0.12,210,-0.05,175,-22.56,349,20.01,216,-0.87,-0.09,2026-11-09,False,https://www.tradingview.com/chart/?symbol=NASDAQ:CECO&interval=D,False,False,False,False
ASO,"Academy Sports and Outdoors, Inc.",NASDAQ,Specialty Stores,48.13,47.31,47.79,4.57,4.28,2051252.9,2166364.6333333333,104267130.0,102483851.0,-4.81,293,7.99,111,-0.62,211,-10.04,318,-0.89,0.17,2026-12-03,False,https://www.tradingview.com/chart/?symbol=NASDAQ:ASO&interval=D,False,False,False,False
BRUN,Boost Run Inc.,NASDAQ,Packaged Software,16.72,17.94,19.08,7.69,9.87,2496547.4,2485826.7333333334,41563023.0,44586203.0,5.36,121,-8.18,265,-49.61,444,54.81,123,-0.99,-1.25,2026-12-02,False,https://www.tradingview.com/chart/?symbol=NASDAQ:BRUN&interval=D,False,False,False,False
RIVN,"Rivian Automotive, Inc.",NASDAQ,Motor Vehicles,15.29,15.77,16.01,4.11,4.48,23672893.9,21920710.866666667,335167669.0,345631155.0,-1.86,241,-9.2,278,4.98,188,0.72,275,-1.17,-1.0,2026-11-10,False,https://www.tradingview.com/chart/?symbol=NASDAQ:RIVN&interval=D,False,False,False,False
RYAN,"Ryan Specialty Holdings, Inc.",NYSE,Insurance Brokers/Services,36.74,41.14,41.89,4.25,4.44,2639497.0,1801882.8666666667,66201177.0,74122854.0,-9.08,374,-16.44,353,0.85,202,12.01,242,-1.19,-2.77,2026-10-29,False,https://www.tradingview.com/chart/?symbol=NYSE:RYAN&interval=D,False,False,False,False
BTCT,BTC Digital Ltd.,NASDAQ,Data Processing Services,1.24,1.39,1.08,14.66,19.97,6693740.9,21826770.3,27065195.0,30298249.0,4.2,137,-40.1,454,26.53,101,9.73,249,-1.28,0.74,2026-11-23,False,https://www.tradingview.com/chart/?symbol=NASDAQ:BTCT&interval=D,False,False,False,False
CART,Maplebear Inc.,NASDAQ,Air Freight/Couriers,43.26,48.63,47.55,4.1,4.16,4850566.9,4006408.1333333333,173317216.0,194848989.0,-7.5,347,-16.45,354,-8.35,260,20.94,214,-1.29,-2.17,2026-11-17,False,https://www.tradingview.com/chart/?symbol=NASDAQ:CART&interval=D,False,False,False,False
CBRS,Cerebras Systems Inc.,NASDAQ,Packaged Software,206.41,198.76,202.18,5.45,6.61,5335908.7,7394115.033333333,1526219284.0,1469648142.0,6.0,107,9.82,103,26.9,100,-41.03,432,-1.44,0.32,2026-12-02,False,https://www.tradingview.com/chart/?symbol=NASDAQ:CBRS&interval=D,False,False,False,False
CF,"CF Industries Holdings, Inc.",NYSE,Chemicals: Agricultural,118.44,128.03,125.42,4.08,4.33,2639202.500000006,2620792.300000016,310406640.0,335529555.0,-9.09,375,-6.33,239,12.79,149,-11.0,319,-1.51,-1.28,2026-11-04,False,https://www.tradingview.com/chart/?symbol=NYSE:CF&interval=D,False,False,False,False
INSM,Insmed Incorporated,NASDAQ,Pharmaceuticals: Major,121.55,124.25,119.03,4.17,4.06,2151761.8,1959182.3,238138609.0,243418605.0,-2.1,245,-2.49,197,15.64,139,-17.86,349,-1.57,0.52,2026-10-22,False,https://www.tradingview.com/chart/?symbol=NASDAQ:INSM&interval=D,False,False,False,False
KD,"Kyndryl Holdings, Inc.",NYSE,Data Processing Services,11.74,12.83,12.93,4.88,5.18,3825404.6,3687040.8,43285859.0,47299817.0,-9.69,389,-7.92,262,9.72,162,-6.9,305,-1.7,-1.78,2026-11-10,False,https://www.tradingview.com/chart/?symbol=NYSE:KD&interval=D,False,False,False,False
EXPE,"Expedia Group, Inc.",NASDAQ,Other Consumer Services,261.75,302.72,298.08,4.87,4.99,2747946.5,1980258.0,518332532.0,599467332.0,-9.7,390,-22.33,411,4.65,189,12.19,241,-1.83,-2.44,2026-10-29,False,https://www.tradingview.com/chart/?symbol=NASDAQ:EXPE&interval=D,False,False,False,False
QBTS,D-Wave Quantum Inc.,NASDAQ,Computer Processing Hardware,17.48,17.91,18.2,5.41,6.5,16565705.3,15891460.733333332,277782734.0,284536604.0,3.49,144,-8.12,263,-17.93,328,20.47,215,-1.86,-0.61,2026-11-05,False,https://www.tradingview.com/chart/?symbol=NASDAQ:QBTS&interval=D,False,False,False,False
COHR,Coherent Corp.,NYSE,Semiconductors,290.61,294.77,296.39,6.14,7.17,7162521.3,6693165.833333333,1945100923.0,1972933337.0,-4.06,278,1.2,165,-26.02,370,19.2,218,-1.87,-0.27,2026-11-11,False,https://www.tradingview.com/chart/?symbol=NYSE:COHR&interval=D,False,False,False,False
NVTS,Navitas Semiconductor Corporation,NASDAQ,Semiconductors,11.84,12.07,12.04,4.9,6.6,11424536.2,12019832.4,142314816.0,145055337.0,7.93,89,-9.62,284,-30.56,396,34.09,173,-2.03,-0.25,2026-11-09,False,https://www.tradingview.com/chart/?symbol=NASDAQ:NVTS&interval=D,False,False,False,False
GLOB,Globant S.A.,NYSE,Information Technology Services,34.83,38.29,37.07,4.69,5.48,1061565.1,1448733.2333333334,50459379.0,55472961.0,-9.3,380,-10.42,293,25.6,106,-21.52,369,-2.11,-1.1,2026-11-12,False,https://www.tradingview.com/chart/?symbol=NYSE:GLOB&interval=D,False,False,False,False
OWL,Blue Owl Capital Inc.,NYSE,Investment Managers,9.25,11.13,10.86,4.27,4.5,17883720.8,18526281.333333332,171368102.0,206135757.0,-10.8,406,-20.87,404,9.99,160,4.52,265,-2.12,-3.29,2026-10-29,False,https://www.tradingview.com/chart/?symbol=NYSE:OWL&interval=D,False,False,False,False
ON,ON Semiconductor Corporation,NASDAQ,Semiconductors,73.15,73.85,77.95,4.43,4.77,13610870.0,9453676.233333332,691536416.0,698113024.0,7.38,95,0.03,173,-25.58,368,19.16,219,-2.13,-1.29,2026-11-02,False,https://www.tradingview.com/chart/?symbol=NASDAQ:ON&interval=D,False,False,False,False
CVNA,Carvana Co.,NYSE,Specialty Stores,64.18,70.55,68.99,4.46,4.92,7624971.4,7677246.433333334,492725676.0,541668122.0,-4.88,294,-11.96,305,-2.02,224,7.42,258,-2.19,-1.42,2026-10-29,False,https://www.tradingview.com/chart/?symbol=NYSE:CVNA&interval=D,False,False,False,False
VG,"Venture Global, Inc.",NYSE,Oil & Gas Pipelines,13.23,14.35,14.02,4.92,5.28,16586484.0,14420268.533333333,190780153.0,206983728.0,-8.19,359,-5.3,234,22.73,117,-24.03,380,-2.2,-1.06,2026-11-16,False,https://www.tradingview.com/chart/?symbol=NYSE:VG&interval=D,False,False,False,False
HRI,Herc Holdings Inc.,NYSE,Finance/Rental/Leasing,130.94,149.48,153.11,5.24,5.68,1190959.5,689819.3666666667,90324948.0,103113049.0,-10.25,398,-20.33,394,-13.63,305,27.2,193,-2.25,-2.55,2026-10-15,False,https://www.tradingview.com/chart/?symbol=NYSE:HRI&interval=D,False,False,False,False
BSP,Bending Spoons S.p.A.,NASDAQ,Packaged Software,32.8,39.8,39.13,7.37,8.51,2821106.8,1869365.2666666666,61315181.0,74397622.0,-17.34,449,-20.25,393,5.81,183,5.81,260,-2.88,-1.9,2026-12-02,False,https://www.tradingview.com/chart/?symbol=NASDAQ:BSP&interval=D,False,False,False,False
KVYO,"Klaviyo, Inc. Series A",NYSE,Packaged Software,16.11,17.77,17.76,5.53,6.34,7127009.9,6229937.866666666,100364299.0,110701843.0,0.06,204,-10.25,290,14.66,142,-13.34,331,-2.98,-1.47,2026-11-11,False,https://www.tradingview.com/chart/?symbol=NYSE:KVYO&interval=D,False,False,False,False
STEP,StepStone Group Inc.,NASDAQ,Investment Managers,43.55,49.18,47.54,4.77,5.06,1227119.5,1037148.9666666667,45167837.0,51008023.0,-11.88,419,-12.3,309,6.92,173,-5.28,297,-3.55,-1.66,2026-11-05,False,https://www.tradingview.com/chart/?symbol=NASDAQ:STEP&interval=D,False,False,False,False
ORCL,Oracle Corporation,NYSE,Packaged Software,139.54,148.4,141.99,4.57,5.26,38847850.5,28943865.066666666,4038826931.0,4295404647.0,-4.91,296,-2.62,199,-7.13,255,-0.99,280,-3.58,-0.33,2026-12-14,False,https://www.tradingview.com/chart/?symbol=NYSE:ORCL&interval=D,False,False,False,False
CORZ,"Core Scientific, Inc.",NASDAQ,Packaged Software,18.12,17.87,19.33,5.16,6.17,11631211.7,11337916.466666667,205443046.0,202642581.0,0.73,193,1.88,158,-31.32,402,16.15,230,-4.43,-1.02,2026-11-11,False,https://www.tradingview.com/chart/?symbol=NASDAQ:CORZ&interval=D,False,False,False,False
COMP,"Compass, Inc.",NYSE,Real Estate Development,9.29,11.01,11.37,5.26,5.91,17831423.0,12818139.833333334,119080519.0,141089265.0,-13.01,428,-20.8,402,-15.55,316,22.88,205,-4.49,-3.09,2026-11-11,False,https://www.tradingview.com/chart/?symbol=NYSE:COMP&interval=D,False,False,False,False
MMYT,MakeMyTrip Limited,NASDAQ,Internet Software/Services,46.87,54.63,55.47,4.36,4.49,897129.0,622883.4,29194545.0,34029574.0,-4.01,275,-22.43,412,-9.48,273,17.7,222,-4.73,-3.45,2026-11-03,False,https://www.tradingview.com/chart/?symbol=NASDAQ:MMYT&interval=D,False,False,False,False
ICHR,Ichor Holdings,NASDAQ,Industrial Machinery,56.47,57.77,65.32,4.06,6.38,744245.6,667465.2,37691760.0,38558797.0,5.55,115,-4.48,226,-36.91,419,26.33,195,-5.02,-2.13,2026-11-09,False,https://www.tradingview.com/chart/?symbol=NASDAQ:ICHR&interval=D,False,False,False,False
GLW,Corning Incorporated,NYSE,Electronic Components,154.15,153.93,152.81,4.42,5.49,8898468.3,8897850.766666668,1371603696.0,1369640237.0,1.85,166,2.21,151,-31.31,401,13.84,238,-5.09,0.16,2026-11-03,False,https://www.tradingview.com/chart/?symbol=NYSE:GLW&interval=D,False,False,False,False
TMDX,"TransMedics Group, Inc.",NASDAQ,Medical Specialties,83.9,88.25,84.18,5.04,4.95,831199.8,699106.2666666667,58655016.0,61697293.0,-4.66,290,-10.38,292,12.62,153,-17.49,347,-5.09,-0.07,2026-11-04,False,https://www.tradingview.com/chart/?symbol=NASDAQ:TMDX&interval=D,False,False,False,False
VAL,Valaris Limited,NYSE,Contract Drilling,81.79,85.56,82.75,4.24,4.15,1430088.6,1227785.3333333333,100420562.0,105047676.0,-1.69,236,-3.2,207,7.04,171,-19.43,358,-5.19,-0.28,2026-11-03,False,https://www.tradingview.com/chart/?symbol=NYSE:VAL&interval=D,False,False,False,False
STRL,"Sterling Infrastructure, Inc.",NASDAQ,Engineering & Construction,513.72,504.49,541.68,4.22,5.54,599567.7,561443.3,288424652.0,283244589.0,0.53,198,-0.55,183,-39.07,426,23.51,204,-5.37,-0.93,2026-11-09,False,https://www.tradingview.com/chart/?symbol=NASDAQ:STRL&interval=D,False,False,False,False
ASND,Ascendis Pharma A/S,NASDAQ,Pharmaceuticals: Major,230.7,251.87,252.01,4.44,4.37,1149640.8,752173.1666666666,173526350.0,189452739.0,-7.43,346,-8.82,273,-11.89,291,4.54,264,-5.39,-1.94,2026-11-11,False,https://www.tradingview.com/chart/?symbol=NASDAQ:ASND&interval=D,False,False,False,False
NG,Novagold Resources Inc.,AMEX,Precious Metals,7.14,8.03,7.33,5.15,6.44,6875266.2,5661823.733333333,40425421.0,45485205.0,-1.79,238,-23.31,415,14.98,141,-8.34,314,-5.56,-0.41,2026-10-06,False,https://www.tradingview.com/chart/?symbol=AMEX:NG&interval=D,False,False,False,False
HCC,"Warrior Met Coal, Inc.",NYSE,Coal,88.95,99.86,93.49,4.12,4.64,806418.1,607446.7666666667,54032390.0,60661051.0,-5.51,305,-15.79,347,5.88,182,-7.05,307,-5.65,-1.05,2026-11-04,False,https://www.tradingview.com/chart/?symbol=NYSE:HCC&interval=D,False,False,False,False
DPC,DPC Holdings PLC,NYSE,Electrical Products,41.34,43.49,45.66,6.56,6.93,1059174.3,1117273.1,46188070.0,48584993.0,2.38,153,-5.51,235,-5.49,247,-6.05,298,-5.68,-1.37,2026-12-02,False,https://www.tradingview.com/chart/?symbol=NYSE:DPC&interval=D,False,False,False,False
VIAV,Viavi Solutions Inc.,NASDAQ,Information Technology Services,37.23,37.51,37.99,5.14,6.03,5636616.599999999,4580274.199999992,170523608.0,171816773.0,4.87,130,-2.69,201,-23.87,362,8.99,252,-5.86,-0.33,2026-10-29,False,https://www.tradingview.com/chart/?symbol=NASDAQ:VIAV&interval=D,False,False,False,False
HLNE,Hamilton Lane Incorporated,NASDAQ,Investment Managers,85.34,99.11,96.17,4.46,4.57,695202.9,581586.5,49632592.0,57641232.0,-7.25,340,-18.74,379,11.8,157,-11.38,324,-6.11,-2.47,2026-11-10,False,https://www.tradingview.com/chart/?symbol=NASDAQ:HLNE&interval=D,False,False,False,False
PINS,"Pinterest, Inc.",NYSE,Internet Software/Services,18.72,21.02,22.02,4.23,4.49,17362999.1,13157424.866666667,246306994.0,276591000.0,-0.11,208,-20.0,390,-4.15,238,5.23,262,-6.31,-3.34,2026-11-04,False,https://www.tradingview.com/chart/?symbol=NYSE:PINS&interval=D,False,False,False,False
MRCY,Mercury Systems Inc,NASDAQ,Aerospace & Defense,83.18,89.32,94.66,4.24,4.75,720613.9,823279.2333333333,68476250.0,73531871.0,-6.83,332,-8.59,271,-21.06,340,10.71,247,-6.31,-2.55,2026-11-10,False,https://www.tradingview.com/chart/?symbol=NASDAQ:MRCY&interval=D,False,False,False,False
FLY,Firefly Aerospace Inc.,NASDAQ,Aerospace & Defense,23.09,22.65,22.29,6.44,6.81,3195005.3,2692011.6333333333,62158549.0,60973166.0,10.06,69,-1.95,192,-5.37,245,-11.87,327,-6.4,0.53,2026-11-18,False,https://www.tradingview.com/chart/?symbol=NASDAQ:FLY&interval=D,False,False,False,False
RIG,Transocean Ltd (Switzerland),NYSE,Contract Drilling,5.43,5.75,5.55,4.31,4.31,46695170.8,42503620.733333334,230794661.0,244254140.0,-2.69,254,-4.06,219,5.44,185,-20.85,365,-6.49,-0.52,2026-11-04,False,https://www.tradingview.com/chart/?symbol=NYSE:RIG&interval=D,False,False,False,False
CPRI,Capri Holdings Limited,NYSE,Apparel/Footwear Retail,15.19,14.0,14.76,5.02,4.99,7751345.1,5547213.433333334,84262172.0,77660988.0,1.2,184,11.45,95,-19.07,334,-13.0,330,-6.88,0.58,2026-11-05,False,https://www.tradingview.com/chart/?symbol=NYSE:CPRI&interval=D,False,False,False,False
COCO,"The Vita Coco Company, Inc.",NASDAQ,Food: Specialty/Candy,59.17,59.15,62.61,4.17,4.48,1878861.5,1272430.9333333333,75289738.0,75260260.0,4.04,140,-7.72,259,-29.15,388,15.43,235,-7.15,-1.23,2026-11-04,False,https://www.tradingview.com/chart/?symbol=NASDAQ:COCO&interval=D,False,False,False,False
VRDN,"Viridian Therapeutics, Inc.",NASDAQ,Pharmaceuticals: Major,20.66,22.82,21.8,4.45,4.41,2004909.6,1506009.6,31114158.0,34365633.0,-9.7,391,-14.98,335,18.8,126,-25.84,386,-7.34,-1.19,2026-11-16,False,https://www.tradingview.com/chart/?symbol=NASDAQ:VRDN&interval=D,False,False,False,False
WULF,TeraWulf Inc.,NASDAQ,Data Processing Services,16.29,16.19,16.89,5.91,7.13,30161188.5,29675089.233333334,483407204.0,480311103.0,-1.09,223,4.42,130,-35.36,418,7.6,257,-7.78,-0.5,2026-11-16,False,https://www.tradingview.com/chart/?symbol=NASDAQ:WULF&interval=D,False,False,False,False
ERAS,"Erasca, Inc.",NASDAQ,Pharmaceuticals: Major,14.52,16.72,17.48,7.3,7.77,5187150.9,4269765.933333334,61997001.0,71406854.0,-8.28,360,-18.43,375,-2.68,231,-3.97,289,-8.36,-2.18,2026-11-11,False,https://www.tradingview.com/chart/?symbol=NASDAQ:ERAS&interval=D,False,False,False,False
FIGS,"FIGS, Inc.",NYSE,Apparel/Footwear,12.49,14.08,12.91,5.37,5.38,2394109.4,2372355.2666666666,29630717.0,33410670.0,-5.24,300,-17.88,368,10.14,159,-17.99,351,-8.58,-0.61,2026-11-05,False,https://www.tradingview.com/chart/?symbol=NYSE:FIGS&interval=D,False,False,False,False
APLD,Applied Digital Corporation,NASDAQ,Data Processing Services,27.06,27.11,27.62,5.27,6.49,16371683.5,15694046.233333342,424680891.0,425538832.0,5.11,127,-1.02,186,-31.23,400,6.33,259,-8.64,-0.31,2026-10-14,False,https://www.tradingview.com/chart/?symbol=NASDAQ:APLD&interval=D,False,False,False,False
ONDS,Ondas Inc,NASDAQ,Telecommunications Equipment,7.6,7.9,7.98,4.61,5.95,69448475.6,67371233.06666666,512021371.0,532333798.0,1.74,168,-8.43,267,1.13,200,-18.72,354,-8.67,-0.8,2026-11-16,False,https://www.tradingview.com/chart/?symbol=NASDAQ:ONDS&interval=D,False,False,False,False
AXON,"Axon Enterprise, Inc.",NASDAQ,Aerospace & Defense,445.0,535.96,540.62,4.43,5.7,1263314.2,920322.6666666666,409543587.0,493255830.0,-5.06,298,-26.21,434,-0.01,207,-0.0,277,-8.74,-3.1,2026-11-10,False,https://www.tradingview.com/chart/?symbol=NASDAQ:AXON&interval=D,False,False,False,False
MP,MP Materials Corp.,NYSE,Other Metals/Minerals,49.3,54.04,50.86,4.76,5.56,5104840.9,5475856.633333334,269959732.0,295900690.0,-2.22,248,-13.77,322,-8.89,264,-4.42,290,-9.03,-0.55,2026-10-29,False,https://www.tradingview.com/chart/?symbol=NYSE:MP&interval=D,False,False,False,False
DKNG,DraftKings Inc.,NASDAQ,Movies/Entertainment,21.27,24.13,24.02,4.94,5.33,14370144.5,10807125.433333334,229867558.0,260768732.0,-12.54,424,-17.75,367,-10.25,278,0.9,273,-9.03,-2.15,2026-10-30,False,https://www.tradingview.com/chart/?symbol=NASDAQ:DKNG&interval=D,False,False,False,False
MIAX,"Miami International Holdings, Inc.",NYSE,Investment Banks/Brokers,35.64,41.27,42.39,4.34,4.71,1908618.4,1455956.4,51890286.0,60083438.0,-7.36,343,-20.02,391,-2.62,229,-6.43,302,-9.69,-3.38,2026-11-11,False,https://www.tradingview.com/chart/?symbol=NYSE:MIAX&interval=D,False,False,False,False
BTU,Peabody Energy Corporation,NYSE,Coal,25.68,27.39,25.62,4.85,5.19,3127692.4,2480745.3666666667,63705541.0,67935212.0,-6.65,329,-6.35,240,9.98,161,-32.79,408,-9.72,0.05,2026-10-29,False,https://www.tradingview.com/chart/?symbol=NYSE:BTU&interval=D,False,False,False,False
GPK,Graphic Packaging Holding Company,NYSE,Containers/Packaging,9.34,10.52,10.86,4.15,4.6,7678107.5,5713638.4,53365383.0,60120808.0,-4.89,295,-18.78,380,-13.6,303,2.08,269,-10.1,-3.04,2026-11-03,False,https://www.tradingview.com/chart/?symbol=NYSE:GPK&interval=D,False,False,False,False
VSEC,VSE Corporation,NASDAQ,Engineering & Construction,180.44,204.53,205.55,4.39,5.09,464037.8,358568.9666666667,64700184.0,73336796.0,-3.4,263,-17.68,364,-18.14,329,5.47,261,-10.12,-2.4,2026-10-28,False,https://www.tradingview.com/chart/?symbol=NASDAQ:VSEC&interval=D,False,False,False,False
VRT,"Vertiv Holdings, LLC",NYSE,Electronic Production Equipment,245.3,260.49,266.76,4.58,5.28,5580912.9,4991524.833333333,1224421042.0,1300242304.0,-1.78,237,-6.76,245,-21.88,345,-1.86,284,-10.17,-1.52,2026-10-28,False,https://www.tradingview.com/chart/?symbol=NYSE:VRT&interval=D,False,False,False,False
MIRM,"Mirum Pharmaceuticals, Inc.",NASDAQ,Pharmaceuticals: Major,89.36,97.38,101.82,4.48,4.39,848597.0,613190.4666666667,54794700.0,59712488.0,-10.22,397,-9.28,281,-23.3,357,-0.07,278,-10.88,-2.79,2026-11-17,False,https://www.tradingview.com/chart/?symbol=NASDAQ:MIRM&interval=D,False,False,False,False
AAOI,"Applied Optoelectronics, Inc.",NASDAQ,Semiconductors,101.03,111.79,111.68,6.06,8.33,7074322.0,8270208.166666667,835539131.0,924567922.0,0.3,202,-9.61,283,-23.28,355,-0.17,279,-11.02,-1.14,2026-11-05,False,https://www.tradingview.com/chart/?symbol=NASDAQ:AAOI&interval=D,False,False,False,False
NXST,"Nexstar Media Group, Inc.",NASDAQ,Broadcasting,161.53,175.94,180.86,4.37,4.26,441313.8,373163.86666666664,60277159.0,65653580.0,-2.09,244,-12.56,312,4.53,192,-25.83,385,-11.28,-2.51,2026-11-05,False,https://www.tradingview.com/chart/?symbol=NASDAQ:NXST&interval=D,False,False,False,False
MOD,Modine Manufacturing Company,NYSE,Industrial Machinery,196.95,190.27,199.21,4.37,5.36,1212155.9,1254637.1666666667,247100790.0,238718559.0,4.46,134,2.01,155,-28.42,383,-8.07,311,-11.49,-0.21,2026-11-03,False,https://www.tradingview.com/chart/?symbol=NYSE:MOD&interval=D,False,False,False,False
GNRC,Generac Holdings Inc.,NYSE,Electrical Products,198.05,196.63,201.32,4.15,5.37,2026335.4,1301137.1333333333,257690209.0,255848233.0,-13.7,436,-4.98,231,-30.74,397,1.12,272,-11.54,-0.3,2026-11-04,False,https://www.tradingview.com/chart/?symbol=NYSE:GNRC&interval=D,False,False,False,False
AMR,"Alpha Metallurgical Resources, Inc.",NYSE,Coal,172.01,201.0,178.89,5.8,6.55,374135.9,364468.2,62692175.0,73259445.0,-10.8,407,-18.09,370,3.07,195,-20.25,360,-11.76,-0.59,2026-10-30,False,https://www.tradingview.com/chart/?symbol=NYSE:AMR&interval=D,False,False,False,False
BKV,BKV Corporation,NYSE,Integrated Oil,23.08,24.64,24.77,4.15,4.37,1693999.1,1974248.6333333333,45565658.0,48652725.0,1.45,171,-3.03,203,-10.37,279,-22.73,376,-12.04,-1.56,2026-11-17,False,https://www.tradingview.com/chart/?symbol=NYSE:BKV&interval=D,False,False,False,False
GRAB,Grab Holdings Limited,NASDAQ,Air Freight/Couriers,3.11,3.31,3.4,4.25,4.51,89003680.2,57053739.4,177437130.0,188914440.0,6.32,104,-12.15,307,-9.2,269,-15.49,338,-12.28,-1.92,2026-11-17,False,https://www.tradingview.com/chart/?symbol=NASDAQ:GRAB&interval=D,False,False,False,False
ACAD,ACADIA Pharmaceuticals Inc.,NASDAQ,Pharmaceuticals: Major,22.18,28.12,27.55,4.11,4.79,2299816.4,1697488.7333333334,37650300.0,47734232.0,-20.16,454,-26.41,435,-15.92,317,4.38,266,-12.65,-4.07,2026-11-11,False,https://www.tradingview.com/chart/?symbol=NASDAQ:ACAD&interval=D,False,False,False,False
LUMN,"Lumen Technologies, Inc.",NYSE,Major Telecommunications,5.86,6.41,6.4,5.66,5.89,14351470.8,12656032.3,74164349.0,81125167.0,-15.32,443,2.45,149,-28.32,382,-12.28,328,-12.72,-1.43,2026-11-04,False,https://www.tradingview.com/chart/?symbol=NYSE:LUMN&interval=D,False,False,False,False
EFX,"Equifax, Inc.",NYSE,Financial Publishing/Services,148.8,177.11,177.27,4.11,4.22,1639303.0,1307331.2333333334,194530888.0,231547971.0,-9.92,394,-22.43,413,-2.11,225,-13.72,333,-12.75,-3.81,2026-10-21,False,https://www.tradingview.com/chart/?symbol=NYSE:EFX&interval=D,False,False,False,False
CIEN,Ciena Corporation,NYSE,Telecommunications Equipment,358.43,369.58,377.51,5.51,6.65,2815264.9,2523883.1333333333,904635431.0,932782617.0,2.23,157,-7.22,251,-23.14,351,-9.22,316,-13.19,-0.76,2026-12-10,False,https://www.tradingview.com/chart/?symbol=NYSE:CIEN&interval=D,False,False,False,False
CRK,"Comstock Resources, Inc.",NYSE,Oil & Gas Production,13.82,14.19,13.85,4.66,4.83,2750661.3,2691323.8666666667,37194096.0,38180915.0,6.31,105,-0.43,180,0.0,206,-39.25,428,-13.23,-0.04,2026-11-03,False,https://www.tradingview.com/chart/?symbol=NYSE:CRK&interval=D,False,False,False,False
BBWI,"Bath & Body Works, Inc.",NYSE,Specialty Stores,16.8,18.35,19.06,4.6,5.09,6994974.9,6972078.233333333,117130914.0,127944608.0,-1.35,232,-12.32,310,-23.15,352,-4.6,292,-13.35,-2.33,2026-11-18,False,https://www.tradingview.com/chart/?symbol=NYSE:BBWI&interval=D,False,False,False,False
LUNR,"Intuitive Machines, Inc.",NASDAQ,Aerospace & Defense,15.7,15.97,15.17,5.97,6.96,8153262.6,8427639.733333332,132313944.0,134623117.0,9.41,78,-7.07,250,-15.46,314,-18.1,352,-13.54,0.5,2026-11-18,False,https://www.tradingview.com/chart/?symbol=NASDAQ:LUNR&interval=D,False,False,False,False
NNE,Nano Nuclear Energy Inc.,NASDAQ,Electrical Products,17.02,17.86,17.58,5.7,6.59,2244252.5,1863409.2333333334,31715225.0,33289185.0,4.93,129,-7.65,257,-15.11,312,-17.94,350,-13.57,-0.48,2026-12-17,False,https://www.tradingview.com/chart/?symbol=NASDAQ:NNE&interval=D,False,False,False,False
NKTR,Nektar Therapeutics,NASDAQ,Pharmaceuticals: Major,59.38,70.93,71.07,5.75,5.91,1669673.6999999997,961426.0,57089476.0,68190741.0,-12.61,425,-20.81,403,-3.48,233,-16.43,343,-13.57,-2.79,2026-11-05,False,https://www.tradingview.com/chart/?symbol=NASDAQ:NKTR&interval=D,False,False,False,False
BBAI,"BigBear.ai, Inc.",NYSE,Packaged Software,2.8,2.99,2.97,4.1,4.83,15761414.0,16257958.466666667,45522284.0,48622134.0,0.0,205,-10.54,294,-16.42,321,-13.85,334,-13.6,-1.21,2026-11-11,False,https://www.tradingview.com/chart/?symbol=NYSE:BBAI&interval=D,False,False,False,False
ASTS,"AST SpaceMobile, Inc.",NASDAQ,Specialty Telecommunications,61.06,62.68,62.66,6.2,6.97,9719609.4,9614048.066666666,587033775.0,602646989.0,-1.28,228,-3.51,210,-5.59,248,-31.73,403,-13.61,-0.37,2026-11-16,False,https://www.tradingview.com/chart/?symbol=NASDAQ:ASTS&interval=D,False,False,False,False
LAZ,"Lazard, Inc.",NYSE,Investment Banks/Brokers,36.12,41.6,42.2,5.4,5.0,2557584.5,1626011.7,58731543.0,67637209.0,-3.73,267,-18.92,381,-10.55,281,-11.41,325,-13.63,-2.88,2026-10-22,False,https://www.tradingview.com/chart/?symbol=NYSE:LAZ&interval=D,False,False,False,False
POWI,"Power Integrations, Inc.",NASDAQ,Semiconductors,50.78,52.75,57.51,4.07,5.14,799716.3,770616.9333333333,39131928.0,40648759.0,3.42,145,-6.98,248,-37.7,421,2.88,268,-13.93,-2.28,2026-11-11,False,https://www.tradingview.com/chart/?symbol=NASDAQ:POWI&interval=D,False,False,False,False
USAR,"USA Rare Earth, Inc.",NASDAQ,Metal Fabrication,15.38,17.38,16.88,5.54,7.0,13493007.3,13192511.233333332,202900823.0,229316628.0,-1.09,224,-16.77,358,-23.18,353,-2.35,286,-14.1,-1.27,2026-11-05,False,https://www.tradingview.com/chart/?symbol=NASDAQ:USAR&interval=D,False,False,False,False
SMR,NuScale Power Corporation,NYSE,Electrical Products,8.47,9.26,9.05,7.55,7.95,46104121.3,37860240.8,320676240.0,350421769.0,-0.88,219,-8.58,270,-13.31,300,-21.28,367,-14.39,-0.81,2026-11-05,False,https://www.tradingview.com/chart/?symbol=NYSE:SMR&interval=D,False,False,False,False
WEN,Wendy's Company (The),NASDAQ,Restaurants,6.5,7.92,7.79,4.22,5.02,6059425.7,6994308.8,45497979.0,55422903.0,-8.64,364,-26.91,438,-10.4,280,-6.4,301,-14.57,-3.29,2026-11-11,False,https://www.tradingview.com/chart/?symbol=NASDAQ:WEN&interval=D,False,False,False,False
PLUG,"Plug Power, Inc.",NASDAQ,Electronic Production Equipment,1.96,2.16,2.14,4.96,5.68,45480262.1,51454874.233333334,100851553.0,110885254.0,-5.54,307,-10.91,297,-21.6,342,-11.32,323,-14.61,-1.5,2026-11-10,False,https://www.tradingview.com/chart/?symbol=NASDAQ:PLUG&interval=D,False,False,False,False
NN,NextNav Inc.,NASDAQ,Packaged Software,14.45,16.03,15.27,6.35,7.03,2284851.9,2317256.9,33484362.0,37144469.0,-1.83,240,-9.74,285,-12.42,292,-22.12,373,-14.76,-0.76,2026-11-05,False,https://www.tradingview.com/chart/?symbol=NASDAQ:NN&interval=D,False,False,False,False
PRAX,"Praxis Precision Medicines, Inc.",NASDAQ,Pharmaceuticals: Major,281.79,343.29,336.23,5.34,5.87,534311.1,394023.7333333337,111031948.0,135263619.0,-10.16,396,-24.68,424,-13.58,302,-6.9,306,-15.05,-2.76,2026-11-11,False,https://www.tradingview.com/chart/?symbol=NASDAQ:PRAX&interval=D,False,False,False,False
RH,RH,NYSE,Specialty Stores,121.19,144.79,159.08,5.58,6.09,968681.9,788814.6666666666,95596449.0,114211950.0,-7.89,352,-16.54,357,-22.47,348,-6.78,304,-15.26,-3.91,2026-12-03,False,https://www.tradingview.com/chart/?symbol=NYSE:RH&interval=D,False,False,False,False
TTAN,"ServiceTitan, Inc.",NASDAQ,Packaged Software,59.98,78.92,79.53,6.99,7.81,4352731.9,3181896.2333333334,190850136.0,251120024.0,2.83,149,-36.47,451,-5.96,253,-3.48,288,-15.3,-3.15,2027-01-19,False,https://www.tradingview.com/chart/?symbol=NASDAQ:TTAN&interval=D,False,False,False,False
APP,Applovin Corporation,NASDAQ,Packaged Software,312.47,315.38,345.89,4.84,5.43,5467462.5,4984661.166666667,1557557075.0,1572055793.0,-5.84,316,4.2,132,-29.98,392,-20.41,363,-15.4,-1.78,2026-11-11,False,https://www.tradingview.com/chart/?symbol=NASDAQ:APP&interval=D,False,False,False,False
KTOS,"Kratos Defense & Security Solutions, Inc.",NASDAQ,Aerospace & Defense,47.02,51.67,51.63,4.58,5.31,4215162.9,3543392.3666666667,166610309.0,183095352.0,-2.65,252,-12.08,306,2.13,197,-37.19,420,-15.71,-1.68,2026-10-29,False,https://www.tradingview.com/chart/?symbol=NASDAQ:KTOS&interval=D,False,False,False,False
ALGT,Allegiant Travel Company,NASDAQ,Airlines,76.84,79.11,86.7,4.2,4.86,544957.6,529193.7666666667,40663249.0,41866195.0,-4.25,284,-10.09,289,-30.83,398,-6.29,299,-15.74,-2.34,2026-11-04,False,https://www.tradingview.com/chart/?symbol=NASDAQ:ALGT&interval=D,False,False,False,False
AN,"AutoNation, Inc.",NYSE,Specialty Stores,162.89,196.04,201.87,4.93,4.58,761250.4,507618.56666666665,82685988.0,99514390.0,-18.06,450,-17.48,363,-14.94,310,-15.88,341,-16.1,-4.22,2026-10-22,False,https://www.tradingview.com/chart/?symbol=NYSE:AN&interval=D,False,False,False,False
CENX,Century Aluminum Company,NASDAQ,Aluminum,38.12,43.85,44.7,4.61,5.51,1691875.8,1771511.4,67530015.0,77680480.0,-6.32,323,-12.57,313,-15.29,313,-21.24,366,-16.37,-2.67,2026-11-09,False,https://www.tradingview.com/chart/?symbol=NASDAQ:CENX&interval=D,False,False,False,False
RKT,"Rocket Companies, Inc.",NYSE,Finance/Rental/Leasing,11.93,13.56,13.62,4.43,5.23,41587414.5,29109440.966666665,347275631.0,394646394.0,-10.7,404,-17.04,360,-19.01,333,-13.43,332,-16.49,-2.37,2026-10-29,False,https://www.tradingview.com/chart/?symbol=NYSE:RKT&interval=D,False,False,False,False
KGS,"Kodiak Gas Services, Inc.",NYSE,Oilfield Services/Equipment,52.81,60.02,60.35,4.43,5.06,2326225.4,1852805.6333333333,97846665.0,111205394.0,-10.35,399,-11.82,304,-28.09,381,-9.83,317,-16.58,-2.47,2026-11-11,False,https://www.tradingview.com/chart/?symbol=NYSE:KGS&interval=D,False,False,False,False
LEU,Centrus Energy Corp.,NYSE,Other Metals/Minerals,147.32,169.7,171.69,6.16,7.17,881025.6,711770.1999999988,104857986.0,120789776.0,2.84,148,-16.15,351,-11.58,288,-22.05,372,-16.6,-1.98,2026-11-11,False,https://www.tradingview.com/chart/?symbol=NYSE:LEU&interval=D,False,False,False,False
EQPT,EquipmentShare.com Inc,NASDAQ,Internet Software/Services,16.32,18.51,18.68,6.45,6.8,4354683.7,3036731.966666667,49559466.0,56203835.0,-12.4,422,-14.11,325,-16.78,322,-18.93,355,-16.6,-1.86,2026-12-02,False,https://www.tradingview.com/chart/?symbol=NASDAQ:EQPT&interval=D,False,False,False,False
SHAK,"Shake Shack, Inc.",NYSE,Restaurants,57.45,66.62,65.49,4.81,4.84,1477750.6,1192146.8333333333,68488836.0,79417246.0,0.09,203,-23.62,416,5.61,184,-31.79,404,-16.6,-2.54,2026-10-29,False,https://www.tradingview.com/chart/?symbol=NYSE:SHAK&interval=D,False,False,False,False
MWH,"SOLV Energy, Inc.",NASDAQ,Engineering & Construction,25.05,27.05,27.53,4.77,5.55,1329879.6,1668077.9333333333,41785352.0,45120396.0,-6.67,330,-12.69,314,-30.01,393,-8.38,315,-17.02,-1.62,2026-12-02,False,https://www.tradingview.com/chart/?symbol=NASDAQ:MWH&interval=D,False,False,False,False
ALKT,"Alkami Technology, Inc.",NASDAQ,Packaged Software,14.18,19.4,18.98,7.02,7.54,2614588.7,1717447.4,24353404.0,33313327.0,-24.77,457,-28.37,442,-11.82,290,-11.26,322,-17.15,-3.35,2026-10-29,False,https://www.tradingview.com/chart/?symbol=NASDAQ:ALKT&interval=D,False,False,False,False
STNE,StoneCo Ltd.,NASDAQ,Miscellaneous Commercial Services,9.16,9.72,10.22,4.1,4.35,4431958.8,6189471.666666667,56695560.0,60181265.0,-6.91,334,-4.08,220,-14.23,307,-33.62,410,-17.31,-2.39,2026-11-17,False,https://www.tradingview.com/chart/?symbol=NASDAQ:STNE&interval=D,False,False,False,False
CRI,"Carter's, Inc.",NYSE,Apparel/Footwear Retail,30.26,33.0,35.42,4.21,4.4,1744423.6,1469531.4333333333,44468021.0,48491598.0,1.99,165,-11.62,302,-29.23,389,-11.16,321,-17.34,-3.31,2026-10-23,False,https://www.tradingview.com/chart/?symbol=NYSE:CRI&interval=D,False,False,False,False
INTU,Intuit Inc.,NASDAQ,Packaged Software,277.13,333.84,325.03,4.26,5.06,3891976.0,4044676.2666666666,1120901134.0,1350284162.0,-13.17,430,-23.94,420,6.46,176,-35.02,412,-17.5,-2.91,2026-12-01,False,https://www.tradingview.com/chart/?symbol=NASDAQ:INTU&interval=D,False,False,False,False
PII,Polaris Inc.,NYSE,Recreational Products,52.38,61.07,65.23,4.14,4.53,912076.8,823167.8333333334,43117531.0,50269762.0,-7.28,341,-19.5,386,-26.57,373,-7.11,308,-17.73,-4.34,2026-10-27,False,https://www.tradingview.com/chart/?symbol=NYSE:PII&interval=D,False,False,False,False
HYMC,Hycroft Mining Holding Corporation,NASDAQ,Precious Metals,20.89,23.48,22.86,5.94,7.79,2417697.9,2089400.866666662,43647584.0,49066445.0,-2.18,247,-16.12,349,-5.82,252,-31.98,407,-17.97,-1.11,2026-11-03,False,https://www.tradingview.com/chart/?symbol=NASDAQ:HYMC&interval=D,False,False,False,False
AAP,Advance Auto Parts Inc.,NYSE,Specialty Stores,41.43,45.21,49.47,4.1,4.93,1763293.7,2341485.9,97007761.0,105859358.0,-3.61,265,-5.04,232,-29.28,390,-20.08,359,-18.13,-3.3,2026-11-18,False,https://www.tradingview.com/chart/?symbol=NYSE:AAP&interval=D,False,False,False,False
FLUT,Flutter Entertainment plc,NYSE,Casinos/Gaming,81.89,97.14,99.01,4.82,5.35,3100442.0,2650115.3666666667,217017947.0,257428673.0,-16.64,446,-18.95,382,-15.1,311,-20.39,362,-18.15,-3.23,2026-11-18,False,https://www.tradingview.com/chart/?symbol=NYSE:FLUT&interval=D,False,False,False,False
FSLR,"First Solar, Inc.",NASDAQ,Semiconductors,172.16,206.15,211.53,6.1,6.04,2574835.2,2145558.1,369379282.0,442296790.0,-10.87,408,-18.64,378,-28.67,384,-7.22,309,-18.18,-3.08,2026-10-29,False,https://www.tradingview.com/chart/?symbol=NASDAQ:FSLR&interval=D,False,False,False,False
TPL,Texas Pacific Land Corporation,NYSE,Investment Trusts/Mutual Funds,338.25,364.03,375.32,4.34,4.56,499172.3999999996,395120.1999999999,133649408.0,143835080.0,-2.65,253,-8.13,264,-11.17,286,-35.33,413,-18.21,-2.17,2026-11-04,False,https://www.tradingview.com/chart/?symbol=NYSE:TPL&interval=D,False,False,False,False
OKLO,Oklo Inc.,NYSE,Industrial Machinery,38.29,40.53,41.32,5.71,6.84,11508425.9,9880346.8,378318479.0,400450456.0,3.54,143,-6.06,237,-23.42,359,-25.68,384,-18.39,-1.07,2026-11-18,False,https://www.tradingview.com/chart/?symbol=NYSE:OKLO&interval=D,False,False,False,False
FOUR,"Shift4 Payments, Inc.",NYSE,Miscellaneous Commercial Services,38.16,43.73,46.01,6.28,6.63,2098179.9,2013338.2333333334,76828987.0,88040596.0,-10.9,409,-22.91,414,-11.77,289,-20.48,364,-18.39,-2.57,2026-11-11,False,https://www.tradingview.com/chart/?symbol=NYSE:FOUR&interval=D,False,False,False,False
LGN,Legence Corp.,NASDAQ,Engineering & Construction,52.45,56.57,60.41,4.8,5.7,905029.4,931835.3666666667,48874765.0,52716101.0,-5.63,308,-9.04,276,-35.25,416,-11.12,320,-18.47,-2.31,2026-11-13,False,https://www.tradingview.com/chart/?symbol=NASDAQ:LGN&interval=D,False,False,False,False
CHWY,"Chewy, Inc.",NYSE,Internet Retail,18.32,22.23,22.29,5.43,5.6,11619612.1,9050065.133333333,165797193.0,201219148.0,-12.89,426,-25.29,427,0.55,204,-31.49,402,-18.74,-3.18,2026-12-03,False,https://www.tradingview.com/chart/?symbol=NYSE:CHWY&interval=D,False,False,False,False
ZG,"Zillow Group, Inc.",NASDAQ,Internet Software/Services,28.91,34.15,33.93,4.67,5.39,1052577.2,955784.0333333333,27631716.0,32641777.0,-11.1,411,-24.76,425,-0.93,212,-30.54,397,-18.74,-2.75,2026-11-04,False,https://www.tradingview.com/chart/?symbol=NASDAQ:ZG&interval=D,False,False,False,False
FDXF,"FedEx Freight Holding Company, Inc.",NYSE,Trucking,113.81,129.87,136.51,4.2,4.67,2190830.6,1607131.3666666667,182907621.0,208722972.0,-8.33,361,-14.12,326,-26.74,374,-15.7,339,-18.85,-3.56,2026-12-02,False,https://www.tradingview.com/chart/?symbol=NYSE:FDXF&interval=D,False,False,False,False
LPTH,"LightPath Technologies, Inc.",NASDAQ,Electronic Components,10.06,11.31,11.4,6.02,8.23,3237747.7,3458861.1333333333,34796143.0,39128943.0,1.21,182,-26.94,439,-23.21,354,-6.68,303,-18.94,-1.43,2026-11-05,False,https://www.tradingview.com/chart/?symbol=NASDAQ:LPTH&interval=D,False,False,False,False
UEC,Uranium Energy Corp.,AMEX,Other Metals/Minerals,9.47,11.29,10.81,5.48,6.45,9384438.2,8636192.033333333,81784739.0,97514123.0,-9.03,372,-23.69,417,-8.5,263,-26.07,387,-19.42,-1.92,2026-09-29,False,https://www.tradingview.com/chart/?symbol=AMEX:UEC&interval=D,False,False,False,False
GT,The Goodyear Tire & Rubber Company,NASDAQ,Automotive Aftermarket,5.07,5.77,6.24,4.81,5.34,11810015.6,9348772.0,47398274.0,53979810.0,-3.98,274,-15.5,339,-20.16,338,-22.83,377,-19.5,-3.51,2026-11-09,False,https://www.tradingview.com/chart/?symbol=NASDAQ:GT&interval=D,False,False,False,False
ENPH,"Enphase Energy, Inc.",NASDAQ,Electrical Products,32.82,36.9,37.88,5.66,5.75,4628714.5,4240687.2,139179354.0,156462275.0,-9.11,377,-13.06,317,-28.93,387,-16.59,344,-19.53,-2.32,2026-10-27,False,https://www.tradingview.com/chart/?symbol=NASDAQ:ENPH&interval=D,False,False,False,False
EYE,"National Vision Holdings, Inc.",NASDAQ,Specialty Stores,16.41,17.46,19.03,4.73,5.11,2836130.5,2337647.033333333,38360788.0,40812590.0,-0.67,216,-9.54,282,-9.04,267,-40.28,430,-19.62,-2.7,2026-11-11,False,https://www.tradingview.com/chart/?symbol=NASDAQ:EYE&interval=D,False,False,False,False
IBP,"Installed Building Products, Inc.",NYSE,Engineering & Construction,196.29,225.89,228.63,4.85,4.93,536502.2,379892.3,74569060.0,85815518.0,-4.17,282,-20.76,400,-13.08,296,-25.36,383,-19.74,-2.87,2026-11-11,False,https://www.tradingview.com/chart/?symbol=NYSE:IBP&interval=D,False,False,False,False
FTFT,Future FinTech Group Inc.,NASDAQ,Finance/Rental/Leasing,4.42,3.39,3.73,36.74,30.32,21698253.3,11025299.008333333,48731822.0,37328502.0,-31.47,459,76.04,3,-58.5,452,-77.45,457,-19.97,0.61,,False,https://www.tradingview.com/chart/?symbol=NASDAQ:FTFT&interval=D,False,True,False,False
QNT,Quantinuum Inc.,NASDAQ,Computer Processing Hardware,49.39,52.91,54.1,6.53,7.45,2177425.6,1744404.5666666667,86156142.0,92297318.0,-6.81,331,-6.6,242,-26.56,372,-27.37,392,-20.18,-1.17,2026-12-02,False,https://www.tradingview.com/chart/?symbol=NASDAQ:QNT&interval=D,False,False,False,False
SFM,"Sprouts Farmers Market, Inc.",NASDAQ,Food Retail,65.42,77.0,78.55,4.57,4.82,1980778.1,1770992.2,115858310.0,136366990.0,-8.5,363,-23.75,418,-21.66,344,-15.13,336,-20.18,-3.47,2026-11-04,False,https://www.tradingview.com/chart/?symbol=NASDAQ:SFM&interval=D,False,False,False,False
Z,"Zillow Group, Inc.",NASDAQ,Internet Software/Services,28.14,33.43,33.41,4.74,5.48,4268838.2,3668734.2333333334,103238181.0,122637225.0,-11.41,415,-24.92,426,-4.35,240,-31.85,405,-20.37,-2.88,2026-11-04,False,https://www.tradingview.com/chart/?symbol=NASDAQ:Z&interval=D,False,False,False,False
DNN,Denison Mines Corp,AMEX,Other Metals/Minerals,2.63,3.19,3.11,5.3,6.11,23728950.1,25787592.166666668,67821367.0,82365569.0,-9.31,381,-25.92,431,-13.77,306,-21.49,368,-20.39,-2.54,2026-11-03,False,https://www.tradingview.com/chart/?symbol=AMEX:DNN&interval=D,False,False,False,False
CELC,Celcuity Inc.,NASDAQ,Medical Specialties,79.37,88.84,88.69,4.66,5.2,942622.9,858600.0,68147082.0,76273731.0,-6.86,333,-14.17,327,-17.52,326,-29.7,395,-20.46,-2.02,2026-11-18,False,https://www.tradingview.com/chart/?symbol=NASDAQ:CELC&interval=D,False,False,False,False
AESI,Atlas Energy Solutions Inc.,NYSE,Oilfield Services/Equipment,10.99,12.91,12.54,6.51,6.98,2996566.6,3048433.966666667,33502289.0,39353250.0,-19.49,453,-7.65,256,-32.95,409,-22.28,374,-20.96,-1.77,2026-11-02,False,https://www.tradingview.com/chart/?symbol=NYSE:AESI&interval=D,False,False,False,False
UAA,"Under Armour, Inc.",NYSE,Apparel/Footwear,4.5,5.06,5.72,4.28,4.66,10595895.8,8401632.366666667,37807346.0,42503858.0,-11.94,420,-15.09,337,-25.86,369,-22.95,378,-21.3,-4.59,2026-11-05,False,https://www.tradingview.com/chart/?symbol=NYSE:UAA&interval=D,False,False,False,False
LMND,"Lemonade, Inc.",NYSE,Multi-Line Insurance,45.28,50.77,53.29,4.76,5.15,1151384.3,1010522.5333333333,45756460.0,51300861.0,-9.02,371,-16.15,350,-18.56,331,-30.34,396,-21.68,-2.92,2026-11-10,False,https://www.tradingview.com/chart/?symbol=NYSE:LMND&interval=D,False,False,False,False
FMC,FMC Corporation,NYSE,Chemicals: Agricultural,9.59,11.13,11.05,6.24,6.44,4152572.4,3324685.1333333333,31883730.0,36989339.0,-11.53,417,-13.76,321,-14.6,309,-38.05,425,-22.14,-2.05,2026-10-29,False,https://www.tradingview.com/chart/?symbol=NYSE:FMC&interval=D,False,False,False,False
QS,QuantumScape Corporation,NASDAQ,Electrical Products,4.94,5.49,5.54,4.36,5.22,11604016.1,13816173.633333333,68251898.0,75866912.0,-4.6,289,-14.97,334,-28.92,386,-22.57,375,-22.16,-2.08,2026-10-28,False,https://www.tradingview.com/chart/?symbol=NASDAQ:QS&interval=D,False,False,False,False
JOBY,"Joby Aviation, Inc.",NYSE,Aerospace & Defense,6.3,6.88,7.18,4.11,4.87,25297223.8,24881882.633333333,156755861.0,171179059.0,0.48,199,-13.93,323,-28.08,380,-24.64,382,-22.22,-2.52,2026-11-11,False,https://www.tradingview.com/chart/?symbol=NYSE:JOBY&interval=D,False,False,False,False
ENOV,Enovis Corporation,NYSE,Medical Specialties,18.27,21.67,24.09,5.77,6.47,2259766.3,1667497.966666667,30465188.0,36139683.0,-3.89,272,-27.59,441,-17.52,325,-21.59,370,-22.23,-3.73,2026-11-11,False,https://www.tradingview.com/chart/?symbol=NYSE:ENOV&interval=D,False,False,False,False
AMPX,"Amprius Technologies, Inc.",NYSE,Electrical Products,9.69,10.06,10.21,4.78,5.8,4502280.4,4650683.3,45065121.0,46767271.0,2.11,162,-3.68,213,-19.98,337,-43.27,434,-22.31,-0.88,2026-11-05,False,https://www.tradingview.com/chart/?symbol=NYSE:AMPX&interval=D,False,False,False,False
BOOT,"Boot Barn Holdings, Inc.",NYSE,Apparel/Footwear Retail,126.0,146.96,150.7,4.65,4.81,853076.8,661549.9,83355287.0,97223358.0,0.72,194,-22.07,409,-27.44,377,-17.5,348,-22.34,-3.41,2026-11-04,False,https://www.tradingview.com/chart/?symbol=NYSE:BOOT&interval=D,False,False,False,False
TNDM,"Tandem Diabetes Care, Inc.",NASDAQ,Medical Specialties,15.22,19.94,19.62,7.38,7.68,2498686.2,1800343.2666666666,27401225.0,35899745.0,-14.11,439,-31.32,446,-3.0,232,-33.3,409,-22.54,-2.92,2026-11-04,False,https://www.tradingview.com/chart/?symbol=NASDAQ:TNDM&interval=D,False,False,False,False
FICO,Fair Isaac Corporation,NYSE,Financial Publishing/Services,856.48,1043.5,1092.02,4.79,5.46,405122.5,366237.1,313674751.0,382166705.0,-13.51,434,-25.98,432,-25.56,367,-16.31,342,-22.62,-3.95,2026-11-11,False,https://www.tradingview.com/chart/?symbol=NYSE:FICO&interval=D,False,False,False,False
TRIP,"TripAdvisor, Inc.",NASDAQ,Other Consumer Services,8.52,9.47,11.03,4.49,5.08,5090868.0,3912283.3666666667,33332654.0,37059756.0,-5.65,311,-16.39,352,-33.33,411,-18.23,353,-22.65,-4.48,2026-11-09,False,https://www.tradingview.com/chart/?symbol=NASDAQ:TRIP&interval=D,False,False,False,False
EROC,"ERock, Inc.",NYSE,Electrical Products,12.06,13.06,12.26,8.16,9.32,3106650.2,3053803.433333333,36828869.0,39885727.0,-4.59,288,-11.65,303,-17.06,323,-40.0,429,-22.9,-0.17,2026-12-02,False,https://www.tradingview.com/chart/?symbol=NYSE:EROC&interval=D,False,False,False,False
NXT,Nextpower Inc.,NASDAQ,Electronic Equipment/Instruments,79.97,85.79,91.59,4.64,5.33,2331139.5,2087913.3333333333,166970429.0,179117213.0,-1.33,231,-8.92,275,-27.95,379,-31.88,406,-22.92,-2.38,2026-10-22,False,https://www.tradingview.com/chart/?symbol=NASDAQ:NXT&interval=D,False,False,False,False
WHR,Whirlpool Corporation,NYSE,Electronics/Appliances,32.98,37.45,38.38,4.18,4.79,3127406.0,2500330.9,82460913.0,93634892.0,0.7,196,-18.49,376,-12.59,293,-37.95,422,-23.01,-2.94,2026-10-15,False,https://www.tradingview.com/chart/?symbol=NYSE:WHR&interval=D,False,False,False,False
RSI,"Rush Street Interactive, Inc.",NYSE,Casinos/Gaming,19.54,25.2,26.74,6.37,6.55,4627269.3,2957691.8,57793298.0,74539749.0,-24.73,456,-26.12,433,-35.28,417,-8.16,312,-23.19,-4.11,2026-11-04,False,https://www.tradingview.com/chart/?symbol=NYSE:RSI&interval=D,False,False,False,False
ALM,Almonty Industries Inc.,NASDAQ,Other Metals/Minerals,12.4,16.3,15.08,8.73,9.63,6544013.5,6493668.433333334,80521489.0,105828397.0,-11.74,418,-32.2,447,-22.93,350,-14.54,335,-23.23,-1.84,2026-11-17,False,https://www.tradingview.com/chart/?symbol=NASDAQ:ALM&interval=D,False,False,False,False
SEDG,"SolarEdge Technologies, Inc.",NASDAQ,Electrical Products,31.91,33.34,36.71,8.66,8.44,3140582.0,3108284.033333333,99185344.0,103625009.0,-9.6,386,3.6,139,-38.01,422,-35.51,415,-23.31,-1.55,2026-11-11,False,https://www.tradingview.com/chart/?symbol=NASDAQ:SEDG&interval=D,False,False,False,False
NAMS,NewAmsterdam Pharma Company N.V.,NASDAQ,Pharmaceuticals: Major,22.74,24.9,26.55,6.74,6.12,2052339.2,1524566.7666666666,34668648.0,37955614.0,5.33,122,-15.78,346,-27.95,378,-26.55,390,-23.42,-2.34,2026-11-11,False,https://www.tradingview.com/chart/?symbol=NASDAQ:NAMS&interval=D,False,False,False,False
LBRT,Liberty Energy Inc.,NYSE,Oilfield Services/Equipment,18.24,19.84,20.09,4.87,5.26,3696341.4,3443934.466666667,62817365.0,68329956.0,-6.08,319,-0.87,185,-32.59,407,-38.69,427,-24.05,-1.75,2026-10-21,False,https://www.tradingview.com/chart/?symbol=NYSE:LBRT&interval=D,False,False,False,False
TTD,"The Trade Desk, Inc.",NASDAQ,Packaged Software,12.63,13.83,15.24,4.71,5.24,33313795.199999996,23390298.90000001,295419475.0,323480037.0,-15.04,442,-3.77,216,-27.41,375,-41.55,433,-24.25,-3.27,2026-11-05,False,https://www.tradingview.com/chart/?symbol=NASDAQ:TTD&interval=D,False,False,False,False
HUBG,"Hub Group, Inc.",NASDAQ,Air Freight/Couriers,30.03,36.8,41.07,5.22,5.56,1470917.8,1264725.2666666666,37979700.0,46545684.0,-10.38,401,-25.37,428,-31.83,405,-15.72,340,-24.31,-4.84,2026-10-22,False,https://www.tradingview.com/chart/?symbol=NASDAQ:HUBG&interval=D,False,False,False,False
FTAI,FTAI Aviation Ltd.,NASDAQ,Aerospace & Defense,174.53,195.5,202.89,4.32,5.48,1467840.2000000016,1301706.4666666684,227186830.0,254485784.0,-11.18,413,-13.96,324,-33.39,413,-26.84,391,-24.73,-2.55,2026-11-03,False,https://www.tradingview.com/chart/?symbol=NASDAQ:FTAI&interval=D,False,False,False,False
MAIR,Madison Air Solutions Corporation,NYSE,Industrial Machinery,24.37,26.12,28.69,4.32,5.41,2855537.3,2919500.8,71148234.0,76248602.0,1.63,170,-12.37,311,-38.68,425,-23.84,379,-24.96,-2.78,2026-12-02,False,https://www.tradingview.com/chart/?symbol=NYSE:MAIR&interval=D,False,False,False,False
GIL,"Gildan Activewear, Inc.",NYSE,Apparel/Footwear,40.63,51.22,52.52,4.35,4.79,2040257.1,1313476.6333333333,53366556.0,67277149.0,-14.1,438,-25.76,429,-23.56,360,-26.46,389,-25.26,-4.73,2026-10-29,False,https://www.tradingview.com/chart/?symbol=NYSE:GIL&interval=D,False,False,False,False
CHTR,"Charter Communications, Inc.",NASDAQ,Cable/Satellite TV,117.55,143.26,142.47,5.47,5.89,3280897.5,3034506.3666666667,356706223.0,434714279.0,-13.39,432,-20.91,406,-9.83,277,-46.2,437,-25.65,-2.97,2026-10-30,False,https://www.tradingview.com/chart/?symbol=NASDAQ:CHTR&interval=D,False,False,False,False
QXO,"QXO, Inc.",NYSE,Wholesale Distributors,12.26,13.03,13.61,4.17,4.91,21401845.8,16795675.033333335,205914976.0,218825251.0,4.16,138,-10.58,295,-30.34,394,-36.71,419,-25.87,-2.03,2026-11-17,False,https://www.tradingview.com/chart/?symbol=NYSE:QXO&interval=D,False,False,False,False
XE,"X-Energy, Inc.",NASDAQ,Industrial Machinery,15.72,17.7,17.56,7.44,8.69,7469640.2,6684842.4,105085723.0,118297199.0,3.97,141,-15.07,336,-12.72,295,-50.91,443,-26.23,-1.2,2026-12-02,False,https://www.tradingview.com/chart/?symbol=NASDAQ:XE&interval=D,False,False,False,False
UUUU,Energy Fuels Inc,AMEX,Other Metals/Minerals,11.32,13.81,13.24,5.06,6.45,8024805.3,6901683.066666666,78127052.0,95291538.0,-6.37,324,-24.53,423,-20.17,339,-34.91,411,-26.54,-2.25,2026-10-30,False,https://www.tradingview.com/chart/?symbol=AMEX:UUUU&interval=D,False,False,False,False
ALB,Albemarle Corporation,NYSE,Chemicals: Specialty,108.25,126.82,124.26,4.09,4.89,2742162.6,2391488.933333333,258878677.0,303283844.0,-3.78,270,-20.58,398,-21.08,341,-38.03,423,-26.56,-2.64,2026-11-04,False,https://www.tradingview.com/chart/?symbol=NYSE:ALB&interval=D,False,False,False,False
BLDR,"Builders FirstSource, Inc.",NYSE,Home Improvement Chains,58.28,64.61,67.7,4.16,4.63,5244755.2,3118821.466666667,181764915.0,201521609.0,-5.16,299,-18.56,377,-33.36,412,-28.38,393,-26.77,-3.0,2026-10-29,False,https://www.tradingview.com/chart/?symbol=NYSE:BLDR&interval=D,False,False,False,False
PUMP,ProPetro Holding Corp.,NYSE,Oilfield Services/Equipment,9.53,11.1,11.33,5.52,5.82,4532342.7,3414275.466666667,32538045.0,37899596.0,-7.57,348,-11.35,300,-33.87,415,-35.35,414,-26.85,-2.73,2026-11-04,False,https://www.tradingview.com/chart/?symbol=NYSE:PUMP&interval=D,False,False,False,False
BIAF,"bioAffinity Technologies, Inc.",NASDAQ,Medical Specialties,7.83,7.48,8.15,29.08,27.6,3970211.4999999986,6587521.097777777,51580290.0,49293871.0,11.86,53,45.0,8,-38.28,423,-88.14,459,-27.14,-0.14,2026-11-18,False,https://www.tradingview.com/chart/?symbol=NASDAQ:BIAF&interval=D,False,True,False,False
EOSE,"Eos Energy Enterprises, Inc.",NASDAQ,Electrical Products,3.24,3.74,3.79,9.92,10.49,27793432.8,26288045.266666666,85304707.0,98291001.0,-19.48,452,-8.85,274,-45.09,437,-30.69,398,-28.21,-1.37,2026-11-11,False,https://www.tradingview.com/chart/?symbol=NASDAQ:EOSE&interval=D,False,False,False,False
CAR,"Avis Budget Group, Inc.",NASDAQ,Finance/Rental/Leasing,103.54,131.3,139.06,5.36,5.78,526656.2,382013.9666666667,39553726.0,50158306.0,-12.5,423,-29.79,443,-37.12,420,-21.68,371,-29.53,-4.42,2026-11-02,False,https://www.tradingview.com/chart/?symbol=NASDAQ:CAR&interval=D,False,False,False,False
FRMI,Fermi Inc.,NASDAQ,Real Estate Development,4.55,5.36,5.78,7.21,8.42,18604200.2,17504490.633333333,79645432.0,93800730.0,-9.9,393,-19.61,387,-46.6,440,-24.17,381,-30.12,-2.53,2026-11-17,False,https://www.tradingview.com/chart/?symbol=NASDAQ:FRMI&interval=D,False,False,False,False
UAMY,United States Antimony Corporation,NYSE,Other Metals/Minerals,4.57,5.04,5.3,4.96,7.09,4950929.9,6289411.3,28742610.0,31725887.0,-3.38,262,-11.43,301,-31.48,403,-47.83,439,-30.25,-1.95,2026-11-18,False,https://www.tradingview.com/chart/?symbol=NYSE:UAMY&interval=D,False,False,False,False
STUB,"StubHub Holdings, Inc.",NYSE,Internet Software/Services,5.39,6.39,7.36,5.39,6.37,7500574.4,7359591.766666667,39668200.0,47022885.0,-9.87,392,-19.07,384,-53.17,448,-19.31,357,-30.52,-4.19,2026-11-12,False,https://www.tradingview.com/chart/?symbol=NYSE:STUB&interval=D,False,False,False,False
WING,Wingstop Inc.,NASDAQ,Restaurants,97.84,110.52,118.17,5.97,6.32,1527445.8,1238815.5,121205709.0,136913476.0,-4.8,292,-15.58,342,-39.96,427,-36.15,416,-30.56,-2.72,2026-11-04,False,https://www.tradingview.com/chart/?symbol=NASDAQ:WING&interval=D,False,False,False,False
PLNT,"Planet Fitness, Inc.",NYSE,Other Consumer Services,40.72,50.29,51.59,5.02,5.22,3119491.0,2204547.5,89769174.0,110874777.0,-19.17,451,-24.13,421,-21.9,346,-45.76,436,-30.6,-4.03,2026-11-10,False,https://www.tradingview.com/chart/?symbol=NYSE:PLNT&interval=D,False,False,False,False
RUN,Sunrun Inc.,NASDAQ,Semiconductors,7.78,8.91,9.51,5.22,6.15,8170207.9,7497953.7,58334080.0,66840508.0,-8.47,362,-14.6,333,-41.98,429,-36.18,417,-30.92,-2.95,2026-11-04,False,https://www.tradingview.com/chart/?symbol=NASDAQ:RUN&interval=D,False,False,False,False
FRVO,Fervo Energy Company,NASDAQ,Alternative Power Generation,16.71,16.91,19.54,7.31,9.28,5668957.3,6605796.766666667,110382864.0,111704023.0,5.29,123,6.84,116,-46.53,439,-53.58,446,-31.09,-1.56,2026-12-02,False,https://www.tradingview.com/chart/?symbol=NASDAQ:FRVO&interval=D,False,False,False,False
DY,"Dycom Industries, Inc.",NYSE,Engineering & Construction,272.1,324.89,359.62,4.06,5.3,683930.5,716624.8,194993608.0,232820648.0,-7.9,353,-30.27,445,-44.57,435,-19.21,356,-31.35,-4.6,2026-11-24,False,https://www.tradingview.com/chart/?symbol=NYSE:DY&interval=D,False,False,False,False
MTZ,"MasTec, Inc.",NYSE,Engineering & Construction,211.95,244.45,268.46,5.13,5.95,1622156.4,1545291.8,327524597.0,377750186.0,-9.6,385,-17.22,361,-46.36,438,-31.15,400,-31.58,-3.53,2026-10-29,False,https://www.tradingview.com/chart/?symbol=NYSE:MTZ&interval=D,False,False,False,False
LCID,"Lucid Group, Inc.",NASDAQ,Motor Vehicles,4.15,4.85,5.74,5.81,8.07,12212641.599999977,11390433.50000001,47270299.0,55211330.0,-1.31,230,-19.02,383,-18.47,330,-57.83,450,-31.77,-3.44,2026-11-10,False,https://www.tradingview.com/chart/?symbol=NASDAQ:LCID&interval=D,False,False,False,False
KNF,Knife Riv Holding Co.,NYSE,Construction Materials,53.37,60.9,66.38,4.02,4.75,1219737.9,947981.6,50593778.0,57729551.0,-6.2,321,-18.14,371,-42.36,431,-36.55,418,-32.35,-4.12,2026-11-09,False,https://www.tradingview.com/chart/?symbol=NYSE:KNF&interval=D,False,False,False,False
PZZA,"Papa John's International, Inc.",NASDAQ,Restaurants,20.22,22.29,25.17,4.03,4.2,1648106.3,1361608.7333333334,27531729.0,30349805.0,-1.17,226,-15.75,345,-43.83,433,-37.78,421,-32.46,-4.68,2026-10-29,False,https://www.tradingview.com/chart/?symbol=NASDAQ:PZZA&interval=D,False,False,False,False
UTI,Universal Technical Institute Inc,NYSE,Miscellaneous Commercial Services,20.67,21.94,27.7,4.93,6.53,2206133.8,1835667.1333333333,37943240.0,40267194.0,-2.18,246,-6.64,243,-48.59,442,-44.89,435,-33.38,-3.89,2026-11-25,False,https://www.tradingview.com/chart/?symbol=NYSE:UTI&interval=D,False,False,False,False
RCAT,"Red Cat Holdings, Inc.",NASDAQ,Packaged Software,6.8,8.49,8.43,6.69,7.78,11606300.2,8552565.966666667,58157449.0,72609860.0,-8.05,356,-25.85,430,-23.85,361,-51.43,444,-33.71,-2.48,2026-11-12,False,https://www.tradingview.com/chart/?symbol=NASDAQ:RCAT&interval=D,False,False,False,False
PL,Planet Labs PBC,NYSE,Packaged Software,17.62,19.43,20.49,5.62,6.27,10044028.9,9757760.1,171931733.0,189642068.0,7.31,97,-20.34,395,-32.83,408,-48.15,440,-33.77,-2.23,2026-12-14,False,https://www.tradingview.com/chart/?symbol=NYSE:PL&interval=D,False,False,False,False
XENE,Xenon Pharmaceuticals Inc.,NASDAQ,Pharmaceuticals: Major,38.06,56.64,59.92,5.37,7.47,3465206.5,1593605.7,60652633.0,90260233.0,-33.92,461,-37.62,453,-33.19,410,-31.35,401,-34.05,-4.88,2026-11-11,False,https://www.tradingview.com/chart/?symbol=NASDAQ:XENE&interval=D,False,False,False,False
INIO,INNIO N.V.,NASDAQ,Electrical Products,19.01,21.65,23.66,6.97,8.49,7052618.8,4771922.9,90714254.0,103318493.0,-9.65,388,-14.5,332,-49.44,443,-38.68,426,-34.21,-2.32,2026-12-02,False,https://www.tradingview.com/chart/?symbol=NASDAQ:INIO&interval=D,False,False,False,False
AGX,"Argan, Inc.",NYSE,Engineering & Construction,361.06,441.05,495.19,5.31,6.6,467470.9,413068.6666666667,149142573.0,182183935.0,-11.25,414,-24.47,422,-50.98,447,-28.59,394,-34.68,-4.11,2026-12-09,False,https://www.tradingview.com/chart/?symbol=NYSE:AGX&interval=D,False,False,False,False
TE,T1 Energy Inc.,NYSE,Electrical Products,3.81,4.51,4.8,7.29,9.82,18435853.9,20052831.466666665,76401288.0,90358059.0,-9.29,379,-15.52,340,-53.76,449,-38.05,424,-35.78,-2.1,2026-11-11,False,https://www.tradingview.com/chart/?symbol=NYSE:TE&interval=D,False,False,False,False
YSS,York Space Systems Inc.,NYSE,Aerospace & Defense,9.81,9.17,11.56,7.04,8.58,5205024.8,3966241.3,38908827.0,36367789.0,16.09,38,-1.9,190,-58.76,453,-53.11,445,-37.92,-1.77,2026-12-02,False,https://www.tradingview.com/chart/?symbol=NYSE:YSS&interval=D,False,False,False,False
OPEN,Opendoor Technologies Inc,NASDAQ,Real Estate Development,2.53,3.09,3.43,5.14,6.64,34453384.7,36633083.06666667,92681700.0,113379392.0,-5.77,314,-26.45,436,-40.05,428,-47.4,438,-37.97,-3.93,2026-11-05,False,https://www.tradingview.com/chart/?symbol=NASDAQ:OPEN&interval=D,False,False,False,False
HTZ,"Hertz Global Holdings, Inc",NASDAQ,Finance/Rental/Leasing,1.76,2.08,2.01,5.45,7.98,13103776.8,19964800.666666668,35038225.0,41530113.0,-9.07,373,-20.77,401,-33.77,414,-60.47,452,-38.34,-1.56,2026-10-22,False,https://www.tradingview.com/chart/?symbol=NASDAQ:HTZ&interval=D,False,False,False,False
IONS,"Ionis Pharmaceuticals, Inc.",NASDAQ,Pharmaceuticals: Major,43.81,55.22,55.05,5.54,5.36,5311190.9,3572076.3333333335,156492664.0,197250055.0,-6.15,320,-29.94,444,-44.4,434,-40.8,431,-38.38,-3.81,2026-11-04,False,https://www.tradingview.com/chart/?symbol=NASDAQ:IONS&interval=D,False,False,False,False
KRMN,Karman Holdings Inc.,NYSE,Aerospace & Defense,34.92,43.88,46.93,7.1,7.74,4942456.8,3338728.5,116588399.0,146513423.0,-7.84,351,-32.98,448,-23.39,358,-59.4,451,-38.59,-3.31,2026-11-05,False,https://www.tradingview.com/chart/?symbol=NYSE:KRMN&interval=D,False,False,False,False
RARE,Ultragenyx Pharmaceutical Inc.,NASDAQ,Pharmaceuticals: Major,14.77,20.21,22.83,5.58,9.0,6823887.5,5205635.4,76887235.0,105231052.0,11.72,56,-43.73,456,-49.74,445,-26.15,388,-39.88,-3.92,2026-11-04,False,https://www.tradingview.com/chart/?symbol=NASDAQ:RARE&interval=D,False,False,False,False
CAPR,"Capricor Therapeutics, Inc.",NASDAQ,Pharmaceuticals: Major,8.57,8.44,9.28,6.98,10.49,2720554.4,8703992.066666666,74593212.0,73503762.0,-4.03,276,18.21,54,-68.49,457,-71.07,453,-40.45,-0.73,2026-11-17,False,https://www.tradingview.com/chart/?symbol=NASDAQ:CAPR&interval=D,False,False,False,False
BW,"Babcock & Wilcox Enterprises, Inc.",NYSE,Electronic Equipment/Instruments,6.17,7.71,8.49,7.32,10.16,5059017.4,4885592.533333333,30144106.0,37667918.0,-13.1,429,-22.1,410,-57.45,451,-56.55,449,-45.36,-2.69,2026-11-11,False,https://www.tradingview.com/chart/?symbol=NYSE:BW&interval=D,False,False,False,False
SOC,Sable Offshore Corp.,NYSE,Integrated Oil,3.97,4.61,4.58,8.14,9.18,8393183.9,8869000.533333333,35209932.0,40856529.0,-12.17,421,-15.53,341,-47.07,441,-77.8,458,-46.8,-1.45,2026-11-12,False,https://www.tradingview.com/chart/?symbol=NYSE:SOC&interval=D,False,False,False,False
FLNC,"Fluence Energy, Inc.",NASDAQ,Electrical Products,7.46,10.22,11.65,6.5,9.44,11091762.4,7678145.766666667,57278967.0,78468090.0,3.18,147,-36.62,452,-60.57,455,-49.46,442,-48.88,-3.81,2026-11-30,False,https://www.tradingview.com/chart/?symbol=NASDAQ:FLNC&interval=D,False,False,False,False
BENF,Beneficient,NASDAQ,Investment Managers,1.45,1.76,2.31,36.76,39.77,56902444.0,18980366.166666668,27521531.0,33360714.0,103.94,3,-35.56,450,-59.94,454,-55.79,448,-50.43,-0.94,2026-11-12,False,https://www.tradingview.com/chart/?symbol=NASDAQ:BENF&interval=D,True,False,False,False
XNDU,Xanadu Quantum Technologies Limited,NASDAQ,Computer Processing Hardware,5.1,9.21,9.79,9.89,13.05,8182904.0,3702872.1333333333,18884648.0,34098515.0,-33.51,460,-51.8,457,-56.78,450,-49.0,441,-52.53,-3.67,2026-12-02,False,https://www.tradingview.com/chart/?symbol=NASDAQ:XNDU&interval=D,False,False,False,False
ALHC,"Alignment Healthcare, Inc.",NASDAQ,Managed Health Care,7.67,12.05,14.08,10.82,10.68,16885359.7,8395574.333333334,64394055.0,101173667.0,-10.61,402,-42.89,455,-66.4,456,-54.32,447,-54.54,-4.26,2026-10-29,False,https://www.tradingview.com/chart/?symbol=NASDAQ:ALHC&interval=D,False,False,False,False
EYPT,"EyePoint, Inc.",NASDAQ,Pharmaceuticals: Major,3.65,5.15,8.16,8.62,14.53,4101038.6999999955,6171497.866666666,22525967.0,31807900.0,2.24,156,-26.71,437,-73.38,459,-71.81,455,-57.3,-3.81,2026-11-04,False,https://www.tradingview.com/chart/?symbol=NASDAQ:EYPT&interval=D,False,False,False,False
LHSW,Lianhe Sowell International Group Ltd,NASDAQ,Computer Processing Hardware,0.76,2.2,2.36,67.94,69.54,48185012.9,17322475.433333334,13218781.0,38063542.0,51.29,5,-74.9,460,-50.45,446,-71.8,454,-65.71,-0.97,,False,https://www.tradingview.com/chart/?symbol=NASDAQ:LHSW&interval=D,True,False,False,False
ALMS,Alumis Inc.,NASDAQ,Pharmaceuticals: Major,7.29,15.43,20.27,8.6,16.21,3643359.1,3664554.1,26714599.0,56526969.0,-9.22,378,-69.01,459,-70.85,458,-71.97,456,-70.61,-3.95,2026-11-12,False,https://www.tradingview.com/chart/?symbol=NASDAQ:ALMS&interval=D,False,False,False,False
TNON,"Tenon Medical, Inc.",NASDAQ,Medical/Nursing Services,2.96,4.94,5.58,38.01,39.46,13089841.0,11461796.466666667,33926918.0,56621275.0,-27.09,458,-53.02,458,-82.41,460,-88.48,460,-74.63,-1.19,2026-11-18,False,https://www.tradingview.com/chart/?symbol=NASDAQ:TNON&interval=D,False,False,False,False
RETO,"ReTo Eco-Solutions, Inc.",NASDAQ,Other Metals/Minerals,0.17,1.06,1.72,1078.81,781.3,119370229.4,40458490.7,6716109.0,43045002.0,-72.32,464,-90.18,461,-93.36,461,-94.88,462,-92.81,-0.12,,False,https://www.tradingview.com/chart/?symbol=NASDAQ:RETO&interval=D,False,False,False,False
NCT,Intercont (Cayman) Limited,NASDAQ,Marine Shipping,4.65,58.32,68.02,40.47,181.68,1566339.9239999999,625762.5493333333,2909796.0,36496401.0,-47.16,462,-95.67,463,-93.38,462,-92.71,461,-93.92,-0.51,,False,https://www.tradingview.com/chart/?symbol=NASDAQ:NCT&interval=D,False,False,False,False
WETO,Wetour Robotics Limited,NASDAQ,Other Transportation,1.9,9.39,13.36,19.72,153.37,7568641.7,9730166.333333334,18487316.0,91328963.0,-10.38,400,-93.2,462,-97.89,463,-96.41,463,-95.83,-0.56,,False,https://www.tradingview.com/chart/?symbol=NASDAQ:WETO&interval=D,False,False,False,False
CTNT,Cheetah Net Supply Chain Service Inc.,NASDAQ,Engineering & Construction,0.03,1.01,1.3,431.91,408.51,316254867.9,105925944.63333334,3400223.0,107364419.0,-60.76,463,-97.93,464,-97.96,464,-99.99,464,-98.62,-0.24,2026-11-06,False,https://www.tradingview.com/chart/?symbol=NASDAQ:CTNT&interval=D,False,False,False,False
