name,description,exchange,industry,close,SMA30,SMA50,ADRP,ATRP,average_volume_10d_calc,average_volume_30d_calc,dollar_volume_30d,average_dollar_volume_30d,Perf.W,perf_1w_rank,Perf.1M,perf_1m_rank,Perf.3M,perf_3m_rank,Perf.6M,perf_6m_rank,momentum_score,atr_extension_from_50d,earnings_date,earnings_soon,tradingview_url,is_top_1w,is_top_1m,is_top_3m,is_top_6m
CYPH,Cypherpunk Technologies Inc.,NASDAQ,Financial Conglomerates,4.12,2.22,1.6,12.49,10.65,21309028.1,15761632.7,64937927.0,35035325.0,35.75,9,157.5,4,610.34,1,533.85,1,433.9,14.81,2026-11-16,False,https://www.tradingview.com/chart/?symbol=NASDAQ:CYPH&interval=D,True,True,True,True
QMCO,Quantum Corporation,NASDAQ,Computer Peripherals,31.68,24.22,19.67,7.41,7.82,2127434.9,1576737.5333333334,49951045.0,38184116.0,27.59,11,42.0,15,181.85,2,522.4,2,248.75,7.81,2026-11-13,False,https://www.tradingview.com/chart/?symbol=NASDAQ:QMCO&interval=D,True,True,True,True
MXL,"MaxLinear, Inc",NASDAQ,Semiconductors,93.84,71.13,71.44,6.14,6.96,3375635.1,2664162.8333333335,250005040.0,189507231.0,23.33,12,43.2,13,4.06,195,455.6,3,167.62,4.5,2026-10-28,False,https://www.tradingview.com/chart/?symbol=NASDAQ:MXL&interval=D,True,True,False,True
CDNA,"CareDx, Inc.",NASDAQ,Medical Specialties,63.68,51.28,47.55,4.26,4.48,1427554.2,1229818.2666666666,78314827.0,63060571.0,17.99,24,26.98,31,128.65,7,267.24,6,140.96,7.57,2026-11-10,False,https://www.tradingview.com/chart/?symbol=NASDAQ:CDNA&interval=D,True,False,True,True
ASST,"Strive, Inc.",NASDAQ,Financial Conglomerates,29.44,24.01,19.27,6.33,6.4,9842525.8,9985403.766666668,293970287.0,239707939.0,-0.34,193,42.08,14,171.09,3,194.4,16,135.86,8.25,2026-11-13,False,https://www.tradingview.com/chart/?symbol=NASDAQ:ASST&interval=D,False,True,True,True
USDE,StablecoinX Inc.,NASDAQ,Packaged Software,17.25,7.82,5.46,9.09,10.21,6824043.2,8833001.766666668,152369280.0,69107934.0,80.82,4,196.9,2,131.23,6,68.29,102,132.14,21.15,,False,https://www.tradingview.com/chart/?symbol=NASDAQ:USDE&interval=D,True,True,True,False
TEAM,Atlassian Corporation,NASDAQ,Packaged Software,187.74,182.31,154.3,4.28,4.67,3202809.4,3684261.3666666667,691683229.0,671680760.0,-2.96,262,15.9,64,149.32,5,180.17,19,115.13,4.64,2026-10-29,False,https://www.tradingview.com/chart/?symbol=NASDAQ:TEAM&interval=D,False,False,True,True
GLND,Greenland Energy Company,NASDAQ,Financial Conglomerates,5.54,1.74,1.87,9.16,10.6,60825439.2,20851966.9,115519897.0,36369306.0,354.1,2,271.81,1,118.11,9,-57.22,448,110.9,18.6,2026-12-02,False,https://www.tradingview.com/chart/?symbol=NASDAQ:GLND&interval=D,True,True,True,False
LIFE,Ethos Technologies Inc.,NASDAQ,Packaged Software,34.3,36.98,31.9,8.63,8.26,2053627.7,1582390.1,54275980.0,58523115.0,-7.02,351,-10.3,299,88.88,16,239.6,8,106.06,0.91,2026-12-02,False,https://www.tradingview.com/chart/?symbol=NASDAQ:LIFE&interval=D,False,False,True,True
BAND,Bandwidth Inc.,NASDAQ,Packaged Software,61.81,51.04,51.8,7.93,7.38,1071680.3,882099.4666666667,54522568.0,45021916.0,20.76,17,33.5,25,18.36,127,263.59,7,105.15,2.62,2026-10-29,False,https://www.tradingview.com/chart/?symbol=NASDAQ:BAND&interval=D,True,False,False,True
GRAL,"GRAIL, Inc.",NASDAQ,Medical Specialties,126.89,82.55,77.5,5.67,6.23,2069765.7,1109012.2333333334,140722562.0,91549699.0,55.73,7,56.89,8,93.55,12,148.8,30,99.75,10.22,2026-11-18,False,https://www.tradingview.com/chart/?symbol=NASDAQ:GRAL&interval=D,True,True,True,False
APPS,"Digital Turbine, Inc.",NASDAQ,Packaged Software,11.11,11.2,10.82,7.51,7.78,2945956.2,2696509.3666666667,29958219.0,30199557.0,1.37,152,5.01,140,10.66,161,277.89,5,97.85,0.35,2026-11-11,False,https://www.tradingview.com/chart/?symbol=NASDAQ:APPS&interval=D,False,False,False,True
DELL,Dell Technologies Inc.,NYSE,Computer Processing Hardware,562.89,505.27,475.72,4.99,5.61,9565418.7,9076956.533333333,5109328063.0,4586277520.0,-5.1,311,25.2,35,42.05,64,221.41,11,96.22,3.26,2026-12-01,False,https://www.tradingview.com/chart/?symbol=NYSE:DELL&interval=D,False,False,False,True
SDGR,"Schrodinger, Inc.",NASDAQ,Packaged Software,28.85,22.16,19.79,7.03,6.08,3475166.1,1781986.6,51410313.0,39492981.0,-1.6,218,46.26,11,79.75,21,150.87,28,92.29,7.53,2026-11-11,False,https://www.tradingview.com/chart/?symbol=NASDAQ:SDGR&interval=D,False,True,True,False
GPRO,"GoPro, Inc.",NASDAQ,Electronics/Appliances,1.29,1.07,0.92,8.54,10.89,16439284.0,64975570.833333336,83818486.0,69844624.0,-3.73,277,111.48,6,68.03,28,92.54,66,90.68,3.64,2026-11-05,False,https://www.tradingview.com/chart/?symbol=NASDAQ:GPRO&interval=D,False,True,False,False
OKTA,"Okta, Inc.",NASDAQ,Packaged Software,195.19,167.81,158.19,4.97,5.08,4731336.7,4289406.333333333,837249222.0,719816000.0,2.85,124,52.49,10,63.56,32,155.99,22,90.68,4.6,2026-12-08,False,https://www.tradingview.com/chart/?symbol=NASDAQ:OKTA&interval=D,False,True,False,True
AMC,"AMC Entertainment Holdings, Inc.",NYSE,Movies/Entertainment,2.94,2.62,2.58,5.21,5.67,30340521.800000034,23554888.500000004,69251372.0,61768769.0,6.91,76,10.53,94,58.06,37,203.09,14,90.56,2.47,2026-11-11,False,https://www.tradingview.com/chart/?symbol=NYSE:AMC&interval=D,False,False,False,True
BLZE,"Backblaze, Inc.",NASDAQ,Computer Peripherals,13.19,14.53,14.89,6.1,7.07,1896220.2,2370101.1666666665,31261634.0,34438360.0,-3.93,287,-13.51,328,2.05,202,279.02,4,89.19,-1.61,2026-11-11,False,https://www.tradingview.com/chart/?symbol=NASDAQ:BLZE&interval=D,False,False,False,True
OMER,Omeros Corporation,NASDAQ,Pharmaceuticals: Major,20.08,18.71,16.02,4.46,4.8,1839082.0,1727464.9333333333,34687496.0,32322596.0,7.44,73,5.91,131,164.56,4,93.08,64,87.85,5.28,2026-11-11,False,https://www.tradingview.com/chart/?symbol=NASDAQ:OMER&interval=D,False,False,True,False
CRWD,"CrowdStrike Holdings, Inc.",NASDAQ,Packaged Software,252.13,220.89,212.63,4.52,4.8,13773725.6,11514900.833333334,2903251947.0,2543468871.0,2.09,132,37.96,20,46.97,57,171.95,21,85.63,3.87,2026-12-01,False,https://www.tradingview.com/chart/?symbol=NASDAQ:CRWD&interval=D,False,True,False,True
ALAB,"Astera Labs, Inc.",NASDAQ,Semiconductors,364.62,300.95,305.03,5.31,6.33,4573036.1,3803731.8666666667,1386916713.0,1144734373.0,21.53,15,29.01,28,-4.66,241,228.49,9,84.28,3.08,2026-11-10,False,https://www.tradingview.com/chart/?symbol=NASDAQ:ALAB&interval=D,True,False,False,True
RNG,"RingCentral, Inc.",NYSE,Packaged Software,76.16,70.89,64.25,4.29,4.38,1827049.9,1522441.2333333334,115949124.0,107921799.0,1.48,150,19.65,54,118.41,8,109.03,55,82.37,4.23,2026-11-09,False,https://www.tradingview.com/chart/?symbol=NYSE:RNG&interval=D,False,False,True,False
PURR,Hyperliquid Strategies Inc,NASDAQ,Financial Conglomerates,12.85,11.53,9.55,8.32,8.97,27194267.1,27740348.033333335,356463472.0,319786109.0,-7.02,350,10.92,91,61.64,34,171.96,20,81.5,3.85,2026-12-02,False,https://www.tradingview.com/chart/?symbol=NASDAQ:PURR&interval=D,False,False,False,True
SECZ,Securitize Corp.,NYSE,Packaged Software,15.96,8.4,7.89,8.02,7.74,7215087.0,3708847.933333333,59193213.0,31167922.0,71.24,6,142.19,5,53.61,49,46.29,144,80.69,13.19,2026-11-13,False,https://www.tradingview.com/chart/?symbol=NYSE:SECZ&interval=D,True,True,False,False
CORT,Corcept Therapeutics Incorporated,NASDAQ,Pharmaceuticals: Major,116.1,115.56,110.79,4.94,4.71,2622659.8,1421632.0,165051475.0,164285926.0,-0.6,197,-5.28,230,38.68,76,204.8,12,79.4,1.02,2026-11-04,False,https://www.tradingview.com/chart/?symbol=NASDAQ:CORT&interval=D,False,False,False,True
FIVN,"Five9, Inc.",NASDAQ,Packaged Software,35.77,33.48,31.33,5.85,5.76,3078092.6,2041547.7,73026161.0,68352038.0,3.86,108,13.7,76,80.66,19,142.02,35,78.79,2.46,2026-11-09,False,https://www.tradingview.com/chart/?symbol=NASDAQ:FIVN&interval=D,False,False,True,False
PLSE,"Pulse Biosciences, Inc",NASDAQ,Medical Specialties,51.63,50.74,44.91,8.96,7.25,609077.4,604027.2,31185924.0,30649750.0,2.02,133,5.37,135,91.79,13,139.03,37,78.73,2.06,2026-11-16,False,https://www.tradingview.com/chart/?symbol=NASDAQ:PLSE&interval=D,False,False,True,False
NTSK,"Netskope, Inc.",NASDAQ,Packaged Software,17.67,15.66,14.75,5.49,5.36,8966962.1,6370640.7,112569221.0,99787592.0,1.14,159,33.86,24,82.16,17,112.89,54,76.31,3.7,2026-12-11,False,https://www.tradingview.com/chart/?symbol=NASDAQ:NTSK&interval=D,False,True,True,False
PENG,"Penguin Solutions, Inc.",NASDAQ,Semiconductors,56.22,52.22,53.42,4.27,5.9,1517527.4,1481435.9,83286326.0,77354163.0,5.64,90,11.99,84,-11.04,284,223.1,10,74.68,0.89,2026-10-06,False,https://www.tradingview.com/chart/?symbol=NASDAQ:PENG&interval=D,False,False,False,True
AEHR,Aehr Test Systems,NASDAQ,Electronic Production Equipment,104.39,95.88,94.82,6.94,8.43,2320566.2,2670493.8333333335,278772851.0,256049619.0,13.44,33,10.33,96,9.31,163,204.17,13,74.6,1.2,2026-10-06,False,https://www.tradingview.com/chart/?symbol=NASDAQ:AEHR&interval=D,False,False,False,True
INTC,Intel Corporation,NASDAQ,Semiconductors,123.0,100.79,99.05,4.2,5.09,122859123.9,102090761.06666666,12557163611.0,10289370490.0,12.03,43,41.7,16,-4.43,238,181.98,18,73.08,4.75,2026-10-22,False,https://www.tradingview.com/chart/?symbol=NASDAQ:INTC&interval=D,False,True,False,True
HPE,Hewlett Packard Enterprise Company,NYSE,Computer Processing Hardware,62.94,56.48,53.94,5.21,5.57,22011522.1,22972920.100000024,1445915591.0,1297403320.0,2.01,134,17.87,59,39.2,75,153.08,24,70.05,2.99,2026-12-03,False,https://www.tradingview.com/chart/?symbol=NYSE:HPE&interval=D,False,False,False,True
RBRK,"Rubrik, Inc.",NYSE,Information Technology Services,109.55,99.52,92.24,5.1,5.2,3624053.7,3612928.7333333334,395796343.0,359551442.0,0.92,163,21.05,45,54.67,43,134.23,40,69.98,3.61,2026-12-03,False,https://www.tradingview.com/chart/?symbol=NYSE:RBRK&interval=D,False,False,False,False
NEO,"NeoGenomics, Inc.",NASDAQ,Medical/Nursing Services,19.33,17.83,16.78,4.29,4.38,2527282.6,1899508.6333333333,36717502.0,33859691.0,-2.91,260,15.82,65,41.2,67,151.37,27,69.46,3.47,2026-11-10,False,https://www.tradingview.com/chart/?symbol=NASDAQ:NEO&interval=D,False,False,False,False
P,"Everpure, Inc.",NYSE,Computer Peripherals,126.0,104.45,96.03,4.74,5.57,12041384.3,6157358.266666667,775827142.0,643115546.0,19.6,21,22.14,41,80.0,20,105.51,56,69.22,5.61,2026-12-02,False,https://www.tradingview.com/chart/?symbol=NYSE:P&interval=D,True,False,True,False
GRML,Greenland Mines Ltd,NASDAQ,Miscellaneous Commercial Services,14.66,7.01,8.21,13.79,17.52,44460105.2,15335321.095333334,224815807.0,107526160.0,390.3,1,171.48,3,33.27,82,-0.34,277,68.14,4.48,,False,https://www.tradingview.com/chart/?symbol=NASDAQ:GRML&interval=D,True,True,False,False
SMTC,Semtech Corporation,NASDAQ,Semiconductors,182.3,150.29,140.95,5.65,6.22,3820712.5,3593270.1333333333,655053145.0,540042749.0,-0.02,186,39.27,18,17.61,133,144.99,32,67.29,4.72,2026-12-02,False,https://www.tradingview.com/chart/?symbol=NASDAQ:SMTC&interval=D,False,True,False,False
ETON,"Eton Pharmaceuticals, Inc.",NASDAQ,Pharmaceuticals: Major,57.68,59.41,53.35,4.75,5.2,493404.4,612248.3,35314482.0,36375610.0,1.25,157,-9.31,289,65.13,29,145.03,31,66.95,1.56,2026-11-05,False,https://www.tradingview.com/chart/?symbol=NASDAQ:ETON&interval=D,False,False,False,False
SNDK,Sandisk Corporation,NASDAQ,Computer Peripherals,1777.8,1635.11,1516.76,5.06,6.28,9680804.6,11567307.433333334,20564359155.0,18913818129.0,9.39,60,22.14,42,-18.07,328,196.42,15,66.83,2.74,2026-11-05,False,https://www.tradingview.com/chart/?symbol=NASDAQ:SNDK&interval=D,False,False,False,True
ILMN,"Illumina, Inc.",NASDAQ,Medical Specialties,270.0,221.79,210.8,4.38,4.25,6149480.5,3252445.2333333334,878160213.0,721364707.0,8.38,67,22.29,40,53.35,50,119.51,49,65.05,6.61,2026-10-29,False,https://www.tradingview.com/chart/?symbol=NASDAQ:ILMN&interval=D,False,False,False,False
PANW,"Palo Alto Networks, Inc.",NASDAQ,Packaged Software,374.74,361.09,356.52,4.44,4.74,7248533.50000001,6457382.366666675,2419839468.0,2331683284.0,-0.09,187,13.4,78,26.97,95,153.97,23,64.78,1.08,2026-11-12,False,https://www.tradingview.com/chart/?symbol=NASDAQ:PANW&interval=D,False,False,False,True
TWLO,Twilio Inc.,NYSE,Packaged Software,275.8,240.53,227.4,4.85,5.0,3079111.3,2227759.8,614416153.0,535843807.0,10.93,50,25.32,34,46.6,58,121.81,47,64.58,4.25,2026-10-29,False,https://www.tradingview.com/chart/?symbol=NYSE:TWLO&interval=D,False,False,False,False
AMBQ,"Ambiq Micro, Inc.",NYSE,Semiconductors,69.79,61.86,64.05,5.12,5.47,682877.0,517947.1,36147528.0,32040553.0,9.29,61,14.41,70,-13.25,299,188.75,17,63.3,1.64,2026-11-05,False,https://www.tradingview.com/chart/?symbol=NYSE:AMBQ&interval=D,False,False,False,True
SBET,"Sharplink, Inc.",NASDAQ,Advertising/Marketing Services,9.63,8.45,7.56,5.82,6.15,9967902.5,9799029.333333356,94364652.0,82814863.0,11.46,47,18.01,58,115.68,10,51.65,131,61.78,4.47,2026-11-12,False,https://www.tradingview.com/chart/?symbol=NASDAQ:SBET&interval=D,False,False,True,False
AYA,Aya Gold & Silver Inc.,NASDAQ,Precious Metals,28.47,27.86,25.67,4.79,5.77,1586764.0,1291902.9333333333,36780477.0,35993277.0,-2.6,253,4.52,146,53.89,47,120.7,48,59.7,1.89,2026-11-17,False,https://www.tradingview.com/chart/?symbol=NASDAQ:AYA&interval=D,False,False,False,False
CVI,CVR Energy Inc.,NYSE,Oil Refining/Marketing,51.52,44.91,40.56,5.36,4.87,1250747.7,1100533.7333333334,56699498.0,49423869.0,-4.77,300,38.05,19,91.17,14,48.94,138,59.39,5.54,2026-11-02,False,https://www.tradingview.com/chart/?symbol=NYSE:CVI&interval=D,False,True,True,False
XMTR,"Xometry, Inc.",NASDAQ,Information Technology Services,100.57,91.68,91.33,5.19,5.28,1137301.5,702896.4,70690291.0,64444236.0,2.98,121,14.01,73,9.48,162,150.49,29,57.99,1.92,2026-11-05,False,https://www.tradingview.com/chart/?symbol=NASDAQ:XMTR&interval=D,False,False,False,False
HNGE,"Hinge Health, Inc.",NYSE,Packaged Software,95.57,91.17,87.2,4.24,4.37,1989972.2,1858567.8666666667,177623331.0,169440676.0,0.19,180,7.02,120,27.62,93,138.92,38,57.86,2.2,2026-11-03,False,https://www.tradingview.com/chart/?symbol=NYSE:HNGE&interval=D,False,False,False,False
TEM,"Tempus AI, Inc.",NASDAQ,Packaged Software,85.01,67.0,59.37,5.33,5.68,8303282.4,8073765.0,686350763.0,540928799.0,4.43,101,25.98,33,56.8,40,89.14,71,57.31,7.61,2026-11-10,False,https://www.tradingview.com/chart/?symbol=NASDAQ:TEM&interval=D,False,False,False,False
BMNR,"BitMine Immersion Technologies, Inc.",NYSE,Financial Conglomerates,27.56,24.22,21.54,5.27,6.06,44126080.9,45412991.3,1251582040.0,1099781548.0,10.99,49,13.7,77,112.0,11,44.37,151,56.69,4.61,2026-11-20,False,https://www.tradingview.com/chart/?symbol=NYSE:BMNR&interval=D,False,False,True,False
AMLX,"Amylyx Pharmaceuticals, Inc.",NASDAQ,Pharmaceuticals: Major,29.49,33.37,28.23,5.35,5.94,1568998.1,3029271.8666666667,89333227.0,101096395.0,-13.8,437,-20.58,398,69.43,27,119.42,50,56.09,0.75,2026-11-05,False,https://www.tradingview.com/chart/?symbol=NASDAQ:AMLX&interval=D,False,False,False,False
DDOG,"Datadog, Inc.",NASDAQ,Packaged Software,268.13,233.64,242.7,4.21,4.69,3515991.3,3678545.9,986328512.0,859447494.0,12.44,39,21.62,44,19.2,124,123.44,45,54.76,2.24,2026-11-05,False,https://www.tradingview.com/chart/?symbol=NASDAQ:DDOG&interval=D,False,False,False,False
COHU,"Cohu, Inc.",NASDAQ,Semiconductors,67.0,54.53,53.08,4.7,5.55,1064597.9,976233.5666666667,65407649.0,53234830.0,20.07,20,32.75,26,2.38,200,125.67,43,53.6,4.73,2026-10-29,False,https://www.tradingview.com/chart/?symbol=NASDAQ:COHU&interval=D,True,False,False,False
ZETA,Zeta Global Holdings Corp.,NYSE,Packaged Software,29.45,29.99,27.42,4.54,4.81,5206388.5,6203885.4,182704425.0,186054523.0,-4.23,293,7.84,111,65.08,30,87.58,76,53.5,1.54,2026-11-10,False,https://www.tradingview.com/chart/?symbol=NYSE:ZETA&interval=D,False,False,False,False
OUST,"Ouster, Inc.",NASDAQ,Semiconductors,43.72,37.58,38.57,4.86,6.06,2390851.4,2304740.7333333334,100763265.0,86614461.0,23.29,14,20.86,46,9.3,164,130.11,41,53.42,2.21,2026-11-05,False,https://www.tradingview.com/chart/?symbol=NASDAQ:OUST&interval=D,True,False,False,False
U,Unity Software Inc.,NYSE,Packaged Software,41.55,43.51,40.11,4.89,4.85,11059503.6,9998101.233333332,415421106.0,435054044.0,-1.05,205,-6.17,239,57.92,38,105.44,57,52.4,0.74,2026-11-11,False,https://www.tradingview.com/chart/?symbol=NYSE:U&interval=D,False,False,False,False
SAIL,"SailPoint, Inc.",NASDAQ,Packaged Software,20.64,19.36,18.33,6.44,6.14,6298370.3,4468017.966666667,92219891.0,86503807.0,1.28,156,18.89,56,63.81,31,72.0,97,51.57,2.05,2026-12-15,False,https://www.tradingview.com/chart/?symbol=NASDAQ:SAIL&interval=D,False,False,False,False
OSCR,"Oscar Health, Inc.",NYSE,Managed Health Care,29.6,31.48,30.7,6.53,6.18,6364854.3,5377440.566666666,159172241.0,169280037.0,-8.19,379,-3.24,212,3.82,198,152.34,26,50.98,-0.58,2026-11-10,False,https://www.tradingview.com/chart/?symbol=NYSE:OSCR&interval=D,False,False,False,False
NET,"Cloudflare, Inc.",NYSE,Information Technology Services,349.02,309.55,299.73,5.3,5.12,3398291.1,3127202.2,1091456112.0,968031695.0,3.26,117,27.46,30,54.52,44,70.25,98,50.74,3.21,2026-10-29,False,https://www.tradingview.com/chart/?symbol=NYSE:NET&interval=D,False,False,False,False
BFLY,"Butterfly Network, Inc.",NYSE,Medical Specialties,9.39,8.36,8.14,6.45,7.08,6768615.2,5114058.166666667,48021006.0,42729661.0,16.21,25,5.51,134,17.08,135,129.58,42,50.72,2.16,2026-10-29,False,https://www.tradingview.com/chart/?symbol=NYSE:BFLY&interval=D,False,False,False,False
BE,Bloom Energy Corporation,NYSE,Electronic Production Equipment,288.7,242.3,229.68,5.52,6.65,19553395.9,15172992.466666667,4380442925.0,3676461594.0,1.54,149,34.94,23,-1.98,224,117.08,51,50.02,3.86,2026-10-29,False,https://www.tradingview.com/chart/?symbol=NYSE:BE&interval=D,False,True,False,False
SMCI,"Super Micro Computer, Inc.",NASDAQ,Computer Processing Hardware,43.26,38.5,35.03,4.61,5.39,41209619.8,40518980.46666667,1752851095.0,1560183343.0,7.61,71,13.77,75,39.71,72,94.78,61,49.42,4.36,2026-11-03,False,https://www.tradingview.com/chart/?symbol=NASDAQ:SMCI&interval=D,False,False,False,False
STX,Seagate Technology Holdings PLC,NASDAQ,Computer Peripherals,916.83,856.49,849.75,4.9,5.39,4247755.3,3806363.7333333334,3489788462.0,3260130871.0,12.54,36,11.05,89,-7.82,258,142.21,34,48.48,1.47,2026-10-28,False,https://www.tradingview.com/chart/?symbol=NASDAQ:STX&interval=D,False,False,False,False
CLMT,"Calumet, Inc",NASDAQ,Oil Refining/Marketing,53.65,52.65,48.89,4.54,4.56,1680504.5,1312834.6,70433576.0,69116366.0,-10.04,405,13.98,74,55.82,41,74.08,89,47.96,2.14,2026-11-06,False,https://www.tradingview.com/chart/?symbol=NASDAQ:CLMT&interval=D,False,False,False,False
DINO,HF Sinclair Corporation,NYSE,Oil Refining/Marketing,106.82,103.54,97.48,4.73,4.46,3386717.8,2680709.3333333335,286353371.0,277566006.0,-7.83,373,16.11,63,58.51,36,69.21,100,47.94,2.15,2026-10-28,False,https://www.tradingview.com/chart/?symbol=NYSE:DINO&interval=D,False,False,False,False
QLYS,"Qualys, Inc.",NASDAQ,Packaged Software,172.43,178.2,170.62,5.68,5.46,801709.3,684826.3,118084599.0,122039014.0,-3.37,271,-1.02,195,48.17,55,94.55,63,47.23,0.19,2026-11-04,False,https://www.tradingview.com/chart/?symbol=NASDAQ:QLYS&interval=D,False,False,False,False
MSTR,Strategy Inc,NASDAQ,Internet Software/Services,158.61,131.7,117.66,4.61,5.59,25975893.7,27708351.233333334,4394821589.0,3649199094.0,16.13,26,28.68,29,90.57,15,22.12,209,47.12,6.22,2026-11-04,False,https://www.tradingview.com/chart/?symbol=NASDAQ:MSTR&interval=D,False,False,True,False
BB,BlackBerry Limited,NYSE,Packaged Software,8.21,8.07,8.32,5.32,5.75,20253398.0,12661486.000000007,103950800.0,102211956.0,1.86,139,6.62,124,-18.55,332,152.62,25,46.9,-0.22,2026-12-17,False,https://www.tradingview.com/chart/?symbol=NYSE:BB&interval=D,False,False,False,False
ECO,Okeanis Eco Tankers Corp.,NYSE,Marine Shipping,77.9,71.73,66.77,4.43,4.26,1060515.5,698773.4666666667,54434453.0,50122788.0,-8.35,382,23.65,39,53.74,48,60.22,117,45.87,3.92,2026-11-11,False,https://www.tradingview.com/chart/?symbol=NYSE:ECO&interval=D,False,False,False,False
SLS,"SELLAS Life Sciences Group, Inc.",NASDAQ,Pharmaceuticals: Major,11.61,12.99,12.4,7.66,8.37,6492699.8,7216518.7,83783782.0,93712509.0,0.09,182,-15.96,353,11.96,156,139.88,36,45.29,-0.76,2026-11-18,False,https://www.tradingview.com/chart/?symbol=NASDAQ:SLS&interval=D,False,False,False,False
PBF,PBF Energy Inc.,NYSE,Oil Refining/Marketing,73.69,73.4,70.26,6.41,6.31,5146917.0,3467671.2666666666,255532696.0,254516668.0,-3.77,278,13.16,80,75.87,22,46.28,145,45.1,0.77,2026-10-29,False,https://www.tradingview.com/chart/?symbol=NYSE:PBF&interval=D,False,False,True,False
S,"SentinelOne, Inc.",NYSE,Packaged Software,22.38,21.68,20.99,4.99,5.16,10206288.5,8909247.066666666,199388949.0,193137628.0,-3.24,269,11.79,87,49.85,53,72.02,95,44.55,1.29,2026-12-08,False,https://www.tradingview.com/chart/?symbol=NYSE:S&interval=D,False,False,False,False
HTFL,"Heartflow, Inc.",NASDAQ,Packaged Software,49.17,48.26,39.59,5.13,4.92,2187460.0,2457192.3666666667,120820149.0,118574275.0,-1.95,230,-1.7,198,41.95,66,92.82,65,44.36,4.91,2026-11-18,False,https://www.tradingview.com/chart/?symbol=NASDAQ:HTFL&interval=D,False,False,False,False
GH,"Guardant Health, Inc.",NASDAQ,Medical Specialties,177.25,167.37,162.76,4.43,4.45,2124216.1,2000800.6,354641906.0,334865326.0,-3.14,266,7.61,113,21.73,114,103.18,58,44.17,2.0,2026-10-29,False,https://www.tradingview.com/chart/?symbol=NASDAQ:GH&interval=D,False,False,False,False
NUAI,"New Era Energy & Digital, Inc.",NASDAQ,Engineering & Construction,7.06,5.67,5.42,8.52,9.18,10092626.4,7605650.6,53695893.0,43154462.0,13.41,34,40.64,17,24.96,103,66.12,110,43.9,3.29,2026-12-02,False,https://www.tradingview.com/chart/?symbol=NASDAQ:NUAI&interval=D,False,True,False,False
NBIS,Nebius Group N.V.,NASDAQ,Packaged Software,237.33,225.44,215.58,6.07,7.0,16954514.0,17691999.066666666,4198842138.0,3988501962.0,8.92,64,10.13,97,-3.07,230,124.26,44,43.77,1.44,2026-10-22,False,https://www.tradingview.com/chart/?symbol=NASDAQ:NBIS&interval=D,False,False,False,False
PRGO,Perrigo Company plc,NYSE,Pharmaceuticals: Major,15.42,14.07,12.94,4.18,4.39,3293505.7,2752504.3666666667,42443617.0,38735994.0,14.65,27,6.31,127,59.46,35,65.45,112,43.74,4.37,2026-11-11,False,https://www.tradingview.com/chart/?symbol=NYSE:PRGO&interval=D,False,False,False,False
TH,Target Hospitality Corp.,NASDAQ,Hotels/Resorts/Cruise lines,20.58,18.99,17.77,4.04,4.65,2291356.8,1981841.3333333333,40786295.0,37627240.0,-1.58,217,12.15,83,2.8,199,115.27,52,43.41,3.4,2026-11-11,False,https://www.tradingview.com/chart/?symbol=NASDAQ:TH&interval=D,False,False,False,False
AVAH,Aveanna Healthcare Holdings Inc.,NASDAQ,Medical/Nursing Services,12.41,13.43,11.88,4.08,4.31,3564438.7,3672942.6666666665,45581218.0,49311704.0,-10.72,420,-9.08,287,47.21,56,89.47,70,42.53,1.03,2026-11-05,False,https://www.tradingview.com/chart/?symbol=NASDAQ:AVAH&interval=D,False,False,False,False
SWKS,"Skyworks Solutions, Inc.",NASDAQ,Semiconductors,89.34,76.63,71.76,6.15,5.09,8424021.3,7007875.3,626083579.0,536992461.0,-2.94,261,35.88,21,31.34,83,59.22,118,42.15,4.81,2026-10-29,False,https://www.tradingview.com/chart/?symbol=NASDAQ:SWKS&interval=D,False,True,False,False
VLO,Valero Energy Corporation,NYSE,Oil Refining/Marketing,387.18,370.35,346.57,4.44,4.05,5052323.699999976,3308546.6000000047,1281003073.0,1225304793.0,-6.02,334,15.3,66,52.76,51,56.21,120,41.42,2.89,2026-10-22,False,https://www.tradingview.com/chart/?symbol=NYSE:VLO&interval=D,False,False,False,False
PI,"Impinj, Inc.",NASDAQ,Semiconductors,178.28,172.05,164.48,4.11,4.32,446082.8,381145.8,67950673.0,65576580.0,-2.2,237,7.09,119,37.49,78,78.33,84,40.97,1.94,2026-10-28,False,https://www.tradingview.com/chart/?symbol=NASDAQ:PI&interval=D,False,False,False,False
INSP,"Inspire Medical Systems, Inc.",NYSE,Medical Specialties,70.5,65.76,61.29,5.37,4.76,966594.9,712488.2333333333,50230420.0,46851801.0,-2.48,250,17.36,62,62.86,33,40.72,160,40.31,3.15,2026-11-09,False,https://www.tradingview.com/chart/?symbol=NYSE:INSP&interval=D,False,False,False,False
BETA,"Beta Technologies, Inc.",NYSE,Aerospace & Defense,23.85,22.34,21.6,6.61,6.87,5589590.1,3409251.566666667,81310650.0,76145634.0,8.41,66,8.21,106,51.91,52,60.5,116,40.21,1.52,2026-12-03,False,https://www.tradingview.com/chart/?symbol=NYSE:BETA&interval=D,False,False,False,False
ZS,"Zscaler, Inc.",NASDAQ,Packaged Software,193.05,184.53,173.85,4.99,5.33,3999693.9,3336484.3333333335,644108301.0,615684791.0,-2.99,263,19.87,52,54.16,45,44.29,152,39.44,2.07,2026-12-01,False,https://www.tradingview.com/chart/?symbol=NASDAQ:ZS&interval=D,False,False,False,False
MDB,"MongoDB, Inc.",NASDAQ,Packaged Software,410.44,406.71,386.02,4.71,5.22,1428310.5,1783124.1,731865456.0,725220346.0,3.53,112,4.91,141,39.49,74,72.72,94,39.04,1.21,2026-12-07,False,https://www.tradingview.com/chart/?symbol=NASDAQ:MDB&interval=D,False,False,False,False
APPN,Appian Corporation,NASDAQ,Packaged Software,36.01,37.92,34.25,5.41,5.72,794437.3,850675.3666666667,30632820.0,32254774.0,-4.94,307,-6.95,251,72.63,25,50.7,134,38.79,0.9,2026-10-29,False,https://www.tradingview.com/chart/?symbol=NASDAQ:APPN&interval=D,False,False,False,False
FROG,JFrog Ltd.,NASDAQ,Packaged Software,89.18,92.24,88.88,5.7,5.98,1687102.1,1868015.7333333334,166589643.0,172305771.0,-6.11,338,1.2,174,13.09,148,100.63,60,38.3,0.06,2026-11-04,False,https://www.tradingview.com/chart/?symbol=NASDAQ:FROG&interval=D,False,False,False,False
SITM,SiTime Corporation,NASDAQ,Semiconductors,662.27,608.69,600.73,5.38,6.13,569484.3,424462.3333333333,281108669.0,258367605.0,7.42,74,11.82,86,1.28,205,101.81,59,38.3,1.67,2026-11-04,False,https://www.tradingview.com/chart/?symbol=NASDAQ:SITM&interval=D,False,False,False,False
TENB,"Tenable Holdings, Inc.",NASDAQ,Packaged Software,33.49,35.14,35.08,6.66,6.61,4755001.1,4755300.166666667,159255003.0,167110758.0,-7.13,356,3.62,156,22.05,112,87.93,73,37.87,-0.69,2026-11-04,False,https://www.tradingview.com/chart/?symbol=NASDAQ:TENB&interval=D,False,False,False,False
VICR,Vicor Corporation,NASDAQ,Electronic Components,281.96,210.68,212.6,5.43,6.33,1166421.5,893518.9,251936589.0,188242690.0,28.39,10,44.08,12,-11.76,291,81.12,81,37.81,5.16,2026-10-27,False,https://www.tradingview.com/chart/?symbol=NASDAQ:VICR&interval=D,True,True,False,False
FCEL,"FuelCell Energy, Inc.",NASDAQ,Electronic Equipment/Instruments,16.49,17.69,18.98,7.26,9.33,5337781.199999997,7263430.96666666,119773977.0,128487673.0,-7.36,362,-12.94,318,-18.24,330,143.22,33,37.34,-1.41,2026-12-17,False,https://www.tradingview.com/chart/?symbol=NASDAQ:FCEL&interval=D,False,False,False,False
BLLN,"BillionToOne, Inc.",NASDAQ,Medical/Nursing Services,123.08,100.66,109.34,5.4,5.5,714192.4,622852.7,76660710.0,62695834.0,9.74,55,24.39,37,10.88,159,75.8,86,37.02,2.28,2026-12-15,False,https://www.tradingview.com/chart/?symbol=NASDAQ:BLLN&interval=D,False,False,False,False
HOOD,"Robinhood Markets, Inc.",NASDAQ,Investment Banks/Brokers,119.4,110.35,104.25,4.84,5.21,23303260.3,22532082.466666665,2690330647.0,2486467875.0,5.35,92,8.44,104,28.09,91,74.2,88,36.91,2.79,2026-11-04,False,https://www.tradingview.com/chart/?symbol=NASDAQ:HOOD&interval=D,False,False,False,False
WT,"WisdomTree, Inc.",NYSE,Investment Managers,24.33,23.68,22.47,4.07,3.9,3540085.3,2713649.3,66023087.0,64250170.0,8.33,68,-0.61,191,39.83,71,69.31,99,36.18,2.12,2026-10-23,False,https://www.tradingview.com/chart/?symbol=NYSE:WT&interval=D,False,False,False,False
UMAC,"Unusual Machines, Inc.",AMEX,Electronic Equipment/Instruments,24.05,24.94,23.91,6.76,8.07,2300372.8,3730744.2333333334,89724399.0,93047248.0,-0.82,200,0.21,184,26.58,96,81.65,80,36.14,0.08,2026-11-12,False,https://www.tradingview.com/chart/?symbol=AMEX:UMAC&interval=D,False,False,False,False
HPQ,HP Inc.,NYSE,Information Technology Services,31.3,31.54,29.9,5.34,5.0,16873890.699999996,16072300.466666767,503063005.0,506931072.0,-9.9,403,6.39,126,37.64,77,62.26,115,35.43,0.94,2026-12-01,False,https://www.tradingview.com/chart/?symbol=NYSE:HPQ&interval=D,False,False,False,False
TVTX,"Travere Therapeutics, Inc.",NASDAQ,Pharmaceuticals: Major,59.44,64.59,62.0,4.31,4.1,1824443.8,1436685.1,85396562.0,92788786.0,-8.4,383,-11.16,304,0.17,213,115.21,53,34.74,-1.01,2026-10-22,False,https://www.tradingview.com/chart/?symbol=NASDAQ:TVTX&interval=D,False,False,False,False
BRKR,Bruker Corporation,NASDAQ,Medical Specialties,64.18,58.42,58.48,4.65,4.74,2665702.5,2125820.7666666666,136435177.0,124183363.0,1.28,155,14.08,72,6.27,179,83.48,78,34.61,2.06,2026-10-29,False,https://www.tradingview.com/chart/?symbol=NASDAQ:BRKR&interval=D,False,False,False,False
SHAZ,"SharonAI Holdings, Inc.",NASDAQ,Data Processing Services,54.68,58.71,58.43,7.79,9.63,1431822.1,1609380.4,88000920.0,94494234.0,-5.54,323,-7.62,263,-28.66,387,136.3,39,33.34,-0.67,2026-11-04,False,https://www.tradingview.com/chart/?symbol=NASDAQ:SHAZ&interval=D,False,False,False,False
GCT,GigaCloud Technology Inc,NASDAQ,Wholesale Distributors,53.98,51.62,48.61,4.77,4.76,762336.8,597749.7,32266529.0,30854943.0,1.73,146,3.67,155,70.99,26,25.36,200,33.34,2.32,2026-11-26,False,https://www.tradingview.com/chart/?symbol=NASDAQ:GCT&interval=D,False,False,False,False
ELF,"e.l.f. Beauty, Inc.",NYSE,Household/Personal Care,99.51,100.63,94.43,4.06,4.23,1407848.1,1572571.4,156486580.0,158246812.0,6.02,89,-5.86,237,54.09,46,51.44,132,33.22,1.27,2026-11-11,False,https://www.tradingview.com/chart/?symbol=NYSE:ELF&interval=D,False,False,False,False
BLSH,Bullish,NYSE,Packaged Software,37.58,33.65,29.62,6.31,6.44,1858178.3,1723893.1,64783903.0,58002107.0,4.39,102,20.06,51,72.7,24,6.04,257,32.93,4.17,2026-11-25,False,https://www.tradingview.com/chart/?symbol=NYSE:BLSH&interval=D,False,False,True,False
QRVO,"Qorvo, Inc.",NASDAQ,Semiconductors,117.97,105.17,99.9,4.41,3.63,1604867.8,1261472.4,148815899.0,132672626.0,-2.31,241,24.78,36,26.33,98,47.35,142,32.82,4.99,2026-11-04,False,https://www.tradingview.com/chart/?symbol=NASDAQ:QRVO&interval=D,False,False,False,False
CRDO,Credo Technology Group Holding Ltd,NASDAQ,Information Technology Services,210.97,200.42,209.96,4.09,6.44,9311178.6,7880655.966666667,1662581989.0,1579412173.0,23.29,13,-5.39,233,-19.25,336,122.07,46,32.48,0.07,2026-12-02,False,https://www.tradingview.com/chart/?symbol=NASDAQ:CRDO&interval=D,True,False,False,False
SPSC,"SPS Commerce, Inc.",NASDAQ,Packaged Software,81.3,81.18,76.5,4.1,3.86,517834.7,511286.36666666664,41567582.0,41508358.0,1.88,137,2.5,167,45.07,62,49.23,137,32.27,1.63,2026-10-22,False,https://www.tradingview.com/chart/?symbol=NASDAQ:SPSC&interval=D,False,False,False,False
SN,"SharkNinja, Inc.",NYSE,Electronics/Appliances,177.74,176.37,172.2,4.02,3.76,2589984.8,1912751.1666666667,339972392.0,337344910.0,6.39,83,-3.66,213,25.67,100,73.05,92,31.69,0.86,2026-11-05,False,https://www.tradingview.com/chart/?symbol=NYSE:SN&interval=D,False,False,False,False
HUT,Hut 8 Corp.,NASDAQ,Data Processing Services,96.82,89.81,93.53,7.36,8.12,4637051.100000009,4797833.966666665,464526285.0,430881474.0,3.73,109,14.98,68,-14.85,313,94.73,62,31.62,0.43,2026-11-18,False,https://www.tradingview.com/chart/?symbol=NASDAQ:HUT&interval=D,False,False,False,False
DK,"Delek US Holdings, Inc.",NYSE,Oil Refining/Marketing,67.84,72.11,68.99,5.98,6.43,3655125.4,2456121.9,166623310.0,177106857.0,-17.09,450,1.89,168,45.49,59,45.38,148,30.92,-0.26,2026-11-11,False,https://www.tradingview.com/chart/?symbol=NYSE:DK&interval=D,False,False,False,False
ERO,Ero Copper Corp.,NYSE,Other Metals/Minerals,37.87,36.03,33.26,4.01,5.05,1281087.6,1503868.6333333333,56951505.0,54187896.0,12.17,42,-6.52,244,44.6,63,54.51,123,30.86,2.74,2026-11-10,False,https://www.tradingview.com/chart/?symbol=NYSE:ERO&interval=D,False,False,False,False
RUM,RUM Group Inc.,NASDAQ,Internet Software/Services,8.36,8.57,7.64,7.03,7.43,8272060.4,5496101.7,45947410.0,47118080.0,-7.62,367,-16.98,360,37.05,79,72.02,96,30.69,1.27,2026-11-16,False,https://www.tradingview.com/chart/?symbol=NASDAQ:RUM&interval=D,False,False,False,False
INOD,Innodata Inc.,NASDAQ,Data Processing Services,69.21,59.4,60.4,5.79,6.17,2067653.6,1354226.9666666666,93726048.0,80435439.0,21.48,16,21.98,43,-3.86,235,72.77,93,30.29,2.36,2026-11-05,False,https://www.tradingview.com/chart/?symbol=NASDAQ:INOD&interval=D,True,False,False,False
TGTX,"TG Therapeutics, Inc.",NASDAQ,Pharmaceuticals: Major,57.43,54.77,53.61,4.07,4.21,2090344.7,1885073.2333333334,108259756.0,103240120.0,0.79,166,3.48,158,6.41,177,80.82,82,30.24,1.7,2026-11-09,False,https://www.tradingview.com/chart/?symbol=NASDAQ:TGTX&interval=D,False,False,False,False
AMRX,"Amneal Pharmaceuticals, Inc.",NASDAQ,Pharmaceuticals: Major,19.77,18.07,18.08,4.39,4.15,3450480.2,2208332.466666667,43658733.0,39906408.0,9.11,63,9.83,101,14.44,144,64.61,114,29.63,2.25,2026-10-29,False,https://www.tradingview.com/chart/?symbol=NASDAQ:AMRX&interval=D,False,False,False,False
ASAN,"Asana, Inc.",NYSE,Packaged Software,9.02,9.42,8.96,6.07,6.66,10552354.2,7168126.6,64656502.0,67528531.0,-10.6,419,-0.88,194,40.06,70,49.34,136,29.51,0.11,2026-12-08,False,https://www.tradingview.com/chart/?symbol=NYSE:ASAN&interval=D,False,False,False,False
DOCN,"DigitalOcean Holdings, Inc.",NYSE,Packaged Software,139.75,123.61,124.01,7.15,6.85,3235009.6,2643443.2666666666,369421197.0,326767477.0,2.79,126,24.03,38,-2.95,229,67.09,106,29.39,1.85,2026-11-09,False,https://www.tradingview.com/chart/?symbol=NYSE:DOCN&interval=D,False,False,False,False
MANE,"Veradermics, Incorporated",NYSE,Pharmaceuticals: Major,116.57,104.96,106.69,5.05,5.19,972749.2,696020.5666666667,81135117.0,73051071.0,6.65,80,14.24,71,-0.91,218,73.96,91,29.1,1.78,2026-12-02,False,https://www.tradingview.com/chart/?symbol=NYSE:MANE&interval=D,False,False,False,False
MRX,Marex Group Limited,NASDAQ,Internet Software/Services,71.31,72.61,69.27,4.53,4.64,753621.7,734083.8,52347516.0,53302069.0,-2.69,255,1.11,175,11.23,158,73.97,90,28.77,0.63,2026-11-05,False,https://www.tradingview.com/chart/?symbol=NASDAQ:MRX&interval=D,False,False,False,False
CBRL,"Cracker Barrel Old Country Store, Inc.",NASDAQ,Restaurants,51.81,52.49,53.79,5.01,5.09,1459938.5,997049.6,51657140.0,52332309.0,18.56,23,-11.45,306,7.76,174,87.85,74,28.05,-0.72,2026-11-27,False,https://www.tradingview.com/chart/?symbol=NASDAQ:CBRL&interval=D,True,False,False,False
CHYM,"Chime Financial, Inc.",NASDAQ,Packaged Software,26.78,31.85,29.19,5.33,5.46,8859234.7,7779372.733333333,208331602.0,247783394.0,-12.6,433,-18.87,377,48.53,54,54.44,124,28.03,-1.51,2026-11-11,False,https://www.tradingview.com/chart/?symbol=NASDAQ:CHYM&interval=D,False,False,False,False
SANM,Sanmina Corporation,NASDAQ,Electronic Production Equipment,224.77,201.41,200.9,4.4,4.76,657007.9,599145.4,134669912.0,120674474.0,13.66,30,17.43,60,-8.56,267,74.63,87,27.84,2.5,2026-11-09,False,https://www.tradingview.com/chart/?symbol=NASDAQ:SANM&interval=D,False,False,False,False
QCOM,QUALCOMM Incorporated,NASDAQ,Semiconductors,201.97,174.74,170.24,4.79,4.29,17078057.4,12993846.4,2624367157.0,2270557714.0,5.56,91,26.15,32,0.13,214,55.49,121,27.26,4.35,2026-11-11,False,https://www.tradingview.com/chart/?symbol=NASDAQ:QCOM&interval=D,False,False,False,False
GEO,Geo Group Inc (The) REIT,NYSE,Miscellaneous Commercial Services,31.22,31.46,31.21,4.18,4.23,2524721.6,2302205.0,71874840.0,72418160.0,-3.19,267,-3.01,207,4.45,193,80.25,83,27.23,0.01,2026-11-05,False,https://www.tradingview.com/chart/?symbol=NYSE:GEO&interval=D,False,False,False,False
SG,"Sweetgreen, Inc.",NYSE,Restaurants,8.24,6.93,6.61,5.27,5.39,4948582.9,4928302.366666666,40609212.0,34139993.0,18.56,22,18.56,57,-6.79,250,68.16,103,26.65,4.59,2026-11-05,False,https://www.tradingview.com/chart/?symbol=NYSE:SG&interval=D,True,False,False,False
WGS,GeneDx Holdings Corp.,NASDAQ,Medical/Nursing Services,88.4,87.65,79.94,6.98,6.78,928138.2,622722.2666666667,55048648.0,54579220.0,-15.48,445,2.81,163,30.61,87,44.63,150,26.02,1.56,2026-11-03,False,https://www.tradingview.com/chart/?symbol=NASDAQ:WGS&interval=D,False,False,False,False
MMED,"MiniMed Group, Inc.",NASDAQ,Medical Specialties,19.98,21.2,20.01,4.83,4.97,3014458.5,2301418.8333333335,45982348.0,48783559.0,-9.59,402,5.94,130,40.51,68,31.27,185,25.91,-0.03,2026-12-30,False,https://www.tradingview.com/chart/?symbol=NASDAQ:MMED&interval=D,False,False,False,False
VSAT,"ViaSat, Inc.",NASDAQ,Telecommunications Equipment,73.02,73.52,75.29,5.35,5.56,1780882.7,1665224.9666666666,121594727.0,122428172.0,-2.24,239,1.0,177,23.49,108,53.11,128,25.87,-0.54,2026-11-11,False,https://www.tradingview.com/chart/?symbol=NASDAQ:VSAT&interval=D,False,False,False,False
LQDA,Liquidia Corporation,NASDAQ,Pharmaceuticals: Major,68.43,69.38,75.63,4.06,4.77,1363161.2,1258236.1333333333,86101099.0,87294116.0,0.51,169,-2.44,203,-10.6,281,86.92,77,24.63,-2.0,2026-11-10,False,https://www.tradingview.com/chart/?symbol=NASDAQ:LQDA&interval=D,False,False,False,False
PARR,"Par Pacific Holdings, Inc. Common Stock",NYSE,Oil Refining/Marketing,77.46,80.05,79.22,5.69,5.79,1158183.0000000014,932255.0000000005,72212472.0,74628567.0,-10.1,407,4.68,145,45.14,61,22.95,207,24.26,-0.38,2026-11-09,False,https://www.tradingview.com/chart/?symbol=NYSE:PARR&interval=D,False,False,False,False
TGB,Trekor Metals Limited,AMEX,Other Metals/Minerals,8.61,8.7,8.26,4.21,5.44,5642526.9,5356645.833333333,46120721.0,46579607.0,1.77,144,-8.5,279,31.05,85,49.48,135,24.01,0.78,2026-11-04,False,https://www.tradingview.com/chart/?symbol=AMEX:TGB&interval=D,False,False,False,False
ORKA,"Oruka Therapeutics, Inc.",NASDAQ,Pharmaceuticals: Major,84.46,96.75,96.67,6.01,6.24,1150316.4,903905.5333333333,76343861.0,87453764.0,-13.97,439,-16.62,355,-1.26,220,87.61,75,23.24,-2.02,2026-11-18,False,https://www.tradingview.com/chart/?symbol=NASDAQ:ORKA&interval=D,False,False,False,False
SYRE,"Spyre Therapeutics, Inc.",NASDAQ,Pharmaceuticals: Major,85.69,94.33,97.11,4.32,5.14,1389390.1999999997,1229791.8333333333,105380862.0,116001344.0,-7.68,370,-7.27,257,-5.84,246,82.59,79,23.16,-2.29,2026-11-05,False,https://www.tradingview.com/chart/?symbol=NASDAQ:SYRE&interval=D,False,False,False,False
CXW,"CoreCivic, Inc.",NYSE,Miscellaneous Commercial Services,32.13,33.68,32.8,5.25,5.37,2286948.8,1904297.9333333333,61185093.0,64144372.0,-10.55,415,-3.02,208,6.14,182,65.36,113,22.83,-0.38,2026-11-09,False,https://www.tradingview.com/chart/?symbol=NYSE:CXW&interval=D,False,False,False,False
AXTI,AXT Inc,NASDAQ,Electronic Production Equipment,78.94,68.75,65.43,7.17,8.79,9218289.9,9166824.2,723629102.0,630255831.0,13.22,35,20.81,47,18.17,130,28.99,191,22.66,2.35,2026-10-29,False,https://www.tradingview.com/chart/?symbol=NASDAQ:AXTI&interval=D,False,False,False,False
CCC,CCC Intelligent Solutions Holdings Inc.,NASDAQ,Packaged Software,6.9,7.04,6.75,4.44,4.5,15060078.5,11488783.633333333,79272607.0,80827422.0,4.55,97,-4.39,219,55.06,42,16.95,230,22.54,0.49,2026-10-29,False,https://www.tradingview.com/chart/?symbol=NASDAQ:CCC&interval=D,False,False,False,False
KEEL,Keel Infrastructure Corp.,NASDAQ,Data Processing Services,3.8,3.52,3.69,6.69,7.83,33625483.9,37103720.03333333,140994136.0,130493783.0,1.88,138,10.47,95,-32.98,408,90.0,69,22.49,0.37,2026-11-16,False,https://www.tradingview.com/chart/?symbol=NASDAQ:KEEL&interval=D,False,False,False,False
DUOL,"Duolingo, Inc.",NASDAQ,Packaged Software,143.51,146.49,140.91,4.88,5.23,1109732.0,1154483.2666666666,165679894.0,169122178.0,-2.04,233,-0.17,186,19.39,123,48.25,140,22.49,0.35,2026-11-11,False,https://www.tradingview.com/chart/?symbol=NASDAQ:DUOL&interval=D,False,False,False,False
IT,"Gartner, Inc.",NYSE,Internet Software/Services,187.9,187.54,177.17,4.28,4.5,1172717.7,1180088.5333333334,221738635.0,221309083.0,-0.22,190,-1.54,197,45.48,60,22.09,210,22.01,1.35,2026-11-03,False,https://www.tradingview.com/chart/?symbol=NYSE:IT&interval=D,False,False,False,False
NCNO,"nCino, Inc.",NASDAQ,Packaged Software,19.41,21.35,20.18,4.45,4.67,2318362.2,2640286.033333333,51247952.0,56379788.0,-9.13,391,0.41,182,34.98,81,29.96,189,21.79,-0.81,2026-12-02,False,https://www.tradingview.com/chart/?symbol=NASDAQ:NCNO&interval=D,False,False,False,False
CLF,Cleveland-Cliffs Inc.,NYSE,Steel,12.18,11.95,11.74,4.22,4.75,14882327.4,14331162.6,174553560.0,171324272.0,-4.09,290,5.55,132,16.89,138,42.12,156,21.52,0.78,2026-10-26,False,https://www.tradingview.com/chart/?symbol=NYSE:CLF&interval=D,False,False,False,False
FDS,FactSet Research Systems Inc.,NYSE,Financial Publishing/Services,273.08,288.74,280.78,4.19,4.24,728513.8,858946.0666666667,234560992.0,248012087.0,-1.67,221,-6.31,242,31.28,84,39.22,165,21.4,-0.65,2026-09-30,True,https://www.tradingview.com/chart/?symbol=NYSE:FDS&interval=D,False,False,False,False
AI,"C3.ai, Inc.",NYSE,Packaged Software,10.65,10.45,10.0,4.24,4.5,4569497.5,5081814.433333334,54121324.0,53126982.0,-1.84,226,10.94,90,22.48,110,30.67,187,21.37,1.44,2026-12-09,False,https://www.tradingview.com/chart/?symbol=NYSE:AI&interval=D,False,False,False,False
COIN,"Coinbase Global, Inc.",NASDAQ,Investment Banks/Brokers,195.11,179.71,170.44,4.94,5.85,12034990.3,10590583.366666667,2066328721.0,1903258448.0,9.52,59,7.41,116,40.14,69,16.1,233,21.22,2.47,2026-10-29,False,https://www.tradingview.com/chart/?symbol=NASDAQ:COIN&interval=D,False,False,False,False
RIOT,"Riot Platforms, Inc.",NASDAQ,Information Technology Services,23.0,21.07,21.01,5.53,6.66,17961673.8,16908170.766666666,388887928.0,356173435.0,1.59,148,10.0,98,-15.0,314,68.37,101,21.12,1.42,2026-11-10,False,https://www.tradingview.com/chart/?symbol=NASDAQ:RIOT&interval=D,False,False,False,False
ACMR,"ACM Research, Inc.",NASDAQ,Industrial Machinery,77.3,74.78,77.35,5.39,6.57,1312123.7,1026220.6666666684,79326858.0,76742663.0,12.49,37,-4.53,220,-23.45,358,90.58,68,20.87,-0.01,2026-11-11,False,https://www.tradingview.com/chart/?symbol=NASDAQ:ACMR&interval=D,False,False,False,False
SIG,Signet Jewelers Limited,NYSE,Specialty Stores,102.26,90.95,92.15,4.24,4.01,1007765.4,1000766.0333333333,102338335.0,91018003.0,1.3,154,20.07,50,23.61,107,17.54,227,20.4,2.73,2026-12-08,False,https://www.tradingview.com/chart/?symbol=NYSE:SIG&interval=D,False,False,False,False
AMBA,"Ambarella, Inc.",NASDAQ,Semiconductors,72.68,69.24,71.96,5.83,6.06,1637549.2,1687143.1333333333,122621563.0,116818915.0,8.03,70,2.53,166,17.21,134,40.17,163,19.97,0.17,2026-12-01,False,https://www.tradingview.com/chart/?symbol=NASDAQ:AMBA&interval=D,False,False,False,False
INFQ,"Infleqtion, Inc.",NYSE,Computer Processing Hardware,14.51,13.29,12.16,5.99,6.42,9431845.7,8835049.5,128196568.0,117406028.0,3.57,111,5.14,138,14.43,145,39.52,164,19.7,3.01,2026-12-02,False,https://www.tradingview.com/chart/?symbol=NYSE:INFQ&interval=D,False,False,False,False
CLS,"Celestica, Inc.",NYSE,Electronic Components,365.44,321.96,325.67,4.62,5.27,2191860.7,2206967.066666667,806514045.0,710547025.0,10.05,53,19.74,53,4.0,197,35.02,176,19.58,2.32,2026-10-26,False,https://www.tradingview.com/chart/?symbol=NYSE:CLS&interval=D,False,False,False,False
HIVE,HIVE Digital Technologies Ltd,NASDAQ,Information Technology Services,3.16,3.03,2.97,5.31,6.54,13294637.099999994,19762771.033333335,62450356.0,59831789.0,-0.94,204,7.12,117,-14.82,312,66.32,108,19.54,1.0,2026-11-16,False,https://www.tradingview.com/chart/?symbol=NASDAQ:HIVE&interval=D,False,False,False,False
EAT,"Brinker International, Inc.",NYSE,Restaurants,207.2,223.6,218.46,4.29,4.48,1960314.3,1234232.2,255732912.0,275974320.0,3.49,114,-16.71,356,21.43,117,53.48,127,19.4,-1.15,2026-11-04,False,https://www.tradingview.com/chart/?symbol=NYSE:EAT&interval=D,False,False,False,False
CLSK,"CleanSpark, Inc.",NASDAQ,Data Processing Services,13.95,12.85,13.12,6.39,6.75,18804233.1,18523174.7,258398287.0,238035144.0,1.31,153,12.32,82,-9.36,274,53.63,126,18.87,0.94,2026-12-16,False,https://www.tradingview.com/chart/?symbol=NASDAQ:CLSK&interval=D,False,False,False,False
FSLY,"Fastly, Inc.",NASDAQ,Information Technology Services,24.96,24.18,23.76,11.48,10.94,11266184.2,7041012.3,175743667.0,170270453.0,0.34,175,9.86,100,57.87,39,-11.19,324,18.85,0.46,2026-11-04,False,https://www.tradingview.com/chart/?symbol=NASDAQ:FSLY&interval=D,False,False,False,False
IONQ,"IonQ, Inc.",NYSE,Computer Processing Hardware,45.48,40.74,39.67,5.68,6.11,26804131.1,21286004.833333332,968087500.0,867298267.0,11.61,45,10.76,93,-8.4,265,53.91,125,18.76,2.4,2026-11-11,False,https://www.tradingview.com/chart/?symbol=NYSE:IONQ&interval=D,False,False,False,False
AUGO,Aura Minerals Inc.,NASDAQ,Other Metals/Minerals,83.57,85.45,75.72,4.89,5.53,1264442.5000000014,1065262.133333332,89023956.0,91022921.0,-6.25,340,-5.29,232,35.1,80,25.84,198,18.55,1.88,2026-11-05,False,https://www.tradingview.com/chart/?symbol=NASDAQ:AUGO&interval=D,False,False,False,False
FLEX,Flex Ltd.,NASDAQ,Electronic Production Equipment,114.68,112.04,115.2,4.15,4.88,3642739.2000000016,3151872.0999999917,361456692.0,353130497.0,4.68,96,4.27,148,-27.3,379,78.16,85,18.38,-0.09,2026-11-04,False,https://www.tradingview.com/chart/?symbol=NASDAQ:FLEX&interval=D,False,False,False,False
LITE,Lumentum Holdings Inc.,NASDAQ,Electrical Products,941.65,906.23,859.07,5.94,6.54,4834770.2,4386464.8,4130514579.0,3975126257.0,2.84,125,7.01,121,14.48,143,33.3,178,18.26,1.47,2026-11-10,False,https://www.tradingview.com/chart/?symbol=NASDAQ:LITE&interval=D,False,False,False,False
RHI,Robert Half Inc.,NYSE,Personnel Services,36.89,41.0,40.74,4.04,4.26,1999789.3,2001180.4666666666,73823547.0,82049733.0,-0.89,202,-16.78,357,22.4,111,48.81,139,18.14,-2.22,2026-10-27,False,https://www.tradingview.com/chart/?symbol=NYSE:RHI&interval=D,False,False,False,False
DFTX,"Definium Therapeutics, Inc.",NASDAQ,Pharmaceuticals: Major,36.17,40.52,41.71,5.34,5.83,3032516.4999999986,2106582.166666664,76195077.0,85348879.0,-6.46,344,-19.14,384,-19.08,334,92.09,67,17.96,-2.28,2026-11-05,False,https://www.tradingview.com/chart/?symbol=NASDAQ:DFTX&interval=D,False,False,False,False
SNAP,Snap Inc.,NYSE,Packaged Software,5.42,5.49,5.26,4.68,5.06,33612241.1,35331325.3,191495783.0,193910090.0,-3.9,283,-9.21,288,25.46,101,37.56,168,17.94,0.6,2026-10-15,False,https://www.tradingview.com/chart/?symbol=NYSE:SNAP&interval=D,False,False,False,False
AFRM,"Affirm Holdings, Inc.",NASDAQ,Finance/Rental/Leasing,71.52,73.32,73.79,4.38,4.96,4312002.3,5210449.366666666,372651339.0,382048384.0,1.2,158,-7.07,254,-5.73,245,66.36,107,17.85,-0.62,2026-11-11,False,https://www.tradingview.com/chart/?symbol=NASDAQ:AFRM&interval=D,False,False,False,False
MARA,"MARA Holdings, Inc.",NASDAQ,Data Processing Services,12.55,11.42,11.29,6.52,7.06,51351252.2,50684013.43333333,636084369.0,578870565.0,3.59,110,8.61,102,-7.58,257,51.02,133,17.35,1.58,2026-11-11,False,https://www.tradingview.com/chart/?symbol=NASDAQ:MARA&interval=D,False,False,False,False
IOT,Samsara Inc.,NYSE,Packaged Software,37.96,39.58,38.75,5.23,5.61,5989530.6,6842392.566666666,259737222.0,270853829.0,-6.09,337,-0.29,189,30.4,88,20.74,217,16.95,-0.36,2026-11-26,False,https://www.tradingview.com/chart/?symbol=NYSE:IOT&interval=D,False,False,False,False
AUR,"Aurora Innovation, Inc.",NASDAQ,Packaged Software,6.04,6.21,6.33,5.58,5.98,37398013.9,33431239.4,201924686.0,207524419.0,-7.15,357,4.68,144,-1.31,222,45.81,146,16.39,-0.77,2026-11-04,False,https://www.tradingview.com/chart/?symbol=NASDAQ:AUR&interval=D,False,False,False,False
VSH,"Vishay Intertechnology, Inc.",NYSE,Electronic Production Equipment,32.55,31.85,33.32,4.33,5.4,2874754.0,3463741.2333333334,112744777.0,110320158.0,0.65,167,3.56,157,-43.35,432,88.91,72,16.38,-0.43,2026-11-11,False,https://www.tradingview.com/chart/?symbol=NYSE:VSH&interval=D,False,False,False,False
GENI,Genius Sports Limited,NYSE,Internet Software/Services,6.44,7.14,7.18,6.6,7.18,8941015.0,6097334.566666666,39266835.0,43545131.0,0.0,183,-18.27,373,18.6,126,48.05,141,16.12,-1.43,2026-11-11,False,https://www.tradingview.com/chart/?symbol=NYSE:GENI&interval=D,False,False,False,False
SEI,"Solaris Energy Infrastructure, Inc.",NYSE,Oilfield Services/Equipment,70.97,60.42,58.9,5.19,5.93,2734668.5,2701646.0,191735817.0,163226247.0,2.86,123,35.78,22,-8.05,261,18.88,224,15.54,3.46,2026-11-02,False,https://www.tradingview.com/chart/?symbol=NYSE:SEI&interval=D,False,True,False,False
PGY,Pagaya Technologies Ltd.,NASDAQ,Packaged Software,17.62,21.11,20.28,6.7,7.03,2935730.2999999956,2354812.2,41491791.0,49710870.0,-14.05,440,-19.8,391,12.37,151,53.08,129,15.22,-1.86,2026-11-17,False,https://www.tradingview.com/chart/?symbol=NASDAQ:PGY&interval=D,False,False,False,False
WIX,Wix.com Ltd.,NASDAQ,Packaged Software,73.79,80.32,71.79,6.77,7.25,1259601.6,1448697.0666666667,106899357.0,116365626.0,-7.95,375,-12.18,313,74.24,23,-16.58,344,15.16,0.38,2026-11-05,False,https://www.tradingview.com/chart/?symbol=NASDAQ:WIX&interval=D,False,False,True,False
SHOP,Shopify Inc.,NASDAQ,Miscellaneous Commercial Services,142.25,141.88,137.95,4.67,4.85,11680309.3,8988387.766666668,1278598160.0,1275239499.0,10.45,51,-6.66,246,26.34,97,25.32,201,15.0,0.64,2026-10-22,False,https://www.tradingview.com/chart/?symbol=NASDAQ:SHOP&interval=D,False,False,False,False
GME,GameStop Corporation,NYSE,Electronics/Appliance Stores,23.39,20.14,20.27,4.03,3.75,9930422.2,8213415.333333333,192111785.0,165426398.0,2.14,131,29.8,27,11.7,157,3.22,266,14.91,4.11,2026-12-09,False,https://www.tradingview.com/chart/?symbol=NYSE:GME&interval=D,False,False,False,False
FORM,"FormFactor, Inc.",NASDAQ,Semiconductors,129.69,113.12,112.01,4.34,5.59,1185551.9,1110232.9666666666,143986113.0,125589738.0,13.76,29,20.31,49,-7.5,256,31.65,182,14.82,2.82,2026-11-04,False,https://www.tradingview.com/chart/?symbol=NASDAQ:FORM&interval=D,False,False,False,False
KSS,Kohl's Corporation,NYSE,Department Stores,17.9,17.85,18.26,4.84,5.33,3777266.7,4480134.7,80194411.0,79959951.0,6.8,79,7.54,114,-5.44,244,40.61,161,14.24,-0.37,2026-11-12,False,https://www.tradingview.com/chart/?symbol=NYSE:KSS&interval=D,False,False,False,False
GDDY,GoDaddy Inc.,NYSE,Data Processing Services,97.14,98.36,96.28,5.61,5.63,3564958.2,2344514.6666666665,227746155.0,230603337.0,-0.35,194,1.06,176,21.44,115,20.09,218,14.2,0.16,2026-10-29,False,https://www.tradingview.com/chart/?symbol=NYSE:GDDY&interval=D,False,False,False,False
RDW,Redwire Corporation,NYSE,Aerospace & Defense,11.62,11.34,10.91,6.09,6.35,14116919.8,12621115.166666666,146657358.0,143110825.0,-0.85,201,-0.26,188,8.29,172,32.95,179,13.66,1.02,2026-11-11,False,https://www.tradingview.com/chart/?symbol=NYSE:RDW&interval=D,False,False,False,False
PAY,"Paymentus Holdings, Inc.",NYSE,Miscellaneous Commercial Services,30.17,36.38,35.97,5.29,5.75,1413363.2,1207835.0,36440382.0,43941843.0,-16.22,449,-22.56,412,41.98,65,21.31,213,13.58,-2.8,2026-11-09,False,https://www.tradingview.com/chart/?symbol=NYSE:PAY&interval=D,False,False,False,False
NWL,Newell Brands Inc.,NASDAQ,Industrial Machinery,5.43,5.9,5.79,4.46,4.89,5939760.6,6372307.133333334,34601628.0,37581743.0,-1.45,215,-8.59,281,-7.18,254,56.48,119,13.57,-1.27,2026-10-23,False,https://www.tradingview.com/chart/?symbol=NASDAQ:NWL&interval=D,False,False,False,False
ARXS,"Arxis, Inc.",NASDAQ,Aerospace & Defense,50.12,52.55,51.71,4.93,4.97,1111790.0,722943.9666666667,36233952.0,37990223.0,0.99,162,-5.13,227,13.63,147,31.89,181,13.46,-0.62,2026-12-02,False,https://www.tradingview.com/chart/?symbol=NASDAQ:ARXS&interval=D,False,False,False,False
MNDY,monday.com Ltd.,NASDAQ,Packaged Software,83.66,90.6,88.31,5.54,6.01,1007612.4,1113206.2333333334,93130833.0,100860938.0,-7.74,371,-7.11,255,23.74,106,23.48,205,13.37,-0.88,2026-11-16,False,https://www.tradingview.com/chart/?symbol=NASDAQ:MNDY&interval=D,False,False,False,False
WDC,Western Digital Corporation,NASDAQ,Computer Peripherals,456.81,458.31,473.94,4.91,6.04,7770795.2,6651615.399999995,3038524431.0,3048501854.0,6.86,77,1.54,171,-28.97,390,66.17,109,12.91,-0.6,2026-10-22,False,https://www.tradingview.com/chart/?symbol=NASDAQ:WDC&interval=D,False,False,False,False
GKOS,Glaukos Corporation,NYSE,Medical Specialties,154.43,174.49,171.23,4.59,4.21,893057.9,725276.3,112004419.0,126554670.0,-3.84,281,-14.26,337,8.32,171,44.68,149,12.91,-2.33,2026-11-04,False,https://www.tradingview.com/chart/?symbol=NYSE:GKOS&interval=D,False,False,False,False
BULL,Webull Corporation,NASDAQ,Packaged Software,7.19,8.67,8.2,6.18,6.76,15063982.0,17550984.166666668,126191576.0,152248937.0,-8.41,384,-19.08,383,11.99,155,45.55,147,12.82,-1.82,2026-11-19,False,https://www.tradingview.com/chart/?symbol=NASDAQ:BULL&interval=D,False,False,False,False
W,Wayfair Inc.,NYSE,Specialty Stores,98.15,101.47,98.88,4.4,4.98,2610746.1,2317934.433333333,227505265.0,235195398.0,-5.08,310,-4.69,221,5.14,187,37.04,169,12.5,-0.15,2026-10-29,False,https://www.tradingview.com/chart/?symbol=NYSE:W&interval=D,False,False,False,False
WTTR,"Select Water Solutions, Inc.",NYSE,Oil & Gas Production,19.84,20.11,20.03,4.1,4.51,2141446.4,1537678.6,30507543.0,30917591.0,-2.55,252,5.14,139,4.42,194,27.59,194,12.38,-0.22,2026-11-03,False,https://www.tradingview.com/chart/?symbol=NYSE:WTTR&interval=D,False,False,False,False
TSEM,Tower Semiconductor Ltd.,NASDAQ,Semiconductors,230.47,219.69,225.4,4.34,5.99,2571225.3,1714027.7666666666,395031979.0,376563045.0,2.43,130,7.49,115,-7.87,259,36.13,173,11.92,0.38,2026-11-16,False,https://www.tradingview.com/chart/?symbol=NASDAQ:TSEM&interval=D,False,False,False,False
WOLF,"Wolfspeed, Inc.",NYSE,Semiconductors,27.57,26.99,27.04,6.05,7.81,2285715.0000001146,3057145.7666666885,84285509.0,82510326.0,13.46,32,8.12,107,-39.54,430,67.09,105,11.89,0.25,2026-10-28,False,https://www.tradingview.com/chart/?symbol=NYSE:WOLF&interval=D,False,False,False,False
BTBT,"Bit Digital, Inc.",NASDAQ,Miscellaneous Commercial Services,1.76,1.58,1.51,6.28,7.13,27788754.0,32046890.333333332,56402527.0,50660792.0,12.46,38,15.03,67,-6.38,249,26.62,196,11.76,2.33,2026-11-12,False,https://www.tradingview.com/chart/?symbol=NASDAQ:BTBT&interval=D,False,False,False,False
QUBT,Quantum Computing Inc.,NASDAQ,Information Technology Services,8.96,8.41,8.38,4.14,4.74,8086345.3,7260578.3,65054782.0,61025161.0,4.07,105,6.29,128,0.11,215,28.74,192,11.71,1.46,2026-11-18,False,https://www.tradingview.com/chart/?symbol=NASDAQ:QUBT&interval=D,False,False,False,False
VOYG,"Voyager Technologies, Inc.",NYSE,Information Technology Services,31.35,35.49,33.86,7.06,7.94,3560930.3,1999072.3,62670917.0,70948409.0,-15.64,446,-9.08,286,8.67,169,34.95,177,11.51,-0.93,2026-11-09,False,https://www.tradingview.com/chart/?symbol=NYSE:VOYG&interval=D,False,False,False,False
ROIV,Roivant Sciences Ltd.,NASDAQ,Pharmaceuticals: Major,35.8,37.52,36.43,4.01,3.9,9575397.1,9036171.266666668,323494931.0,339082327.0,-10.75,421,-3.05,209,5.12,188,31.33,184,11.14,-0.44,2026-11-16,False,https://www.tradingview.com/chart/?symbol=NASDAQ:ROIV&interval=D,False,False,False,False
SYNA,Synaptics Incorporated,NASDAQ,Semiconductors,102.72,97.39,102.33,4.34,4.48,582416.1,673661.9,69198550.0,65609953.0,9.71,57,7.87,110,-18.62,333,41.92,157,10.39,0.08,2026-11-05,False,https://www.tradingview.com/chart/?symbol=NASDAQ:SYNA&interval=D,False,False,False,False
CDE,"Coeur Mining, Inc.",NYSE,Precious Metals,19.22,20.36,18.64,4.27,5.2,39375119.7,35817319.7,688408885.0,729192873.0,-6.15,339,-8.45,277,19.98,120,19.12,222,10.21,0.59,2026-11-11,False,https://www.tradingview.com/chart/?symbol=NYSE:CDE&interval=D,False,False,False,False
WAY,Waystar Holding Corp.,NASDAQ,Packaged Software,24.7,25.1,24.26,4.11,4.38,2462127.8,2120704.6666666665,52381405.0,53222618.0,-8.35,381,0.53,180,29.32,90,0.73,273,10.19,0.41,2026-11-11,False,https://www.tradingview.com/chart/?symbol=NASDAQ:WAY&interval=D,False,False,False,False
ARQT,"Arcutis Biotherapeutics, Inc.",NASDAQ,Pharmaceuticals: Major,26.92,25.08,25.86,5.31,4.98,4712272.3,2812970.7666666666,75725173.0,70545087.0,2.98,120,8.33,105,0.49,209,21.1,214,9.97,0.82,2026-10-29,False,https://www.tradingview.com/chart/?symbol=NASDAQ:ARQT&interval=D,False,False,False,False
HIMS,"Hims & Hers Health, Inc.",NYSE,Medical/Nursing Services,29.42,29.16,29.64,5.09,6.02,10701202.2,10732569.433333334,315752193.0,312925949.0,1.94,135,-5.22,228,-8.06,262,42.95,154,9.89,-0.12,2026-11-09,False,https://www.tradingview.com/chart/?symbol=NYSE:HIMS&interval=D,False,False,False,False
DIOD,Diodes Incorporated,NASDAQ,Semiconductors,95.84,92.82,92.05,4.15,4.84,578780.3,625375.4,59935978.0,58047866.0,3.95,106,2.84,162,-12.13,293,36.91,170,9.21,0.85,2026-11-05,False,https://www.tradingview.com/chart/?symbol=NASDAQ:DIOD&interval=D,False,False,False,False
JHX,James Hardie Industries plc.,NYSE,Construction Materials,26.1,28.7,28.25,4.09,3.88,18773271.9,10748375.933333334,280532612.0,308478389.0,0.81,165,-14.26,336,0.81,208,40.78,159,9.11,-1.96,2026-11-09,False,https://www.tradingview.com/chart/?symbol=NYSE:JHX&interval=D,False,False,False,False
SEZL,Sezzle Inc.,NASDAQ,Packaged Software,111.38,118.48,133.13,4.7,5.77,576834.5,502898.5666666667,56012842.0,59582752.0,-1.77,224,-10.16,298,-30.8,403,67.89,104,8.98,-2.83,2026-11-05,False,https://www.tradingview.com/chart/?symbol=NASDAQ:SEZL&interval=D,False,False,False,False
IBRX,"ImmunityBio, Inc.",NASDAQ,Pharmaceuticals: Major,8.44,8.14,7.83,6.34,6.09,12698816.4,9618413.333333334,81179409.0,78316327.0,-0.24,191,3.3,160,9.04,166,14.52,237,8.96,1.27,2026-11-05,False,https://www.tradingview.com/chart/?symbol=NASDAQ:IBRX&interval=D,False,False,False,False
CNXC,Concentrix Corporation,NASDAQ,Information Technology Services,27.08,28.17,26.81,7.44,7.46,2225526.2,1595594.5333333334,43208700.0,44942047.0,-3.48,274,5.33,136,20.14,119,-0.29,276,8.39,0.13,2026-09-29,True,https://www.tradingview.com/chart/?symbol=NASDAQ:CNXC&interval=D,False,False,False,False
WRBY,Warby Parker Inc.,NYSE,Specialty Stores,26.71,25.0,25.44,5.55,5.83,3949867.3,2812170.566666667,75113076.0,70300515.0,9.69,58,2.93,161,-2.05,225,23.6,204,8.16,0.86,2026-11-05,False,https://www.tradingview.com/chart/?symbol=NYSE:WRBY&interval=D,False,False,False,False
RMBS,"Rambus, Inc.",NASDAQ,Semiconductors,105.16,90.65,93.2,4.34,5.12,3649768.6,2455655.966666667,258236781.0,222602758.0,20.21,19,17.37,61,-11.02,283,16.75,232,7.7,2.51,2026-11-02,False,https://www.tradingview.com/chart/?symbol=NASDAQ:RMBS&interval=D,True,False,False,False
VCYT,"Veracyte, Inc.",NASDAQ,Medical Specialties,45.43,42.65,46.23,5.35,5.46,1762866.9,1430832.4,65002716.0,61024286.0,12.42,40,3.77,154,-22.41,354,40.26,162,7.21,-0.32,2026-11-10,False,https://www.tradingview.com/chart/?symbol=NASDAQ:VCYT&interval=D,False,False,False,False
CRCL,"Circle Internet Group, Inc.",NYSE,Packaged Software,89.0,89.07,79.59,6.34,7.35,17413875.6,15827022.5,1408605002.0,1409691791.0,1.82,142,-0.79,193,31.04,86,-8.94,315,7.1,1.61,2026-11-18,False,https://www.tradingview.com/chart/?symbol=NYSE:CRCL&interval=D,False,False,False,False
AXGN,"Axogen, Inc.",NASDAQ,Medical Specialties,43.39,47.14,45.64,5.02,5.15,1224237.9,1147379.6333333333,49784802.0,54090344.0,-3.45,272,-13.29,326,-2.3,228,36.58,172,7.0,-0.96,2026-11-10,False,https://www.tradingview.com/chart/?symbol=NASDAQ:AXGN&interval=D,False,False,False,False
IREN,IREN Limited,NASDAQ,Data Processing Services,44.12,42.87,41.21,5.89,6.71,36841719.7,40626277.233333334,1792634483.0,1741689131.0,-1.29,210,7.1,118,-5.41,243,19.27,221,6.99,1.06,2026-12-01,False,https://www.tradingview.com/chart/?symbol=NASDAQ:IREN&interval=D,False,False,False,False
BHVN,Biohaven Ltd.,NYSE,Pharmaceuticals: Major,12.99,14.25,14.29,7.66,8.19,3232441.4,3462878.2,44982788.0,49357557.0,-7.68,369,-8.78,282,-17.31,324,46.78,143,6.9,-1.11,2026-11-17,False,https://www.tradingview.com/chart/?symbol=NYSE:BHVN&interval=D,False,False,False,False
FPS,"Forgent Power Solutions, Inc.",NYSE,Electrical Products,38.97,33.87,35.09,5.51,6.2,14963300.8,8513286.333333334,331762768.0,288370548.0,-1.34,212,20.72,48,-30.41,402,29.68,190,6.67,1.78,2026-12-02,False,https://www.tradingview.com/chart/?symbol=NYSE:FPS&interval=D,False,False,False,False
ACHR,Archer Aviation Inc.,NYSE,Aerospace & Defense,5.61,5.79,5.6,4.57,5.28,27284697.0,26106921.0,146459827.0,151080752.0,1.81,143,-5.0,226,19.11,125,5.85,258,6.65,0.05,2026-11-05,False,https://www.tradingview.com/chart/?symbol=NYSE:ACHR&interval=D,False,False,False,False
EPAM,"EPAM Systems, Inc.",NYSE,Information Technology Services,108.23,112.67,106.79,4.06,4.48,1216578.8,1178601.6333333333,127560055.0,132790689.0,-7.35,361,-0.64,192,39.56,73,-19.38,358,6.51,0.3,2026-10-29,False,https://www.tradingview.com/chart/?symbol=NYSE:EPAM&interval=D,False,False,False,False
POET,POET Technologies Inc.,NASDAQ,Electrical Products,7.77,7.94,7.89,4.91,6.11,7639382.1,8418150.399999967,65409029.0,66848532.0,1.83,140,-2.63,205,-21.44,347,43.36,153,6.43,-0.25,2026-11-12,False,https://www.tradingview.com/chart/?symbol=NASDAQ:POET&interval=D,False,False,False,False
ACHC,"Acadia Healthcare Company, Inc.",NASDAQ,Medical/Nursing Services,28.09,28.46,29.87,4.6,4.84,1707806.8,1584316.3,44503445.0,45092282.0,-2.47,249,-6.83,248,7.91,173,17.98,226,6.35,-1.23,2026-11-04,False,https://www.tradingview.com/chart/?symbol=NASDAQ:ACHC&interval=D,False,False,False,False
WYFI,"WhiteFiber, Inc.",NASDAQ,Data Processing Services,19.62,20.19,22.28,5.98,8.67,1325192.5,2425303.1333333333,47584447.0,48961211.0,6.8,78,-2.14,200,-45.12,435,65.85,111,6.2,-1.38,2026-11-12,False,https://www.tradingview.com/chart/?symbol=NASDAQ:WYFI&interval=D,False,False,False,False
GLXY,Galaxy Digital Inc.,NASDAQ,Investment Banks/Brokers,24.24,24.12,23.1,6.34,7.11,5220806.4,5508731.8,133531659.0,132854085.0,6.48,82,1.59,169,-11.89,292,28.25,193,5.99,0.7,2026-10-27,False,https://www.tradingview.com/chart/?symbol=NASDAQ:GLXY&interval=D,False,False,False,False
SGRY,"Surgery Partners, Inc.",NASDAQ,Hospital/Nursing Management,14.4,14.12,14.71,5.51,5.54,3005986.2,2676929.1333333333,38547780.0,37804486.0,9.76,54,2.78,164,-6.86,251,21.42,211,5.78,-0.38,2026-11-10,False,https://www.tradingview.com/chart/?symbol=NASDAQ:SGRY&interval=D,False,False,False,False
PATH,"UiPath, Inc.",NYSE,Packaged Software,12.46,15.34,14.46,5.81,6.5,52018782.5,60720599.4,756578669.0,931373034.0,-10.13,408,-23.53,417,25.73,99,14.31,238,5.5,-2.13,2026-12-09,False,https://www.tradingview.com/chart/?symbol=NYSE:PATH&interval=D,False,False,False,False
KOS,Kosmos Energy Ltd.,NYSE,Integrated Oil,2.65,2.81,2.69,5.29,5.93,13848940.3,12365489.6,32768547.0,34804731.0,-7.67,368,0.0,185,25.0,102,-9.25,316,5.25,-0.22,2026-11-09,False,https://www.tradingview.com/chart/?symbol=NYSE:KOS&interval=D,False,False,False,False
RELY,"Remitly Global, Inc.",NASDAQ,Miscellaneous Commercial Services,21.36,24.21,24.03,4.84,5.04,4715944.2,3963441.1666666665,84659103.0,95945002.0,-1.07,206,-18.19,372,-1.52,223,35.45,174,5.24,-2.21,2026-11-04,False,https://www.tradingview.com/chart/?symbol=NASDAQ:RELY&interval=D,False,False,False,False
MBLY,Mobileye Global Inc.,NASDAQ,Packaged Software,8.03,8.38,8.42,4.16,4.42,6990614.8,4634298.866666666,37213420.0,38833880.0,-1.35,214,-7.27,258,4.56,190,18.26,225,5.18,-1.04,2026-10-22,False,https://www.tradingview.com/chart/?symbol=NASDAQ:MBLY&interval=D,False,False,False,False
OCTV,Octave Intelligence plc,NASDAQ,Packaged Software,18.83,18.78,18.45,4.04,4.45,3892537.7,2854522.6,53750661.0,53609837.0,1.4,151,5.31,137,17.03,137,-7.47,306,4.96,0.47,2026-11-12,False,https://www.tradingview.com/chart/?symbol=NASDAQ:OCTV&interval=D,False,False,False,False
HL,Hecla Mining Company,NYSE,Precious Metals,18.19,19.63,18.04,4.29,5.41,45067995.0,36768801.833333336,668824505.0,721832861.0,-5.65,326,-11.27,305,19.51,122,6.37,254,4.87,0.15,2026-11-11,False,https://www.tradingview.com/chart/?symbol=NYSE:HL&interval=D,False,False,False,False
RKLB,Rocket Lab Corporation,NASDAQ,Aerospace & Defense,73.95,68.32,69.49,4.95,5.36,21836348.4,18254505.333333332,1349920669.0,1247117380.0,8.07,69,11.37,88,-8.83,270,12.03,243,4.86,1.2,2026-11-16,False,https://www.tradingview.com/chart/?symbol=NASDAQ:RKLB&interval=D,False,False,False,False
CDW,CDW Corporation,NASDAQ,Information Technology Services,135.43,144.54,142.33,4.09,4.48,1527217.4,1640788.9333333333,222212045.0,237157992.0,-9.23,394,-5.68,234,6.16,181,13.22,241,4.57,-1.08,2026-11-04,False,https://www.tradingview.com/chart/?symbol=NASDAQ:CDW&interval=D,False,False,False,False
GOLD,"Gold.com, Inc.",NYSE,Investment Banks/Brokers,43.95,45.41,43.84,4.38,4.94,626109.1,674084.9666666667,29626034.0,30612221.0,-4.23,292,-4.81,223,6.55,176,11.44,245,4.39,0.05,2026-11-10,False,https://www.tradingview.com/chart/?symbol=NYSE:GOLD&interval=D,False,False,False,False
BTDR,Bitdeer Technologies Group,NASDAQ,Data Processing Services,11.51,11.27,11.03,6.78,8.19,10060136.8,12351095.266666668,142161107.0,139242131.0,-0.26,192,4.16,149,-28.06,384,36.86,171,4.32,0.54,2026-11-16,False,https://www.tradingview.com/chart/?symbol=NASDAQ:BTDR&interval=D,False,False,False,False
M,Macy's Inc,NYSE,Department Stores,22.64,22.41,23.28,4.06,3.65,6306202.0,6343835.066666666,143624426.0,142175917.0,4.52,99,0.27,183,-11.32,286,23.99,203,4.31,-0.75,2026-11-12,False,https://www.tradingview.com/chart/?symbol=NYSE:M&interval=D,False,False,False,False
ETSY,"Etsy, Inc.",NYSE,Internet Retail,68.44,77.3,79.5,4.33,4.8,3611412.5,3126834.6666666665,214000565.0,241704320.0,-5.92,331,-18.56,374,-11.46,288,42.79,155,4.26,-2.9,2026-11-04,False,https://www.tradingview.com/chart/?symbol=NYSE:ETSY&interval=D,False,False,False,False
EXK,Endeavour Silver Corporation,NYSE,Precious Metals,9.39,10.44,9.68,5.14,6.38,7687782.9,8887567.666666666,83454260.0,92789169.0,-9.01,390,-13.26,325,15.5,140,10.34,247,4.19,-0.47,2026-11-10,False,https://www.tradingview.com/chart/?symbol=NYSE:EXK&interval=D,False,False,False,False
PSKY,Paramount Skydance Corporation,NASDAQ,Cable/Satellite TV,9.96,10.53,9.77,5.41,5.15,32666041.9,17612549.666666668,175420995.0,185416117.0,-5.9,330,-6.3,241,6.41,178,12.16,242,4.09,0.37,2026-11-16,False,https://www.tradingview.com/chart/?symbol=NASDAQ:PSKY&interval=D,False,False,False,False
BRZE,"Braze, Inc.",NASDAQ,Internet Software/Services,24.37,28.61,27.43,5.31,6.06,1885169.1,2833143.1666666665,69043699.0,81063781.0,-2.32,243,-18.63,376,21.85,113,7.98,251,3.73,-1.84,2026-12-15,False,https://www.tradingview.com/chart/?symbol=NASDAQ:BRZE&interval=D,False,False,False,False
ON,ON Semiconductor Corporation,NASDAQ,Semiconductors,77.2,73.7,77.73,4.41,4.61,13603215.4,9634655.833333334,743795430.0,710077346.0,10.07,52,6.39,125,-21.46,348,25.75,199,3.56,-0.15,2026-11-02,False,https://www.tradingview.com/chart/?symbol=NASDAQ:ON&interval=D,False,False,False,False
VIAV,Viavi Solutions Inc.,NASDAQ,Information Technology Services,40.68,37.44,38.06,5.13,5.76,6004007.199999998,4724815.766666659,192205505.0,176875053.0,13.89,28,7.88,109,-16.82,323,19.09,223,3.38,1.19,2026-10-29,False,https://www.tradingview.com/chart/?symbol=NASDAQ:VIAV&interval=D,False,False,False,False
ATI,ATI Inc.,NYSE,Other Metals/Minerals,185.48,202.9,202.85,4.12,4.23,1760321.5,1815346.1,336710395.0,368341590.0,0.42,172,-14.53,342,-6.18,247,30.71,186,3.34,-2.02,2026-11-03,False,https://www.tradingview.com/chart/?symbol=NYSE:ATI&interval=D,False,False,False,False
TTMI,"TTM Technologies, Inc.",NASDAQ,Electronic Components,129.17,121.05,124.53,4.94,6.02,1940241.3,2109462.1666666665,272479228.0,255356724.0,11.12,48,11.84,85,-37.3,423,35.44,175,3.33,0.62,2026-11-04,False,https://www.tradingview.com/chart/?symbol=NASDAQ:TTMI&interval=D,False,False,False,False
RGTI,"Rigetti Computing, Inc.",NASDAQ,Computer Processing Hardware,16.66,16.13,16.05,5.55,5.97,17214562.8,16870119.833333332,281056196.0,272143150.0,2.52,128,-0.24,187,-7.08,252,16.91,231,3.2,0.64,2026-11-16,False,https://www.tradingview.com/chart/?symbol=NASDAQ:RGTI&interval=D,False,False,False,False
MTSI,"MACOM Technology Solutions Holdings, Inc.",NASDAQ,Semiconductors,285.57,272.48,273.77,4.02,5.04,1493005.9,1306178.2666666666,373005328.0,355911155.0,4.77,93,6.92,122,-24.47,364,26.88,195,3.11,0.85,2026-11-05,False,https://www.tradingview.com/chart/?symbol=NASDAQ:MTSI&interval=D,False,False,False,False
NAVN,"Navan, Inc.",NASDAQ,Packaged Software,19.42,25.48,26.04,5.93,6.81,4919894.2,3979435.9,77260748.0,101411281.0,-12.43,431,-33.14,448,-9.78,278,51.68,130,2.92,-3.74,2026-12-15,False,https://www.tradingview.com/chart/?symbol=NASDAQ:NAVN&interval=D,False,False,False,False
RDDT,"Reddit, Inc.",NYSE,Internet Software/Services,149.84,155.19,159.51,4.58,5.14,5263620.0,6550400.466666667,981512006.0,1016571933.0,-1.87,227,-6.93,250,-4.33,236,19.83,220,2.86,-1.18,2026-11-04,False,https://www.tradingview.com/chart/?symbol=NYSE:RDDT&interval=D,False,False,False,False
CIFR,Cipher Digital Inc.,NASDAQ,Data Processing Services,17.73,16.81,18.21,7.79,8.75,36570189.9,35380125.96666667,627289633.0,594905025.0,-0.39,196,10.81,92,-28.91,389,26.28,197,2.73,-0.3,2026-11-11,False,https://www.tradingview.com/chart/?symbol=NASDAQ:CIFR&interval=D,False,False,False,False
RXO,"RXO, Inc.",NYSE,Packaged Software,19.79,20.79,21.95,4.97,5.45,1917434.9,1599119.2,31646569.0,33243556.0,-1.2,208,-8.25,272,-25.8,370,41.76,158,2.57,-1.81,2026-11-05,False,https://www.tradingview.com/chart/?symbol=NYSE:RXO&interval=D,False,False,False,False
AKAM,"Akamai Technologies, Inc.",NASDAQ,Data Processing Services,113.94,110.08,113.27,5.68,5.78,6986107.0,4301185.433333334,490077068.0,473480227.0,6.24,88,7.94,108,1.28,206,-1.56,281,2.55,0.1,2026-11-10,False,https://www.tradingview.com/chart/?symbol=NASDAQ:AKAM&interval=D,False,False,False,False
GWRE,"Guidewire Software, Inc.",NYSE,Information Technology Services,145.56,169.32,164.4,4.44,5.65,1274486.0,1457360.2333333334,212133356.0,246767522.0,0.4,174,-20.22,394,30.29,89,-2.43,282,2.54,-2.03,2026-12-03,False,https://www.tradingview.com/chart/?symbol=NYSE:GWRE&interval=D,False,False,False,False
RBLX,Roblox Corporation,NYSE,Packaged Software,46.44,43.3,43.28,4.91,5.28,12384456.1,10751120.633333333,499282042.0,465527107.0,-2.33,245,18.95,55,1.1,207,-12.69,329,2.45,1.38,2026-11-11,False,https://www.tradingview.com/chart/?symbol=NYSE:RBLX&interval=D,False,False,False,False
UCTT,"Ultra Clean Holdings, Inc.",NASDAQ,Industrial Machinery,77.69,73.14,79.1,4.22,5.96,764925.2,877975.8666666667,68209945.0,64214277.0,13.55,31,5.96,129,-31.47,405,32.44,180,2.31,-0.3,2026-10-28,False,https://www.tradingview.com/chart/?symbol=NASDAQ:UCTT&interval=D,False,False,False,False
VKTX,"Viking Therapeutics, Inc.",NASDAQ,Pharmaceuticals: Major,35.56,33.53,33.87,6.36,8.01,11674214.1,5058109.333333333,179866368.0,169578174.0,20.26,18,4.31,147,-2.19,226,4.62,263,2.25,0.62,2026-10-28,False,https://www.tradingview.com/chart/?symbol=NASDAQ:VKTX&interval=D,True,False,False,False
HRI,Herc Holdings Inc.,NYSE,Finance/Rental/Leasing,135.36,148.37,152.75,5.23,5.59,1186119.6,700720.6666666666,94849549.0,103963590.0,-2.0,232,-14.1,333,-10.71,282,31.49,183,2.23,-2.04,2026-10-15,False,https://www.tradingview.com/chart/?symbol=NYSE:HRI&interval=D,False,False,False,False
CCXI,Churchill Capital Corp. XI Class A,NASDAQ,Financial Conglomerates,12.43,13.63,14.19,5.51,6.41,2483047.9,2312295.7,28741836.0,31520444.0,2.47,129,-14.1,334,-2.28,227,22.95,208,2.19,-1.94,,False,https://www.tradingview.com/chart/?symbol=NASDAQ:CCXI&interval=D,False,False,False,False
NVTS,Navitas Semiconductor Corporation,NASDAQ,Semiconductors,12.2,12.02,12.05,4.72,6.33,11714420.9,11948252.966666667,145768686.0,143610035.0,7.02,75,-3.17,211,-28.45,385,38.17,167,2.18,0.2,2026-11-09,False,https://www.tradingview.com/chart/?symbol=NASDAQ:NVTS&interval=D,False,False,False,False
ASO,"Academy Sports and Outdoors, Inc.",NASDAQ,Specialty Stores,49.14,47.31,47.8,4.56,4.18,1869473.4,2160152.6333333333,106149900.0,102205102.0,-1.62,219,13.23,79,1.47,204,-8.15,312,2.18,0.67,2026-12-03,False,https://www.tradingview.com/chart/?symbol=NASDAQ:ASO&interval=D,False,False,False,False
PTEN,"Patterson-UTI Energy, Inc.",NASDAQ,Oil & Gas Production,10.91,12.12,11.35,4.11,4.55,8725248.7,8122166.966666667,88612842.0,98465030.0,-8.55,387,-2.68,206,12.19,152,-3.02,285,2.16,-0.86,2026-10-28,False,https://www.tradingview.com/chart/?symbol=NASDAQ:PTEN&interval=D,False,False,False,False
SPCX,Space Exploration Technologies Corp,NASDAQ,Specialty Telecommunications,148.68,145.39,135.92,4.27,4.5,99835818.6,86594307.3,12874841609.0,12589513367.0,-3.83,279,8.53,103,-1.29,221,-0.88,279,2.12,2.09,2026-11-05,False,https://www.tradingview.com/chart/?symbol=NASDAQ:SPCX&interval=D,False,False,False,False
RYAN,"Ryan Specialty Holdings, Inc.",NYSE,Insurance Brokers/Services,37.89,40.97,41.8,4.27,4.34,2514895.4,1816912.7,68842822.0,74442547.0,-4.78,301,-13.41,327,4.01,196,15.52,235,2.04,-2.15,2026-10-29,False,https://www.tradingview.com/chart/?symbol=NYSE:RYAN&interval=D,False,False,False,False
HUBS,"HubSpot, Inc.",NYSE,Packaged Software,213.74,235.68,231.32,6.02,6.54,2188910.3,1578966.4333333333,337488285.0,372136599.0,-7.07,354,-7.72,265,24.04,105,-10.74,322,1.86,-1.16,2026-11-11,False,https://www.tradingview.com/chart/?symbol=NYSE:HUBS&interval=D,False,False,False,False
AG,First Majestic Silver Corp.,NYSE,Precious Metals,19.01,20.11,18.82,4.26,5.34,9204432.3,9568704.533333333,181901073.0,192394752.0,-3.55,275,-7.85,268,13.63,146,-0.83,278,1.65,0.19,2026-11-11,False,https://www.tradingview.com/chart/?symbol=NYSE:AG&interval=D,False,False,False,False
CRWV,"CoreWeave, Inc.",NASDAQ,Packaged Software,87.59,88.2,85.76,5.43,6.25,36231392.0,27357331.433333334,2396228660.0,2412925752.0,9.72,56,0.81,179,-7.97,260,11.71,244,1.51,0.34,2026-11-16,False,https://www.tradingview.com/chart/?symbol=NASDAQ:CRWV&interval=D,False,False,False,False
SRPT,"Sarepta Therapeutics, Inc.",NASDAQ,Pharmaceuticals: Major,18.67,20.17,18.68,6.97,6.87,2860621.2,3009522.3333333335,56187782.0,60705075.0,-9.5,399,-0.37,190,18.24,129,-13.84,335,1.34,-0.01,2026-11-04,False,https://www.tradingview.com/chart/?symbol=NASDAQ:SRPT&interval=D,False,False,False,False
ATRO,Astronics Corporation,NASDAQ,Aerospace & Defense,69.22,74.64,74.09,4.46,4.88,804382.9999999997,632863.133333333,43806786.0,47235955.0,6.36,84,-6.59,245,-19.83,341,30.11,188,1.23,-1.35,2026-11-11,False,https://www.tradingview.com/chart/?symbol=NASDAQ:ATRO&interval=D,False,False,False,False
CECO,CECO Environmental Corp.,NASDAQ,Industrial Machinery,73.5,73.36,73.11,4.89,5.45,838109.6,715515.1666666666,52590365.0,52486734.0,3.52,113,4.06,151,-21.88,352,21.07,215,1.08,0.1,2026-11-09,False,https://www.tradingview.com/chart/?symbol=NASDAQ:CECO&interval=D,False,False,False,False
SHLS,"Shoals Technologies Group, Inc.",NASDAQ,Semiconductors,7.47,7.35,8.05,6.18,6.57,4401603.7,4617875.833333333,34495532.0,33945236.0,-2.23,238,7.79,112,-21.86,351,17.27,229,1.07,-1.1,2026-11-10,False,https://www.tradingview.com/chart/?symbol=NASDAQ:SHLS&interval=D,False,False,False,False
FIVE,"Five Below, Inc.",NASDAQ,Discount Stores,222.6,242.26,232.74,4.33,4.53,1242978.2,1231343.7,274097108.0,298309840.0,-5.3,316,-13.81,330,18.05,131,-1.37,280,0.96,-0.96,2026-12-02,False,https://www.tradingview.com/chart/?symbol=NASDAQ:FIVE&interval=D,False,False,False,False
FLY,Firefly Aerospace Inc.,NASDAQ,Aerospace & Defense,24.36,22.57,22.39,6.51,6.72,3533806.9,2742966.5,66818664.0,61906925.0,11.46,46,9.93,99,-0.16,216,-7.02,303,0.91,1.31,2026-11-18,False,https://www.tradingview.com/chart/?symbol=NASDAQ:FLY&interval=D,False,False,False,False
FIGR,"Figure Technology Solutions, Inc.",NASDAQ,Finance/Rental/Leasing,31.9,35.74,32.84,7.72,7.89,4840587.1,4744183.3,151339447.0,169566600.0,-7.36,363,-21.23,402,20.38,118,1.87,271,0.34,-0.36,2026-11-12,False,https://www.tradingview.com/chart/?symbol=NASDAQ:FIGR&interval=D,False,False,False,False
RIVN,"Rivian Automotive, Inc.",NASDAQ,Motor Vehicles,15.47,15.76,15.97,4.13,4.33,23437383.1,22072144.866666667,341456081.0,347761357.0,0.16,181,-7.14,256,6.21,180,1.91,270,0.33,-0.73,2026-11-10,False,https://www.tradingview.com/chart/?symbol=NASDAQ:RIVN&interval=D,False,False,False,False
CBRS,Cerebras Systems Inc.,NASDAQ,Packaged Software,206.75,197.95,202.71,4.85,6.45,5558439.9,7030071.966666667,1453467379.0,1391606261.0,4.76,95,14.8,69,27.11,94,-40.93,429,0.32,0.31,2026-12-02,False,https://www.tradingview.com/chart/?symbol=NASDAQ:CBRS&interval=D,False,False,False,False
COHR,Coherent Corp.,NYSE,Semiconductors,295.83,293.72,296.77,5.83,6.82,6901605.2,6414064.866666666,1897472810.0,1883949823.0,-3.24,268,3.35,159,-24.69,365,21.34,212,0.0,-0.05,2026-11-11,False,https://www.tradingview.com/chart/?symbol=NYSE:COHR&interval=D,False,False,False,False
FIG,FIGMA INC,NYSE,Packaged Software,20.85,24.79,24.48,5.54,6.57,13586108.1,14316491.033333333,298498838.0,354843775.0,-11.3,424,-19.9,393,23.3,109,-3.52,287,-0.04,-2.26,2026-11-11,False,https://www.tradingview.com/chart/?symbol=NYSE:FIG&interval=D,False,False,False,False
PEGA,Pegasystems Inc.,NASDAQ,Information Technology Services,33.74,35.26,33.42,4.13,4.24,2279823.0,2154887.2333333334,72716670.0,75972345.0,-6.45,343,1.4,173,16.24,139,-18.29,349,-0.22,0.23,2026-10-28,False,https://www.tradingview.com/chart/?symbol=NASDAQ:PEGA&interval=D,False,False,False,False
PCOR,"Procore Technologies, Inc.",NYSE,Packaged Software,49.3,57.1,54.92,4.28,4.76,2568373.0,2732389.6,134706807.0,156014892.0,-5.17,313,-17.11,363,27.92,92,-12.09,328,-0.43,-2.15,2026-11-04,False,https://www.tradingview.com/chart/?symbol=NYSE:PCOR&interval=D,False,False,False,False
BRUN,Boost Run Inc.,NASDAQ,Packaged Software,16.77,17.74,18.94,7.66,9.51,2550139.7,2409427.8666666667,40406105.0,42751683.0,-3.84,280,-7.45,261,-49.46,442,55.28,122,-0.54,-1.21,2026-12-02,False,https://www.tradingview.com/chart/?symbol=NASDAQ:BRUN&interval=D,False,False,False,False
DAIC,"CID HoldCo, Inc.",NASDAQ,Miscellaneous,3.2,2.8,2.06,20.8,27.63,13392156.3,16157376.233333332,51703604.0,45314547.0,-22.14,453,-48.47,456,81.82,18,-35.35,417,-0.67,2.01,,False,https://www.tradingview.com/chart/?symbol=NASDAQ:DAIC&interval=D,False,False,True,False
PTRN,Pattern Group Inc. - Series A,NASDAQ,Advertising/Marketing Services,17.02,20.19,21.59,5.73,6.4,2092722.6,1631176.9,27762631.0,32928568.0,-12.4,430,-20.47,396,-20.47,344,38.49,166,-0.82,-3.31,2026-11-11,False,https://www.tradingview.com/chart/?symbol=NASDAQ:PTRN&interval=D,False,False,False,False
EXPE,"Expedia Group, Inc.",NASDAQ,Other Consumer Services,264.17,300.58,297.94,4.85,4.82,2817718.9,2021271.9666666666,533959415.0,607561676.0,-7.13,355,-22.07,407,5.62,186,13.22,240,-1.08,-2.35,2026-10-29,False,https://www.tradingview.com/chart/?symbol=NASDAQ:EXPE&interval=D,False,False,False,False
FIGS,"FIGS, Inc.",NYSE,Apparel/Footwear,13.42,14.04,12.97,5.06,5.16,2469640.5,2425886.433333333,32555396.0,34049742.0,3.15,118,-9.87,294,18.34,128,-11.88,327,-1.14,0.67,2026-11-05,False,https://www.tradingview.com/chart/?symbol=NYSE:FIGS&interval=D,False,False,False,False
CART,Maplebear Inc.,NASDAQ,Air Freight/Couriers,43.19,48.4,47.49,4.1,4.06,4820342.8,3985254.2,172123129.0,192904901.0,-4.93,306,-16.17,354,-8.5,266,20.74,216,-1.31,-2.23,2026-11-17,False,https://www.tradingview.com/chart/?symbol=NASDAQ:CART&interval=D,False,False,False,False
AGIO,"Agios Pharmaceuticals, Inc.",NASDAQ,Pharmaceuticals: Major,32.58,33.65,33.94,4.23,4.26,1097406.9,934936.5,30460231.0,31459990.0,-2.13,235,-3.72,214,-10.4,279,9.66,248,-1.49,-0.94,2026-10-29,False,https://www.tradingview.com/chart/?symbol=NASDAQ:AGIO&interval=D,False,False,False,False
OWL,Blue Owl Capital Inc.,NYSE,Investment Managers,9.32,11.02,10.85,4.09,4.33,17834737.5,18084689.2,168549303.0,199208880.0,-6.05,336,-20.82,399,10.82,160,5.31,261,-1.56,-3.25,2026-10-29,False,https://www.tradingview.com/chart/?symbol=NYSE:OWL&interval=D,False,False,False,False
AVAV,"AeroVironment, Inc.",NASDAQ,Aerospace & Defense,152.05,155.68,158.68,6.21,6.08,1708030.8,1934797.3666666667,294185940.0,301211511.0,-8.17,378,3.79,153,12.03,154,-20.86,366,-1.68,-0.69,2026-12-08,False,https://www.tradingview.com/chart/?symbol=NASDAQ:AVAV&interval=D,False,False,False,False
QBTS,D-Wave Quantum Inc.,NASDAQ,Computer Processing Hardware,17.41,17.79,18.21,5.56,6.37,16823902.1,15942226.2,277554158.0,283590948.0,-3.71,276,-7.05,253,-18.26,331,19.99,219,-1.77,-0.69,2026-11-05,False,https://www.tradingview.com/chart/?symbol=NASDAQ:QBTS&interval=D,False,False,False,False
STEP,StepStone Group Inc.,NASDAQ,Investment Managers,44.36,48.93,47.56,4.59,4.81,1236520.8,1026611.1333333333,45540470.0,50229687.0,-6.02,333,-11.0,302,8.91,168,-3.52,288,-1.87,-1.4,2026-11-05,False,https://www.tradingview.com/chart/?symbol=NASDAQ:STEP&interval=D,False,False,False,False
CVNA,Carvana Co.,NYSE,Specialty Stores,65.06,70.27,68.88,4.28,4.73,7459472.5,7554437.733333333,491491719.0,530827676.0,-1.33,211,-14.24,335,-0.67,217,8.89,250,-2.0,-1.17,2026-10-29,False,https://www.tradingview.com/chart/?symbol=NYSE:CVNA&interval=D,False,False,False,False
BTCT,BTC Digital Ltd.,NASDAQ,Data Processing Services,1.19,1.41,1.09,15.15,19.98,5789381.5,21858346.866666667,26011433.0,30866244.0,6.25,87,-33.52,449,21.43,116,5.31,262,-2.26,0.48,2026-11-23,False,https://www.tradingview.com/chart/?symbol=NASDAQ:BTCT&interval=D,False,False,False,False
BSP,Bending Spoons S.p.A.,NASDAQ,Packaged Software,33.25,39.54,39.15,7.04,8.23,2958716.7,1829554.3666666667,60832683.0,72345458.0,-14.41,441,-21.49,404,7.26,175,7.26,252,-2.32,-1.83,2026-12-02,False,https://www.tradingview.com/chart/?symbol=NASDAQ:BSP&interval=D,False,False,False,False
PBLS,"Parabilis Medicines, Inc.",NASDAQ,Pharmaceuticals: Major,31.2,38.14,36.17,9.96,9.57,1804937.9,881417.9333333333,27500240.0,33616105.0,-23.92,455,-20.35,395,19.77,121,-6.45,298,-2.34,-1.43,2026-12-02,False,https://www.tradingview.com/chart/?symbol=NASDAQ:PBLS&interval=D,False,False,False,False
GLW,Corning Incorporated,NYSE,Electronic Components,156.74,153.87,152.78,4.16,5.18,8972900.5,8799820.1,1379283802.0,1354022452.0,3.12,119,6.63,123,-30.16,399,15.75,234,-2.59,0.5,2026-11-03,False,https://www.tradingview.com/chart/?symbol=NYSE:GLW&interval=D,False,False,False,False
KD,"Kyndryl Holdings, Inc.",NYSE,Data Processing Services,11.6,12.75,12.92,4.88,5.11,3946442.4,3659217.4,42446922.0,46657461.0,-10.56,416,-9.38,290,8.41,170,-8.01,310,-2.99,-2.0,2026-11-10,False,https://www.tradingview.com/chart/?symbol=NYSE:KD&interval=D,False,False,False,False
TMDX,"TransMedics Group, Inc.",NASDAQ,Medical Specialties,85.29,88.11,84.36,4.73,4.85,776140.0,698656.0,59588370.0,61556251.0,-2.17,236,-7.55,262,14.48,142,-16.13,342,-3.07,0.23,2026-11-04,False,https://www.tradingview.com/chart/?symbol=NASDAQ:TMDX&interval=D,False,False,False,False
CRML,Critical Metals Corp.,NASDAQ,Precious Metals,7.83,7.15,6.81,7.07,9.31,15022276.3,10190072.0,79788264.0,72848825.0,11.86,44,-1.94,199,-14.33,307,6.82,253,-3.15,1.62,2027-03-03,False,https://www.tradingview.com/chart/?symbol=NASDAQ:CRML&interval=D,False,False,False,False
MOS,Mosaic Company (The),NYSE,Chemicals: Agricultural,23.01,24.27,23.61,4.46,4.72,8749208.2,8362985.033333333,192432286.0,202983585.0,-9.27,395,-7.37,260,5.84,185,-7.96,309,-3.16,-0.54,2026-11-10,False,https://www.tradingview.com/chart/?symbol=NYSE:MOS&interval=D,False,False,False,False
GLOB,Globant S.A.,NYSE,Information Technology Services,34.5,38.07,37.12,4.66,5.37,963697.4,1331066.4333333333,45921792.0,50679467.0,-8.54,386,-12.12,312,24.41,104,-22.26,373,-3.32,-1.31,2026-11-12,False,https://www.tradingview.com/chart/?symbol=NYSE:GLOB&interval=D,False,False,False,False
COMP,"Compass, Inc.",NYSE,Real Estate Development,9.38,10.87,11.31,5.15,5.68,18071014.0,12926030.9,121246170.0,140566277.0,-9.37,398,-19.69,390,-14.73,310,24.07,202,-3.45,-3.01,2026-11-11,False,https://www.tradingview.com/chart/?symbol=NYSE:COMP&interval=D,False,False,False,False
STRL,"Sterling Infrastructure, Inc.",NASDAQ,Engineering & Construction,512.29,503.13,539.1,4.14,5.38,590383.3,556323.8333333334,284999137.0,279903952.0,0.42,171,5.51,133,-39.24,428,23.17,206,-3.52,-0.92,2026-11-09,False,https://www.tradingview.com/chart/?symbol=NASDAQ:STRL&interval=D,False,False,False,False
INSM,Insmed Incorporated,NASDAQ,Pharmaceuticals: Major,117.83,123.96,119.23,4.57,4.31,2249209.6,1965621.7333333334,231609209.0,243661746.0,-4.89,305,-4.12,218,12.1,153,-20.37,362,-4.13,-0.27,2026-10-22,False,https://www.tradingview.com/chart/?symbol=NASDAQ:INSM&interval=D,False,False,False,False
KVYO,"Klaviyo, Inc. Series A",NYSE,Packaged Software,15.8,17.66,17.72,5.46,6.33,6852720.5,6031175.166666667,95292568.0,106482408.0,-1.25,209,-9.92,296,12.46,150,-15.01,340,-4.16,-1.71,2026-11-11,False,https://www.tradingview.com/chart/?symbol=NYSE:KVYO&interval=D,False,False,False,False
CF,"CF Industries Holdings, Inc.",NYSE,Chemicals: Agricultural,114.67,127.95,125.34,4.17,4.41,2637041.400000006,2627671.0666666827,301315041.0,336201754.0,-13.6,436,-9.03,285,9.2,165,-13.83,334,-4.55,-1.93,2026-11-04,False,https://www.tradingview.com/chart/?symbol=NYSE:CF&interval=D,False,False,False,False
MMYT,MakeMyTrip Limited,NASDAQ,Internet Software/Services,46.75,54.17,55.32,4.27,4.4,922401.0,640393.6333333333,29938402.0,34687562.0,-2.34,246,-22.36,410,-9.71,275,17.4,228,-4.89,-3.52,2026-11-03,False,https://www.tradingview.com/chart/?symbol=NASDAQ:MMYT&interval=D,False,False,False,False
HLNE,Hamilton Lane Incorporated,NASDAQ,Investment Managers,86.21,98.41,96.18,4.24,4.34,717888.7,589100.7666666667,50786377.0,57973996.0,-1.35,213,-18.91,379,12.94,149,-10.48,321,-5.48,-2.39,2026-11-10,False,https://www.tradingview.com/chart/?symbol=NASDAQ:HLNE&interval=D,False,False,False,False
DKNG,DraftKings Inc.,NASDAQ,Movies/Entertainment,22.02,24.02,23.97,5.13,5.35,15243217.4,11212968.033333333,246909556.0,269290640.0,-1.48,216,-13.92,331,-7.09,253,4.46,264,-5.52,-1.52,2026-10-30,False,https://www.tradingview.com/chart/?symbol=NASDAQ:DKNG&interval=D,False,False,False,False
PINS,"Pinterest, Inc.",NYSE,Internet Software/Services,18.9,20.87,21.94,4.13,4.28,16875771.0,13189187.4,249275642.0,275315494.0,2.66,127,-19.81,392,-3.23,232,6.24,256,-5.6,-3.24,2026-11-04,False,https://www.tradingview.com/chart/?symbol=NYSE:PINS&interval=D,False,False,False,False
VAL,Valaris Limited,NYSE,Contract Drilling,80.99,85.42,82.84,4.18,4.1,1352337.1,1187696.5333333334,96191542.0,101453830.0,-3.26,270,-3.95,216,5.99,183,-20.21,361,-6.06,-0.55,2026-11-03,False,https://www.tradingview.com/chart/?symbol=NYSE:VAL&interval=D,False,False,False,False
ORCL,Oracle Corporation,NYSE,Packaged Software,137.1,147.77,142.25,4.71,5.18,33172751.8,28875451.766666666,3958824437.0,4266848506.0,-8.89,389,-6.73,247,-8.76,269,-2.72,284,-6.07,-0.7,2026-12-14,False,https://www.tradingview.com/chart/?symbol=NYSE:ORCL&interval=D,False,False,False,False
GNRC,Generac Holdings Inc.,NYSE,Electrical Products,208.14,196.35,201.17,4.13,5.12,2087351.9,1303212.8333333333,271250719.0,255886274.0,-0.66,198,2.53,165,-27.22,378,6.28,255,-6.14,0.68,2026-11-04,False,https://www.tradingview.com/chart/?symbol=NYSE:GNRC&interval=D,False,False,False,False
GEN,Gen Digital Inc.,NASDAQ,Packaged Software,21.62,29.04,28.44,5.7,5.94,13350787.0,8073144.266666667,174541379.0,234409126.0,-28.39,461,-25.16,423,-8.08,263,14.76,236,-6.16,-4.03,2026-11-10,False,https://www.tradingview.com/chart/?symbol=NASDAQ:GEN&interval=D,False,False,False,False
VG,"Venture Global, Inc.",NYSE,Oil & Gas Pipelines,12.62,14.32,14.01,5.2,5.5,15896340.9,14417895.4,181953840.0,206507516.0,-12.36,429,-8.42,274,17.07,136,-27.53,391,-6.29,-1.81,2026-11-16,False,https://www.tradingview.com/chart/?symbol=NYSE:VG&interval=D,False,False,False,False
MRCY,Mercury Systems Inc,NASDAQ,Aerospace & Defense,82.18,88.4,94.38,4.18,4.69,717211.5,824121.9,67726338.0,72848667.0,-5.51,322,-6.34,243,-22.01,353,9.38,249,-6.32,-2.76,2026-11-10,False,https://www.tradingview.com/chart/?symbol=NASDAQ:MRCY&interval=D,False,False,False,False
NG,Novagold Resources Inc.,AMEX,Precious Metals,7.13,8.01,7.37,5.27,6.3,6510250.6,5662247.5,40371825.0,45369702.0,-4.68,299,-25.34,427,14.81,141,-8.47,314,-6.33,-0.52,2026-10-08,False,https://www.tradingview.com/chart/?symbol=AMEX:NG&interval=D,False,False,False,False
VRT,"Vertiv Holdings, LLC",NYSE,Electronic Production Equipment,253.28,259.36,265.95,4.34,5.01,5517029.6,5025363.933333334,1272824177.0,1303396816.0,2.88,122,-1.3,196,-19.34,338,1.33,272,-6.44,-0.95,2026-10-28,False,https://www.tradingview.com/chart/?symbol=NYSE:VRT&interval=D,False,False,False,False
CPRI,Capri Holdings Limited,NYSE,Apparel/Footwear Retail,15.1,13.98,14.72,4.9,4.85,7326022.2,5445676.533333333,82229716.0,76148710.0,0.87,164,12.52,81,-19.55,340,-13.52,330,-6.85,0.53,2026-11-05,False,https://www.tradingview.com/chart/?symbol=NYSE:CPRI&interval=D,False,False,False,False
DPC,DPC Holdings PLC,NYSE,Electrical Products,41.03,43.18,45.56,6.25,6.75,1018075.3,1118456.3666666667,45890265.0,48293827.0,-0.8,199,-7.8,266,-6.2,248,-6.75,302,-6.91,-1.47,2026-12-02,False,https://www.tradingview.com/chart/?symbol=NYSE:DPC&interval=D,False,False,False,False
ONDS,Ondas Inc,NASDAQ,Telecommunications Equipment,7.64,7.86,8.0,4.65,5.77,72328950.6,65564725.5,500914503.0,515284105.0,1.73,147,-5.68,235,1.66,203,-18.29,348,-7.43,-0.78,2026-11-16,False,https://www.tradingview.com/chart/?symbol=NASDAQ:ONDS&interval=D,False,False,False,False
ASND,Ascendis Pharma A/S,NASDAQ,Pharmaceuticals: Major,225.6,251.19,251.33,4.55,4.35,1147280.7,730818.7,164872699.0,183571548.0,-5.27,315,-10.77,301,-13.83,304,2.23,269,-7.46,-2.35,2026-11-11,False,https://www.tradingview.com/chart/?symbol=NASDAQ:ASND&interval=D,False,False,False,False
RIG,Transocean Ltd (Switzerland),NYSE,Contract Drilling,5.38,5.74,5.56,4.3,4.24,46975671.2,41712176.43333333,224411509.0,239233236.0,-5.7,327,-5.28,231,4.47,192,-21.57,369,-7.46,-0.76,2026-11-04,False,https://www.tradingview.com/chart/?symbol=NYSE:RIG&interval=D,False,False,False,False
COCO,"The Vita Coco Company, Inc.",NASDAQ,Food: Specialty/Candy,58.59,58.93,62.32,4.32,4.45,1761604.1,1274845.9666666666,74693225.0,75121786.0,4.53,98,-8.01,270,-29.85,396,14.3,239,-7.85,-1.34,2026-11-04,False,https://www.tradingview.com/chart/?symbol=NASDAQ:COCO&interval=D,False,False,False,False
VRDN,"Viridian Therapeutics, Inc.",NASDAQ,Pharmaceuticals: Major,20.47,22.77,21.85,4.64,4.43,2119572.0,1516770.3666666667,31048289.0,34534333.0,-6.91,348,-15.27,348,17.71,132,-26.53,383,-8.03,-1.43,2026-11-16,False,https://www.tradingview.com/chart/?symbol=NASDAQ:VRDN&interval=D,False,False,False,False
CORZ,"Core Scientific, Inc.",NASDAQ,Packaged Software,17.34,17.79,19.26,5.59,6.46,11614928.4,11269692.3,195416464.0,200506609.0,-2.42,248,-2.42,202,-34.28,416,11.15,246,-8.51,-1.54,2026-11-11,False,https://www.tradingview.com/chart/?symbol=NASDAQ:CORZ&interval=D,False,False,False,False
AIR,AAR Corp.,NYSE,Aerospace & Defense,116.11,127.85,132.7,4.12,4.35,515843.8,424207.0333333333,49254679.0,54233597.0,3.91,107,-15.65,352,-15.67,317,5.62,260,-8.57,-2.88,2026-09-29,True,https://www.tradingview.com/chart/?symbol=NYSE:AIR&interval=D,False,False,False,False
GPK,Graphic Packaging Holding Company,NYSE,Containers/Packaging,9.38,10.44,10.82,4.11,4.41,7468990.2,5784111.733333333,54254968.0,60388055.0,-4.29,294,-17.94,370,-13.23,298,2.51,268,-9.55,-3.03,2026-11-03,False,https://www.tradingview.com/chart/?symbol=NYSE:GPK&interval=D,False,False,False,False
ERAS,"Erasca, Inc.",NASDAQ,Pharmaceuticals: Major,14.25,16.6,17.39,7.45,7.68,5220607.0,4290214.933333334,61135563.0,71232584.0,-7.53,366,-18.9,378,-4.49,239,-5.75,296,-9.71,-2.35,2026-11-11,False,https://www.tradingview.com/chart/?symbol=NASDAQ:ERAS&interval=D,False,False,False,False
VSEC,VSE Corporation,NASDAQ,Engineering & Construction,180.77,202.86,205.21,4.42,4.96,468266.8,354284.36666666664,64043985.0,71868473.0,3.42,115,-18.06,371,-17.99,327,5.66,259,-10.13,-2.4,2026-10-28,False,https://www.tradingview.com/chart/?symbol=NASDAQ:VSEC&interval=D,False,False,False,False
BTU,Peabody Energy Corporation,NYSE,Coal,25.44,27.43,25.68,4.52,5.02,3087070.4,2448823.966666667,62298082.0,67171241.0,-5.6,325,-6.19,240,8.95,167,-33.42,406,-10.22,-0.18,2026-10-29,False,https://www.tradingview.com/chart/?symbol=NYSE:BTU&interval=D,False,False,False,False
MOD,Modine Manufacturing Company,NYSE,Industrial Machinery,198.07,190.09,198.64,4.27,5.19,1239667.1,1263679.4333333333,250296985.0,240209875.0,6.29,86,4.71,142,-28.01,383,-7.54,307,-10.28,-0.06,2026-11-03,False,https://www.tradingview.com/chart/?symbol=NYSE:MOD&interval=D,False,False,False,False
AESI,Atlas Energy Solutions Inc.,NYSE,Oilfield Services/Equipment,12.47,12.93,12.51,6.02,7.06,3982899.4,3367461.033333333,41992239.0,43548006.0,-7.77,372,4.7,143,-23.92,361,-11.81,326,-10.34,-0.04,2026-11-02,False,https://www.tradingview.com/chart/?symbol=NYSE:AESI&interval=D,False,False,False,False
AAOI,"Applied Optoelectronics, Inc.",NASDAQ,Semiconductors,101.4,110.84,111.7,5.97,8.07,7124791.7,8097053.8,821041255.0,897469346.0,0.33,177,-8.31,273,-23.0,356,0.2,275,-10.37,-1.14,2026-11-05,False,https://www.tradingview.com/chart/?symbol=NASDAQ:AAOI&interval=D,False,False,False,False
MIRM,"Mirum Pharmaceuticals, Inc.",NASDAQ,Pharmaceuticals: Major,89.7,97.08,101.27,4.43,4.27,880848.0,614145.9333333333,55088890.0,59619854.0,-9.17,392,-8.42,275,-23.01,357,0.31,274,-10.37,-2.68,2026-11-17,False,https://www.tradingview.com/chart/?symbol=NASDAQ:MIRM&interval=D,False,False,False,False
EQPT,EquipmentShare.com Inc,NASDAQ,Internet Software/Services,17.35,18.37,18.68,5.99,6.48,4503006.6,3012874.966666667,52273381.0,55354547.0,-5.45,320,-6.06,238,-11.52,289,-13.81,333,-10.47,-1.1,2026-12-02,False,https://www.tradingview.com/chart/?symbol=NASDAQ:EQPT&interval=D,False,False,False,False
ASTS,"AST SpaceMobile, Inc.",NASDAQ,Specialty Telecommunications,61.81,62.36,62.79,5.9,6.65,9698184.2,9514508.466666667,588091768.0,593327919.0,-1.68,222,1.44,172,-4.43,237,-30.89,398,-11.3,-0.24,2026-11-16,False,https://www.tradingview.com/chart/?symbol=NASDAQ:ASTS&interval=D,False,False,False,False
MIAX,"Miami International Holdings, Inc.",NYSE,Investment Banks/Brokers,34.9,40.97,42.24,4.54,4.74,1925395.2,1482702.4666666666,51746316.0,60742366.0,-7.28,360,-20.9,400,-4.64,240,-8.37,313,-11.31,-3.66,2026-11-11,False,https://www.tradingview.com/chart/?symbol=NYSE:MIAX&interval=D,False,False,False,False
AMR,"Alpha Metallurgical Resources, Inc.",NYSE,Coal,174.43,201.63,179.47,5.42,6.15,351094.9,359473.6666666667,62702992.0,72481155.0,-1.64,220,-19.68,389,4.52,191,-19.13,354,-11.43,-0.46,2026-10-30,False,https://www.tradingview.com/chart/?symbol=NYSE:AMR&interval=D,False,False,False,False
MP,MP Materials Corp.,NYSE,Other Metals/Minerals,48.83,53.81,50.92,4.41,5.45,5002247.8,5393428.833333333,263361130.0,290218608.0,-2.32,242,-19.29,385,-9.76,276,-5.33,294,-11.46,-0.75,2026-10-29,False,https://www.tradingview.com/chart/?symbol=NYSE:MP&interval=D,False,False,False,False
LAZ,"Lazard, Inc.",NYSE,Investment Banks/Brokers,36.72,41.3,42.06,5.16,4.8,2557295.7,1615149.3666666667,59308285.0,66713206.0,1.83,141,-15.64,351,-9.06,272,-9.93,319,-11.55,-2.65,2026-10-22,False,https://www.tradingview.com/chart/?symbol=NYSE:LAZ&interval=D,False,False,False,False
NXST,"Nexstar Media Group, Inc.",NASDAQ,Broadcasting,162.1,175.05,180.39,4.36,4.07,436814.8,372231.8333333333,60338780.0,65160175.0,0.33,176,-14.56,343,4.9,189,-25.56,380,-11.74,-2.49,2026-11-05,False,https://www.tradingview.com/chart/?symbol=NASDAQ:NXST&interval=D,False,False,False,False
WULF,TeraWulf Inc.,NASDAQ,Data Processing Services,15.74,16.17,16.85,6.32,7.32,29811003.0,29653736.233333334,466749808.0,479402069.0,-6.03,335,-2.24,201,-37.54,425,3.96,265,-11.94,-0.9,2026-11-16,False,https://www.tradingview.com/chart/?symbol=NASDAQ:WULF&interval=D,False,False,False,False
AXON,"Axon Enterprise, Inc.",NASDAQ,Aerospace & Defense,430.11,529.78,538.39,4.62,5.81,1289736.2,921707.2333333333,396435498.0,488299293.0,-5.6,324,-29.37,441,-3.35,233,-3.35,286,-12.03,-3.46,2026-11-10,False,https://www.tradingview.com/chart/?symbol=NASDAQ:AXON&interval=D,False,False,False,False
GRAB,Grab Holdings Limited,NASDAQ,Air Freight/Couriers,3.13,3.29,3.39,4.26,4.4,89001867.1,58218729.7,182224624.0,191665761.0,12.19,41,-12.81,316,-8.61,268,-14.95,339,-12.12,-1.76,2026-11-17,False,https://www.tradingview.com/chart/?symbol=NASDAQ:GRAB&interval=D,False,False,False,False
ALGT,Allegiant Travel Company,NASDAQ,Airlines,79.09,78.87,86.18,4.13,4.72,530261.9,525880.8333333334,41591915.0,41475082.0,0.48,170,-4.74,222,-28.81,388,-3.55,289,-12.36,-1.74,2026-11-04,False,https://www.tradingview.com/chart/?symbol=NASDAQ:ALGT&interval=D,False,False,False,False
APLD,Applied Digital Corporation,NASDAQ,Data Processing Services,26.25,26.97,27.61,5.66,6.62,16762279.2,15623172.833333341,410108287.0,421341348.0,-2.67,254,-7.86,269,-33.29,410,3.14,267,-12.67,-0.75,2026-10-14,False,https://www.tradingview.com/chart/?symbol=NASDAQ:APLD&interval=D,False,False,False,False
RH,RH,NYSE,Specialty Stores,124.17,142.94,157.78,5.38,5.78,819802.1,801544.3333333334,99527760.0,114575152.0,-1.84,225,-13.17,323,-20.57,345,-4.48,293,-12.74,-3.68,2026-12-03,False,https://www.tradingview.com/chart/?symbol=NYSE:RH&interval=D,False,False,False,False
BBAI,"BigBear.ai, Inc.",NYSE,Packaged Software,2.8,2.97,2.97,4.12,4.71,15222081.9,15995224.966666667,44786630.0,47548472.0,-3.11,265,-8.5,278,-16.42,321,-13.85,336,-12.92,-1.22,2026-11-11,False,https://www.tradingview.com/chart/?symbol=NYSE:BBAI&interval=D,False,False,False,False
LUNR,"Intuitive Machines, Inc.",NASDAQ,Aerospace & Defense,15.61,15.91,15.22,6.09,6.77,8260435.1,7961983.166666667,124286557.0,126667190.0,4.77,94,-4.82,224,-15.94,318,-18.57,351,-13.11,0.38,2026-11-18,False,https://www.tradingview.com/chart/?symbol=NASDAQ:LUNR&interval=D,False,False,False,False
CIEN,Ciena Corporation,NYSE,Telecommunications Equipment,356.91,366.72,376.87,5.5,6.43,2778958.6,2480736.1333333333,885399533.0,909734728.0,0.29,179,-7.83,267,-23.46,359,-9.6,317,-13.63,-0.82,2026-12-10,False,https://www.tradingview.com/chart/?symbol=NYSE:CIEN&interval=D,False,False,False,False
BBWI,"Bath & Body Works, Inc.",NYSE,Specialty Stores,16.45,18.28,18.97,4.26,5.09,6933548.9,6988448.766666667,114959982.0,127737196.0,-3.91,285,-9.91,295,-24.75,366,-6.59,300,-13.75,-2.61,2026-11-18,False,https://www.tradingview.com/chart/?symbol=NYSE:BBWI&interval=D,False,False,False,False
AN,"AutoNation, Inc.",NYSE,Specialty Stores,166.98,194.66,201.03,4.74,4.45,758568.1,514708.4666666667,85946020.0,100193493.0,-4.04,289,-15.04,346,-12.8,294,-13.76,332,-13.87,-3.81,2026-10-22,False,https://www.tradingview.com/chart/?symbol=NYSE:AN&interval=D,False,False,False,False
CRI,"Carter's, Inc.",NYSE,Apparel/Footwear Retail,31.31,32.74,35.25,4.03,4.19,1641149.2,1491198.1666666667,46689415.0,48816857.0,6.57,81,-7.04,252,-26.78,374,-8.07,311,-13.96,-2.67,2026-10-23,False,https://www.tradingview.com/chart/?symbol=NYSE:CRI&interval=D,False,False,False,False
RKT,"Rocket Companies, Inc.",NYSE,Finance/Rental/Leasing,12.17,13.46,13.57,4.29,5.0,42946203.6,28977420.333333332,352655205.0,390084373.0,-2.52,251,-13.63,329,-17.38,326,-11.68,325,-14.23,-2.06,2026-10-29,False,https://www.tradingview.com/chart/?symbol=NYSE:RKT&interval=D,False,False,False,False
WEN,Wendy's Company (The),NASDAQ,Restaurants,6.55,7.85,7.76,4.02,4.85,6198009.4,6739503.466666667,44143748.0,52932060.0,-6.56,345,-27.62,437,-9.78,277,-5.76,297,-14.39,-3.23,2026-11-11,False,https://www.tradingview.com/chart/?symbol=NASDAQ:WEN&interval=D,False,False,False,False
NN,NextNav Inc.,NASDAQ,Packaged Software,14.38,15.86,15.28,6.24,6.79,2391583.3,2309796.6666666665,33214876.0,36629910.0,-2.71,256,-8.58,280,-12.85,295,-22.5,374,-14.64,-0.87,2026-11-05,False,https://www.tradingview.com/chart/?symbol=NASDAQ:NN&interval=D,False,False,False,False
PLUG,"Plug Power, Inc.",NASDAQ,Electronic Production Equipment,1.98,2.14,2.14,4.76,5.48,46800753.2,50558132.43333333,100105102.0,108413489.0,-7.04,352,-12.78,315,-20.8,346,-10.41,320,-14.66,-1.36,2026-11-10,False,https://www.tradingview.com/chart/?symbol=NASDAQ:PLUG&interval=D,False,False,False,False
INTU,Intuit Inc.,NASDAQ,Packaged Software,275.79,331.09,324.65,4.03,4.88,4001891.3,4004489.1666666665,1104398067.0,1325855662.0,-11.86,425,-14.74,344,5.94,184,-35.33,415,-14.71,-3.09,2026-12-01,False,https://www.tradingview.com/chart/?symbol=NASDAQ:INTU&interval=D,False,False,False,False
NNE,Nano Nuclear Energy Inc.,NASDAQ,Electrical Products,16.99,17.75,17.6,5.64,6.4,2151264.2,1798575.8333333333,30557803.0,31919325.0,0.41,173,-11.14,303,-15.26,315,-18.08,346,-14.83,-0.54,2026-12-17,False,https://www.tradingview.com/chart/?symbol=NASDAQ:NNE&interval=D,False,False,False,False
FSLR,"First Solar, Inc.",NASDAQ,Semiconductors,177.71,204.61,210.84,5.96,5.79,2684768.1,2181095.3,387602446.0,446279726.0,-12.07,426,-14.32,340,-26.37,373,-4.23,292,-14.97,-2.71,2026-10-29,False,https://www.tradingview.com/chart/?symbol=NASDAQ:FSLR&interval=D,False,False,False,False
PRAX,"Praxis Precision Medicines, Inc.",NASDAQ,Pharmaceuticals: Major,280.78,340.37,335.68,5.43,5.74,563003.9,400293.9000000004,112394521.0,136246167.0,-10.23,409,-23.79,419,-13.89,305,-7.24,304,-14.97,-2.85,2026-11-11,False,https://www.tradingview.com/chart/?symbol=NASDAQ:PRAX&interval=D,False,False,False,False
ALM,Almonty Industries Inc.,NASDAQ,Other Metals/Minerals,13.72,16.29,15.09,8.11,8.95,6578858.8,6733767.7,92387293.0,109712155.0,-4.19,291,-26.26,432,-14.73,311,-5.44,295,-15.48,-1.01,2026-11-17,False,https://www.tradingview.com/chart/?symbol=NASDAQ:ALM&interval=D,False,False,False,False
MWH,"SOLV Energy, Inc.",NASDAQ,Engineering & Construction,25.2,26.8,27.46,4.69,5.34,1216115.0,1603297.2666666666,40403091.0,42965695.0,-2.33,244,-9.58,293,-29.59,394,-7.83,308,-15.67,-1.54,2026-12-02,False,https://www.tradingview.com/chart/?symbol=NASDAQ:MWH&interval=D,False,False,False,False
LUMN,"Lumen Technologies, Inc.",NYSE,Major Telecommunications,5.71,6.39,6.39,5.71,5.93,13642220.2,12549489.266666668,71657584.0,80153588.0,-12.29,427,-2.56,204,-30.15,398,-14.52,337,-15.74,-1.79,2026-11-04,False,https://www.tradingview.com/chart/?symbol=NYSE:LUMN&interval=D,False,False,False,False
KGS,"Kodiak Gas Services, Inc.",NYSE,Oilfield Services/Equipment,52.91,59.7,60.09,4.41,4.9,2360412.0,1870542.3666666667,98970397.0,111678861.0,-9.37,397,-10.34,300,-27.95,382,-9.66,318,-15.99,-2.44,2026-11-11,False,https://www.tradingview.com/chart/?symbol=NYSE:KGS&interval=D,False,False,False,False
HYMC,Hycroft Mining Holding Corporation,NASDAQ,Precious Metals,21.48,23.31,22.93,5.88,7.47,2379090.7,2109890.5333333286,45320449.0,49189636.0,-2.89,259,-14.83,345,-3.16,231,-30.06,395,-16.01,-0.84,2026-11-03,False,https://www.tradingview.com/chart/?symbol=NASDAQ:HYMC&interval=D,False,False,False,False
CENX,Century Aluminum Company,NASDAQ,Aluminum,38.39,43.58,44.62,4.54,5.25,1657033.7,1726966.5333333334,66298245.0,75266670.0,-6.89,347,-13.14,322,-14.69,308,-20.68,363,-16.17,-2.66,2026-11-09,False,https://www.tradingview.com/chart/?symbol=NASDAQ:CENX&interval=D,False,False,False,False
ZG,"Zillow Group, Inc.",NASDAQ,Internet Software/Services,29.3,33.92,33.84,4.57,5.16,1058511.6,939567.0,27529313.0,31870896.0,-4.03,288,-20.53,397,0.41,210,-29.6,394,-16.57,-2.6,2026-11-04,False,https://www.tradingview.com/chart/?symbol=NASDAQ:ZG&interval=D,False,False,False,False
USAR,"USA Rare Earth, Inc.",NASDAQ,Metal Fabrication,15.18,17.27,16.87,4.89,6.82,13021743.1,13230537.133333333,200839554.0,228464915.0,-4.8,302,-22.25,408,-24.18,363,-3.62,290,-16.68,-1.47,2026-11-05,False,https://www.tradingview.com/chart/?symbol=NASDAQ:USAR&interval=D,False,False,False,False
NKTR,Nektar Therapeutics,NASDAQ,Pharmaceuticals: Major,57.06,70.3,70.87,6.23,6.2,1859877.7999999996,1030027.3666666667,58773362.0,72408864.0,-16.09,448,-23.11,415,-7.25,255,-19.69,359,-16.68,-3.14,2026-11-05,False,https://www.tradingview.com/chart/?symbol=NASDAQ:NKTR&interval=D,False,False,False,False
SMR,NuScale Power Corporation,NYSE,Electrical Products,8.42,9.21,9.07,7.64,7.77,39773305.3,37666429.9,317151340.0,346832487.0,-7.17,358,-14.52,341,-13.82,303,-21.75,370,-16.69,-0.92,2026-11-05,False,https://www.tradingview.com/chart/?symbol=NYSE:SMR&interval=D,False,False,False,False
STNE,StoneCo Ltd.,NASDAQ,Miscellaneous Commercial Services,9.3,9.69,10.18,4.05,4.22,4369459.2,6060242.766666667,56360258.0,58736883.0,-3.93,286,-4.91,225,-12.92,296,-32.61,404,-16.81,-2.06,2026-11-17,False,https://www.tradingview.com/chart/?symbol=NASDAQ:STNE&interval=D,False,False,False,False
TTAN,"ServiceTitan, Inc.",NASDAQ,Packaged Software,58.05,77.73,79.18,7.1,7.85,3974075.3,3200838.966666667,185808702.0,248811349.0,8.43,65,-34.93,451,-8.98,271,-6.58,299,-16.83,-3.4,2027-01-19,False,https://www.tradingview.com/chart/?symbol=NASDAQ:TTAN&interval=D,False,False,False,False
FOUR,"Shift4 Payments, Inc.",NYSE,Miscellaneous Commercial Services,38.45,43.41,45.74,6.04,6.48,2046158.3,1997004.6333333333,76784828.0,86690637.0,-7.01,349,-19.66,388,-11.1,285,-19.88,360,-16.88,-2.46,2026-11-11,False,https://www.tradingview.com/chart/?symbol=NYSE:FOUR&interval=D,False,False,False,False
FLUT,Flutter Entertainment plc,NYSE,Casinos/Gaming,83.23,96.64,98.51,4.96,5.3,3234676.9,2645851.8,220214245.0,255683653.0,-9.53,400,-17.89,369,-13.71,302,-19.09,353,-16.9,-2.93,2026-11-18,False,https://www.tradingview.com/chart/?symbol=NYSE:FLUT&interval=D,False,False,False,False
APP,Applovin Corporation,NASDAQ,Packaged Software,310.75,315.31,343.42,4.74,5.25,5393867.8,4834770.9,1502405057.0,1524474175.0,-3.91,284,0.48,181,-30.37,401,-20.85,365,-16.91,-1.81,2026-11-11,False,https://www.tradingview.com/chart/?symbol=NASDAQ:APP&interval=D,False,False,False,False
BKV,BKV Corporation,NYSE,Integrated Oil,21.81,24.51,24.69,4.64,4.78,1637702.7,2017499.2333333334,44001658.0,49442181.0,-4.84,304,-9.39,291,-15.3,316,-26.98,386,-17.22,-2.44,2026-11-17,False,https://www.tradingview.com/chart/?symbol=NYSE:BKV&interval=D,False,False,False,False
UPST,"Upstart Holdings, Inc.",NASDAQ,Finance/Rental/Leasing,23.81,27.48,28.05,4.23,5.29,4653140.7,4296434.133333334,102298097.0,118058849.0,-4.49,295,-22.06,406,-26.33,371,-4.11,291,-17.5,-2.86,2026-11-10,False,https://www.tradingview.com/chart/?symbol=NASDAQ:UPST&interval=D,False,False,False,False
KTOS,"Kratos Defense & Security Solutions, Inc.",NASDAQ,Aerospace & Defense,45.62,51.1,51.6,4.82,5.42,4127086.4,3563699.566666667,162575974.0,182105048.0,-5.33,317,-12.94,319,-0.91,219,-39.06,424,-17.64,-2.14,2026-10-29,False,https://www.tradingview.com/chart/?symbol=NASDAQ:KTOS&interval=D,False,False,False,False
TPL,Texas Pacific Land Corporation,NYSE,Investment Trusts/Mutual Funds,341.07,363.83,373.82,4.35,4.43,500872.29999999964,392296.2999999999,133800499.0,142729032.0,-1.89,228,-7.71,264,-10.43,280,-34.79,412,-17.65,-1.98,2026-11-04,False,https://www.tradingview.com/chart/?symbol=NYSE:TPL&interval=D,False,False,False,False
EROC,"ERock, Inc.",NYSE,Electrical Products,12.6,12.96,12.3,8.11,9.0,2989784.8,2752801.433333333,34685298.0,35673554.0,-3.08,264,-3.08,210,-13.34,300,-37.31,420,-17.91,0.27,2026-12-02,False,https://www.tradingview.com/chart/?symbol=NYSE:EROC&interval=D,False,False,False,False
IBP,"Installed Building Products, Inc.",NYSE,Engineering & Construction,200.23,224.37,227.93,4.84,4.85,527904.6,386532.2,77395342.0,86724684.0,1.75,145,-19.04,382,-11.34,287,-23.86,376,-18.08,-2.51,2026-11-11,False,https://www.tradingview.com/chart/?symbol=NYSE:IBP&interval=D,False,False,False,False
LGN,Legence Corp.,NASDAQ,Engineering & Construction,52.52,56.22,60.08,4.73,5.52,861718.5,892076.9333333333,46851881.0,50148105.0,-4.53,296,-8.1,271,-35.16,419,-11.0,323,-18.09,-2.28,2026-11-13,False,https://www.tradingview.com/chart/?symbol=NASDAQ:LGN&interval=D,False,False,False,False
CRK,"Comstock Resources, Inc.",NYSE,Oil & Gas Production,13.12,14.17,13.85,4.98,5.16,2775089.8,2726185.933333333,35767559.0,38633690.0,0.31,178,-6.88,249,-5.07,242,-42.33,431,-18.09,-1.02,2026-11-03,False,https://www.tradingview.com/chart/?symbol=NYSE:CRK&interval=D,False,False,False,False
FDXF,"FedEx Freight Holding Company, Inc.",NYSE,Trucking,113.18,128.58,135.72,4.17,4.64,2195279.6,1553326.1666666667,175805456.0,199725643.0,-7.38,365,-11.59,307,-27.15,376,-16.16,343,-18.3,-3.58,2026-12-02,False,https://www.tradingview.com/chart/?symbol=NYSE:FDXF&interval=D,False,False,False,False
Z,"Zillow Group, Inc.",NASDAQ,Internet Software/Services,28.43,33.18,33.3,4.63,5.22,4410546.1,3658565.0,104013003.0,121383870.0,-5.12,312,-21.25,403,-3.37,234,-31.15,401,-18.59,-2.8,2026-11-04,False,https://www.tradingview.com/chart/?symbol=NASDAQ:Z&interval=D,False,False,False,False
ACAD,ACADIA Pharmaceuticals Inc.,NASDAQ,Pharmaceuticals: Major,20.68,27.86,27.45,4.77,5.32,2518954.1,1759390.6666666667,36384199.0,49023368.0,-24.44,457,-31.88,447,-21.61,349,-2.68,283,-18.72,-4.64,2026-11-11,False,https://www.tradingview.com/chart/?symbol=NASDAQ:ACAD&interval=D,False,False,False,False
SHAK,"Shake Shack, Inc.",NYSE,Restaurants,55.55,66.01,65.42,5.07,4.98,1490089.5,1200967.2666666666,66713732.0,79280653.0,-0.36,195,-24.7,422,2.11,201,-34.05,410,-18.88,-3.03,2026-10-29,False,https://www.tradingview.com/chart/?symbol=NYSE:SHAK&interval=D,False,False,False,False
CHWY,"Chewy, Inc.",NYSE,Internet Retail,18.27,22.09,22.23,5.39,5.39,11407936.5,9182777.733333332,167769349.0,202887352.0,-12.5,432,-25.43,428,0.27,211,-31.68,402,-18.94,-3.3,2026-12-03,False,https://www.tradingview.com/chart/?symbol=NYSE:CHWY&interval=D,False,False,False,False
TNDM,"Tandem Diabetes Care, Inc.",NASDAQ,Medical Specialties,15.72,19.69,19.61,7.36,7.52,2603743.1,1847662.4,29045253.0,36386939.0,-8.23,380,-25.99,431,0.19,212,-31.11,399,-18.97,-2.64,2026-11-04,False,https://www.tradingview.com/chart/?symbol=NASDAQ:TNDM&interval=D,False,False,False,False
LEU,Centrus Energy Corp.,NYSE,Other Metals/Minerals,147.07,168.21,171.69,5.99,6.83,809853.4,697937.533333332,102645673.0,117401236.0,-2.41,247,-23.85,420,-11.73,290,-22.19,372,-19.25,-2.1,2026-11-11,False,https://www.tradingview.com/chart/?symbol=NYSE:LEU&interval=D,False,False,False,False
ALKT,"Alkami Technology, Inc.",NASDAQ,Packaged Software,13.8,19.16,18.89,7.21,7.5,2606541.3,1792829.2666666666,24741044.0,34358378.0,-26.32,460,-30.2,446,-14.18,306,-13.64,331,-19.34,-3.59,2026-10-29,False,https://www.tradingview.com/chart/?symbol=NASDAQ:ALKT&interval=D,False,False,False,False
GT,The Goodyear Tire & Rubber Company,NASDAQ,Automotive Aftermarket,5.12,5.74,6.2,4.6,5.06,11004663.5,9045878.5,46360127.0,51912789.0,-0.19,189,-16.85,358,-19.29,337,-21.99,371,-19.38,-3.43,2026-11-09,False,https://www.tradingview.com/chart/?symbol=NASDAQ:GT&interval=D,False,False,False,False
LPTH,"LightPath Technologies, Inc.",NASDAQ,Electronic Components,9.98,11.21,11.39,6.02,7.96,2901562.1,3443745.6333333333,34368581.0,38597501.0,-1.92,229,-27.63,438,-23.82,360,-7.42,305,-19.62,-1.56,2026-11-05,False,https://www.tradingview.com/chart/?symbol=NASDAQ:LPTH&interval=D,False,False,False,False
QNT,Quantinuum Inc.,NASDAQ,Computer Processing Hardware,49.53,52.28,53.96,6.65,7.27,2251691.2,1730370.5,85705251.0,90460597.0,-9.2,393,-5.76,236,-26.35,372,-27.16,388,-19.76,-1.13,2026-12-02,False,https://www.tradingview.com/chart/?symbol=NASDAQ:QNT&interval=D,False,False,False,False
EYE,"National Vision Holdings, Inc.",NASDAQ,Specialty Stores,16.53,17.37,18.94,4.61,4.88,2703977.7,2277694.8333333335,37650296.0,39574568.0,-1.72,223,-11.84,309,-8.37,264,-39.85,426,-20.02,-2.61,2026-11-11,False,https://www.tradingview.com/chart/?symbol=NASDAQ:EYE&interval=D,False,False,False,False
ENPH,"Enphase Energy, Inc.",NASDAQ,Electrical Products,32.4,36.62,37.71,5.74,5.61,4733002.3,4280599.2,138691414.0,156739134.0,-10.24,410,-13.25,324,-29.84,395,-17.66,345,-20.25,-2.51,2026-10-27,False,https://www.tradingview.com/chart/?symbol=NASDAQ:ENPH&interval=D,False,False,False,False
CELC,Celcuity Inc.,NASDAQ,Medical Specialties,79.52,88.6,88.52,4.61,5.02,922008.8,833170.8,66253742.0,73818100.0,-6.33,342,-13.92,332,-17.36,325,-29.57,393,-20.28,-2.03,2026-11-18,False,https://www.tradingview.com/chart/?symbol=NASDAQ:CELC&interval=D,False,False,False,False
LBRT,Liberty Energy Inc.,NYSE,Oilfield Services/Equipment,18.94,19.77,20.0,4.97,5.22,3944295.5,3515894.2,66591036.0,69502197.0,-1.07,207,4.12,150,-30.01,397,-36.34,419,-20.74,-1.01,2026-10-21,False,https://www.tradingview.com/chart/?symbol=NYSE:LBRT&interval=D,False,False,False,False
DNN,Denison Mines Corp,AMEX,Other Metals/Minerals,2.65,3.17,3.11,5.23,5.82,24270852.9,26208967.533333335,69453764.0,83178527.0,-9.56,401,-29.14,440,-13.11,297,-20.9,367,-21.05,-2.53,2026-11-03,False,https://www.tradingview.com/chart/?symbol=AMEX:DNN&interval=D,False,False,False,False
NXT,Nextpower Inc.,NASDAQ,Electronic Equipment/Instruments,80.85,85.0,91.07,4.66,5.12,2268802.7,2099976.8333333335,169783127.0,178493131.0,-2.79,257,-5.24,229,-27.16,377,-31.13,400,-21.18,-2.19,2026-10-22,False,https://www.tradingview.com/chart/?symbol=NASDAQ:NXT&interval=D,False,False,False,False
FICO,Fair Isaac Corporation,NYSE,Financial Publishing/Services,863.09,1035.24,1084.46,4.36,5.21,403851.7,368909.76666666666,318402331.0,381910762.0,-10.57,418,-22.94,414,-24.98,367,-15.67,341,-21.2,-3.92,2026-11-11,False,https://www.tradingview.com/chart/?symbol=NYSE:FICO&interval=D,False,False,False,False
JOBY,"Joby Aviation, Inc.",NYSE,Aerospace & Defense,6.32,6.82,7.16,4.07,4.7,24045459.1,24762565.233333334,156499412.0,168756882.0,0.0,184,-11.98,310,-27.85,381,-24.4,378,-21.41,-2.5,2026-11-11,False,https://www.tradingview.com/chart/?symbol=NYSE:JOBY&interval=D,False,False,False,False
RSI,"Rush Street Interactive, Inc.",NYSE,Casinos/Gaming,19.87,25.04,26.48,6.36,6.34,4696906.2,2989903.3333333335,59409379.0,74879139.0,-21.06,451,-23.58,418,-34.18,413,-6.6,301,-21.45,-3.94,2026-11-04,False,https://www.tradingview.com/chart/?symbol=NYSE:RSI&interval=D,False,False,False,False
ENOV,Enovis Corporation,NYSE,Medical Specialties,18.46,21.43,23.89,5.68,6.23,2100024.0999999996,1676519.8333333335,30948556.0,35932850.0,4.29,103,-27.04,433,-16.66,322,-20.77,364,-21.49,-3.65,2026-11-11,False,https://www.tradingview.com/chart/?symbol=NYSE:ENOV&interval=D,False,False,False,False
UAA,"Under Armour, Inc.",NYSE,Apparel/Footwear,4.43,5.03,5.67,4.44,4.72,10477352.0,8419069.2,37296477.0,42333886.0,-10.51,414,-14.31,339,-27.02,375,-24.14,377,-21.83,-4.63,2026-11-05,False,https://www.tradingview.com/chart/?symbol=NYSE:UAA&interval=D,False,False,False,False
OKLO,Oklo Inc.,NYSE,Industrial Machinery,38.04,40.25,41.25,5.7,6.69,9926881.9,9800692.5,372818343.0,394474606.0,-4.66,298,-15.45,349,-23.92,362,-26.16,382,-21.84,-1.16,2026-11-18,False,https://www.tradingview.com/chart/?symbol=NYSE:OKLO&interval=D,False,False,False,False
UEC,Uranium Energy Corp.,AMEX,Other Metals/Minerals,9.41,11.23,10.81,5.49,6.25,9240831.4,8676487.333333334,81645746.0,97454306.0,-8.82,388,-29.93,445,-9.08,273,-26.54,384,-21.85,-2.07,2026-09-29,True,https://www.tradingview.com/chart/?symbol=AMEX:UEC&interval=D,False,False,False,False
AMPX,"Amprius Technologies, Inc.",NYSE,Electrical Products,9.75,9.98,10.2,4.78,5.62,4549820.2,4640655.466666667,45246391.0,46327664.0,0.52,168,-3.85,215,-19.49,339,-42.92,432,-22.08,-0.79,2026-11-05,False,https://www.tradingview.com/chart/?symbol=NYSE:AMPX&interval=D,False,False,False,False
MAIR,Madison Air Solutions Corporation,NYSE,Industrial Machinery,25.16,25.9,28.51,4.2,5.14,2578681.7,2953320.3666666667,74305540.0,76493951.0,6.29,85,-8.81,283,-36.69,422,-21.38,368,-22.29,-2.28,2026-12-02,False,https://www.tradingview.com/chart/?symbol=NYSE:MAIR&interval=D,False,False,False,False
FMC,FMC Corporation,NYSE,Chemicals: Agricultural,9.58,11.11,11.01,6.14,6.21,4241538.2,3336194.533333333,31960744.0,37052889.0,-4.96,308,-14.31,338,-14.69,309,-38.11,421,-22.37,-2.09,2026-10-29,False,https://www.tradingview.com/chart/?symbol=NYSE:FMC&interval=D,False,False,False,False
LMND,"Lemonade, Inc.",NYSE,Multi-Line Insurance,44.93,50.5,52.9,4.66,5.05,1190175.6,1017138.9,45700051.0,51363819.0,-8.02,376,-17.35,365,-19.19,335,-30.88,397,-22.47,-2.98,2026-11-10,False,https://www.tradingview.com/chart/?symbol=NYSE:LMND&interval=D,False,False,False,False
QS,QuantumScape Corporation,NASDAQ,Electrical Products,4.91,5.45,5.52,4.46,5.11,11714949.5,13627833.866666667,66912664.0,74264881.0,-6.3,341,-15.64,350,-29.35,392,-23.04,375,-22.68,-2.17,2026-10-28,False,https://www.tradingview.com/chart/?symbol=NASDAQ:QS&interval=D,False,False,False,False
HUBG,"Hub Group, Inc.",NASDAQ,Air Freight/Couriers,30.34,36.43,40.65,5.12,5.28,1471267.8,1242977.4333333333,37711935.0,45276696.0,-7.89,374,-22.68,413,-31.12,404,-14.85,338,-22.88,-4.81,2026-10-22,False,https://www.tradingview.com/chart/?symbol=NASDAQ:HUBG&interval=D,False,False,False,False
SEDG,"SolarEdge Technologies, Inc.",NASDAQ,Electrical Products,32.68,33.36,36.31,8.49,7.95,2836176.3,3096952.466666667,101208407.0,103298850.0,-10.56,417,1.55,170,-36.52,421,-33.95,409,-22.97,-1.26,2026-11-11,False,https://www.tradingview.com/chart/?symbol=NASDAQ:SEDG&interval=D,False,False,False,False
TRIP,"TripAdvisor, Inc.",NASDAQ,Other Consumer Services,8.41,9.39,10.9,4.61,5.19,4586347.7,3954645.1333333333,33258566.0,37123572.0,-5.51,321,-17.27,364,-34.19,414,-19.29,356,-23.58,-4.4,2026-11-09,False,https://www.tradingview.com/chart/?symbol=NASDAQ:TRIP&interval=D,False,False,False,False
BOOT,"Boot Barn Holdings, Inc.",NYSE,Apparel/Footwear Retail,123.3,145.66,150.09,4.52,4.79,855149.9,660430.8333333334,81431122.0,96196374.0,-0.15,188,-23.17,416,-29.0,391,-19.26,355,-23.81,-3.73,2026-11-04,False,https://www.tradingview.com/chart/?symbol=NYSE:BOOT&interval=D,False,False,False,False
SFM,"Sprouts Farmers Market, Inc.",NASDAQ,Food Retail,62.49,76.33,78.33,4.71,5.02,2112802.0,1814665.1666666667,113398426.0,138508553.0,-10.24,411,-27.61,436,-25.17,368,-18.93,352,-23.9,-4.03,2026-11-04,False,https://www.tradingview.com/chart/?symbol=NASDAQ:SFM&interval=D,False,False,False,False
NAMS,NewAmsterdam Pharma Company N.V.,NASDAQ,Pharmaceuticals: Major,22.58,24.76,26.38,6.78,5.92,2006285.1,1521588.1333333333,34357460.0,37674015.0,4.44,100,-17.05,361,-28.45,386,-27.07,387,-24.19,-2.43,2026-11-11,False,https://www.tradingview.com/chart/?symbol=NASDAQ:NAMS&interval=D,False,False,False,False
BIAF,"bioAffinity Technologies, Inc.",NASDAQ,Medical Specialties,7.93,7.56,8.09,20.46,25.57,3900380.4999999986,6589966.424444444,52258434.0,49792139.0,-25.61,459,52.79,9,-37.5,424,-87.98,459,-24.23,-0.08,2026-11-18,False,https://www.tradingview.com/chart/?symbol=NASDAQ:BIAF&interval=D,False,True,False,False
FTAI,FTAI Aviation Ltd.,NASDAQ,Aerospace & Defense,175.06,194.13,202.32,4.22,5.31,1493585.6000000015,1310296.8333333351,229380564.0,254370545.0,-10.48,412,-13.04,320,-33.18,409,-26.61,385,-24.28,-2.54,2026-11-03,False,https://www.tradingview.com/chart/?symbol=NASDAQ:FTAI&interval=D,False,False,False,False
TTD,"The Trade Desk, Inc.",NASDAQ,Packaged Software,12.6,13.76,15.11,4.3,5.03,33642895.099999994,22718544.266666673,286253658.0,312705616.0,-12.68,434,-4.11,217,-27.59,380,-41.69,430,-24.46,-3.3,2026-11-05,False,https://www.tradingview.com/chart/?symbol=NASDAQ:TTD&interval=D,False,False,False,False
GIL,"Gildan Activewear, Inc.",NYSE,Apparel/Footwear,40.98,50.69,52.27,4.29,4.64,2176290.2,1361654.6666666667,55800608.0,69016375.0,-11.11,423,-25.21,424,-22.9,355,-25.83,381,-24.64,-4.66,2026-10-29,False,https://www.tradingview.com/chart/?symbol=NYSE:GIL&interval=D,False,False,False,False
BLDR,"Builders FirstSource, Inc.",NYSE,Home Improvement Chains,59.17,64.13,67.32,4.06,4.54,5191246.8,3120562.6333333333,184643691.0,200137284.0,3.32,116,-15.12,347,-32.35,406,-27.28,389,-24.92,-2.66,2026-10-29,False,https://www.tradingview.com/chart/?symbol=NYSE:BLDR&interval=D,False,False,False,False
QXO,"QXO, Inc.",NYSE,Wholesale Distributors,12.43,12.95,13.55,4.18,4.77,21745225.4,16724612.0,207886927.0,216527977.0,7.53,72,-10.12,297,-29.38,393,-35.83,418,-25.11,-1.74,2026-11-17,False,https://www.tradingview.com/chart/?symbol=NYSE:QXO&interval=D,False,False,False,False
PUMP,ProPetro Holding Corp.,NYSE,Oilfield Services/Equipment,9.59,11.04,11.27,5.62,5.87,4518755.2,3483741.8,33409084.0,38444252.0,-8.49,385,-9.01,284,-33.45,411,-34.94,413,-25.8,-2.53,2026-11-04,False,https://www.tradingview.com/chart/?symbol=NYSE:PUMP&interval=D,False,False,False,False
CAR,"Avis Budget Group, Inc.",NASDAQ,Finance/Rental/Leasing,108.29,130.34,138.1,5.38,5.56,511207.0,385575.0,41753917.0,50257002.0,-5.82,329,-25.22,425,-34.23,415,-18.09,347,-25.85,-3.89,2026-11-02,False,https://www.tradingview.com/chart/?symbol=NASDAQ:CAR&interval=D,False,False,False,False
FTFT,Future FinTech Group Inc.,NASDAQ,Finance/Rental/Leasing,4.38,3.42,3.71,37.11,28.92,16389438.9,11031588.2,48318356.0,37764289.0,-22.48,454,58.28,7,-58.88,453,-77.65,456,-26.08,0.63,,False,https://www.tradingview.com/chart/?symbol=NASDAQ:FTFT&interval=D,False,True,False,False
WHR,Whirlpool Corporation,NYSE,Electronics/Appliances,31.71,37.08,38.22,4.32,5.01,3085586.0,2558020.5,81114830.0,94845431.0,-3.47,273,-22.51,411,-15.96,319,-40.34,428,-26.27,-3.4,2026-10-15,False,https://www.tradingview.com/chart/?symbol=NYSE:WHR&interval=D,False,False,False,False
PLNT,"Planet Fitness, Inc.",NYSE,Other Consumer Services,42.68,50.08,51.39,5.02,5.04,3336176.6,2223516.8666666667,94899700.0,111352984.0,-14.42,442,-17.83,368,-18.14,329,-43.15,433,-26.37,-3.36,2026-11-10,False,https://www.tradingview.com/chart/?symbol=NYSE:PLNT&interval=D,False,False,False,False
DY,"Dycom Industries, Inc.",NYSE,Engineering & Construction,271.52,320.29,356.79,4.06,5.1,663196.3,724676.4333333333,196764145.0,232105649.0,-5.71,328,-16.94,359,-44.69,434,-19.38,357,-27.01,-4.69,2026-11-24,False,https://www.tradingview.com/chart/?symbol=NYSE:DY&interval=D,False,False,False,False
UUUU,Energy Fuels Inc,AMEX,Other Metals/Minerals,11.35,13.7,13.23,4.92,6.21,7843980.5,6875352.666666667,78035253.0,94187748.0,-7.04,353,-29.55,443,-19.96,342,-34.73,411,-28.08,-2.29,2026-10-30,False,https://www.tradingview.com/chart/?symbol=AMEX:UUUU&interval=D,False,False,False,False
RUN,Sunrun Inc.,NASDAQ,Semiconductors,8.11,8.86,9.42,5.18,5.9,8265254.0,7461179.466666667,60510165.0,66077449.0,-6.78,346,-11.8,308,-39.52,429,-33.47,407,-28.26,-2.36,2026-11-04,False,https://www.tradingview.com/chart/?symbol=NASDAQ:RUN&interval=D,False,False,False,False
WING,Wingstop Inc.,NASDAQ,Restaurants,99.07,110.03,117.34,6.0,6.12,1510598.7,1242543.3666666667,123098771.0,136711248.0,-5.2,314,-11.98,311,-39.2,427,-35.35,416,-28.84,-2.54,2026-11-04,False,https://www.tradingview.com/chart/?symbol=NASDAQ:WING&interval=D,False,False,False,False
EOSE,"Eos Energy Enterprises, Inc.",NASDAQ,Electrical Products,3.16,3.71,3.77,9.47,10.37,29191275.3,26855774.633333333,84998527.0,99523025.0,-21.27,452,-9.44,292,-46.45,438,-32.4,403,-29.43,-1.55,2026-11-11,False,https://www.tradingview.com/chart/?symbol=NASDAQ:EOSE&interval=D,False,False,False,False
CHTR,"Charter Communications, Inc.",NASDAQ,Cable/Satellite TV,112.91,141.8,142.07,5.7,6.02,3370080.6,3086305.6,348474765.0,437647393.0,-13.96,438,-27.22,434,-13.39,301,-48.33,438,-29.65,-3.41,2026-10-30,False,https://www.tradingview.com/chart/?symbol=NASDAQ:CHTR&interval=D,False,False,False,False
MTZ,"MasTec, Inc.",NYSE,Engineering & Construction,212.85,242.01,265.9,5.05,5.75,1685968.7,1515849.7,322648609.0,366851291.0,1.1,161,-12.88,317,-46.13,437,-30.86,396,-29.96,-3.47,2026-10-29,False,https://www.tradingview.com/chart/?symbol=NYSE:MTZ&interval=D,False,False,False,False
XE,"X-Energy, Inc.",NASDAQ,Industrial Machinery,15.08,17.44,17.58,7.74,8.9,7124002.2,6610311.366666666,99683495.0,115292644.0,-7.37,364,-21.03,401,-16.27,320,-52.9,444,-30.07,-1.6,2026-12-02,False,https://www.tradingview.com/chart/?symbol=NASDAQ:XE&interval=D,False,False,False,False
STUB,"StubHub Holdings, Inc.",NYSE,Internet Software/Services,5.44,6.31,7.27,4.95,6.04,7618036.2,6759546.3,36771932.0,42684282.0,-15.0,444,-19.41,386,-52.74,447,-18.56,350,-30.24,-4.17,2026-11-12,False,https://www.tradingview.com/chart/?symbol=NYSE:STUB&interval=D,False,False,False,False
KNF,Knife Riv Holding Co.,NYSE,Construction Materials,54.58,60.52,65.8,4.02,4.57,1242179.2,972810.5,53095997.0,58873843.0,1.11,160,-17.53,366,-41.05,431,-35.12,414,-31.23,-3.73,2026-11-09,False,https://www.tradingview.com/chart/?symbol=NYSE:KNF&interval=D,False,False,False,False
UAMY,United States Antimony Corporation,NYSE,Other Metals/Minerals,4.5,5.02,5.29,4.84,6.95,4817966.4,6016094.733333333,27072426.0,30178737.0,-3.85,282,-12.62,314,-32.53,407,-48.63,439,-31.26,-2.14,2026-11-18,False,https://www.tradingview.com/chart/?symbol=NYSE:UAMY&interval=D,False,False,False,False
CAVA,"CAVA Group, Inc.",NYSE,Restaurants,51.58,61.06,62.49,4.33,5.11,4466117.3,3169518.966666667,163483788.0,193521320.0,-0.91,203,-25.25,426,-36.49,420,-33.63,408,-31.79,-3.42,2026-11-10,False,https://www.tradingview.com/chart/?symbol=NYSE:CAVA&interval=D,False,False,False,False
FRMI,Fermi Inc.,NASDAQ,Real Estate Development,4.52,5.29,5.75,6.96,8.19,19005593.2,16907295.7,76420977.0,89428323.0,-10.5,413,-24.03,421,-46.95,439,-24.67,379,-31.88,-2.62,2026-11-17,False,https://www.tradingview.com/chart/?symbol=NASDAQ:FRMI&interval=D,False,False,False,False
AGX,"Argan, Inc.",NYSE,Engineering & Construction,364.29,434.56,491.53,5.05,6.19,465127.1,410972.86666666664,149713306.0,178593739.0,-5.99,332,-18.94,380,-50.54,444,-27.95,392,-32.48,-4.18,2026-12-09,False,https://www.tradingview.com/chart/?symbol=NYSE:AGX&interval=D,False,False,False,False
INIO,INNIO N.V.,NASDAQ,Electrical Products,19.12,21.37,23.48,6.87,8.17,7296460.4,4834822.833333333,92441813.0,103316941.0,-8.08,377,-13.05,321,-49.15,441,-38.32,422,-33.51,-2.27,2026-12-02,False,https://www.tradingview.com/chart/?symbol=NASDAQ:INIO&interval=D,False,False,False,False
PL,Planet Labs PBC,NYSE,Packaged Software,17.43,19.19,20.4,5.1,6.22,10262804.8,10078607.9,175670136.0,193418564.0,1.93,136,-18.59,375,-33.55,412,-48.71,440,-33.61,-2.34,2026-12-14,False,https://www.tradingview.com/chart/?symbol=NYSE:PL&interval=D,False,False,False,False
LCID,"Lucid Group, Inc.",NASDAQ,Motor Vehicles,4.07,4.77,5.69,5.92,8.06,12285563.899999978,11464127.000000011,46658997.0,54662868.0,-4.57,297,-22.33,409,-20.04,343,-58.64,451,-33.67,-3.54,2026-11-10,False,https://www.tradingview.com/chart/?symbol=NASDAQ:LCID&interval=D,False,False,False,False
BRBR,"BellRing Brands, Inc.",NYSE,Beverages: Non-Alcoholic,7.91,9.79,10.83,5.58,6.52,3671318.6,3132012.6666666665,24774220.0,30671800.0,-12.31,428,-25.73,429,-30.31,400,-47.34,437,-34.46,-4.14,2026-11-23,False,https://www.tradingview.com/chart/?symbol=NYSE:BRBR&interval=D,False,False,False,False
RCAT,"Red Cat Holdings, Inc.",NASDAQ,Packaged Software,6.66,8.37,8.41,6.61,7.59,11664097.0,8477999.9,56463479.0,70967924.0,-7.24,359,-25.88,430,-25.42,369,-52.43,443,-34.57,-2.74,2026-11-12,False,https://www.tradingview.com/chart/?symbol=NASDAQ:RCAT&interval=D,False,False,False,False
UTI,Universal Technical Institute Inc,NYSE,Miscellaneous Commercial Services,20.3,21.75,27.3,4.89,6.45,2188234.0,1833377.1333333333,37217556.0,39878397.0,-2.82,258,-8.43,276,-49.52,443,-45.88,434,-34.61,-3.98,2026-11-25,False,https://www.tradingview.com/chart/?symbol=NYSE:UTI&interval=D,False,False,False,False
PZZA,"Papa John's International, Inc.",NASDAQ,Restaurants,19.55,22.13,24.89,4.31,4.45,1636414.6,1381306.5,27004542.0,30564169.0,-2.25,240,-18.95,381,-45.69,436,-39.85,425,-34.83,-4.81,2026-10-29,False,https://www.tradingview.com/chart/?symbol=NASDAQ:PZZA&interval=D,False,False,False,False
XENE,Xenon Pharmaceuticals Inc.,NASDAQ,Pharmaceuticals: Major,36.94,55.73,59.32,5.66,7.49,3661964.7,1658204.5,61254074.0,92410631.0,-16.08,447,-38.86,452,-35.16,418,-33.37,405,-35.8,-5.04,2026-11-11,False,https://www.tradingview.com/chart/?symbol=NASDAQ:XENE&interval=D,False,False,False,False
KRMN,Karman Holdings Inc.,NYSE,Aerospace & Defense,35.69,43.06,46.69,7.01,7.51,5060559.7,3443303.8333333335,122891514.0,148254890.0,-2.09,234,-27.59,435,-21.7,350,-58.51,450,-35.93,-3.14,2026-11-05,False,https://www.tradingview.com/chart/?symbol=NYSE:KRMN&interval=D,False,False,False,False
TE,T1 Energy Inc.,NYSE,Electrical Products,3.78,4.47,4.76,7.24,9.49,19837319.0,20233721.033333335,76483466.0,90491945.0,-13.5,435,-17.11,362,-54.13,449,-38.54,423,-36.59,-2.16,2026-11-11,False,https://www.tradingview.com/chart/?symbol=NYSE:TE&interval=D,False,False,False,False
YSS,York Space Systems Inc.,NYSE,Aerospace & Defense,9.57,9.1,11.38,7.34,8.67,5090645.2,3880581.2333333334,37137162.0,35331399.0,9.25,62,4.02,152,-59.77,455,-54.25,445,-36.67,-1.84,2026-12-02,False,https://www.tradingview.com/chart/?symbol=NYSE:YSS&interval=D,False,False,False,False
IONS,"Ionis Pharmaceuticals, Inc.",NASDAQ,Pharmaceuticals: Major,44.5,54.84,54.85,5.53,5.16,5713883.8,3738151.2333333334,166347730.0,205003952.0,-4.81,303,-29.92,444,-43.53,433,-39.86,427,-37.77,-3.65,2026-11-04,False,https://www.tradingview.com/chart/?symbol=NASDAQ:IONS&interval=D,False,False,False,False
OPEN,Opendoor Technologies Inc,NASDAQ,Real Estate Development,2.57,3.06,3.39,5.13,6.42,33810502.8,31665062.866666667,81379212.0,96863427.0,0.0,185,-28.11,439,-39.1,426,-46.57,435,-37.93,-3.75,2026-11-05,False,https://www.tradingview.com/chart/?symbol=NASDAQ:OPEN&interval=D,False,False,False,False
FRVO,Fervo Energy Company,NASDAQ,Alternative Power Generation,15.18,16.74,19.38,8.59,10.72,6107984.1,6824161.7,103590775.0,114227368.0,-9.96,404,-7.33,259,-51.42,446,-57.83,449,-38.86,-2.02,2026-12-02,False,https://www.tradingview.com/chart/?symbol=NASDAQ:FRVO&interval=D,False,False,False,False
HTZ,"Hertz Global Holdings, Inc",NASDAQ,Finance/Rental/Leasing,1.74,2.06,2.0,5.41,7.72,12928273.3,16374920.3,28492361.0,33732336.0,-5.43,319,-21.97,405,-34.34,417,-60.81,452,-39.04,-1.7,2026-10-22,False,https://www.tradingview.com/chart/?symbol=NASDAQ:HTZ&interval=D,False,False,False,False
RARE,Ultragenyx Pharmaceutical Inc.,NASDAQ,Pharmaceuticals: Major,14.5,19.82,22.52,5.65,8.91,6929343.2,5317706.133333334,77106739.0,105390732.0,-1.96,231,-45.38,455,-50.66,445,-27.5,390,-41.18,-4.0,2026-11-04,False,https://www.tradingview.com/chart/?symbol=NASDAQ:RARE&interval=D,False,False,False,False
BW,"Babcock & Wilcox Enterprises, Inc.",NYSE,Electronic Equipment/Instruments,6.27,7.61,8.41,7.23,9.66,5140006.0,4846438.466666667,30387169.0,36868473.0,-14.81,443,-19.41,387,-56.76,450,-55.85,447,-44.0,-2.64,2026-11-11,False,https://www.tradingview.com/chart/?symbol=NYSE:BW&interval=D,False,False,False,False
FLNC,"Fluence Energy, Inc.",NASDAQ,Electrical Products,7.85,10.04,11.52,6.33,8.87,11452577.7,7733390.266666667,60707114.0,77648394.0,4.18,104,-29.41,442,-58.51,452,-46.82,436,-44.91,-3.59,2026-11-30,False,https://www.tradingview.com/chart/?symbol=NASDAQ:FLNC&interval=D,False,False,False,False
CAPR,"Capricor Therapeutics, Inc.",NASDAQ,Pharmaceuticals: Major,8.36,8.58,9.04,7.0,10.3,2704980.8,8209648.7,68632663.0,70464783.0,-10.06,406,0.84,178,-69.26,457,-71.78,453,-46.73,-0.73,2026-11-17,False,https://www.tradingview.com/chart/?symbol=NASDAQ:CAPR&interval=D,False,False,False,False
SOC,Sable Offshore Corp.,NYSE,Integrated Oil,3.88,4.6,4.58,8.54,9.33,8632697.7,8840869.666666666,34302574.0,40682735.0,-10.8,422,-17.62,367,-48.27,440,-78.3,457,-48.06,-1.63,2026-11-12,False,https://www.tradingview.com/chart/?symbol=NYSE:SOC&interval=D,False,False,False,False
BENF,Beneficient,NASDAQ,Investment Managers,1.46,1.72,2.27,39.03,40.34,58600805.4,20028641.133333333,29241816.0,34528910.0,92.82,3,-34.23,450,-59.67,454,-55.49,446,-49.8,-0.89,2026-11-12,False,https://www.tradingview.com/chart/?symbol=NASDAQ:BENF&interval=D,True,False,False,False
ALHC,"Alignment Healthcare, Inc.",NASDAQ,Managed Health Care,8.21,11.88,13.84,10.36,9.9,17342740.2,8543247.233333332,70140060.0,101458180.0,-5.41,318,-39.59,453,-64.04,456,-51.1,442,-51.58,-4.11,2026-10-29,False,https://www.tradingview.com/chart/?symbol=NASDAQ:ALHC&interval=D,False,False,False,False
XNDU,Xanadu Quantum Technologies Limited,NASDAQ,Computer Processing Hardware,4.98,9.02,9.68,9.73,12.82,8799939.7,3935524.2,19598911.0,35480063.0,-35.32,462,-52.62,457,-57.8,451,-50.2,441,-53.54,-3.79,2026-12-02,False,https://www.tradingview.com/chart/?symbol=NASDAQ:XNDU&interval=D,False,False,False,False
LHSW,Lianhe Sowell International Group Ltd,NASDAQ,Computer Processing Hardware,0.72,2.13,2.32,67.79,69.48,47999990.4,17355885.133333333,12496237.0,36887331.0,44.0,8,-81.05,460,-53.25,448,-73.39,455,-69.23,-0.99,,False,https://www.tradingview.com/chart/?symbol=NASDAQ:LHSW&interval=D,True,False,False,False
TNON,"Tenon Medical, Inc.",NASDAQ,Medical/Nursing Services,3.13,4.85,5.5,36.15,35.2,2405355.5,11517023.533333333,36048284.0,55807657.0,-25.48,458,-44.8,454,-81.4,459,-87.82,458,-71.34,-1.23,2026-11-18,False,https://www.tradingview.com/chart/?symbol=NASDAQ:TNON&interval=D,False,False,False,False
ALMS,Alumis Inc.,NASDAQ,Pharmaceuticals: Major,7.1,14.85,19.87,8.59,15.8,3471828.8,3694107.033333333,26228160.0,54851333.0,-9.32,396,-70.58,459,-71.61,458,-72.7,454,-71.63,-4.07,2026-11-12,False,https://www.tradingview.com/chart/?symbol=NASDAQ:ALMS&interval=D,False,False,False,False
WHLR,"Wheeler Real Estate Investment Trust, Inc.",NASDAQ,Real Estate Investment Trusts,5.2,7.07,17.24,17.8,67.21,12642580.866666667,4475056.973148149,23270296.0,31627361.0,74.56,5,-60.79,458,-98.43,464,-99.77,463,-86.33,-1.04,,False,https://www.tradingview.com/chart/?symbol=NASDAQ:WHLR&interval=D,True,False,False,False
RETO,"ReTo Eco-Solutions, Inc.",NASDAQ,Other Metals/Minerals,0.15,1.03,1.66,1171.36,789.86,123030924.0,41658661.36666667,6357112.0,42867457.0,-24.38,456,-90.46,461,-93.9,461,-95.29,461,-93.22,-0.11,,False,https://www.tradingview.com/chart/?symbol=NASDAQ:RETO&interval=D,False,False,False,False
NCT,Intercont (Cayman) Limited,NASDAQ,Marine Shipping,4.43,55.31,66.67,37.4,178.13,1599615.6199999999,669146.0426666666,2964317.0,37012085.0,-41.4,464,-95.89,463,-93.69,460,-93.06,460,-94.21,-0.52,,False,https://www.tradingview.com/chart/?symbol=NASDAQ:NCT&interval=D,False,False,False,False
WETO,Wetour Robotics Limited,NASDAQ,Other Transportation,1.71,9.32,12.18,15.04,159.16,7602539.5,9790295.033333333,16741405.0,91273289.0,-5.0,309,-92.62,462,-98.1,463,-96.77,462,-95.83,-0.54,,False,https://www.tradingview.com/chart/?symbol=NASDAQ:WETO&interval=D,False,False,False,False
CTNT,Cheetah Net Supply Chain Service Inc.,NASDAQ,Engineering & Construction,0.03,0.96,1.27,432.43,387.92,367791986.7,123128635.03333333,3878552.0,118198975.0,-41.34,463,-97.93,464,-97.99,462,-99.99,464,-98.64,-0.25,2026-11-06,False,https://www.tradingview.com/chart/?symbol=NASDAQ:CTNT&interval=D,False,False,False,False
