name,description,exchange,industry,close,SMA30,SMA50,ADRP,ATRP,average_volume_10d_calc,average_volume_30d_calc,dollar_volume_30d,average_dollar_volume_30d,Perf.W,perf_1w_rank,Perf.1M,perf_1m_rank,Perf.3M,perf_3m_rank,Perf.6M,perf_6m_rank,momentum_score,atr_extension_from_50d,earnings_date,earnings_soon,tradingview_url,is_top_1w,is_top_1m,is_top_3m,is_top_6m
USDE,StablecoinX Inc.,NASDAQ,Packaged Software,13.82,10.63,7.58,12.52,12.38,4070449.6,5527839.266666667,76394739.0,58756325.0,-13.84,378,75.6,6,564.42,1,25.64,142,221.89,6.64,,False,https://www.tradingview.com/chart/?symbol=NASDAQ:USDE&interval=D,False,True,True,False
QMCO,Quantum Corporation,NASDAQ,Computer Peripherals,31.07,26.81,23.1,9.73,8.48,2443073.1,1587416.7666666666,49321039.0,42563670.0,-5.36,267,26.97,35,188.22,3,422.18,2,212.46,4.07,2026-11-13,False,https://www.tradingview.com/chart/?symbol=NASDAQ:QMCO&interval=D,False,False,True,True
CYPH,Cypherpunk Technologies Inc.,NASDAQ,Financial Conglomerates,3.05,2.76,2.0,15.68,14.33,16828253.6,16678227.466666667,50868594.0,46048586.0,-12.86,373,37.39,19,357.55,2,196.12,10,197.02,3.67,2026-11-16,False,https://www.tradingview.com/chart/?symbol=NASDAQ:CYPH&interval=D,False,True,True,True
MXL,"MaxLinear, Inc",NASDAQ,Semiconductors,107.36,78.58,75.18,6.41,6.39,3206791.4,2810623.1333333333,301748500.0,220868135.0,15.69,11,78.29,5,18.39,90,434.79,1,177.16,6.69,2026-10-22,False,https://www.tradingview.com/chart/?symbol=NASDAQ:MXL&interval=D,True,True,False,True
CDNA,"CareDx, Inc.",NASDAQ,Medical Specialties,63.04,56.12,52.0,6.19,5.51,1790830.3,1371722.1,86473361.0,76984702.0,-1.3,176,26.97,36,126.84,6,277.71,3,143.84,3.85,2026-11-10,False,https://www.tradingview.com/chart/?symbol=NASDAQ:CDNA&interval=D,False,False,True,True
SDEV,Stablecoin Development Corporation,AMEX,Pharmaceuticals: Major,2.78,1.67,1.42,44.37,40.5,69356465.0,23593224.366666667,65589164.0,39320310.0,2.96,124,215.91,1,81.7,13,78.21,63,125.27,2.36,2026-11-05,False,https://www.tradingview.com/chart/?symbol=AMEX:SDEV&interval=D,False,True,True,False
TEAM,Atlassian Corporation,NASDAQ,Packaged Software,195.79,187.5,169.69,4.09,4.53,2548399.4,3333634.466666667,652692292.0,625057018.0,11.0,31,3.2,127,140.65,4,230.89,5,124.92,3.4,2026-11-05,False,https://www.tradingview.com/chart/?symbol=NASDAQ:TEAM&interval=D,False,False,True,True
GRAL,"GRAIL, Inc.",NASDAQ,Medical Specialties,132.9,100.03,88.46,9.67,8.03,1517202.2,1266585.2,168329173.0,126697362.0,-3.88,227,66.29,7,89.05,9,184.46,12,113.27,6.26,2026-11-18,False,https://www.tradingview.com/chart/?symbol=NASDAQ:GRAL&interval=D,False,True,True,True
ASST,"Strive, Inc.",NASDAQ,Financial Conglomerates,28.18,27.59,22.04,5.95,6.4,6931008.9,9582124.3,270072173.0,264375600.0,-7.41,303,11.93,78,130.27,5,183.27,14,108.49,4.36,2026-11-13,False,https://www.tradingview.com/chart/?symbol=NASDAQ:ASST&interval=D,False,False,True,True
OKTA,"Okta, Inc.",NASDAQ,Packaged Software,218.0,187.43,169.61,4.22,4.16,3285830.5,4349634.333333333,948220285.0,815258488.0,5.73,88,29.47,31,52.76,31,218.67,7,100.3,6.86,2026-12-08,False,https://www.tradingview.com/chart/?symbol=NASDAQ:OKTA&interval=D,False,False,False,True
P,"Everpure, Inc.",NYSE,Computer Peripherals,152.66,111.86,106.49,4.34,4.22,5348729.5,6512726.933333334,994232894.0,728481071.0,16.41,10,55.78,9,91.28,8,150.18,21,99.08,10.27,2026-12-02,False,https://www.tradingview.com/chart/?symbol=NYSE:P&interval=D,True,True,True,True
HPE,Hewlett Packard Enterprise Company,NYSE,Computer Processing Hardware,72.09,59.66,57.12,4.35,4.99,20090531.2,25089418.26666669,1808696163.0,1496801241.0,9.63,39,33.87,24,57.11,28,188.24,11,93.08,5.25,2026-12-03,False,https://www.tradingview.com/chart/?symbol=NYSE:HPE&interval=D,False,False,False,True
DELL,Dell Technologies Inc.,NYSE,Computer Processing Hardware,578.96,531.67,497.93,4.04,4.88,5999107.499999998,9272233.233333336,5368252153.0,4929765152.0,5.94,84,12.69,72,30.45,60,215.98,8,86.37,3.33,2026-12-01,False,https://www.tradingview.com/chart/?symbol=NYSE:DELL&interval=D,False,False,False,True
APPS,"Digital Turbine, Inc.",NASDAQ,Packaged Software,10.63,11.13,11.24,8.1,7.78,3440180.8,2969600.3333333335,31566852.0,33043733.0,-9.07,336,-1.12,156,2.51,149,250.83,4,84.07,-0.7,2026-11-11,False,https://www.tradingview.com/chart/?symbol=NASDAQ:APPS&interval=D,False,False,False,True
PENG,"Penguin Solutions, Inc.",NASDAQ,Semiconductors,72.61,53.43,54.13,4.99,5.85,5125969.5,2651674.933333333,192538117.0,141669269.0,28.15,3,45.19,12,-12.09,217,215.7,9,82.93,5.83,2027-01-05,False,https://www.tradingview.com/chart/?symbol=NASDAQ:PENG&interval=D,True,True,False,True
SDGR,"Schrodinger, Inc.",NASDAQ,Packaged Software,27.29,25.16,22.17,8.44,7.9,3392721.4,2523426.6,68864312.0,63485208.0,-10.67,356,32.6,27,68.25,15,135.87,25,78.91,2.92,2026-11-11,False,https://www.tradingview.com/chart/?symbol=NASDAQ:SDGR&interval=D,False,False,True,False
BAND,Bandwidth Inc.,NASDAQ,Packaged Software,57.47,54.03,51.53,7.63,7.53,813593.1,900782.4,51767965.0,48665670.0,-7.72,308,21.78,43,-18.49,275,228.21,6,77.17,1.53,2026-10-29,False,https://www.tradingview.com/chart/?symbol=NASDAQ:BAND&interval=D,False,False,False,True
LIFE,Ethos Technologies Inc.,NASDAQ,Packaged Software,35.0,36.83,34.37,7.47,7.38,1612599.1,1581008.4333333333,55335295.0,58235919.0,3.21,118,-7.31,213,85.19,12,152.71,19,76.86,0.25,2026-12-02,False,https://www.tradingview.com/chart/?symbol=NASDAQ:LIFE&interval=D,False,False,True,True
NTSK,"Netskope, Inc.",NASDAQ,Packaged Software,19.24,16.59,15.68,4.56,5.12,5762537.1,7001280.8,134704643.0,116176920.0,11.15,30,35.97,20,66.87,17,123.72,30,75.52,4.44,2026-12-11,False,https://www.tradingview.com/chart/?symbol=NASDAQ:NTSK&interval=D,False,True,True,False
CORT,Corcept Therapeutics Incorporated,NASDAQ,Pharmaceuticals: Major,119.6,114.83,114.61,5.03,4.49,908402.7,1452547.7333333334,173724709.0,166802351.0,4.18,105,8.15,98,29.7,62,182.48,15,73.44,0.97,2026-11-04,False,https://www.tradingview.com/chart/?symbol=NASDAQ:CORT&interval=D,False,False,False,True
PLSE,"Pulse Biosciences, Inc",NASDAQ,Medical Specialties,49.09,51.39,47.91,5.86,6.66,506128.1,617385.9,30307474.0,31727873.0,-4.08,231,-8.55,228,74.64,14,153.04,18,73.04,0.37,2026-11-16,False,https://www.tradingview.com/chart/?symbol=NASDAQ:PLSE&interval=D,False,False,True,True
CVI,CVR Energy Inc.,NYSE,Oil Refining/Marketing,57.38,49.47,43.72,4.73,4.72,948308.5,1134479.7,65096445.0,56126871.0,12.51,24,33.78,25,87.39,11,91.27,51,70.81,6.63,2026-11-02,False,https://www.tradingview.com/chart/?symbol=NYSE:CVI&interval=D,False,False,True,False
ALAB,"Astera Labs, Inc.",NASDAQ,Semiconductors,382.25,318.83,314.66,5.81,6.13,3950431.4,3949197.3666666667,1509580693.0,1259117331.0,6.27,77,33.65,26,-8.52,196,183.72,13,69.62,3.5,2026-11-03,False,https://www.tradingview.com/chart/?symbol=NASDAQ:ALAB&interval=D,False,False,False,True
RNG,"RingCentral, Inc.",NYSE,Packaged Software,76.54,73.88,69.41,4.23,4.21,1422352.5,1523200.5333333334,116585769.0,112532024.0,3.45,114,1.58,138,98.91,7,107.48,40,69.32,2.44,2026-11-09,False,https://www.tradingview.com/chart/?symbol=NYSE:RNG&interval=D,False,False,True,False
XMTR,"Xometry, Inc.",NASDAQ,Information Technology Services,107.8,96.6,93.32,5.11,4.95,849355.6,775366.0666666667,83584462.0,74901784.0,2.78,127,14.15,66,19.88,89,162.86,17,65.63,3.14,2026-11-05,False,https://www.tradingview.com/chart/?symbol=NASDAQ:XMTR&interval=D,False,False,False,True
QLYS,"Qualys, Inc.",NASDAQ,Packaged Software,194.75,179.89,178.05,4.15,4.59,616171.8,718879.8333333334,140001848.0,129319054.0,8.71,47,12.89,70,29.75,61,151.58,20,64.74,2.04,2026-11-04,False,https://www.tradingview.com/chart/?symbol=NASDAQ:QLYS&interval=D,False,False,False,True
SMTC,Semtech Corporation,NASDAQ,Semiconductors,193.78,165.16,150.46,4.8,5.57,2699168.1,3362783.9,651640264.0,555390103.0,6.65,70,39.7,15,41.64,46,110.4,37,63.91,5.17,2026-12-02,False,https://www.tradingview.com/chart/?symbol=NASDAQ:SMTC&interval=D,False,True,False,False
FIVN,"Five9, Inc.",NASDAQ,Packaged Software,33.78,33.95,32.88,6.28,5.77,2151260.4,2190219.1,73985601.0,74357938.0,-1.23,174,0.86,141,43.67,42,144.61,23,63.05,0.48,2026-11-09,False,https://www.tradingview.com/chart/?symbol=NASDAQ:FIVN&interval=D,False,False,False,False
DDOG,"Datadog, Inc.",NASDAQ,Packaged Software,271.34,243.36,246.19,4.02,4.16,2881956.6,3406140.7,924222218.0,828905912.0,0.45,156,27.88,34,5.13,130,148.94,22,60.65,2.46,2026-11-05,False,https://www.tradingview.com/chart/?symbol=NASDAQ:DDOG&interval=D,False,False,False,False
ZETA,Zeta Global Holdings Corp.,NYSE,Packaged Software,33.74,30.86,29.2,4.38,4.37,6578063.8,6690960.066666666,225752993.0,206449573.0,15.51,12,3.34,126,59.79,24,118.66,33,60.6,3.56,2026-11-10,False,https://www.tradingview.com/chart/?symbol=NYSE:ZETA&interval=D,True,False,False,False
FCEL,"FuelCell Energy, Inc.",NASDAQ,Electronic Equipment/Instruments,18.36,16.99,18.45,6.33,9.14,6572235.3999999985,6762250.73333333,124188735.0,114869226.0,7.97,54,26.48,37,-24.11,315,179.1,16,60.49,-0.05,2026-12-17,False,https://www.tradingview.com/chart/?symbol=NASDAQ:FCEL&interval=D,False,False,False,True
MRVL,"Marvell Technology, Inc.",NASDAQ,Semiconductors,284.68,243.57,232.43,4.33,4.97,19477402.7,20963177.266666666,5967797304.0,5105948679.0,7.57,60,34.5,23,15.64,98,130.21,26,60.12,4.53,2026-11-26,False,https://www.tradingview.com/chart/?symbol=NASDAQ:MRVL&interval=D,False,False,False,False
PBF,PBF Energy Inc.,NYSE,Oil Refining/Marketing,83.68,75.57,72.99,5.36,5.35,2990046.7,3597305.2666666666,301022505.0,271859151.0,9.24,43,12.32,73,60.0,23,107.9,38,60.07,2.74,2026-10-29,False,https://www.tradingview.com/chart/?symbol=NYSE:PBF&interval=D,False,False,False,False
ILMN,"Illumina, Inc.",NASDAQ,Medical Specialties,267.76,239.56,224.06,5.72,5.27,3300294.8,3580680.7000000007,958763064.0,857800998.0,-1.82,184,23.54,40,41.73,45,114.09,34,59.79,3.7,2026-10-29,False,https://www.tradingview.com/chart/?symbol=NASDAQ:ILMN&interval=D,False,False,False,False
AMC,"AMC Entertainment Holdings, Inc.",NYSE,Movies/Entertainment,2.88,2.73,2.68,7.52,6.8,29206639.900000036,27595937.86666667,79476301.0,75438095.0,-7.69,306,9.51,95,52.38,32,113.33,35,58.41,1.11,2026-11-11,False,https://www.tradingview.com/chart/?symbol=NYSE:AMC&interval=D,False,False,False,False
U,Unity Software Inc.,NYSE,Packaged Software,45.44,42.63,42.23,4.86,4.57,12748978.1,10024721.3,455523336.0,427400651.0,13.74,16,9.6,93,57.67,27,107.58,39,58.28,1.66,2026-11-11,False,https://www.tradingview.com/chart/?symbol=NYSE:U&interval=D,True,False,False,False
HTFL,"Heartflow, Inc.",NASDAQ,Packaged Software,49.36,49.21,43.61,5.31,5.35,1686415.6,1941648.9,95839790.0,95545306.0,-1.3,177,-0.76,152,88.47,10,84.73,57,57.48,2.46,2026-11-18,False,https://www.tradingview.com/chart/?symbol=NASDAQ:HTFL&interval=D,False,False,True,False
COHU,"Cohu, Inc.",NASDAQ,Semiconductors,70.78,58.36,56.12,4.29,4.96,1034685.3,1024108.7333333333,72486416.0,59767498.0,5.72,89,50.12,11,25.3,76,96.67,48,57.36,5.26,2026-10-29,False,https://www.tradingview.com/chart/?symbol=NASDAQ:COHU&interval=D,False,True,False,False
DINO,HF Sinclair Corporation,NYSE,Oil Refining/Marketing,115.63,107.98,100.91,4.05,3.84,2210720.8,2663787.5,308013749.0,287638438.0,7.72,58,9.98,90,49.68,37,106.74,41,55.47,3.79,2026-10-28,False,https://www.tradingview.com/chart/?symbol=NYSE:DINO&interval=D,False,False,False,False
SMCI,"Super Micro Computer, Inc.",NASDAQ,Computer Processing Hardware,44.94,39.89,37.38,4.44,5.03,33238631.4,36093923.13333333,1622060906.0,1439834719.0,6.58,72,17.77,52,56.31,29,90.1,54,54.73,4.02,2026-11-03,False,https://www.tradingview.com/chart/?symbol=NASDAQ:SMCI&interval=D,False,False,False,False
TWLO,Twilio Inc.,NYSE,Packaged Software,273.0,257.46,242.66,6.18,5.49,6599026.7,3596899.066666667,981953445.0,926054037.0,-6.36,291,13.98,67,28.43,64,119.1,32,53.84,2.28,2026-10-29,False,https://www.tradingview.com/chart/?symbol=NYSE:TWLO&interval=D,False,False,False,False
ZS,"Zscaler, Inc.",NASDAQ,Packaged Software,213.55,190.55,182.82,4.04,4.43,2940992.5,3480270.7333333334,743211815.0,663172549.0,7.39,61,28.53,33,51.51,35,74.1,68,51.38,3.79,2026-12-01,False,https://www.tradingview.com/chart/?symbol=NASDAQ:ZS&interval=D,False,False,False,False
ATRC,"AtriCure, Inc.",NASDAQ,Medical Specialties,53.31,54.72,50.13,4.89,4.57,1234550.8,1382964.4333333333,73725834.0,75669129.0,-8.1,317,2.46,133,59.37,25,90.67,52,50.83,1.39,2026-11-04,False,https://www.tradingview.com/chart/?symbol=NASDAQ:ATRC&interval=D,False,False,False,False
TENB,"Tenable Holdings, Inc.",NASDAQ,Packaged Software,38.94,35.65,35.55,4.3,5.04,3025100.9,5120872.733333333,199406784.0,182563380.0,11.29,29,14.8,62,1.49,155,136.14,24,50.81,1.89,2026-11-04,False,https://www.tradingview.com/chart/?symbol=NASDAQ:TENB&interval=D,False,False,False,False
ETON,"Eton Pharmaceuticals, Inc.",NASDAQ,Pharmaceuticals: Major,54.88,57.62,55.29,6.52,6.16,790189.4,579293.1333333333,31791607.0,33377036.0,-7.93,313,-8.33,224,51.73,34,102.58,44,48.66,-0.12,2026-11-05,False,https://www.tradingview.com/chart/?symbol=NASDAQ:ETON&interval=D,False,False,False,False
PURR,Hyperliquid Strategies Inc,NASDAQ,Financial Conglomerates,11.73,12.32,10.44,7.33,8.6,16612581.0,23966691.366666667,281129290.0,295257654.0,-5.17,263,-5.29,193,50.77,36,97.14,47,47.54,1.43,2026-12-02,False,https://www.tradingview.com/chart/?symbol=NASDAQ:PURR&interval=D,False,False,False,False
FROG,JFrog Ltd.,NASDAQ,Packaged Software,98.15,93.2,90.87,4.61,4.9,1398874.3,1782412.1333333333,174943751.0,166117246.0,8.05,52,9.36,96,6.74,125,121.21,31,45.77,1.63,2026-11-04,False,https://www.tradingview.com/chart/?symbol=NASDAQ:FROG&interval=D,False,False,False,False
MEDS,"DataMeds AI, Inc.",NASDAQ,Medical Distributors,2.88,2.51,2.31,24.98,31.04,7393526.4,12269313.1,35335622.0,30828776.0,-17.24,389,195.38,2,2.13,152,-61.78,388,45.24,0.8,,False,https://www.tradingview.com/chart/?symbol=NASDAQ:MEDS&interval=D,False,True,False,False
OSCR,"Oscar Health, Inc.",NYSE,Managed Health Care,32.91,31.3,30.96,4.59,4.89,4679731.1,5214508.4,171609471.0,163200208.0,10.64,34,2.24,134,8.61,118,124.34,29,45.06,1.29,2026-11-10,False,https://www.tradingview.com/chart/?symbol=NYSE:OSCR&interval=D,False,False,False,False
APPN,Appian Corporation,NASDAQ,Packaged Software,37.76,37.74,36.14,4.74,5.27,797593.6,904480.1666666666,34153171.0,34134479.0,6.52,73,-5.79,199,61.16,22,79.72,61,45.03,0.85,2026-10-29,False,https://www.tradingview.com/chart/?symbol=NASDAQ:APPN&interval=D,False,False,False,False
VEEA,Veea Inc.,NASDAQ,Packaged Software,4.71,3.07,2.98,15.26,21.21,15427215.9,14141975.993333332,66608707.0,43350813.0,92.24,1,183.73,3,12.2,107,-62.83,391,44.37,2.73,,False,https://www.tradingview.com/chart/?symbol=NASDAQ:VEEA&interval=D,True,True,False,False
NET,"Cloudflare, Inc.",NYSE,Information Technology Services,342.97,325.05,313.04,4.68,4.64,2761093.9,3093637.3,1061024785.0,1005599179.0,-2.29,195,21.51,44,25.84,74,77.51,64,41.62,2.06,2026-10-29,False,https://www.tradingview.com/chart/?symbol=NYSE:NET&interval=D,False,False,False,False
SECZ,Securitize Corp.,NYSE,Packaged Software,11.4,10.44,8.93,15.16,12.49,4643454.7,3973573.7666666666,45298741.0,41480137.0,-27.66,398,65.22,8,54.47,30,5.07,208,41.59,2.21,2026-11-13,False,https://www.tradingview.com/chart/?symbol=NYSE:SECZ&interval=D,False,True,False,False
BFLY,"Butterfly Network, Inc.",NYSE,Medical Specialties,8.27,8.3,8.48,8.8,8.53,5624328.9,5494223.833333333,45437231.0,45594732.0,-8.21,320,13.6,68,11.38,110,98.32,46,41.1,-0.29,2026-10-29,False,https://www.tradingview.com/chart/?symbol=NYSE:BFLY&interval=D,False,False,False,False
AZTA,"Azenta, Inc.",NASDAQ,Medical/Nursing Services,35.89,33.69,33.2,6.43,6.44,1510489.0,1055666.5666666667,37887873.0,35565407.0,4.42,102,17.06,55,46.37,40,59.09,83,40.84,1.25,2026-11-17,False,https://www.tradingview.com/chart/?symbol=NASDAQ:AZTA&interval=D,False,False,False,False
CLMT,"Calumet, Inc",NASDAQ,Oil Refining/Marketing,56.29,54.25,50.77,4.16,4.01,1457256.3,1445104.6666666667,81344942.0,78393556.0,5.23,96,5.45,112,45.08,41,69.7,73,40.08,2.71,2026-11-06,False,https://www.tradingview.com/chart/?symbol=NASDAQ:CLMT&interval=D,False,False,False,False
DK,"Delek US Holdings, Inc.",NYSE,Oil Refining/Marketing,75.46,73.58,70.32,5.0,5.16,2512023.2,2481421.0,187248029.0,182588747.0,8.76,45,5.54,110,35.09,53,79.5,62,40.04,1.42,2026-11-11,False,https://www.tradingview.com/chart/?symbol=NYSE:DK&interval=D,False,False,False,False
CRDO,Credo Technology Group Holding Ltd,NASDAQ,Information Technology Services,220.01,191.33,208.86,5.91,6.59,8215706.2,8878491.0,1953356805.0,1698715764.0,14.26,15,35.72,21,-19.76,287,103.37,43,39.78,0.81,2026-12-02,False,https://www.tradingview.com/chart/?symbol=NASDAQ:CRDO&interval=D,True,True,False,False
BB,BlackBerry Limited,NYSE,Packaged Software,8.77,8.28,8.38,6.6,5.97,25161312.0,16294929.733333342,142906534.0,134965471.0,0.57,153,14.34,65,-22.53,305,124.87,27,38.9,0.79,2026-12-17,False,https://www.tradingview.com/chart/?symbol=NYSE:BB&interval=D,False,False,False,False
MAN,ManpowerGroup,NYSE,Personnel Services,52.87,57.87,57.58,4.5,4.49,959913.3,822140.5666666667,43466572.0,47577275.0,-4.76,250,-13.01,273,41.86,44,86.36,55,38.4,-1.82,2026-10-15,False,https://www.tradingview.com/chart/?symbol=NYSE:MAN&interval=D,False,False,False,False
OUST,"Ouster, Inc.",NASDAQ,Semiconductors,41.67,37.88,39.47,6.34,6.63,2684975.3,2234730.1,93121203.0,84650831.0,3.92,108,16.53,56,-8.08,195,104.87,42,37.77,0.84,2026-11-05,False,https://www.tradingview.com/chart/?symbol=NASDAQ:OUST&interval=D,False,False,False,False
SAIL,"SailPoint, Inc.",NASDAQ,Packaged Software,19.58,19.79,19.16,5.82,5.92,5558134.2,5319778.633333334,104161266.0,105251820.0,-5.64,272,2.51,132,32.66,56,77.03,65,37.4,0.37,2026-12-15,False,https://www.tradingview.com/chart/?symbol=NASDAQ:SAIL&interval=D,False,False,False,False
GPRO,"GoPro, Inc.",NASDAQ,Electronics/Appliances,1.22,1.26,1.02,5.91,9.06,9444866.8,65871360.93333333,80363060.0,83180378.0,-8.27,326,-17.57,314,64.91,19,63.58,77,36.97,2.12,2026-11-05,False,https://www.tradingview.com/chart/?symbol=NASDAQ:GPRO&interval=D,False,False,True,False
CBRL,"Cracker Barrel Old Country Store, Inc.",NASDAQ,Restaurants,56.4,51.66,53.98,4.63,4.47,992515.6,1037778.9666666667,58530734.0,53607510.0,5.87,85,4.54,117,16.0,95,90.28,53,36.94,1.0,2026-11-27,False,https://www.tradingview.com/chart/?symbol=NASDAQ:CBRL&interval=D,False,False,False,False
VICR,Vicor Corporation,NASDAQ,Electronic Components,282.78,231.65,225.17,6.03,6.41,825072.2,854691.9666666667,241689794.0,197985690.0,-2.72,208,55.41,10,2.4,150,51.02,100,36.28,3.99,2026-10-20,False,https://www.tradingview.com/chart/?symbol=NASDAQ:VICR&interval=D,False,True,False,False
ASAN,"Asana, Inc.",NYSE,Packaged Software,9.33,9.27,9.19,5.92,6.22,6050078.2,7731522.033333333,72135101.0,71709867.0,12.95,20,6.75,103,38.63,49,63.11,79,36.17,0.25,2026-12-08,False,https://www.tradingview.com/chart/?symbol=NYSE:ASAN&interval=D,True,False,False,False
CRL,"Charles River Laboratories International, Inc.",NYSE,Miscellaneous Commercial Services,300.3,287.47,280.56,4.12,3.98,1053145.8,983901.8,295465711.0,282840283.0,1.12,147,4.17,121,33.78,55,70.53,71,36.16,1.77,2026-11-11,False,https://www.tradingview.com/chart/?symbol=NYSE:CRL&interval=D,False,False,False,False
BE,Bloom Energy Corporation,NYSE,Electronic Production Equipment,291.29,261.25,242.83,6.33,6.6,14520471.5,15579052.566666666,4538022222.0,4070027483.0,-1.61,179,23.0,41,5.51,128,79.94,59,36.15,3.02,2026-10-29,False,https://www.tradingview.com/chart/?symbol=NYSE:BE&interval=D,False,False,False,False
GH,"Guardant Health, Inc.",NASDAQ,Medical Specialties,168.33,170.81,167.13,4.84,5.03,1965714.0,1888379.9666666666,317871000.0,322545999.0,-5.3,265,5.21,114,9.02,116,93.24,50,35.82,0.14,2026-10-29,False,https://www.tradingview.com/chart/?symbol=NASDAQ:GH&interval=D,False,False,False,False
SG,"Sweetgreen, Inc.",NYSE,Restaurants,9.16,7.57,7.0,4.68,4.81,5631377.9,5064747.9,46393091.0,38316506.0,3.27,116,37.74,18,17.59,93,51.4,98,35.58,6.42,2026-11-05,False,https://www.tradingview.com/chart/?symbol=NYSE:SG&interval=D,False,True,False,False
NEO,"NeoGenomics, Inc.",NASDAQ,Medical/Nursing Services,15.97,18.25,17.43,6.57,6.49,2655713.8,2272523.6,36292202.0,41484540.0,-14.87,379,-7.15,212,12.07,108,100.38,45,35.1,-1.29,2026-11-10,False,https://www.tradingview.com/chart/?symbol=NASDAQ:NEO&interval=D,False,False,False,False
INTC,Intel Corporation,NASDAQ,Semiconductors,113.12,106.82,102.31,4.8,5.19,97819601.6,101724904.36666666,11507121182.0,10865949110.0,-2.67,206,22.36,42,-1.52,168,83.88,58,34.9,2.04,2026-10-29,False,https://www.tradingview.com/chart/?symbol=NASDAQ:INTC&interval=D,False,False,False,False
SBET,"Sharplink, Inc.",NASDAQ,Advertising/Marketing Services,8.95,9.02,8.08,5.77,6.45,6195920.2,8269904.800000026,74015648.0,74564218.0,-8.02,316,4.07,122,63.92,20,36.64,121,34.88,1.67,2026-11-12,False,https://www.tradingview.com/chart/?symbol=NASDAQ:SBET&interval=D,False,False,True,False
SWKS,"Skyworks Solutions, Inc.",NASDAQ,Semiconductors,83.43,81.24,75.47,5.03,5.46,8614131.5,8339046.9,695726683.0,677503086.0,-4.9,257,17.36,54,38.8,48,46.27,105,34.14,1.93,2026-10-29,False,https://www.tradingview.com/chart/?symbol=NASDAQ:SWKS&interval=D,False,False,False,False
LITE,Lumentum Holdings Inc.,NASDAQ,Electrical Products,1111.07,948.75,903.21,5.14,5.71,4498247.9,4463018.433333334,4958725891.0,4234288739.0,12.74,21,28.99,32,47.13,39,22.35,148,32.82,4.03,2026-11-05,False,https://www.tradingview.com/chart/?symbol=NASDAQ:LITE&interval=D,True,False,False,False
GCT,GigaCloud Technology Inc,NASDAQ,Wholesale Distributors,55.96,52.34,51.09,4.53,4.46,612863.2,634493.6333333333,35506264.0,33206330.0,9.17,44,11.56,83,65.81,18,20.47,155,32.61,2.14,2026-11-26,False,https://www.tradingview.com/chart/?symbol=NASDAQ:GCT&interval=D,False,False,True,False
AMBQ,"Ambiq Micro, Inc.",NYSE,Semiconductors,61.98,63.24,63.14,6.4,6.42,476017.6,554381.6333333333,34360574.0,35061127.0,-5.48,269,7.47,102,-26.86,327,112.33,36,30.98,-0.29,2026-11-05,False,https://www.tradingview.com/chart/?symbol=NYSE:AMBQ&interval=D,False,False,False,False
VSXY,Victorias Secret & Co.,NYSE,Apparel/Footwear Retail,85.79,82.46,85.41,4.24,4.72,1503309.5,1994997.1333333333,171150804.0,164499484.0,-4.68,247,16.52,57,10.36,114,65.97,76,30.95,0.09,2026-12-02,False,https://www.tradingview.com/chart/?symbol=NYSE:VSXY&interval=D,False,False,False,False
MSTR,Strategy Inc,NASDAQ,Internet Software/Services,153.37,145.01,127.52,5.4,5.92,18995357.5,23734200.333333332,3640114305.0,3441601454.0,-4.67,246,11.66,82,63.06,21,17.93,166,30.88,3.42,2026-11-04,False,https://www.tradingview.com/chart/?symbol=NASDAQ:MSTR&interval=D,False,False,True,False
SNDK,Sandisk Corporation,NASDAQ,Computer Peripherals,1692.42,1666.91,1564.59,5.37,5.72,7385434.0,9641546.166666666,16317545563.0,16071607397.0,-2.16,191,6.71,104,-7.8,192,93.65,49,30.85,1.43,2026-10-29,False,https://www.tradingview.com/chart/?symbol=NASDAQ:SNDK&interval=D,False,False,False,False
AMLX,"Amylyx Pharmaceuticals, Inc.",NASDAQ,Pharmaceuticals: Major,27.43,31.93,29.85,4.94,5.55,1276407.5,1559372.4,42773585.0,49787902.0,-6.92,295,-17.83,315,52.22,33,58.01,85,30.8,-1.46,2026-11-05,False,https://www.tradingview.com/chart/?symbol=NASDAQ:AMLX&interval=D,False,False,False,False
NBIS,Nebius Group N.V.,NASDAQ,Packaged Software,237.15,225.73,222.34,5.99,6.9,15509627.6,14977811.0,3551987879.0,3381013670.0,-2.67,207,12.83,71,3.48,142,75.82,66,30.71,0.97,2026-10-22,False,https://www.tradingview.com/chart/?symbol=NASDAQ:NBIS&interval=D,False,False,False,False
NAT,Nordic American Tankers Limited,NYSE,Marine Shipping,8.21,7.6,7.2,4.17,4.03,5130488.6,5181274.866666666,42538267.0,39356964.0,1.48,139,15.63,59,36.38,52,39.39,114,30.47,3.48,2026-12-02,False,https://www.tradingview.com/chart/?symbol=NYSE:NAT&interval=D,False,False,False,False
SLS,"SELLAS Life Sciences Group, Inc.",NASDAQ,Pharmaceuticals: Major,11.31,12.41,12.35,6.27,7.31,4645941.4,6327731.7,71566646.0,78533478.0,-1.74,181,-16.28,301,-17.81,269,124.85,28,30.25,-1.15,2026-11-18,False,https://www.tradingview.com/chart/?symbol=NASDAQ:SLS&interval=D,False,False,False,False
MANE,"Veradermics, Incorporated",NYSE,Pharmaceuticals: Major,110.95,107.44,107.52,5.86,5.58,619066.0,696269.9333333333,77251149.0,74803760.0,-5.62,271,12.16,74,-6.31,184,84.73,56,30.2,0.57,2026-12-02,False,https://www.tradingview.com/chart/?symbol=NYSE:MANE&interval=D,False,False,False,False
AYA,Aya Gold & Silver Inc.,NASDAQ,Precious Metals,26.14,27.95,26.84,4.47,5.64,1006522.8,1275814.5333333334,33349792.0,35655189.0,-4.81,254,-9.2,238,33.91,54,63.27,78,29.33,-0.46,2026-11-17,False,https://www.tradingview.com/chart/?symbol=NASDAQ:AYA&interval=D,False,False,False,False
TEM,"Tempus AI, Inc.",NASDAQ,Packaged Software,70.35,71.66,64.52,8.52,8.4,8214751.6,7207434.266666667,507043001.0,516515972.0,-15.24,383,8.63,97,23.55,79,55.3,91,29.16,1.08,2026-11-10,False,https://www.tradingview.com/chart/?symbol=NASDAQ:TEM&interval=D,False,False,False,False
DUOL,"Duolingo, Inc.",NASDAQ,Packaged Software,151.72,147.24,143.48,4.07,4.42,946038.8,1086222.7,164801708.0,159933982.0,5.73,87,-3.65,176,21.36,84,66.45,75,28.05,1.3,2026-11-11,False,https://www.tradingview.com/chart/?symbol=NASDAQ:DUOL&interval=D,False,False,False,False
AXTI,AXT Inc,NASDAQ,Electronic Production Equipment,79.79,70.0,70.48,7.65,8.31,7230821.4,8135196.633333334,649107339.0,569466476.0,0.0,158,38.31,17,23.09,82,20.89,152,27.43,1.59,2026-10-29,False,https://www.tradingview.com/chart/?symbol=NASDAQ:AXTI&interval=D,False,True,False,False
SEI,"Solaris Energy Infrastructure, Inc.",NYSE,Oilfield Services/Equipment,76.46,64.48,61.35,4.52,5.36,2311140.5,2591197.033333333,198122925.0,167085567.0,12.41,25,42.92,13,11.78,109,26.09,139,26.93,4.59,2026-11-02,False,https://www.tradingview.com/chart/?symbol=NYSE:SEI&interval=D,False,True,False,False
AMRX,"Amneal Pharmaceuticals, Inc.",NASDAQ,Pharmaceuticals: Major,19.65,18.64,18.43,4.5,3.88,3344781.9,2747865.2333333334,53995552.0,51224788.0,-3.15,218,11.84,79,15.45,99,53.04,93,26.78,1.71,2026-10-29,False,https://www.tradingview.com/chart/?symbol=NASDAQ:AMRX&interval=D,False,False,False,False
INOD,Innodata Inc.,NASDAQ,Data Processing Services,63.42,60.87,61.55,8.64,7.26,1507755.6,1399722.0666666667,88763375.0,85199216.0,-5.24,264,15.28,60,-9.47,202,74.26,67,26.69,0.42,2026-11-05,False,https://www.tradingview.com/chart/?symbol=NASDAQ:INOD&interval=D,False,False,False,False
BMNR,"BitMine Immersion Technologies, Inc.",NYSE,Financial Conglomerates,24.66,25.62,23.05,5.49,6.51,31423497.0,40176723.233333334,990757995.0,1029166942.0,-9.75,343,-2.66,168,68.21,16,14.27,178,26.61,1.07,2026-11-20,False,https://www.tradingview.com/chart/?symbol=NYSE:BMNR&interval=D,False,False,True,False
PRGO,Perrigo Company plc,NYSE,Pharmaceuticals: Major,14.55,14.29,13.61,4.7,4.46,3067562.5,2734710.7666666666,39790042.0,39090867.0,-3.45,220,3.41,124,39.77,47,35.85,122,26.35,1.56,2026-11-11,False,https://www.tradingview.com/chart/?symbol=NYSE:PRGO&interval=D,False,False,False,False
PARR,"Par Pacific Holdings, Inc. Common Stock",NYSE,Oil Refining/Marketing,86.12,81.68,80.07,5.08,5.18,831879.0000000014,923692.7333333337,79548418.0,75451841.0,7.83,56,6.66,105,27.17,70,42.63,110,25.49,1.46,2026-11-09,False,https://www.tradingview.com/chart/?symbol=NYSE:PARR&interval=D,False,False,False,False
SITM,SiTime Corporation,NASDAQ,Semiconductors,665.16,618.22,620.71,4.66,5.73,373563.1,417659.2,277810193.0,258206176.0,1.15,146,13.23,69,1.47,156,60.97,80,25.22,1.25,2026-11-04,False,https://www.tradingview.com/chart/?symbol=NASDAQ:SITM&interval=D,False,False,False,False
KSS,Kohl's Corporation,NYSE,Department Stores,20.12,18.02,18.38,4.44,4.65,4229176.7,4426399.466666667,89059157.0,79743062.0,8.0,53,4.52,118,26.38,72,44.54,108,25.15,2.03,2026-11-12,False,https://www.tradingview.com/chart/?symbol=NYSE:KSS&interval=D,False,False,False,False
GEO,Geo Group Inc (The) REIT,NYSE,Miscellaneous Commercial Services,30.52,31.25,31.22,5.19,4.76,3137305.5,2577036.0,78651139.0,80536670.0,-0.72,167,-0.59,149,2.21,151,69.93,72,23.85,-0.47,2026-11-05,False,https://www.tradingview.com/chart/?symbol=NYSE:GEO&interval=D,False,False,False,False
FORM,"FormFactor, Inc.",NASDAQ,Semiconductors,139.8,119.41,118.04,4.68,5.2,2706662.4,1688424.8666666667,236041796.0,201613406.0,-1.76,183,40.31,14,16.55,94,14.45,177,23.77,3.55,2026-11-04,False,https://www.tradingview.com/chart/?symbol=NASDAQ:FORM&interval=D,False,True,False,False
ERO,Ero Copper Corp.,NYSE,Other Metals/Minerals,36.78,36.3,35.08,4.26,5.06,1208415.0,1356955.4,49908820.0,49251601.0,-2.23,194,5.93,108,48.37,38,16.58,174,23.63,0.96,2026-11-02,False,https://www.tradingview.com/chart/?symbol=NYSE:ERO&interval=D,False,False,False,False
W,Wayfair Inc.,NYSE,Specialty Stores,104.47,101.3,101.27,4.28,4.59,2226936.3,2329033.5,243314130.0,235931870.0,0.65,152,7.7,100,20.08,88,41.64,111,23.14,0.69,2026-11-04,False,https://www.tradingview.com/chart/?symbol=NYSE:W&interval=D,False,False,False,False
INSP,"Inspire Medical Systems, Inc.",NYSE,Medical Specialties,67.45,68.43,64.29,5.46,5.06,927496.5,845674.8333333334,57040768.0,57868683.0,-7.72,307,10.57,87,36.43,51,20.45,156,22.48,0.97,2026-11-02,False,https://www.tradingview.com/chart/?symbol=NYSE:INSP&interval=D,False,False,False,False
GLND,Greenland Energy Company,NASDAQ,Financial Conglomerates,2.71,2.43,2.17,34.6,25.66,38764054.9,23900946.833333332,64771566.0,58178888.0,-40.83,402,105.3,4,25.46,75,-65.08,393,21.9,0.98,2026-12-02,False,https://www.tradingview.com/chart/?symbol=NASDAQ:GLND&interval=D,False,True,False,False
UMAC,"Unusual Machines, Inc.",AMEX,Electronic Equipment/Instruments,21.88,23.55,24.48,7.02,8.13,2808345.7,2712514.533333333,59349818.0,63870676.0,-12.27,370,-13.07,274,4.69,134,73.65,69,21.76,-1.31,2026-11-12,False,https://www.tradingview.com/chart/?symbol=AMEX:UMAC&interval=D,False,False,False,False
WK,Workiva Inc.,NYSE,Information Technology Services,71.53,72.91,70.84,4.36,4.48,2155174.9,1359956.4333333333,97277684.0,99151250.0,9.56,40,-8.06,218,42.77,43,30.01,129,21.57,0.22,2026-11-05,False,https://www.tradingview.com/chart/?symbol=NYSE:WK&interval=D,False,False,False,False
SANM,Sanmina Corporation,NASDAQ,Electronic Production Equipment,219.41,208.23,203.64,4.26,4.67,596966.7,612322.1333333333,134349599.0,127501389.0,-1.87,185,11.38,84,0.77,158,52.51,95,21.55,1.66,2026-11-09,False,https://www.tradingview.com/chart/?symbol=NASDAQ:SANM&interval=D,False,False,False,False
IBRX,"ImmunityBio, Inc.",NASDAQ,Pharmaceuticals: Major,9.75,8.59,8.17,6.83,6.38,14996501.4,12020397.8,117198879.0,103257221.0,9.3,42,20.67,46,11.05,111,32.65,125,21.46,3.02,2026-11-05,False,https://www.tradingview.com/chart/?symbol=NASDAQ:IBRX&interval=D,False,False,False,False
WIX,Wix.com Ltd.,NASDAQ,Packaged Software,72.97,78.38,74.99,6.27,6.18,1047705.0,1262151.0,92099158.0,98928868.0,2.34,130,-8.79,232,59.22,26,10.59,188,20.34,-0.44,2026-11-05,False,https://www.tradingview.com/chart/?symbol=NASDAQ:WIX&interval=D,False,False,False,False
BRKR,Bruker Corporation,NASDAQ,Medical Specialties,59.72,59.67,58.91,5.38,5.41,2371459.9,2292822.2666666666,136927346.0,136813469.0,-7.15,299,0.67,144,3.32,143,56.99,88,20.33,0.25,2026-10-29,False,https://www.tradingview.com/chart/?symbol=NASDAQ:BRKR&interval=D,False,False,False,False
RGEN,Repligen Corporation,NASDAQ,Pharmaceuticals: Major,167.22,177.92,172.13,5.42,5.29,1589639.4,1151520.6,192557275.0,204879697.0,-13.4,375,-0.02,145,21.67,83,38.63,115,20.09,-0.54,2026-11-03,False,https://www.tradingview.com/chart/?symbol=NASDAQ:RGEN&interval=D,False,False,False,False
NUAI,"New Era Energy & Digital, Inc.",NASDAQ,Engineering & Construction,5.53,5.98,5.63,10.4,10.34,7432630.2,7607010.933333334,42066770.0,45487390.0,-19.33,394,6.35,107,23.16,81,28.31,134,19.27,-0.17,2026-12-02,False,https://www.tradingview.com/chart/?symbol=NASDAQ:NUAI&interval=D,False,False,False,False
MDB,"MongoDB, Inc.",NASDAQ,Packaged Software,363.03,386.05,392.96,6.06,6.69,4723663.3,2935797.533333333,1065782579.0,1133369531.0,6.46,76,-4.05,181,3.88,139,57.48,86,19.11,-1.14,2026-12-07,False,https://www.tradingview.com/chart/?symbol=NASDAQ:MDB&interval=D,False,False,False,False
CLF,Cleveland-Cliffs Inc.,NYSE,Steel,12.06,11.97,11.91,5.03,5.3,15856360.7,13883854.7,167439288.0,166185113.0,8.65,48,-1.15,157,27.22,69,29.26,131,18.44,0.23,2026-10-19,False,https://www.tradingview.com/chart/?symbol=NYSE:CLF&interval=D,False,False,False,False
CXW,"CoreCivic, Inc.",NYSE,Miscellaneous Commercial Services,31.82,33.5,32.96,6.31,5.49,2553960.6,2161348.1333333333,68774098.0,72411647.0,-2.54,201,-4.9,189,3.31,144,56.75,89,18.39,-0.63,2026-11-04,False,https://www.tradingview.com/chart/?symbol=NYSE:CXW&interval=D,False,False,False,False
IOT,Samsara Inc.,NYSE,Packaged Software,40.51,39.71,39.47,4.21,4.92,5177432.8,6997288.9,283460173.0,277887999.0,6.47,75,-9.78,248,13.76,104,51.1,99,18.36,0.54,2026-11-26,False,https://www.tradingview.com/chart/?symbol=NYSE:IOT&interval=D,False,False,False,False
AEHR,Aehr Test Systems,NASDAQ,Electronic Production Equipment,89.37,91.98,97.43,9.05,10.01,2458776.4,2690884.5,240484348.0,247511144.0,-11.65,363,14.55,64,12.91,106,27.35,135,18.27,-0.83,2027-01-08,False,https://www.tradingview.com/chart/?symbol=NASDAQ:AEHR&interval=D,False,False,False,False
ICLR,ICON plc,NASDAQ,Miscellaneous Commercial Services,164.08,166.87,166.9,4.5,4.46,1026736.1,934156.8666666667,153276459.0,155879331.0,-2.32,197,2.59,131,-1.42,167,52.26,97,17.81,-0.38,2026-10-28,False,https://www.tradingview.com/chart/?symbol=NASDAQ:ICLR&interval=D,False,False,False,False
BRZE,"Braze, Inc.",NASDAQ,Internet Software/Services,28.46,27.39,27.68,4.8,5.48,2148474.3,2608350.966666667,74233669.0,71435777.0,21.31,8,-12.52,271,24.91,77,40.96,113,17.78,0.51,2026-12-15,False,https://www.tradingview.com/chart/?symbol=NASDAQ:BRZE&interval=D,True,False,False,False
MAT,"Mattel, Inc.",NASDAQ,Recreational Products,16.37,14.16,14.43,5.07,4.66,12137848.0,6613237.2,108258693.0,93662176.0,29.3,2,14.96,61,27.0,71,11.21,185,17.72,2.89,2026-10-27,False,https://www.tradingview.com/chart/?symbol=NASDAQ:MAT&interval=D,True,False,False,False
VECO,Veeco Instruments Inc.,NASDAQ,Electronic Production Equipment,53.53,46.6,48.05,4.52,5.27,829178.5,648801.3666666667,34730337.0,30236090.0,3.26,117,24.84,38,-7.0,186,34.7,123,17.51,2.16,2026-11-09,False,https://www.tradingview.com/chart/?symbol=NASDAQ:VECO&interval=D,False,False,False,False
BSP,Bending Spoons S.p.A.,NASDAQ,Packaged Software,41.07,37.79,39.22,6.33,7.03,3511671.5,2400171.4,98575039.0,90706878.0,25.62,5,-0.63,150,20.4,87,32.48,126,17.42,0.67,2026-11-12,False,https://www.tradingview.com/chart/?symbol=NASDAQ:BSP&interval=D,True,False,False,False
RUM,RUM Group Inc.,NASDAQ,Internet Software/Services,7.52,8.3,7.9,6.24,7.49,4007640.2,5305702.533333333,39898883.0,44032910.0,-5.76,276,-16.44,302,20.8,86,46.59,103,16.98,-0.65,2026-11-16,False,https://www.tradingview.com/chart/?symbol=NASDAQ:RUM&interval=D,False,False,False,False
DOCN,"DigitalOcean Holdings, Inc.",NYSE,Packaged Software,127.28,127.58,125.52,6.74,6.8,1730011.1,2464848.1333333333,313725870.0,314457109.0,-5.61,270,14.79,63,-10.96,210,46.33,104,16.72,0.21,2026-11-09,False,https://www.tradingview.com/chart/?symbol=NYSE:DOCN&interval=D,False,False,False,False
VIAV,Viavi Solutions Inc.,NASDAQ,Information Technology Services,46.27,38.63,38.87,4.79,5.25,6145676.099999999,5202736.733333325,240730629.0,200971315.0,10.56,35,34.7,22,7.72,122,6.42,204,16.28,3.63,2026-10-29,False,https://www.tradingview.com/chart/?symbol=NASDAQ:VIAV&interval=D,False,False,False,False
TSEM,Tower Semiconductor Ltd.,NASDAQ,Semiconductors,248.25,221.69,226.27,4.52,5.57,1720550.2,1815790.5,450769992.0,402544714.0,6.01,83,17.85,51,10.35,115,20.51,154,16.24,1.74,2026-11-16,False,https://www.tradingview.com/chart/?symbol=NASDAQ:TSEM&interval=D,False,False,False,False
NAVN,"Navan, Inc.",NASDAQ,Packaged Software,22.28,23.39,25.41,4.52,5.35,2884382.6,4262653.9,94971929.0,99723367.0,6.81,66,-20.2,342,-11.09,212,79.82,60,16.18,-2.3,2026-12-15,False,https://www.tradingview.com/chart/?symbol=NASDAQ:NAVN&interval=D,False,False,False,False
WLTH,Wealthfront Corporation,NASDAQ,Packaged Software,10.9,9.98,9.75,4.63,4.59,2339885.2,3127399.8666666667,34088659.0,31206238.0,7.71,59,19.13,49,21.25,85,8.03,198,16.13,2.57,2027-01-12,False,https://www.tradingview.com/chart/?symbol=NASDAQ:WLTH&interval=D,False,False,False,False
FPS,"Forgent Power Solutions, Inc.",NYSE,Electrical Products,40.65,34.87,35.27,5.12,5.85,8031231.3,9434682.333333334,383519837.0,328962214.0,8.26,50,31.68,28,-12.76,223,29.29,130,16.07,2.61,2026-12-02,False,https://www.tradingview.com/chart/?symbol=NYSE:FPS&interval=D,False,False,False,False
TGB,Trekor Metals Limited,AMEX,Other Metals/Minerals,8.52,8.68,8.52,5.14,5.59,5118883.5,5330501.033333333,45415869.0,46247427.0,-4.8,253,1.79,137,28.9,63,17.52,169,16.07,0.01,2026-11-04,False,https://www.tradingview.com/chart/?symbol=AMEX:TGB&interval=D,False,False,False,False
STX,Seagate Technology Holdings PLC,NASDAQ,Computer Peripherals,807.57,857.53,856.4,5.78,6.93,4831823.7,4154331.7666666666,3354913705.0,3562473121.0,-12.32,371,-1.37,159,-12.44,219,60.02,81,15.41,-0.82,2026-10-28,False,https://www.tradingview.com/chart/?symbol=NASDAQ:STX&interval=D,False,False,False,False
SNAP,Snap Inc.,NYSE,Packaged Software,5.81,5.54,5.42,4.21,4.65,30726430.7,33695293.7,195769656.0,186671927.0,6.8,67,2.83,129,27.27,68,15.39,175,15.17,1.53,2026-11-03,False,https://www.tradingview.com/chart/?symbol=NYSE:SNAP&interval=D,False,False,False,False
NEOG,Neogen Corporation,NASDAQ,Medical Specialties,11.68,12.41,12.07,6.52,5.94,6826233.7,4185919.566666667,48891541.0,51959122.0,-7.15,300,1.83,136,26.27,73,17.27,172,15.12,-0.55,2027-01-14,False,https://www.tradingview.com/chart/?symbol=NASDAQ:NEOG&interval=D,False,False,False,False
HOOD,"Robinhood Markets, Inc.",NASDAQ,Investment Banks/Brokers,109.51,113.91,106.44,4.66,5.31,19577702.2,21855770.533333335,2393425431.0,2489525254.0,-10.68,357,-9.1,236,-2.42,170,56.2,90,14.89,0.54,2026-10-27,False,https://www.tradingview.com/chart/?symbol=NASDAQ:HOOD&interval=D,False,False,False,False
TVTX,"Travere Therapeutics, Inc.",NASDAQ,Pharmaceuticals: Major,53.44,62.7,62.2,4.65,4.8,2061564.0,1678540.5666666667,89701208.0,105241136.0,-11.45,361,-19.08,327,-8.65,197,71.01,70,14.43,-2.93,2026-10-22,False,https://www.tradingview.com/chart/?symbol=NASDAQ:TVTX&interval=D,False,False,False,False
MRX,Marex Group Limited,NASDAQ,Internet Software/Services,71.88,72.93,70.6,4.37,4.55,739354.1,782721.6,56262029.0,57085974.0,-0.17,161,-4.98,191,4.55,136,43.42,109,14.33,0.4,2026-11-05,False,https://www.tradingview.com/chart/?symbol=NASDAQ:MRX&interval=D,False,False,False,False
IONQ,"IonQ, Inc.",NYSE,Computer Processing Hardware,41.34,40.67,41.1,6.09,6.34,23845149.3,22530099.5,931394313.0,916209026.0,-6.56,293,5.81,109,-9.14,199,46.16,106,14.27,0.09,2026-11-11,False,https://www.tradingview.com/chart/?symbol=NYSE:IONQ&interval=D,False,False,False,False
GENI,Genius Sports Limited,NYSE,Internet Software/Services,6.34,6.64,7.07,6.79,6.78,9105007.2,7230675.933333334,45842485.0,48016509.0,3.09,121,-16.47,303,1.93,153,55.01,92,13.49,-1.53,2026-11-11,False,https://www.tradingview.com/chart/?symbol=NYSE:GENI&interval=D,False,False,False,False
TGTX,"TG Therapeutics, Inc.",NASDAQ,Pharmaceuticals: Major,52.95,55.4,53.56,4.16,4.28,1664530.0,1776539.8,94067782.0,98414679.0,-6.13,287,-5.95,200,-7.99,194,52.9,94,12.99,-0.26,2026-11-09,False,https://www.tradingview.com/chart/?symbol=NASDAQ:TGTX&interval=D,False,False,False,False
TER,"Teradyne, Inc.",NASDAQ,Electronic Production Equipment,411.78,378.61,380.56,4.1,4.96,2026618.5,2404050.033333333,989939723.0,910194178.0,2.28,131,19.05,50,8.58,119,11.0,186,12.88,1.65,2026-10-27,False,https://www.tradingview.com/chart/?symbol=NASDAQ:TER&interval=D,False,False,False,False
COHR,Coherent Corp.,NYSE,Semiconductors,334.56,297.43,301.22,5.36,6.08,6507789.5,6357604.366666666,2127000117.0,1890916836.0,13.54,18,24.05,39,-0.17,160,13.05,181,12.31,1.82,2026-11-11,False,https://www.tradingview.com/chart/?symbol=NYSE:COHR&interval=D,True,False,False,False
BETA,"Beta Technologies, Inc.",NYSE,Aerospace & Defense,20.26,21.45,22.1,7.66,7.66,1995096.1,3286849.066666667,66591562.0,70496339.0,-10.16,349,-4.21,185,18.13,91,22.49,146,12.14,-1.09,2026-12-03,False,https://www.tradingview.com/chart/?symbol=NYSE:BETA&interval=D,False,False,False,False
PGY,Pagaya Technologies Ltd.,NASDAQ,Packaged Software,18.14,20.19,20.43,5.0,5.8,2426562.3999999957,2331763.4666666663,42298189.0,47080636.0,3.19,120,-19.86,336,5.96,127,50.17,101,12.09,-1.93,2026-10-29,False,https://www.tradingview.com/chart/?symbol=NASDAQ:PGY&interval=D,False,False,False,False
HIMS,"Hims & Hers Health, Inc.",NYSE,Medical/Nursing Services,29.54,28.84,29.31,5.46,5.47,9283140.4,9514692.866666667,281064027.0,274416429.0,1.3,142,6.53,106,-18.4,273,48.07,102,12.07,0.14,2026-11-09,False,https://www.tradingview.com/chart/?symbol=NYSE:HIMS&interval=D,False,False,False,False
FSLY,"Fastly, Inc.",NASDAQ,Information Technology Services,25.28,24.26,24.6,9.49,8.25,5803163.9,6710521.866666666,169641993.0,162781603.0,-0.47,163,21.19,45,30.51,58,-15.79,279,11.97,0.33,2026-11-04,False,https://www.tradingview.com/chart/?symbol=NASDAQ:FSLY&interval=D,False,False,False,False
SYRE,"Spyre Therapeutics, Inc.",NASDAQ,Pharmaceuticals: Major,80.85,89.1,95.01,6.32,6.71,1699673.7,1491808.9666666666,120612755.0,132913217.0,-8.79,334,-6.48,204,-16.1,249,57.3,87,11.57,-2.22,2026-11-05,False,https://www.tradingview.com/chart/?symbol=NASDAQ:SYRE&interval=D,False,False,False,False
WAY,Waystar Holding Corp.,NASDAQ,Packaged Software,25.77,25.33,24.81,4.31,4.38,1923896.7,2090355.3333333333,53868457.0,52943823.0,2.96,125,-1.04,155,15.77,97,19.53,161,11.42,0.88,2026-11-11,False,https://www.tradingview.com/chart/?symbol=NASDAQ:WAY&interval=D,False,False,False,False
QCOM,QUALCOMM Incorporated,NASDAQ,Semiconductors,177.12,180.44,172.23,4.5,4.32,11050183.5,13349973.9,2364547377.0,2408824791.0,-4.2,234,4.2,120,-7.97,193,37.52,119,11.25,0.66,2026-11-11,False,https://www.tradingview.com/chart/?symbol=NASDAQ:QCOM&interval=D,False,False,False,False
PATH,"UiPath, Inc.",NYSE,Packaged Software,13.07,14.48,14.69,4.04,5.08,35600735.6,51438292.3,672298480.0,744792180.0,6.09,80,-19.52,333,17.96,92,31.89,127,10.11,-2.17,2026-12-09,False,https://www.tradingview.com/chart/?symbol=NYSE:PATH&interval=D,False,False,False,False
GDDY,GoDaddy Inc.,NYSE,Data Processing Services,97.21,98.26,96.72,4.8,4.37,2615125.6,2414228.033333333,234687107.0,237227680.0,2.91,126,-4.97,190,14.84,100,20.4,157,10.09,0.12,2026-10-29,False,https://www.tradingview.com/chart/?symbol=NYSE:GDDY&interval=D,False,False,False,False
SEZL,Sezzle Inc.,NASDAQ,Packaged Software,113.85,115.58,124.17,4.34,4.92,481204.4,471999.90000000014,53737189.0,54555400.0,5.45,91,-6.5,206,-32.28,350,68.99,74,10.07,-1.69,2026-11-05,False,https://www.tradingview.com/chart/?symbol=NASDAQ:SEZL&interval=D,False,False,False,False
DFTX,"Definium Therapeutics, Inc.",NASDAQ,Pharmaceuticals: Major,35.09,38.46,40.72,4.97,5.62,2310518.3999999976,2251682.2666666643,79011531.0,86599700.0,-8.67,331,-7.51,216,-22.14,301,59.46,82,9.94,-2.46,2026-11-05,False,https://www.tradingview.com/chart/?symbol=NASDAQ:DFTX&interval=D,False,False,False,False
MNDY,monday.com Ltd.,NASDAQ,Packaged Software,83.51,88.06,88.76,4.93,5.61,1106428.6,1148836.8333333333,95939364.0,101168103.0,9.87,38,-11.9,265,7.49,124,33.62,124,9.74,-1.05,2026-11-16,False,https://www.tradingview.com/chart/?symbol=NASDAQ:MNDY&interval=D,False,False,False,False
FIGS,"FIGS, Inc.",NYSE,Apparel/Footwear,14.06,13.85,13.6,4.63,4.8,3335483.0,2764861.966666667,38873959.0,38281357.0,-0.64,166,-5.45,194,38.52,50,-4.03,231,9.68,0.71,2026-11-05,False,https://www.tradingview.com/chart/?symbol=NYSE:FIGS&interval=D,False,False,False,False
DXC,DXC Technology Company,NYSE,Data Processing Services,12.02,11.22,11.1,4.14,4.32,3470935.9000000088,2883517.399999999,34659879.0,32357871.0,15.47,13,4.7,115,28.01,66,-3.99,229,9.57,1.92,2026-11-04,False,https://www.tradingview.com/chart/?symbol=NYSE:DXC&interval=D,True,False,False,False
KEEL,Keel Infrastructure Corp.,NASDAQ,Data Processing Services,3.33,3.55,3.56,6.58,7.73,23019587.5,31088408.766666666,103524401.0,110249860.0,-10.24,350,0.91,139,-30.77,343,58.57,84,9.57,-0.85,2026-11-16,False,https://www.tradingview.com/chart/?symbol=NASDAQ:KEEL&interval=D,False,False,False,False
RMBS,"Rambus, Inc.",NASDAQ,Semiconductors,111.48,94.68,94.64,4.82,4.61,1614463.3,2354206.433333333,262446933.0,222885279.0,8.11,51,29.84,30,-4.34,178,2.7,211,9.4,3.86,2026-10-26,False,https://www.tradingview.com/chart/?symbol=NASDAQ:RMBS&interval=D,False,False,False,False
CLS,"Celestica, Inc.",NYSE,Electronic Components,371.57,338.62,333.57,4.56,5.2,2152852.2,2174498.1666666665,807978284.0,736332193.0,0.56,155,17.47,53,-0.58,164,10.34,189,9.08,2.19,2026-10-26,False,https://www.tradingview.com/chart/?symbol=NYSE:CLS&interval=D,False,False,False,False
AUR,"Aurora Innovation, Inc.",NASDAQ,Packaged Software,5.72,6.02,6.23,5.75,5.57,29253317.4,31110403.733333334,177951509.0,187419442.0,5.15,97,-8.7,231,-6.84,185,41.06,112,8.51,-1.48,2026-11-04,False,https://www.tradingview.com/chart/?symbol=NASDAQ:AUR&interval=D,False,False,False,False
WTTR,"Select Water Solutions, Inc.",NYSE,Oil & Gas Production,19.33,20.01,20.0,4.4,4.35,2221967.0,1761740.1333333333,34054437.0,35251833.0,-2.23,193,-3.93,180,0.21,159,29.12,132,8.47,-0.77,2026-11-03,False,https://www.tradingview.com/chart/?symbol=NYSE:WTTR&interval=D,False,False,False,False
CIEN,Ciena Corporation,NYSE,Telecommunications Equipment,446.45,362.53,377.18,4.53,5.41,2709638.9,2766085.066666667,1234918678.0,1002793429.0,25.79,4,38.79,16,-3.07,172,-10.37,254,8.45,3.39,2026-12-10,False,https://www.tradingview.com/chart/?symbol=NYSE:CIEN&interval=D,True,True,False,False
WOLF,"Wolfspeed, Inc.",NYSE,Semiconductors,31.37,27.57,27.68,7.14,7.95,3519146.1000001146,2822374.3333333554,88537883.0,77826031.0,10.85,32,15.76,58,-17.45,267,25.78,141,8.03,1.68,2026-10-28,False,https://www.tradingview.com/chart/?symbol=NYSE:WOLF&interval=D,False,False,False,False
PAY,"Paymentus Holdings, Inc.",NYSE,Miscellaneous Commercial Services,31.32,34.01,36.08,4.22,4.49,1177618.8,1171815.9,36701274.0,39847990.0,6.03,82,-13.34,276,11.02,112,26.09,140,7.92,-2.94,2026-11-09,False,https://www.tradingview.com/chart/?symbol=NYSE:PAY&interval=D,False,False,False,False
ACMR,"ACM Research, Inc.",NASDAQ,Industrial Machinery,72.77,74.14,76.3,6.08,6.81,1348116.7,1141298.4000000006,83052285.0,84612820.0,-4.78,251,2.13,135,-31.99,348,52.37,96,7.5,-0.68,2026-10-28,False,https://www.tradingview.com/chart/?symbol=NASDAQ:ACMR&interval=D,False,False,False,False
SHLS,"Shoals Technologies Group, Inc.",NASDAQ,Semiconductors,8.39,7.49,7.79,4.82,5.31,3840464.9,4328565.166666667,36316662.0,32436103.0,6.61,71,19.35,48,-16.77,259,19.86,160,7.48,1.46,2026-11-10,False,https://www.tradingview.com/chart/?symbol=NASDAQ:SHLS&interval=D,False,False,False,False
HUT,Hut 8 Corp.,NASDAQ,Data Processing Services,89.3,91.39,91.0,6.97,7.83,4550016.400000011,4681026.399999999,418015658.0,427807585.0,-4.36,238,2.63,130,-19.19,282,38.45,116,7.3,-0.24,2026-11-18,False,https://www.tradingview.com/chart/?symbol=NASDAQ:HUT&interval=D,False,False,False,False
WRBY,Warby Parker Inc.,NYSE,Specialty Stores,25.31,24.99,25.7,6.54,6.13,3977678.2,3117259.8,78897846.0,77915909.0,-9.35,340,10.04,89,-9.32,201,20.64,153,7.12,-0.25,2026-11-05,False,https://www.tradingview.com/chart/?symbol=NYSE:WRBY&interval=D,False,False,False,False
RHI,Robert Half Inc.,NYSE,Personnel Services,33.95,38.82,40.11,4.12,4.48,1835237.5,1828888.3333333333,62090759.0,70998664.0,-7.94,314,-20.42,344,3.98,137,36.73,120,6.76,-3.43,2026-10-27,False,https://www.tradingview.com/chart/?symbol=NYSE:RHI&interval=D,False,False,False,False
TH,Target Hospitality Corp.,NASDAQ,Hotels/Resorts/Cruise lines,18.26,19.41,18.24,4.67,5.3,2769900.3,2477079.0,45231463.0,48071021.0,-5.92,281,-1.78,160,-0.54,163,22.55,145,6.74,0.02,2026-11-11,False,https://www.tradingview.com/chart/?symbol=NASDAQ:TH&interval=D,False,False,False,False
ARXS,"Arxis, Inc.",NASDAQ,Aerospace & Defense,47.05,50.92,52.68,4.78,5.01,1402436.9,995295.2333333333,46828641.0,50681429.0,-4.47,240,-11.63,262,8.01,120,23.82,144,6.73,-2.13,2026-12-02,False,https://www.tradingview.com/chart/?symbol=NASDAQ:ARXS&interval=D,False,False,False,False
VSAT,"ViaSat, Inc.",NASDAQ,Telecommunications Equipment,70.87,72.12,74.98,5.25,5.76,1557611.0,1690615.9333333333,119813951.0,121928348.0,1.96,134,-1.21,158,-7.15,187,26.55,137,6.06,-0.95,2026-11-11,False,https://www.tradingview.com/chart/?symbol=NASDAQ:VSAT&interval=D,False,False,False,False
COIN,"Coinbase Global, Inc.",NASDAQ,Investment Banks/Brokers,178.45,185.11,174.01,5.39,6.13,7396002.7,9240528.766666668,1648972358.0,1710532761.0,-8.72,333,-3.52,175,13.86,103,5.37,206,5.23,0.42,2026-10-29,False,https://www.tradingview.com/chart/?symbol=NASDAQ:COIN&interval=D,False,False,False,False
AUGO,Aura Minerals Inc.,NASDAQ,Other Metals/Minerals,82.02,84.87,80.09,4.35,5.41,835231.9000000013,1021403.2999999986,83775499.0,86690754.0,1.64,138,-2.22,165,32.5,57,-17.29,286,4.33,0.45,2026-11-05,False,https://www.tradingview.com/chart/?symbol=NASDAQ:AUGO&interval=D,False,False,False,False
HUBS,"HubSpot, Inc.",NYSE,Packaged Software,220.27,229.9,230.53,5.22,5.79,1323041.8,1596350.9,351628213.0,367002136.0,10.55,36,-10.86,258,15.93,96,7.85,200,4.31,-0.77,2026-11-11,False,https://www.tradingview.com/chart/?symbol=NYSE:HUBS&interval=D,False,False,False,False
VCYT,"Veracyte, Inc.",NASDAQ,Medical Specialties,43.16,43.55,44.3,6.25,5.98,1578580.1,1454960.5,62796095.0,63363772.0,-6.03,282,-2.38,166,-24.25,316,38.02,118,3.8,-0.43,2026-11-10,False,https://www.tradingview.com/chart/?symbol=NASDAQ:VCYT&interval=D,False,False,False,False
AAOI,"Applied Optoelectronics, Inc.",NASDAQ,Semiconductors,122.54,106.19,112.91,6.15,7.14,8739051.2,7318664.066666666,896829095.0,777151860.0,20.26,9,20.24,47,2.54,148,-12.31,259,3.49,1.19,2026-11-05,False,https://www.tradingview.com/chart/?symbol=NASDAQ:AAOI&interval=D,True,False,False,False
STRL,"Sterling Infrastructure, Inc.",NASDAQ,Engineering & Construction,534.13,498.63,517.12,4.66,5.62,494039.9,539659.4,288248275.0,269088388.0,5.66,90,12.12,75,-24.42,317,22.2,149,3.3,0.59,2026-11-09,False,https://www.tradingview.com/chart/?symbol=NASDAQ:STRL&interval=D,False,False,False,False
KOS,Kosmos Energy Ltd.,NYSE,Integrated Oil,2.59,2.76,2.7,5.64,6.11,13997311.8,12777208.8,33092971.0,35209728.0,1.17,145,-6.5,207,14.6,101,1.57,215,3.22,-0.67,2026-11-09,False,https://www.tradingview.com/chart/?symbol=NYSE:KOS&interval=D,False,False,False,False
TTMI,"TTM Technologies, Inc.",NASDAQ,Electronic Components,128.2,122.88,123.66,5.08,5.81,1893269.8,1907804.0333333334,244580477.0,234432867.0,3.43,115,8.11,99,-16.21,252,17.42,170,3.11,0.63,2026-11-04,False,https://www.tradingview.com/chart/?symbol=NASDAQ:TTMI&interval=D,False,False,False,False
AMBA,"Ambarella, Inc.",NASDAQ,Semiconductors,65.33,67.59,72.03,5.03,5.63,1132934.8,1690509.0666666667,110440957.0,114259817.0,-5.36,266,3.4,125,-15.57,245,21.41,151,3.08,-1.65,2026-12-01,False,https://www.tradingview.com/chart/?symbol=NASDAQ:AMBA&interval=D,False,False,False,False
EPAM,"EPAM Systems, Inc.",NYSE,Information Technology Services,108.32,113.54,109.76,4.08,4.53,1037066.9,1092148.0333333334,118301475.0,124004308.0,0.82,150,-8.64,229,30.51,59,-12.67,262,3.07,-0.29,2026-11-05,False,https://www.tradingview.com/chart/?symbol=NYSE:EPAM&interval=D,False,False,False,False
KMX,CarMax Inc,NYSE,Specialty Stores,53.28,58.93,59.05,5.3,4.7,4510272.7,2829552.566666667,150758561.0,166734215.0,-9.91,347,-14.38,287,5.15,129,16.84,173,2.54,-2.08,2026-12-17,False,https://www.tradingview.com/chart/?symbol=NYSE:KMX&interval=D,False,False,False,False
HIVE,HIVE Digital Technologies Ltd,NASDAQ,Information Technology Services,2.75,3.03,2.95,6.21,6.8,10041874.299999993,12502826.933333356,34382774.0,37871063.0,-11.0,360,-7.09,210,-16.16,251,30.33,128,2.36,-0.99,2026-11-16,False,https://www.tradingview.com/chart/?symbol=NASDAQ:HIVE&interval=D,False,False,False,False
EAT,"Brinker International, Inc.",NYSE,Restaurants,185.31,211.32,219.08,4.47,4.88,1159141.4,1353914.6,250893915.0,286107428.0,-6.35,290,-18.39,320,4.85,132,19.94,159,2.13,-3.16,2026-11-04,False,https://www.tradingview.com/chart/?symbol=NYSE:EAT&interval=D,False,False,False,False
ORKA,"Oruka Therapeutics, Inc.",NASDAQ,Pharmaceuticals: Major,79.5,90.02,95.19,5.59,5.76,968106.2,918288.1666666666,73003909.0,82665219.0,-4.6,244,-11.73,263,-7.33,189,25.26,143,2.07,-2.86,2026-11-18,False,https://www.tradingview.com/chart/?symbol=NASDAQ:ORKA&interval=D,False,False,False,False
BLSH,Bullish,NYSE,Packaged Software,31.82,35.4,31.38,6.63,7.22,917790.2,1405412.8333333333,44720236.0,49758173.0,-13.67,376,-8.27,221,27.38,67,-13.2,266,1.97,0.19,2026-11-25,False,https://www.tradingview.com/chart/?symbol=NYSE:BLSH&interval=D,False,False,False,False
FIG,FIGMA INC,NYSE,Packaged Software,21.62,23.39,24.29,4.51,5.41,9217132.2,13502088.366666667,291915150.0,315822848.0,4.04,107,-12.43,270,4.6,135,13.31,180,1.82,-2.04,2026-11-11,False,https://www.tradingview.com/chart/?symbol=NYSE:FIG&interval=D,False,False,False,False
IDYA,"IDEAYA Biosciences, Inc.",NASDAQ,Pharmaceuticals: Major,36.26,38.54,38.05,4.42,4.16,795037.5,805543.9,29209022.0,31047273.0,-4.85,255,-8.32,223,-3.87,175,17.35,171,1.72,-1.13,2026-11-10,False,https://www.tradingview.com/chart/?symbol=NASDAQ:IDYA&interval=D,False,False,False,False
NCNO,"nCino, Inc.",NASDAQ,Packaged Software,19.09,20.87,20.41,4.57,4.68,2060049.1,2484596.1,47430940.0,51856833.0,6.47,74,-17.93,317,13.29,105,7.79,201,1.05,-1.38,2026-12-02,False,https://www.tradingview.com/chart/?symbol=NASDAQ:NCNO&interval=D,False,False,False,False
POET,POET Technologies Inc.,NASDAQ,Electrical Products,7.42,7.7,7.92,5.26,6.3,7582820.0,8086476.366666702,59961222.0,62240261.0,-4.45,239,-0.74,151,-15.26,242,18.83,164,0.95,-1.02,2026-11-12,False,https://www.tradingview.com/chart/?symbol=NASDAQ:POET&interval=D,False,False,False,False
CRCL,"Circle Internet Group, Inc.",NYSE,Packaged Software,80.84,89.61,82.52,5.85,7.1,9923332.1,13868893.033333333,1121161313.0,1242777636.0,-5.69,274,-17.49,313,28.42,65,-8.19,245,0.91,-0.29,2026-11-18,False,https://www.tradingview.com/chart/?symbol=NYSE:CRCL&interval=D,False,False,False,False
RDW,Redwire Corporation,NYSE,Aerospace & Defense,10.24,10.88,11.2,6.92,7.24,14434696.9,12906659.2,132164190.0,140381430.0,-5.71,275,-3.21,172,-2.94,171,8.36,195,0.74,-1.18,2026-11-11,False,https://www.tradingview.com/chart/?symbol=NYSE:RDW&interval=D,False,False,False,False
VIRT,"Virtu Financial, Inc.",NYSE,Investment Banks/Brokers,58.81,59.67,59.56,4.27,4.57,1657806.1,1211194.1333333333,71230327.0,72268320.0,8.75,46,-8.11,219,-10.12,207,18.95,163,0.24,-0.27,2026-11-04,False,https://www.tradingview.com/chart/?symbol=NYSE:VIRT&interval=D,False,False,False,False
RKLB,Rocket Lab Corporation,NASDAQ,Aerospace & Defense,71.92,67.58,70.27,5.35,5.66,21807556.9,19965966.733333334,1435952327.0,1349339964.0,1.81,136,11.06,85,-16.66,257,6.23,205,0.21,0.42,2026-11-16,False,https://www.tradingview.com/chart/?symbol=NASDAQ:RKLB&interval=D,False,False,False,False
NVTS,Navitas Semiconductor Corporation,NASDAQ,Semiconductors,11.3,11.67,12.09,6.35,7.27,18388104.8,13845722.066666666,156456659.0,161598037.0,-4.12,232,0.8,142,-19.63,285,19.2,162,0.12,-0.9,2026-11-09,False,https://www.tradingview.com/chart/?symbol=NASDAQ:NVTS&interval=D,False,False,False,False
HRI,Herc Holdings Inc.,NYSE,Finance/Rental/Leasing,124.42,139.42,149.17,6.29,6.4,646666.5,786140.0666666667,97811547.0,109604434.0,-2.8,209,-8.68,230,-12.48,220,20.07,158,-0.36,-2.59,2026-10-15,False,https://www.tradingview.com/chart/?symbol=NYSE:HRI&interval=D,False,False,False,False
EXPE,"Expedia Group, Inc.",NASDAQ,Other Consumer Services,258.86,283.21,296.92,4.27,4.33,1841489.1,2135458.1666666665,552784701.0,604792361.0,-2.13,189,-14.34,285,-0.29,161,11.78,184,-0.95,-2.96,2026-10-29,False,https://www.tradingview.com/chart/?symbol=NASDAQ:EXPE&interval=D,False,False,False,False
KVYO,"Klaviyo, Inc. Series A",NYSE,Packaged Software,17.41,17.15,17.54,4.7,5.33,5675543.1,6471642.3,112671292.0,110960622.0,13.57,17,-10.53,256,8.81,117,-1.75,227,-1.16,-0.13,2026-11-11,False,https://www.tradingview.com/chart/?symbol=NYSE:KVYO&interval=D,True,False,False,False
TTAN,"ServiceTitan, Inc.",NASDAQ,Packaged Software,71.74,70.95,78.08,5.14,5.93,1954165.9,3483669.8666666667,249918476.0,247150120.0,12.16,27,-21.65,350,-4.28,177,22.4,147,-1.18,-1.37,2027-01-19,False,https://www.tradingview.com/chart/?symbol=NASDAQ:TTAN&interval=D,False,False,False,False
CAMT,Camtek Ltd.,NASDAQ,Electronic Components,152.2,145.64,148.15,4.16,5.21,398459.6,378662.9666666667,57632504.0,55149610.0,-3.59,222,7.55,101,3.26,145,-14.59,273,-1.26,0.53,2026-11-17,False,https://www.tradingview.com/chart/?symbol=NASDAQ:CAMT&interval=D,False,False,False,False
WGS,GeneDx Holdings Corp.,NASDAQ,Medical/Nursing Services,68.53,85.67,81.96,9.44,8.73,853172.7000000014,702411.5666666661,48136265.0,60175716.0,-9.52,341,-21.93,351,5.09,131,12.7,182,-1.38,-1.88,2026-11-03,False,https://www.tradingview.com/chart/?symbol=NASDAQ:WGS&interval=D,False,False,False,False
VG,"Venture Global, Inc.",NYSE,Oil & Gas Pipelines,13.05,14.03,13.87,4.73,5.22,11805398.8,13701448.866666667,178803908.0,192267865.0,4.23,104,-9.0,233,3.16,146,0.62,218,-1.74,-1.13,2026-11-16,False,https://www.tradingview.com/chart/?symbol=NYSE:VG&interval=D,False,False,False,False
CNXC,Concentrix Corporation,NASDAQ,Information Technology Services,26.16,28.28,27.09,8.84,8.4,2592859.2,1965386.8333333333,51414520.0,55577864.0,4.68,101,-19.46,332,24.22,78,-10.2,252,-1.81,-0.41,2027-01-19,False,https://www.tradingview.com/chart/?symbol=NASDAQ:CNXC&interval=D,False,False,False,False
CLSK,"CleanSpark, Inc.",NASDAQ,Data Processing Services,11.52,12.98,12.82,6.77,7.55,15178803.3,16636056.733333332,191647374.0,215963743.0,-15.67,385,-6.04,201,-11.72,215,11.95,183,-1.94,-1.35,2026-12-16,False,https://www.tradingview.com/chart/?symbol=NASDAQ:CLSK&interval=D,False,False,False,False
QUBT,Quantum Computing Inc.,NASDAQ,Information Technology Services,7.62,8.3,8.43,5.37,5.56,6973960.5,6843876.866666666,52150342.0,56772240.0,-10.77,358,-3.91,179,-13.41,228,9.96,190,-2.45,-1.73,2026-11-18,False,https://www.tradingview.com/chart/?symbol=NASDAQ:QUBT&interval=D,False,False,False,False
CRWV,"CoreWeave, Inc.",NASDAQ,Packaged Software,88.45,86.76,87.85,4.84,5.71,23969639.7,26634369.766666666,2355810006.0,2310691383.0,0.43,157,3.18,128,-5.23,181,-5.34,237,-2.46,0.12,2026-11-16,False,https://www.tradingview.com/chart/?symbol=NASDAQ:CRWV&interval=D,False,False,False,False
COMP,"Compass, Inc.",NYSE,Real Estate Development,9.19,10.06,10.93,4.86,5.14,17820322.0,15182971.066666666,139531504.0,152745750.0,1.66,137,-15.3,294,-19.88,288,27.29,136,-2.63,-3.11,2026-11-11,False,https://www.tradingview.com/chart/?symbol=NYSE:COMP&interval=D,False,False,False,False
VRDN,"Viridian Therapeutics, Inc.",NASDAQ,Pharmaceuticals: Major,18.28,21.57,21.9,4.81,5.01,1970957.2,1669432.0666666667,30517218.0,36015493.0,-9.82,346,-19.19,329,-7.26,188,18.47,165,-2.66,-3.3,2026-11-16,False,https://www.tradingview.com/chart/?symbol=NASDAQ:VRDN&interval=D,False,False,False,False
BLLN,"BillionToOne, Inc.",NASDAQ,Medical/Nursing Services,95.75,104.28,105.92,8.45,7.56,649007.8,629902.1,60313126.0,65688501.0,-19.18,392,-2.14,164,-20.61,293,14.7,176,-2.68,-1.27,2026-12-15,False,https://www.tradingview.com/chart/?symbol=NASDAQ:BLLN&interval=D,False,False,False,False
EQPT,EquipmentShare.com Inc,NASDAQ,Internet Software/Services,17.68,18.05,18.69,6.84,6.87,3773596.7,3204859.466666667,56661915.0,57840235.0,-5.0,259,-2.86,169,7.54,123,-13.03,264,-2.78,-0.79,2026-12-02,False,https://www.tradingview.com/chart/?symbol=NASDAQ:EQPT&interval=D,False,False,False,False
AESI,Atlas Energy Solutions Inc.,NYSE,Oilfield Services/Equipment,12.46,12.84,12.38,5.97,6.65,4609792.7,3492462.7,43516085.0,44831580.0,6.04,81,-5.03,192,-13.17,226,9.11,192,-3.03,0.1,2026-11-02,False,https://www.tradingview.com/chart/?symbol=NYSE:AESI&interval=D,False,False,False,False
GLOB,Globant S.A.,NYSE,Information Technology Services,35.49,37.14,37.6,4.23,4.93,825627.8,957752.3,33990629.0,35569643.0,4.26,103,-10.86,259,23.19,80,-22.31,308,-3.33,-1.14,2026-11-12,False,https://www.tradingview.com/chart/?symbol=NYSE:GLOB&interval=D,False,False,False,False
PTRN,Pattern Group Inc. - Series A,NASDAQ,Advertising/Marketing Services,17.71,19.23,20.37,4.9,5.12,1704199.3,1607521.7,28469209.0,30908891.0,4.12,106,-13.4,277,-35.86,357,38.36,117,-3.63,-2.55,2026-11-11,False,https://www.tradingview.com/chart/?symbol=NASDAQ:PTRN&interval=D,False,False,False,False
BTU,Peabody Energy Corporation,NYSE,Coal,24.85,26.96,25.96,4.65,4.61,1774550.3,2368615.4,58860093.0,63864977.0,1.3,141,-9.14,237,7.95,121,-9.93,251,-3.71,-0.92,2026-10-29,False,https://www.tradingview.com/chart/?symbol=NYSE:BTU&interval=D,False,False,False,False
CECO,CECO Environmental Corp.,NASDAQ,Industrial Machinery,71.16,72.62,72.32,4.36,5.38,621380.7,686481.9333333333,48850054.0,49853577.0,-0.43,162,-4.15,183,-16.81,260,9.24,191,-3.91,-0.3,2026-11-09,False,https://www.tradingview.com/chart/?symbol=NASDAQ:CECO&interval=D,False,False,False,False
FIVE,"Five Below, Inc.",NASDAQ,Discount Stores,204.24,234.59,234.88,4.22,4.5,954657.4,1202878.1333333333,245669816.0,282178570.0,-7.56,304,-14.5,289,10.88,113,-8.62,246,-4.08,-2.9,2026-12-02,False,https://www.tradingview.com/chart/?symbol=NASDAQ:FIVE&interval=D,False,False,False,False
ARQT,"Arcutis Biotherapeutics, Inc.",NASDAQ,Pharmaceuticals: Major,24.17,25.06,25.49,5.28,4.93,2263666.5,2974282.033333333,71888397.0,74524106.0,-10.48,353,3.87,123,-14.89,238,-1.23,224,-4.08,-1.05,2026-10-29,False,https://www.tradingview.com/chart/?symbol=NASDAQ:ARQT&interval=D,False,False,False,False
JBL,Jabil Inc.,NYSE,Industrial Machinery,299.47,305.47,316.51,4.27,4.47,1810957.9,1327851.9,397651808.0,405624231.0,-2.13,190,-3.22,173,-10.64,208,0.87,217,-4.33,-1.2,2026-12-10,False,https://www.tradingview.com/chart/?symbol=NYSE:JBL&interval=D,False,False,False,False
BTBT,"Bit Digital, Inc.",NASDAQ,Miscellaneous Commercial Services,1.46,1.6,1.53,7.62,8.13,18806882.5,25880001.9,37784803.0,41338990.0,-15.11,382,-8.46,227,-13.61,229,8.15,197,-4.64,-0.58,2026-11-12,False,https://www.tradingview.com/chart/?symbol=NASDAQ:BTBT&interval=D,False,False,False,False
RDDT,"Reddit, Inc.",NYSE,Internet Software/Services,152.71,152.16,154.84,4.21,4.74,3935048.3,4487786.733333333,685329912.0,682864621.0,3.55,112,-1.95,162,-20.88,296,8.27,196,-4.85,-0.29,2026-11-04,False,https://www.tradingview.com/chart/?symbol=NYSE:RDDT&interval=D,False,False,False,False
GLW,Corning Incorporated,NYSE,Electronic Components,163.25,155.03,154.46,4.02,4.98,6835056.5,8189726.333333333,1336972824.0,1269620515.0,3.0,123,9.9,91,-19.08,281,-5.42,238,-4.87,1.14,2026-10-27,False,https://www.tradingview.com/chart/?symbol=NYSE:GLW&interval=D,False,False,False,False
SGRY,"Surgery Partners, Inc.",NASDAQ,Hospital/Nursing Management,13.71,14.0,14.41,5.41,5.04,1542149.6,2317522.433333333,31773233.0,32441452.0,-4.26,236,-3.25,174,-17.06,262,5.22,207,-5.03,-0.96,2026-11-10,False,https://www.tradingview.com/chart/?symbol=NASDAQ:SGRY&interval=D,False,False,False,False
AAON,"AAON, Inc.",NASDAQ,Industrial Machinery,87.13,79.94,82.51,4.62,4.74,1142988.2999999986,1128661.566666666,98340282.0,90224077.0,2.27,132,11.73,81,-21.55,300,-5.29,236,-5.04,1.18,2026-11-09,False,https://www.tradingview.com/chart/?symbol=NASDAQ:AAON&interval=D,False,False,False,False
RIOT,"Riot Platforms, Inc.",NASDAQ,Information Technology Services,18.54,21.06,20.74,6.97,7.59,15710883.2,15672437.3,290566988.0,330056305.0,-14.88,380,-10.61,257,-15.8,247,10.75,187,-5.22,-1.4,2026-11-10,False,https://www.tradingview.com/chart/?symbol=NASDAQ:RIOT&interval=D,False,False,False,False
TMDX,"TransMedics Group, Inc.",NASDAQ,Medical Specialties,81.07,85.39,85.68,4.7,5.13,738290.8,739937.0,59986693.0,63186057.0,-4.48,242,-4.21,184,14.52,102,-26.28,322,-5.32,-1.05,2026-11-04,False,https://www.tradingview.com/chart/?symbol=NASDAQ:TMDX&interval=D,False,False,False,False
IREN,IREN Limited,NASDAQ,Data Processing Services,38.69,42.42,41.66,6.0,6.84,35869133.7,39196750.266666666,1516522268.0,1662817605.0,-8.21,319,-5.75,198,-13.05,225,2.57,212,-5.41,-1.04,2026-12-01,False,https://www.tradingview.com/chart/?symbol=NASDAQ:IREN&interval=D,False,False,False,False
MIR,"Mirion Technologies, Inc.",NYSE,Aerospace & Defense,16.45,15.6,15.47,4.27,4.56,4113968.2,3880648.7333333334,63836672.0,60539414.0,14.95,14,-0.9,153,-0.9,165,-14.63,274,-5.48,1.39,2026-11-03,False,https://www.tradingview.com/chart/?symbol=NYSE:MIR&interval=D,True,False,False,False
INFQ,"Infleqtion, Inc.",NYSE,Computer Processing Hardware,11.64,13.27,12.73,6.89,7.19,6749971.6,7889188.766666667,91830157.0,104721092.0,-16.14,387,-9.77,247,-0.51,162,-6.51,240,-5.6,-1.19,2026-12-02,False,https://www.tradingview.com/chart/?symbol=NYSE:INFQ&interval=D,False,False,False,False
RGTI,"Rigetti Computing, Inc.",NASDAQ,Computer Processing Hardware,14.59,15.59,16.15,5.52,5.96,14432802.5,15830143.966666667,230961800.0,246778753.0,-7.98,315,-4.14,182,-14.08,231,1.18,216,-5.68,-1.63,2026-11-16,False,https://www.tradingview.com/chart/?symbol=NASDAQ:RGTI&interval=D,False,False,False,False
SHAZ,"SharonAI Holdings, Inc.",NASDAQ,Data Processing Services,45.12,54.6,56.37,8.19,9.98,1342394.5,1473409.3333333333,66480229.0,80441028.0,-17.13,388,-18.56,322,-44.21,379,45.55,107,-5.74,-2.0,2026-11-04,False,https://www.tradingview.com/chart/?symbol=NASDAQ:SHAZ&interval=D,False,False,False,False
PRM,"Perimeter Solutions, SA",NYSE,Chemicals: Major Diversified,28.44,30.05,31.32,4.6,4.5,1588383.6,1224264.5666666667,34818084.0,36790374.0,4.75,100,-10.45,255,-20.22,291,13.4,179,-5.76,-2.04,2026-10-30,False,https://www.tradingview.com/chart/?symbol=NYSE:PRM&interval=D,False,False,False,False
GEN,Gen Digital Inc.,NASDAQ,Packaged Software,22.39,27.33,27.74,6.28,5.15,18176295.7,10708228.366666667,239757233.0,292657666.0,6.92,64,-27.91,379,-11.64,214,22.08,150,-5.82,-3.74,2026-11-10,False,https://www.tradingview.com/chart/?symbol=NASDAQ:GEN&interval=D,False,False,False,False
VVX,"V2X, Inc.",NYSE,Miscellaneous Commercial Services,68.07,74.25,77.41,4.09,4.22,433720.9,639218.0333333333,43511572.0,47463644.0,-6.38,292,-9.63,244,-10.96,211,2.45,213,-6.04,-2.86,2026-11-09,False,https://www.tradingview.com/chart/?symbol=NYSE:VVX&interval=D,False,False,False,False
RBLX,Roblox Corporation,NYSE,Packaged Software,46.41,44.69,42.26,4.77,5.18,13904110.3,11607359.233333332,538697542.0,518729015.0,12.62,22,11.97,77,-14.64,236,-15.95,280,-6.21,1.9,2026-11-11,False,https://www.tradingview.com/chart/?symbol=NYSE:RBLX&interval=D,False,False,False,False
MARA,"MARA Holdings, Inc.",NASDAQ,Data Processing Services,10.36,11.67,11.2,7.34,7.78,34428466.8,43032696.0,445818731.0,502134185.0,-15.84,386,-7.38,215,-18.23,272,6.42,203,-6.4,-0.96,2026-11-11,False,https://www.tradingview.com/chart/?symbol=NASDAQ:MARA&interval=D,False,False,False,False
ICHR,Ichor Holdings,NASDAQ,Industrial Machinery,60.87,56.99,60.98,4.44,5.42,683693.8,687981.1,41877410.0,39205750.0,0.56,154,11.79,80,-39.44,369,7.93,199,-6.58,-0.03,2026-11-09,False,https://www.tradingview.com/chart/?symbol=NASDAQ:ICHR&interval=D,False,False,False,False
MOD,Modine Manufacturing Company,NYSE,Industrial Machinery,189.44,173.56,176.55,4.91,5.27,1633002.5378507955,1447846.8193862455,274280101.0,251283495.0,10.84,33,10.56,88,-14.95,239,-15.72,278,-6.7,1.39,2026-11-03,False,https://www.tradingview.com/chart/?symbol=NYSE:MOD&interval=D,False,False,False,False
AKAM,"Akamai Technologies, Inc.",NASDAQ,Data Processing Services,104.61,108.51,111.49,6.17,5.64,8053115.1,4926073.1,515316507.0,534542970.0,-3.89,228,-0.37,147,-16.51,256,-4.59,234,-7.16,-1.09,2026-11-10,False,https://www.tradingview.com/chart/?symbol=NASDAQ:AKAM&interval=D,False,False,False,False
MWH,"SOLV Energy, Inc.",NASDAQ,Engineering & Construction,25.75,25.53,26.95,4.34,5.18,1337256.5,1356707.8333333333,34935227.0,34639917.0,5.79,86,4.63,116,-12.15,218,-15.07,275,-7.53,-0.86,2026-12-02,False,https://www.tradingview.com/chart/?symbol=NASDAQ:MWH&interval=D,False,False,False,False
CVNA,Carvana Co.,NYSE,Specialty Stores,62.76,68.04,68.74,4.37,4.89,8248922.7,7101742.733333333,445705374.0,483193107.0,-2.04,188,-13.85,283,-4.92,180,-4.47,233,-7.75,-1.78,2026-10-28,False,https://www.tradingview.com/chart/?symbol=NYSE:CVNA&interval=D,False,False,False,False
EROC,"ERock, Inc.",NYSE,Electrical Products,13.08,12.4,12.47,7.31,8.55,2451327.6,2547923.966666667,33326845.0,31598504.0,5.06,99,11.99,76,-1.06,166,-34.93,347,-8.0,0.57,2026-12-02,False,https://www.tradingview.com/chart/?symbol=NYSE:EROC&interval=D,False,False,False,False
AMKR,"Amkor Technology, Inc.",NASDAQ,Semiconductors,52.27,50.65,51.49,4.05,5.03,3373514.5,3974922.466666667,207769197.0,201343073.0,-3.97,229,9.79,92,-26.82,326,-6.99,242,-8.01,0.3,2026-10-26,False,https://www.tradingview.com/chart/?symbol=NASDAQ:AMKR&interval=D,False,False,False,False
WDC,Western Digital Corporation,NASDAQ,Computer Peripherals,405.42,447.62,461.7,5.66,7.03,9719897.1,7522840.233333332,3049909887.0,3367408852.0,-10.55,354,-10.35,253,-31.76,347,17.87,167,-8.08,-1.73,2026-10-22,False,https://www.tradingview.com/chart/?symbol=NASDAQ:WDC&interval=D,False,False,False,False
PPC,Pilgrim's Pride Corporation,NASDAQ,Agricultural Commodities/Milling,28.12,29.28,29.07,4.28,4.03,1616181.7,1421029.8666666667,39959360.0,41612965.0,2.67,128,-6.48,205,3.15,147,-21.19,298,-8.17,-0.81,2026-10-28,False,https://www.tradingview.com/chart/?symbol=NASDAQ:PPC&interval=D,False,False,False,False
MDA,MDA Space Ltd.,NYSE,Electronic Production Equipment,29.0,29.75,30.95,4.08,4.67,1202851.2,1227647.2,35601769.0,36520867.0,-2.03,186,-1.02,154,-18.61,276,-4.95,235,-8.19,-1.35,2026-11-06,False,https://www.tradingview.com/chart/?symbol=NYSE:MDA&interval=D,False,False,False,False
BHVN,Biohaven Ltd.,NYSE,Pharmaceuticals: Major,11.88,13.94,13.99,6.71,7.69,1973392.9,3369759.6333333333,40032744.0,46977819.0,-12.0,365,-23.45,362,-27.96,332,26.52,138,-8.3,-1.96,2026-11-17,False,https://www.tradingview.com/chart/?symbol=NYSE:BHVN&interval=D,False,False,False,False
ENPH,"Enphase Energy, Inc.",NASDAQ,Electrical Products,33.5,35.13,36.75,4.21,5.01,4913963.6,4584810.133333334,153591139.0,161046805.0,3.46,113,-7.52,217,-24.58,318,6.72,202,-8.46,-1.77,2026-10-27,False,https://www.tradingview.com/chart/?symbol=NASDAQ:ENPH&interval=D,False,False,False,False
KD,"Kyndryl Holdings, Inc.",NYSE,Data Processing Services,11.45,12.44,12.8,4.75,4.96,4716206.5,3961612.433333333,45360462.0,49294344.0,1.06,148,-13.84,282,-2.14,169,-10.27,253,-8.75,-2.13,2026-11-10,False,https://www.tradingview.com/chart/?symbol=NYSE:KD&interval=D,False,False,False,False
DPC,DPC Holdings PLC,NYSE,Electrical Products,40.81,41.69,44.62,4.79,6.07,1247077.2,1236499.9666666666,50461564.0,51543501.0,-2.6,204,-2.46,167,-17.35,265,-7.25,243,-9.02,-1.41,2026-12-02,False,https://www.tradingview.com/chart/?symbol=NYSE:DPC&interval=D,False,False,False,False
QBTS,D-Wave Quantum Inc.,NASDAQ,Computer Processing Hardware,15.22,16.81,18.0,5.88,6.28,14947023.8,16131351.1,245519164.0,271173389.0,-7.36,302,-9.35,240,-26.65,324,8.4,194,-9.2,-2.46,2026-11-05,False,https://www.tradingview.com/chart/?symbol=NASDAQ:QBTS&interval=D,False,False,False,False
RIVN,"Rivian Automotive, Inc.",NASDAQ,Motor Vehicles,14.34,15.43,15.62,4.09,4.47,27634035.4,23325670.2,334490111.0,359852889.0,-5.03,260,-9.07,234,-13.26,227,-6.7,241,-9.68,-1.83,2026-10-29,False,https://www.tradingview.com/chart/?symbol=NASDAQ:RIVN&interval=D,False,False,False,False
CRK,"Comstock Resources, Inc.",NYSE,Oil & Gas Production,13.78,13.92,13.8,4.34,4.54,2540875.4,2840099.0,39136564.0,39521871.0,9.37,41,-8.13,220,1.03,157,-22.28,307,-9.8,-0.03,2026-11-04,False,https://www.tradingview.com/chart/?symbol=NYSE:CRK&interval=D,False,False,False,False
AXGN,"Axogen, Inc.",NASDAQ,Medical Specialties,36.04,44.53,45.52,5.16,5.67,1624397.4,1378244.7,49671939.0,61372088.0,-14.9,381,-22.88,358,-16.67,258,9.08,193,-10.16,-3.67,2026-11-10,False,https://www.tradingview.com/chart/?symbol=NASDAQ:AXGN&interval=D,False,False,False,False
BTDR,Bitdeer Technologies Group,NASDAQ,Data Processing Services,10.4,11.45,10.91,7.53,8.21,9511986.8,10109890.8,105142864.0,115717810.0,-7.14,298,-11.26,260,-19.75,286,-0.38,221,-10.47,-0.57,2026-11-16,False,https://www.tradingview.com/chart/?symbol=NASDAQ:BTDR&interval=D,False,False,False,False
PENN,"PENN Entertainment, Inc.",NASDAQ,Casinos/Gaming,15.72,16.42,17.56,4.13,4.13,3664989.4,3158873.6333333333,49657494.0,51852911.0,6.79,68,-8.28,222,-23.43,311,-0.06,219,-10.59,-2.54,2026-11-05,False,https://www.tradingview.com/chart/?symbol=NASDAQ:PENN&interval=D,False,False,False,False
LPTH,"LightPath Technologies, Inc.",NASDAQ,Electronic Components,10.4,10.28,11.27,4.84,6.62,2208132.3,3201677.966666667,33297451.0,32921787.0,2.56,129,5.48,111,-20.61,294,-16.67,282,-10.6,-1.17,2026-11-05,False,https://www.tradingview.com/chart/?symbol=NASDAQ:LPTH&interval=D,False,False,False,False
ONDS,Ondas Inc,NASDAQ,Telecommunications Equipment,7.19,7.5,7.96,5.1,5.67,58012129.6,60839292.6,437434514.0,456041197.0,-4.13,233,-5.52,196,-4.52,179,-22.1,306,-10.71,-1.71,2026-11-16,False,https://www.tradingview.com/chart/?symbol=NASDAQ:ONDS&interval=D,False,False,False,False
COUR,"Coursera, Inc.",NYSE,Miscellaneous Commercial Services,5.11,5.41,5.56,4.28,4.72,8763798.9,6237341.766666667,31872816.0,33744019.0,3.02,122,-13.83,280,-9.56,203,-8.91,247,-10.77,-1.72,2026-10-22,False,https://www.tradingview.com/chart/?symbol=NYSE:COUR&interval=D,False,False,False,False
COCO,"The Vita Coco Company, Inc.",NASDAQ,Food: Specialty/Candy,50.65,56.51,59.82,4.83,5.01,961599.9,1349883.6333333333,68371606.0,76286874.0,-10.43,352,-7.15,211,-27.08,328,1.77,214,-10.82,-3.06,2026-11-04,False,https://www.tradingview.com/chart/?symbol=NASDAQ:COCO&interval=D,False,False,False,False
THRM,Gentherm Inc,NASDAQ,Auto Parts: OEM,30.38,36.6,38.62,5.85,5.93,2940586.9,1185909.3333333333,36027926.0,43407246.0,-10.86,359,-24.43,368,-11.99,216,3.51,209,-10.97,-3.59,2026-10-22,False,https://www.tradingview.com/chart/?symbol=NASDAQ:THRM&interval=D,False,False,False,False
LEN,Lennar Corporation,NYSE,Homebuilding,76.13,81.1,83.13,4.03,4.21,6584384.7,5113422.666666667,389284868.0,414707101.0,-9.3,339,-9.37,241,-9.04,198,-14.52,271,-10.98,-2.0,2026-12-16,False,https://www.tradingview.com/chart/?symbol=NYSE:LEN&interval=D,False,False,False,False
ABUS,Arbutus Biopharma Corporation,NASDAQ,Pharmaceuticals: Major,4.29,4.94,4.84,4.24,4.1,11358801.000000024,6871433.033333333,29478448.0,33956332.0,-8.24,323,-15.72,298,-17.82,270,-0.46,222,-11.33,-2.76,2026-11-11,False,https://www.tradingview.com/chart/?symbol=NASDAQ:ABUS&interval=D,False,False,False,False
CDE,"Coeur Mining, Inc.",NYSE,Precious Metals,16.5,19.6,19.02,4.3,5.51,36030919.2,34537466.03333333,569868190.0,676819209.0,-8.38,328,-21.63,349,4.83,133,-17.23,284,-11.35,-2.41,2026-11-11,False,https://www.tradingview.com/chart/?symbol=NYSE:CDE&interval=D,False,False,False,False
GLXY,Galaxy Digital Inc.,NASDAQ,Investment Banks/Brokers,21.4,24.14,23.0,6.52,7.33,4459502.9,4965888.733333333,106270019.0,119878209.0,-9.7,342,-16.99,308,-16.14,250,-0.93,223,-11.35,-0.95,2026-10-27,False,https://www.tradingview.com/chart/?symbol=NASDAQ:GLXY&interval=D,False,False,False,False
VOYG,"Voyager Technologies, Inc.",NYSE,Information Technology Services,28.76,33.17,34.61,7.49,8.21,2779338.8,2166136.6666666665,62298091.0,71857252.0,-7.61,305,-12.9,272,-17.24,263,-4.32,232,-11.49,-2.06,2026-11-02,False,https://www.tradingview.com/chart/?symbol=NYSE:VOYG&interval=D,False,False,False,False
SNEX,StoneX Group Inc.,NASDAQ,Investment Banks/Brokers,61.46,67.53,68.38,4.57,4.54,972525.5,867352.7333333339,53307499.0,58570017.0,-5.68,273,-10.28,251,-23.13,309,-1.72,226,-11.71,-2.23,2026-11-30,False,https://www.tradingview.com/chart/?symbol=NASDAQ:SNEX&interval=D,False,False,False,False
ACHR,Archer Aviation Inc.,NYSE,Aerospace & Defense,4.67,5.42,5.58,5.53,6.05,23949828.2,23623299.4,110320808.0,128038283.0,-8.7,332,-18.5,321,-3.51,174,-13.2,265,-11.74,-2.7,2026-11-05,False,https://www.tradingview.com/chart/?symbol=NYSE:ACHR&interval=D,False,False,False,False
AVAV,"AeroVironment, Inc.",NASDAQ,Aerospace & Defense,138.86,148.98,157.33,4.84,5.6,1406374.9,2008081.1,278842142.0,299170951.0,-3.25,219,-4.65,187,-9.24,200,-21.88,304,-11.92,-2.09,2026-12-08,False,https://www.tradingview.com/chart/?symbol=NASDAQ:AVAV&interval=D,False,False,False,False
CPRI,Capri Holdings Limited,NYSE,Apparel/Footwear Retail,14.44,14.08,14.49,4.86,4.88,3385412.7,5218063.133333334,75348832.0,73463371.0,-2.56,202,9.56,94,-18.69,278,-26.92,323,-12.02,-0.07,2026-11-05,False,https://www.tradingview.com/chart/?symbol=NYSE:CPRI&interval=D,False,False,False,False
EXK,Endeavour Silver Corporation,NYSE,Precious Metals,8.32,9.91,9.8,4.91,5.99,6929605.4,7920661.433333334,65899903.0,78506956.0,-5.78,277,-25.45,373,3.48,141,-14.4,269,-12.12,-2.53,2026-11-10,False,https://www.tradingview.com/chart/?symbol=NYSE:EXK&interval=D,False,False,False,False
FOUR,"Shift4 Payments, Inc.",NYSE,Miscellaneous Commercial Services,38.99,40.8,43.72,4.35,5.53,2196647.1,2130747.3,83077837.0,86937331.0,5.38,92,-12.07,268,-16.87,261,-7.63,244,-12.19,-1.96,2026-11-11,False,https://www.tradingview.com/chart/?symbol=NYSE:FOUR&interval=D,False,False,False,False
TNDM,"Tandem Diabetes Care, Inc.",NASDAQ,Medical Specialties,15.84,18.03,19.45,6.38,6.59,2258066.1,1981772.0333333334,31391269.0,35722762.0,-4.75,249,-20.96,346,3.94,138,-19.63,296,-12.22,-2.82,2026-11-05,False,https://www.tradingview.com/chart/?symbol=NASDAQ:TNDM&interval=D,False,False,False,False
LGN,Legence Corp.,NASDAQ,Engineering & Construction,53.35,54.01,57.58,4.58,5.69,1092731.1,921624.2,49168651.0,49778305.0,-0.8,171,0.87,140,-27.51,329,-11.08,257,-12.58,-1.29,2026-11-13,False,https://www.tradingview.com/chart/?symbol=NASDAQ:LGN&interval=D,False,False,False,False
UCTT,"Ultra Clean Holdings, Inc.",NASDAQ,Industrial Machinery,71.42,72.62,76.32,5.43,6.4,1103052.0,905868.6,64697135.0,65783876.0,-12.08,367,4.26,119,-38.16,364,-4.01,230,-12.64,-1.0,2026-10-27,False,https://www.tradingview.com/chart/?symbol=NASDAQ:UCTT&interval=D,False,False,False,False
AG,First Majestic Silver Corp.,NYSE,Precious Metals,16.65,19.38,19.02,4.1,5.36,9441523.6,9439321.466666667,157164702.0,182946636.0,-8.21,321,-19.6,334,1.83,154,-20.45,297,-12.74,-2.32,2026-11-11,False,https://www.tradingview.com/chart/?symbol=NYSE:AG&interval=D,False,False,False,False
MBLY,Mobileye Global Inc.,NASDAQ,Packaged Software,7.15,7.99,8.25,4.6,4.84,6326096.4,5168514.233333333,36954877.0,41306766.0,-2.19,192,-13.96,284,-22.95,306,-1.52,225,-12.81,-2.76,2026-10-22,False,https://www.tradingview.com/chart/?symbol=NASDAQ:MBLY&interval=D,False,False,False,False
CE,Celanese Corporation,NYSE,Chemicals: Specialty,43.86,45.51,45.22,4.28,4.18,1563690.9,1800200.8333333333,78956809.0,81927740.0,-1.44,178,-1.88,161,-7.68,191,-30.65,333,-13.4,-0.72,2026-11-02,False,https://www.tradingview.com/chart/?symbol=NYSE:CE&interval=D,False,False,False,False
BULL,Webull Corporation,NASDAQ,Packaged Software,5.89,8.28,8.1,5.78,8.64,16872213.2,15954649.833333334,93972888.0,132136410.0,-19.54,395,-39.84,395,-18.65,277,17.8,168,-13.56,-3.15,2026-11-19,False,https://www.tradingview.com/chart/?symbol=NASDAQ:BULL&interval=D,False,False,False,False
SKYD,Skydance Corporation,NYSE,Cable/Satellite TV,8.89,10.34,9.98,7.59,6.72,28934724.2,23672062.8,210444638.0,244887490.0,-12.15,369,-18.89,325,-3.89,176,-18.44,289,-13.74,-1.62,2026-11-16,False,https://www.tradingview.com/chart/?symbol=NYSE:SKYD&interval=D,False,False,False,False
RRR,"Red Rock Resorts, Inc.",NASDAQ,Hotels/Resorts/Cruise lines,50.7,53.33,57.05,4.19,3.79,1200207.2,1167699.6,59202370.0,62273030.0,3.58,111,-11.56,261,-19.96,289,-10.53,255,-14.02,-2.93,2026-11-03,False,https://www.tradingview.com/chart/?symbol=NASDAQ:RRR&interval=D,False,False,False,False
KGS,"Kodiak Gas Services, Inc.",NYSE,Oilfield Services/Equipment,54.64,57.53,58.64,4.1,4.54,1676856.3,1844362.5333333334,100775969.0,106111710.0,5.34,95,-11.81,264,-21.39,298,-9.45,249,-14.22,-1.5,2026-11-11,False,https://www.tradingview.com/chart/?symbol=NYSE:KGS&interval=D,False,False,False,False
ALGT,Allegiant Travel Company,NASDAQ,Airlines,76.28,77.51,82.49,4.13,4.66,457829.8,484458.3,36954479.0,37552058.0,-2.03,187,0.71,143,-31.14,346,-12.39,260,-14.27,-1.61,2026-11-04,False,https://www.tradingview.com/chart/?symbol=NASDAQ:ALGT&interval=D,False,False,False,False
RZLV,Rezolve AI PLC,NASDAQ,Packaged Software,2.08,2.33,2.43,4.21,5.64,10983435.0,15722445.6,32702687.0,36559927.0,-2.8,210,-5.45,195,-20.0,290,-18.11,288,-14.52,-2.55,2027-04-29,False,https://www.tradingview.com/chart/?symbol=NASDAQ:RZLV&interval=D,False,False,False,False
MMYT,MakeMyTrip Limited,NASDAQ,Internet Software/Services,43.41,50.27,54.23,4.53,4.96,1372433.7,920148.3,39943638.0,46252481.0,-8.22,322,-23.75,363,-23.52,312,3.21,210,-14.69,-4.03,2026-11-03,False,https://www.tradingview.com/chart/?symbol=NASDAQ:MMYT&interval=D,False,False,False,False
MOS,Mosaic Company (The),NYSE,Chemicals: Agricultural,19.97,23.9,23.44,5.18,5.2,8602918.8,8265137.966666667,165054805.0,197550573.0,-11.68,364,-20.12,341,-3.34,173,-21.32,301,-14.93,-2.85,2026-11-10,False,https://www.tradingview.com/chart/?symbol=NYSE:MOS&interval=D,False,False,False,False
CARG,"CarGurus, Inc.",NASDAQ,Internet Software/Services,28.77,32.81,34.44,4.35,4.37,1692012.6,1297085.9,37317161.0,42562361.0,-7.79,309,-14.38,286,-14.58,235,-16.39,281,-15.11,-3.77,2026-11-10,False,https://www.tradingview.com/chart/?symbol=NASDAQ:CARG&interval=D,False,False,False,False
NESR,National Energy Services Reunited Corp,NASDAQ,Oilfield Services/Equipment,23.63,31.38,31.56,6.13,6.5,3043550.5,2103038.533333333,49694801.0,65990195.0,-12.48,372,-31.09,388,-14.32,234,-0.25,220,-15.22,-3.86,2026-11-04,False,https://www.tradingview.com/chart/?symbol=NASDAQ:NESR&interval=D,False,False,False,False
BRUN,Boost Run Inc.,NASDAQ,Packaged Software,13.75,16.57,17.85,9.06,11.45,2328329.8,2347385.3333333335,32276548.0,38892263.0,-18.35,390,-19.35,331,-55.18,391,28.75,133,-15.26,-2.01,2026-12-02,False,https://www.tradingview.com/chart/?symbol=NASDAQ:BRUN&interval=D,False,False,False,False
APLD,Applied Digital Corporation,NASDAQ,Data Processing Services,23.81,25.87,27.09,6.05,6.97,21261765.8,17657851.36666666,420433441.0,456779185.0,-7.05,296,-8.42,226,-27.74,331,-9.74,250,-15.3,-1.74,2027-01-12,False,https://www.tradingview.com/chart/?symbol=NASDAQ:APLD&interval=D,False,False,False,False
TRU,TransUnion,NYSE,Financial Publishing/Services,62.82,73.81,76.79,4.17,4.48,3164033.5,2652836.3666666667,166651181.0,195799662.0,-2.63,205,-17.83,316,-17.62,268,-10.56,256,-15.34,-4.06,2026-10-27,False,https://www.tradingview.com/chart/?symbol=NYSE:TRU&interval=D,False,False,False,False
LEU,Centrus Energy Corp.,NYSE,Other Metals/Minerals,147.14,157.29,167.7,4.52,6.39,662022.7,754186.9666666655,110971070.0,118625062.0,5.09,98,-14.53,290,-12.92,224,-19.26,295,-15.57,-1.92,2026-11-11,False,https://www.tradingview.com/chart/?symbol=NYSE:LEU&interval=D,False,False,False,False
CRML,Critical Metals Corp.,NASDAQ,Precious Metals,7.06,7.32,6.99,7.22,8.05,6520658.8,9125851.2,64428509.0,66828608.0,-4.98,258,-9.72,246,-16.45,255,-21.29,299,-15.82,0.12,2027-03-03,False,https://www.tradingview.com/chart/?symbol=NASDAQ:CRML&interval=D,False,False,False,False
MP,MP Materials Corp.,NYSE,Other Metals/Minerals,46.31,50.83,51.34,4.31,5.33,5216542.1,5114578.566666666,236856133.0,259977438.0,0.78,151,-18.14,318,-14.24,233,-15.49,277,-15.96,-1.84,2026-10-29,False,https://www.tradingview.com/chart/?symbol=NYSE:MP&interval=D,False,False,False,False
NG,Novagold Resources Inc.,AMEX,Precious Metals,6.36,7.49,7.5,4.39,5.97,4393495.8,5460602.433333334,34729431.0,40881710.0,-4.79,252,-21.19,347,6.0,126,-32.77,339,-15.99,-2.54,2026-10-08,True,https://www.tradingview.com/chart/?symbol=AMEX:NG&interval=D,False,False,False,False
PBLS,"Parabilis Medicines, Inc.",NASDAQ,Pharmaceuticals: Major,28.82,35.91,36.15,10.88,9.48,840866.5,987954.4333333333,28472847.0,35477444.0,-9.8,345,-28.31,380,-6.15,183,-13.58,267,-16.02,-2.14,2026-12-02,False,https://www.tradingview.com/chart/?symbol=NASDAQ:PBLS&interval=D,False,False,False,False
LUMN,"Lumen Technologies, Inc.",NASDAQ,Major Telecommunications,5.91,6.27,6.27,4.1,5.11,12595030.2,13132580.066666666,77613548.0,82290935.0,6.1,79,-15.33,295,-11.53,213,-21.72,303,-16.19,-1.11,2026-11-04,False,https://www.tradingview.com/chart/?symbol=NASDAQ:LUMN&interval=D,False,False,False,False
FIGR,"Figure Technology Solutions, Inc.",NASDAQ,Finance/Rental/Leasing,27.68,33.51,32.7,6.63,7.43,4851586.1,4646550.5,128616518.0,155703584.0,-8.21,318,-22.01,352,-9.81,204,-16.98,283,-16.26,-2.07,2026-11-12,False,https://www.tradingview.com/chart/?symbol=NASDAQ:FIGR&interval=D,False,False,False,False
PRIM,Primoris Services Corporation,NYSE,Engineering & Construction,82.16,75.64,77.93,4.12,4.78,1390986.4,1289335.5,105931805.0,97526197.0,10.18,37,10.67,86,-10.89,209,-49.45,379,-16.56,1.14,2026-11-09,False,https://www.tradingview.com/chart/?symbol=NYSE:PRIM&interval=D,False,False,False,False
NNE,Nano Nuclear Energy Inc.,NASDAQ,Electrical Products,16.01,16.94,17.49,5.16,6.32,1836023.9,1888066.8666666667,30227951.0,31992034.0,-0.5,164,-9.8,249,-15.78,246,-24.62,316,-16.74,-1.34,2026-12-17,False,https://www.tradingview.com/chart/?symbol=NASDAQ:NNE&interval=D,False,False,False,False
PRAX,"Praxis Precision Medicines, Inc.",NASDAQ,Pharmaceuticals: Major,278.02,317.24,331.15,5.33,5.58,472297.6,424779.0666666663,118097076.0,134756770.0,-2.33,198,-21.24,348,-16.28,254,-14.5,270,-17.34,-2.88,2026-11-11,False,https://www.tradingview.com/chart/?symbol=NASDAQ:PRAX&interval=D,False,False,False,False
LBRT,Liberty Energy Inc.,NYSE,Oilfield Services/Equipment,19.41,19.48,19.66,4.56,4.84,4356707.3,3735328.1,72502718.0,72765436.0,7.0,62,-3.86,178,-20.65,295,-28.11,328,-17.54,-0.26,2026-10-21,False,https://www.tradingview.com/chart/?symbol=NYSE:LBRT&interval=D,False,False,False,False
ROAD,"Construction Partners, Inc.",NASDAQ,Engineering & Construction,88.71,97.45,103.32,4.13,4.88,709822.1,601932.5333333333,53397435.0,58659931.0,-4.21,235,-13.77,279,-14.67,237,-24.5,315,-17.65,-2.9,2026-11-24,False,https://www.tradingview.com/chart/?symbol=NASDAQ:ROAD&interval=D,False,False,False,False
LUNR,"Intuitive Machines, Inc.",NASDAQ,Aerospace & Defense,14.41,14.9,15.38,6.93,7.14,8451153.3,7345750.1,105852259.0,109463919.0,-1.64,180,-3.13,171,-15.24,241,-34.71,346,-17.69,-0.88,2026-11-18,False,https://www.tradingview.com/chart/?symbol=NASDAQ:LUNR&interval=D,False,False,False,False
SMR,NuScale Power Corporation,NYSE,Electrical Products,7.67,8.83,8.98,5.64,7.44,31264808.6,36117057.3,277017829.0,318889538.0,-2.42,200,-20.85,345,-13.63,230,-19.26,294,-17.91,-1.96,2026-11-05,False,https://www.tradingview.com/chart/?symbol=NYSE:SMR&interval=D,False,False,False,False
OKLO,Oklo Inc.,NYSE,Industrial Machinery,36.82,38.73,40.4,4.5,6.14,9029733.7,10197372.033333333,375467238.0,394913627.0,-1.26,175,-6.81,208,-23.05,308,-24.64,317,-18.17,-1.44,2026-11-18,False,https://www.tradingview.com/chart/?symbol=NYSE:OKLO&interval=D,False,False,False,False
UEC,Uranium Energy Corp.,AMEX,Other Metals/Minerals,9.47,10.59,10.79,5.5,6.48,11521010.9,9603086.2,90941226.0,101741497.0,0.0,160,-16.93,307,-6.14,182,-31.62,336,-18.23,-1.89,2026-12-16,False,https://www.tradingview.com/chart/?symbol=AMEX:UEC&interval=D,False,False,False,False
UAA,"Under Armour, Inc.",NYSE,Apparel/Footwear,4.82,4.85,5.26,4.06,4.28,11567150.8,9450756.866666667,45552648.0,45823570.0,12.62,23,-6.23,202,-25.16,320,-23.49,312,-18.29,-1.94,2026-11-05,False,https://www.tradingview.com/chart/?symbol=NYSE:UAA&interval=D,False,False,False,False
WING,Wingstop Inc.,NASDAQ,Restaurants,116.68,107.56,112.62,4.15,4.97,1263750.6,1294353.9,151025213.0,139222863.0,8.48,49,5.26,113,-25.21,321,-35.27,349,-18.41,0.73,2026-10-28,False,https://www.tradingview.com/chart/?symbol=NASDAQ:WING&interval=D,False,False,False,False
ALKT,"Alkami Technology, Inc.",NASDAQ,Packaged Software,14.15,17.46,18.33,4.88,5.52,2007966.4,1862085.2333333334,26348506.0,32521319.0,6.15,78,-28.57,382,-18.72,279,-9.03,248,-18.78,-4.13,2026-10-29,False,https://www.tradingview.com/chart/?symbol=NASDAQ:ALKT&interval=D,False,False,False,False
ERAS,"Erasca, Inc.",NASDAQ,Pharmaceuticals: Major,14.12,15.69,16.65,6.41,6.89,4648435.2,4858699.266666667,68604834.0,76227323.0,-1.74,182,-11.97,267,-25.53,322,-19.04,293,-18.84,-2.21,2026-11-11,False,https://www.tradingview.com/chart/?symbol=NASDAQ:ERAS&interval=D,False,False,False,False
CORZ,"Core Scientific, Inc.",NASDAQ,Packaged Software,15.94,17.17,18.29,5.57,6.23,11358381.0,11374593.833333334,181311026.0,195339691.0,-2.98,212,-9.64,245,-34.35,355,-13.74,268,-19.24,-2.06,2026-11-11,False,https://www.tradingview.com/chart/?symbol=NASDAQ:CORZ&interval=D,False,False,False,False
SRPT,"Sarepta Therapeutics, Inc.",NASDAQ,Pharmaceuticals: Major,17.5,19.97,18.96,4.79,5.7,2361096.5,3053886.8,53443019.0,60983066.0,-6.12,286,-22.5,356,-14.17,232,-21.31,300,-19.33,-1.35,2026-11-04,False,https://www.tradingview.com/chart/?symbol=NASDAQ:SRPT&interval=D,False,False,False,False
ASTS,"AST SpaceMobile, Inc.",NASDAQ,Specialty Telecommunications,60.65,60.47,62.92,6.31,6.81,11504331.3,10352353.3,627870228.0,625999902.0,1.24,143,-4.34,186,-19.5,283,-34.68,345,-19.51,-0.53,2026-11-16,False,https://www.tradingview.com/chart/?symbol=NASDAQ:ASTS&interval=D,False,False,False,False
ENOV,Enovis Corporation,NYSE,Medical Specialties,17.61,19.41,22.43,4.17,5.64,1457755.7999999998,1863159.3000000003,32810235.0,36159575.0,-4.86,256,-7.36,214,-25.1,319,-27.26,325,-19.91,-3.81,2026-11-11,False,https://www.tradingview.com/chart/?symbol=NYSE:ENOV&interval=D,False,False,False,False
FLY,Firefly Aerospace Inc.,NASDAQ,Aerospace & Defense,21.51,22.05,22.86,7.58,7.76,3844329.0,3066845.7,65967851.0,67631104.0,-10.0,348,-0.05,146,-17.27,264,-42.53,363,-19.95,-0.76,2026-11-18,False,https://www.tradingview.com/chart/?symbol=NASDAQ:FLY&interval=D,False,False,False,False
RKT,"Rocket Companies, Inc.",NYSE,Finance/Rental/Leasing,11.44,12.76,13.25,4.37,5.21,38863134.2,33826851.266666666,386979178.0,431641898.0,-3.05,214,-17.46,312,-19.61,284,-23.78,313,-20.28,-2.62,2026-10-29,False,https://www.tradingview.com/chart/?symbol=NYSE:RKT&interval=D,False,False,False,False
NN,NextNav Inc.,NASDAQ,Packaged Software,12.71,14.75,15.4,7.42,7.54,2828510.3,2557054.533333333,32500163.0,37711440.0,-9.79,344,-18.99,326,-26.79,325,-15.44,276,-20.4,-2.32,2026-11-05,False,https://www.tradingview.com/chart/?symbol=NASDAQ:NN&interval=D,False,False,False,False
VSEC,VSE Corporation,NASDAQ,Engineering & Construction,167.34,187.09,200.34,4.56,5.33,424929.5,393997.86666666664,65931603.0,73711748.0,-3.85,226,-16.91,305,-21.08,297,-23.45,311,-20.48,-3.09,2026-10-28,False,https://www.tradingview.com/chart/?symbol=NASDAQ:VSEC&interval=D,False,False,False,False
SEDG,"SolarEdge Technologies, Inc.",NASDAQ,Electrical Products,33.16,33.79,34.1,5.81,6.96,2566098.7,3095255.533333333,102638673.0,104596938.0,3.62,110,-2.07,163,-38.44,366,-21.51,302,-20.68,-0.4,2026-11-11,False,https://www.tradingview.com/chart/?symbol=NASDAQ:SEDG&interval=D,False,False,False,False
VKTX,"Viking Therapeutics, Inc.",NASDAQ,Pharmaceuticals: Major,28.54,32.6,33.0,8.56,8.18,9788383.7,6458363.0,184321680.0,210553398.0,-10.41,351,-15.44,296,-28.38,337,-19.04,292,-20.95,-1.65,2026-10-28,False,https://www.tradingview.com/chart/?symbol=NASDAQ:VKTX&interval=D,False,False,False,False
CIFR,Cipher Digital Inc.,NASDAQ,Data Processing Services,14.56,16.57,17.19,7.35,8.89,29673560.5,32761103.533333335,477001667.0,543004371.0,-13.18,374,-15.96,300,-35.63,356,-11.52,258,-21.04,-1.72,2026-11-11,False,https://www.tradingview.com/chart/?symbol=NASDAQ:CIFR&interval=D,False,False,False,False
BBAI,"BigBear.ai, Inc.",NYSE,Packaged Software,2.51,2.83,2.94,4.76,5.36,15995063.9,15751869.133333333,39537192.0,44635547.0,-6.69,294,-15.2,292,-23.71,314,-24.4,314,-21.1,-2.72,2026-11-11,False,https://www.tradingview.com/chart/?symbol=NYSE:BBAI&interval=D,False,False,False,False
STUB,"StubHub Holdings, Inc.",NYSE,Internet Software/Services,6.0,5.92,6.76,5.1,5.29,6390492.7,6643105.733333333,39858634.0,39333829.0,12.36,26,-9.09,235,-51.81,388,-2.91,228,-21.27,-2.13,2026-11-12,False,https://www.tradingview.com/chart/?symbol=NYSE:STUB&interval=D,False,False,False,False
AN,"AutoNation, Inc.",NYSE,Specialty Stores,156.21,183.85,193.54,4.06,4.49,613363.4,602933.8333333334,94184294.0,110851194.0,-0.79,170,-24.3,366,-17.45,266,-22.08,305,-21.28,-4.3,2026-10-22,False,https://www.tradingview.com/chart/?symbol=NYSE:AN&interval=D,False,False,False,False
CHWY,"Chewy, Inc.",NYSE,Internet Retail,18.22,20.66,21.7,4.06,4.54,8718948.0,9764037.6,177900765.0,201692470.0,-0.82,172,-23.83,364,-10.07,206,-30.0,331,-21.3,-3.54,2026-12-03,False,https://www.tradingview.com/chart/?symbol=NYSE:CHWY&interval=D,False,False,False,False
DKNG,DraftKings Inc.,NASDAQ,Movies/Entertainment,19.15,22.43,23.28,5.84,5.96,17804920.0,13786222.5,264006161.0,309234161.0,-2.4,199,-20.21,343,-29.4,342,-14.55,272,-21.39,-2.97,2026-10-30,False,https://www.tradingview.com/chart/?symbol=NASDAQ:DKNG&interval=D,False,False,False,False
TRIP,"TripAdvisor, Inc.",NASDAQ,Other Consumer Services,8.63,8.93,10.0,4.27,4.45,3606684.0,4030633.1,34784364.0,35976088.0,2.25,133,-5.58,197,-33.92,354,-24.89,318,-21.46,-3.08,2026-11-09,False,https://www.tradingview.com/chart/?symbol=NASDAQ:TRIP&interval=D,False,False,False,False
AIR,AAR Corp.,NYSE,Aerospace & Defense,99.62,118.09,127.81,5.21,5.5,915982.4,561690.8666666667,55955644.0,66329326.0,-7.07,297,-20.12,340,-26.11,323,-18.97,291,-21.73,-4.01,2027-01-06,False,https://www.tradingview.com/chart/?symbol=NYSE:AIR&interval=D,False,False,False,False
ACAD,ACADIA Pharmaceuticals Inc.,NASDAQ,Pharmaceuticals: Major,19.65,25.33,26.62,4.72,4.51,3119731.5,2063379.4,40545405.0,52255427.0,-3.08,215,-29.24,385,-23.54,313,-12.74,263,-21.84,-5.8,2026-11-11,False,https://www.tradingview.com/chart/?symbol=NASDAQ:ACAD&interval=D,False,False,False,False
CBRS,Cerebras Systems Inc.,NASDAQ,Packaged Software,175.05,189.85,200.12,6.2,7.62,9242440.0,7107672.133333334,1244198007.0,1349396293.0,-4.7,248,-8.34,225,-7.34,190,-49.99,381,-21.89,-1.64,2026-12-02,False,https://www.tradingview.com/chart/?symbol=NASDAQ:CBRS&interval=D,False,False,False,False
KTOS,"Kratos Defense & Security Solutions, Inc.",NASDAQ,Aerospace & Defense,41.94,46.9,50.81,4.75,5.36,4910334.9,4004477.033333333,167947767.0,187795290.0,-3.08,216,-12.17,269,-15.95,248,-38.34,358,-22.15,-3.26,2026-10-29,False,https://www.tradingview.com/chart/?symbol=NASDAQ:KTOS&interval=D,False,False,False,False
ESAB,ESAB Corporation,NYSE,Industrial Machinery,67.12,70.73,76.68,4.59,4.88,1074052.7,954810.8333333334,64086903.0,67531224.0,-1.06,173,-10.15,250,-23.36,310,-34.2,342,-22.57,-2.55,2026-11-04,False,https://www.tradingview.com/chart/?symbol=NYSE:ESAB&interval=D,False,False,False,False
INSM,Insmed Incorporated,NASDAQ,Pharmaceuticals: Major,101.74,119.56,119.72,4.79,5.19,3021840.0,2368506.5,240971851.0,283186532.0,-12.03,366,-19.25,330,-12.62,222,-36.25,352,-22.71,-2.89,2026-10-29,False,https://www.tradingview.com/chart/?symbol=NASDAQ:INSM&interval=D,False,False,False,False
RSI,"Rush Street Interactive, Inc.",NYSE,Casinos/Gaming,20.24,23.58,24.56,5.78,5.47,3580193.8,3278457.0,66355970.0,77309295.0,1.91,135,-23.39,361,-38.72,367,-6.36,239,-22.83,-3.22,2026-11-04,False,https://www.tradingview.com/chart/?symbol=NYSE:RSI&interval=D,False,False,False,False
AMPX,"Amprius Technologies, Inc.",NYSE,Electrical Products,9.33,9.66,10.14,5.96,6.16,6620977.0,5163570.633333334,48176114.0,49883535.0,-4.31,237,-3.01,170,-22.96,307,-42.58,364,-22.85,-1.3,2026-11-05,False,https://www.tradingview.com/chart/?symbol=NYSE:AMPX&interval=D,False,False,False,False
GIL,"Gildan Activewear, Inc.",NYSE,Apparel/Footwear,41.26,46.95,50.61,4.14,4.08,2922156.2,1718545.3,70907179.0,80693149.0,-3.46,221,-22.28,354,-19.07,280,-28.37,329,-23.24,-4.53,2026-10-29,False,https://www.tradingview.com/chart/?symbol=NYSE:GIL&interval=D,False,False,False,False
DNN,Denison Mines Corp,AMEX,Other Metals/Minerals,2.56,2.98,3.06,4.42,5.48,29572217.4,25334360.866666667,64855964.0,75403503.0,-2.29,196,-24.48,369,-18.47,274,-27.89,326,-23.61,-2.96,2026-11-03,False,https://www.tradingview.com/chart/?symbol=AMEX:DNN&interval=D,False,False,False,False
PLNT,"Planet Fitness, Inc.",NYSE,Other Consumer Services,43.09,47.18,49.4,4.94,4.33,2669674.9,2413905.533333333,104015189.0,113896109.0,5.35,94,-15.87,299,-15.54,244,-40.34,360,-23.92,-2.95,2026-11-10,False,https://www.tradingview.com/chart/?symbol=NYSE:PLNT&interval=D,False,False,False,False
IBP,"Installed Building Products, Inc.",NYSE,Engineering & Construction,184.4,210.39,222.27,4.1,4.91,429037.8,437926.8333333333,80753708.0,92133967.0,-5.92,280,-22.42,355,-15.21,240,-35.32,350,-24.32,-3.47,2026-11-11,False,https://www.tradingview.com/chart/?symbol=NYSE:IBP&interval=D,False,False,False,False
MRP,"Millrose Properties, Inc.",NYSE,Real Estate Development,22.62,28.29,28.8,4.44,4.51,4127380.0,2364296.7666666666,53480393.0,66896989.0,-15.6,384,-28.37,381,-20.24,292,-24.95,319,-24.52,-4.76,2026-10-22,False,https://www.tradingview.com/chart/?symbol=NYSE:MRP&interval=D,False,False,False,False
SPHR,Sphere Entertainment Co.,NYSE,Media Conglomerates,106.24,137.53,146.19,6.1,6.78,1126027.2,754486.1,80156603.0,103767743.0,-21.17,396,-25.18,372,-30.91,344,-17.66,287,-24.58,-4.03,2026-11-10,False,https://www.tradingview.com/chart/?symbol=NYSE:SPHR&interval=D,False,False,False,False
MIRM,"Mirum Pharmaceuticals, Inc.",NASDAQ,Pharmaceuticals: Major,80.64,92.99,96.23,4.66,4.72,917668.7,741533.3333333334,59797248.0,68955679.0,-9.24,337,-18.61,324,-37.08,360,-18.5,290,-24.73,-3.44,2026-11-17,False,https://www.tradingview.com/chart/?symbol=NASDAQ:MIRM&interval=D,False,False,False,False
HTZ,"Hertz Global Holdings, Inc",NASDAQ,Finance/Rental/Leasing,2.07,1.96,2.0,5.71,7.14,19877781.1,16255309.7,33648491.0,31887499.0,22.49,7,-9.21,239,3.5,140,-68.69,395,-24.8,0.52,2026-11-05,False,https://www.tradingview.com/chart/?symbol=NASDAQ:HTZ&interval=D,True,False,False,False
WULF,TeraWulf Inc.,NASDAQ,Data Processing Services,14.4,15.82,16.24,5.98,7.22,26419855.2,27608534.066666666,397562891.0,436748603.0,-6.07,283,-10.45,254,-39.6,370,-25.16,320,-25.07,-1.57,2026-11-16,False,https://www.tradingview.com/chart/?symbol=NASDAQ:WULF&interval=D,False,False,False,False
JOBY,"Joby Aviation, Inc.",NYSE,Aerospace & Defense,5.75,6.37,6.93,4.15,4.7,20505614.8,23785513.5,136766703.0,151513721.0,-5.12,262,-16.55,304,-27.58,330,-31.14,335,-25.09,-3.62,2026-11-11,False,https://www.tradingview.com/chart/?symbol=NYSE:JOBY&interval=D,False,False,False,False
PUMP,ProPetro Holding Corp.,NYSE,Oilfield Services/Equipment,9.28,10.38,10.77,4.8,5.5,3811857.7,3794716.3,35214967.0,39401804.0,3.8,109,-17.07,310,-28.06,333,-30.8,334,-25.31,-2.52,2026-11-04,False,https://www.tradingview.com/chart/?symbol=NYSE:PUMP&interval=D,False,False,False,False
INIO,INNIO N.V.,NASDAQ,Electrical Products,20.34,19.92,22.15,6.13,7.34,5518598.6,5325631.233333333,108323339.0,106099001.0,12.07,28,-0.44,148,-41.13,373,-34.39,344,-25.32,-1.11,2026-12-02,False,https://www.tradingview.com/chart/?symbol=NASDAQ:INIO&interval=D,False,False,False,False
QS,QuantumScape Corporation,NASDAQ,Electrical Products,4.52,5.1,5.38,4.44,5.07,12233104.7,12117476.133333333,54770992.0,61823363.0,-3.0,213,-17.06,309,-32.34,351,-28.03,327,-25.81,-3.15,2026-10-28,False,https://www.tradingview.com/chart/?symbol=NASDAQ:QS&interval=D,False,False,False,False
APP,Applovin Corporation,NASDAQ,Packaged Software,281.29,309.54,323.1,4.95,5.34,5342760.8,5070504.833333333,1426282305.0,1569524066.0,-6.08,284,-9.4,242,-44.29,380,-25.19,321,-26.29,-2.42,2026-11-11,False,https://www.tradingview.com/chart/?symbol=NASDAQ:APP&interval=D,False,False,False,False
TE,T1 Energy Inc.,NYSE,Electrical Products,3.73,4.24,4.48,5.78,8.33,19785039.0,19516566.366666667,72796793.0,82821802.0,-3.12,217,-16.93,306,-50.53,386,-12.44,261,-26.63,-2.02,2026-11-11,False,https://www.tradingview.com/chart/?symbol=NYSE:TE&interval=D,False,False,False,False
USAR,"USA Rare Earth, Inc.",NASDAQ,Metal Fabrication,13.23,15.96,16.67,4.84,6.4,12318197.7,12869136.833333334,170258680.0,205331368.0,-6.17,288,-29.06,384,-28.56,338,-22.95,310,-26.86,-3.22,2026-11-05,False,https://www.tradingview.com/chart/?symbol=NASDAQ:USAR&interval=D,False,False,False,False
FRMI,Fermi Inc.,NASDAQ,Real Estate Development,3.97,4.81,5.36,5.88,7.92,15535476.5,16439757.333333334,65265837.0,79025914.0,-8.31,327,-17.29,311,-46.06,382,-17.29,285,-26.88,-3.28,2026-11-17,False,https://www.tradingview.com/chart/?symbol=NASDAQ:FRMI&interval=D,False,False,False,False
PLUG,"Plug Power, Inc.",NASDAQ,Electronic Production Equipment,1.78,2.05,2.1,4.75,5.74,48827279.8,48126085.36666667,85664432.0,98562223.0,-8.25,324,-15.64,297,-28.94,340,-36.31,353,-26.97,-2.64,2026-11-10,False,https://www.tradingview.com/chart/?symbol=NASDAQ:PLUG&interval=D,False,False,False,False
MPT,"Medical Properties Trust, Inc.",NYSE,Real Estate Investment Trusts,3.23,3.67,3.93,4.15,4.24,11142573.4,10840796.433333334,35015772.0,39756814.0,-9.01,335,-20.05,337,-28.22,336,-33.4,340,-27.22,-4.2,2026-10-22,False,https://www.tradingview.com/chart/?symbol=NYSE:MPT&interval=D,False,False,False,False
OCUL,"Ocular Therapeutix, Inc.",NASDAQ,Pharmaceuticals: Major,7.23,9.64,9.69,8.21,8.11,4961611.2,3111626.3,22497058.0,30003857.0,-8.25,325,-31.21,389,-28.84,339,-22.34,309,-27.46,-3.13,2026-11-09,False,https://www.tradingview.com/chart/?symbol=NASDAQ:OCUL&interval=D,False,False,False,False
MIAX,"Miami International Holdings, Inc.",NYSE,Investment Banks/Brokers,30.18,38.39,40.66,5.14,5.59,2118051.3,1813311.9333333333,54725754.0,69608814.0,-10.56,355,-27.76,377,-28.14,334,-27.01,324,-27.64,-4.61,2026-10-29,False,https://www.tradingview.com/chart/?symbol=NYSE:MIAX&interval=D,False,False,False,False
QXO,"QXO, Inc.",NYSE,Wholesale Distributors,11.31,12.43,13.22,5.1,5.68,23681518.5,18889302.133333333,213638007.0,234718468.0,-4.48,241,-14.96,291,-22.21,303,-47.3,370,-28.16,-2.54,2026-11-17,False,https://www.tradingview.com/chart/?symbol=NYSE:QXO&interval=D,False,False,False,False
ALNY,"Alnylam Pharmaceuticals, Inc.",NASDAQ,Pharmaceuticals: Major,224.41,244.93,238.08,4.3,4.54,1237847.1,1481167.9,332388888.0,362777023.0,-11.54,362,-13.21,275,-40.71,372,-30.63,332,-28.18,-1.27,2026-10-29,False,https://www.tradingview.com/chart/?symbol=NASDAQ:ALNY&interval=D,False,False,False,False
ALM,Almonty Industries Inc.,NASDAQ,Other Metals/Minerals,12.1,15.23,14.98,6.4,8.41,5892870.8,6151957.966666667,74438691.0,93703548.0,-8.47,329,-31.21,390,-21.43,299,-31.98,337,-28.21,-2.29,2026-11-17,False,https://www.tradingview.com/chart/?symbol=NASDAQ:ALM&interval=D,False,False,False,False
FLUT,Flutter Entertainment plc,NYSE,Casinos/Gaming,75.85,90.24,93.99,5.32,5.39,2948232.5,2958476.2666666666,224400425.0,266965995.0,0.99,149,-24.89,371,-31.0,345,-29.2,330,-28.36,-3.58,2026-11-18,False,https://www.tradingview.com/chart/?symbol=NYSE:FLUT&interval=D,False,False,False,False
GT,The Goodyear Tire & Rubber Company,NASDAQ,Automotive Aftermarket,4.69,5.43,5.82,4.12,4.69,8925813.5,9522076.266666668,44658538.0,51725505.0,-7.31,301,-22.99,359,-28.18,335,-34.31,343,-28.49,-4.14,2026-11-09,False,https://www.tradingview.com/chart/?symbol=NASDAQ:GT&interval=D,False,False,False,False
XE,"X-Energy, Inc.",NASDAQ,Industrial Machinery,14.39,16.15,17.4,5.89,8.38,5974800.4,6876412.533333333,98951576.0,111031141.0,-0.55,165,-18.56,323,-12.58,221,-55.06,384,-28.73,-2.06,2026-12-02,False,https://www.tradingview.com/chart/?symbol=NASDAQ:XE&interval=D,False,False,False,False
MTZ,"MasTec, Inc.",NYSE,Engineering & Construction,223.37,226.54,246.06,4.09,5.21,1355487.2,1478361.1666666667,330221534.0,334913359.0,5.38,93,-4.85,188,-43.97,378,-37.58,355,-28.8,-1.77,2026-10-29,False,https://www.tradingview.com/chart/?symbol=NYSE:MTZ&interval=D,False,False,False,False
QNT,Quantinuum Inc.,NASDAQ,Computer Processing Hardware,44.22,49.33,52.68,6.04,6.65,1951017.9,1811767.1,80116341.0,89367828.0,-9.26,338,-10.32,252,-42.57,376,-34.97,348,-29.29,-2.41,2026-11-12,False,https://www.tradingview.com/chart/?symbol=NASDAQ:QNT&interval=D,False,False,False,False
HYMC,Hycroft Mining Holding Corporation,NASDAQ,Precious Metals,17.96,21.35,22.73,6.09,7.59,1854112.2999999996,2055387.5666666718,36914761.0,43876701.0,-8.51,330,-19.82,335,-15.48,243,-53.72,383,-29.68,-2.76,2026-11-03,False,https://www.tradingview.com/chart/?symbol=NASDAQ:HYMC&interval=D,False,False,False,False
NAMS,NewAmsterdam Pharma Company N.V.,NASDAQ,Pharmaceuticals: Major,22.13,23.65,25.23,5.91,6.08,1536772.3,1662290.7333333334,36786494.0,39316500.0,-7.79,310,-13.72,278,-38.22,365,-37.56,354,-29.83,-2.02,2026-11-11,False,https://www.tradingview.com/chart/?symbol=NASDAQ:NAMS&interval=D,False,False,False,False
GRML,Greenland Mines Ltd,NASDAQ,Miscellaneous Commercial Services,5.83,6.77,7.95,46.23,36.69,10571663.8,16525791.0,96345362.0,111929182.0,-45.36,404,31.31,29,-51.21,387,-72.88,399,-30.93,-0.73,,False,https://www.tradingview.com/chart/?symbol=NASDAQ:GRML&interval=D,False,False,False,False
FMC,FMC Corporation,NYSE,Chemicals: Agricultural,9.09,10.63,10.62,5.16,5.98,5309784.2,4139673.1333333333,37629629.0,44007485.0,0.0,159,-29.81,387,-16.22,253,-47.43,372,-31.15,-2.41,2026-10-29,False,https://www.tradingview.com/chart/?symbol=NYSE:FMC&interval=D,False,False,False,False
EOSE,"Eos Energy Enterprises, Inc.",NASDAQ,Electrical Products,3.1,3.56,3.66,7.26,8.53,27557543.5,26360235.9,81716731.0,93816080.0,-3.73,223,-11.93,266,-32.09,349,-49.92,380,-31.31,-1.81,2026-11-11,False,https://www.tradingview.com/chart/?symbol=NASDAQ:EOSE&interval=D,False,False,False,False
WHR,Whirlpool Corporation,NYSE,Electronics/Appliances,29.19,34.44,37.12,4.4,5.04,3045326.9,2855963.5,83365575.0,98364143.0,-6.11,285,-24.3,367,-22.18,302,-48.83,375,-31.77,-4.24,2026-10-15,False,https://www.tradingview.com/chart/?symbol=NYSE:WHR&interval=D,False,False,False,False
RUN,Sunrun Inc.,NASDAQ,Semiconductors,7.61,8.38,8.94,4.8,5.46,8283197.6,7538400.733333333,57367230.0,63190644.0,-2.93,211,-14.4,288,-37.75,363,-43.19,365,-31.78,-2.73,2026-11-04,False,https://www.tradingview.com/chart/?symbol=NASDAQ:RUN&interval=D,False,False,False,False
PL,Planet Labs PBC,NYSE,Packaged Software,17.75,17.67,19.64,4.84,5.98,11476323.4,11723665.8,208095068.0,207102464.0,7.77,57,-9.62,243,-37.03,359,-49.11,377,-31.92,-1.61,2026-12-14,False,https://www.tradingview.com/chart/?symbol=NYSE:PL&interval=D,False,False,False,False
KNF,Knife Riv Holding Co.,NYSE,Construction Materials,50.54,56.76,61.41,4.5,4.74,1177700.7,1067248.2,53938724.0,60579498.0,-4.61,245,-18.29,319,-36.42,358,-41.24,362,-31.98,-3.73,2026-11-09,False,https://www.tradingview.com/chart/?symbol=NYSE:KNF&interval=D,False,False,False,False
UUUU,Energy Fuels Inc,AMEX,Other Metals/Minerals,10.26,12.64,13.09,4.45,6.29,7669571.4,7046975.633333334,72301970.0,89047933.0,-7.82,311,-29.39,386,-22.27,304,-44.54,369,-32.07,-3.43,2026-10-30,False,https://www.tradingview.com/chart/?symbol=AMEX:UUUU&interval=D,False,False,False,False
RARE,Ultragenyx Pharmaceutical Inc.,NASDAQ,Pharmaceuticals: Major,14.89,16.85,20.47,5.63,7.18,4375620.4,5890954.433333334,87716312.0,99255709.0,-3.78,225,-3.78,177,-57.1,393,-38.01,357,-32.96,-3.8,2026-11-04,False,https://www.tradingview.com/chart/?symbol=NASDAQ:RARE&interval=D,False,False,False,False
CHTR,"Charter Communications, Inc.",NASDAQ,Cable/Satellite TV,106.96,130.95,138.83,4.67,5.36,2980248.9,2922890.0,312632314.0,382755368.0,-4.54,243,-29.02,383,-18.2,271,-52.39,382,-33.21,-4.28,2026-10-30,False,https://www.tradingview.com/chart/?symbol=NASDAQ:CHTR&interval=D,False,False,False,False
FUN,Six Flags Entertainment Corporation,NYSE,Movies/Entertainment,11.63,13.22,14.66,5.69,6.33,3146216.4,2425648.933333333,28210297.0,32074356.0,6.7,69,-22.67,357,-37.67,362,-40.96,361,-33.77,-3.27,2026-11-05,False,https://www.tradingview.com/chart/?symbol=NYSE:FUN&interval=D,False,False,False,False
HUBG,"Hub Group, Inc.",NASDAQ,Air Freight/Couriers,26.31,33.54,37.37,4.67,5.77,1354847.0,1317775.2,34670666.0,44201694.0,-13.71,377,-27.78,378,-42.5,375,-32.24,338,-34.18,-5.13,2026-10-22,False,https://www.tradingview.com/chart/?symbol=NASDAQ:HUBG&interval=D,False,False,False,False
LCID,"Lucid Group, Inc.",NASDAQ,Motor Vehicles,3.89,4.33,5.23,5.69,7.33,8900062.89999998,11493913.966666687,44711325.0,49810792.0,-5.81,278,-15.25,293,-32.93,352,-55.85,385,-34.68,-3.5,2026-11-09,False,https://www.tradingview.com/chart/?symbol=NASDAQ:LCID&interval=D,False,False,False,False
SOC,Sable Offshore Corp.,NYSE,Integrated Oil,3.67,4.31,4.43,8.03,9.19,8612113.1,7861257.533333333,28850815.0,33882020.0,7.0,63,-23.38,360,-10.05,205,-71.77,398,-35.07,-1.88,2026-11-12,False,https://www.tradingview.com/chart/?symbol=NYSE:SOC&interval=D,False,False,False,False
FICO,Fair Isaac Corporation,NYSE,Financial Publishing/Services,681.77,916.08,992.68,5.99,7.94,1688795.4,834532.4333333333,568959177.0,764500141.0,13.25,19,-27.04,375,-45.24,381,-36.17,351,-36.15,-3.95,2026-11-11,False,https://www.tradingview.com/chart/?symbol=NYSE:FICO&interval=D,True,False,False,False
RCAT,"Red Cat Holdings, Inc.",NASDAQ,Packaged Software,6.15,7.44,8.17,4.7,6.45,6353474.5,7751952.133333334,47674506.0,57688736.0,-5.46,268,-27.65,376,-32.93,353,-49.05,376,-36.54,-3.84,2026-11-12,False,https://www.tradingview.com/chart/?symbol=NASDAQ:RCAT&interval=D,False,False,False,False
UTI,Universal Technical Institute Inc,NYSE,Miscellaneous Commercial Services,19.89,20.5,24.25,5.03,5.92,1643355.4,1787743.7,35558222.0,36649938.0,6.88,65,-6.31,203,-59.92,395,-43.49,366,-36.58,-3.03,2026-11-25,False,https://www.tradingview.com/chart/?symbol=NYSE:UTI&interval=D,False,False,False,False
CAR,"Avis Budget Group, Inc.",NASDAQ,Finance/Rental/Leasing,110.22,121.2,129.52,5.3,5.29,417737.2,430670.63333333336,47468517.0,52197855.0,3.21,119,-20.11,338,-29.04,341,-62.51,390,-37.22,-2.82,2026-11-02,False,https://www.tradingview.com/chart/?symbol=NASDAQ:CAR&interval=D,False,False,False,False
BRBR,"BellRing Brands, Inc.",NYSE,Beverages: Non-Alcoholic,7.77,9.02,10.01,5.27,5.83,4988634.6,3599014.066666667,27964339.0,32475104.0,-0.77,168,-24.85,370,-41.27,374,-49.45,378,-38.52,-3.84,2026-11-23,False,https://www.tradingview.com/chart/?symbol=NYSE:BRBR&interval=D,False,False,False,False
CELC,Celcuity Inc.,NASDAQ,Medical Specialties,65.78,83.8,86.53,7.61,7.54,1523849.6,1065255.3333333333,70072496.0,89264846.0,-19.09,391,-31.36,391,-39.25,368,-47.38,371,-39.33,-3.18,2026-11-18,False,https://www.tradingview.com/chart/?symbol=NASDAQ:CELC&interval=D,False,False,False,False
FRVO,Fervo Energy Company,NASDAQ,Alternative Power Generation,13.97,15.83,17.61,8.77,9.81,9959970.1,8197089.933333334,114513346.0,129725779.0,1.23,144,-19.11,328,-40.63,371,-61.19,387,-40.31,-2.11,2026-12-02,False,https://www.tradingview.com/chart/?symbol=NASDAQ:FRVO&interval=D,False,False,False,False
FLNC,"Fluence Energy, Inc.",NASDAQ,Electrical Products,7.67,8.94,10.5,4.92,7.59,6311668.9,7612993.033333333,58391657.0,68093147.0,-3.76,224,-24.13,365,-53.32,390,-43.85,368,-40.43,-3.55,2026-11-30,False,https://www.tradingview.com/chart/?symbol=NASDAQ:FLNC&interval=D,False,False,False,False
KRMN,Karman Holdings Inc.,NYSE,Aerospace & Defense,31.39,36.82,44.3,6.68,7.72,3312432.1,3722957.1333333333,116863624.0,137081764.0,-5.05,261,-22.19,353,-37.18,361,-63.01,392,-40.79,-3.78,2026-11-05,False,https://www.tradingview.com/chart/?symbol=NYSE:KRMN&interval=D,False,False,False,False
XENE,Xenon Pharmaceuticals Inc.,NASDAQ,Pharmaceuticals: Major,36.41,49.29,54.72,5.34,5.99,2533662.2,2132751.1,77653468.0,105133965.0,-2.59,203,-39.34,393,-48.33,383,-37.71,356,-41.79,-5.59,2026-11-11,False,https://www.tradingview.com/chart/?symbol=NASDAQ:XENE&interval=D,False,False,False,False
OPEN,Opendoor Technologies Inc,NASDAQ,Real Estate Development,2.27,2.75,3.1,5.44,6.59,29411834.6,30304540.566666666,68791307.0,83317284.0,-6.2,289,-26.89,374,-52.41,389,-48.05,373,-42.45,-4.05,2026-11-05,False,https://www.tradingview.com/chart/?symbol=NASDAQ:OPEN&interval=D,False,False,False,False
AVBP,"ArriVent BioPharma, Inc.",NASDAQ,Pharmaceuticals: Other,16.89,28.66,29.29,11.07,15.36,2945193.8,1350583.2333333334,22811351.0,38711767.0,-43.11,403,-45.14,397,-49.45,385,-38.63,359,-44.41,-2.76,2026-11-18,False,https://www.tradingview.com/chart/?symbol=NASDAQ:AVBP&interval=D,False,False,False,False
NKTR,Nektar Therapeutics,NASDAQ,Pharmaceuticals: Major,40.26,63.65,67.67,10.73,9.75,2452927.5999999996,1499063.3666666665,60352291.0,95414134.0,-32.86,400,-46.08,398,-43.54,377,-48.62,374,-46.08,-4.16,2026-11-05,False,https://www.tradingview.com/chart/?symbol=NASDAQ:NKTR&interval=D,False,False,False,False
BW,"Babcock & Wilcox Enterprises, Inc.",NYSE,Electronic Equipment/Instruments,5.64,6.79,7.72,6.69,8.92,5775841.7,4935702.866666666,27837364.0,33498615.0,-4.08,230,-20.11,339,-49.19,384,-69.05,396,-46.12,-3.02,2026-11-11,False,https://www.tradingview.com/chart/?symbol=NYSE:BW&interval=D,False,False,False,False
TNON,"Tenon Medical, Inc.",NASDAQ,Medical/Nursing Services,3.5,4.03,4.97,13.43,25.28,6509300.000000005,11487240.633333333,40205342.0,46306982.0,25.0,6,-6.91,209,-56.52,392,-86.49,402,-49.97,-1.17,2026-11-18,False,https://www.tradingview.com/chart/?symbol=NASDAQ:TNON&interval=D,True,False,False,False
CAPR,"Capricor Therapeutics, Inc.",NASDAQ,Pharmaceuticals: Major,8.1,8.95,7.54,8.3,10.83,4896529.9,4469570.966666667,36203525.0,39986272.0,-19.24,393,-13.83,281,-63.89,397,-74.32,400,-50.68,0.68,2026-11-17,False,https://www.tradingview.com/chart/?symbol=NASDAQ:CAPR&interval=D,False,False,False,False
ALHC,"Alignment Healthcare, Inc.",NASDAQ,Managed Health Care,8.55,10.49,11.93,5.82,7.76,10818166.9,10329140.033333333,88314147.0,108399160.0,7.95,55,-35.91,392,-57.69,394,-60.03,386,-51.21,-3.65,2026-10-29,False,https://www.tradingview.com/chart/?symbol=NASDAQ:ALHC&interval=D,False,False,False,False
XNDU,Xanadu Quantum Technologies Limited,NASDAQ,Computer Processing Hardware,4.49,7.39,8.74,9.29,11.85,9139594.8,5873427.366666666,26371689.0,43402670.0,-5.87,279,-55.63,400,-59.95,396,-43.73,367,-53.1,-4.1,2026-12-02,False,https://www.tradingview.com/chart/?symbol=NASDAQ:XNDU&interval=D,False,False,False,False
LQDA,Liquidia Corporation,NASDAQ,Pharmaceuticals: Major,26.68,60.35,68.43,23.31,20.7,7772569.4,3377639.0,90115409.0,203851210.0,-62.18,405,-60.71,401,-66.88,399,-33.93,341,-53.84,-2.95,2026-11-10,False,https://www.tradingview.com/chart/?symbol=NASDAQ:LQDA&interval=D,False,False,False,False
BENF,Beneficient,NASDAQ,Investment Managers,1.23,1.47,1.96,29.68,32.78,6608813.5,20467802.1,25175397.0,30125876.0,-12.14,368,-44.09,396,-64.86,398,-67.89,394,-58.94,-1.13,2026-11-12,False,https://www.tradingview.com/chart/?symbol=NASDAQ:BENF&interval=D,False,False,False,False
ALMS,Alumis Inc.,NASDAQ,Pharmaceuticals: Major,6.77,10.27,16.48,5.87,11.63,2218974.9,4056869.966666667,27465010.0,41676225.0,-7.89,312,-39.72,394,-77.01,401,-70.62,397,-62.45,-5.07,2026-11-12,False,https://www.tradingview.com/chart/?symbol=NASDAQ:ALMS&interval=D,False,False,False,False
XHLD,"TEN Holdings, Inc.",NASDAQ,Miscellaneous Commercial Services,0.55,7.6,6.3,271.02,250.65,19927001.9,9247414.733333332,5073132.0,70305657.0,-24.75,397,-94.08,405,-72.01,400,-62.17,389,-76.09,-0.36,2026-11-16,False,https://www.tradingview.com/chart/?symbol=NASDAQ:XHLD&interval=D,False,False,False,False
JAGX,"Jaguar Health, Inc.",NASDAQ,Pharmaceuticals: Major,5.0,7.67,10.12,95.41,73.0,8643112.700000001,4250408.166666667,21252041.0,32582354.0,-0.79,169,-50.76,399,-86.34,403,-97.53,404,-78.21,-0.69,2026-11-18,False,https://www.tradingview.com/chart/?symbol=NASDAQ:JAGX&interval=D,False,False,False,False
CTVA,"Corteva, Inc.",NYSE,Agricultural Commodities/Milling,14.45,71.08,74.36,12.01,36.99,45548733.7,18489347.0,267171064.0,1314204295.0,-81.45,406,-83.51,402,-82.92,402,-82.73,401,-83.05,-2.18,2026-11-11,False,https://www.tradingview.com/chart/?symbol=NYSE:CTVA&interval=D,False,False,False,False
RETO,"ReTo Eco-Solutions, Inc.",NASDAQ,Other Metals/Minerals,1.57,12.56,23.96,35.1,865.2,6565040.81,3913048.6866666665,6143486.0,49142935.0,-28.96,399,-92.59,404,-96.97,404,-97.38,403,-95.65,-0.11,,False,https://www.tradingview.com/chart/?symbol=NASDAQ:RETO&interval=D,False,False,False,False
NIVF,NewGenIvf Group Limited,NASDAQ,Financial Conglomerates,0.11,0.77,1.2,99.24,143.8,150684423.5,50325703.96666667,5334525.0,38624642.0,-36.53,401,-90.94,403,-97.28,405,-99.43,405,-95.89,-0.63,,False,https://www.tradingview.com/chart/?symbol=NASDAQ:NIVF&interval=D,False,False,False,False
CTNT,Cheetah Net Supply Chain Service Inc.,NASDAQ,Engineering & Construction,2.8,81.66,152.11,29.25,371.49,1439984.5277548023,1163032.8114615313,3256492.0,94979039.0,1.45,140,-98.48,406,-98.9,406,-99.99,406,-99.12,-0.26,2026-11-06,False,https://www.tradingview.com/chart/?symbol=NASDAQ:CTNT&interval=D,False,False,False,False
