name,description,exchange,industry,close,SMA30,SMA50,ADRP,ATRP,average_volume_10d_calc,average_volume_30d_calc,dollar_volume_30d,average_dollar_volume_30d,Perf.W,perf_1w_rank,Perf.1M,perf_1m_rank,Perf.3M,perf_3m_rank,Perf.6M,perf_6m_rank,momentum_score,atr_extension_from_50d,earnings_date,earnings_soon,tradingview_url,is_top_1w,is_top_1m,is_top_3m,is_top_6m
QMCO,Quantum Corporation,NASDAQ,Computer Peripherals,30.42,27.24,23.86,10.89,8.93,1809209.8,1633549.9666666666,49700758.0,44499535.0,1.08,144,24.69,31,193.96,3,411.34,1,210.0,3.09,2026-11-13,False,https://www.tradingview.com/chart/?symbol=NASDAQ:QMCO&interval=D,False,False,True,True
USDE,StablecoinX Inc.,NASDAQ,Packaged Software,12.3,11.0,8.02,13.16,13.53,2982413.7,4841365.7,59548798.0,53241305.0,-19.45,401,53.56,8,477.46,1,11.82,178,180.95,3.94,,False,https://www.tradingview.com/chart/?symbol=NASDAQ:USDE&interval=D,False,True,True,False
CYPH,Cypherpunk Technologies Inc.,NASDAQ,Financial Conglomerates,2.94,2.84,2.09,14.42,14.82,14818438.4,16769250.600000001,49301597.0,47546415.0,-8.41,311,9.09,83,319.94,2,185.44,11,171.49,2.75,2026-11-16,False,https://www.tradingview.com/chart/?symbol=NASDAQ:CYPH&interval=D,False,False,True,True
PDSB,PDS Biotechnology Corporation,NASDAQ,Pharmaceuticals: Major,1.38,0.66,0.55,11.29,11.78,14082448.9,48040987.666666664,66296563.0,31553161.0,93.01,1,360.0,1,75.8,13,26.61,133,154.13,12.66,2026-11-12,False,https://www.tradingview.com/chart/?symbol=NASDAQ:PDSB&interval=D,True,True,True,False
CDNA,"CareDx, Inc.",NASDAQ,Medical Specialties,63.67,56.87,53.05,6.41,5.27,1552405.0,1365108.9333333333,86916486.0,77639888.0,-4.01,231,27.66,26,119.17,4,281.49,3,142.77,3.8,2026-11-10,False,https://www.tradingview.com/chart/?symbol=NASDAQ:CDNA&interval=D,False,False,True,True
MXL,"MaxLinear, Inc",NASDAQ,Semiconductors,96.16,80.7,76.5,7.85,7.84,3046972.0,2913242.2666666666,280137376.0,235092824.0,1.81,129,40.85,12,4.17,128,379.0,2,141.34,3.28,2026-10-22,False,https://www.tradingview.com/chart/?symbol=NASDAQ:MXL&interval=D,False,True,False,True
GRAL,"GRAIL, Inc.",NASDAQ,Medical Specialties,140.58,103.73,91.36,9.41,7.38,1251898.7,1300954.6333333333,182888202.0,134951493.0,3.73,102,78.04,5,85.44,10,200.9,8,121.46,7.29,2026-11-18,False,https://www.tradingview.com/chart/?symbol=NASDAQ:GRAL&interval=D,False,True,True,True
OKTA,"Okta, Inc.",NASDAQ,Packaged Software,232.13,192.27,173.11,4.05,4.06,2863365.8,3735897.3333333335,867213848.0,718282923.0,8.73,42,37.36,16,53.51,25,239.32,5,110.06,8.4,2026-12-08,False,https://www.tradingview.com/chart/?symbol=NASDAQ:OKTA&interval=D,False,True,False,True
P,"Everpure, Inc.",NYSE,Computer Peripherals,154.49,115.09,109.7,4.23,4.23,4530243.0,6408879.466666667,990107789.0,737570166.0,14.65,13,52.58,9,91.72,8,153.18,20,99.16,9.65,2026-12-02,False,https://www.tradingview.com/chart/?symbol=NYSE:P&interval=D,True,True,True,True
ASST,"Strive, Inc.",NASDAQ,Financial Conglomerates,27.8,27.97,22.7,5.67,6.28,7356258.2,9353285.566666666,260021339.0,261619192.0,-11.1,343,-0.71,153,107.77,5,179.4,12,95.49,3.58,2026-11-13,False,https://www.tradingview.com/chart/?symbol=NASDAQ:ASST&interval=D,False,False,True,True
PLSE,"Pulse Biosciences, Inc",NASDAQ,Medical Specialties,53.81,51.63,48.6,5.33,6.14,441346.3,622471.1333333333,33495172.0,32137147.0,7.34,52,8.14,93,98.85,6,177.37,13,94.79,1.75,2026-11-16,False,https://www.tradingview.com/chart/?symbol=NASDAQ:PLSE&interval=D,False,False,True,True
PENG,"Penguin Solutions, Inc.",NASDAQ,Semiconductors,76.28,54.88,55.19,5.7,6.04,5973138.5,2961111.066666667,225873552.0,162498866.0,33.61,3,50.28,10,-3.3,169,231.65,6,92.88,6.33,2027-01-05,False,https://www.tradingview.com/chart/?symbol=NASDAQ:PENG&interval=D,True,True,False,True
HPE,Hewlett Packard Enterprise Company,NYSE,Computer Processing Hardware,73.46,60.82,58.17,4.26,4.76,19355836.5,25232896.800000023,1853608599.0,1534647961.0,9.84,35,29.01,23,49.83,30,193.72,9,90.85,5.52,2026-12-03,False,https://www.tradingview.com/chart/?symbol=NYSE:HPE&interval=D,False,False,False,True
NTSK,"Netskope, Inc.",NASDAQ,Packaged Software,20.76,16.97,16.0,4.37,4.8,5762818.1,7056848.066666666,146464882.0,119762945.0,15.82,8,43.43,11,66.44,14,141.34,23,83.74,6.18,2026-12-11,False,https://www.tradingview.com/chart/?symbol=NASDAQ:NTSK&interval=D,True,True,True,False
LIFE,Ethos Technologies Inc.,NASDAQ,Packaged Software,36.96,36.66,35.03,7.08,6.87,1502554.0,1581436.1,58449878.0,57968595.0,13.24,20,-10.77,236,94.83,7,166.86,16,83.64,0.8,2026-12-02,False,https://www.tradingview.com/chart/?symbol=NASDAQ:LIFE&interval=D,True,False,True,True
SDGR,"Schrodinger, Inc.",NASDAQ,Packaged Software,27.28,25.62,22.64,8.3,7.67,3569144.2,2641674.933333333,72064892.0,67674428.0,-11.26,347,37.22,17,61.32,16,135.78,24,78.11,2.67,2026-11-11,False,https://www.tradingview.com/chart/?symbol=NASDAQ:SDGR&interval=D,False,True,True,False
APPS,"Digital Turbine, Inc.",NASDAQ,Packaged Software,10.43,11.09,11.34,7.69,7.76,3161404.7,2942632.1,30691653.0,32638694.0,-11.23,345,-8.11,210,-6.96,183,244.22,4,76.39,-1.03,2026-11-11,False,https://www.tradingview.com/chart/?symbol=NASDAQ:APPS&interval=D,False,False,False,True
CORT,Corcept Therapeutics Incorporated,NASDAQ,Pharmaceuticals: Major,121.19,114.93,115.18,4.45,4.32,842047.1,1435793.6333333333,174003830.0,165021984.0,5.95,67,6.12,104,30.8,55,186.23,10,74.39,1.21,2026-11-04,False,https://www.tradingview.com/chart/?symbol=NASDAQ:CORT&interval=D,False,False,False,True
FIVN,"Five9, Inc.",NASDAQ,Packaged Software,36.4,34.12,33.21,5.13,5.26,2113640.7,2200438.4,80095958.0,75070156.0,0.94,146,17.42,48,41.1,42,163.58,17,74.03,1.83,2026-11-09,False,https://www.tradingview.com/chart/?symbol=NASDAQ:FIVN&interval=D,False,False,False,True
XMTR,"Xometry, Inc.",NASDAQ,Information Technology Services,111.07,97.71,94.35,5.1,4.76,727236.9,772835.1333333333,85838798.0,75512819.0,5.95,68,22.05,39,18.31,80,170.84,15,70.4,3.72,2026-11-05,False,https://www.tradingview.com/chart/?symbol=NASDAQ:XMTR&interval=D,False,False,False,True
QLYS,"Qualys, Inc.",NASDAQ,Packaged Software,202.42,180.92,180.44,4.22,4.61,669252.1,727428.1333333333,147246003.0,131608965.0,7.17,53,19.64,42,26.32,65,161.49,18,69.15,2.64,2026-11-04,False,https://www.tradingview.com/chart/?symbol=NASDAQ:QLYS&interval=D,False,False,False,True
CVI,CVR Energy Inc.,NYSE,Oil Refining/Marketing,58.02,50.73,44.61,4.79,4.7,885494.8,1119424.6666666667,64949019.0,56791398.0,5.82,70,24.29,33,83.38,11,93.4,47,67.02,6.4,2026-11-02,False,https://www.tradingview.com/chart/?symbol=NYSE:CVI&interval=D,False,False,True,False
ILMN,"Illumina, Inc.",NASDAQ,Medical Specialties,278.17,242.57,226.92,5.55,5.06,2955615.3,3627805.9,1009146767.0,879999296.0,4.61,86,31.44,19,43.88,38,122.41,31,65.91,4.46,2026-10-29,False,https://www.tradingview.com/chart/?symbol=NASDAQ:ILMN&interval=D,False,True,False,False
BAND,Bandwidth Inc.,NASDAQ,Packaged Software,53.27,54.24,52.12,8.34,8.1,758893.1,921543.7333333333,49090635.0,49986375.0,-16.11,389,22.18,37,-32.46,355,204.23,7,64.65,0.27,2026-10-29,False,https://www.tradingview.com/chart/?symbol=NASDAQ:BAND&interval=D,False,False,False,True
AMC,"AMC Entertainment Holdings, Inc.",NYSE,Movies/Entertainment,2.98,2.75,2.68,7.05,6.5,28872965.600000035,27667322.600000005,82448621.0,76140472.0,6.43,58,16.86,50,54.4,24,120.74,32,64.0,1.7,2026-11-11,False,https://www.tradingview.com/chart/?symbol=NYSE:AMC&interval=D,False,False,False,False
VEEA,Veea Inc.,NASDAQ,Packaged Software,5.7,3.24,3.06,13.01,20.43,24178917.6,17016979.148333333,96996781.0,55068079.0,71.17,2,220.22,3,24.89,67,-55.02,392,63.37,4.24,,False,https://www.tradingview.com/chart/?symbol=NASDAQ:VEEA&interval=D,True,True,False,False
TWLO,Twilio Inc.,NYSE,Packaged Software,289.47,260.64,246.39,5.58,5.07,6248832.3,3632475.0,1051492538.0,946769495.0,-3.98,227,28.07,24,26.68,64,132.32,25,62.36,3.45,2026-10-29,False,https://www.tradingview.com/chart/?symbol=NYSE:TWLO&interval=D,False,False,False,False
SECZ,Securitize Corp.,NYSE,Packaged Software,13.82,10.87,9.19,11.79,10.47,4276373.6,4346042.7,60062310.0,47253074.0,-1.71,189,67.92,7,87.01,9,27.37,129,60.77,4.82,2026-11-13,False,https://www.tradingview.com/chart/?symbol=NYSE:SECZ&interval=D,False,True,True,False
MEDS,"DataMeds AI, Inc.",NASDAQ,Medical Distributors,2.96,2.64,2.31,18.35,28.96,8773927.9,12651139.933333334,37447374.0,33413853.0,-23.32,405,239.84,2,-1.5,160,-60.72,396,59.21,0.97,,False,https://www.tradingview.com/chart/?symbol=NASDAQ:MEDS&interval=D,False,True,False,False
TENB,"Tenable Holdings, Inc.",NASDAQ,Packaged Software,41.59,35.96,35.89,4.42,4.94,3507381.5,5086490.5,211547140.0,182917828.0,13.98,18,23.08,35,-0.98,157,152.21,21,58.11,3.22,2026-11-04,False,https://www.tradingview.com/chart/?symbol=NASDAQ:TENB&interval=D,True,False,False,True
PBF,PBF Energy Inc.,NYSE,Oil Refining/Marketing,84.27,76.75,73.73,5.38,5.53,3040607.7,3686190.7,310635290.0,282912679.0,3.6,105,8.15,91,55.59,22,109.37,36,57.7,2.59,2026-10-29,False,https://www.tradingview.com/chart/?symbol=NYSE:PBF&interval=D,False,False,False,False
HTFL,"Heartflow, Inc.",NASDAQ,Packaged Software,49.74,49.22,44.54,5.32,5.39,1699572.5,1930185.9666666666,96007450.0,95002466.0,1.51,134,5.27,111,79.24,12,86.15,56,56.89,2.16,2026-11-18,False,https://www.tradingview.com/chart/?symbol=NASDAQ:HTFL&interval=D,False,False,True,False
U,Unity Software Inc.,NYSE,Packaged Software,46.88,42.8,42.78,4.57,4.27,10258504.9,10084316.533333333,472752759.0,431588579.0,5.35,78,8.57,87,45.41,35,114.16,35,56.05,2.25,2026-11-11,False,https://www.tradingview.com/chart/?symbol=NYSE:U&interval=D,False,False,False,False
ZETA,Zeta Global Holdings Corp.,NYSE,Packaged Software,33.09,31.11,29.65,4.43,4.32,6822105.0,6645533.266666667,219900696.0,206746970.0,1.38,137,6.33,103,47.07,34,114.45,34,55.95,2.69,2026-11-10,False,https://www.tradingview.com/chart/?symbol=NYSE:ZETA&interval=D,False,False,False,False
ATRC,"AtriCure, Inc.",NASDAQ,Medical Specialties,55.81,55.09,50.69,4.83,4.42,1075691.4,1372364.2,76591646.0,75601943.0,6.28,59,4.99,112,60.33,17,99.61,42,54.98,2.29,2026-11-04,False,https://www.tradingview.com/chart/?symbol=NASDAQ:ATRC&interval=D,False,False,True,False
APPN,Appian Corporation,NASDAQ,Packaged Software,40.1,37.7,36.61,4.67,4.85,872610.9,896240.8333333334,35939257.0,33790968.0,4.48,88,15.46,56,56.76,19,90.86,50,54.36,1.96,2026-10-29,False,https://www.tradingview.com/chart/?symbol=NASDAQ:APPN&interval=D,False,False,True,False
MRVL,"Marvell Technology, Inc.",NASDAQ,Semiconductors,275.28,245.68,236.49,4.72,5.3,21320170.9,20501799.533333335,5643735376.0,5036885526.0,-0.98,174,23.0,36,15.77,86,122.61,30,53.79,3.09,2026-11-26,False,https://www.tradingview.com/chart/?symbol=NASDAQ:MRVL&interval=D,False,False,False,False
SMTC,Semtech Corporation,NASDAQ,Semiconductors,187.3,168.21,153.59,5.31,6.08,2856961.7,3127969.3333333335,585868656.0,526155200.0,-2.39,198,14.14,60,40.83,43,103.37,39,52.78,3.61,2026-12-02,False,https://www.tradingview.com/chart/?symbol=NASDAQ:SMTC&interval=D,False,False,False,False
ALAB,"Astera Labs, Inc.",NASDAQ,Semiconductors,342.21,321.99,317.46,6.89,7.19,4354933.4,4143899.6333333333,1418083894.0,1334298387.0,-1.66,188,19.6,43,-16.41,242,154.0,19,52.4,1.08,2026-11-03,False,https://www.tradingview.com/chart/?symbol=NASDAQ:ALAB&interval=D,False,False,False,True
FROG,JFrog Ltd.,NASDAQ,Packaged Software,102.23,93.29,91.83,4.35,4.61,1325941.6,1691840.2666666666,172956830.0,157825575.0,4.39,90,18.98,44,5.66,121,130.4,27,51.68,2.45,2026-11-04,False,https://www.tradingview.com/chart/?symbol=NASDAQ:FROG&interval=D,False,False,False,False
MU,"Micron Technology, Inc.",NASDAQ,Semiconductors,1029.0,1016.72,976.19,4.25,4.47,26683864.9,25565108.933333334,26306497092.0,25992608685.0,-7.08,290,3.02,128,6.63,116,144.83,22,51.5,1.21,2026-12-23,False,https://www.tradingview.com/chart/?symbol=NASDAQ:MU&interval=D,False,False,False,False
FCEL,"FuelCell Energy, Inc.",NASDAQ,Electronic Equipment/Instruments,18.03,16.88,18.32,6.81,9.17,7376157.299999999,7053925.299999996,127182273.0,119091421.0,4.52,87,0.73,142,-20.36,274,174.01,14,51.46,-0.17,2026-12-17,False,https://www.tradingview.com/chart/?symbol=NASDAQ:FCEL&interval=D,False,False,False,True
MANE,"Veradermics, Incorporated",NYSE,Pharmaceuticals: Major,130.9,109.2,108.43,6.37,6.07,960084.9,818828.3,107184624.0,89415232.0,8.85,40,26.84,28,5.17,125,117.95,33,49.99,3.42,2026-12-02,False,https://www.tradingview.com/chart/?symbol=NYSE:MANE&interval=D,False,False,False,False
SAIL,"SailPoint, Inc.",NASDAQ,Packaged Software,20.77,19.86,19.33,5.35,5.35,5185475.9,5210611.166666667,108224394.0,103460158.0,0.29,160,21.89,40,35.88,50,87.79,53,48.52,1.39,2026-12-15,False,https://www.tradingview.com/chart/?symbol=NASDAQ:SAIL&interval=D,False,False,False,False
ETON,"Eton Pharmaceuticals, Inc.",NASDAQ,Pharmaceuticals: Major,55.21,57.11,55.54,6.44,5.89,757613.3,580127.1333333333,32028819.0,33128643.0,5.32,79,-6.28,197,48.02,31,103.8,38,48.51,-0.1,2026-11-05,False,https://www.tradingview.com/chart/?symbol=NASDAQ:ETON&interval=D,False,False,False,False
COHU,"Cohu, Inc.",NASDAQ,Semiconductors,68.19,59.49,57.14,4.72,5.26,1048426.9,1022161.0,69701159.0,60805802.0,-6.58,279,29.74,21,24.32,68,89.47,52,47.84,3.68,2026-10-29,False,https://www.tradingview.com/chart/?symbol=NASDAQ:COHU&interval=D,False,True,False,False
AZTA,"Azenta, Inc.",NASDAQ,Medical/Nursing Services,37.72,33.91,33.54,6.51,5.98,1578994.7,1098681.1666666667,41442254.0,37254081.0,7.62,49,23.39,34,47.86,33,67.2,71,46.15,2.09,2026-11-17,False,https://www.tradingview.com/chart/?symbol=NASDAQ:AZTA&interval=D,False,False,False,False
NET,"Cloudflare, Inc.",NYSE,Information Technology Services,360.93,328.71,316.02,4.0,4.46,2634529.3,3016664.3333333335,1088804658.0,991609744.0,2.6,116,22.14,38,29.02,58,86.81,54,45.99,3.19,2026-10-29,False,https://www.tradingview.com/chart/?symbol=NYSE:NET&interval=D,False,False,False,False
OSCR,"Oscar Health, Inc.",NYSE,Managed Health Care,33.37,31.47,31.05,4.29,4.7,4556618.9,5243569.633333334,174977919.0,165015136.0,11.9,26,0.66,143,5.2,124,127.47,29,44.45,1.59,2026-11-10,False,https://www.tradingview.com/chart/?symbol=NYSE:OSCR&interval=D,False,False,False,False
SMCI,"Super Micro Computer, Inc.",NASDAQ,Computer Processing Hardware,41.86,40.18,38.0,5.02,5.62,31433137.6,35786209.06666667,1497831780.0,1438027061.0,-2.15,194,4.62,117,47.9,32,77.05,60,43.19,1.8,2026-11-03,False,https://www.tradingview.com/chart/?symbol=NASDAQ:SMCI&interval=D,False,False,False,False
ASAN,"Asana, Inc.",NYSE,Packaged Software,10.07,9.29,9.26,5.52,5.66,5847301.7,7824486.9,78792583.0,72658185.0,11.89,27,16.55,52,32.85,51,76.05,61,41.82,1.55,2026-12-08,False,https://www.tradingview.com/chart/?symbol=NYSE:ASAN&interval=D,False,False,False,False
BB,BlackBerry Limited,NYSE,Packaged Software,8.91,8.32,8.4,6.63,5.75,19605899.8,16359229.466666674,145760735.0,136097883.0,-4.71,237,13.07,62,-21.29,283,128.46,28,40.08,1.05,2026-12-17,False,https://www.tradingview.com/chart/?symbol=NYSE:BB&interval=D,False,False,False,False
CBRL,"Cracker Barrel Old Country Store, Inc.",NASDAQ,Restaurants,57.46,51.63,53.96,4.77,4.43,882194.8,1057227.3666666667,60748284.0,54583063.0,11.14,30,9.45,81,15.7,87,93.86,46,39.67,1.46,2026-11-27,False,https://www.tradingview.com/chart/?symbol=NASDAQ:CBRL&interval=D,False,False,False,False
CLMT,"Calumet, Inc",NASDAQ,Oil Refining/Marketing,56.42,54.93,51.33,4.11,4.0,1412570.8,1467445.7,82793286.0,80613640.0,5.6,72,3.11,127,44.96,36,70.09,68,39.39,2.48,2026-11-06,False,https://www.tradingview.com/chart/?symbol=NASDAQ:CLMT&interval=D,False,False,False,False
SG,"Sweetgreen, Inc.",NYSE,Restaurants,9.63,7.75,7.12,4.59,4.58,5547331.9,5184857.033333333,49930173.0,40186099.0,10.56,33,39.36,13,18.89,79,59.17,81,39.14,7.67,2026-11-05,False,https://www.tradingview.com/chart/?symbol=NYSE:SG&interval=D,False,True,False,False
MAN,ManpowerGroup,NYSE,Personnel Services,52.78,57.3,57.57,4.5,4.36,936936.4,830699.6666666666,43844328.0,47601029.0,-7.94,306,-7.42,202,36.91,48,86.04,57,38.51,-1.91,2026-10-15,True,https://www.tradingview.com/chart/?symbol=NYSE:MAN&interval=D,False,False,False,False
CRDO,Credo Technology Group Holding Ltd,NASDAQ,Information Technology Services,216.55,190.05,209.86,6.52,6.85,8047499.0,9190190.3,1990135709.0,1746614047.0,0.72,152,31.23,20,-17.89,256,100.18,41,37.84,0.47,2026-12-02,False,https://www.tradingview.com/chart/?symbol=NASDAQ:CRDO&interval=D,False,True,False,False
PURR,Hyperliquid Strategies Inc,NASDAQ,Financial Conglomerates,11.11,12.25,10.64,6.86,8.63,13649930.3,22652860.7,251673282.0,277576829.0,-11.26,348,-12.1,253,38.36,45,86.72,55,37.66,0.51,2026-12-02,False,https://www.tradingview.com/chart/?symbol=NASDAQ:PURR&interval=D,False,False,False,False
BFLY,"Butterfly Network, Inc.",NYSE,Medical Specialties,8.25,8.26,8.5,8.93,8.29,5812785.6,5585454.733333333,46080002.0,46150751.0,-6.04,263,9.85,77,3.51,137,97.84,43,37.07,-0.36,2026-10-29,False,https://www.tradingview.com/chart/?symbol=NYSE:BFLY&interval=D,False,False,False,False
NEO,"NeoGenomics, Inc.",NASDAQ,Medical/Nursing Services,16.35,18.13,17.45,6.39,6.03,2649240.6,2209951.2333333334,36132703.0,40074151.0,-9.12,317,-5.38,191,11.22,103,105.14,37,37.0,-1.05,2026-11-10,False,https://www.tradingview.com/chart/?symbol=NASDAQ:NEO&interval=D,False,False,False,False
CRL,"Charles River Laboratories International, Inc.",NYSE,Miscellaneous Commercial Services,301.79,287.74,283.17,4.28,3.93,995907.2,974710.2666666667,294157811.0,280467031.0,4.82,82,8.35,89,28.42,60,71.37,64,36.05,1.67,2026-11-11,False,https://www.tradingview.com/chart/?symbol=NYSE:CRL&interval=D,False,False,False,False
DK,"Delek US Holdings, Inc.",NYSE,Oil Refining/Marketing,74.51,73.92,70.68,4.73,5.13,1692051.6,2481204.7,184874562.0,183400727.0,1.69,130,-2.6,172,31.11,54,77.24,59,35.25,1.06,2026-11-11,False,https://www.tradingview.com/chart/?symbol=NYSE:DK&interval=D,False,False,False,False
SLS,"SELLAS Life Sciences Group, Inc.",NASDAQ,Pharmaceuticals: Major,11.65,12.21,12.4,5.87,6.81,4573106.0,6049903.9,70481380.0,73869327.0,1.3,140,-15.03,277,-12.21,214,131.61,26,34.79,-0.89,2026-11-18,False,https://www.tradingview.com/chart/?symbol=NASDAQ:SLS&interval=D,False,False,False,False
AYA,Aya Gold & Silver Inc.,NASDAQ,Precious Metals,27.42,27.84,27.12,4.2,5.22,1007432.0,1238973.3333333333,33972649.0,34488475.0,-0.18,164,-8.8,214,37.58,47,71.27,65,33.35,0.21,2026-11-17,False,https://www.tradingview.com/chart/?symbol=NASDAQ:AYA&interval=D,False,False,False,False
AMLX,"Amylyx Pharmaceuticals, Inc.",NASDAQ,Pharmaceuticals: Major,28.14,31.3,30.14,4.8,5.44,1414276.2,1535670.3,43213762.0,48062641.0,-1.26,182,-16.0,290,53.48,26,62.1,78,33.19,-1.22,2026-11-05,False,https://www.tradingview.com/chart/?symbol=NASDAQ:AMLX&interval=D,False,False,False,False
GCT,GigaCloud Technology Inc,NASDAQ,Wholesale Distributors,57.26,52.67,51.69,4.62,4.3,660863.8,674820.8666666667,38640243.0,35542253.0,6.19,63,9.8,78,65.4,15,23.27,145,32.82,2.51,2026-11-26,False,https://www.tradingview.com/chart/?symbol=NASDAQ:GCT&interval=D,False,False,True,False
GPRO,"GoPro, Inc.",NASDAQ,Electronics/Appliances,1.19,1.3,1.04,5.73,8.56,9068875.6,65903673.4,78425371.0,85787031.0,-10.86,341,-17.93,316,56.68,20,59.56,80,32.77,1.65,2026-11-05,False,https://www.tradingview.com/chart/?symbol=NASDAQ:GPRO&interval=D,False,False,True,False
GH,"Guardant Health, Inc.",NASDAQ,Medical Specialties,167.47,170.59,167.86,4.61,4.85,1862598.7,1874724.6666666667,313960140.0,319813030.0,-3.38,217,3.85,122,2.16,143,92.25,48,32.75,-0.05,2026-10-29,False,https://www.tradingview.com/chart/?symbol=NASDAQ:GH&interval=D,False,False,False,False
SDEV,Stablecoin Development Corporation,AMEX,Investment Banks/Brokers,1.54,1.72,1.45,83.02,68.88,71181763.0,24764981.2,38138071.0,42578432.0,-69.57,415,77.52,6,14.07,93,-1.28,220,30.1,0.1,2026-11-05,False,https://www.tradingview.com/chart/?symbol=AMEX:SDEV&interval=D,False,True,False,False
IBRX,"ImmunityBio, Inc.",NASDAQ,Pharmaceuticals: Major,10.51,8.72,8.3,6.75,6.12,16430941.8,12266593.433333334,128921897.0,106913584.0,11.93,25,27.86,25,17.83,82,42.99,104,29.56,4.36,2026-11-05,False,https://www.tradingview.com/chart/?symbol=NASDAQ:IBRX&interval=D,False,False,False,False
OUST,"Ouster, Inc.",NASDAQ,Semiconductors,39.9,38.11,39.72,6.6,6.74,2534963.2,2234632.8666666667,89161851.0,85170052.0,-6.58,280,8.42,88,-16.12,239,96.17,44,29.49,0.07,2026-11-05,False,https://www.tradingview.com/chart/?symbol=NASDAQ:OUST&interval=D,False,False,False,False
BE,Bloom Energy Corporation,NYSE,Electronic Production Equipment,280.5,265.16,246.48,6.45,6.79,13398954.4,15597324.033333333,4375049391.0,4135776042.0,-1.23,180,2.75,132,11.66,102,73.28,63,29.23,2.03,2026-10-29,False,https://www.tradingview.com/chart/?symbol=NYSE:BE&interval=D,False,False,False,False
RVMD,"Revolution Medicines, Inc.",NASDAQ,Pharmaceuticals: Other,189.76,202.03,203.43,4.61,4.61,2036756.4,2048261.1333333333,388678033.0,413806100.0,-7.83,302,-7.89,207,-1.28,158,95.57,45,28.8,-1.46,2026-11-11,False,https://www.tradingview.com/chart/?symbol=NASDAQ:RVMD&interval=D,False,False,False,False
PRGO,Perrigo Company plc,NYSE,Pharmaceuticals: Major,15.06,14.31,13.78,4.83,4.53,2593782.3,2799265.2333333334,42156934.0,40053753.0,6.21,62,2.73,133,42.61,40,40.62,108,28.65,2.05,2026-11-11,False,https://www.tradingview.com/chart/?symbol=NYSE:PRGO&interval=D,False,False,False,False
MSTR,Strategy Inc,NASDAQ,Internet Software/Services,154.34,146.51,129.82,4.94,5.69,19422919.4,23011859.466666665,3551650390.0,3371544237.0,-6.96,285,8.83,85,56.29,21,18.68,159,27.93,3.32,2026-10-29,False,https://www.tradingview.com/chart/?symbol=NASDAQ:MSTR&interval=D,False,False,True,False
SMCIP,"Super Micro Computer, Inc. - Depositary Shares Each Representing a 1/20th Interest in a Share of 7% Series A Mandatory Convertible Preferred Stock",NASDAQ,Computer Processing Hardware,70.01,67.42,64.27,4.1,4.65,774151.1,711860.2666666667,49837337.0,47990772.0,-2.11,192,4.32,118,39.71,44,37.95,110,27.33,1.92,2026-11-03,False,https://www.tradingview.com/chart/?symbol=NASDAQ:SMCIP&interval=D,False,False,False,False
SBET,"Sharplink, Inc.",NASDAQ,Advertising/Marketing Services,8.59,9.02,8.18,5.64,6.55,6681304.8,8271480.600000026,71052018.0,74633569.0,-14.27,374,-4.45,183,54.77,23,31.15,120,27.16,0.77,2026-11-12,False,https://www.tradingview.com/chart/?symbol=NASDAQ:SBET&interval=D,False,False,False,False
TEM,"Tempus AI, Inc.",NASDAQ,Packaged Software,70.93,71.7,65.6,8.23,7.9,7663215.7,7271922.033333333,515797430.0,521389538.0,-8.31,309,11.84,67,13.04,98,56.58,83,27.15,1.03,2026-11-10,False,https://www.tradingview.com/chart/?symbol=NASDAQ:TEM&interval=D,False,False,False,False
CLF,Cleveland-Cliffs Inc.,NYSE,Steel,12.98,12.03,11.96,4.78,5.03,17896173.7,14540363.4,188733917.0,174915725.0,11.32,29,4.26,119,37.87,46,39.12,109,27.08,1.7,2026-10-19,False,https://www.tradingview.com/chart/?symbol=NYSE:CLF&interval=D,False,False,False,False
KSS,Kohl's Corporation,NYSE,Department Stores,20.35,18.16,18.42,4.49,4.54,4218235.1,4103579.433333333,83507841.0,74525106.0,6.21,61,10.54,71,23.18,71,46.19,95,26.64,2.31,2026-11-12,False,https://www.tradingview.com/chart/?symbol=NYSE:KSS&interval=D,False,False,False,False
MDB,"MongoDB, Inc.",NASDAQ,Packaged Software,385.93,383.07,395.17,5.46,6.0,4849224.9,2971339.9,1146729208.0,1138235137.0,9.25,38,7.21,98,3.87,130,67.42,70,26.17,-0.39,2026-12-07,False,https://www.tradingview.com/chart/?symbol=NASDAQ:MDB&interval=D,False,False,False,False
VICR,Vicor Corporation,NASDAQ,Electronic Components,266.07,235.9,227.95,6.93,7.04,837940.9,880548.0666666667,234287424.0,207718060.0,-14.26,373,38.58,15,-2.54,165,42.09,106,26.04,2.38,2026-10-20,False,https://www.tradingview.com/chart/?symbol=NASDAQ:VICR&interval=D,False,True,False,False
LITE,Lumentum Holdings Inc.,NASDAQ,Electrical Products,1103.36,957.31,920.34,5.47,6.07,4756989.9,4512574.466666667,4978971601.0,4319930406.0,4.76,83,12.58,64,43.38,39,21.5,151,25.82,3.27,2026-11-05,False,https://www.tradingview.com/chart/?symbol=NASDAQ:LITE&interval=D,False,False,False,False
VSXY,Victorias Secret & Co.,NYSE,Apparel/Footwear Retail,82.87,82.09,85.25,4.68,4.98,1678532.2,2038528.8666666667,168932887.0,167340117.0,-7.04,289,7.4,97,8.37,107,60.32,79,25.36,-0.56,2026-12-02,False,https://www.tradingview.com/chart/?symbol=NYSE:VSXY&interval=D,False,False,False,False
FIGS,"FIGS, Inc.",NYSE,Apparel/Footwear,15.78,13.86,13.79,4.72,4.57,3607686.5,2950045.4,46551716.0,40888613.0,12.07,24,16.46,53,51.88,28,7.71,191,25.35,3.16,2026-11-05,False,https://www.tradingview.com/chart/?symbol=NYSE:FIGS&interval=D,False,False,False,False
GME,GameStop Corporation,NYSE,Electronics/Appliance Stores,26.56,22.34,20.88,4.03,3.68,11274433.7,10196959.266666668,270831238.0,227796671.0,9.75,36,39.06,14,21.06,74,15.73,171,25.28,7.4,2026-12-09,False,https://www.tradingview.com/chart/?symbol=NYSE:GME&interval=D,False,True,False,False
GEO,Geo Group Inc (The) REIT,NYSE,Miscellaneous Commercial Services,31.13,31.14,31.25,4.92,4.57,3255457.3,2654907.8,82647280.0,82680024.0,0.32,159,-2.84,176,3.63,134,73.33,62,24.71,-0.08,2026-11-05,False,https://www.tradingview.com/chart/?symbol=NYSE:GEO&interval=D,False,False,False,False
WIX,Wix.com Ltd.,NASDAQ,Packaged Software,76.56,77.8,75.64,5.42,5.57,853755.6,1235392.1666666667,94581624.0,96116599.0,3.49,106,4.69,115,53.26,27,16.03,170,24.66,0.22,2026-11-05,False,https://www.tradingview.com/chart/?symbol=NASDAQ:WIX&interval=D,False,False,False,False
SEZL,Sezzle Inc.,NASDAQ,Packaged Software,128.64,115.47,122.94,4.3,4.75,482906.9000000001,495058.10000000003,63684274.0,57163121.0,14.82,12,8.83,84,-28.43,327,90.95,49,23.78,0.98,2026-11-05,False,https://www.tradingview.com/chart/?symbol=NASDAQ:SEZL&interval=D,True,False,False,False
NAVN,"Navan, Inc.",NASDAQ,Packaged Software,23.64,22.95,25.28,4.34,5.05,2837401.4,4219841.566666666,99757055.0,96866463.0,7.8,47,-11.41,246,-8.69,195,90.8,51,23.57,-1.28,2026-12-15,False,https://www.tradingview.com/chart/?symbol=NASDAQ:NAVN&interval=D,False,False,False,False
SNAP,Snap Inc.,NYSE,Packaged Software,6.23,5.58,5.48,4.01,4.46,34043340.9,33062277.633333333,205977990.0,184641800.0,8.92,39,15.8,55,30.61,56,23.73,142,23.38,3.08,2026-11-03,False,https://www.tradingview.com/chart/?symbol=NYSE:SNAP&interval=D,False,False,False,False
INOD,Innodata Inc.,NASDAQ,Data Processing Services,62.04,61.14,61.7,8.72,7.07,1355524.0,1394035.5666666667,86485967.0,85232729.0,-15.07,382,11.16,69,-11.75,210,70.49,66,23.3,0.08,2026-11-05,False,https://www.tradingview.com/chart/?symbol=NASDAQ:INOD&interval=D,False,False,False,False
AMBQ,"Ambiq Micro, Inc.",NYSE,Semiconductors,58.56,63.19,63.08,6.45,6.73,485309.4,548322.2666666667,32109752.0,34648484.0,-18.96,399,-1.05,157,-30.17,344,100.62,40,23.13,-1.07,2026-11-05,False,https://www.tradingview.com/chart/?symbol=NYSE:AMBQ&interval=D,False,False,False,False
ERO,Ero Copper Corp.,NYSE,Other Metals/Minerals,37.61,36.11,35.5,4.3,4.99,1293913.1,1359974.3,51148633.0,49113205.0,2.01,125,-1.67,164,51.71,29,19.21,156,23.08,1.19,2026-11-02,False,https://www.tradingview.com/chart/?symbol=NYSE:ERO&interval=D,False,False,False,False
BRZE,"Braze, Inc.",NASDAQ,Internet Software/Services,29.06,27.14,27.8,4.68,5.14,2310164.3,2585330.5,75129704.0,70169317.0,12.55,23,11.0,70,14.26,91,43.93,99,23.06,0.88,2026-12-15,False,https://www.tradingview.com/chart/?symbol=NASDAQ:BRZE&interval=D,False,False,False,False
WK,Workiva Inc.,NYSE,Information Technology Services,73.25,72.74,71.38,4.21,4.21,2256130.9,1384228.4333333333,101394733.0,100682778.0,0.19,161,-1.12,158,36.63,49,33.13,117,22.88,0.62,2026-11-05,False,https://www.tradingview.com/chart/?symbol=NYSE:WK&interval=D,False,False,False,False
FSLY,"Fastly, Inc.",NASDAQ,Information Technology Services,29.3,24.48,24.85,7.89,7.65,5158539.8,7174686.166666667,210218305.0,175633926.0,9.57,37,29.13,22,41.55,41,-2.4,225,22.76,2.34,2026-11-04,False,https://www.tradingview.com/chart/?symbol=NASDAQ:FSLY&interval=D,False,False,False,False
RGEN,Repligen Corporation,NASDAQ,Pharmaceuticals: Major,173.88,177.1,173.19,5.58,5.21,1535805.3,1198708.9,208431504.0,212292145.0,-3.03,207,3.17,126,20.46,75,44.16,98,22.6,0.08,2026-11-03,False,https://www.tradingview.com/chart/?symbol=NASDAQ:RGEN&interval=D,False,False,False,False
INTC,Intel Corporation,NASDAQ,Semiconductors,104.7,107.87,103.08,4.97,5.64,95632435.5,102353036.33333333,10716362904.0,11040344382.0,-15.57,386,1.95,137,-4.45,173,70.19,67,22.56,0.28,2026-10-29,False,https://www.tradingview.com/chart/?symbol=NASDAQ:INTC&interval=D,False,False,False,False
INSP,"Inspire Medical Systems, Inc.",NYSE,Medical Specialties,68.89,68.86,64.98,4.84,4.77,979853.1,881374.8333333334,60717912.0,60692352.0,-3.97,226,10.35,74,32.84,52,23.02,146,22.07,1.26,2026-11-02,False,https://www.tradingview.com/chart/?symbol=NYSE:INSP&interval=D,False,False,False,False
W,Wayfair Inc.,NYSE,Specialty Stores,105.74,101.36,101.91,4.24,4.28,2092752.3,2304184.7666666666,243644497.0,233557544.0,2.17,123,6.03,105,15.96,84,43.36,102,21.78,0.88,2026-11-04,False,https://www.tradingview.com/chart/?symbol=NYSE:W&interval=D,False,False,False,False
SWKS,"Skyworks Solutions, Inc.",NASDAQ,Semiconductors,76.35,82.02,76.13,5.55,6.22,9417303.7,8633474.566666666,659165783.0,708077294.0,-9.02,316,1.43,139,28.84,59,33.85,116,21.38,0.05,2026-10-29,False,https://www.tradingview.com/chart/?symbol=NASDAQ:SWKS&interval=D,False,False,False,False
IMAX,Imax Corporation,NYSE,Electronics/Appliances,50.8,52.66,52.27,4.26,4.13,1227495.3,1027179.9,52180739.0,54094033.0,-2.98,206,-2.98,178,32.19,53,34.32,115,21.18,-0.68,2026-10-22,False,https://www.tradingview.com/chart/?symbol=NYSE:IMAX&interval=D,False,False,False,False
FORM,"FormFactor, Inc.",NASDAQ,Semiconductors,139.67,121.36,119.8,4.88,5.21,2773374.4,1686080.1666666667,235494817.0,204619598.0,-7.08,292,27.52,27,21.3,73,14.34,174,21.06,3.18,2026-10-28,False,https://www.tradingview.com/chart/?symbol=NASDAQ:FORM&interval=D,False,False,False,False
BMNR,"BitMine Immersion Technologies, Inc.",NYSE,Financial Conglomerates,24.03,25.53,23.32,5.37,6.39,30664949.8,39006621.8,937329122.0,995982079.0,-12.81,364,-5.76,193,57.37,18,11.35,182,20.99,0.48,2026-11-20,False,https://www.tradingview.com/chart/?symbol=NYSE:BMNR&interval=D,False,False,True,False
CXW,"CoreCivic, Inc.",NYSE,Miscellaneous Commercial Services,32.93,33.43,33.08,5.72,5.17,2365789.3,2169294.1333333333,71434856.0,72523118.0,0.73,151,-6.16,196,5.54,123,62.22,77,20.54,-0.09,2026-11-04,False,https://www.tradingview.com/chart/?symbol=NYSE:CXW&interval=D,False,False,False,False
SANM,Sanmina Corporation,NASDAQ,Electronic Production Equipment,217.49,209.09,205.25,4.36,4.82,567791.0,592721.9,128911086.0,123933408.0,-4.84,241,5.94,108,3.61,135,51.17,91,20.24,1.24,2026-11-09,False,https://www.tradingview.com/chart/?symbol=NASDAQ:SANM&interval=D,False,False,False,False
SNDK,Sandisk Corporation,NASDAQ,Computer Peripherals,1581.82,1673.81,1582.5,5.18,6.01,7324408.6,9546223.133333333,15100406677.0,15978568516.0,-10.79,340,-9.68,225,-11.08,205,81.0,58,20.08,-0.01,2026-10-29,False,https://www.tradingview.com/chart/?symbol=NASDAQ:SNDK&interval=D,False,False,False,False
GENI,Genius Sports Limited,NYSE,Internet Software/Services,6.65,6.56,7.05,6.05,6.51,8078800.9,7399871.366666666,49209145.0,48572756.0,15.25,11,-9.52,222,5.56,122,62.59,76,19.54,-0.87,2026-11-11,False,https://www.tradingview.com/chart/?symbol=NYSE:GENI&interval=D,True,False,False,False
GDDY,GoDaddy Inc.,NYSE,Data Processing Services,104.35,98.76,96.78,4.43,4.12,1790747.6,2396097.3666666667,250032760.0,236645764.0,7.71,48,12.62,63,16.58,83,29.24,125,19.48,1.9,2026-10-29,False,https://www.tradingview.com/chart/?symbol=NYSE:GDDY&interval=D,False,False,False,False
PARR,"Par Pacific Holdings, Inc. Common Stock",NYSE,Oil Refining/Marketing,81.89,82.24,80.08,5.34,5.51,829920.1000000015,938166.2000000003,76826430.0,77157290.0,-4.0,229,-1.33,160,23.44,70,35.62,114,19.25,0.41,2026-11-09,False,https://www.tradingview.com/chart/?symbol=NYSE:PARR&interval=D,False,False,False,False
MAT,"Mattel, Inc.",NASDAQ,Recreational Products,16.69,14.27,14.48,5.16,4.41,13425970.3,7132582.133333334,119042796.0,101759361.0,10.27,34,18.37,45,25.96,66,13.38,177,19.24,3.46,2026-10-27,False,https://www.tradingview.com/chart/?symbol=NASDAQ:MAT&interval=D,False,False,False,False
MTSI,"MACOM Technology Solutions Holdings, Inc.",NASDAQ,Semiconductors,330.06,283.31,283.68,4.29,4.94,1253027.5,1299187.9333333333,428809969.0,368076831.0,6.16,64,20.21,41,6.35,118,30.69,121,19.08,3.31,2026-11-05,False,https://www.tradingview.com/chart/?symbol=NASDAQ:MTSI&interval=D,False,False,False,False
DOCN,"DigitalOcean Holdings, Inc.",NYSE,Packaged Software,134.82,128.31,126.16,5.8,6.52,1769437.3,2491465.1333333333,335899329.0,319684044.0,-4.97,243,7.12,99,-5.16,177,55.0,86,18.99,1.05,2026-11-09,False,https://www.tradingview.com/chart/?symbol=NYSE:DOCN&interval=D,False,False,False,False
NBIS,Nebius Group N.V.,NASDAQ,Packaged Software,221.07,226.01,224.42,6.18,7.18,15124201.2,15141095.766666668,3347242041.0,3422097095.0,-6.23,269,-10.82,238,3.77,133,63.9,75,18.95,-0.21,2026-10-22,False,https://www.tradingview.com/chart/?symbol=NASDAQ:NBIS&interval=D,False,False,False,False
BRKR,Bruker Corporation,NASDAQ,Medical Specialties,58.84,59.69,58.72,5.43,5.37,2295356.7,2261479.1,133065430.0,134977134.0,-5.48,249,1.57,138,-2.32,163,54.68,89,17.98,0.04,2026-10-29,False,https://www.tradingview.com/chart/?symbol=NASDAQ:BRKR&interval=D,False,False,False,False
ICLR,ICON plc,NASDAQ,Miscellaneous Commercial Services,164.17,166.53,166.6,4.43,4.36,945398.3,966861.8,158729702.0,161015041.0,1.43,136,3.44,124,-2.73,166,52.35,90,17.69,-0.33,2026-10-27,False,https://www.tradingview.com/chart/?symbol=NASDAQ:ICLR&interval=D,False,False,False,False
MNDY,monday.com Ltd.,NASDAQ,Packaged Software,88.96,87.59,88.75,4.42,5.12,1141758.6,1099808.8333333333,97838994.0,96330606.0,10.58,32,6.54,102,3.59,136,42.34,105,17.49,0.05,2026-11-16,False,https://www.tradingview.com/chart/?symbol=NASDAQ:MNDY&interval=D,False,False,False,False
HIMS,"Hims & Hers Health, Inc.",NYSE,Medical/Nursing Services,30.92,28.76,29.45,5.82,5.75,9900359.9,9844142.233333332,304380878.0,283094561.0,2.79,115,10.04,76,-13.72,223,54.99,87,17.1,0.87,2026-11-09,False,https://www.tradingview.com/chart/?symbol=NYSE:HIMS&interval=D,False,False,False,False
SYRE,"Spyre Therapeutics, Inc.",NASDAQ,Pharmaceuticals: Major,85.69,88.37,94.33,6.25,6.39,1815018.4000000004,1463888.3333333333,125440591.0,129370156.0,-6.0,260,-2.7,174,-13.23,218,66.71,73,16.93,-1.43,2026-11-05,False,https://www.tradingview.com/chart/?symbol=NASDAQ:SYRE&interval=D,False,False,False,False
BETA,"Beta Technologies, Inc.",NYSE,Aerospace & Defense,20.98,21.37,22.24,6.62,6.88,1828121.1,3256209.7333333334,68315280.0,69599312.0,-6.0,261,-0.1,150,23.92,69,26.84,131,16.89,-0.82,2026-12-03,False,https://www.tradingview.com/chart/?symbol=NYSE:BETA&interval=D,False,False,False,False
FLEX,Flex Ltd.,NASDAQ,Electronic Production Equipment,119.83,112.21,114.68,4.14,4.56,2505337.500000001,3056415.099999992,366250221.0,342953207.0,3.85,98,6.0,107,-13.57,222,57.92,82,16.78,0.98,2026-10-28,False,https://www.tradingview.com/chart/?symbol=NASDAQ:FLEX&interval=D,False,False,False,False
TGB,Trekor Metals Limited,AMEX,Other Metals/Minerals,8.85,8.62,8.58,5.18,5.6,4646166.0,5084033.933333334,44993700.0,43812510.0,3.87,97,-0.9,155,27.89,62,22.07,150,16.35,0.55,2026-11-04,False,https://www.tradingview.com/chart/?symbol=AMEX:TGB&interval=D,False,False,False,False
WAY,Waystar Holding Corp.,NASDAQ,Packaged Software,26.68,25.45,24.96,4.03,4.09,2025569.3,2033780.8,54261272.0,51764467.0,5.58,73,10.52,72,13.92,96,23.75,141,16.06,1.68,2026-11-11,False,https://www.tradingview.com/chart/?symbol=NASDAQ:WAY&interval=D,False,False,False,False
ETSY,"Etsy, Inc.",NYSE,Internet Retail,76.71,74.09,77.3,4.01,3.91,2795321.8,3117285.533333333,239126973.0,230971115.0,4.37,91,6.62,101,-1.69,162,43.22,103,16.05,-0.2,2026-11-04,False,https://www.tradingview.com/chart/?symbol=NYSE:ETSY&interval=D,False,False,False,False
SITM,SiTime Corporation,NASDAQ,Semiconductors,612.37,620.24,626.06,5.67,6.5,352996.8,428484.9666666667,262391339.0,265764016.0,-12.65,363,3.27,125,-3.72,172,48.19,94,15.92,-0.34,2026-11-04,False,https://www.tradingview.com/chart/?symbol=NASDAQ:SITM&interval=D,False,False,False,False
SEI,"Solaris Energy Infrastructure, Inc.",NYSE,Oilfield Services/Equipment,76.4,65.98,62.45,4.88,5.56,2351870.6,2631803.1333333333,201069759.0,173635844.0,5.83,69,14.23,59,6.11,120,25.99,136,15.45,4.02,2026-11-02,False,https://www.tradingview.com/chart/?symbol=NYSE:SEI&interval=D,False,False,False,False
UMAC,"Unusual Machines, Inc.",AMEX,Electronic Equipment/Instruments,20.83,23.28,24.57,7.31,8.17,2810163.3,2688316.6,55997635.0,62586699.0,-6.3,272,-19.42,332,-0.71,155,65.32,74,15.06,-1.86,2026-11-12,False,https://www.tradingview.com/chart/?symbol=AMEX:UMAC&interval=D,False,False,False,False
DFTX,"Definium Therapeutics, Inc.",NASDAQ,Pharmaceuticals: Major,36.9,37.91,40.4,5.3,5.76,2299141.1999999974,2313733.2666666643,85376758.0,87712857.0,-2.12,193,-2.43,170,-22.69,301,67.69,69,14.19,-1.5,2026-11-05,False,https://www.tradingview.com/chart/?symbol=NASDAQ:DFTX&interval=D,False,False,False,False
VSH,"Vishay Intertechnology, Inc.",NYSE,Electronic Production Equipment,34.04,32.73,32.97,4.49,5.44,4293349.7,3771241.566666667,128373063.0,123427708.0,-4.73,238,8.34,90,-20.76,279,54.8,88,14.12,0.59,2026-11-04,False,https://www.tradingview.com/chart/?symbol=NYSE:VSH&interval=D,False,False,False,False
AUGO,Aura Minerals Inc.,NASDAQ,Other Metals/Minerals,91.26,84.72,81.33,4.24,5.23,893661.1000000013,1059952.9666666654,96731308.0,89797625.0,13.04,21,3.99,121,44.49,37,-7.98,247,13.5,2.33,2026-11-05,False,https://www.tradingview.com/chart/?symbol=NASDAQ:AUGO&interval=D,True,False,False,False
VECO,Veeco Instruments Inc.,NASDAQ,Electronic Production Equipment,52.28,46.96,48.3,4.89,5.29,770404.5,655270.6666666666,34257550.0,30769326.0,-5.8,256,14.85,58,-6.36,180,31.56,119,13.35,1.56,2026-11-09,False,https://www.tradingview.com/chart/?symbol=NASDAQ:VECO&interval=D,False,False,False,False
FPS,"Forgent Power Solutions, Inc.",NYSE,Electrical Products,40.03,35.4,35.62,5.1,5.89,8263869.7,9657870.866666667,386604571.0,341895067.0,1.16,142,24.98,30,-12.64,216,27.32,130,13.22,2.1,2026-12-02,False,https://www.tradingview.com/chart/?symbol=NYSE:FPS&interval=D,False,False,False,False
MRX,Marex Group Limited,NASDAQ,Internet Software/Services,71.92,72.92,70.88,4.39,4.4,737078.8,796486.0333333333,57283276.0,58078965.0,0.6,154,-6.11,195,2.16,144,43.5,101,13.18,0.33,2026-11-05,False,https://www.tradingview.com/chart/?symbol=NASDAQ:MRX&interval=D,False,False,False,False
DXC,DXC Technology Company,NYSE,Data Processing Services,12.4,11.33,11.14,4.01,4.23,4314331.100000009,3180698.5999999996,39440663.0,36034134.0,6.53,56,10.22,75,30.12,57,-0.96,217,13.13,2.68,2026-11-04,False,https://www.tradingview.com/chart/?symbol=NYSE:DXC&interval=D,False,False,False,False
NEOG,Neogen Corporation,NASDAQ,Medical Specialties,11.85,12.42,12.13,6.73,5.98,7153992.0,4503800.2,53370032.0,55922936.0,-4.44,233,-1.99,166,21.79,72,18.98,158,12.93,-0.38,2027-01-14,False,https://www.tradingview.com/chart/?symbol=NASDAQ:NEOG&interval=D,False,False,False,False
HOOD,"Robinhood Markets, Inc.",NASDAQ,Investment Banks/Brokers,109.02,113.83,107.23,4.23,5.07,20331867.2,22162955.233333334,2416205380.0,2522838745.0,-4.02,232,-9.73,226,-8.51,193,55.5,84,12.42,0.33,2026-10-27,False,https://www.tradingview.com/chart/?symbol=NASDAQ:HOOD&interval=D,False,False,False,False
TLN,Talen Energy Corporation,NASDAQ,Alternative Power Generation,378.57,313.9,321.82,4.25,4.66,1428319.8,980861.4,371324700.0,307892557.0,15.53,9,16.69,51,-0.81,156,21.24,152,12.37,3.79,2026-11-18,False,https://www.tradingview.com/chart/?symbol=NASDAQ:TLN&interval=D,True,False,False,False
GLND,Greenland Energy Company,NASDAQ,Financial Conglomerates,2.51,2.51,2.19,37.38,26.08,10575630.7,24030074.933333334,60315488.0,60347528.0,-40.94,411,90.15,4,14.61,89,-67.65,402,12.37,0.56,2026-12-02,False,https://www.tradingview.com/chart/?symbol=NASDAQ:GLND&interval=D,False,True,False,False
TVTX,"Travere Therapeutics, Inc.",NASDAQ,Pharmaceuticals: Major,52.12,61.68,62.02,4.61,4.64,2047000.0,1701536.2666666666,88692578.0,104954444.0,-8.89,315,-20.78,342,-10.13,200,66.8,72,11.96,-3.44,2026-10-22,False,https://www.tradingview.com/chart/?symbol=NASDAQ:TVTX&interval=D,False,False,False,False
GKOS,Glaukos Corporation,NYSE,Medical Specialties,165.69,167.49,172.75,4.85,4.89,1162208.7,910961.5333333333,150937216.0,152573303.0,-1.12,178,-9.53,223,7.56,114,37.31,111,11.78,-0.83,2026-10-28,False,https://www.tradingview.com/chart/?symbol=NYSE:GKOS&interval=D,False,False,False,False
PGY,Pagaya Technologies Ltd.,NASDAQ,Packaged Software,18.22,19.88,20.48,4.97,5.38,2186323.499999996,2341576.5,42663524.0,46561468.0,2.19,122,-16.54,297,0.5,152,50.83,92,11.6,-2.05,2026-10-29,False,https://www.tradingview.com/chart/?symbol=NASDAQ:PGY&interval=D,False,False,False,False
STX,Seagate Technology Holdings PLC,NASDAQ,Computer Peripherals,783.0,853.01,855.24,5.39,6.7,5144941.5,4220135.833333333,3304366357.0,3599806813.0,-4.81,240,-12.33,258,-9.13,197,55.15,85,11.23,-1.26,2026-10-28,False,https://www.tradingview.com/chart/?symbol=NASDAQ:STX&interval=D,False,False,False,False
WLTH,Wealthfront Corporation,NASDAQ,Packaged Software,10.82,10.08,9.81,4.56,4.33,2213408.5,3234613.8,34998521.0,32599516.0,3.05,111,12.12,66,14.14,92,7.23,195,11.16,2.38,2027-01-12,False,https://www.tradingview.com/chart/?symbol=NASDAQ:WLTH&interval=D,False,False,False,False
TER,"Teradyne, Inc.",NASDAQ,Electronic Production Equipment,402.68,380.82,382.89,4.33,5.03,2253451.9,2421922.033333333,975259564.0,922308276.0,-6.53,277,9.28,82,13.93,95,8.55,190,10.59,1.03,2026-10-27,False,https://www.tradingview.com/chart/?symbol=NASDAQ:TER&interval=D,False,False,False,False
PAY,"Paymentus Holdings, Inc.",NYSE,Miscellaneous Commercial Services,31.88,33.63,35.92,4.05,4.2,935074.0,1121227.6,35744736.0,37707632.0,4.42,89,-10.65,233,13.98,94,28.34,128,10.56,-2.68,2026-11-09,False,https://www.tradingview.com/chart/?symbol=NYSE:PAY&interval=D,False,False,False,False
AEHR,Aehr Test Systems,NASDAQ,Electronic Production Equipment,84.64,91.66,98.02,9.6,10.19,2472241.3,2729691.9,231041122.0,250195370.0,-19.08,400,-5.56,192,15.88,85,20.61,154,10.31,-1.34,2026-10-09,False,https://www.tradingview.com/chart/?symbol=NASDAQ:AEHR&interval=D,False,False,False,False
BSP,Bending Spoons S.p.A.,NASDAQ,Packaged Software,38.01,37.37,39.39,7.09,7.72,3364022.0,2512949.7666666666,95517221.0,93920241.0,15.95,7,-2.54,171,10.75,104,22.61,148,10.28,-0.46,2026-11-12,False,https://www.tradingview.com/chart/?symbol=NASDAQ:BSP&interval=D,True,False,False,False
VIAV,Viavi Solutions Inc.,NASDAQ,Information Technology Services,45.46,39.04,39.32,5.27,5.43,5557756.699999998,5286277.166666659,240314160.0,206369212.0,-0.98,175,17.41,49,8.24,108,4.55,203,10.07,2.88,2026-10-29,False,https://www.tradingview.com/chart/?symbol=NASDAQ:VIAV&interval=D,False,False,False,False
IONQ,"IonQ, Inc.",NYSE,Computer Processing Hardware,39.89,40.56,41.33,6.34,6.42,20390547.9,22805870.1,909726158.0,925028897.0,-11.67,352,0.96,141,-11.98,212,41.03,107,10.0,-0.54,2026-11-11,False,https://www.tradingview.com/chart/?symbol=NYSE:IONQ&interval=D,False,False,False,False
WTTR,"Select Water Solutions, Inc.",NYSE,Oil & Gas Production,19.76,20.03,20.07,4.2,4.05,1835189.6,1780912.2666666666,35190826.0,35670485.0,-1.35,183,-5.36,190,2.92,138,32.0,118,9.85,-0.38,2026-11-03,False,https://www.tradingview.com/chart/?symbol=NYSE:WTTR&interval=D,False,False,False,False
SHLS,"Shoals Technologies Group, Inc.",NASDAQ,Semiconductors,8.74,7.57,7.79,4.59,5.14,4098447.0,4206086.833333333,36761199.0,31859005.0,5.43,75,17.79,46,-14.23,226,24.86,139,9.47,2.36,2026-11-10,False,https://www.tradingview.com/chart/?symbol=NASDAQ:SHLS&interval=D,False,False,False,False
ARXS,"Arxis, Inc.",NASDAQ,Aerospace & Defense,47.89,50.48,52.74,4.12,4.67,1327120.3,1018579.0,48779748.0,51419566.0,-3.19,214,-9.96,230,12.18,99,26.03,135,9.41,-1.97,2026-12-02,False,https://www.tradingview.com/chart/?symbol=NASDAQ:ARXS&interval=D,False,False,False,False
STNE,StoneCo Ltd.,NASDAQ,Miscellaneous Commercial Services,12.46,10.06,10.07,4.09,4.54,8898707.7,7091124.3,88355409.0,71340256.0,31.09,4,26.37,29,12.15,100,-11.32,262,9.07,5.21,2026-11-17,False,https://www.tradingview.com/chart/?symbol=NASDAQ:STNE&interval=D,True,False,False,False
RUM,RUM Group Inc.,NASDAQ,Internet Software/Services,6.96,8.14,7.95,6.98,8.01,4075755.8,5260312.133333334,36611772.0,42806667.0,-11.56,351,-16.65,298,8.07,110,35.67,113,9.03,-1.56,2026-11-16,False,https://www.tradingview.com/chart/?symbol=NASDAQ:RUM&interval=D,False,False,False,False
VCYT,"Veracyte, Inc.",NASDAQ,Medical Specialties,45.23,43.53,43.76,6.13,5.7,1336797.0,1410889.6,63814537.0,61411086.0,0.65,153,5.7,109,-23.47,303,44.64,97,8.96,0.59,2026-11-10,False,https://www.tradingview.com/chart/?symbol=NASDAQ:VCYT&interval=D,False,False,False,False
CEG,Constellation Energy Corporation,NASDAQ,Electric Utilities,298.07,274.39,273.98,4.15,4.77,5146235.1,3640697.6666666665,1085182754.0,998957077.0,13.0,22,0.46,145,19.08,78,6.3,198,8.61,1.84,2026-11-09,False,https://www.tradingview.com/chart/?symbol=NASDAQ:CEG&interval=D,False,False,False,False
AUR,"Aurora Innovation, Inc.",NASDAQ,Packaged Software,5.83,6.03,6.22,5.15,5.2,25426165.1,30665655.7,178780773.0,184852573.0,3.0,113,-9.75,227,-8.48,192,43.77,100,8.51,-1.21,2026-10-28,False,https://www.tradingview.com/chart/?symbol=NASDAQ:AUR&interval=D,False,False,False,False
RHI,Robert Half Inc.,NYSE,Personnel Services,33.93,38.1,39.92,4.02,4.23,1718124.0,1823985.0333333334,61887812.0,69502342.0,-10.21,332,-13.64,265,1.4,149,36.65,112,8.14,-3.55,2026-10-27,False,https://www.tradingview.com/chart/?symbol=NYSE:RHI&interval=D,False,False,False,False
EXPE,"Expedia Group, Inc.",NASDAQ,Other Consumer Services,274.22,279.61,295.87,4.15,4.03,1725086.3,2145667.4,588384914.0,599958644.0,3.31,108,2.94,131,2.4,141,18.41,161,7.92,-1.81,2026-11-04,False,https://www.tradingview.com/chart/?symbol=NASDAQ:EXPE&interval=D,False,False,False,False
VSAT,"ViaSat, Inc.",NASDAQ,Telecommunications Equipment,72.01,71.96,74.82,5.36,6.14,1854914.3,1767384.7666666666,127269377.0,127181008.0,0.84,148,-7.59,203,2.45,140,28.59,127,7.82,-0.61,2026-11-11,False,https://www.tradingview.com/chart/?symbol=NASDAQ:VSAT&interval=D,False,False,False,False
TH,Target Hospitality Corp.,NASDAQ,Hotels/Resorts/Cruise lines,18.41,19.44,18.4,4.5,4.89,2575388.0,2419177.3,44537054.0,47028000.0,-3.91,225,-1.81,165,0.6,151,23.56,143,7.45,0.01,2026-11-11,False,https://www.tradingview.com/chart/?symbol=NASDAQ:TH&interval=D,False,False,False,False
DIOD,Diodes Incorporated,NASDAQ,Semiconductors,94.94,94.2,94.6,4.26,5.15,520140.2,531541.6,50464560.0,50072193.0,-5.98,259,6.01,106,2.08,145,14.25,175,7.44,0.07,2026-11-05,False,https://www.tradingview.com/chart/?symbol=NASDAQ:DIOD&interval=D,False,False,False,False
TTAN,"ServiceTitan, Inc.",NASDAQ,Packaged Software,72.59,69.37,77.71,5.14,5.63,2106337.9,3561776.066666667,258549325.0,247069720.0,7.49,50,8.14,92,-10.38,202,23.85,140,7.2,-1.17,2027-01-19,False,https://www.tradingview.com/chart/?symbol=NASDAQ:TTAN&interval=D,False,False,False,False
CIEN,Ciena Corporation,NYSE,Telecommunications Equipment,449.77,364.93,380.65,4.86,5.49,3153794.6,2935351.7666666666,1320233164.0,1071185200.0,16.82,6,31.55,18,-0.71,154,-9.7,256,7.04,3.31,2026-12-10,False,https://www.tradingview.com/chart/?symbol=NYSE:CIEN&interval=D,True,True,False,False
EAT,"Brinker International, Inc.",NYSE,Restaurants,193.87,208.32,218.45,4.46,4.68,1204351.1,1366004.8,264827351.0,284560656.0,-0.22,165,-11.91,251,6.52,117,25.48,137,6.7,-2.4,2026-11-04,False,https://www.tradingview.com/chart/?symbol=NYSE:EAT&interval=D,False,False,False,False
RMBS,"Rambus, Inc.",NASDAQ,Semiconductors,107.47,95.84,95.51,4.88,4.86,1471076.1,2352651.3333333335,252839439.0,225467125.0,-3.15,209,24.3,32,-3.46,171,-0.99,219,6.62,2.58,2026-10-26,False,https://www.tradingview.com/chart/?symbol=NASDAQ:RMBS&interval=D,False,False,False,False
TSEM,Tower Semiconductor Ltd.,NASDAQ,Semiconductors,228.71,222.24,227.44,5.24,6.42,1706391.4,1859876.0,425372240.0,413333573.0,-7.02,287,4.77,114,3.81,132,11.02,183,6.54,0.09,2026-11-16,False,https://www.tradingview.com/chart/?symbol=NASDAQ:TSEM&interval=D,False,False,False,False
CLS,"Celestica, Inc.",NYSE,Electronic Components,362.16,341.75,334.33,4.93,5.35,1973570.1,2175096.2,787732840.0,743349277.0,-5.75,253,8.59,86,2.31,142,7.55,193,6.15,1.56,2026-10-26,False,https://www.tradingview.com/chart/?symbol=NYSE:CLS&interval=D,False,False,False,False
AMBA,"Ambarella, Inc.",NASDAQ,Semiconductors,67.43,67.24,71.77,5.34,5.72,1112727.2,1757453.0666666667,118505060.0,118170558.0,-5.69,251,6.91,100,-13.84,224,25.31,138,6.13,-1.06,2026-12-01,False,https://www.tradingview.com/chart/?symbol=NASDAQ:AMBA&interval=D,False,False,False,False
ONTO,Onto Innovation Inc.,NYSE,Electronic Equipment/Instruments,294.53,280.49,288.35,4.02,5.2,760648.1,840895.1333333333,247668844.0,235858752.0,-10.45,335,5.58,110,-4.64,175,16.92,166,5.95,0.41,2026-10-29,False,https://www.tradingview.com/chart/?symbol=NYSE:ONTO&interval=D,False,False,False,False
EPAM,"EPAM Systems, Inc.",NYSE,Information Technology Services,113.24,113.71,110.1,4.15,4.44,913314.5,1070918.1666666667,121270773.0,121771249.0,-0.76,170,-2.38,168,27.18,63,-8.7,251,5.37,0.64,2026-11-05,False,https://www.tradingview.com/chart/?symbol=NYSE:EPAM&interval=D,False,False,False,False
WOLF,"Wolfspeed, Inc.",NYSE,Semiconductors,30.61,27.83,28.03,8.36,8.81,5799488.800000114,3521597.933333355,107796113.0,98016635.0,-5.38,247,7.78,95,-14.92,230,22.73,147,5.2,1.04,2026-10-28,False,https://www.tradingview.com/chart/?symbol=NYSE:WOLF&interval=D,False,False,False,False
AXTI,AXT Inc,NASDAQ,Electronic Production Equipment,68.46,70.27,71.61,9.03,9.96,7617284.9,8376165.066666666,573432260.0,588573575.0,-17.52,395,-0.19,152,11.86,101,3.73,206,5.13,-0.44,2026-10-29,False,https://www.tradingview.com/chart/?symbol=NASDAQ:AXTI&interval=D,False,False,False,False
VST,Vistra Corp.,NYSE,Electric Utilities,161.48,144.56,143.9,4.07,4.34,9408147.7,6138789.7,991291761.0,887445948.0,13.68,19,7.65,96,2.49,139,5.2,202,5.12,2.82,2026-11-06,False,https://www.tradingview.com/chart/?symbol=NYSE:VST&interval=D,True,False,False,False
HUBS,"HubSpot, Inc.",NYSE,Packaged Software,228.3,228.81,230.05,5.0,5.48,1474804.0,1617938.1333333333,369375276.0,370197728.0,4.68,85,-4.65,185,7.69,112,11.79,179,4.94,-0.14,2026-11-11,False,https://www.tradingview.com/chart/?symbol=NYSE:HUBS&interval=D,False,False,False,False
ACMR,"ACM Research, Inc.",NASDAQ,Industrial Machinery,71.37,73.56,76.27,6.55,6.76,1357897.5,1178066.4000000001,84078599.0,86654245.0,-17.1,392,-6.56,198,-28.63,329,49.43,93,4.75,-0.95,2026-10-28,False,https://www.tradingview.com/chart/?symbol=NASDAQ:ACMR&interval=D,False,False,False,False
FIG,FIGMA INC,NYSE,Packaged Software,22.5,22.97,24.23,4.45,5.14,8937887.3,12852190.8,289174293.0,295257663.0,3.45,107,-2.39,169,-1.53,161,17.92,162,4.67,-1.39,2026-11-11,False,https://www.tradingview.com/chart/?symbol=NYSE:FIG&interval=D,False,False,False,False
NCNO,"nCino, Inc.",NASDAQ,Packaged Software,19.73,20.69,20.45,4.34,4.38,2108046.6,2253312.3,44457852.0,46622534.0,1.34,139,-11.37,245,13.85,97,11.41,181,4.63,-0.8,2026-12-02,False,https://www.tradingview.com/chart/?symbol=NASDAQ:NCNO&interval=D,False,False,False,False
KLIC,"Kulicke and Soffa Industries, Inc.",NASDAQ,Industrial Machinery,92.01,87.08,88.35,4.06,4.42,613649.8,692010.3,63671868.0,60260603.0,-6.35,273,11.78,68,-15.64,234,16.67,168,4.27,0.94,2026-11-18,False,https://www.tradingview.com/chart/?symbol=NASDAQ:KLIC&interval=D,False,False,False,False
KOS,Kosmos Energy Ltd.,NYSE,Integrated Oil,2.64,2.74,2.71,5.54,5.89,13736668.0,12755446.0,33674377.0,35013699.0,3.94,95,-10.81,237,19.46,77,3.53,207,4.06,-0.42,2026-11-09,False,https://www.tradingview.com/chart/?symbol=NYSE:KOS&interval=D,False,False,False,False
ARQT,"Arcutis Biotherapeutics, Inc.",NASDAQ,Pharmaceuticals: Major,26.58,25.09,25.39,5.17,4.88,2275670.0,2981666.3,79252690.0,74814480.0,3.67,103,10.52,73,-7.26,185,8.62,189,3.96,0.96,2026-10-29,False,https://www.tradingview.com/chart/?symbol=NASDAQ:ARQT&interval=D,False,False,False,False
COIN,"Coinbase Global, Inc.",NASDAQ,Investment Banks/Brokers,179.39,184.41,174.57,5.08,6.01,8372666.9,9504231.933333334,1704964167.0,1752659570.0,-7.83,303,-2.8,175,7.63,113,5.93,200,3.59,0.46,2026-10-29,False,https://www.tradingview.com/chart/?symbol=NASDAQ:COIN&interval=D,False,False,False,False
ORKA,"Oruka Therapeutics, Inc.",NASDAQ,Pharmaceuticals: Major,82.11,88.8,94.65,5.55,5.62,1031864.1,961296.4333333333,78932050.0,85364405.0,-3.18,213,-12.27,256,-6.65,181,29.37,124,3.48,-2.36,2026-11-18,False,https://www.tradingview.com/chart/?symbol=NASDAQ:ORKA&interval=D,False,False,False,False
COCO,"The Vita Coco Company, Inc.",NASDAQ,Food: Specialty/Candy,58.39,56.18,59.42,4.89,4.97,1138374.8,1418390.3333333333,82819812.0,79682805.0,1.09,143,9.59,80,-17.92,258,17.32,165,3.0,-0.35,2026-11-04,False,https://www.tradingview.com/chart/?symbol=NASDAQ:COCO&interval=D,False,False,False,False
WRBY,Warby Parker Inc.,NYSE,Specialty Stores,25.3,24.98,25.66,6.21,5.81,3188501.5,3164147.8,80052939.0,79035138.0,-8.43,312,2.39,135,-14.24,227,20.59,155,2.91,-0.24,2026-11-05,False,https://www.tradingview.com/chart/?symbol=NYSE:WRBY&interval=D,False,False,False,False
BLSH,Bullish,NYSE,Packaged Software,32.59,35.32,31.77,6.28,6.91,938880.5,1350096.0666666667,43999631.0,47679543.0,-9.5,322,-9.19,218,28.06,61,-11.1,261,2.59,0.37,2026-11-25,False,https://www.tradingview.com/chart/?symbol=NYSE:BLSH&interval=D,False,False,False,False
IDYA,"IDEAYA Biosciences, Inc.",NASDAQ,Pharmaceuticals: Major,36.11,38.17,38.06,4.42,3.98,743729.5,805161.2666666667,29074373.0,30732469.0,-6.26,271,-7.86,205,-2.43,164,16.86,167,2.19,-1.29,2026-11-10,False,https://www.tradingview.com/chart/?symbol=NASDAQ:IDYA&interval=D,False,False,False,False
COHR,Coherent Corp.,NYSE,Semiconductors,312.62,298.27,304.1,6.36,7.05,7277799.7,6591557.933333334,2060652841.0,1966039816.0,-1.25,181,3.56,123,-2.73,167,5.63,201,2.16,0.4,2026-11-11,False,https://www.tradingview.com/chart/?symbol=NYSE:COHR&interval=D,False,False,False,False
KMX,CarMax Inc,NYSE,Specialty Stores,52.61,58.26,58.82,5.11,4.48,4557959.0,2926904.7,153984456.0,170511711.0,-6.5,276,-11.82,249,2.06,146,15.37,173,1.87,-2.36,2026-12-17,False,https://www.tradingview.com/chart/?symbol=NYSE:KMX&interval=D,False,False,False,False
CRCL,"Circle Internet Group, Inc.",NYSE,Packaged Software,84.51,88.98,83.32,5.38,6.66,9854643.8,13647320.933333334,1153335092.0,1214370460.0,-1.48,184,-14.55,273,19.6,76,-4.02,232,0.34,0.22,2026-11-04,False,https://www.tradingview.com/chart/?symbol=NYSE:CRCL&interval=D,False,False,False,False
CNXC,Concentrix Corporation,NASDAQ,Information Technology Services,25.95,28.18,27.12,9.17,8.37,2393848.5,1991938.6333333333,51690808.0,56131503.0,-3.64,222,-7.75,204,17.85,81,-10.92,258,-0.27,-0.51,2027-01-19,False,https://www.tradingview.com/chart/?symbol=NASDAQ:CNXC&interval=D,False,False,False,False
CAMT,Camtek Ltd.,NASDAQ,Electronic Components,152.81,146.15,148.93,4.37,5.11,406408.8,386159.6,59009048.0,56437740.0,-3.41,218,4.04,120,8.22,109,-14.25,279,-0.66,0.51,2026-11-17,False,https://www.tradingview.com/chart/?symbol=NASDAQ:CAMT&interval=D,False,False,False,False
FIVE,"Five Below, Inc.",NASDAQ,Discount Stores,214.73,231.92,234.79,4.14,4.24,966220.3,1196273.9333333333,256875902.0,277444436.0,-3.59,221,-15.1,281,15.46,88,-3.92,231,-1.18,-2.01,2026-12-02,False,https://www.tradingview.com/chart/?symbol=NASDAQ:FIVE&interval=D,False,False,False,False
COMP,"Compass, Inc.",NYSE,Real Estate Development,9.39,9.94,10.85,4.59,4.91,16920031.2,15485355.233333332,145407486.0,153945078.0,0.75,150,-12.24,254,-21.75,293,30.06,123,-1.31,-2.74,2026-11-11,False,https://www.tradingview.com/chart/?symbol=NYSE:COMP&interval=D,False,False,False,False
FN,Fabrinet,NYSE,Semiconductors,486.28,420.33,451.26,4.49,5.05,890224.2,813597.8666666667,395636371.0,341979049.0,5.71,71,16.25,54,2.05,147,-23.17,308,-1.62,1.54,2026-11-09,False,https://www.tradingview.com/chart/?symbol=NYSE:FN&interval=D,False,False,False,False
BLLN,"BillionToOne, Inc.",NASDAQ,Medical/Nursing Services,98.09,104.35,104.35,8.18,7.13,567502.7,614416.6333333333,60268128.0,64117243.0,-7.8,301,0.56,144,-23.01,302,17.5,163,-1.65,-0.84,2026-12-15,False,https://www.tradingview.com/chart/?symbol=NASDAQ:BLLN&interval=D,False,False,False,False
HUT,Hut 8 Corp.,NASDAQ,Data Processing Services,84.27,91.12,90.35,7.35,8.6,5705541.80000001,4944696.733333333,416689594.0,450541812.0,-6.42,275,-15.3,283,-20.58,276,30.65,122,-1.74,-0.78,2026-11-04,False,https://www.tradingview.com/chart/?symbol=NASDAQ:HUT&interval=D,False,False,False,False
JBL,Jabil Inc.,NYSE,Industrial Machinery,306.28,304.88,316.7,4.23,4.23,1842052.1,1365705.9333333333,418288413.0,416382343.0,0.85,147,-1.55,161,-7.24,184,3.16,208,-1.88,-0.78,2026-12-10,False,https://www.tradingview.com/chart/?symbol=NYSE:JBL&interval=D,False,False,False,False
VRDN,"Viridian Therapeutics, Inc.",NASDAQ,Pharmaceuticals: Major,18.66,21.2,21.84,4.78,4.75,1918545.1,1741343.6333333333,32493472.0,36920258.0,-2.61,201,-19.26,330,-7.58,188,20.93,153,-1.97,-3.07,2026-11-16,False,https://www.tradingview.com/chart/?symbol=NASDAQ:VRDN&interval=D,False,False,False,False
VG,"Venture Global, Inc.",NYSE,Oil & Gas Pipelines,13.16,13.96,13.87,4.61,4.93,10519226.2,13439338.766666668,176861698.0,187545972.0,4.69,84,-12.33,257,4.44,126,1.46,210,-2.14,-1.04,2026-11-16,False,https://www.tradingview.com/chart/?symbol=NYSE:VG&interval=D,False,False,False,False
STRL,"Sterling Infrastructure, Inc.",NASDAQ,Engineering & Construction,513.0,499.55,516.25,5.15,5.87,515827.7,542057.8333333334,278075668.0,270783545.0,-0.71,169,2.59,134,-26.6,321,17.36,164,-2.22,-0.11,2026-11-09,False,https://www.tradingview.com/chart/?symbol=NASDAQ:STRL&interval=D,False,False,False,False
KVYO,"Klaviyo, Inc. Series A",NYSE,Packaged Software,17.32,17.06,17.48,4.97,5.43,5703755.7,6436788.733333333,111485181.0,109824489.0,6.06,65,-2.97,177,-1.48,159,-2.26,224,-2.24,-0.17,2026-11-11,False,https://www.tradingview.com/chart/?symbol=NYSE:KVYO&interval=D,False,False,False,False
GEN,Gen Digital Inc.,NASDAQ,Packaged Software,23.25,26.86,27.56,5.79,4.63,13790416.1,10867482.8,252668975.0,291887909.0,3.75,101,-22.5,347,-12.0,213,26.77,132,-2.58,-3.38,2026-11-10,False,https://www.tradingview.com/chart/?symbol=NASDAQ:GEN&interval=D,False,False,False,False
GLOB,Globant S.A.,NYSE,Information Technology Services,36.32,36.95,37.58,4.1,4.86,820145.1,942940.8,34247610.0,34843863.0,-1.86,190,-2.18,167,14.61,90,-20.49,300,-2.69,-0.69,2026-11-12,False,https://www.tradingview.com/chart/?symbol=NYSE:GLOB&interval=D,False,False,False,False
VIRT,"Virtu Financial, Inc.",NYSE,Investment Banks/Brokers,57.51,59.09,59.52,4.42,4.38,1544113.1,1199684.2,68993838.0,70883341.0,4.35,92,-9.3,220,-15.35,232,16.32,169,-2.78,-0.77,2026-11-05,False,https://www.tradingview.com/chart/?symbol=NYSE:VIRT&interval=D,False,False,False,False
CNH,CNH Industrial N.V.,NYSE,Trucks/Construction/Farm Machinery,11.39,13.2,12.27,4.54,4.96,15745512.700000003,22173025.466666665,252550760.0,292728282.0,-11.91,354,-16.5,296,10.05,106,-2.65,227,-3.03,-1.44,2026-11-10,False,https://www.tradingview.com/chart/?symbol=NYSE:CNH&interval=D,False,False,False,False
KEEL,Keel Infrastructure Corp.,NASDAQ,Data Processing Services,3.05,3.52,3.54,6.74,8.36,24727431.5,30675596.133333333,93560568.0,108100801.0,-14.8,379,-18.01,319,-37.76,371,45.24,96,-3.51,-1.67,2026-11-16,False,https://www.tradingview.com/chart/?symbol=NASDAQ:KEEL&interval=D,False,False,False,False
SGRY,"Surgery Partners, Inc.",NASDAQ,Hospital/Nursing Management,13.89,13.98,14.31,5.16,4.7,1387324.9,2236675.2,31067419.0,31276920.0,4.04,94,0.14,147,-18.25,262,6.6,196,-3.83,-0.62,2026-11-10,False,https://www.tradingview.com/chart/?symbol=NASDAQ:SGRY&interval=D,False,False,False,False
HRI,Herc Holdings Inc.,NYSE,Finance/Rental/Leasing,123.46,137.28,148.34,6.0,6.02,589729.1,791506.3,97719368.0,108654819.0,-7.69,300,-15.93,289,-15.69,236,19.15,157,-4.16,-2.78,2026-10-15,True,https://www.tradingview.com/chart/?symbol=NYSE:HRI&interval=D,False,False,False,False
WGS,GeneDx Holdings Corp.,NASDAQ,Medical/Nursing Services,67.33,84.19,82.01,9.14,8.32,761250.3000000013,714245.5666666662,48090154.0,60130906.0,-5.34,245,-20.05,337,-3.46,170,10.72,185,-4.26,-2.15,2026-11-03,False,https://www.tradingview.com/chart/?symbol=NASDAQ:WGS&interval=D,False,False,False,False
MIR,"Mirion Technologies, Inc.",NYSE,Aerospace & Defense,16.62,15.7,15.54,4.12,4.47,4796712.2,4123652.7333333334,68535108.0,64755093.0,13.99,17,0.0,148,0.36,153,-13.75,277,-4.46,1.56,2026-11-03,False,https://www.tradingview.com/chart/?symbol=NYSE:MIR&interval=D,True,False,False,False
TTMI,"TTM Technologies, Inc.",NASDAQ,Electronic Components,121.01,122.62,124.09,5.92,6.58,1987257.1,1837598.1666666667,222367754.0,225320774.0,-6.07,264,-6.74,199,-18.24,260,10.84,184,-4.71,-0.38,2026-11-04,False,https://www.tradingview.com/chart/?symbol=NASDAQ:TTMI&interval=D,False,False,False,False
BHVN,Biohaven Ltd.,NYSE,Pharmaceuticals: Major,12.08,13.64,13.92,6.21,7.19,1919799.4,2798884.8,33810528.0,38173990.0,-9.92,328,-17.37,307,-26.12,319,28.65,126,-4.95,-1.84,2026-11-17,False,https://www.tradingview.com/chart/?symbol=NYSE:BHVN&interval=D,False,False,False,False
RKLB,Rocket Lab Corporation,NASDAQ,Aerospace & Defense,68.21,67.68,70.53,5.29,5.79,21190608.5,20477216.1,1396750910.0,1385870683.0,-5.38,246,1.32,140,-17.11,249,0.75,215,-5.01,-0.57,2026-11-16,False,https://www.tradingview.com/chart/?symbol=NASDAQ:RKLB&interval=D,False,False,False,False
NUAI,"New Era Energy & Digital, Inc.",NASDAQ,Engineering & Construction,4.7,5.96,5.64,11.84,12.61,8326640.3,8259036.466666667,38776176.0,49236246.0,-28.32,409,-28.43,380,3.87,129,8.93,188,-5.21,-1.33,2026-12-02,False,https://www.tradingview.com/chart/?symbol=NASDAQ:NUAI&interval=D,False,False,False,False
NVTS,Navitas Semiconductor Corporation,NASDAQ,Semiconductors,10.78,11.56,12.11,6.86,7.44,19292275.9,13865450.466666667,149469556.0,160224524.0,-13.97,372,-9.75,228,-20.5,275,13.71,176,-5.51,-1.48,2026-11-09,False,https://www.tradingview.com/chart/?symbol=NASDAQ:NVTS&interval=D,False,False,False,False
BTU,Peabody Energy Corporation,NYSE,Coal,25.13,26.74,26.11,4.21,4.41,1796809.5,2336845.2,58724920.0,62491914.0,1.49,135,-15.5,285,7.26,115,-8.92,252,-5.72,-0.85,2026-10-29,False,https://www.tradingview.com/chart/?symbol=NYSE:BTU&interval=D,False,False,False,False
AAON,"AAON, Inc.",NASDAQ,Industrial Machinery,86.16,80.41,82.5,4.96,4.68,956222.7999999986,1097261.1333333326,94540019.0,88232596.0,1.82,128,9.72,79,-20.65,278,-6.35,239,-5.76,0.95,2026-11-09,False,https://www.tradingview.com/chart/?symbol=NASDAQ:AAON&interval=D,False,False,False,False
MWH,"SOLV Energy, Inc.",NASDAQ,Engineering & Construction,26.21,25.38,26.96,4.36,5.07,1370487.1,1380278.3666666667,36177096.0,35031005.0,3.03,112,2.95,130,-7.74,190,-13.56,276,-6.12,-0.55,2026-12-02,False,https://www.tradingview.com/chart/?symbol=NASDAQ:MWH&interval=D,False,False,False,False
PPC,Pilgrim's Pride Corporation,NASDAQ,Agricultural Commodities/Milling,28.65,29.11,29.03,4.06,3.76,1582868.0,1418879.3666666667,40650894.0,41301687.0,14.6,14,-3.89,181,3.84,131,-19.7,296,-6.58,-0.35,2026-10-28,False,https://www.tradingview.com/chart/?symbol=NASDAQ:PPC&interval=D,True,False,False,False
AESI,Atlas Energy Solutions Inc.,NYSE,Oilfield Services/Equipment,12.29,12.82,12.46,5.84,6.25,3528625.1,3530791.1333333333,43393423.0,45250619.0,6.22,60,-13.39,264,-14.0,225,7.62,192,-6.59,-0.22,2026-11-02,False,https://www.tradingview.com/chart/?symbol=NYSE:AESI&interval=D,False,False,False,False
QUBT,Quantum Computing Inc.,NASDAQ,Information Technology Services,7.44,8.23,8.42,5.28,5.4,6490782.6,6863782.9,51066545.0,56454614.0,-14.83,380,-8.32,211,-18.95,264,7.36,194,-6.64,-2.16,2026-11-18,False,https://www.tradingview.com/chart/?symbol=NASDAQ:QUBT&interval=D,False,False,False,False
ACHR,Archer Aviation Inc.,NYSE,Aerospace & Defense,4.96,5.35,5.59,4.91,5.56,24998233.9,24371807.966666665,120884168.0,130348553.0,-3.69,224,-13.74,267,1.43,148,-7.81,244,-6.7,-2.03,2026-11-05,False,https://www.tradingview.com/chart/?symbol=NYSE:ACHR&interval=D,False,False,False,False
KD,"Kyndryl Holdings, Inc.",NYSE,Data Processing Services,11.75,12.37,12.72,4.4,4.82,4807139.3,4023349.8333333335,47274361.0,49754085.0,-3.69,223,-7.99,208,-4.94,176,-7.92,246,-6.95,-1.59,2026-11-10,False,https://www.tradingview.com/chart/?symbol=NYSE:KD&interval=D,False,False,False,False
RBLX,Roblox Corporation,NYSE,Packaged Software,48.09,45.29,42.15,4.8,5.14,12934870.6,11653627.533333333,560422948.0,527750061.0,10.7,31,8.04,94,-16.6,243,-12.91,274,-7.16,2.74,2026-10-29,False,https://www.tradingview.com/chart/?symbol=NYSE:RBLX&interval=D,False,False,False,False
AKAM,"Akamai Technologies, Inc.",NASDAQ,Data Processing Services,106.95,108.13,111.23,5.79,5.67,5238190.5,5073892.5,542652803.0,548646761.0,-1.66,187,-1.66,163,-17.84,255,-2.45,226,-7.32,-0.68,2026-11-05,False,https://www.tradingview.com/chart/?symbol=NASDAQ:AKAM&interval=D,False,False,False,False
POET,POET Technologies Inc.,NASDAQ,Electrical Products,6.97,7.62,7.93,5.4,6.75,8460860.6,8303911.366666701,57878262.0,63288260.0,-10.64,338,-15.0,276,-18.67,263,11.7,180,-7.32,-1.8,2026-11-12,False,https://www.tradingview.com/chart/?symbol=NASDAQ:POET&interval=D,False,False,False,False
RDW,Redwire Corporation,NYSE,Aerospace & Defense,9.58,10.77,11.26,6.92,7.52,13691132.0,13059966.0,125114474.0,140655834.0,-11.54,349,-15.89,287,-8.24,191,1.38,211,-7.58,-1.98,2026-11-11,False,https://www.tradingview.com/chart/?symbol=NYSE:RDW&interval=D,False,False,False,False
PRM,"Perimeter Solutions, SA",NYSE,Chemicals: Major Diversified,27.75,29.79,30.99,4.81,4.51,1424406.6,1235999.5333333334,34298987.0,36824134.0,2.59,117,-13.69,266,-19.98,271,10.65,186,-7.67,-2.32,2026-10-30,False,https://www.tradingview.com/chart/?symbol=NYSE:PRM&interval=D,False,False,False,False
ERAS,"Erasca, Inc.",NASDAQ,Pharmaceuticals: Major,16.03,15.45,16.55,6.17,6.43,5438469.9,5044410.966666667,80861908.0,77938672.0,8.24,43,-0.19,151,-15.23,231,-8.08,249,-7.83,-0.49,2026-11-11,False,https://www.tradingview.com/chart/?symbol=NASDAQ:ERAS&interval=D,False,False,False,False
CVNA,Carvana Co.,NYSE,Specialty Stores,63.73,67.33,68.73,4.24,4.57,8578499.1,7265534.9,463032539.0,489224792.0,-0.93,173,-14.46,271,-6.13,179,-2.99,229,-7.86,-1.59,2026-10-28,False,https://www.tradingview.com/chart/?symbol=NYSE:CVNA&interval=D,False,False,False,False
BULL,Webull Corporation,NASDAQ,Packaged Software,6.31,8.08,8.06,5.23,7.92,19074875.4,16097248.5,101573638.0,130049671.0,-12.91,366,-34.81,400,-15.75,238,26.2,134,-8.12,-2.74,2026-11-19,False,https://www.tradingview.com/chart/?symbol=NASDAQ:BULL&interval=D,False,False,False,False
COUR,"Coursera, Inc.",NYSE,Miscellaneous Commercial Services,5.16,5.34,5.54,4.26,4.53,8501260.0,6439688.966666667,33228795.0,34405112.0,1.18,141,-7.36,201,-10.42,203,-8.02,248,-8.6,-1.51,2026-10-22,False,https://www.tradingview.com/chart/?symbol=NYSE:COUR&interval=D,False,False,False,False
ICHR,Ichor Holdings,NASDAQ,Industrial Machinery,59.91,57.05,60.61,4.89,5.51,681265.8,687259.0333333333,41173689.0,39211106.0,-7.84,304,4.66,116,-37.03,368,6.22,199,-8.71,-0.21,2026-11-02,False,https://www.tradingview.com/chart/?symbol=NASDAQ:ICHR&interval=D,False,False,False,False
CPRI,Capri Holdings Limited,NYSE,Apparel/Footwear Retail,14.95,14.17,14.45,4.48,4.54,3336347.8,5199863.7,77737962.0,73701135.0,2.05,124,15.09,57,-18.13,259,-24.34,313,-9.13,0.76,2026-11-05,False,https://www.tradingview.com/chart/?symbol=NYSE:CPRI&interval=D,False,False,False,False
EXK,Endeavour Silver Corporation,NYSE,Precious Metals,8.65,9.75,9.84,4.55,5.48,6857218.5,7919626.6,68504770.0,77184681.0,-0.63,168,-23.86,355,6.13,119,-11.01,260,-9.58,-2.21,2026-11-09,False,https://www.tradingview.com/chart/?symbol=NYSE:EXK&interval=D,False,False,False,False
AXGN,"Axogen, Inc.",NASDAQ,Medical Specialties,36.13,43.5,45.31,4.81,5.28,1653337.9,1395169.0666666667,50407458.0,60684041.0,-9.49,321,-21.81,345,-16.79,246,9.35,187,-9.75,-3.84,2026-11-10,False,https://www.tradingview.com/chart/?symbol=NASDAQ:AXGN&interval=D,False,False,False,False
FOUR,"Shift4 Payments, Inc.",NYSE,Miscellaneous Commercial Services,40.0,40.45,43.12,4.17,5.21,2276015.5,2154759.6666666665,86190387.0,87150691.0,11.76,28,-4.76,186,-20.19,272,-5.24,235,-10.06,-1.39,2026-11-11,False,https://www.tradingview.com/chart/?symbol=NYSE:FOUR&interval=D,False,False,False,False
AAOI,"Applied Optoelectronics, Inc.",NASDAQ,Semiconductors,109.64,105.8,113.89,7.65,8.69,11025197.7,8078362.5,885711664.0,854725759.0,-0.55,166,-1.03,156,-7.64,189,-21.54,303,-10.07,-0.43,2026-11-05,False,https://www.tradingview.com/chart/?symbol=NASDAQ:AAOI&interval=D,False,False,False,False
WDC,Western Digital Corporation,NASDAQ,Computer Peripherals,397.28,442.95,457.61,5.44,6.69,10047809.0,7644735.6,3037100559.0,3386222893.0,-6.12,266,-16.3,293,-29.56,338,15.51,172,-10.12,-1.97,2026-10-22,False,https://www.tradingview.com/chart/?symbol=NASDAQ:WDC&interval=D,False,False,False,False
HIVE,HIVE Digital Technologies Ltd,NASDAQ,Data Processing Services,2.5,3.0,2.94,6.69,7.54,9537993.299999993,12139180.400000023,30347951.0,36417541.0,-17.49,394,-20.63,340,-28.77,331,18.48,160,-10.31,-1.98,2026-11-16,False,https://www.tradingview.com/chart/?symbol=NASDAQ:HIVE&interval=D,False,False,False,False
CRK,"Comstock Resources, Inc.",NYSE,Oil & Gas Production,13.71,13.86,13.84,4.14,4.31,2350090.5,2809671.6666666665,38520599.0,38939240.0,7.36,51,-9.56,224,1.11,150,-22.67,306,-10.38,-0.22,2026-11-04,False,https://www.tradingview.com/chart/?symbol=NYSE:CRK&interval=D,False,False,False,False
RGTI,"Rigetti Computing, Inc.",NASDAQ,Computer Processing Hardware,14.03,15.45,16.16,5.63,6.05,13524640.6,15725623.366666667,220630496.0,242942534.0,-12.61,362,-10.24,232,-18.24,261,-2.7,228,-10.39,-2.17,2026-11-16,False,https://www.tradingview.com/chart/?symbol=NASDAQ:RGTI&interval=D,False,False,False,False
TNDM,"Tandem Diabetes Care, Inc.",NASDAQ,Medical Specialties,16.11,17.66,19.34,6.17,6.22,2141963.0,2054490.8666666667,33097848.0,36281281.0,-3.3,216,-18.1,320,4.2,127,-18.26,291,-10.72,-2.68,2026-11-05,False,https://www.tradingview.com/chart/?symbol=NASDAQ:TNDM&interval=D,False,False,False,False
TMDX,"TransMedics Group, Inc.",NASDAQ,Medical Specialties,77.87,84.49,85.74,5.03,5.32,774579.0,767139.3,59737137.0,64815983.0,-2.43,199,-10.98,239,7.69,111,-29.19,338,-10.83,-1.73,2026-11-04,False,https://www.tradingview.com/chart/?symbol=NASDAQ:TMDX&interval=D,False,False,False,False
MMYT,MakeMyTrip Limited,NASDAQ,Internet Software/Services,44.73,49.3,53.71,4.36,4.61,1404205.2,982127.8333333334,43930578.0,48415956.0,-7.26,294,-15.04,279,-24.06,308,6.35,197,-10.92,-3.63,2026-11-03,False,https://www.tradingview.com/chart/?symbol=NASDAQ:MMYT&interval=D,False,False,False,False
CE,Celanese Corporation,NYSE,Chemicals: Specialty,45.02,45.52,45.24,4.09,3.98,1585747.5,1856699.0,83588589.0,84515082.0,0.76,149,0.29,146,-4.46,174,-28.81,335,-10.99,-0.12,2026-11-02,False,https://www.tradingview.com/chart/?symbol=NYSE:CE&interval=D,False,False,False,False
GLW,Corning Incorporated,NYSE,Electronic Components,156.68,155.16,155.46,4.39,5.36,7303663.3,8232598.833333333,1289883585.0,1277345337.0,-4.46,235,-6.74,200,-17.34,251,-9.23,254,-11.1,0.15,2026-10-27,False,https://www.tradingview.com/chart/?symbol=NYSE:GLW&interval=D,False,False,False,False
SKYD,Skydance Corporation,NYSE,Cable/Satellite TV,9.16,10.24,10.03,6.53,6.47,33745253.9,25803110.233333334,236356490.0,264266854.0,-2.03,191,-15.03,278,-2.76,168,-15.96,283,-11.25,-1.34,2026-11-16,False,https://www.tradingview.com/chart/?symbol=NYSE:SKYD&interval=D,False,False,False,False
MOD,Modine Manufacturing Company,NYSE,Industrial Machinery,181.56,174.21,176.97,5.22,5.44,1585916.8765057665,1407358.888221856,255520080.0,245169897.0,-0.79,171,3.01,129,-17.59,254,-19.23,295,-11.27,0.48,2026-11-03,False,https://www.tradingview.com/chart/?symbol=NYSE:MOD&interval=D,False,False,False,False
MDA,MDA Space Ltd.,NYSE,Electronic Production Equipment,28.15,29.6,30.87,4.23,4.94,1245185.1,1281651.0,36078476.0,37936870.0,-3.99,228,-6.06,194,-20.35,273,-7.74,242,-11.38,-1.79,2026-11-06,False,https://www.tradingview.com/chart/?symbol=NYSE:MDA&interval=D,False,False,False,False
NG,Novagold Resources Inc.,AMEX,Precious Metals,6.71,7.3,7.52,4.52,5.79,4852342.5,5543366.033333333,37195986.0,40494289.0,1.98,126,-17.36,306,10.54,105,-29.07,337,-11.96,-1.86,2027-01-27,False,https://www.tradingview.com/chart/?symbol=AMEX:NG&interval=D,False,False,False,False
CECO,CECO Environmental Corp.,NASDAQ,Industrial Machinery,65.82,72.25,72.44,5.42,6.28,753611.1,743379.6333333333,48929247.0,53710541.0,-10.67,339,-16.15,291,-21.53,286,1.04,213,-12.21,-1.45,2026-11-09,False,https://www.tradingview.com/chart/?symbol=NASDAQ:CECO&interval=D,False,False,False,False
CSQR,"Csquare, Inc.",NYSE,Data Processing Services,17.49,17.69,19.03,4.9,5.24,1646087.6,1699191.5,29718859.0,30056432.0,4.29,93,-4.84,187,-16.32,241,-16.32,285,-12.49,-1.55,2026-12-02,False,https://www.tradingview.com/chart/?symbol=NYSE:CSQR&interval=D,False,False,False,False
TRU,TransUnion,NYSE,Financial Publishing/Services,65.48,72.5,76.11,4.1,4.13,3285388.6,2718648.3666666667,178017095.0,197113787.0,5.58,74,-15.06,280,-15.66,235,-6.78,241,-12.5,-3.39,2026-10-27,False,https://www.tradingview.com/chart/?symbol=NYSE:TRU&interval=D,False,False,False,False
AVAV,"AeroVironment, Inc.",NASDAQ,Aerospace & Defense,137.11,148.17,157.05,4.64,5.32,1436815.3,2012861.6333333333,275983459.0,298242689.0,-3.2,215,-8.01,209,-6.74,182,-22.86,307,-12.54,-2.39,2026-12-08,False,https://www.tradingview.com/chart/?symbol=NASDAQ:AVAV&interval=D,False,False,False,False
INFQ,"Infleqtion, Inc.",NYSE,Computer Processing Hardware,11.04,13.09,12.8,6.55,7.26,6342180.9,7776772.5,85855568.0,101764253.0,-18.4,397,-18.88,327,-7.54,187,-11.33,263,-12.58,-1.89,2026-12-02,False,https://www.tradingview.com/chart/?symbol=NYSE:INFQ&interval=D,False,False,False,False
SNEX,StoneX Group Inc.,NASDAQ,Investment Banks/Brokers,61.24,66.99,67.81,4.53,4.32,966805.4,888979.6000000004,54436666.0,59548743.0,-8.74,314,-10.67,234,-25.12,312,-2.08,221,-12.62,-2.24,2026-11-30,False,https://www.tradingview.com/chart/?symbol=NASDAQ:SNEX&interval=D,False,False,False,False
ENPH,"Enphase Energy, Inc.",NASDAQ,Electrical Products,32.81,34.73,36.62,4.2,5.09,4679744.0,4596088.333333333,150797658.0,159612956.0,-2.35,197,-15.68,286,-26.91,323,4.52,204,-12.69,-2.04,2026-10-27,False,https://www.tradingview.com/chart/?symbol=NASDAQ:ENPH&interval=D,False,False,False,False
ABUS,Arbutus Biopharma Corporation,NASDAQ,Pharmaceuticals: Major,4.22,4.88,4.83,4.7,4.23,9844494.600000024,6865574.466666667,28972724.0,33478830.0,-7.25,293,-18.22,322,-17.9,257,-2.09,222,-12.73,-2.99,2026-11-11,False,https://www.tradingview.com/chart/?symbol=NASDAQ:ABUS&interval=D,False,False,False,False
TIGO,Millicom International Cellular S.A.,NASDAQ,Wireless Telecommunications,79.48,92.42,93.12,4.49,4.43,962959.6,846247.7,67259767.0,78210495.0,-6.2,268,-17.63,311,-16.6,244,-4.19,233,-12.81,-3.31,2026-11-05,False,https://www.tradingview.com/chart/?symbol=NASDAQ:TIGO&interval=D,False,False,False,False
CRWV,"CoreWeave, Inc.",NASDAQ,Packaged Software,82.08,86.38,88.43,5.17,6.13,24469164.6,27580518.866666667,2263808989.0,2382524735.0,-9.75,326,-17.95,317,-8.69,194,-12.16,266,-12.93,-1.17,2026-11-16,False,https://www.tradingview.com/chart/?symbol=NASDAQ:CRWV&interval=D,False,False,False,False
THRM,Gentherm Inc,NASDAQ,Auto Parts: OEM,29.68,35.9,38.11,6.02,5.88,3247447.2,1328833.0333333334,39439764.0,47711086.0,-5.9,257,-23.88,356,-16.82,247,1.12,212,-13.19,-3.76,2026-10-22,False,https://www.tradingview.com/chart/?symbol=NASDAQ:THRM&interval=D,False,False,False,False
CLSK,"CleanSpark, Inc.",NASDAQ,Data Processing Services,10.5,12.85,12.71,7.32,8.18,15290319.7,16705541.866666667,175324662.0,214635586.0,-18.83,398,-23.56,352,-19.52,268,1.99,209,-13.7,-2.13,2026-12-16,False,https://www.tradingview.com/chart/?symbol=NASDAQ:CLSK&interval=D,False,False,False,False
WING,Wingstop Inc.,NASDAQ,Restaurants,122.26,108.18,111.96,4.12,4.66,1241162.4,1284063.1666666667,156989563.0,138910809.0,17.45,5,13.2,61,-22.48,300,-32.18,342,-13.82,1.97,2026-10-28,False,https://www.tradingview.com/chart/?symbol=NASDAQ:WING&interval=D,True,False,False,False
POWI,"Power Integrations, Inc.",NASDAQ,Semiconductors,49.12,50.8,54.28,4.22,5.06,732448.8,812331.2333333333,39901710.0,41264802.0,-8.26,308,-1.56,162,-29.32,335,-10.92,259,-13.93,-1.88,2026-11-11,False,https://www.tradingview.com/chart/?symbol=NASDAQ:POWI&interval=D,False,False,False,False
PRIM,Primoris Services Corporation,NYSE,Engineering & Construction,83.6,76.01,78.05,4.35,4.68,1449469.4,1317142.7,110113130.0,100116017.0,8.01,45,12.44,65,-5.87,178,-48.56,381,-14.0,1.52,2026-11-09,False,https://www.tradingview.com/chart/?symbol=NYSE:PRIM&interval=D,False,False,False,False
ALGT,Allegiant Travel Company,NASDAQ,Airlines,76.43,77.18,81.65,4.22,4.53,453631.5,485864.13333333336,37134596.0,37498022.0,-2.7,204,2.26,136,-32.5,356,-12.22,268,-14.15,-1.41,2026-11-04,False,https://www.tradingview.com/chart/?symbol=NASDAQ:ALGT&interval=D,False,False,False,False
ALGM,"Allegro MicroSystems, Inc.",NASDAQ,Semiconductors,35.57,35.88,37.8,4.21,5.14,3026941.2,2558596.3666666667,91009273.0,91790498.0,-6.76,282,-1.17,159,-36.47,366,-5.55,236,-14.4,-1.15,2026-10-29,False,https://www.tradingview.com/chart/?symbol=NASDAQ:ALGM&interval=D,False,False,False,False
DPC,DPC Holdings PLC,NYSE,Electrical Products,38.73,41.26,44.35,5.38,6.26,1198900.2,1254449.8333333333,48584842.0,51756928.0,-9.49,320,-10.76,235,-20.6,277,-11.98,265,-14.45,-2.02,2026-12-02,False,https://www.tradingview.com/chart/?symbol=NYSE:DPC&interval=D,False,False,False,False
PLNT,"Planet Fitness, Inc.",NYSE,Other Consumer Services,47.98,46.75,48.99,4.5,4.14,2539090.1,2503044.9,120096094.0,117019018.0,14.02,16,-2.62,173,-7.43,186,-33.57,347,-14.54,-0.5,2026-11-10,False,https://www.tradingview.com/chart/?symbol=NYSE:PLNT&interval=D,True,False,False,False
MBLY,Mobileye Global Inc.,NASDAQ,Packaged Software,7.1,7.89,8.22,4.52,4.64,5883344.4,5338524.733333333,37903526.0,42133417.0,-6.08,265,-16.17,292,-25.65,316,-2.2,223,-14.68,-2.93,2026-10-22,False,https://www.tradingview.com/chart/?symbol=NASDAQ:MBLY&interval=D,False,False,False,False
CARG,"CarGurus, Inc.",NASDAQ,Internet Software/Services,28.85,32.33,34.14,4.6,4.29,1902725.3,1399702.7333333334,40381424.0,45254489.0,-2.6,200,-11.45,247,-17.29,250,-16.16,284,-14.96,-3.61,2026-11-10,False,https://www.tradingview.com/chart/?symbol=NASDAQ:CARG&interval=D,False,False,False,False
QBTS,D-Wave Quantum Inc.,NASDAQ,Computer Processing Hardware,14.57,16.6,17.9,5.81,6.34,14373504.3,15525353.566666666,226204401.0,257757095.0,-14.29,375,-16.93,300,-32.17,353,3.77,205,-15.11,-2.93,2026-11-05,False,https://www.tradingview.com/chart/?symbol=NASDAQ:QBTS&interval=D,False,False,False,False
RIOT,"Riot Platforms, Inc.",NASDAQ,Information Technology Services,16.89,20.8,20.61,7.46,8.33,16133113.7,16285178.666666666,274975242.0,338745287.0,-16.47,390,-25.12,365,-21.65,291,0.87,214,-15.3,-2.17,2026-11-10,False,https://www.tradingview.com/chart/?symbol=NASDAQ:RIOT&interval=D,False,False,False,False
AMKR,"Amkor Technology, Inc.",NASDAQ,Semiconductors,49.12,50.65,51.68,4.61,5.46,3626661.6,3893462.533333333,191246880.0,197214260.0,-10.51,336,-3.36,179,-29.94,343,-12.6,270,-15.3,-0.91,2026-10-26,False,https://www.tradingview.com/chart/?symbol=NASDAQ:AMKR&interval=D,False,False,False,False
AGCO,AGCO Corporation,NYSE,Trucks/Construction/Farm Machinery,103.28,118.94,112.93,4.01,4.37,937382.8,1158027.5,119601080.0,137740037.0,-8.38,310,-19.12,329,-11.22,207,-15.88,282,-15.4,-1.95,2026-10-29,False,https://www.tradingview.com/chart/?symbol=NYSE:AGCO&interval=D,False,False,False,False
RRR,"Red Rock Resorts, Inc.",NASDAQ,Hotels/Resorts/Cruise lines,49.51,52.72,56.43,4.11,3.73,1036476.6,1159997.0,57431451.0,61158908.0,-0.04,162,-11.84,250,-22.02,297,-12.63,272,-15.5,-3.29,2026-11-03,False,https://www.tradingview.com/chart/?symbol=NASDAQ:RRR&interval=D,False,False,False,False
RIVN,"Rivian Automotive, Inc.",NASDAQ,Motor Vehicles,13.96,15.27,15.52,4.07,4.43,28464572.4,23871236.633333333,333242463.0,364418298.0,-8.58,313,-13.08,262,-24.3,310,-9.17,253,-15.51,-2.27,2026-10-29,False,https://www.tradingview.com/chart/?symbol=NASDAQ:RIVN&interval=D,False,False,False,False
SRPT,"Sarepta Therapeutics, Inc.",NASDAQ,Pharmaceuticals: Major,17.85,19.8,19.06,4.81,5.56,2536050.0,2927204.0,52250591.0,57966445.0,0.56,157,-14.2,270,-13.1,217,-19.74,297,-15.68,-1.14,2026-11-04,False,https://www.tradingview.com/chart/?symbol=NASDAQ:SRPT&interval=D,False,False,False,False
ZG,"Zillow Group, Inc.",NASDAQ,Internet Software/Services,29.87,31.31,33.05,4.0,4.31,1135567.3,985439.7,29435084.0,30854117.0,2.89,114,-9.15,216,-11.5,208,-26.86,324,-15.84,-2.23,2026-11-04,False,https://www.tradingview.com/chart/?symbol=NASDAQ:ZG&interval=D,False,False,False,False
CRML,Critical Metals Corp.,NASDAQ,Precious Metals,6.86,7.24,7.05,6.54,7.84,5140331.6,8607564.666666666,59047894.0,62361806.0,-5.9,258,-4.85,188,-19.39,267,-23.52,310,-15.92,-0.35,2027-03-03,False,https://www.tradingview.com/chart/?symbol=NASDAQ:CRML&interval=D,False,False,False,False
STUB,"StubHub Holdings, Inc.",NYSE,Internet Software/Services,6.12,5.89,6.66,4.83,5.15,6070484.2,6579082.733333333,40263986.0,38763955.0,8.13,44,0.0,149,-47.29,387,-0.97,218,-16.09,-1.58,2026-11-12,False,https://www.tradingview.com/chart/?symbol=NYSE:STUB&interval=D,False,False,False,False
IREN,IREN Limited,NASDAQ,Data Processing Services,35.19,42.12,41.72,6.34,7.47,38129822.1,39340797.733333334,1384402672.0,1656850810.0,-15.95,388,-24.9,362,-17.41,252,-6.71,240,-16.34,-2.1,2026-12-01,False,https://www.tradingview.com/chart/?symbol=NASDAQ:IREN&interval=D,False,False,False,False
KGS,"Kodiak Gas Services, Inc.",NYSE,Oilfield Services/Equipment,53.47,57.08,58.51,4.01,4.42,1630475.3,1813264.4,96955247.0,103501132.0,-0.82,172,-17.73,313,-19.97,270,-11.39,264,-16.36,-1.95,2026-11-11,False,https://www.tradingview.com/chart/?symbol=NYSE:KGS&interval=D,False,False,False,False
UCTT,"Ultra Clean Holdings, Inc.",NASDAQ,Industrial Machinery,68.59,72.23,75.99,6.12,6.74,1235085.8,956823.5333333333,65628526.0,69112321.0,-15.32,384,-8.64,213,-33.27,358,-7.81,245,-16.57,-1.44,2026-10-27,False,https://www.tradingview.com/chart/?symbol=NASDAQ:UCTT&interval=D,False,False,False,False
ROAD,"Construction Partners, Inc.",NASDAQ,Engineering & Construction,86.81,95.65,102.71,4.43,4.82,660626.8,600102.8,52094924.0,57398233.0,-6.16,267,-15.27,282,-8.72,196,-26.12,320,-16.7,-3.22,2026-11-24,False,https://www.tradingview.com/chart/?symbol=NASDAQ:ROAD&interval=D,False,False,False,False
VOYG,"Voyager Technologies, Inc.",NYSE,Information Technology Services,27.26,32.71,34.78,7.54,8.31,2056097.0,2230859.6,60813233.0,72969187.0,-10.18,330,-24.28,359,-16.64,245,-9.31,255,-16.74,-2.6,2026-11-02,False,https://www.tradingview.com/chart/?symbol=NYSE:VOYG&interval=D,False,False,False,False
CHWY,"Chewy, Inc.",NYSE,Internet Retail,18.95,20.39,21.54,4.0,4.31,8109019.2,9828308.9,186246454.0,200428703.0,5.39,76,-13.27,263,-9.76,199,-27.2,328,-16.74,-2.79,2026-12-03,False,https://www.tradingview.com/chart/?symbol=NYSE:CHWY&interval=D,False,False,False,False
MARA,"MARA Holdings, Inc.",NASDAQ,Data Processing Services,9.65,11.55,11.15,7.23,8.15,35031074.1,42401621.733333334,409175650.0,489781133.0,-17.1,391,-20.18,338,-29.25,333,-0.87,216,-16.77,-1.65,2026-11-11,False,https://www.tradingview.com/chart/?symbol=NASDAQ:MARA&interval=D,False,False,False,False
ONDS,Ondas Inc,NASDAQ,Telecommunications Equipment,6.73,7.38,7.95,5.43,5.91,49250677.7,59393801.833333336,399720286.0,438494540.0,-7.49,295,-11.21,242,-12.26,215,-27.09,327,-16.85,-2.59,2026-11-16,False,https://www.tradingview.com/chart/?symbol=NASDAQ:ONDS&interval=D,False,False,False,False
JMKE,Jersey Mike's Subs Inc.,NYSE,Restaurants,17.7,19.08,20.55,4.61,5.38,3709589.6,3549679.7,62829331.0,67739721.0,5.36,77,-19.76,335,-15.71,237,-15.71,281,-17.06,-2.57,2026-10-28,False,https://www.tradingview.com/chart/?symbol=NYSE:JMKE&interval=D,False,False,False,False
UPST,"Upstart Holdings, Inc.",NASDAQ,Finance/Rental/Leasing,24.1,25.31,27.16,4.08,4.45,4227243.8,4345026.233333333,104715132.0,109978407.0,2.55,119,-10.11,231,-29.2,332,-12.68,273,-17.33,-2.53,2026-11-03,False,https://www.tradingview.com/chart/?symbol=NASDAQ:UPST&interval=D,False,False,False,False
LPTH,"LightPath Technologies, Inc.",NASDAQ,Electronic Components,9.72,10.03,11.27,5.27,6.96,2403305.0,3296162.7666666666,32038702.0,33068204.0,-12.59,361,-7.87,206,-22.24,299,-22.12,305,-17.41,-1.97,2026-11-05,False,https://www.tradingview.com/chart/?symbol=NASDAQ:LPTH&interval=D,False,False,False,False
GLXY,Galaxy Digital Inc.,NASDAQ,Investment Banks/Brokers,20.33,23.82,23.01,6.73,7.6,4874356.4,4966759.2,100974215.0,118323932.0,-14.72,378,-24.93,363,-21.81,295,-5.88,237,-17.54,-1.53,2026-10-27,False,https://www.tradingview.com/chart/?symbol=NASDAQ:GLXY&interval=D,False,False,False,False
Z,"Zillow Group, Inc.",NASDAQ,Internet Software/Services,29.01,30.61,32.37,4.02,4.38,4526038.9,4099228.1666666665,118918609.0,125465076.0,3.24,110,-9.96,229,-14.27,228,-28.6,334,-17.61,-2.37,2026-11-04,False,https://www.tradingview.com/chart/?symbol=NASDAQ:Z&interval=D,False,False,False,False
RH,RH,NYSE,Specialty Stores,116.99,129.65,146.18,4.01,4.92,801743.6,835440.8,97738219.0,108313507.0,-5.19,244,-16.46,295,-31.09,350,-6.05,238,-17.87,-4.06,2026-12-03,False,https://www.tradingview.com/chart/?symbol=NYSE:RH&interval=D,False,False,False,False
LGN,Legence Corp.,NASDAQ,Engineering & Construction,51.53,53.6,57.39,4.93,5.92,1132390.1,942602.0666666667,48572284.0,50521114.0,-2.22,196,-9.18,217,-30.62,346,-14.12,278,-17.97,-1.72,2026-11-13,False,https://www.tradingview.com/chart/?symbol=NASDAQ:LGN&interval=D,False,False,False,False
APLD,Applied Digital Corporation,NASDAQ,Data Processing Services,23.68,25.64,27.02,6.04,6.95,26468017.2,19318139.09999999,457453534.0,495362162.0,-5.71,252,-17.46,309,-26.25,320,-10.24,257,-17.98,-1.78,2027-01-12,False,https://www.tradingview.com/chart/?symbol=NASDAQ:APLD&interval=D,False,False,False,False
VSEC,VSE Corporation,NASDAQ,Engineering & Construction,173.63,183.61,199.68,4.47,4.98,455737.5,403099.1,69990097.0,74013026.0,5.08,81,-14.99,275,-19.61,269,-20.58,301,-18.39,-2.62,2026-10-28,False,https://www.tradingview.com/chart/?symbol=NASDAQ:VSEC&interval=D,False,False,False,False
BTBT,"Bit Digital, Inc.",NASDAQ,Miscellaneous Commercial Services,1.29,1.58,1.53,8.34,9.36,17085732.0,24480298.8,31579585.0,38695192.0,-23.89,406,-25.43,367,-25.43,314,-4.44,234,-18.44,-1.69,2026-11-12,False,https://www.tradingview.com/chart/?symbol=NASDAQ:BTBT&interval=D,False,False,False,False
ALKT,"Alkami Technology, Inc.",NASDAQ,Packaged Software,14.29,17.06,18.18,4.39,5.14,1617088.0,1927935.8333333333,27550203.0,32895084.0,0.99,145,-26.36,371,-21.27,282,-8.13,250,-18.59,-4.16,2026-10-29,False,https://www.tradingview.com/chart/?symbol=NASDAQ:ALKT&interval=D,False,False,False,False
FIGR,"Figure Technology Solutions, Inc.",NASDAQ,Finance/Rental/Leasing,28.54,32.88,32.81,6.06,7.0,4772529.3,4679964.333333333,133566182.0,153865527.0,-2.64,202,-28.65,383,-13.46,220,-14.4,280,-18.84,-1.86,2026-11-12,False,https://www.tradingview.com/chart/?symbol=NASDAQ:FIGR&interval=D,False,False,False,False
NESR,National Energy Services Reunited Corp,NASDAQ,Oilfield Services/Equipment,22.78,30.62,31.46,6.39,6.37,3220140.7,2154523.3,49080041.0,65979044.0,-8.07,307,-33.39,397,-19.36,266,-3.84,230,-18.87,-4.33,2026-11-04,False,https://www.tradingview.com/chart/?symbol=NASDAQ:NESR&interval=D,False,False,False,False
MIRM,"Mirum Pharmaceuticals, Inc.",NASDAQ,Pharmaceuticals: Major,86.01,91.96,95.18,4.36,4.65,953347.0,769227.8333333334,66161286.0,70738704.0,1.58,132,-12.25,255,-32.16,352,-13.08,275,-19.16,-2.07,2026-11-17,False,https://www.tradingview.com/chart/?symbol=NASDAQ:MIRM&interval=D,False,False,False,False
DKNG,DraftKings Inc.,NASDAQ,Movies/Entertainment,19.58,22.11,23.1,5.74,5.67,16650937.5,14100395.3,276085740.0,311792641.0,0.56,156,-18.21,321,-26.75,322,-12.63,271,-19.2,-2.69,2026-10-30,False,https://www.tradingview.com/chart/?symbol=NASDAQ:DKNG&interval=D,False,False,False,False
PBLS,"Parabilis Medicines, Inc.",NASDAQ,Pharmaceuticals: Major,27.48,35.14,35.98,9.95,9.83,860272.6,1042105.8,28637067.0,36623766.0,-9.43,319,-30.9,390,-9.49,198,-17.6,288,-19.33,-2.4,2026-12-02,False,https://www.tradingview.com/chart/?symbol=NASDAQ:PBLS&interval=D,False,False,False,False
RKT,"Rocket Companies, Inc.",NYSE,Finance/Rental/Leasing,11.48,12.6,13.18,4.48,5.14,38355850.8,34922395.36666667,400909099.0,439917414.0,-9.32,318,-15.9,288,-22.12,298,-23.52,309,-20.51,-2.51,2026-10-29,False,https://www.tradingview.com/chart/?symbol=NYSE:RKT&interval=D,False,False,False,False
BRUN,Boost Run Inc.,NASDAQ,Packaged Software,13.18,16.12,17.65,10.21,12.14,2919113.2,2492179.4,32846924.0,40168117.0,-19.73,402,-29.41,385,-56.36,399,23.41,144,-20.78,-2.09,2026-12-02,False,https://www.tradingview.com/chart/?symbol=NASDAQ:BRUN&interval=D,False,False,False,False
SHAZ,"SharonAI Holdings, Inc.",NASDAQ,Data Processing Services,37.93,53.2,56.13,9.76,11.97,1606972.4,1572120.8333333333,59630543.0,83638662.0,-26.86,408,-32.62,394,-52.21,395,22.35,149,-20.82,-2.71,2026-11-04,False,https://www.tradingview.com/chart/?symbol=NASDAQ:SHAZ&interval=D,False,False,False,False
TEX,Terex Corporation,NYSE,Trucks/Construction/Farm Machinery,50.67,58.21,61.26,4.33,4.74,1772221.9,1266112.8666666667,64153939.0,73695788.0,-9.53,323,-19.47,333,-21.99,296,-21.31,302,-20.92,-3.65,2026-10-22,False,https://www.tradingview.com/chart/?symbol=NYSE:TEX&interval=D,False,False,False,False
LBRT,Liberty Energy Inc.,NYSE,Oilfield Services/Equipment,19.0,19.48,19.71,4.87,4.93,4214536.4,3773003.933333333,71687075.0,73509436.0,3.83,99,-11.46,248,-21.78,294,-29.63,339,-20.96,-0.73,2026-10-21,False,https://www.tradingview.com/chart/?symbol=NYSE:LBRT&interval=D,False,False,False,False
KTOS,"Kratos Defense & Security Solutions, Inc.",NASDAQ,Aerospace & Defense,42.36,46.15,50.69,4.6,5.02,5080394.9,4185915.6333333333,177315386.0,193188378.0,-2.17,195,-12.02,252,-13.55,221,-37.72,359,-21.1,-3.27,2026-10-29,False,https://www.tradingview.com/chart/?symbol=NASDAQ:KTOS&interval=D,False,False,False,False
ALNY,"Alnylam Pharmaceuticals, Inc.",NASDAQ,Pharmaceuticals: Major,232.68,244.31,237.38,4.17,4.3,1309135.5,1491879.3,347130476.0,364487994.0,0.59,155,-9.49,221,-26.07,318,-28.07,331,-21.21,-0.46,2026-10-29,False,https://www.tradingview.com/chart/?symbol=NASDAQ:ALNY&interval=D,False,False,False,False
EQPT,EquipmentShare.com Inc,NASDAQ,Internet Software/Services,15.08,17.86,18.57,9.44,9.12,4006811.7,3587147.2,54112116.0,64068243.0,-15.4,385,-21.8,344,-16.19,240,-25.8,318,-21.26,-2.06,2026-12-02,False,https://www.tradingview.com/chart/?symbol=NASDAQ:EQPT&interval=D,False,False,False,False
TRIP,"TripAdvisor, Inc.",NASDAQ,Other Consumer Services,8.68,8.86,9.78,4.38,4.46,3226379.8,4065244.3666666667,35265995.0,36010612.0,3.27,109,-3.5,180,-35.98,364,-24.5,314,-21.33,-2.53,2026-11-09,False,https://www.tradingview.com/chart/?symbol=NASDAQ:TRIP&interval=D,False,False,False,False
NN,NextNav Inc.,NASDAQ,Packaged Software,12.35,14.51,15.35,7.86,8.65,3661000.5,2833492.933333333,34993638.0,41113038.0,-12.29,356,-18.75,325,-27.78,325,-17.83,289,-21.45,-2.26,2026-11-05,False,https://www.tradingview.com/chart/?symbol=NASDAQ:NN&interval=D,False,False,False,False
VKTX,"Viking Therapeutics, Inc.",NASDAQ,Pharmaceuticals: Major,28.51,32.2,32.79,8.35,7.73,6837105.0,6772418.5,193081651.0,218083163.0,-7.59,298,-14.54,272,-30.7,347,-19.12,294,-21.45,-1.69,2026-10-28,False,https://www.tradingview.com/chart/?symbol=NASDAQ:VKTX&interval=D,False,False,False,False
LEU,Centrus Energy Corp.,NYSE,Other Metals/Minerals,142.44,154.03,166.66,4.43,6.34,716749.7,754566.5333333324,107480457.0,116222865.0,-1.08,177,-23.91,358,-19.02,265,-21.84,304,-21.59,-2.29,2026-11-11,False,https://www.tradingview.com/chart/?symbol=NYSE:LEU&interval=D,False,False,False,False
ACAD,ACADIA Pharmaceuticals Inc.,NASDAQ,Pharmaceuticals: Major,19.78,24.66,26.34,4.37,4.19,2454839.8,2105421.566666667,41645239.0,51920047.0,-1.15,179,-27.92,377,-25.39,313,-12.17,267,-21.82,-5.95,2026-11-11,False,https://www.tradingview.com/chart/?symbol=NASDAQ:ACAD&interval=D,False,False,False,False
BTDR,Bitdeer Technologies Group,NASDAQ,Data Processing Services,9.63,11.36,10.9,7.41,8.61,9284165.1,9924533.0,95573253.0,112719538.0,-14.55,377,-24.53,360,-33.72,360,-7.76,243,-22.0,-1.35,2026-11-16,False,https://www.tradingview.com/chart/?symbol=NASDAQ:BTDR&interval=D,False,False,False,False
MOS,Mosaic Company (The),NYSE,Chemicals: Agricultural,18.74,23.59,23.31,5.1,5.42,9472009.7,8711505.933333334,163253621.0,205475387.0,-13.4,369,-30.07,388,-10.16,201,-26.16,321,-22.13,-3.61,2026-11-10,False,https://www.tradingview.com/chart/?symbol=NYSE:MOS&interval=D,False,False,False,False
AIR,AAR Corp.,NYSE,Aerospace & Defense,100.43,115.67,126.35,5.19,5.13,921453.5,576243.4,57872125.0,66655803.0,-0.61,167,-22.6,348,-25.89,317,-18.31,292,-22.27,-4.0,2027-01-06,False,https://www.tradingview.com/chart/?symbol=NYSE:AIR&interval=D,False,False,False,False
EROC,"ERock, Inc.",NYSE,Electrical Products,11.95,12.33,12.58,8.37,9.42,2610327.6,2618054.2333333334,31285748.0,32288463.0,-4.67,236,-12.9,260,-13.41,219,-40.55,366,-22.28,-0.53,2026-12-02,False,https://www.tradingview.com/chart/?symbol=NYSE:EROC&interval=D,False,False,False,False
UEC,Uranium Energy Corp.,AMEX,Other Metals/Minerals,9.19,10.31,10.78,5.35,6.29,11302016.8,9604908.233333332,88269107.0,99065024.0,-4.96,242,-22.25,346,-11.21,206,-33.65,348,-22.37,-2.35,2026-12-16,False,https://www.tradingview.com/chart/?symbol=AMEX:UEC&interval=D,False,False,False,False
ESAB,ESAB Corporation,NYSE,Industrial Machinery,66.85,69.74,75.88,4.79,5.09,1220536.0,1040578.3666666667,69562664.0,72574444.0,-3.06,208,-9.2,219,-23.6,304,-34.47,351,-22.42,-2.34,2026-11-04,False,https://www.tradingview.com/chart/?symbol=NYSE:ESAB&interval=D,False,False,False,False
PRAX,"Praxis Precision Medicines, Inc.",NASDAQ,Pharmaceuticals: Major,259.86,309.85,329.65,5.54,5.85,491808.1000000001,440426.63333333295,114449265.0,136464431.0,-10.43,334,-26.34,370,-21.57,288,-20.08,298,-22.66,-3.62,2026-11-11,False,https://www.tradingview.com/chart/?symbol=NASDAQ:PRAX&interval=D,False,False,False,False
NNE,Nano Nuclear Energy Inc.,NASDAQ,Electrical Products,15.34,16.71,17.47,4.9,6.46,1927864.8,1910602.2666666666,29308639.0,31919158.0,-6.0,262,-19.39,331,-21.53,287,-27.78,329,-22.9,-1.89,2026-12-17,False,https://www.tradingview.com/chart/?symbol=NASDAQ:NNE&interval=D,False,False,False,False
ENOV,Enovis Corporation,NYSE,Medical Specialties,17.69,18.91,21.94,4.29,5.49,1502309.5,1943554.7666666666,34381484.0,36750677.0,-3.17,211,-11.28,243,-30.9,348,-26.93,325,-23.04,-3.53,2026-11-05,False,https://www.tradingview.com/chart/?symbol=NYSE:ENOV&interval=D,False,False,False,False
CORZ,"Core Scientific, Inc.",NASDAQ,Packaged Software,15.41,17.03,18.11,5.57,6.3,11444825.8,11396236.7,175616008.0,194089307.0,-7.56,297,-17.81,315,-34.7,362,-16.61,286,-23.04,-2.37,2026-11-11,False,https://www.tradingview.com/chart/?symbol=NASDAQ:CORZ&interval=D,False,False,False,False
RZLV,Rezolve AI PLC,NASDAQ,Packaged Software,1.91,2.26,2.41,5.18,6.29,12324554.1,15012354.7,28673597.0,33887889.0,-11.98,355,-16.96,301,-28.6,328,-24.8,315,-23.45,-3.32,2027-04-29,False,https://www.tradingview.com/chart/?symbol=NASDAQ:RZLV&interval=D,False,False,False,False
IBP,"Installed Building Products, Inc.",NYSE,Engineering & Construction,185.44,206.6,220.63,4.24,4.81,436767.1,457810.6666666667,84896410.0,94583836.0,-5.54,250,-18.63,324,-16.91,248,-34.95,353,-23.5,-3.32,2026-11-11,False,https://www.tradingview.com/chart/?symbol=NYSE:IBP&interval=D,False,False,False,False
INSM,Insmed Incorporated,NASDAQ,Pharmaceuticals: Major,100.6,118.07,119.65,4.75,5.05,3303811.0,2524834.3333333335,253998334.0,298115606.0,-6.64,281,-18.87,326,-14.81,229,-36.96,356,-23.55,-3.15,2026-10-29,False,https://www.tradingview.com/chart/?symbol=NASDAQ:INSM&interval=D,False,False,False,False
FTAI,FTAI Aviation Ltd.,NASDAQ,Aerospace & Defense,169.96,181.58,194.38,4.07,5.05,1343954.7000000018,1390259.5333333334,236295462.0,252438924.0,0.55,158,-12.84,259,-25.01,311,-33.39,346,-23.75,-2.49,2026-10-29,False,https://www.tradingview.com/chart/?symbol=NASDAQ:FTAI&interval=D,False,False,False,False
SPHR,Sphere Entertainment Co.,NYSE,Media Conglomerates,106.41,134.57,144.74,6.42,6.71,1217546.1,775971.2333333333,82571099.0,104418569.0,-17.86,396,-23.9,357,-29.86,342,-17.53,287,-23.77,-3.95,2026-11-10,False,https://www.tradingview.com/chart/?symbol=NYSE:SPHR&interval=D,False,False,False,False
AMPX,"Amprius Technologies, Inc.",NYSE,Electrical Products,9.44,9.6,10.16,5.68,5.85,6771315.5,5236259.733333333,49430292.0,50257621.0,-4.45,234,-8.53,212,-21.2,281,-41.91,369,-23.88,-1.21,2026-11-05,False,https://www.tradingview.com/chart/?symbol=NYSE:AMPX&interval=D,False,False,False,False
LUMN,"Lumen Technologies, Inc.",NASDAQ,Major Telecommunications,5.28,6.22,6.23,5.13,6.1,13890873.2,13591196.733333332,71761519.0,84534978.0,-7.04,288,-20.6,339,-21.43,284,-30.07,340,-24.03,-2.49,2026-11-04,False,https://www.tradingview.com/chart/?symbol=NASDAQ:LUMN&interval=D,False,False,False,False
MRP,"Millrose Properties, Inc.",NYSE,Real Estate Development,22.36,27.76,28.58,4.8,4.56,4697148.8,2657824.533333333,59428957.0,73768806.0,-12.31,358,-27.36,374,-21.63,290,-25.81,319,-24.93,-4.77,2026-10-27,False,https://www.tradingview.com/chart/?symbol=NYSE:MRP&interval=D,False,False,False,False
FLUT,Flutter Entertainment plc,NYSE,Casinos/Gaming,79.78,89.18,93.02,5.26,5.28,3005982.8,3051238.6,243427816.0,272111493.0,3.61,104,-20.66,341,-29.68,339,-25.53,316,-25.29,-2.7,2026-11-18,False,https://www.tradingview.com/chart/?symbol=NYSE:FLUT&interval=D,False,False,False,False
BBAI,"BigBear.ai, Inc.",NYSE,Packaged Software,2.39,2.79,2.93,5.0,5.63,16906774.6,15729347.1,37593140.0,43821961.0,-15.25,383,-18.43,323,-29.5,337,-28.01,330,-25.31,-3.26,2026-11-11,False,https://www.tradingview.com/chart/?symbol=NYSE:BBAI&interval=D,False,False,False,False
OKLO,Oklo Inc.,NYSE,Industrial Machinery,34.7,38.23,40.23,4.58,6.42,9996243.7,10055488.3,348925444.0,384438077.0,-6.97,286,-19.02,328,-29.81,341,-28.98,336,-25.94,-2.14,2026-11-18,False,https://www.tradingview.com/chart/?symbol=NYSE:OKLO&interval=D,False,False,False,False
QS,QuantumScape Corporation,NASDAQ,Electrical Products,4.58,5.02,5.36,4.41,5.18,13615167.9,12078856.466666667,55321163.0,60627807.0,-3.58,220,-17.03,302,-34.48,361,-27.07,326,-26.19,-2.8,2026-10-28,False,https://www.tradingview.com/chart/?symbol=NASDAQ:QS&interval=D,False,False,False,False
SEDG,"SolarEdge Technologies, Inc.",NASDAQ,Electrical Products,32.21,33.73,33.78,5.48,7.0,2420798.1,2921656.2333333334,94106547.0,98544543.0,1.54,133,-12.95,261,-41.87,378,-23.76,311,-26.19,-0.66,2026-11-11,False,https://www.tradingview.com/chart/?symbol=NASDAQ:SEDG&interval=D,False,False,False,False
LUNR,"Intuitive Machines, Inc.",NASDAQ,Aerospace & Defense,13.19,14.72,15.44,7.1,7.69,8673046.7,7573280.9,99891575.0,111491317.0,-7.54,296,-17.04,303,-21.72,292,-40.24,365,-26.33,-1.9,2026-11-18,False,https://www.tradingview.com/chart/?symbol=NASDAQ:LUNR&interval=D,False,False,False,False
OCUL,"Ocular Therapeutix, Inc.",NASDAQ,Pharmaceuticals: Major,7.54,9.42,9.65,7.95,7.43,5266148.7,3236166.6333333333,24400696.0,30499252.0,1.89,127,-32.92,396,-28.26,326,-19.01,293,-26.73,-2.94,2026-11-09,False,https://www.tradingview.com/chart/?symbol=NASDAQ:OCUL&interval=D,False,False,False,False
SMR,NuScale Power Corporation,NYSE,Electrical Products,7.2,8.68,8.95,5.3,7.64,32504094.9,35629904.666666664,256535314.0,309255696.0,-10.39,333,-34.6,399,-21.48,285,-24.21,312,-26.77,-2.55,2026-11-05,False,https://www.tradingview.com/chart/?symbol=NYSE:SMR&interval=D,False,False,False,False
HYMC,Hycroft Mining Holding Corporation,NASDAQ,Precious Metals,19.19,20.88,22.69,5.46,6.73,1955084.2,2082225.8333333386,39957914.0,43476528.0,-1.03,176,-17.99,318,-11.97,211,-50.55,385,-26.84,-2.29,2026-11-03,False,https://www.tradingview.com/chart/?symbol=NASDAQ:HYMC&interval=D,False,False,False,False
FLY,Firefly Aerospace Inc.,NASDAQ,Aerospace & Defense,20.0,21.93,22.91,8.1,8.16,3692668.4,3153068.8333333335,63061377.0,69138391.0,-13.64,371,-13.94,269,-21.57,289,-46.56,378,-27.36,-1.56,2026-11-18,False,https://www.tradingview.com/chart/?symbol=NASDAQ:FLY&interval=D,False,False,False,False
DNN,Denison Mines Corp,AMEX,Other Metals/Minerals,2.43,2.89,3.04,4.73,5.92,30866811.4,26524907.7,64455526.0,76727716.0,-6.54,278,-27.46,376,-23.82,306,-31.55,341,-27.61,-3.39,2026-11-03,False,https://www.tradingview.com/chart/?symbol=AMEX:DNN&interval=D,False,False,False,False
RSI,"Rush Street Interactive, Inc.",NYSE,Casinos/Gaming,18.9,23.14,24.2,5.68,6.05,2800084.6,3369746.3666666667,63688206.0,77961329.0,-5.45,248,-29.5,387,-42.36,380,-12.56,269,-28.14,-3.62,2026-10-28,False,https://www.tradingview.com/chart/?symbol=NYSE:RSI&interval=D,False,False,False,False
GT,The Goodyear Tire & Rubber Company,NASDAQ,Automotive Aftermarket,4.68,5.33,5.72,4.17,4.58,8849241.4,9454063.433333334,44245017.0,50416945.0,-7.87,305,-19.79,336,-30.31,345,-34.45,350,-28.18,-3.98,2026-11-09,False,https://www.tradingview.com/chart/?symbol=NASDAQ:GT&interval=D,False,False,False,False
APP,Applovin Corporation,NASDAQ,Packaged Software,277.04,307.42,318.17,4.14,5.1,5587429.2,5131181.7,1421542578.0,1577431299.0,2.54,120,-11.07,240,-47.39,388,-26.32,322,-28.26,-2.53,2026-11-04,False,https://www.tradingview.com/chart/?symbol=NASDAQ:APP&interval=D,False,False,False,False
MIAX,"Miami International Holdings, Inc.",NYSE,Investment Banks/Brokers,30.71,37.52,40.04,4.71,5.29,2186986.1,1856260.8,57005769.0,69646905.0,-9.6,324,-29.42,386,-29.71,340,-25.73,317,-28.29,-4.41,2026-10-29,False,https://www.tradingview.com/chart/?symbol=NYSE:MIAX&interval=D,False,False,False,False
CBRS,Cerebras Systems Inc.,NASDAQ,Packaged Software,164.17,188.63,199.31,6.62,7.89,10081109.4,7255763.666666667,1191178721.0,1368628096.0,-4.77,239,-16.41,294,-15.46,233,-53.09,390,-28.32,-2.23,2026-12-02,False,https://www.tradingview.com/chart/?symbol=NASDAQ:CBRS&interval=D,False,False,False,False
PUMP,ProPetro Holding Corp.,NYSE,Oilfield Services/Equipment,9.09,10.26,10.72,4.98,5.46,3716938.1,3802120.0,34561271.0,39012286.0,1.68,131,-23.81,354,-29.26,334,-32.21,344,-28.43,-2.78,2026-11-04,False,https://www.tradingview.com/chart/?symbol=NYSE:PUMP&interval=D,False,False,False,False
INIO,INNIO N.V.,NASDAQ,Electrical Products,19.79,19.69,22.0,6.23,7.45,5002500.6,5430624.833333333,107472065.0,106939864.0,5.27,80,-8.8,215,-40.8,376,-36.16,355,-28.59,-1.35,2026-12-02,False,https://www.tradingview.com/chart/?symbol=NASDAQ:INIO&interval=D,False,False,False,False
RARE,Ultragenyx Pharmaceutical Inc.,NASDAQ,Pharmaceuticals: Major,15.48,16.12,20.07,5.35,6.65,4428154.9,6074749.3,94037119.0,97911797.0,3.89,96,4.81,113,-55.27,397,-35.55,354,-28.67,-3.44,2026-11-04,False,https://www.tradingview.com/chart/?symbol=NASDAQ:RARE&interval=D,False,False,False,False
BRBR,"BellRing Brands, Inc.",NYSE,Beverages: Non-Alcoholic,8.55,8.87,9.81,5.15,5.36,4426115.2,3710524.4,31724984.0,32923483.0,14.46,15,-11.31,244,-30.94,349,-44.37,373,-28.87,-2.4,2026-11-23,False,https://www.tradingview.com/chart/?symbol=NYSE:BRBR&interval=D,True,False,False,False
JOBY,"Joby Aviation, Inc.",NYSE,Aerospace & Defense,5.44,6.27,6.87,4.35,5.2,23470979.4,24978538.666666668,135883250.0,156532176.0,-11.11,344,-19.76,334,-32.34,354,-34.85,352,-28.98,-4.01,2026-11-11,False,https://www.tradingview.com/chart/?symbol=NYSE:JOBY&interval=D,False,False,False,False
CIFR,Cipher Digital Inc.,NASDAQ,Data Processing Services,13.52,16.38,16.92,7.69,9.37,31447795.9,33267266.566666666,449773444.0,544995450.0,-14.97,381,-27.27,373,-42.07,379,-17.84,290,-29.06,-2.15,2026-11-11,False,https://www.tradingview.com/chart/?symbol=NASDAQ:CIFR&interval=D,False,False,False,False
USAR,"USA Rare Earth, Inc.",NASDAQ,Metal Fabrication,12.56,15.52,16.62,4.85,6.5,13014212.6,12920034.2,162275630.0,200553384.0,-10.57,337,-28.06,378,-33.19,357,-26.85,323,-29.37,-3.76,2026-11-05,False,https://www.tradingview.com/chart/?symbol=NASDAQ:USAR&interval=D,False,False,False,False
LASR,"nLIGHT, Inc.",NASDAQ,Semiconductors,38.48,39.98,46.02,4.11,5.15,886513.3,1034099.7333333333,39792158.0,41342101.0,-5.76,254,-5.06,189,-47.71,389,-38.73,360,-30.5,-3.18,2026-10-29,False,https://www.tradingview.com/chart/?symbol=NASDAQ:LASR&interval=D,False,False,False,False
ALM,Almonty Industries Inc.,NASDAQ,Other Metals/Minerals,11.87,14.78,15.0,6.2,8.24,5601514.0,6380709.666666667,75739024.0,94276049.0,-10.08,329,-37.53,401,-20.92,280,-33.28,345,-30.57,-2.53,2026-11-17,False,https://www.tradingview.com/chart/?symbol=NASDAQ:ALM&interval=D,False,False,False,False
PL,Planet Labs PBC,NYSE,Packaged Software,17.18,17.4,19.54,4.99,6.06,11199995.0,12348574.733333332,212148514.0,214869317.0,3.81,100,-4.56,184,-37.16,369,-50.75,386,-30.82,-1.99,2026-12-14,False,https://www.tradingview.com/chart/?symbol=NYSE:PL&interval=D,False,False,False,False
QXO,"QXO, Inc.",NYSE,Wholesale Distributors,10.81,12.23,13.12,5.02,5.76,25135289.6,20148557.6,217805908.0,246369846.0,-13.17,368,-17.79,314,-25.55,315,-49.63,384,-30.99,-3.06,2026-11-17,False,https://www.tradingview.com/chart/?symbol=NYSE:QXO&interval=D,False,False,False,False
OLN,Olin Corporation,NYSE,Industrial Specialties,14.89,16.63,17.38,4.23,4.42,5875205.5,3690974.2,54958606.0,61388283.0,-6.23,270,-17.51,310,-27.19,324,-48.35,380,-31.02,-3.24,2026-10-29,False,https://www.tradingview.com/chart/?symbol=NYSE:OLN&interval=D,False,False,False,False
WULF,TeraWulf Inc.,NASDAQ,Data Processing Services,13.77,15.65,16.13,6.2,7.35,27399445.3,28063733.866666667,386437615.0,439234853.0,-11.05,342,-23.71,353,-41.13,377,-28.43,332,-31.09,-1.99,2026-11-16,False,https://www.tradingview.com/chart/?symbol=NASDAQ:WULF&interval=D,False,False,False,False
PLUG,"Plug Power, Inc.",NASDAQ,Electronic Production Equipment,1.68,2.01,2.09,4.72,5.86,48029939.3,46962300.6,78896665.0,94566419.0,-12.95,367,-25.0,364,-28.66,330,-39.89,364,-31.19,-3.33,2026-11-10,False,https://www.tradingview.com/chart/?symbol=NASDAQ:PLUG&interval=D,False,False,False,False
HTZ,"Hertz Global Holdings, Inc",NASDAQ,Finance/Rental/Leasing,1.92,1.95,2.01,6.5,7.74,21627497.8,16408895.2,31505079.0,32052042.0,7.87,46,-11.11,241,-11.52,209,-70.96,405,-31.2,-0.56,2026-11-05,False,https://www.tradingview.com/chart/?symbol=NASDAQ:HTZ&interval=D,False,False,False,False
NAMS,NewAmsterdam Pharma Company N.V.,NASDAQ,Pharmaceuticals: Major,21.58,23.27,24.96,5.82,6.01,1533855.6,1713806.8,36975382.0,39886283.0,-12.3,357,-14.87,274,-40.09,374,-39.12,361,-31.36,-2.26,2026-11-11,False,https://www.tradingview.com/chart/?symbol=NASDAQ:NAMS&interval=D,False,False,False,False
KNF,Knife Riv Holding Co.,NYSE,Construction Materials,49.84,55.72,60.47,4.91,4.95,1092884.7,1076259.1,53640754.0,59969516.0,-3.47,219,-17.24,305,-36.17,365,-42.05,370,-31.82,-3.55,2026-11-09,False,https://www.tradingview.com/chart/?symbol=NYSE:KNF&interval=D,False,False,False,False
WHR,Whirlpool Corporation,NYSE,Electronics/Appliances,28.83,33.71,36.75,4.13,4.79,3098437.2,2951651.7666666666,85096120.0,99505100.0,-6.4,274,-22.91,349,-23.71,305,-49.47,383,-32.03,-4.5,2026-10-15,True,https://www.tradingview.com/chart/?symbol=NYSE:WHR&interval=D,False,False,False,False
RUN,Sunrun Inc.,NASDAQ,Semiconductors,7.64,8.28,8.87,4.39,5.2,7783008.0,7675426.1,58640255.0,63581951.0,-3.17,210,-16.78,299,-38.54,372,-42.96,372,-32.76,-2.66,2026-11-04,False,https://www.tradingview.com/chart/?symbol=NASDAQ:RUN&interval=D,False,False,False,False
ASTS,"AST SpaceMobile, Inc.",NASDAQ,Specialty Telecommunications,50.96,60.02,62.85,8.11,8.91,17328529.4,12334992.533333333,628652894.0,740368866.0,-10.21,331,-23.44,351,-31.2,351,-45.11,374,-33.25,-2.12,2026-11-16,False,https://www.tradingview.com/chart/?symbol=NASDAQ:ASTS&interval=D,False,False,False,False
XE,"X-Energy, Inc.",NASDAQ,Industrial Machinery,13.71,15.84,17.31,6.01,8.41,6008414.1,6959110.766666667,95409409.0,110220716.0,-3.18,212,-25.2,366,-17.46,253,-57.18,394,-33.28,-2.47,2026-12-02,False,https://www.tradingview.com/chart/?symbol=NASDAQ:XE&interval=D,False,False,False,False
MTZ,"MasTec, Inc.",NYSE,Engineering & Construction,212.65,224.19,242.4,4.25,5.49,1447962.4,1502312.3,319466711.0,336806399.0,-1.55,185,-15.49,284,-44.17,383,-40.57,367,-33.41,-2.24,2026-10-29,False,https://www.tradingview.com/chart/?symbol=NYSE:MTZ&interval=D,False,False,False,False
QNT,Quantinuum Inc.,NASDAQ,Computer Processing Hardware,41.3,48.51,52.36,5.93,6.85,1915097.0,1890470.6,78076436.0,91707989.0,-12.41,359,-17.66,312,-43.71,382,-39.26,363,-33.55,-3.08,2026-11-12,False,https://www.tradingview.com/chart/?symbol=NASDAQ:QNT&interval=D,False,False,False,False
UTI,Universal Technical Institute Inc,NYSE,Miscellaneous Commercial Services,20.64,20.41,23.44,4.53,5.42,1596126.3,1760925.3666666667,36345500.0,35936378.0,6.83,55,-4.0,182,-57.7,400,-41.36,368,-34.35,-2.21,2026-11-25,False,https://www.tradingview.com/chart/?symbol=NYSE:UTI&interval=D,False,False,False,False
TE,T1 Energy Inc.,NYSE,Electrical Products,3.39,4.16,4.46,6.47,9.17,17905775.6,19297728.3,65419299.0,80194926.0,-12.85,365,-32.13,393,-52.39,396,-20.42,299,-34.98,-2.62,2026-11-11,False,https://www.tradingview.com/chart/?symbol=NYSE:TE&interval=D,False,False,False,False
SOC,Sable Offshore Corp.,NYSE,Integrated Oil,3.72,4.25,4.41,7.84,8.95,8680537.6,7867137.133333334,29265750.0,33458934.0,5.98,66,-23.3,350,-11.0,204,-71.38,406,-35.23,-1.75,2026-11-12,False,https://www.tradingview.com/chart/?symbol=NYSE:SOC&interval=D,False,False,False,False
UUUU,Energy Fuels Inc,AMEX,Other Metals/Minerals,9.96,12.25,13.04,4.35,6.23,8224667.4,7255609.966666667,72265875.0,88893315.0,-9.86,327,-31.64,391,-29.36,336,-46.16,377,-35.72,-3.79,2026-10-30,False,https://www.tradingview.com/chart/?symbol=AMEX:UUUU&interval=D,False,False,False,False
CHTR,"Charter Communications, Inc.",NASDAQ,Cable/Satellite TV,103.38,127.98,137.34,4.98,5.67,3176523.7,3090071.2666666666,319451568.0,395464231.0,-7.08,291,-29.09,384,-24.13,309,-53.98,391,-35.73,-4.36,2026-11-06,False,https://www.tradingview.com/chart/?symbol=NASDAQ:CHTR&interval=D,False,False,False,False
HUBG,"Hub Group, Inc.",NASDAQ,Air Freight/Couriers,25.76,32.62,36.55,4.85,5.67,1506004.0,1389289.0333333334,35788085.0,45313514.0,-15.57,387,-28.56,381,-45.07,385,-33.66,349,-35.77,-5.21,2026-10-22,False,https://www.tradingview.com/chart/?symbol=NASDAQ:HUBG&interval=D,False,False,False,False
FUN,Six Flags Entertainment Corporation,NYSE,Movies/Entertainment,11.41,12.91,14.4,5.78,6.1,3391477.9,2521921.066666667,28775119.0,32568089.0,2.52,121,-27.37,375,-38.98,373,-42.08,371,-36.15,-3.4,2026-11-05,False,https://www.tradingview.com/chart/?symbol=NYSE:FUN&interval=D,False,False,False,False
FMC,FMC Corporation,NYSE,Chemicals: Agricultural,8.35,10.48,10.53,5.67,6.47,5322389.3,4294612.866666666,35860017.0,45014701.0,-2.91,205,-34.51,398,-23.95,307,-51.71,388,-36.72,-3.2,2026-10-29,False,https://www.tradingview.com/chart/?symbol=NYSE:FMC&interval=D,False,False,False,False
LCID,"Lucid Group, Inc.",NASDAQ,Motor Vehicles,3.79,4.25,5.06,5.42,7.06,9218812.09999998,10558239.766666686,40015729.0,44900674.0,-11.24,346,-17.07,304,-36.52,367,-56.98,393,-36.85,-3.56,2026-11-09,False,https://www.tradingview.com/chart/?symbol=NASDAQ:LCID&interval=D,False,False,False,False
FRMI,Fermi Inc.,NASDAQ,Real Estate Development,3.43,4.67,5.25,7.76,9.63,15762576.0,16896859.5,57956228.0,78987186.0,-17.15,393,-38.75,403,-44.18,384,-28.54,333,-37.16,-3.6,2026-11-17,False,https://www.tradingview.com/chart/?symbol=NASDAQ:FRMI&interval=D,False,False,False,False
CELC,Celcuity Inc.,NASDAQ,Medical Specialties,67.94,82.05,85.83,7.16,7.04,1721206.9,1157115.2666666666,78614411.0,94937065.0,-9.67,325,-26.15,369,-40.14,375,-45.65,376,-37.31,-2.96,2026-11-18,False,https://www.tradingview.com/chart/?symbol=NASDAQ:CELC&interval=D,False,False,False,False
FICO,Fair Isaac Corporation,NYSE,Financial Publishing/Services,667.58,885.56,969.93,6.27,7.92,1859483.3,910471.0333333333,607812252.0,806273997.0,8.73,41,-28.6,382,-48.25,390,-37.5,357,-38.12,-3.94,2026-11-11,False,https://www.tradingview.com/chart/?symbol=NYSE:FICO&interval=D,False,False,False,False
KRMN,Karman Holdings Inc.,NYSE,Aerospace & Defense,32.59,35.77,43.72,6.06,6.93,2828643.6,3764419.966666667,122682447.0,134653302.0,1.37,138,-17.39,308,-35.49,363,-61.6,397,-38.16,-3.67,2026-11-05,False,https://www.tradingview.com/chart/?symbol=NYSE:KRMN&interval=D,False,False,False,False
GRML,Greenland Mines Ltd,NASDAQ,Miscellaneous Commercial Services,5.17,6.8,7.79,47.43,38.24,4615315.5,16563930.433333334,85635520.0,112601599.0,-41.18,412,17.5,47,-58.47,402,-75.95,408,-38.98,-0.88,,False,https://www.tradingview.com/chart/?symbol=NASDAQ:GRML&interval=D,False,False,False,False
CAR,"Avis Budget Group, Inc.",NASDAQ,Finance/Rental/Leasing,105.98,118.95,127.71,5.39,5.34,396236.6,433791.8,45973255.0,51599968.0,-0.13,163,-20.8,343,-33.57,359,-63.95,399,-39.44,-3.19,2026-11-02,False,https://www.tradingview.com/chart/?symbol=NASDAQ:CAR&interval=D,False,False,False,False
RCAT,"Red Cat Holdings, Inc.",NASDAQ,Packaged Software,5.77,7.22,8.12,4.69,6.66,6081169.2,7839389.766666667,45233279.0,56633058.0,-11.91,353,-32.75,395,-37.28,370,-52.2,389,-40.74,-4.35,2026-11-12,False,https://www.tradingview.com/chart/?symbol=NASDAQ:RCAT&interval=D,False,False,False,False
XENE,Xenon Pharmaceuticals Inc.,NASDAQ,Pharmaceuticals: Major,36.44,47.52,53.62,4.29,5.54,2330238.4,2187103.5,79698052.0,103940636.0,-6.8,284,-38.28,402,-48.36,391,-37.66,358,-41.43,-5.78,2026-11-11,False,https://www.tradingview.com/chart/?symbol=NASDAQ:XENE&interval=D,False,False,False,False
FLNC,"Fluence Energy, Inc.",NASDAQ,Electrical Products,7.43,8.69,10.29,5.1,7.58,5765305.3,7627174.333333333,56669905.0,66280145.0,-4.01,230,-30.5,389,-55.85,398,-45.61,375,-43.99,-3.67,2026-11-30,False,https://www.tradingview.com/chart/?symbol=NASDAQ:FLNC&interval=D,False,False,False,False
AVBP,"ArriVent BioPharma, Inc.",NASDAQ,Pharmaceuticals: Other,16.73,27.71,28.74,10.51,14.36,3207767.0,1455717.5666666667,24354155.0,40332596.0,-42.82,413,-44.27,406,-50.28,393,-39.21,362,-44.59,-2.91,2026-11-18,False,https://www.tradingview.com/chart/?symbol=NASDAQ:AVBP&interval=D,False,False,False,False
OPEN,Opendoor Technologies Inc,NASDAQ,Real Estate Development,2.22,2.67,3.04,5.64,6.61,30633224.7,30759401.766666666,68285872.0,82230134.0,-11.55,350,-26.49,372,-58.89,403,-49.2,382,-44.86,-4.07,2026-11-05,False,https://www.tradingview.com/chart/?symbol=NASDAQ:OPEN&interval=D,False,False,False,False
NKTR,Nektar Therapeutics,NASDAQ,Pharmaceuticals: Major,41.17,61.44,66.47,10.3,8.92,2201915.0999999996,1570190.133333333,64644728.0,96468556.0,-12.57,360,-45.18,407,-43.63,381,-47.46,379,-45.42,-4.27,2026-11-05,False,https://www.tradingview.com/chart/?symbol=NASDAQ:NKTR&interval=D,False,False,False,False
FRVO,Fervo Energy Company,NASDAQ,Alternative Power Generation,13.75,15.7,17.38,8.36,9.39,8696066.9,8349715.3,114808585.0,131069656.0,-5.76,255,-26.08,368,-49.73,392,-61.81,398,-45.87,-2.22,2026-12-02,False,https://www.tradingview.com/chart/?symbol=NASDAQ:FRVO&interval=D,False,False,False,False
EOSE,"Eos Energy Enterprises, Inc.",NASDAQ,Electrical Products,2.52,3.51,3.64,9.29,10.99,27113513.8,27997899.9,70554708.0,98267962.0,-22.46,404,-39.71,404,-45.34,386,-59.29,395,-48.11,-2.79,2026-11-11,False,https://www.tradingview.com/chart/?symbol=NASDAQ:EOSE&interval=D,False,False,False,False
TNON,"Tenon Medical, Inc.",NASDAQ,Medical/Nursing Services,3.41,3.92,4.84,13.13,23.0,6323742.700000005,11485849.333333334,39166746.0,45007301.0,-24.22,407,-0.87,154,-57.73,401,-86.83,410,-48.48,-1.28,2026-11-18,False,https://www.tradingview.com/chart/?symbol=NASDAQ:TNON&interval=D,False,False,False,False
BW,"Babcock & Wilcox Enterprises, Inc.",NYSE,Electronic Equipment/Instruments,5.46,6.65,7.59,6.74,8.67,5549271.5,5088711.8,27784366.0,33816186.0,-7.61,299,-28.25,379,-51.85,394,-70.03,404,-50.05,-3.24,2026-11-11,False,https://www.tradingview.com/chart/?symbol=NYSE:BW&interval=D,False,False,False,False
CAPR,"Capricor Therapeutics, Inc.",NASDAQ,Pharmaceuticals: Major,7.83,8.83,7.64,8.49,10.3,4886383.8,3807494.033333333,29812678.0,33608750.0,-14.33,376,-13.77,268,-65.32,406,-75.17,407,-51.42,0.24,2026-11-17,False,https://www.tradingview.com/chart/?symbol=NASDAQ:CAPR&interval=D,False,False,False,False
LQDA,Liquidia Corporation,NASDAQ,Pharmaceuticals: Major,27.38,57.49,66.07,22.99,18.61,8460802.6,3626989.6333333333,99306976.0,208515030.0,2.59,118,-59.37,409,-66.03,408,-32.19,343,-52.53,-3.15,2026-11-10,False,https://www.tradingview.com/chart/?symbol=NASDAQ:LQDA&interval=D,False,False,False,False
ALHC,"Alignment Healthcare, Inc.",NASDAQ,Managed Health Care,7.54,10.12,11.52,7.79,10.49,11865656.5,11166454.466666667,84250899.0,113015686.0,-2.65,203,-44.11,405,-63.67,405,-64.73,400,-57.5,-3.29,2026-10-29,False,https://www.tradingview.com/chart/?symbol=NASDAQ:ALHC&interval=D,False,False,False,False
XNDU,Xanadu Quantum Technologies Limited,NASDAQ,Financial Conglomerates,3.9,6.97,8.48,10.52,13.25,8539047.1,6388170.233333333,24913864.0,44519158.0,-13.53,370,-59.59,410,-65.55,407,-51.13,387,-58.75,-4.08,2026-12-02,False,https://www.tradingview.com/chart/?symbol=NASDAQ:XNDU&interval=D,False,False,False,False
ALMS,Alumis Inc.,NASDAQ,Pharmaceuticals: Major,7.16,9.18,15.66,5.61,10.25,2208463.6,4159467.3666666667,29781786.0,38196389.0,-1.65,186,-31.74,392,-76.32,410,-68.92,403,-59.0,-5.3,2026-11-12,False,https://www.tradingview.com/chart/?symbol=NASDAQ:ALMS&interval=D,False,False,False,False
BIAF,"bioAffinity Technologies, Inc.",NASDAQ,Medical Specialties,4.72,7.67,7.32,17.43,31.84,3750649.4999999986,7428200.766666667,35098249.0,56996584.0,-22.03,403,-56.65,408,-59.92,404,-90.48,411,-69.02,-1.11,2026-11-18,False,https://www.tradingview.com/chart/?symbol=NASDAQ:BIAF&interval=D,False,False,False,False
JAGX,"Jaguar Health, Inc.",NASDAQ,Pharmaceuticals: Major,4.79,7.08,9.7,100.4,67.87,5601023.500000002,4305516.911111112,20623426.0,30500999.0,15.42,10,-24.88,361,-86.41,412,-97.63,412,-69.64,-0.75,2026-11-18,False,https://www.tradingview.com/chart/?symbol=NASDAQ:JAGX&interval=D,True,False,False,False
XHLD,"TEN Holdings, Inc.",NASDAQ,Miscellaneous Commercial Services,0.48,7.08,6.28,290.0,246.66,19834564.2,9087532.433333334,4404727.0,64305437.0,-6.79,283,-94.94,414,-75.4,409,-66.57,401,-78.97,-0.37,2026-11-16,False,https://www.tradingview.com/chart/?symbol=NASDAQ:XHLD&interval=D,False,False,False,False
CTVA,"Corteva, Inc.",NYSE,Agricultural Commodities/Milling,13.24,66.47,71.3,12.18,35.57,51381134.5,20426588.8,270448036.0,1357741740.0,6.9,54,-84.68,411,-84.24,411,-84.17,409,-84.36,-2.29,2026-11-11,False,https://www.tradingview.com/chart/?symbol=NYSE:CTVA&interval=D,False,False,False,False
RETO,"ReTo Eco-Solutions, Inc.",NASDAQ,Other Metals/Minerals,1.32,10.77,21.89,33.76,889.24,5708891.954999999,3961898.7083333335,5229706.0,42680478.0,-31.78,410,-88.0,412,-97.5,413,-97.8,413,-94.43,-0.11,,False,https://www.tradingview.com/chart/?symbol=NASDAQ:RETO&interval=D,False,False,False,False
NIVF,NewGenIvf Group Limited,NASDAQ,Financial Conglomerates,0.07,0.68,1.1,137.68,186.54,153508991.2,51620757.833333336,3721857.0,35015392.0,-55.63,414,-93.39,413,-98.14,414,-99.61,414,-97.05,-0.5,2027-03-03,False,https://www.tradingview.com/chart/?symbol=NASDAQ:NIVF&interval=D,False,False,False,False
CTNT,Cheetah Net Supply Chain Service Inc.,NASDAQ,Engineering & Construction,2.64,66.85,141.21,20.3,340.75,1050795.8000000003,1171790.1052482624,3093526.0,78330732.0,6.45,57,-98.58,415,-99.05,415,-99.99,415,-99.21,-0.29,2026-11-06,False,https://www.tradingview.com/chart/?symbol=NASDAQ:CTNT&interval=D,False,False,False,False
