name,description,exchange,industry,close,SMA30,SMA50,ADRP,ATRP,average_volume_10d_calc,average_volume_30d_calc,dollar_volume_30d,average_dollar_volume_30d,Perf.W,perf_1w_rank,Perf.1M,perf_1m_rank,Perf.3M,perf_3m_rank,Perf.6M,perf_6m_rank,momentum_score,atr_extension_from_50d,earnings_date,earnings_soon,tradingview_url,is_top_1w,is_top_1m,is_top_3m,is_top_6m
QMCO,Quantum Corporation,NASDAQ,Computer Peripherals,33.47,26.52,22.7,8.78,7.77,2667557.9,1571377.8666666667,52594017.0,41678965.0,3.56,135,36.78,26,238.42,3,462.52,2,245.91,6.1,2026-11-13,False,https://www.tradingview.com/chart/?symbol=NASDAQ:QMCO&interval=D,False,False,True,True
CYPH,Cypherpunk Technologies Inc.,NASDAQ,Financial Conglomerates,3.26,2.71,1.95,15.74,13.66,17991088.9,16780144.633333337,54703272.0,45541313.0,-2.4,253,46.85,14,373.7,2,302.97,3,241.17,4.92,2026-11-16,False,https://www.tradingview.com/chart/?symbol=NASDAQ:CYPH&interval=D,False,True,True,True
USDE,StablecoinX Inc.,NASDAQ,Packaged Software,14.33,10.37,7.34,13.07,12.03,4140946.8,5602669.866666666,80286259.0,58102488.0,-10.99,368,82.08,7,579.15,1,43.3,123,234.84,7.91,,False,https://www.tradingview.com/chart/?symbol=NASDAQ:USDE&interval=D,False,True,True,False
MXL,"MaxLinear, Inc",NASDAQ,Semiconductors,109.3,77.22,74.21,6.04,6.16,3136728.7,2767516.5,302489553.0,213698399.0,17.53,9,81.52,8,29.2,76,468.97,1,193.23,7.67,2026-10-22,False,https://www.tradingview.com/chart/?symbol=NASDAQ:MXL&interval=D,True,True,False,True
SDEV,Stablecoin Development Corporation,AMEX,Pharmaceuticals: Major,3.25,1.61,1.39,36.72,35.77,66919198.2,22776341.9,74023111.0,36637872.0,98.17,1,269.32,1,155.91,4,91.18,55,172.13,3.75,2026-11-05,False,https://www.tradingview.com/chart/?symbol=AMEX:SDEV&interval=D,True,True,True,False
CDNA,"CareDx, Inc.",NASDAQ,Medical Specialties,63.79,55.71,51.46,5.92,5.42,1811455.5,1374615.3333333333,87686712.0,76586235.0,-1.47,233,28.48,37,128.47,6,258.57,4,138.51,4.42,2026-11-10,False,https://www.tradingview.com/chart/?symbol=NASDAQ:CDNA&interval=D,False,False,True,True
ASST,"Strive, Inc.",NASDAQ,Financial Conglomerates,29.75,27.36,21.71,5.79,6.0,6699858.999999999,9733735.866666667,289578642.0,266353948.0,-1.0,223,18.15,63,145.46,5,200.2,11,121.27,6.17,2026-11-13,False,https://www.tradingview.com/chart/?symbol=NASDAQ:ASST&interval=D,False,False,True,True
GRAL,"GRAIL, Inc.",NASDAQ,Medical Specialties,137.28,98.15,87.13,9.17,7.9,1743805.9,1246133.4666666666,171069202.0,122312154.0,3.41,141,71.77,9,107.34,8,169.65,18,116.25,7.29,2026-11-18,False,https://www.tradingview.com/chart/?symbol=NASDAQ:GRAL&interval=D,False,True,True,True
TEAM,Atlassian Corporation,NASDAQ,Packaged Software,193.98,186.52,167.77,4.31,4.73,2614431.7,3372365.3333333335,654171427.0,629025385.0,9.14,58,2.25,146,125.56,7,212.52,8,113.44,3.3,2026-11-05,False,https://www.tradingview.com/chart/?symbol=NASDAQ:TEAM&interval=D,False,False,True,True
NCPL,Netcapital Inc.,NASDAQ,Miscellaneous Commercial Services,1.09,0.84,0.64,29.17,24.71,14354688.4,42152516.333333336,45946243.0,35246529.0,-18.66,398,45.33,16,100.0,9,171.82,16,105.72,2.87,2026-12-21,False,https://www.tradingview.com/chart/?symbol=NASDAQ:NCPL&interval=D,False,True,True,True
P,"Everpure, Inc.",NYSE,Computer Peripherals,147.2,110.19,104.89,4.3,4.25,5233936.7,6428688.433333334,946302937.0,708398607.0,13.0,30,50.2,12,91.17,12,135.67,25,92.35,9.5,2026-12-02,False,https://www.tradingview.com/chart/?symbol=NYSE:P&interval=D,False,True,True,False
HPE,Hewlett Packard Enterprise Company,NYSE,Computer Processing Hardware,70.48,59.04,56.59,4.61,5.12,19013854.2,24604531.66666669,1734127392.0,1452577736.0,11.0,40,30.88,34,62.73,28,182.48,15,92.03,4.8,2026-12-03,False,https://www.tradingview.com/chart/?symbol=NYSE:HPE&interval=D,False,False,False,True
SDGR,"Schrodinger, Inc.",NASDAQ,Packaged Software,28.9,24.91,21.93,9.15,7.49,3243253.3,2401377.7333333334,69399816.0,59830326.0,-1.37,230,40.43,21,80.85,17,151.74,20,91.01,4.24,2026-11-11,False,https://www.tradingview.com/chart/?symbol=NASDAQ:SDGR&interval=D,False,True,True,True
OKTA,"Okta, Inc.",NASDAQ,Packaged Software,218.67,184.52,167.97,4.39,4.32,3607660.4,4361616.566666666,953754695.0,804798946.0,7.43,90,29.87,35,49.47,41,188.56,13,89.3,6.99,2026-12-08,False,https://www.tradingview.com/chart/?symbol=NASDAQ:OKTA&interval=D,False,False,False,True
FCEL,"FuelCell Energy, Inc.",NASDAQ,Electronic Equipment/Instruments,20.65,17.02,18.47,5.74,7.59,5654381.299999999,6506960.166666662,134368727.0,110733279.0,17.9,8,42.22,18,-2.5,193,222.91,7,87.54,1.55,2026-12-17,False,https://www.tradingview.com/chart/?symbol=NASDAQ:FCEL&interval=D,True,True,False,True
DELL,Dell Technologies Inc.,NYSE,Computer Processing Hardware,574.0,527.42,494.19,4.12,4.98,6424604.299999999,9269111.766666668,5320470154.0,4888724197.0,4.23,125,11.72,89,35.74,63,207.0,10,84.82,3.25,2026-12-01,False,https://www.tradingview.com/chart/?symbol=NYSE:DELL&interval=D,False,False,False,True
BAND,Bandwidth Inc.,NASDAQ,Packaged Software,60.09,53.67,51.43,7.21,7.33,856360.3,885436.3666666667,53205871.0,47517385.0,-1.7,238,27.34,42,-9.39,240,234.2,6,84.05,2.3,2026-10-29,False,https://www.tradingview.com/chart/?symbol=NASDAQ:BAND&interval=D,False,False,False,True
ALAB,"Astera Labs, Inc.",NASDAQ,Semiconductors,389.8,315.51,312.22,5.47,5.89,3778249.7,3841741.3666666667,1497510785.0,1212102696.0,10.68,42,36.29,27,2.39,170,209.64,9,82.77,4.22,2026-11-10,False,https://www.tradingview.com/chart/?symbol=NASDAQ:ALAB&interval=D,False,False,False,True
LIFE,Ethos Technologies Inc.,NASDAQ,Packaged Software,35.05,36.95,34.05,7.89,7.53,1690552.7,1617481.1,56692713.0,59771318.0,2.37,158,-7.18,237,84.47,15,170.45,17,82.58,0.39,2026-12-02,False,https://www.tradingview.com/chart/?symbol=NASDAQ:LIFE&interval=D,False,False,True,True
APPS,"Digital Turbine, Inc.",NASDAQ,Packaged Software,10.49,11.13,11.2,8.34,8.15,3387585.2,2925266.933333333,30686050.0,32569922.0,-6.51,318,-2.42,192,4.69,157,242.81,5,81.69,-0.78,2026-11-11,False,https://www.tradingview.com/chart/?symbol=NASDAQ:APPS&interval=D,False,False,False,True
PLSE,"Pulse Biosciences, Inc",NASDAQ,Medical Specialties,49.75,51.39,47.64,6.17,6.8,520244.0,615959.4333333333,30643982.0,31652718.0,-4.77,289,-7.32,241,79.28,19,165.76,19,79.24,0.65,2026-11-16,False,https://www.tradingview.com/chart/?symbol=NASDAQ:PLSE&interval=D,False,False,True,True
SMTC,Semtech Corporation,NASDAQ,Semiconductors,197.2,162.95,148.81,4.93,5.55,2918553.8,3605656.066666667,711035376.0,587538651.0,10.33,46,42.17,19,57.39,30,126.64,28,75.4,5.86,2026-12-02,False,https://www.tradingview.com/chart/?symbol=NASDAQ:SMTC&interval=D,False,True,False,False
CORT,Corcept Therapeutics Incorporated,NASDAQ,Pharmaceuticals: Major,119.57,114.97,114.1,4.99,4.53,925851.8,1464091.4333333333,175061413.0,168321712.0,3.15,144,8.12,107,28.9,77,186.53,14,74.52,1.06,2026-11-04,False,https://www.tradingview.com/chart/?symbol=NASDAQ:CORT&interval=D,False,False,False,True
NTSK,"Netskope, Inc.",NASDAQ,Packaged Software,19.64,16.4,15.53,4.56,5.17,5912861.6,6954912.633333334,136594484.0,114076795.0,10.21,47,38.8,23,66.72,22,112.78,37,72.77,5.12,2026-12-11,False,https://www.tradingview.com/chart/?symbol=NASDAQ:NTSK&interval=D,False,False,False,False
PENG,"Penguin Solutions, Inc.",NASDAQ,Semiconductors,64.21,52.69,53.64,4.81,5.71,3173057.9,1995031.5666666667,128100977.0,105108903.0,13.65,25,28.39,38,-5.36,213,192.66,12,71.9,3.45,2027-01-05,False,https://www.tradingview.com/chart/?symbol=NASDAQ:PENG&interval=D,False,False,False,True
COHU,"Cohu, Inc.",NASDAQ,Semiconductors,73.1,57.69,55.56,4.11,4.84,955425.1,996148.5666666667,72818460.0,57465985.0,8.22,74,55.04,11,45.73,45,112.25,38,71.01,6.53,2026-10-29,False,https://www.tradingview.com/chart/?symbol=NASDAQ:COHU&interval=D,False,True,False,False
AMC,"AMC Entertainment Holdings, Inc.",NYSE,Movies/Entertainment,2.95,2.73,2.67,7.33,6.87,29215682.500000037,27498965.133333337,81121947.0,74962179.0,-11.14,371,12.17,85,75.6,21,121.8,31,69.86,1.51,2026-11-11,False,https://www.tradingview.com/chart/?symbol=NYSE:AMC&interval=D,False,False,True,False
MRVL,"Marvell Technology, Inc.",NASDAQ,Semiconductors,287.01,242.09,230.22,4.23,5.02,18461626.3,20880033.766666666,5992778491.0,5054864775.0,11.01,39,35.6,29,27.47,80,141.28,23,68.12,4.91,2026-11-26,False,https://www.tradingview.com/chart/?symbol=NASDAQ:MRVL&interval=D,False,False,False,False
RNG,"RingCentral, Inc.",NYSE,Packaged Software,77.26,73.51,69.02,4.33,4.31,1539899.7,1536550.3,118713876.0,112958471.0,2.43,157,2.53,143,93.01,11,108.3,41,67.95,2.77,2026-11-09,False,https://www.tradingview.com/chart/?symbol=NYSE:RNG&interval=D,False,False,True,False
CVI,CVR Energy Inc.,NYSE,Oil Refining/Marketing,57.42,48.82,43.24,4.79,4.79,1009100.2,1132465.5,65026169.0,55291496.0,14.95,16,33.88,31,94.25,10,75.06,66,67.73,6.84,2026-11-02,False,https://www.tradingview.com/chart/?symbol=NYSE:CVI&interval=D,True,False,True,False
PURR,Hyperliquid Strategies Inc,NASDAQ,Financial Conglomerates,12.5,12.32,10.33,7.11,8.14,17915732.0,24623576.833333332,307794710.0,303465065.0,0.24,198,0.93,159,58.43,29,137.64,24,65.67,2.58,2026-12-02,False,https://www.tradingview.com/chart/?symbol=NASDAQ:PURR&interval=D,False,False,False,False
ILMN,"Illumina, Inc.",NASDAQ,Medical Specialties,273.54,238.14,222.56,5.55,5.11,3235438.2,3546295.166666667,970053580.0,844507638.0,0.16,201,26.21,43,43.73,49,117.04,34,62.33,4.48,2026-10-29,False,https://www.tradingview.com/chart/?symbol=NASDAQ:ILMN&interval=D,False,False,False,False
XMTR,"Xometry, Inc.",NASDAQ,Information Technology Services,110.66,95.93,92.82,5.02,4.77,888172.5,771585.6333333333,85383666.0,74021682.0,6.4,99,17.17,66,19.04,103,149.57,22,61.93,4.03,2026-11-05,False,https://www.tradingview.com/chart/?symbol=NASDAQ:XMTR&interval=D,False,False,False,False
HTFL,"Heartflow, Inc.",NASDAQ,Packaged Software,50.69,49.23,43.14,4.98,5.14,1752060.1,1951858.7666666666,98939721.0,96082200.0,1.38,182,1.91,150,85.61,14,87.81,58,58.44,3.4,2026-11-18,False,https://www.tradingview.com/chart/?symbol=NASDAQ:HTFL&interval=D,False,False,True,False
MEDS,"DataMeds AI, Inc.",NASDAQ,Medical Distributors,3.07,2.46,2.32,29.09,30.63,7416504.1,12258544.4,37633731.0,30180618.0,-21.28,399,214.87,2,5.5,154,-48.75,379,57.21,1.05,,False,https://www.tradingview.com/chart/?symbol=NASDAQ:MEDS&interval=D,False,True,False,False
TWLO,Twilio Inc.,NYSE,Packaged Software,280.41,255.82,241.09,6.12,5.53,6665922.4,3539648.1666666665,992552742.0,905529312.0,-1.86,241,17.07,67,34.57,66,118.22,33,56.62,2.95,2026-10-29,False,https://www.tradingview.com/chart/?symbol=NYSE:TWLO&interval=D,False,False,False,False
PBF,PBF Energy Inc.,NYSE,Oil Refining/Marketing,82.88,75.0,72.53,5.49,5.55,3169867.7,3583933.8333333335,297036436.0,268797427.0,13.52,27,11.25,91,65.66,24,92.12,54,56.34,2.57,2026-10-29,False,https://www.tradingview.com/chart/?symbol=NYSE:PBF&interval=D,False,False,False,False
FIVN,"Five9, Inc.",NASDAQ,Packaged Software,33.29,33.9,32.74,6.45,5.9,2250951.7,2182788.2333333334,72665020.0,73996885.0,-3.56,271,-0.6,177,37.73,60,131.66,27,56.26,0.28,2026-11-09,False,https://www.tradingview.com/chart/?symbol=NASDAQ:FIVN&interval=D,False,False,False,False
ZETA,Zeta Global Holdings Corp.,NYSE,Packaged Software,32.95,30.66,28.96,4.46,4.48,6224184.5,6614648.266666667,217952660.0,202802911.0,13.43,28,0.92,160,55.06,34,111.62,40,55.87,3.07,2026-11-10,False,https://www.tradingview.com/chart/?symbol=NYSE:ZETA&interval=D,False,False,False,False
U,Unity Software Inc.,NYSE,Packaged Software,44.95,42.62,41.96,4.79,4.63,12547002.7,9901127.633333333,445055687.0,421982759.0,12.63,31,8.42,106,55.59,32,103.58,44,55.86,1.54,2026-11-11,False,https://www.tradingview.com/chart/?symbol=NYSE:U&interval=D,False,False,False,False
SMCI,"Super Micro Computer, Inc.",NASDAQ,Computer Processing Hardware,43.46,39.68,37.05,4.57,5.01,33269940.2,36345539.0,1579577125.0,1442021375.0,2.02,168,13.89,80,66.26,23,85.81,61,55.32,3.45,2026-11-03,False,https://www.tradingview.com/chart/?symbol=NASDAQ:SMCI&interval=D,False,False,False,False
S,"SentinelOne, Inc.",NYSE,Packaged Software,25.8,22.31,21.81,4.04,4.19,8415556.2,9351004.733333332,241255922.0,208661437.0,13.41,29,29.06,36,43.33,50,92.97,52,55.12,4.37,2026-12-08,False,https://www.tradingview.com/chart/?symbol=NYSE:S&interval=D,False,False,False,False
BB,BlackBerry Limited,NYSE,Packaged Software,9.58,8.25,8.36,5.76,5.21,25707048.6,15898281.933333341,152305541.0,131160826.0,8.13,75,24.9,47,-12.11,256,150.79,21,54.53,2.79,2026-12-17,False,https://www.tradingview.com/chart/?symbol=NYSE:BB&interval=D,False,False,False,True
AZTA,"Azenta, Inc.",NASDAQ,Medical/Nursing Services,39.35,33.6,33.07,5.35,5.59,1418315.9,1032261.9333333333,40619507.0,34684689.0,15.02,15,28.34,39,55.35,33,77.65,65,53.78,3.4,2026-11-17,False,https://www.tradingview.com/chart/?symbol=NASDAQ:AZTA&interval=D,True,False,False,False
DINO,HF Sinclair Corporation,NYSE,Oil Refining/Marketing,114.6,107.23,100.38,4.29,3.97,2475310.2,2635936.3,302078300.0,282663750.0,10.02,52,9.0,104,51.77,40,97.38,50,52.72,3.57,2026-10-28,False,https://www.tradingview.com/chart/?symbol=NYSE:DINO&interval=D,False,False,False,False
SECZ,Securitize Corp.,NYSE,Packaged Software,12.7,10.28,8.84,13.85,11.21,5275022.1,3945108.066666667,50102872.0,40568861.0,-23.45,400,84.06,6,56.79,31,16.84,189,52.56,3.89,2026-11-13,False,https://www.tradingview.com/chart/?symbol=NYSE:SECZ&interval=D,False,True,False,False
VEEA,Veea Inc.,NASDAQ,Packaged Software,4.94,3.0,2.96,19.65,21.1,15419761.1,14125715.591666665,69781035.0,42309343.0,76.43,2,197.59,3,19.21,101,-59.51,391,52.43,3.18,,False,https://www.tradingview.com/chart/?symbol=NASDAQ:VEEA&interval=D,True,True,False,False
ATRC,"AtriCure, Inc.",NASDAQ,Medical Specialties,53.68,54.56,49.86,4.9,4.62,1279822.4,1390069.2,74618915.0,75843334.0,-8.36,345,3.17,139,64.46,26,87.86,57,51.83,1.66,2026-11-04,False,https://www.tradingview.com/chart/?symbol=NASDAQ:ATRC&interval=D,False,False,False,False
OUST,"Ouster, Inc.",NASDAQ,Semiconductors,44.91,37.7,39.31,5.62,5.9,2618861.8,2211036.466666667,99297648.0,83352390.0,6.85,96,25.59,45,5.08,155,123.54,29,51.4,2.41,2026-11-05,False,https://www.tradingview.com/chart/?symbol=NASDAQ:OUST&interval=D,False,False,False,False
VICR,Vicor Corporation,NASDAQ,Electronic Components,299.29,228.71,223.36,5.61,5.94,902285.1,847616.5666666667,253683162.0,193855842.0,1.92,173,64.48,10,20.18,97,66.83,81,50.5,5.73,2026-10-27,False,https://www.tradingview.com/chart/?symbol=NASDAQ:VICR&interval=D,False,True,False,False
GPRO,"GoPro, Inc.",NASDAQ,Electronics/Appliances,1.32,1.24,1.01,5.68,8.44,10150185.9,65733025.46666667,86767594.0,81665615.0,-1.49,234,-10.81,268,88.57,13,72.91,72,50.22,3.59,2026-11-05,False,https://www.tradingview.com/chart/?symbol=NASDAQ:GPRO&interval=D,False,False,True,False
BFLY,"Butterfly Network, Inc.",NYSE,Medical Specialties,8.7,8.32,8.46,8.6,8.23,5648590.3,5377179.0,46781457.0,44761430.0,-10.22,363,19.51,59,18.85,105,112.2,39,50.18,0.35,2026-10-29,False,https://www.tradingview.com/chart/?symbol=NYSE:BFLY&interval=D,False,False,False,False
NBIS,Nebius Group N.V.,NASDAQ,Packaged Software,249.87,225.23,220.99,6.08,6.56,14804687.0,14827316.4,3704901549.0,3339539174.0,6.25,102,18.88,60,29.69,74,99.9,48,49.49,1.99,2026-10-22,False,https://www.tradingview.com/chart/?symbol=NASDAQ:NBIS&interval=D,False,False,False,False
ETON,"Eton Pharmaceuticals, Inc.",NASDAQ,Pharmaceuticals: Major,54.77,57.89,55.12,6.43,6.25,756330.4,571368.8666666667,31293873.0,33076068.0,-6.97,323,-8.52,254,47.51,44,107.7,42,48.9,-0.1,2026-11-05,False,https://www.tradingview.com/chart/?symbol=NASDAQ:ETON&interval=D,False,False,False,False
AXTI,AXT Inc,NASDAQ,Electronic Production Equipment,84.06,69.59,69.74,7.17,8.01,7133411.3,8141698.333333333,684391162.0,566572645.0,9.68,55,45.71,15,43.03,51,56.25,99,48.33,2.56,2026-10-29,False,https://www.tradingview.com/chart/?symbol=NASDAQ:AXTI&interval=D,False,True,False,False
VLO,Valero Energy Corporation,NYSE,Oil Refining/Marketing,419.22,383.57,359.71,4.14,3.7,3309483.9999999763,3445855.733333337,1444571641.0,1321718843.0,9.87,53,13.76,81,54.12,37,74.61,68,47.5,4.47,2026-10-22,False,https://www.tradingview.com/chart/?symbol=NYSE:VLO&interval=D,False,False,False,False
SBET,"Sharplink, Inc.",NASDAQ,Advertising/Marketing Services,9.5,9.0,8.03,5.57,5.99,6402896.4,8429241.133333359,80077791.0,75832263.0,-3.26,268,10.47,95,79.92,18,49.37,112,46.59,3.06,2026-11-12,False,https://www.tradingview.com/chart/?symbol=NASDAQ:SBET&interval=D,False,False,True,False
BE,Bloom Energy Corporation,NYSE,Electronic Production Equipment,295.78,258.79,240.34,6.24,6.68,14244644.5,15710604.5,4646882599.0,4065726391.0,8.42,70,24.9,48,12.64,123,101.38,47,46.3,3.45,2026-10-29,False,https://www.tradingview.com/chart/?symbol=NYSE:BE&interval=D,False,False,False,False
TENB,"Tenable Holdings, Inc.",NASDAQ,Packaged Software,39.47,35.45,35.4,4.53,5.1,2978255.4,5083359.266666667,200614773.0,180183905.0,14.92,17,16.35,70,0.34,179,122.21,30,46.3,2.25,2026-11-04,False,https://www.tradingview.com/chart/?symbol=NASDAQ:TENB&interval=D,True,False,False,False
ZS,"Zscaler, Inc.",NASDAQ,Packaged Software,212.25,189.05,181.58,4.19,4.56,2928351.4,3459086.8666666667,734191187.0,653932301.0,7.19,92,27.75,40,44.96,46,59.47,94,44.06,3.71,2026-12-01,False,https://www.tradingview.com/chart/?symbol=NASDAQ:ZS&interval=D,False,False,False,False
MGNI,"Magnite, Inc.",NASDAQ,Packaged Software,24.84,24.25,23.62,4.23,4.18,2111768.3999999994,2248291.733333331,55847567.0,54527070.0,1.47,179,1.64,152,23.63,89,105.29,43,43.52,1.24,2026-11-04,False,https://www.tradingview.com/chart/?symbol=NASDAQ:MGNI&interval=D,False,False,False,False
OSCR,"Oscar Health, Inc.",NYSE,Managed Health Care,32.34,31.23,30.93,4.78,4.95,4689431.9,5146344.2,166432771.0,160727191.0,8.78,64,0.47,163,4.69,156,121.66,32,42.27,0.92,2026-11-10,False,https://www.tradingview.com/chart/?symbol=NYSE:OSCR&interval=D,False,False,False,False
CRDO,Credo Technology Group Holding Ltd,NASDAQ,Information Technology Services,220.83,191.55,208.3,5.62,6.56,8265704.7,8722826.866666667,1926261857.0,1670822595.0,13.56,26,36.23,28,-8.79,235,99.34,49,42.26,0.92,2026-12-02,False,https://www.tradingview.com/chart/?symbol=NASDAQ:CRDO&interval=D,False,False,False,False
NET,"Cloudflare, Inc.",NYSE,Information Technology Services,355.01,322.87,311.46,4.67,4.54,2820441.2,3078640.8333333335,1092948282.0,994014107.0,0.88,189,25.78,44,32.52,70,68.25,78,42.18,3.08,2026-10-29,False,https://www.tradingview.com/chart/?symbol=NYSE:NET&interval=D,False,False,False,False
FROG,JFrog Ltd.,NASDAQ,Packaged Software,98.51,92.91,90.44,4.71,5.01,1445664.0,1804647.8333333333,177775858.0,167668026.0,11.01,38,9.76,99,3.77,165,112.99,36,42.18,1.78,2026-11-04,False,https://www.tradingview.com/chart/?symbol=NASDAQ:FROG&interval=D,False,False,False,False
MSTR,Strategy Inc,NASDAQ,Internet Software/Services,164.55,144.12,126.38,5.01,5.38,18950425.7,24068701.6,3960504848.0,3468813366.0,1.81,174,19.8,58,75.65,20,28.73,148,41.39,5.61,2026-11-04,False,https://www.tradingview.com/chart/?symbol=NASDAQ:MSTR&interval=D,False,False,True,False
SITM,SiTime Corporation,NASDAQ,Semiconductors,711.06,615.85,617.23,4.45,5.26,373605.2,415816.26666666666,295670315.0,256081903.0,5.69,108,21.05,54,21.54,93,80.06,64,40.88,2.89,2026-11-04,False,https://www.tradingview.com/chart/?symbol=NASDAQ:SITM&interval=D,False,False,False,False
DK,"Delek US Holdings, Inc.",NYSE,Oil Refining/Marketing,75.67,73.32,70.06,5.14,5.28,2601637.1,2473247.3333333335,187150626.0,181338494.0,13.86,21,5.83,121,41.36,52,74.92,67,40.7,1.51,2026-11-11,False,https://www.tradingview.com/chart/?symbol=NYSE:DK&interval=D,True,False,False,False
AYA,Aya Gold & Silver Inc.,NASDAQ,Precious Metals,27.51,28.0,26.7,4.24,5.23,1037558.0,1285747.2333333334,35370906.0,36000065.0,2.76,150,-4.45,206,52.58,39,73.13,71,40.42,0.58,2026-11-17,False,https://www.tradingview.com/chart/?symbol=NASDAQ:AYA&interval=D,False,False,False,False
LITE,Lumentum Holdings Inc.,NASDAQ,Electrical Products,1133.4,941.23,894.03,5.18,5.68,4486540.9,4457937.033333333,5052625834.0,4195958191.0,19.94,6,31.58,33,64.52,25,24.28,169,40.13,4.71,2026-11-05,False,https://www.tradingview.com/chart/?symbol=NASDAQ:LITE&interval=D,True,False,False,False
SG,"Sweetgreen, Inc.",NYSE,Restaurants,9.14,7.49,6.94,4.67,4.92,5657818.3,5108774.8,46694202.0,38264723.0,8.94,62,37.44,25,21.7,92,59.79,93,39.65,6.43,2026-11-05,False,https://www.tradingview.com/chart/?symbol=NYSE:SG&interval=D,False,False,False,False
INTC,Intel Corporation,NASDAQ,Semiconductors,112.5,105.96,101.77,4.98,5.34,98082122.3,101686836.76666667,11439769136.0,10774974493.0,-3.6,273,21.69,52,3.88,161,92.64,53,39.4,1.97,2026-10-22,False,https://www.tradingview.com/chart/?symbol=NASDAQ:INTC&interval=D,False,False,False,False
CLMT,"Calumet, Inc",NASDAQ,Oil Refining/Marketing,56.21,53.94,50.47,4.31,4.22,1583820.7,1441279.8,81014338.0,77741191.0,9.08,60,5.3,124,49.14,42,62.04,88,38.82,2.69,2026-11-06,False,https://www.tradingview.com/chart/?symbol=NASDAQ:CLMT&interval=D,False,False,False,False
CBRL,"Cracker Barrel Old Country Store, Inc.",NASDAQ,Restaurants,56.32,51.72,53.93,4.59,4.59,1227196.2,1043247.7,58755710.0,53955032.0,4.18,126,4.39,130,14.85,115,96.31,51,38.51,0.97,2026-11-27,False,https://www.tradingview.com/chart/?symbol=NASDAQ:CBRL&interval=D,False,False,False,False
CRL,"Charles River Laboratories International, Inc.",NYSE,Miscellaneous Commercial Services,304.96,287.38,279.36,4.06,3.95,1088339.4,971941.6666666666,296403331.0,279315948.0,3.48,139,5.78,122,34.92,64,74.26,70,38.32,2.32,2026-11-11,False,https://www.tradingview.com/chart/?symbol=NYSE:CRL&interval=D,False,False,False,False
NEO,"NeoGenomics, Inc.",NASDAQ,Medical/Nursing Services,16.5,18.28,17.38,6.42,6.41,2627646.3,2195187.6333333333,36231572.0,40132786.0,-14.48,389,-4.04,203,15.95,112,101.53,46,37.81,-0.78,2026-11-10,False,https://www.tradingview.com/chart/?symbol=NASDAQ:NEO&interval=D,False,False,False,False
SNDK,Sandisk Corporation,NASDAQ,Computer Peripherals,1660.46,1659.86,1552.66,5.24,5.74,7241895.3,9637042.2,16001923091.0,15996110349.0,-4.79,291,4.69,127,4.31,160,103.22,45,37.41,1.21,2026-10-29,False,https://www.tradingview.com/chart/?symbol=NASDAQ:SNDK&interval=D,False,False,False,False
APPN,Appian Corporation,NASDAQ,Packaged Software,37.25,37.8,35.93,4.99,5.43,712876.8,887219.3,33048919.0,33536890.0,7.44,89,-7.06,234,54.12,38,63.23,86,36.76,0.67,2026-10-29,False,https://www.tradingview.com/chart/?symbol=NASDAQ:APPN&interval=D,False,False,False,False
BMNR,"BitMine Immersion Technologies, Inc.",NYSE,Financial Conglomerates,26.2,25.62,22.91,5.28,6.04,31453856.1,41025009.8,1074855257.0,1051115451.0,-5.79,304,3.41,136,82.64,16,23.64,171,36.57,2.38,2026-11-20,False,https://www.tradingview.com/chart/?symbol=NYSE:BMNR&interval=D,False,False,True,False
AMBQ,"Ambiq Micro, Inc.",NYSE,Semiconductors,63.24,63.18,63.11,6.21,6.34,455922.6,546110.2,34536009.0,34504153.0,-8.94,350,9.66,100,-16.83,281,116.21,35,36.34,0.03,2026-11-05,False,https://www.tradingview.com/chart/?symbol=NYSE:AMBQ&interval=D,False,False,False,False
AMLX,"Amylyx Pharmaceuticals, Inc.",NASDAQ,Pharmaceuticals: Major,28.04,32.26,29.69,4.87,5.5,1253215.0,1562391.2,43809449.0,50406646.0,-6.13,314,-16.0,317,54.49,36,69.32,74,35.94,-1.01,2026-11-05,False,https://www.tradingview.com/chart/?symbol=NASDAQ:AMLX&interval=D,False,False,False,False
HPQ,HP Inc.,NYSE,Information Technology Services,31.73,31.99,30.8,4.02,4.21,12266639.299999993,16337386.800000101,518385283.0,522714691.0,1.37,183,-0.69,179,38.68,58,68.51,77,35.5,0.72,2026-12-01,False,https://www.tradingview.com/chart/?symbol=NYSE:HPQ&interval=D,False,False,False,False
AEHR,Aehr Test Systems,NASDAQ,Electronic Production Equipment,92.14,92.19,97.04,8.45,9.68,2326372.8,2620769.9,241477739.0,241605283.0,-9.62,354,18.1,64,40.94,53,47.45,114,35.5,-0.52,2026-10-06,False,https://www.tradingview.com/chart/?symbol=NASDAQ:AEHR&interval=D,False,False,False,False
MAN,ManpowerGroup,NYSE,Personnel Services,51.87,58.18,57.63,4.56,4.72,986532.8,831691.2333333333,43139824.0,48385578.0,-7.36,331,-14.66,306,31.78,71,88.41,56,35.18,-2.12,2026-10-15,False,https://www.tradingview.com/chart/?symbol=NYSE:MAN&interval=D,False,False,False,False
GLND,Greenland Energy Company,NASDAQ,Financial Conglomerates,3.0,2.39,2.15,30.06,23.59,41255894.4,23811207.533333335,71433623.0,56992125.0,-25.37,402,127.27,4,40.85,54,-63.86,395,34.75,1.68,2026-12-02,False,https://www.tradingview.com/chart/?symbol=NASDAQ:GLND&interval=D,False,True,False,False
NUAI,"New Era Energy & Digital, Inc.",NASDAQ,Engineering & Construction,5.86,5.96,5.61,10.03,9.93,7657327.4,7553578.466666667,44263970.0,45052060.0,-17.29,395,12.69,84,34.71,65,56.27,98,34.56,0.46,2026-12-02,False,https://www.tradingview.com/chart/?symbol=NASDAQ:NUAI&interval=D,False,False,False,False
SWKS,"Skyworks Solutions, Inc.",NASDAQ,Semiconductors,82.79,80.65,75.09,5.25,5.47,8194794.4,8196530.1,678590727.0,661080207.0,-6.41,317,16.46,69,39.67,57,47.18,115,34.44,1.87,2026-10-29,False,https://www.tradingview.com/chart/?symbol=NASDAQ:SWKS&interval=D,False,False,False,False
SEI,"Solaris Energy Infrastructure, Inc.",NYSE,Oilfield Services/Equipment,79.7,63.7,60.77,4.34,5.12,2286788.1,2580281.3,205648420.0,164354458.0,12.25,32,48.97,13,21.46,94,30.96,141,33.8,6.09,2026-11-02,False,https://www.tradingview.com/chart/?symbol=NYSE:SEI&interval=D,False,True,False,False
GH,"Guardant Health, Inc.",NASDAQ,Medical Specialties,170.69,170.69,166.63,4.83,5.05,1888853.9,1854634.0,316567477.0,316571187.0,-3.44,270,6.68,114,7.16,147,85.88,60,33.24,0.48,2026-10-29,False,https://www.tradingview.com/chart/?symbol=NASDAQ:GH&interval=D,False,False,False,False
SLS,"SELLAS Life Sciences Group, Inc.",NASDAQ,Pharmaceuticals: Major,11.34,12.5,12.33,6.36,7.58,4721049.0,6496696.066666666,73672533.0,81232522.0,-1.39,231,-16.06,318,-20.7,312,134.78,26,32.67,-1.06,2026-11-18,False,https://www.tradingview.com/chart/?symbol=NASDAQ:SLS&interval=D,False,False,False,False
AMRX,"Amneal Pharmaceuticals, Inc.",NASDAQ,Pharmaceuticals: Major,20.3,18.58,18.41,4.38,3.67,3235951.9,2630459.1333333333,53385168.0,48884453.0,-0.66,216,15.51,75,19.88,98,61.07,90,32.15,2.79,2026-10-29,False,https://www.tradingview.com/chart/?symbol=NASDAQ:AMRX&interval=D,False,False,False,False
FORM,"FormFactor, Inc.",NASDAQ,Semiconductors,141.3,118.34,117.01,4.47,5.17,2728199.3,1679097.1,237256420.0,198704071.0,6.63,97,41.81,20,33.3,69,19.34,182,31.48,4.01,2026-11-04,False,https://www.tradingview.com/chart/?symbol=NASDAQ:FORM&interval=D,False,True,False,False
GCT,GigaCloud Technology Inc,NASDAQ,Wholesale Distributors,54.76,52.21,50.78,4.42,4.42,567901.7,615059.4666666667,33680656.0,32112562.0,3.97,129,9.17,103,63.76,27,20.59,179,31.17,1.78,2026-11-26,False,https://www.tradingview.com/chart/?symbol=NASDAQ:GCT&interval=D,False,False,False,False
SAIL,"SailPoint, Inc.",NASDAQ,Packaged Software,19.91,19.73,19.08,5.7,5.87,5560976.2,5178773.2,103109374.0,102166838.0,-2.35,252,4.24,132,25.3,86,63.06,87,30.87,0.74,2026-12-15,False,https://www.tradingview.com/chart/?symbol=NASDAQ:SAIL&interval=D,False,False,False,False
SANM,Sanmina Corporation,NASDAQ,Electronic Production Equipment,228.07,207.28,202.7,4.09,4.4,642149.0,613391.2,139896131.0,127145364.0,1.96,172,15.77,73,12.72,122,64.04,83,30.84,2.84,2026-11-09,False,https://www.tradingview.com/chart/?symbol=NASDAQ:SANM&interval=D,False,False,False,False
VSXY,Victorias Secret & Co.,NYSE,Apparel/Footwear Retail,85.09,82.51,85.48,4.29,4.76,1498900.0,1998619.2,170062508.0,164902739.0,-5.22,296,15.56,74,9.17,141,66.88,80,30.54,-0.1,2026-12-02,False,https://www.tradingview.com/chart/?symbol=NYSE:VSXY&interval=D,False,False,False,False
MANE,"Veradermics, Incorporated",NYSE,Pharmaceuticals: Major,108.96,107.15,107.53,6.12,5.8,628979.6,700669.5666666667,76344956.0,75075576.0,-5.53,301,10.15,97,-6.51,220,87.41,59,30.35,0.23,2026-12-02,False,https://www.tradingview.com/chart/?symbol=NYSE:MANE&interval=D,False,False,False,False
NAT,Nordic American Tankers Limited,NYSE,Marine Shipping,8.22,7.55,7.16,4.19,4.08,4977746.5,5030367.566666666,41349621.0,37991013.0,6.2,104,15.77,72,38.38,59,36.54,134,30.23,3.61,2026-12-02,False,https://www.tradingview.com/chart/?symbol=NYSE:NAT&interval=D,False,False,False,False
ERO,Ero Copper Corp.,NYSE,Other Metals/Minerals,37.93,36.42,34.85,4.15,4.96,1250470.4,1396680.1333333333,52976077.0,50861969.0,-0.45,211,9.25,101,55.01,35,25.53,160,29.93,1.78,2026-11-02,False,https://www.tradingview.com/chart/?symbol=NYSE:ERO&interval=D,False,False,False,False
ASAN,"Asana, Inc.",NYSE,Packaged Software,9.29,9.28,9.17,6.41,6.45,6357649.0,7642289.033333333,70996865.0,70910253.0,8.02,78,6.29,117,26.91,82,56.4,97,29.87,0.21,2026-12-08,False,https://www.tradingview.com/chart/?symbol=NYSE:ASAN&interval=D,False,False,False,False
TEM,"Tempus AI, Inc.",NASDAQ,Packaged Software,71.98,71.61,63.97,8.75,8.37,7849904.2,7202720.066666666,518451790.0,515789185.0,-15.8,392,11.15,92,22.69,91,53.12,103,28.98,1.5,2026-11-10,False,https://www.tradingview.com/chart/?symbol=NASDAQ:TEM&interval=D,False,False,False,False
INOD,Innodata Inc.,NASDAQ,Data Processing Services,66.24,60.66,61.43,8.26,7.04,1836990.2,1394893.8,92397765.0,84614955.0,-1.97,243,20.41,56,-2.89,197,69.02,76,28.85,1.11,2026-11-05,False,https://www.tradingview.com/chart/?symbol=NASDAQ:INOD&interval=D,False,False,False,False
PARR,"Par Pacific Holdings, Inc. Common Stock",NYSE,Oil Refining/Marketing,86.91,81.27,79.93,4.97,5.13,886916.7000000015,925074.8333333337,80398254.0,75185457.0,13.8,22,7.64,109,35.97,62,41.04,127,28.22,1.7,2026-11-09,False,https://www.tradingview.com/chart/?symbol=NYSE:PARR&interval=D,False,False,False,False
INSP,"Inspire Medical Systems, Inc.",NYSE,Medical Specialties,68.2,68.22,63.98,5.48,5.18,852009.4,813687.5333333333,55493490.0,55506780.0,-2.26,251,11.8,88,40.18,56,28.68,149,26.89,1.27,2026-11-02,False,https://www.tradingview.com/chart/?symbol=NYSE:INSP&interval=D,False,False,False,False
RGEN,Repligen Corporation,NASDAQ,Pharmaceuticals: Major,174.86,178.4,171.69,5.03,5.05,1420096.1,1101925.4333333333,192682681.0,196587170.0,-10.79,367,4.54,128,27.01,81,47.67,113,26.41,0.37,2026-11-03,False,https://www.tradingview.com/chart/?symbol=NASDAQ:RGEN&interval=D,False,False,False,False
VIAV,Viavi Solutions Inc.,NASDAQ,Information Technology Services,48.14,38.34,38.65,4.74,5.08,6494022.8999999985,5155156.199999992,248169219.0,197662436.0,14.62,18,40.15,22,20.59,95,14.99,192,25.24,4.83,2026-10-29,False,https://www.tradingview.com/chart/?symbol=NASDAQ:VIAV&interval=D,True,False,False,False
UMAC,"Unusual Machines, Inc.",AMEX,Electronic Equipment/Instruments,22.36,23.63,24.44,6.96,7.97,2646806.4,2706104.3333333335,60508493.0,63942539.0,-7.3,328,-11.16,275,11.8,126,74.41,69,25.02,-1.07,2026-11-12,False,https://www.tradingview.com/chart/?symbol=AMEX:UMAC&interval=D,False,False,False,False
W,Wayfair Inc.,NYSE,Specialty Stores,105.45,101.3,101.07,4.44,4.7,2494105.5,2338050.2666666666,246547401.0,236849947.0,5.23,113,8.71,105,19.06,102,43.65,122,23.8,0.92,2026-11-04,False,https://www.tradingview.com/chart/?symbol=NYSE:W&interval=D,False,False,False,False
TSEM,Tower Semiconductor Ltd.,NASDAQ,Semiconductors,258.41,220.51,225.36,4.37,5.27,1719085.6,1799437.1333333333,464992550.0,396787584.0,11.94,34,22.67,50,22.95,90,24.92,165,23.51,2.78,2026-11-16,False,https://www.tradingview.com/chart/?symbol=NASDAQ:TSEM&interval=D,False,False,False,False
GEO,Geo Group Inc (The) REIT,NYSE,Miscellaneous Commercial Services,29.94,31.31,31.22,5.14,4.86,3100719.6,2552311.7,76416212.0,79903521.0,-0.8,217,-2.48,194,3.85,163,69.06,75,23.48,-0.84,2026-11-05,False,https://www.tradingview.com/chart/?symbol=NYSE:GEO&interval=D,False,False,False,False
DUOL,"Duolingo, Inc.",NASDAQ,Packaged Software,148.13,147.05,143.26,4.05,4.53,954624.7,1081852.0,160254737.0,159085615.0,10.18,48,-5.93,219,13.97,119,61.77,89,23.27,0.75,2026-11-11,False,https://www.tradingview.com/chart/?symbol=NASDAQ:DUOL&interval=D,False,False,False,False
IBRX,"ImmunityBio, Inc.",NASDAQ,Pharmaceuticals: Major,9.69,8.54,8.12,6.94,6.43,15211364.8,12011782.666666666,116394174.0,102558602.0,13.73,24,19.93,57,11.12,129,38.43,132,23.16,3.01,2026-11-05,False,https://www.tradingview.com/chart/?symbol=NASDAQ:IBRX&interval=D,False,False,False,False
CLF,Cleveland-Cliffs Inc.,NYSE,Steel,12.25,11.95,11.91,5.15,5.37,16880365.5,14049944.333333334,172111818.0,167920251.0,10.46,44,0.41,165,31.72,72,35.51,135,22.55,0.53,2026-10-19,False,https://www.tradingview.com/chart/?symbol=NYSE:CLF&interval=D,False,False,False,False
KSS,Kohl's Corporation,NYSE,Department Stores,19.63,17.93,18.36,4.41,4.64,4123090.6,4542574.3,89170734.0,81466527.0,8.04,77,1.97,149,19.77,99,45.73,116,22.49,1.49,2026-11-12,False,https://www.tradingview.com/chart/?symbol=NYSE:KSS&interval=D,False,False,False,False
BRKR,Bruker Corporation,NASDAQ,Medical Specialties,60.5,59.57,58.97,5.2,5.24,2330544.3,2250103.966666667,136131290.0,134049194.0,-4.89,292,1.99,148,4.62,158,60.39,91,22.33,0.49,2026-10-29,False,https://www.tradingview.com/chart/?symbol=NASDAQ:BRKR&interval=D,False,False,False,False
TGB,Trekor Metals Limited,AMEX,Other Metals/Minerals,8.81,8.71,8.48,5.02,5.48,5529371.8,5402974.366666666,47600204.0,47054504.0,-1.12,226,5.26,125,37.66,61,22.53,173,21.81,0.7,2026-11-04,False,https://www.tradingview.com/chart/?symbol=AMEX:TGB&interval=D,False,False,False,False
NEOG,Neogen Corporation,NASDAQ,Medical Specialties,11.96,12.41,12.02,5.68,5.25,5897028.4,3788550.466666667,45311064.0,47021594.0,-12.95,385,4.27,131,28.46,78,30.0,146,20.91,-0.1,2027-01-14,False,https://www.tradingview.com/chart/?symbol=NASDAQ:NEOG&interval=D,False,False,False,False
TVTX,"Travere Therapeutics, Inc.",NASDAQ,Pharmaceuticals: Major,55.98,63.15,62.25,4.27,4.48,1890543.9,1614651.4333333333,90388187.0,101965776.0,-8.29,343,-15.23,312,-2.64,194,80.17,63,20.77,-2.25,2026-10-22,False,https://www.tradingview.com/chart/?symbol=NASDAQ:TVTX&interval=D,False,False,False,False
CXW,"CoreCivic, Inc.",NYSE,Miscellaneous Commercial Services,31.78,33.55,32.94,6.1,5.55,2558702.9,2136780.066666667,67906871.0,71682561.0,0.67,193,-5.02,210,9.36,139,56.55,95,20.3,-0.63,2026-11-04,False,https://www.tradingview.com/chart/?symbol=NYSE:CXW&interval=D,False,False,False,False
RUM,RUM Group Inc.,NASDAQ,Internet Software/Services,7.65,8.39,7.87,6.35,7.62,4174208.7,5498867.533333333,42066337.0,46132749.0,-5.2,295,-15.0,311,25.41,85,50.29,111,20.23,-0.37,2026-11-16,False,https://www.tradingview.com/chart/?symbol=NASDAQ:RUM&interval=D,False,False,False,False
AI,"C3.ai, Inc.",NYSE,Packaged Software,11.24,10.64,10.34,4.03,4.31,4129750.3,5128534.3,57644726.0,54571024.0,8.29,73,3.02,141,28.31,79,29.05,147,20.13,2.02,2026-12-09,False,https://www.tradingview.com/chart/?symbol=NYSE:AI&interval=D,False,False,False,False
WOLF,"Wolfspeed, Inc.",NYSE,Semiconductors,31.83,27.37,27.49,6.94,7.99,3013023.300000115,2644602.100000022,84177685.0,72388049.0,11.76,35,17.45,65,-9.7,244,51.86,106,19.87,1.98,2026-10-28,False,https://www.tradingview.com/chart/?symbol=NYSE:WOLF&interval=D,False,False,False,False
MRX,Marex Group Limited,NASDAQ,Internet Software/Services,74.24,72.9,70.45,4.1,4.27,713898.1,770443.2666666667,57197708.0,56164030.0,4.45,122,-1.86,187,9.13,142,52.16,105,19.81,1.26,2026-11-05,False,https://www.tradingview.com/chart/?symbol=NASDAQ:MRX&interval=D,False,False,False,False
FPS,"Forgent Power Solutions, Inc.",NYSE,Electrical Products,41.35,34.59,35.11,4.97,5.76,8150533.9,9345017.9,386416490.0,323200559.0,10.92,41,33.95,30,-6.81,224,31.86,139,19.67,3.09,2026-12-02,False,https://www.tradingview.com/chart/?symbol=NYSE:FPS&interval=D,False,False,False,False
IONQ,"IonQ, Inc.",NYSE,Computer Processing Hardware,43.29,40.69,40.95,5.99,6.08,29185482.4,22303822.4,965532472.0,907535099.0,-5.48,300,10.8,94,-2.41,192,50.57,109,19.65,0.94,2026-11-11,False,https://www.tradingview.com/chart/?symbol=NYSE:IONQ&interval=D,False,False,False,False
DOCN,"DigitalOcean Holdings, Inc.",NYSE,Packaged Software,131.01,127.09,125.23,6.67,6.88,1811714.7,2464389.533333333,322859673.0,313190230.0,-5.31,297,18.15,62,-5.06,209,44.99,118,19.36,0.67,2026-11-09,False,https://www.tradingview.com/chart/?symbol=NYSE:DOCN&interval=D,False,False,False,False
CLS,"Celestica, Inc.",NYSE,Electronic Components,388.24,336.46,333.15,4.57,4.94,2232813.0,2179815.033333333,846291389.0,733430739.0,7.15,93,22.74,49,14.19,117,21.04,176,19.32,3.35,2026-10-26,False,https://www.tradingview.com/chart/?symbol=NYSE:CLS&interval=D,False,False,False,False
STX,Seagate Technology Holdings PLC,NASDAQ,Computer Peripherals,805.63,858.0,855.2,5.82,7.2,4713548.4,4092084.5,3296706036.0,3511017367.0,-14.61,390,-1.6,186,-0.7,183,59.85,92,19.18,-0.81,2026-10-28,False,https://www.tradingview.com/chart/?symbol=NASDAQ:STX&interval=D,False,False,False,False
PRGO,Perrigo Company plc,NYSE,Pharmaceuticals: Major,14.0,14.29,13.52,4.85,4.65,3022477.2,2776735.6333333333,38874299.0,39685106.0,-7.47,337,-0.5,176,25.06,87,31.33,140,18.63,0.76,2026-11-11,False,https://www.tradingview.com/chart/?symbol=NYSE:PRGO&interval=D,False,False,False,False
IOT,Samsara Inc.,NYSE,Packaged Software,41.74,39.67,39.41,4.01,4.82,5144649.8,6995860.366666666,292007212.0,277511789.0,10.13,49,-7.04,232,16.98,108,44.33,120,18.09,1.23,2026-11-26,False,https://www.tradingview.com/chart/?symbol=NYSE:IOT&interval=D,False,False,False,False
RMBS,"Rambus, Inc.",NASDAQ,Semiconductors,114.09,93.95,94.16,4.66,4.52,1814393.9,2377188.566666667,271213444.0,223347959.0,9.1,59,32.88,32,8.92,143,12.09,198,17.96,4.68,2026-10-26,False,https://www.tradingview.com/chart/?symbol=NASDAQ:RMBS&interval=D,False,False,False,False
HUT,Hut 8 Corp.,NASDAQ,Data Processing Services,92.22,91.27,91.24,7.12,7.62,3868774.8000000096,4463185.466666666,411594964.0,407333365.0,-2.26,250,5.99,120,-3.23,199,51.03,108,17.93,0.14,2026-11-18,False,https://www.tradingview.com/chart/?symbol=NASDAQ:HUT&interval=D,False,False,False,False
BETA,"Beta Technologies, Inc.",NYSE,Aerospace & Defense,20.9,21.51,22.06,7.63,7.58,2036235.6,3313719.8666666667,69256745.0,71277010.0,-10.03,360,-1.18,182,26.36,83,27.83,153,17.67,-0.69,2026-12-03,False,https://www.tradingview.com/chart/?symbol=NYSE:BETA&interval=D,False,False,False,False
COHR,Coherent Corp.,NYSE,Semiconductors,338.36,295.88,299.39,5.32,5.98,6523905.6,6330521.8,2141995356.0,1873066349.0,16.71,11,25.46,46,8.4,145,18.14,186,17.33,2.18,2026-11-11,False,https://www.tradingview.com/chart/?symbol=NYSE:COHR&interval=D,True,False,False,False
KEEL,Keel Infrastructure Corp.,NASDAQ,Data Processing Services,3.47,3.55,3.57,6.65,7.57,22543258.6,31097481.133333333,107908260.0,110468619.0,-5.45,299,5.15,126,-19.68,307,66.43,82,17.3,-0.38,2026-11-16,False,https://www.tradingview.com/chart/?symbol=NASDAQ:KEEL&interval=D,False,False,False,False
ICLR,ICON plc,NASDAQ,Miscellaneous Commercial Services,161.69,167.03,167.22,4.57,4.5,1055597.8,923112.5,149258060.0,154185019.0,-7.34,330,1.09,157,-3.11,198,53.81,101,17.27,-0.73,2026-10-28,False,https://www.tradingview.com/chart/?symbol=NASDAQ:ICLR&interval=D,False,False,False,False
SNAP,Snap Inc.,NYSE,Packaged Software,5.78,5.54,5.4,4.42,4.69,31382311.0,34260233.1,198024147.0,189927312.0,9.06,61,2.3,145,25.93,84,22.72,172,16.98,1.48,2026-11-03,False,https://www.tradingview.com/chart/?symbol=NYSE:SNAP&interval=D,False,False,False,False
HOOD,"Robinhood Markets, Inc.",NASDAQ,Investment Banks/Brokers,112.0,113.99,106.11,4.68,5.28,19597357.0,22048445.233333334,2469425866.0,2513368417.0,-5.75,303,-7.03,231,1.02,176,56.45,96,16.81,1.05,2026-10-27,False,https://www.tradingview.com/chart/?symbol=NASDAQ:HOOD&interval=D,False,False,False,False
QCOM,QUALCOMM Incorporated,NASDAQ,Semiconductors,181.03,179.88,171.94,4.39,4.31,11232862.1,13467031.266666668,2437936670.0,2422512430.0,-4.46,287,6.5,116,0.28,180,42.26,124,16.35,1.22,2026-11-11,False,https://www.tradingview.com/chart/?symbol=NASDAQ:QCOM&interval=D,False,False,False,False
WK,Workiva Inc.,NYSE,Information Technology Services,70.16,73.0,70.58,4.52,4.62,2134329.6,1327776.3666666667,93156790.0,96927675.0,0.65,194,-9.82,261,34.51,67,24.18,170,16.29,-0.13,2026-11-04,False,https://www.tradingview.com/chart/?symbol=NYSE:WK&interval=D,False,False,False,False
ACMR,"ACM Research, Inc.",NASDAQ,Industrial Machinery,75.35,74.37,76.29,5.83,6.64,1509637.9,1119855.8333333351,84381137.0,83284425.0,-4.27,282,5.75,123,-20.4,309,63.31,84,16.22,-0.19,2026-10-28,False,https://www.tradingview.com/chart/?symbol=NASDAQ:ACMR&interval=D,False,False,False,False
AFRM,"Affirm Holdings, Inc.",NASDAQ,Finance/Rental/Leasing,74.88,72.12,73.43,4.13,4.5,3849243.2,5350590.166666667,400652192.0,385876537.0,8.66,66,1.53,153,-9.14,237,51.58,107,14.66,0.44,2026-11-05,False,https://www.tradingview.com/chart/?symbol=NASDAQ:AFRM&interval=D,False,False,False,False
DFTX,"Definium Therapeutics, Inc.",NASDAQ,Pharmaceuticals: Major,35.62,38.78,40.85,4.95,5.65,2385081.799999998,2228479.6666666646,79378446.0,86429355.0,-7.06,324,-6.11,221,-20.61,310,69.46,73,14.25,-2.27,2026-11-05,False,https://www.tradingview.com/chart/?symbol=NASDAQ:DFTX&interval=D,False,False,False,False
HIMS,"Hims & Hers Health, Inc.",NYSE,Medical/Nursing Services,29.47,28.92,29.31,5.5,5.6,9924620.9,9653522.966666667,284489322.0,279131617.0,0.27,197,6.27,118,-16.59,280,52.62,104,14.1,0.1,2026-11-09,False,https://www.tradingview.com/chart/?symbol=NYSE:HIMS&interval=D,False,False,False,False
MAT,"Mattel, Inc.",NASDAQ,Recreational Products,15.93,14.13,14.41,5.09,4.79,11309342.4,6378255.266666667,101605606.0,90098171.0,19.5,7,11.87,87,19.5,100,10.78,204,14.05,2.21,2026-10-27,False,https://www.tradingview.com/chart/?symbol=NASDAQ:MAT&interval=D,True,False,False,False
MDB,"MongoDB, Inc.",NASDAQ,Packaged Software,360.71,387.45,391.91,6.51,7.04,4711761.6,2922917.066666667,1054325415.0,1132478372.0,7.63,83,-4.66,208,2.31,171,43.85,121,13.83,-1.13,2026-12-07,False,https://www.tradingview.com/chart/?symbol=NASDAQ:MDB&interval=D,False,False,False,False
ARXS,"Arxis, Inc.",NASDAQ,Aerospace & Defense,49.49,51.12,52.62,4.62,4.69,1432924.0,981338.2333333333,48566429.0,50164702.0,2.93,147,-7.04,233,18.23,106,30.24,144,13.81,-1.27,2026-12-02,False,https://www.tradingview.com/chart/?symbol=NASDAQ:ARXS&interval=D,False,False,False,False
AAOI,"Applied Optoelectronics, Inc.",NASDAQ,Semiconductors,130.16,105.87,112.22,5.67,6.63,8321581.1,7183969.733333333,935065500.0,760600401.0,31.78,4,27.72,41,15.17,113,-1.93,235,13.65,2.41,2026-11-05,False,https://www.tradingview.com/chart/?symbol=NASDAQ:AAOI&interval=D,True,False,False,False
FSLY,"Fastly, Inc.",NASDAQ,Information Technology Services,25.51,24.18,24.51,9.95,8.53,8565263.4,6738251.033333333,171892784.0,162942140.0,2.04,167,22.29,51,40.55,55,-22.07,314,13.59,0.48,2026-11-04,False,https://www.tradingview.com/chart/?symbol=NASDAQ:FSLY&interval=D,False,False,False,False
WIX,Wix.com Ltd.,NASDAQ,Packaged Software,73.91,78.82,74.7,6.18,6.21,1080695.9,1266284.5333333334,93591090.0,99805170.0,7.66,82,-7.61,248,47.73,43,0.49,232,13.54,-0.17,2026-11-05,False,https://www.tradingview.com/chart/?symbol=NASDAQ:WIX&interval=D,False,False,False,False
SHAZ,"SharonAI Holdings, Inc.",NASDAQ,Data Processing Services,48.12,55.12,56.37,8.01,9.5,1361095.8,1448246.1333333333,69689604.0,79832396.0,-11.73,376,-13.14,289,-30.97,354,83.73,62,13.21,-1.54,2026-11-04,False,https://www.tradingview.com/chart/?symbol=NASDAQ:SHAZ&interval=D,False,False,False,False
TGTX,"TG Therapeutics, Inc.",NASDAQ,Pharmaceuticals: Major,52.19,55.48,53.59,4.14,4.31,1725884.2,1792709.9,93561530.0,99458051.0,-6.87,321,-7.3,240,-9.41,241,53.66,102,12.32,-0.61,2026-11-09,False,https://www.tradingview.com/chart/?symbol=NASDAQ:TGTX&interval=D,False,False,False,False
AUGO,Aura Minerals Inc.,NASDAQ,Other Metals/Minerals,86.67,85.16,79.55,4.35,4.99,874323.5000000013,1010254.7666666653,87558781.0,86029087.0,10.6,43,3.33,137,43.76,48,-10.19,265,12.3,1.79,2026-11-05,False,https://www.tradingview.com/chart/?symbol=NASDAQ:AUGO&interval=D,False,False,False,False
FIGS,"FIGS, Inc.",NYSE,Apparel/Footwear,14.1,13.87,13.52,4.46,4.76,2859162.8,2620997.966666667,36956071.0,36343631.0,3.15,145,-5.18,213,43.88,47,-2.42,237,12.09,0.9,2026-11-05,False,https://www.tradingview.com/chart/?symbol=NYSE:FIGS&interval=D,False,False,False,False
VSAT,"ViaSat, Inc.",NASDAQ,Telecommunications Equipment,74.38,72.17,75.05,4.96,5.38,1554501.3,1676455.0,124694723.0,120995904.0,2.28,161,3.68,134,-0.27,182,32.37,138,11.93,-0.17,2026-11-11,False,https://www.tradingview.com/chart/?symbol=NASDAQ:VSAT&interval=D,False,False,False,False
WTTR,"Select Water Solutions, Inc.",NYSE,Oil & Gas Production,19.99,20.0,19.97,4.14,4.17,2161368.5,1740254.4,34787685.0,34801027.0,0.86,190,-0.65,178,6.05,152,30.14,145,11.85,0.02,2026-11-03,False,https://www.tradingview.com/chart/?symbol=NYSE:WTTR&interval=D,False,False,False,False
STRL,"Sterling Infrastructure, Inc.",NASDAQ,Engineering & Construction,563.69,497.04,517.2,4.3,5.04,449628.0,532467.6,300146661.0,264655034.0,11.35,37,18.33,61,-15.94,277,33.15,137,11.85,1.78,2026-11-09,False,https://www.tradingview.com/chart/?symbol=NASDAQ:STRL&interval=D,False,False,False,False
WRBY,Warby Parker Inc.,NYSE,Specialty Stores,26.23,25.02,25.71,6.24,6.04,4086652.8,3123618.3666666667,81932510.0,78146684.0,5.3,112,14.04,79,-3.85,204,25.02,164,11.74,0.33,2026-11-05,False,https://www.tradingview.com/chart/?symbol=NYSE:WRBY&interval=D,False,False,False,False
WLTH,Wealthfront Corporation,NASDAQ,Packaged Software,10.55,9.93,9.72,4.69,4.79,2320787.8,3092552.5,32626429.0,30706985.0,5.5,111,15.3,76,14.05,118,5.82,220,11.72,1.78,2027-01-12,False,https://www.tradingview.com/chart/?symbol=NASDAQ:WLTH&interval=D,False,False,False,False
HRI,Herc Holdings Inc.,NYSE,Finance/Rental/Leasing,134.73,140.48,149.65,5.69,5.7,637641.0,777404.3,104739681.0,109207165.0,0.2,199,-1.12,181,1.52,173,33.44,136,11.28,-1.75,2026-10-15,False,https://www.tradingview.com/chart/?symbol=NYSE:HRI&interval=D,False,False,False,False
GLBE,Global-E Online Ltd.,NASDAQ,Internet Retail,38.7,38.75,39.59,4.0,3.84,1409031.7,1442611.4,55829061.0,55897345.0,-0.95,222,1.87,151,6.06,151,25.81,158,11.25,-0.59,2026-11-18,False,https://www.tradingview.com/chart/?symbol=NASDAQ:GLBE&interval=D,False,False,False,False
CCC,CCC Intelligent Solutions Holdings Inc.,NASDAQ,Packaged Software,6.65,6.89,6.84,4.01,4.26,10198516.8,10736317.333333334,71396510.0,73966069.0,1.53,177,-6.47,224,20.25,96,19.39,181,11.06,-0.66,2026-10-29,False,https://www.tradingview.com/chart/?symbol=NASDAQ:CCC&interval=D,False,False,False,False
SYRE,"Spyre Therapeutics, Inc.",NASDAQ,Pharmaceuticals: Major,80.11,89.98,95.39,6.36,6.89,1519616.1,1431950.7666666666,114713576.0,128845498.0,-5.85,307,-7.33,243,-15.1,276,55.16,100,10.91,-2.32,2026-11-05,False,https://www.tradingview.com/chart/?symbol=NASDAQ:SYRE&interval=D,False,False,False,False
CIEN,Ciena Corporation,NYSE,Telecommunications Equipment,443.65,360.57,375.27,4.69,5.42,2557159.5,2693165.2333333334,1194822756.0,971079975.0,26.7,5,37.92,24,5.83,153,-11.08,270,10.89,3.36,2026-12-10,False,https://www.tradingview.com/chart/?symbol=NYSE:CIEN&interval=D,True,False,False,False
PGY,Pagaya Technologies Ltd.,NASDAQ,Packaged Software,18.05,20.33,20.4,5.49,6.01,2941196.099999996,2346779.4333333327,42359369.0,47706115.0,4.34,124,-20.26,350,1.69,172,50.42,110,10.62,-1.91,2026-11-17,False,https://www.tradingview.com/chart/?symbol=NASDAQ:PGY&interval=D,False,False,False,False
HIVE,HIVE Digital Technologies Ltd,NASDAQ,Information Technology Services,2.9,3.04,2.95,6.12,6.47,10013615.499999994,12821165.999999998,37181381.0,38950702.0,-5.84,306,-2.03,190,-6.75,223,40.44,129,10.55,-0.27,2026-11-16,False,https://www.tradingview.com/chart/?symbol=NASDAQ:HIVE&interval=D,False,False,False,False
AMBA,"Ambarella, Inc.",NASDAQ,Semiconductors,67.94,67.77,72.11,5.11,5.49,1391705.7,1682748.0666666667,114325904.0,114040958.0,-2.19,249,7.53,110,-5.1,210,28.29,150,10.24,-1.05,2026-12-01,False,https://www.tradingview.com/chart/?symbol=NASDAQ:AMBA&interval=D,False,False,False,False
TTMI,"TTM Technologies, Inc.",NASDAQ,Electronic Components,132.71,122.35,123.27,5.0,5.58,1850121.5,1920206.2,254830565.0,234939149.0,3.7,132,11.92,86,-6.54,221,25.2,163,10.19,1.37,2026-11-04,False,https://www.tradingview.com/chart/?symbol=NASDAQ:TTMI&interval=D,False,False,False,False
WAY,Waystar Holding Corp.,NASDAQ,Packaged Software,26.4,25.28,24.77,4.13,4.32,1896236.4,2195782.1,57968647.0,55499856.0,2.09,165,1.38,154,12.29,124,16.25,190,9.97,1.53,2026-11-11,False,https://www.tradingview.com/chart/?symbol=NASDAQ:WAY&interval=D,False,False,False,False
TH,Target Hospitality Corp.,NASDAQ,Hotels/Resorts/Cruise lines,18.54,19.38,18.17,4.85,5.29,2613742.2,2425786.433333333,44974080.0,47005272.0,-4.09,279,-0.27,172,3.87,162,25.78,159,9.79,0.38,2026-11-11,False,https://www.tradingview.com/chart/?symbol=NASDAQ:TH&interval=D,False,False,False,False
SHLS,"Shoals Technologies Group, Inc.",NASDAQ,Semiconductors,8.49,7.44,7.79,5.06,5.39,3714133.0,4321875.533333333,36692723.0,32169881.0,12.01,33,20.77,55,-13.81,271,22.16,174,9.71,1.66,2026-11-10,False,https://www.tradingview.com/chart/?symbol=NASDAQ:SHLS&interval=D,False,False,False,False
GNRC,Generac Holdings Inc.,NYSE,Electrical Products,223.62,196.64,201.59,4.33,4.37,1028599.6,1361193.6666666667,304390128.0,267665576.0,7.56,86,21.64,53,-3.61,202,10.91,203,9.65,2.5,2026-11-04,False,https://www.tradingview.com/chart/?symbol=NYSE:GNRC&interval=D,False,False,False,False
PAY,"Paymentus Holdings, Inc.",NYSE,Miscellaneous Commercial Services,31.71,34.27,36.13,4.33,4.61,1394680.5,1179943.3333333333,37416003.0,40439805.0,6.62,98,-12.26,282,12.85,121,27.91,152,9.5,-2.65,2026-11-09,False,https://www.tradingview.com/chart/?symbol=NYSE:PAY&interval=D,False,False,False,False
GDDY,GoDaddy Inc.,NYSE,Data Processing Services,98.18,98.35,96.83,4.88,4.5,2842767.5,2398845.2333333334,235518625.0,235922431.0,4.67,119,-4.02,202,10.86,130,20.97,177,9.27,0.31,2026-10-29,False,https://www.tradingview.com/chart/?symbol=NYSE:GDDY&interval=D,False,False,False,False
NAVN,"Navan, Inc.",NASDAQ,Packaged Software,21.34,23.63,25.49,4.51,5.5,3036241.1,4228950.433333334,90245802.0,99923050.0,6.06,105,-23.57,368,-16.31,279,67.24,79,9.12,-2.96,2026-12-15,False,https://www.tradingview.com/chart/?symbol=NASDAQ:NAVN&interval=D,False,False,False,False
CLSK,"CleanSpark, Inc.",NASDAQ,Data Processing Services,12.29,13.02,12.86,6.54,7.08,15273595.6,16731548.333333334,205630729.0,217889377.0,-9.77,358,0.24,169,0.16,181,25.92,157,8.78,-0.63,2026-12-16,False,https://www.tradingview.com/chart/?symbol=NASDAQ:CLSK&interval=D,False,False,False,False
GENI,Genius Sports Limited,NYSE,Internet Software/Services,6.22,6.69,7.09,7.03,6.97,9099891.7,7014418.766666667,43629685.0,46956857.0,-0.48,212,-18.05,336,-1.11,186,44.65,119,8.5,-1.76,2026-11-11,False,https://www.tradingview.com/chart/?symbol=NYSE:GENI&interval=D,False,False,False,False
KMX,CarMax Inc,NYSE,Specialty Stores,55.29,59.29,59.16,5.13,4.55,4710425.7,2785866.1666666665,154030540.0,165175862.0,-8.47,348,-11.15,274,9.36,140,25.46,161,7.89,-1.44,2026-12-17,False,https://www.tradingview.com/chart/?symbol=NYSE:KMX&interval=D,False,False,False,False
RELY,"Remitly Global, Inc.",NASDAQ,Miscellaneous Commercial Services,23.2,23.31,23.86,4.11,4.46,3769643.4,3986407.433333333,92484652.0,92911862.0,5.19,114,-13.5,294,-2.64,195,39.26,130,7.7,-0.62,2026-11-04,False,https://www.tradingview.com/chart/?symbol=NASDAQ:RELY&interval=D,False,False,False,False
BULL,Webull Corporation,NASDAQ,Packaged Software,7.28,8.38,8.12,4.49,5.65,9642669.7,14044539.233333332,102244246.0,117744735.0,2.32,160,-25.64,379,3.03,167,45.6,117,7.66,-1.83,2026-11-19,False,https://www.tradingview.com/chart/?symbol=NASDAQ:BULL&interval=D,False,False,False,False
PATH,"UiPath, Inc.",NYSE,Packaged Software,13.1,14.6,14.67,4.23,5.3,38754919.4,53017221.766666666,694525605.0,773998421.0,6.94,95,-19.33,343,15.11,114,26.94,154,7.57,-2.02,2026-12-09,False,https://www.tradingview.com/chart/?symbol=NYSE:PATH&interval=D,False,False,False,False
COIN,"Coinbase Global, Inc.",NASDAQ,Investment Banks/Brokers,185.74,185.4,173.8,5.34,5.98,7400976.2,9354903.333333334,1737579745.0,1734420906.0,-5.97,312,0.42,164,16.61,109,5.64,221,7.55,1.15,2026-10-29,False,https://www.tradingview.com/chart/?symbol=NASDAQ:COIN&interval=D,False,False,False,False
NVTS,Navitas Semiconductor Corporation,NASDAQ,Semiconductors,11.97,11.71,12.07,5.93,6.84,17422151.8,13825175.433333334,165487350.0,161883588.0,-6.52,319,6.78,113,-10.67,251,26.53,156,7.55,-0.12,2026-11-09,False,https://www.tradingview.com/chart/?symbol=NASDAQ:NVTS&interval=D,False,False,False,False
MNDY,monday.com Ltd.,NASDAQ,Packaged Software,84.29,88.39,88.83,5.0,5.74,1143441.4,1182572.8,99679061.0,104522091.0,9.72,54,-11.08,273,2.81,168,30.26,143,7.33,-0.89,2026-11-16,False,https://www.tradingview.com/chart/?symbol=NASDAQ:MNDY&interval=D,False,False,False,False
AUR,"Aurora Innovation, Inc.",NASDAQ,Packaged Software,5.75,6.03,6.24,5.89,5.8,32946770.8,31595485.233333334,181674040.0,190394394.0,8.08,76,-8.22,252,-7.41,228,37.23,133,7.2,-1.37,2026-11-04,False,https://www.tradingview.com/chart/?symbol=NASDAQ:AUR&interval=D,False,False,False,False
POET,POET Technologies Inc.,NASDAQ,Electrical Products,7.71,7.72,7.91,5.01,6.06,7358226.7,7910086.566666632,60986767.0,61057958.0,0.0,205,3.21,138,-6.43,218,24.56,168,7.11,-0.42,2026-11-12,False,https://www.tradingview.com/chart/?symbol=NASDAQ:POET&interval=D,False,False,False,False
SEZL,Sezzle Inc.,NASDAQ,Packaged Software,112.84,115.92,125.04,4.55,5.01,527036.6,473408.5333333335,53419419.0,54879648.0,3.53,137,-7.33,242,-34.77,364,63.25,85,7.05,-1.95,2026-11-05,False,https://www.tradingview.com/chart/?symbol=NASDAQ:SEZL&interval=D,False,False,False,False
VCYT,"Veracyte, Inc.",NASDAQ,Medical Specialties,44.65,43.58,44.55,6.05,5.83,1609773.6,1453017.8,64877245.0,63321789.0,-2.93,260,1.0,158,-19.08,302,38.58,131,6.83,0.04,2026-11-10,False,https://www.tradingview.com/chart/?symbol=NASDAQ:VCYT&interval=D,False,False,False,False
RHI,Robert Half Inc.,NYSE,Personnel Services,33.67,39.19,40.22,4.2,4.68,1829493.9,1913074.3666666667,64413214.0,74965094.0,-8.31,344,-21.07,354,-1.29,187,42.01,125,6.55,-3.48,2026-10-27,False,https://www.tradingview.com/chart/?symbol=NYSE:RHI&interval=D,False,False,False,False
BLSH,Bullish,NYSE,Packaged Software,33.38,35.41,31.2,6.73,6.94,921252.9,1429456.8,47715268.0,50618971.0,-9.1,351,-3.78,200,33.73,68,-10.96,269,6.33,1.01,2026-11-25,False,https://www.tradingview.com/chart/?symbol=NYSE:BLSH&interval=D,False,False,False,False
CRWV,"CoreWeave, Inc.",NASDAQ,Packaged Software,91.72,86.74,87.43,4.76,5.58,25147755.5,26444384.766666666,2425478971.0,2293847638.0,6.31,101,6.99,111,10.53,133,1.46,229,6.33,0.88,2026-11-16,False,https://www.tradingview.com/chart/?symbol=NASDAQ:CRWV&interval=D,False,False,False,False
EAT,"Brinker International, Inc.",NYSE,Restaurants,190.44,213.43,219.34,4.7,4.85,1164778.9,1339285.8666666667,255053600.0,285846015.0,-6.17,315,-16.13,320,9.63,137,24.69,167,6.06,-2.72,2026-11-04,False,https://www.tradingview.com/chart/?symbol=NYSE:EAT&interval=D,False,False,False,False
INFQ,"Infleqtion, Inc.",NYSE,Computer Processing Hardware,12.54,13.35,12.69,6.44,6.57,6954183.4,7894440.133333334,98996279.0,105367092.0,-12.8,384,-2.79,198,9.52,138,10.97,202,5.9,-0.18,2026-12-02,False,https://www.tradingview.com/chart/?symbol=NYSE:INFQ&interval=D,False,False,False,False
FDS,FactSet Research Systems Inc.,NYSE,Financial Publishing/Services,272.01,283.43,283.17,4.03,4.35,817969.8,910773.6333333333,247739536.0,258137839.0,2.16,164,-11.03,272,6.12,150,21.7,175,5.6,-0.91,2026-12-17,False,https://www.tradingview.com/chart/?symbol=NYSE:FDS&interval=D,False,False,False,False
BRZE,"Braze, Inc.",NASDAQ,Internet Software/Services,26.34,27.47,27.62,4.65,5.5,1925710.4,2567545.3666666667,67629145.0,70518489.0,13.78,23,-19.04,342,10.65,131,24.89,166,5.5,-0.84,2026-12-15,False,https://www.tradingview.com/chart/?symbol=NASDAQ:BRZE&interval=D,False,False,False,False
RDW,Redwire Corporation,NYSE,Aerospace & Defense,10.62,10.92,11.16,6.74,7.0,14285312.6,12795936.2,135892842.0,139706031.0,-7.25,327,0.38,167,3.81,164,11.44,200,5.21,-0.7,2026-11-11,False,https://www.tradingview.com/chart/?symbol=NYSE:RDW&interval=D,False,False,False,False
CAMT,Camtek Ltd.,NASDAQ,Electronic Components,154.55,145.46,147.91,4.07,5.19,411522.8,374852.4,57933438.0,54525405.0,2.34,159,9.21,102,16.33,110,-10.17,264,5.12,0.86,2026-11-17,False,https://www.tradingview.com/chart/?symbol=NASDAQ:CAMT&interval=D,False,False,False,False
IREN,IREN Limited,NASDAQ,Data Processing Services,41.28,42.54,41.56,5.92,6.36,33847661.8,38526823.9,1590387291.0,1638918246.0,-2.95,261,0.56,161,1.33,175,13.31,194,5.07,-0.11,2026-12-01,False,https://www.tradingview.com/chart/?symbol=NASDAQ:IREN&interval=D,False,False,False,False
DXC,DXC Technology Company,NYSE,Data Processing Services,11.83,11.18,11.08,4.09,4.41,3197288.100000009,2806139.233333333,33196627.0,31383861.0,15.75,13,3.05,140,18.18,107,-6.33,245,4.97,1.54,2026-11-04,False,https://www.tradingview.com/chart/?symbol=NYSE:DXC&interval=D,True,False,False,False
ORKA,"Oruka Therapeutics, Inc.",NASDAQ,Pharmaceuticals: Major,80.18,90.76,95.4,5.64,5.88,1086414.1,934892.2333333333,74959659.0,84855494.0,-3.77,275,-10.97,270,-5.11,211,28.08,151,4.0,-2.71,2026-11-18,False,https://www.tradingview.com/chart/?symbol=NASDAQ:ORKA&interval=D,False,False,False,False
RKLB,Rocket Lab Corporation,NASDAQ,Aerospace & Defense,75.06,67.41,70.1,5.18,5.38,21682067.0,19784181.466666665,1485000661.0,1333750594.0,2.16,162,15.9,71,-13.23,265,8.69,210,3.79,1.31,2026-11-16,False,https://www.tradingview.com/chart/?symbol=NASDAQ:RKLB&interval=D,False,False,False,False
MARA,"MARA Holdings, Inc.",NASDAQ,Data Processing Services,10.97,11.72,11.22,7.17,7.35,34492977.8,43423298.333333336,476353583.0,508819735.0,-11.6,374,-1.92,188,-6.48,219,17.33,188,2.97,-0.3,2026-11-11,False,https://www.tradingview.com/chart/?symbol=NASDAQ:MARA&interval=D,False,False,False,False
BTBT,"Bit Digital, Inc.",NASDAQ,Miscellaneous Commercial Services,1.52,1.6,1.53,7.51,8.0,19880174.7,26709372.733333334,40598247.0,42770609.0,-11.63,375,-4.7,209,-3.8,203,16.03,191,2.51,-0.07,2026-11-12,False,https://www.tradingview.com/chart/?symbol=NASDAQ:BTBT&interval=D,False,False,False,False
CRCL,"Circle Internet Group, Inc.",NYSE,Packaged Software,84.13,89.98,82.19,5.85,6.92,10124195.8,14175392.966666667,1192575810.0,1275525485.0,-4.09,280,-14.14,301,31.06,73,-9.6,260,2.44,0.34,2026-11-18,False,https://www.tradingview.com/chart/?symbol=NYSE:CRCL&interval=D,False,False,False,False
ICHR,Ichor Holdings,NASDAQ,Industrial Machinery,62.44,56.86,61.12,4.31,5.38,687979.5,682203.8333333334,42596807.0,38791020.0,2.73,153,14.67,77,-25.45,338,17.7,187,2.31,0.4,2026-11-09,False,https://www.tradingview.com/chart/?symbol=NASDAQ:ICHR&interval=D,False,False,False,False
GLW,Corning Incorporated,NYSE,Electronic Components,168.97,154.49,153.71,4.07,4.86,6869939.6,8254634.166666667,1394785535.0,1275255681.0,7.59,84,13.75,82,-7.88,231,0.65,231,2.18,2.04,2026-10-27,False,https://www.tradingview.com/chart/?symbol=NYSE:GLW&interval=D,False,False,False,False
QUBT,Quantum Computing Inc.,NASDAQ,Information Technology Services,7.86,8.32,8.43,5.33,5.47,7727849.8,6785286.633333334,53332353.0,56476202.0,-10.33,364,-0.88,180,-7.8,230,14.58,193,1.96,-1.24,2026-11-18,False,https://www.tradingview.com/chart/?symbol=NASDAQ:QUBT&interval=D,False,False,False,False
JBL,Jabil Inc.,NYSE,Industrial Machinery,309.19,305.78,316.58,4.16,4.32,1752088.9,1300499.4,402101409.0,397668007.0,-4.38,284,-0.08,170,-2.76,196,7.68,212,1.61,-0.54,2026-12-10,False,https://www.tradingview.com/chart/?symbol=NYSE:JBL&interval=D,False,False,False,False
WGS,GeneDx Holdings Corp.,NASDAQ,Medical/Nursing Services,71.52,86.3,81.83,9.42,8.67,891810.2,703197.3333333335,50292673.0,60685461.0,-16.44,393,-18.52,340,11.52,127,11.4,201,1.47,-1.45,2026-11-03,False,https://www.tradingview.com/chart/?symbol=NASDAQ:WGS&interval=D,False,False,False,False
EQPT,EquipmentShare.com Inc,NASDAQ,Internet Software/Services,18.9,18.07,18.73,6.3,6.28,3704129.1,3132357.433333333,59201555.0,56614228.0,2.89,148,3.85,133,6.96,148,-6.94,249,1.29,0.15,2026-12-02,False,https://www.tradingview.com/chart/?symbol=NASDAQ:EQPT&interval=D,False,False,False,False
IDYA,"IDEAYA Biosciences, Inc.",NASDAQ,Pharmaceuticals: Major,36.63,38.75,38.05,4.37,4.23,963649.9,821215.8666666667,30081137.0,31821567.0,-3.96,278,-7.38,245,-8.15,232,18.83,183,1.1,-0.88,2026-11-10,False,https://www.tradingview.com/chart/?symbol=NASDAQ:IDYA&interval=D,False,False,False,False
VOYG,"Voyager Technologies, Inc.",NYSE,Information Technology Services,30.88,33.36,34.54,6.87,7.5,3691112.8,2108137.2666666666,65099279.0,70337297.0,-9.18,353,-6.48,225,-1.4,189,10.01,206,0.71,-1.41,2026-11-02,False,https://www.tradingview.com/chart/?symbol=NYSE:VOYG&interval=D,False,False,False,False
KOS,Kosmos Energy Ltd.,NYSE,Integrated Oil,2.6,2.76,2.7,5.43,6.11,14467085.5,12699232.7,33018005.0,35054115.0,3.17,143,-6.14,222,13.29,120,-5.45,242,0.57,-0.58,2026-11-09,False,https://www.tradingview.com/chart/?symbol=NYSE:KOS&interval=D,False,False,False,False
EPAM,"EPAM Systems, Inc.",NYSE,Information Technology Services,109.31,113.66,109.61,4.09,4.67,1047205.6,1091602.3333333333,119323051.0,124070793.0,2.57,154,-7.81,249,23.82,88,-16.21,290,-0.06,-0.06,2026-11-05,False,https://www.tradingview.com/chart/?symbol=NYSE:EPAM&interval=D,False,False,False,False
FIVE,"Five Below, Inc.",NASDAQ,Discount Stores,209.92,236.43,234.95,4.01,4.34,995282.4,1210259.0333333334,254057576.0,286135895.0,-7.42,334,-12.12,280,18.89,104,-7.32,250,-0.18,-2.46,2026-12-02,False,https://www.tradingview.com/chart/?symbol=NASDAQ:FIVE&interval=D,False,False,False,False
AESI,Atlas Energy Solutions Inc.,NYSE,Oilfield Services/Equipment,12.71,12.82,12.35,5.92,6.62,4764767.6,3499590.6333333333,44479797.0,44871751.0,2.75,152,-3.12,199,-10.18,247,12.38,197,-0.31,0.44,2026-11-02,False,https://www.tradingview.com/chart/?symbol=NYSE:AESI&interval=D,False,False,False,False
FIG,FIGMA INC,NYSE,Packaged Software,21.93,23.58,24.35,4.38,5.37,9541319.4,13667435.1,299726852.0,322264452.0,8.4,71,-11.18,276,0.55,178,9.6,209,-0.34,-1.85,2026-11-11,False,https://www.tradingview.com/chart/?symbol=NYSE:FIG&interval=D,False,False,False,False
RGTI,"Rigetti Computing, Inc.",NASDAQ,Computer Processing Hardware,15.17,15.67,16.15,5.51,5.8,15783083.4,15824292.366666667,240054515.0,247927101.0,-7.39,332,-0.33,173,-6.67,222,5.86,219,-0.38,-1.05,2026-11-16,False,https://www.tradingview.com/chart/?symbol=NASDAQ:RGTI&interval=D,False,False,False,False
VG,"Venture Global, Inc.",NYSE,Oil & Gas Pipelines,13.51,14.07,13.85,4.32,4.91,12366526.0,13741898.066666666,185653043.0,193302699.0,7.56,85,-5.79,217,11.38,128,-6.83,247,-0.41,-0.5,2026-11-16,False,https://www.tradingview.com/chart/?symbol=NYSE:VG&interval=D,False,False,False,False
RIOT,"Riot Platforms, Inc.",NASDAQ,Information Technology Services,18.93,21.15,20.8,7.06,7.56,15754447.8,15679477.5,296812509.0,331647082.0,-14.42,388,-8.73,255,-10.85,252,18.31,185,-0.42,-1.19,2026-11-10,False,https://www.tradingview.com/chart/?symbol=NASDAQ:RIOT&interval=D,False,False,False,False
NCNO,"nCino, Inc.",NASDAQ,Packaged Software,19.12,20.93,20.4,4.56,4.77,2073184.5,2544204.1,48645182.0,53246800.0,2.08,166,-17.8,334,8.08,146,8.27,211,-0.48,-1.31,2026-12-02,False,https://www.tradingview.com/chart/?symbol=NASDAQ:NCNO&interval=D,False,False,False,False
HUBS,"HubSpot, Inc.",NYSE,Packaged Software,217.09,230.48,230.89,5.61,6.03,1390607.2,1608256.6666666667,349136440.0,370673141.0,7.83,80,-12.14,281,8.43,144,0.48,233,-1.08,-0.99,2026-11-11,False,https://www.tradingview.com/chart/?symbol=NYSE:HUBS&interval=D,False,False,False,False
GLXY,Galaxy Digital Inc.,NASDAQ,Investment Banks/Brokers,22.15,24.25,22.99,6.54,7.13,4392932.4,5049212.8,111840064.0,122460241.0,-7.42,335,-14.08,300,-7.67,229,18.39,184,-1.12,-0.51,2026-10-27,False,https://www.tradingview.com/chart/?symbol=NASDAQ:GLXY&interval=D,False,False,False,False
AAON,"AAON, Inc.",NASDAQ,Industrial Machinery,88.07,79.57,82.64,4.54,4.69,1241262.5999999996,1129957.9666666673,99515398.0,89915652.0,1.4,181,12.94,83,-18.4,296,1.98,228,-1.16,1.4,2026-11-09,False,https://www.tradingview.com/chart/?symbol=NASDAQ:AAON&interval=D,False,False,False,False
VRDN,"Viridian Therapeutics, Inc.",NASDAQ,Pharmaceuticals: Major,18.22,21.77,21.92,5.0,5.07,2087612.3,1643109.8333333333,29937461.0,35770775.0,-11.92,379,-19.45,345,-9.44,242,25.31,162,-1.2,-3.33,2026-11-16,False,https://www.tradingview.com/chart/?symbol=NASDAQ:VRDN&interval=D,False,False,False,False
UCTT,"Ultra Clean Holdings, Inc.",NASDAQ,Industrial Machinery,73.24,72.68,76.44,5.37,6.42,1076696.1,892544.6333333333,65369969.0,64872822.0,-9.67,355,6.92,112,-18.26,293,6.29,218,-1.68,-0.65,2026-10-27,False,https://www.tradingview.com/chart/?symbol=NASDAQ:UCTT&interval=D,False,False,False,False
COCO,"The Vita Coco Company, Inc.",NASDAQ,Food: Specialty/Candy,54.48,56.94,60.2,4.29,4.45,924100.6,1326317.2,72257761.0,75526249.0,-4.42,285,-0.13,171,-17.77,287,12.68,196,-1.74,-2.13,2026-11-04,False,https://www.tradingview.com/chart/?symbol=NASDAQ:COCO&interval=D,False,False,False,False
EXPE,"Expedia Group, Inc.",NASDAQ,Other Consumer Services,260.07,285.85,297.66,4.38,4.44,2221347.2,2124469.7333333334,552510844.0,607282506.0,-1.5,235,-13.94,299,-2.25,191,10.68,205,-1.84,-2.85,2026-10-29,False,https://www.tradingview.com/chart/?symbol=NASDAQ:EXPE&interval=D,False,False,False,False
BLLN,"BillionToOne, Inc.",NASDAQ,Medical/Nursing Services,99.94,104.43,106.68,8.18,7.38,620777.1,637337.4,63695500.0,66555764.0,-17.89,397,2.15,147,-15.02,275,7.01,216,-1.95,-0.86,2026-12-15,False,https://www.tradingview.com/chart/?symbol=NASDAQ:BLLN&interval=D,False,False,False,False
AKAM,"Akamai Technologies, Inc.",NASDAQ,Data Processing Services,108.62,108.55,111.64,6.07,5.52,8057501.0,4896034.666666667,531807285.0,531467827.0,-1.95,242,3.45,135,-4.53,208,-5.72,244,-2.27,-0.49,2026-11-10,False,https://www.tradingview.com/chart/?symbol=NASDAQ:AKAM&interval=D,False,False,False,False
COMP,"Compass, Inc.",NYSE,Real Estate Development,9.29,10.15,10.99,4.9,5.16,18098062.2,14996520.833333334,139317679.0,152174696.0,0.98,187,-14.38,303,-19.08,301,26.57,155,-2.3,-2.99,2026-11-11,False,https://www.tradingview.com/chart/?symbol=NYSE:COMP&interval=D,False,False,False,False
PTRN,Pattern Group Inc. - Series A,NASDAQ,Advertising/Marketing Services,17.82,19.35,20.48,4.91,5.15,1690433.0,1582403.0,28198421.0,30620553.0,5.07,116,-12.86,287,-36.56,368,41.54,126,-2.63,-2.52,2026-11-11,False,https://www.tradingview.com/chart/?symbol=NASDAQ:PTRN&interval=D,False,False,False,False
MWH,"SOLV Energy, Inc.",NASDAQ,Engineering & Construction,26.52,25.61,26.95,4.38,4.97,1317189.4,1361364.2,36103379.0,34869529.0,10.09,51,7.76,108,-6.95,225,-8.87,257,-2.68,-0.32,2026-12-02,False,https://www.tradingview.com/chart/?symbol=NASDAQ:MWH&interval=D,False,False,False,False
LPTH,"LightPath Technologies, Inc.",NASDAQ,Electronic Components,10.87,10.4,11.27,4.69,6.42,2199563.7,3219456.1666666665,34995489.0,33468393.0,7.84,79,10.24,96,-12.83,263,-5.48,243,-2.69,-0.56,2026-11-05,False,https://www.tradingview.com/chart/?symbol=NASDAQ:LPTH&interval=D,False,False,False,False
PRM,"Perimeter Solutions, SA",NYSE,Chemicals: Major Diversified,28.62,30.15,31.45,4.64,4.69,1555523.8,1202765.8,34423157.0,36258979.0,1.96,171,-9.89,262,-13.43,269,13.12,195,-3.4,-1.92,2026-10-30,False,https://www.tradingview.com/chart/?symbol=NYSE:PRM&interval=D,False,False,False,False
MOD,Modine Manufacturing Company,NYSE,Industrial Machinery,189.91,173.01,176.59,4.85,5.3,1616725.4013257395,1438074.132718797,273104659.0,248804093.0,15.54,14,10.84,93,-9.53,243,-11.88,275,-3.53,1.42,2026-11-03,False,https://www.tradingview.com/chart/?symbol=NYSE:MOD&interval=D,True,False,False,False
BTDR,Bitdeer Technologies Group,NASDAQ,Data Processing Services,10.91,11.48,10.91,7.25,7.85,9430493.6,10197539.733333332,111255158.0,117023567.0,-3.24,267,-6.91,229,-13.62,270,9.65,208,-3.63,0.0,2026-11-16,False,https://www.tradingview.com/chart/?symbol=NASDAQ:BTDR&interval=D,False,False,False,False
EROC,"ERock, Inc.",NYSE,Electrical Products,13.64,12.4,12.41,6.99,8.38,2369553.3,2528871.7333333334,34493810.0,31351266.0,9.56,56,16.78,68,4.44,159,-32.14,346,-3.64,1.18,2026-12-02,False,https://www.tradingview.com/chart/?symbol=NYSE:EROC&interval=D,False,False,False,False
BTU,Peabody Energy Corporation,NYSE,Coal,25.43,27.05,25.92,4.48,4.55,1823453.4,2369600.1666666665,60258932.0,64097685.0,1.31,184,-7.02,230,11.93,125,-16.04,288,-3.71,-0.42,2026-10-29,False,https://www.tradingview.com/chart/?symbol=NYSE:BTU&interval=D,False,False,False,False
ARQT,"Arcutis Biotherapeutics, Inc.",NASDAQ,Pharmaceuticals: Major,23.92,25.08,25.57,5.76,5.08,2342289.3,2956269.7666666666,70713973.0,74140782.0,-12.09,380,2.79,142,-12.61,261,-1.4,234,-3.74,-1.27,2026-10-29,False,https://www.tradingview.com/chart/?symbol=NASDAQ:ARQT&interval=D,False,False,False,False
WDC,Western Digital Corporation,NASDAQ,Computer Peripherals,411.04,449.14,462.86,5.66,7.21,9496956.3,7439028.366666666,3057738220.0,3341132965.0,-11.25,372,-9.11,258,-21.86,318,19.53,180,-3.81,-1.55,2026-10-22,False,https://www.tradingview.com/chart/?symbol=NASDAQ:WDC&interval=D,False,False,False,False
BHVN,Biohaven Ltd.,NYSE,Pharmaceuticals: Major,12.08,14.02,14.02,7.72,7.9,2032966.0,3412907.2,41227919.0,47863748.0,-7.93,342,-22.16,357,-20.79,314,30.59,142,-4.12,-1.76,2026-11-17,False,https://www.tradingview.com/chart/?symbol=NYSE:BHVN&interval=D,False,False,False,False
DPC,DPC Holdings PLC,NYSE,Electrical Products,42.01,41.8,44.71,4.67,5.98,1295933.4,1251940.4,52594016.0,52330691.0,1.97,170,0.41,166,-10.33,249,-4.52,241,-4.82,-1.01,2026-12-02,False,https://www.tradingview.com/chart/?symbol=NYSE:DPC&interval=D,False,False,False,False
LGN,Legence Corp.,NASDAQ,Engineering & Construction,56.34,54.14,57.7,4.39,5.22,1045873.7,922790.9333333333,51990041.0,49961593.0,4.84,118,6.52,115,-19.18,303,-2.12,236,-4.93,-0.45,2026-11-13,False,https://www.tradingview.com/chart/?symbol=NASDAQ:LGN&interval=D,False,False,False,False
BRUN,Boost Run Inc.,NASDAQ,Packaged Software,15.17,16.73,17.91,8.46,10.42,2098100.6,2275941.2,34526028.0,38083324.0,-7.44,336,-11.03,271,-45.82,385,40.99,128,-5.29,-1.47,2026-12-02,False,https://www.tradingview.com/chart/?symbol=NASDAQ:BRUN&interval=D,False,False,False,False
GLOB,Globant S.A.,NYSE,Information Technology Services,35.56,37.29,37.6,4.31,5.1,846382.0,972617.5,34586278.0,36270528.0,5.83,107,-10.69,267,16.21,111,-22.12,315,-5.53,-1.06,2026-11-12,False,https://www.tradingview.com/chart/?symbol=NYSE:GLOB&interval=D,False,False,False,False
TMDX,"TransMedics Group, Inc.",NASDAQ,Medical Specialties,80.28,85.81,85.59,4.8,5.23,703576.5,721360.1666666666,57910794.0,61900998.0,-2.76,257,-5.14,212,14.6,116,-26.54,329,-5.69,-1.19,2026-11-04,False,https://www.tradingview.com/chart/?symbol=NASDAQ:TMDX&interval=D,False,False,False,False
MIR,"Mirion Technologies, Inc.",NYSE,Aerospace & Defense,16.27,15.54,15.48,4.19,4.48,3857592.0,3790191.3333333335,61666413.0,58908417.0,11.36,36,-1.99,189,2.78,169,-19.01,300,-6.07,1.14,2026-11-03,False,https://www.tradingview.com/chart/?symbol=NYSE:MIR&interval=D,False,False,False,False
SGRY,"Surgery Partners, Inc.",NASDAQ,Hospital/Nursing Management,13.41,14.01,14.44,5.67,5.19,1745922.0,2337137.0,31341007.0,32742510.0,-8.46,347,-5.36,214,-20.74,313,7.19,215,-6.3,-1.38,2026-11-10,False,https://www.tradingview.com/chart/?symbol=NASDAQ:SGRY&interval=D,False,False,False,False
RIVN,"Rivian Automotive, Inc.",NASDAQ,Motor Vehicles,14.51,15.51,15.66,4.22,4.54,27126649.3,23014240.033333335,333936623.0,356889492.0,-2.88,258,-7.99,251,-7.4,227,-3.52,239,-6.31,-1.62,2026-10-29,False,https://www.tradingview.com/chart/?symbol=NASDAQ:RIVN&interval=D,False,False,False,False
CVNA,Carvana Co.,NYSE,Specialty Stores,63.88,68.47,68.81,4.37,4.95,8449333.8,7194277.966666667,459570477.0,492608999.0,2.16,163,-12.31,283,-3.43,200,-3.53,240,-6.42,-1.45,2026-10-28,False,https://www.tradingview.com/chart/?symbol=NYSE:CVNA&interval=D,False,False,False,False
QBTS,D-Wave Quantum Inc.,NASDAQ,Computer Processing Hardware,15.79,16.95,18.05,6.01,6.12,16372042.0,16154382.833333334,255077705.0,273784480.0,-7.71,340,-5.96,220,-23.05,327,9.65,207,-6.45,-2.05,2026-11-05,False,https://www.tradingview.com/chart/?symbol=NASDAQ:QBTS&interval=D,False,False,False,False
ENPH,"Enphase Energy, Inc.",NASDAQ,Electrical Products,33.91,35.25,36.81,4.16,5.01,5122566.3,4605569.033333333,156174846.0,162367033.0,8.53,69,-6.39,223,-18.33,295,5.05,222,-6.56,-1.57,2026-10-27,False,https://www.tradingview.com/chart/?symbol=NASDAQ:ENPH&interval=D,False,False,False,False
GEN,Gen Digital Inc.,NASDAQ,Packaged Software,22.8,27.56,27.84,6.06,5.1,17620082.1,10384424.066666666,236764869.0,286203381.0,7.55,87,-26.59,385,-14.8,274,20.95,178,-6.81,-3.55,2026-11-10,False,https://www.tradingview.com/chart/?symbol=NASDAQ:GEN&interval=D,False,False,False,False
CDE,"Coeur Mining, Inc.",NYSE,Precious Metals,17.17,19.77,18.99,4.27,5.28,35608896.7,34428349.9,591134768.0,680522240.0,-3.92,276,-18.45,339,10.21,135,-13.11,280,-7.12,-1.82,2026-11-11,False,https://www.tradingview.com/chart/?symbol=NYSE:CDE&interval=D,False,False,False,False
APLD,Applied Digital Corporation,NASDAQ,Data Processing Services,25.34,26.04,27.15,5.89,6.55,17766116.1,16478528.466666674,417565911.0,429040460.0,1.5,178,-2.54,195,-16.85,282,-2.73,238,-7.37,-1.02,2026-10-07,True,https://www.tradingview.com/chart/?symbol=NASDAQ:APLD&interval=D,False,False,False,False
ONDS,Ondas Inc,NASDAQ,Telecommunications Equipment,7.41,7.53,7.98,4.89,5.51,58598672.5,60161961.53333333,445800135.0,453069705.0,-6.38,316,-2.63,196,1.37,174,-21.3,307,-7.52,-1.29,2026-11-16,False,https://www.tradingview.com/chart/?symbol=NASDAQ:ONDS&interval=D,False,False,False,False
EXK,Endeavour Silver Corporation,NYSE,Precious Metals,8.67,10.0,9.79,4.71,5.75,7614382.0,8026186.633333334,69587038.0,80293971.0,-3.56,272,-22.31,360,10.59,132,-11.44,271,-7.72,-2.0,2026-11-10,False,https://www.tradingview.com/chart/?symbol=NYSE:EXK&interval=D,False,False,False,False
BSP,Bending Spoons S.p.A.,NASDAQ,Packaged Software,33.07,37.84,39.06,6.39,7.19,2998726.8,2147437.066666667,71015744.0,81255797.0,-1.84,240,-19.99,347,-10.31,248,6.68,217,-7.87,-2.13,2026-11-12,False,https://www.tradingview.com/chart/?symbol=NASDAQ:BSP&interval=D,False,False,False,False
CNXC,Concentrix Corporation,NASDAQ,Information Technology Services,24.84,28.3,27.07,9.08,8.95,2700471.6,1956512.2,48599763.0,55373208.0,-2.66,256,-23.52,367,9.86,136,-10.42,267,-8.03,-0.92,2027-01-19,False,https://www.tradingview.com/chart/?symbol=NASDAQ:CNXC&interval=D,False,False,False,False
KVYO,"Klaviyo, Inc. Series A",NYSE,Packaged Software,16.6,17.15,17.56,4.77,5.52,5760136.5,6280821.833333333,104261642.0,107728656.0,8.57,68,-14.7,308,-2.12,190,-7.78,251,-8.2,-1.0,2026-11-11,False,https://www.tradingview.com/chart/?symbol=NYSE:KVYO&interval=D,False,False,False,False
THRM,Gentherm Inc,NASDAQ,Auto Parts: OEM,31.0,36.93,38.85,5.73,5.81,2772915.3,1118007.6333333333,34658237.0,41283736.0,-8.42,346,-22.89,362,-9.38,239,7.49,214,-8.26,-3.48,2026-10-22,False,https://www.tradingview.com/chart/?symbol=NASDAQ:THRM&interval=D,False,False,False,False
RDDT,"Reddit, Inc.",NYSE,Internet Software/Services,148.95,152.49,155.35,4.27,4.8,4123114.4,4544147.566666666,676850780.0,692915856.0,2.76,151,-4.36,205,-23.86,332,3.05,226,-8.39,-0.86,2026-11-04,False,https://www.tradingview.com/chart/?symbol=NYSE:RDDT&interval=D,False,False,False,False
RBLX,Roblox Corporation,NYSE,Packaged Software,45.56,44.45,42.32,4.73,5.21,14336681.7,11460762.0,522152317.0,509392668.0,8.74,65,9.92,98,-18.41,297,-16.86,295,-8.45,1.47,2026-11-11,False,https://www.tradingview.com/chart/?symbol=NYSE:RBLX&interval=D,False,False,False,False
TTAN,"ServiceTitan, Inc.",NASDAQ,Packaged Software,68.67,71.62,78.21,5.38,6.17,1932005.2,3440464.8333333335,236256720.0,246393476.0,14.36,19,-25.0,374,-12.43,259,11.59,199,-8.62,-1.98,2027-01-19,False,https://www.tradingview.com/chart/?symbol=NASDAQ:TTAN&interval=D,True,False,False,False
PENN,"PENN Entertainment, Inc.",NASDAQ,Casinos/Gaming,15.91,16.48,17.67,4.1,4.18,3621522.1,3129492.7666666666,49790230.0,51582386.0,3.78,130,-7.18,236,-23.47,331,4.53,224,-8.71,-2.38,2026-11-05,False,https://www.tradingview.com/chart/?symbol=NASDAQ:PENN&interval=D,False,False,False,False
MBLY,Mobileye Global Inc.,NASDAQ,Packaged Software,7.47,8.04,8.28,4.54,4.66,6789720.3,5107524.133333334,38153205.0,41079817.0,-4.35,283,-10.11,263,-19.2,304,2.33,227,-8.99,-2.09,2026-10-22,False,https://www.tradingview.com/chart/?symbol=NASDAQ:MBLY&interval=D,False,False,False,False
MP,MP Materials Corp.,NYSE,Other Metals/Minerals,48.53,51.29,51.24,4.08,5.01,5042548.7,5091732.733333333,247101790.0,261168550.0,3.52,138,-14.21,302,-3.9,205,-9.51,259,-9.21,-1.05,2026-10-29,False,https://www.tradingview.com/chart/?symbol=NYSE:MP&interval=D,False,False,False,False
SKYD,Paramount Skydance Corporation,NYSE,Cable/Satellite TV,9.53,10.4,9.96,6.96,6.04,27965113.5,22548521.366666667,214887409.0,234602332.0,-6.57,320,-13.05,288,-4.22,207,-11.6,272,-9.62,-0.72,2026-11-16,False,https://www.tradingview.com/chart/?symbol=NYSE:SKYD&interval=D,False,False,False,False
LEN,Lennar Corporation,NYSE,Homebuilding,77.41,81.49,83.36,4.22,4.18,6647536.8,5006766.0,387573756.0,407984672.0,-5.91,311,-7.85,250,-9.7,245,-11.6,273,-9.72,-1.71,2026-12-16,False,https://www.tradingview.com/chart/?symbol=NYSE:LEN&interval=D,False,False,False,False
TNDM,"Tandem Diabetes Care, Inc.",NASDAQ,Medical Specialties,16.16,18.22,19.49,6.2,6.53,2311405.6,1945542.3666666667,31439965.0,35441945.0,-0.49,213,-19.36,344,6.53,149,-16.44,291,-9.76,-2.62,2026-11-05,False,https://www.tradingview.com/chart/?symbol=NASDAQ:TNDM&interval=D,False,False,False,False
PPC,Pilgrim's Pride Corporation,NASDAQ,Agricultural Commodities/Milling,27.89,29.43,29.11,4.25,4.15,1652811.2,1433573.4666666666,39982364.0,42186244.0,0.18,200,-7.25,238,-1.34,188,-21.55,310,-10.05,-1.01,2026-10-28,False,https://www.tradingview.com/chart/?symbol=NASDAQ:PPC&interval=D,False,False,False,False
KD,"Kyndryl Holdings, Inc.",NYSE,Data Processing Services,11.48,12.5,12.84,4.73,5.11,4576395.9,3909289.8333333335,44878647.0,48847880.0,1.64,175,-13.62,295,-5.75,216,-10.94,268,-10.1,-2.07,2026-11-10,False,https://www.tradingview.com/chart/?symbol=NYSE:KD&interval=D,False,False,False,False
CRML,Critical Metals Corp.,NASDAQ,Precious Metals,7.36,7.36,6.96,7.14,8.0,7556739.4,9642277.3,70967161.0,70944662.0,-4.79,290,-5.88,218,-12.8,262,-12.8,279,-10.49,0.71,2027-03-03,False,https://www.tradingview.com/chart/?symbol=NASDAQ:CRML&interval=D,False,False,False,False
AXGN,"Axogen, Inc.",NASDAQ,Medical Specialties,36.31,44.99,45.62,5.27,5.84,1588866.8,1342740.2,48754897.0,60412791.0,-16.85,394,-22.3,359,-17.44,285,7.59,213,-10.72,-3.49,2026-11-10,False,https://www.tradingview.com/chart/?symbol=NASDAQ:AXGN&interval=D,False,False,False,False
PRIM,Primoris Services Corporation,NYSE,Engineering & Construction,84.97,75.4,77.87,4.09,4.5,1358279.1,1287905.1,109433296.0,97102034.0,15.81,12,14.45,78,-0.78,184,-45.99,375,-10.77,2.02,2026-11-09,False,https://www.tradingview.com/chart/?symbol=NYSE:PRIM&interval=D,True,False,False,False
COUR,"Coursera, Inc.",NYSE,Miscellaneous Commercial Services,5.12,5.45,5.57,4.28,4.81,8683933.4,6198670.433333334,31737193.0,33757959.0,10.11,50,-13.66,297,-10.49,250,-8.73,256,-10.96,-1.69,2026-10-22,False,https://www.tradingview.com/chart/?symbol=NYSE:COUR&interval=D,False,False,False,False
LEU,Centrus Energy Corp.,NYSE,Other Metals/Minerals,153.88,158.83,168.15,4.51,6.02,627298.6,748417.3999999989,115166470.0,118871385.0,7.51,88,-10.61,266,-5.5,214,-16.99,296,-11.03,-1.41,2026-11-11,False,https://www.tradingview.com/chart/?symbol=NYSE:LEU&interval=D,False,False,False,False
CIFR,Cipher Digital Inc.,NASDAQ,Data Processing Services,15.5,16.63,17.31,7.41,8.48,29038190.6,32519870.866666667,504057998.0,540903012.0,-9.17,352,-10.53,265,-23.98,333,1.37,230,-11.05,-1.23,2026-11-11,False,https://www.tradingview.com/chart/?symbol=NASDAQ:CIFR&interval=D,False,False,False,False
UEC,Uranium Energy Corp.,AMEX,Other Metals/Minerals,10.11,10.72,10.79,5.05,5.98,11230640.9,9670102.266666668,97764734.0,103676390.0,2.02,169,-11.32,277,3.69,166,-25.77,324,-11.13,-1.05,2026-12-16,False,https://www.tradingview.com/chart/?symbol=AMEX:UEC&interval=D,False,False,False,False
CORZ,"Core Scientific, Inc.",NASDAQ,Packaged Software,16.68,17.24,18.39,5.46,5.94,11333289.5,11351213.4,189338240.0,195728973.0,-0.54,215,-5.44,215,-22.09,320,-6.34,246,-11.29,-1.56,2026-11-11,False,https://www.tradingview.com/chart/?symbol=NASDAQ:CORZ&interval=D,False,False,False,False
CPRI,Capri Holdings Limited,NYSE,Apparel/Footwear Retail,14.67,14.04,14.53,4.86,4.93,3671292.5,5290304.0,77608760.0,74279395.0,-0.81,218,11.31,90,-23.35,330,-23.95,320,-12.0,0.19,2026-11-05,False,https://www.tradingview.com/chart/?symbol=NYSE:CPRI&interval=D,False,False,False,False
ALGT,Allegiant Travel Company,NASDAQ,Airlines,77.54,77.71,82.99,4.14,4.67,468042.8,487835.6666666667,37826778.0,37912068.0,-0.28,209,2.38,144,-29.51,348,-9.24,258,-12.12,-1.41,2026-11-04,False,https://www.tradingview.com/chart/?symbol=NASDAQ:ALGT&interval=D,False,False,False,False
NG,Novagold Resources Inc.,AMEX,Precious Metals,6.62,7.6,7.49,4.41,5.68,4494406.4,5502046.566666666,36423548.0,41817388.0,-1.19,227,-17.97,335,10.52,134,-29.65,337,-12.37,-2.04,2026-10-08,True,https://www.tradingview.com/chart/?symbol=AMEX:NG&interval=D,False,False,False,False
NESR,National Energy Services Reunited Corp,NASDAQ,Oilfield Services/Equipment,24.51,31.71,31.6,6.04,6.45,2883836.1,2075813.7,50878194.0,65817479.0,-14.36,387,-28.52,390,-12.37,258,3.46,225,-12.48,-3.48,2026-11-04,False,https://www.tradingview.com/chart/?symbol=NASDAQ:NESR&interval=D,False,False,False,False
ACHR,Archer Aviation Inc.,NYSE,Aerospace & Defense,4.65,5.46,5.59,5.46,6.15,22571429.8,23411580.7,108863850.0,127897465.0,-11.76,377,-18.85,341,-4.12,206,-15.15,285,-12.71,-2.72,2026-11-05,False,https://www.tradingview.com/chart/?symbol=NYSE:ACHR&interval=D,False,False,False,False
CE,Celanese Corporation,NYSE,Chemicals: Specialty,44.85,45.53,45.21,4.11,4.16,1752040.6,1798609.5666666667,80667639.0,81894890.0,-1.73,239,0.34,168,-8.84,236,-29.7,338,-12.74,-0.19,2026-11-02,False,https://www.tradingview.com/chart/?symbol=NYSE:CE&interval=D,False,False,False,False
AVAV,"AeroVironment, Inc.",NASDAQ,Aerospace & Defense,143.54,149.27,157.68,4.78,5.34,1306554.6,1976277.3,283674844.0,294996607.0,-3.66,274,-1.44,184,-13.36,267,-23.45,319,-12.75,-1.68,2026-12-08,False,https://www.tradingview.com/chart/?symbol=NASDAQ:AVAV&interval=D,False,False,False,False
LUMN,"Lumen Technologies, Inc.",NASDAQ,Major Telecommunications,5.9,6.27,6.27,4.41,5.13,12513403.6,13194351.1,77912643.0,82669207.0,6.21,103,-15.4,314,-7.01,226,-16.0,287,-12.8,-1.14,2026-11-04,False,https://www.tradingview.com/chart/?symbol=NASDAQ:LUMN&interval=D,False,False,False,False
RRR,"Red Rock Resorts, Inc.",NASDAQ,Hotels/Resorts/Cruise lines,52.05,53.63,57.35,4.02,3.71,1334041.0,1161453.3333333333,60453646.0,62289129.0,3.09,146,-9.21,259,-20.93,316,-8.41,253,-12.85,-2.49,2026-11-03,False,https://www.tradingview.com/chart/?symbol=NASDAQ:RRR&interval=D,False,False,False,False
MOS,Mosaic Company (The),NYSE,Chemicals: Agricultural,20.94,24.04,23.51,4.8,4.9,7952969.1,8068237.2,168948887.0,194000763.0,-5.89,309,-16.24,321,-1.04,185,-21.31,308,-12.86,-2.23,2026-11-10,False,https://www.tradingview.com/chart/?symbol=NYSE:MOS&interval=D,False,False,False,False
CRK,"Comstock Resources, Inc.",NYSE,Oil & Gas Production,13.65,13.93,13.77,4.43,4.77,2510495.5,2838015.3333333335,38738909.0,39529770.0,9.2,57,-9.0,257,-5.14,212,-26.1,326,-13.41,-0.18,2026-11-04,False,https://www.tradingview.com/chart/?symbol=NYSE:CRK&interval=D,False,False,False,False
NYT,New York Times Company (The),NYSE,Publishing: Newspapers,64.07,66.75,67.34,4.16,3.72,3464257.5,3000501.7,192242144.0,200270486.0,-0.08,207,-4.46,207,-13.29,266,-24.25,321,-14.0,-1.3,2026-11-11,False,https://www.tradingview.com/chart/?symbol=NYSE:NYT&interval=D,False,False,False,False
SMR,NuScale Power Corporation,NYSE,Electrical Products,8.02,8.9,8.99,5.65,7.06,31247555.9,36680114.06666667,294174515.0,326477469.0,-1.23,229,-17.23,329,-8.4,233,-16.63,293,-14.09,-1.53,2026-11-05,False,https://www.tradingview.com/chart/?symbol=NYSE:SMR&interval=D,False,False,False,False
FLY,Firefly Aerospace Inc.,NASDAQ,Aerospace & Defense,22.83,22.08,22.82,7.27,7.3,3733080.1,3057084.933333333,69793249.0,67492283.0,-7.5,338,6.09,119,-8.64,234,-39.9,365,-14.15,0.01,2026-11-18,False,https://www.tradingview.com/chart/?symbol=NASDAQ:FLY&interval=D,False,False,False,False
MMYT,MakeMyTrip Limited,NASDAQ,Internet Software/Services,43.37,50.83,54.44,4.44,5.03,1286531.1,877035.4,38037025.0,44582925.0,-10.13,362,-23.82,369,-24.05,334,4.58,223,-14.43,-4.04,2026-11-03,False,https://www.tradingview.com/chart/?symbol=NASDAQ:MMYT&interval=D,False,False,False,False
DAIC,"CID HoldCo, Inc.",NASDAQ,Miscellaneous,2.51,3.3,2.26,24.64,24.94,658239.8000000006,12599562.466666667,31624902.0,41549157.0,-15.49,391,-24.85,373,29.38,75,-47.98,377,-14.48,0.44,,False,https://www.tradingview.com/chart/?symbol=NASDAQ:DAIC&interval=D,False,False,False,False
OKLO,Oklo Inc.,NYSE,Industrial Machinery,38.55,38.98,40.46,4.78,5.8,8612851.0,10286583.9,396547809.0,400923036.0,1.57,176,-2.43,193,-18.9,299,-22.17,316,-14.5,-0.81,2026-11-18,False,https://www.tradingview.com/chart/?symbol=NYSE:OKLO&interval=D,False,False,False,False
NNE,Nano Nuclear Energy Inc.,NASDAQ,Electrical Products,16.49,17.05,17.49,5.2,6.09,1816965.7,1874697.5666666667,30913763.0,31967343.0,-0.33,210,-7.1,235,-10.09,246,-26.52,328,-14.57,-0.94,2026-12-17,False,https://www.tradingview.com/chart/?symbol=NASDAQ:NNE&interval=D,False,False,False,False
FOUR,"Shift4 Payments, Inc.",NYSE,Miscellaneous Commercial Services,38.5,41.1,44.04,4.31,5.59,2201941.9,2146497.2666666666,82640145.0,88224615.0,4.42,123,-13.17,290,-22.77,325,-7.78,252,-14.57,-2.25,2026-11-11,False,https://www.tradingview.com/chart/?symbol=NYSE:FOUR&interval=D,False,False,False,False
FSLR,"First Solar, Inc.",NASDAQ,Semiconductors,179.8,194.79,206.46,4.16,4.61,2600349.8,2245048.8666666667,403659786.0,437309327.0,3.2,142,-13.66,296,-19.77,308,-10.33,266,-14.58,-2.8,2026-10-29,False,https://www.tradingview.com/chart/?symbol=NASDAQ:FSLR&interval=D,False,False,False,False
TRU,TransUnion,NYSE,Financial Publishing/Services,63.42,74.55,77.21,4.16,4.47,3063086.1,2606552.8666666667,165307583.0,194311565.0,-2.02,244,-17.05,328,-17.84,289,-9.75,261,-14.88,-4.0,2026-10-27,False,https://www.tradingview.com/chart/?symbol=NYSE:TRU&interval=D,False,False,False,False
NN,NextNav Inc.,NASDAQ,Packaged Software,13.27,14.85,15.42,6.81,7.02,2504203.8,2460260.966666667,32647663.0,36526674.0,-7.72,341,-15.42,315,-20.82,315,-8.48,255,-14.91,-1.99,2026-11-05,False,https://www.tradingview.com/chart/?symbol=NASDAQ:NN&interval=D,False,False,False,False
RZLV,Rezolve AI PLC,NASDAQ,Packaged Software,2.15,2.35,2.43,4.0,5.59,10847959.6,18612024.666666668,40015853.0,43825114.0,0.0,206,-2.27,191,-20.66,311,-21.82,312,-14.92,-2.09,2027-04-29,False,https://www.tradingview.com/chart/?symbol=NASDAQ:RZLV&interval=D,False,False,False,False
FTFT,Future FinTech Group Inc.,NASDAQ,Finance/Rental/Leasing,3.4,3.55,3.47,21.15,26.75,755957.0,11026954.458333334,37436510.0,39114372.0,-17.4,396,107.01,5,-64.46,397,-87.52,404,-14.99,-0.08,,False,https://www.tradingview.com/chart/?symbol=NASDAQ:FTFT&interval=D,False,True,False,False
PBLS,"Parabilis Medicines, Inc.",NASDAQ,Pharmaceuticals: Major,28.86,36.26,36.21,11.37,9.45,852871.5,964357.6,27831360.0,34964714.0,-12.12,381,-28.21,389,-3.45,201,-13.46,282,-15.04,-2.15,2026-12-02,False,https://www.tradingview.com/chart/?symbol=NASDAQ:PBLS&interval=D,False,False,False,False
LBRT,Liberty Energy Inc.,NYSE,Oilfield Services/Equipment,20.12,19.45,19.62,4.38,4.71,4507925.0,3786602.2666666666,76186438.0,73634268.0,7.77,81,-0.35,174,-17.17,284,-28.75,332,-15.42,0.54,2026-10-21,False,https://www.tradingview.com/chart/?symbol=NYSE:LBRT&interval=D,False,False,False,False
PRAX,"Praxis Precision Medicines, Inc.",NASDAQ,Pharmaceuticals: Major,280.14,320.24,331.51,5.22,5.57,528404.0,419781.6333333337,117597627.0,134430730.0,-1.11,225,-20.64,353,-13.4,268,-12.46,278,-15.5,-2.78,2026-11-11,False,https://www.tradingview.com/chart/?symbol=NASDAQ:PRAX&interval=D,False,False,False,False
ERAS,"Erasca, Inc.",NASDAQ,Pharmaceuticals: Major,14.3,15.81,16.73,6.71,6.98,4705525.3,4819007.033333333,68911801.0,76189304.0,1.42,180,-10.85,269,-22.03,319,-15.58,286,-16.15,-2.08,2026-11-11,False,https://www.tradingview.com/chart/?symbol=NASDAQ:ERAS&interval=D,False,False,False,False
CARG,"CarGurus, Inc.",NASDAQ,Internet Software/Services,28.73,33.07,34.59,4.43,4.45,1671952.6,1236766.6,35532304.0,40899665.0,-5.87,308,-14.49,304,-17.8,288,-16.53,292,-16.27,-3.81,2026-11-10,False,https://www.tradingview.com/chart/?symbol=NASDAQ:CARG&interval=D,False,False,False,False
ASTS,"AST SpaceMobile, Inc.",NASDAQ,Specialty Telecommunications,63.12,60.51,62.84,6.04,6.53,11277817.0,10289102.7,649448162.0,622641620.0,-3.04,262,-0.44,175,-14.43,273,-34.34,356,-16.4,0.07,2026-11-16,False,https://www.tradingview.com/chart/?symbol=NASDAQ:ASTS&interval=D,False,False,False,False
LUNR,"Intuitive Machines, Inc.",NASDAQ,Aerospace & Defense,15.06,14.97,15.34,6.63,6.78,8173183.9,7221564.0,108756754.0,108140514.0,-2.08,247,1.24,155,-16.01,278,-34.86,358,-16.54,-0.27,2026-11-18,False,https://www.tradingview.com/chart/?symbol=NASDAQ:LUNR&interval=D,False,False,False,False
UAA,"Under Armour, Inc.",NYSE,Apparel/Footwear,4.88,4.86,5.3,4.14,4.3,11271782.6,9252570.0,45152542.0,44955153.0,14.02,20,-5.06,211,-26.84,340,-18.12,298,-16.67,-1.86,2026-11-05,False,https://www.tradingview.com/chart/?symbol=NYSE:UAA&interval=D,True,False,False,False
UPST,"Upstart Holdings, Inc.",NASDAQ,Finance/Rental/Leasing,23.86,25.95,27.35,4.11,4.87,4866819.0,4293667.066666666,102446896.0,111426385.0,2.45,155,-14.57,305,-25.44,337,-12.25,276,-17.42,-2.62,2026-11-10,False,https://www.tradingview.com/chart/?symbol=NASDAQ:UPST&interval=D,False,False,False,False
AIR,AAR Corp.,NYSE,Aerospace & Defense,104.03,119.28,128.63,5.43,5.31,906181.2,556486.7666666667,57891318.0,66377742.0,-10.7,366,-16.58,326,-22.41,324,-13.68,283,-17.56,-3.6,2027-01-06,False,https://www.tradingview.com/chart/?symbol=NYSE:AIR&interval=D,False,False,False,False
FIGR,"Figure Technology Solutions, Inc.",NASDAQ,Finance/Rental/Leasing,27.35,33.96,32.7,6.78,7.72,4724226.7,4648080.466666667,127125001.0,157840291.0,-9.75,357,-22.94,363,-10.94,253,-19.13,301,-17.67,-2.12,2026-11-12,False,https://www.tradingview.com/chart/?symbol=NASDAQ:FIGR&interval=D,False,False,False,False
SEDG,"SolarEdge Technologies, Inc.",NASDAQ,Electrical Products,34.04,33.68,34.24,5.84,6.85,2684237.1,3097112.8,105425720.0,104321083.0,6.37,100,0.53,162,-32.38,358,-21.73,311,-17.86,-0.08,2026-11-11,False,https://www.tradingview.com/chart/?symbol=NASDAQ:SEDG&interval=D,False,False,False,False
WULF,TeraWulf Inc.,NASDAQ,Data Processing Services,14.97,15.88,16.3,5.96,7.02,26870769.2,27697226.2,414627476.0,439924276.0,-3.14,263,-6.9,228,-28.92,347,-17.93,297,-17.92,-1.16,2026-11-16,False,https://www.tradingview.com/chart/?symbol=NASDAQ:WULF&interval=D,False,False,False,False
ENOV,Enovis Corporation,NYSE,Medical Specialties,18.2,19.67,22.67,4.41,5.6,1446776.1999999997,1839011.2666666668,33470005.0,36179482.0,1.11,186,-4.26,204,-27.2,342,-22.75,317,-18.07,-3.52,2026-11-11,False,https://www.tradingview.com/chart/?symbol=NYSE:ENOV&interval=D,False,False,False,False
DNN,Denison Mines Corp,AMEX,Other Metals/Minerals,2.71,3.01,3.06,4.09,5.1,29618357.9,26001637.666666668,70464438.0,78394938.0,3.44,140,-20.06,349,-12.58,260,-22.79,318,-18.48,-2.25,2026-11-03,False,https://www.tradingview.com/chart/?symbol=AMEX:DNN&interval=D,False,False,False,False
ESAB,ESAB Corporation,NYSE,Industrial Machinery,71.83,71.17,77.13,4.16,4.25,1087095.5,935724.7,67213105.0,66597398.0,5.54,110,-3.84,201,-22.35,323,-29.53,336,-18.58,-1.62,2026-11-04,False,https://www.tradingview.com/chart/?symbol=NYSE:ESAB&interval=D,False,False,False,False
RKT,"Rocket Companies, Inc.",NYSE,Finance/Rental/Leasing,11.59,12.86,13.3,4.68,5.14,39092707.4,33457518.466666665,387772639.0,430118705.0,-2.93,259,-16.38,324,-18.32,294,-21.32,309,-18.67,-2.51,2026-10-29,False,https://www.tradingview.com/chart/?symbol=NYSE:RKT&interval=D,False,False,False,False
CBRS,Cerebras Systems Inc.,NASDAQ,Packaged Software,177.1,190.15,200.47,6.24,7.85,9088860.4,7163774.2,1268704411.0,1362164203.0,-11.82,378,-7.27,239,0.62,177,-49.4,381,-18.68,-1.48,2026-12-02,False,https://www.tradingview.com/chart/?symbol=NASDAQ:CBRS&interval=D,False,False,False,False
INSM,Insmed Incorporated,NASDAQ,Pharmaceuticals: Major,105.23,120.3,119.76,4.72,5.14,2897568.8,2342138.3,246463213.0,281763141.0,-10.11,361,-16.48,325,-5.98,217,-33.88,353,-18.78,-2.36,2026-10-29,False,https://www.tradingview.com/chart/?symbol=NASDAQ:INSM&interval=D,False,False,False,False
SRPT,"Sarepta Therapeutics, Inc.",NASDAQ,Pharmaceuticals: Major,17.31,20.02,18.92,5.3,5.91,2449561.6,3014670.6,52183948.0,60342652.0,-7.31,329,-23.34,364,-12.27,257,-20.96,306,-18.85,-1.44,2026-11-04,False,https://www.tradingview.com/chart/?symbol=NASDAQ:SRPT&interval=D,False,False,False,False
VSEC,VSE Corporation,NASDAQ,Engineering & Construction,168.48,188.76,200.98,4.76,5.27,397033.8,381262.9,64235173.0,71968583.0,-4.64,288,-16.34,323,-22.18,322,-19.62,305,-19.38,-3.07,2026-10-28,False,https://www.tradingview.com/chart/?symbol=NASDAQ:VSEC&interval=D,False,False,False,False
AN,"AutoNation, Inc.",NYSE,Specialty Stores,158.14,185.21,194.82,5.2,4.59,600933.7,598302.8666666667,94615615.0,110809281.0,-2.59,254,-23.36,365,-17.69,286,-19.16,302,-20.07,-4.11,2026-10-22,False,https://www.tradingview.com/chart/?symbol=NYSE:AN&interval=D,False,False,False,False
DKNG,DraftKings Inc.,NASDAQ,Movies/Entertainment,19.75,22.65,23.39,6.08,5.89,18285047.9,13608712.033333333,268772063.0,308264545.0,-7.1,325,-17.71,333,-25.92,339,-16.67,294,-20.1,-2.64,2026-10-30,False,https://www.tradingview.com/chart/?symbol=NASDAQ:DKNG&interval=D,False,False,False,False
BBAI,"BigBear.ai, Inc.",NYSE,Packaged Software,2.58,2.85,2.94,4.7,5.32,15239860.0,15492657.733333332,39971057.0,44200553.0,-4.44,286,-12.84,286,-23.33,329,-24.56,323,-20.24,-2.32,2026-11-11,False,https://www.tradingview.com/chart/?symbol=NYSE:BBAI&interval=D,False,False,False,False
ALM,Almonty Industries Inc.,NASDAQ,Other Metals/Minerals,13.04,15.46,14.99,5.83,7.79,5888758.4,6130284.966666667,79938916.0,94769097.0,-5.16,294,-25.87,382,-11.35,255,-24.49,322,-20.57,-1.67,2026-11-17,False,https://www.tradingview.com/chart/?symbol=NASDAQ:ALM&interval=D,False,False,False,False
KTOS,"Kratos Defense & Security Solutions, Inc.",NASDAQ,Aerospace & Defense,43.71,47.25,50.94,4.5,5.05,4581109.8,3871170.5,169208863.0,182924420.0,-2.04,245,-8.46,253,-12.95,264,-41.09,368,-20.83,-2.81,2026-10-29,False,https://www.tradingview.com/chart/?symbol=NASDAQ:KTOS&interval=D,False,False,False,False
AMPX,"Amprius Technologies, Inc.",NYSE,Electrical Products,9.47,9.69,10.14,5.78,6.03,6352658.2,5033683.6,47668984.0,48771360.0,-0.94,221,-1.56,185,-18.01,291,-43.05,371,-20.87,-1.09,2026-11-05,False,https://www.tradingview.com/chart/?symbol=NYSE:AMPX&interval=D,False,False,False,False
VKTX,"Viking Therapeutics, Inc.",NASDAQ,Pharmaceuticals: Major,28.38,32.79,33.11,8.69,8.61,10819848.2,6347644.633333334,180146155.0,208135036.0,-14.29,386,-15.91,316,-32.2,356,-14.65,284,-20.92,-1.66,2026-10-28,False,https://www.tradingview.com/chart/?symbol=NASDAQ:VKTX&interval=D,False,False,False,False
INIO,INNIO N.V.,NASDAQ,Electrical Products,21.35,19.98,22.26,6.28,7.07,5829169.9,5325858.866666666,113707087.0,106391132.0,17.11,10,4.5,129,-36.83,369,-31.13,340,-21.15,-0.58,2026-12-02,False,https://www.tradingview.com/chart/?symbol=NASDAQ:INIO&interval=D,True,False,False,False
PLUG,"Plug Power, Inc.",NASDAQ,Electronic Production Equipment,1.86,2.06,2.1,4.72,5.46,48132660.4,48654368.766666666,90497126.0,100438835.0,-2.62,255,-11.85,278,-22.82,326,-29.28,335,-21.32,-2.11,2026-11-10,False,https://www.tradingview.com/chart/?symbol=NASDAQ:PLUG&interval=D,False,False,False,False
USAR,"USA Rare Earth, Inc.",NASDAQ,Metal Fabrication,13.74,16.16,16.68,4.75,6.24,12243008.4,12856013.833333334,176641630.0,207770325.0,-5.83,305,-26.33,384,-21.53,317,-16.12,289,-21.32,-2.83,2026-11-05,False,https://www.tradingview.com/chart/?symbol=NASDAQ:USAR&interval=D,False,False,False,False
FRMI,Fermi Inc.,NASDAQ,Real Estate Development,4.23,4.88,5.41,5.64,7.49,15774346.9,16413392.1,69428649.0,80015286.0,-1.63,237,-11.87,279,-42.41,379,-9.81,262,-21.36,-2.91,2026-11-17,False,https://www.tradingview.com/chart/?symbol=NASDAQ:FRMI&interval=D,False,False,False,False
MRP,"Millrose Properties, Inc.",NYSE,Real Estate Development,23.17,28.57,28.92,4.4,4.49,4135007.9,2287398.966666667,52999034.0,65357088.0,-12.23,383,-26.63,386,-17.98,290,-19.52,304,-21.38,-4.43,2026-10-22,False,https://www.tradingview.com/chart/?symbol=NYSE:MRP&interval=D,False,False,False,False
WING,Wingstop Inc.,NASDAQ,Restaurants,112.2,107.47,112.98,4.16,5.19,1330217.0,1288572.5,144577834.0,138479450.0,8.66,67,1.22,156,-32.21,357,-33.18,351,-21.39,-0.13,2026-10-28,False,https://www.tradingview.com/chart/?symbol=NASDAQ:WING&interval=D,False,False,False,False
GRML,Greenland Mines Ltd,NASDAQ,Miscellaneous Commercial Services,6.38,6.9,8.04,41.75,35.29,15766274.6,16558893.9,105645743.0,114295005.0,-39.24,405,43.69,17,-43.54,381,-64.46,396,-21.43,-0.58,,False,https://www.tradingview.com/chart/?symbol=NASDAQ:GRML&interval=D,False,True,False,False
ALKT,"Alkami Technology, Inc.",NASDAQ,Packaged Software,14.11,17.66,18.41,5.04,5.75,2660508.3,1863929.9666666666,26300052.0,32925080.0,6.01,106,-28.77,391,-23.11,328,-13.17,281,-21.68,-4.06,2026-10-29,False,https://www.tradingview.com/chart/?symbol=NASDAQ:ALKT&interval=D,False,False,False,False
ACAD,ACADIA Pharmaceuticals Inc.,NASDAQ,Pharmaceuticals: Major,19.74,25.69,26.74,4.85,4.7,3071863.4,2054680.6333333333,40559396.0,52783033.0,-4.2,281,-28.92,392,-24.51,336,-11.68,274,-21.7,-5.57,2026-11-11,False,https://www.tradingview.com/chart/?symbol=NASDAQ:ACAD&interval=D,False,False,False,False
RSI,"Rush Street Interactive, Inc.",NYSE,Casinos/Gaming,20.56,23.77,24.77,5.81,5.57,4292119.3,3266117.9,67151384.0,77650864.0,4.84,117,-22.18,358,-36.25,366,-6.84,248,-21.76,-3.06,2026-11-04,False,https://www.tradingview.com/chart/?symbol=NYSE:RSI&interval=D,False,False,False,False
CHWY,"Chewy, Inc.",NYSE,Internet Retail,18.14,20.87,21.79,4.12,4.75,9795002.5,9737853.833333334,176644669.0,203251731.0,-3.2,265,-24.16,370,-10.95,254,-31.26,342,-22.12,-3.53,2026-12-03,False,https://www.tradingview.com/chart/?symbol=NYSE:CHWY&interval=D,False,False,False,False
TRIP,"TripAdvisor, Inc.",NASDAQ,Other Consumer Services,8.52,8.97,10.13,4.23,4.52,3934928.1,3998926.8666666667,34070857.0,35888369.0,1.19,185,-6.78,227,-37.86,371,-22.05,313,-22.23,-3.51,2026-11-09,False,https://www.tradingview.com/chart/?symbol=NASDAQ:TRIP&interval=D,False,False,False,False
GIL,"Gildan Activewear, Inc.",NYSE,Apparel/Footwear,41.72,47.4,50.82,4.18,4.14,2810196.8,1666390.4333333333,69521809.0,78984685.0,-1.39,232,-21.42,355,-18.93,300,-26.87,331,-22.4,-4.33,2026-10-29,False,https://www.tradingview.com/chart/?symbol=NYSE:GIL&interval=D,False,False,False,False
Z,"Zillow Group, Inc.",NASDAQ,Internet Software/Services,27.7,31.31,32.69,4.13,4.51,4729082.3,3888291.1333333333,107705664.0,121732027.0,0.73,192,-20.43,351,-14.32,272,-32.72,349,-22.49,-3.39,2026-11-04,False,https://www.tradingview.com/chart/?symbol=NASDAQ:Z&interval=D,False,False,False,False
TE,T1 Energy Inc.,NYSE,Electrical Products,3.8,4.27,4.49,5.76,8.36,20688812.3,19773157.966666665,75138000.0,84517068.0,3.54,136,-15.37,313,-44.24,382,-8.43,254,-22.68,-1.84,2026-11-11,False,https://www.tradingview.com/chart/?symbol=NYSE:TE&interval=D,False,False,False,False
QXO,"QXO, Inc.",NYSE,Wholesale Distributors,12.11,12.51,13.28,4.43,4.87,21121817.2,17757485.933333334,215043155.0,222157987.0,-0.49,214,-8.95,256,-19.53,306,-40.34,367,-22.94,-1.81,2026-11-17,False,https://www.tradingview.com/chart/?symbol=NYSE:QXO&interval=D,False,False,False,False
XE,"X-Energy, Inc.",NASDAQ,Industrial Machinery,15.45,16.3,17.43,5.77,7.73,5916385.9,6850183.4,105835334.0,111685390.0,4.6,121,-12.56,284,-5.5,215,-51.75,387,-23.27,-1.47,2026-12-02,False,https://www.tradingview.com/chart/?symbol=NASDAQ:XE&interval=D,False,False,False,False
PUMP,ProPetro Holding Corp.,NYSE,Oilfield Services/Equipment,9.53,10.43,10.8,4.65,5.35,3924451.3,3801345.1666666665,36226819.0,39637893.0,3.59,134,-14.83,310,-24.06,335,-31.68,343,-23.53,-2.2,2026-11-04,False,https://www.tradingview.com/chart/?symbol=NYSE:PUMP&interval=D,False,False,False,False
OCUL,"Ocular Therapeutix, Inc.",NASDAQ,Pharmaceuticals: Major,7.34,9.76,9.71,8.22,8.23,4877280.5,3075279.1666666665,22572549.0,30027538.0,-5.9,310,-30.16,393,-28.18,345,-12.31,277,-23.55,-2.97,2026-11-09,False,https://www.tradingview.com/chart/?symbol=NASDAQ:OCUL&interval=D,False,False,False,False
QS,QuantumScape Corporation,NASDAQ,Electrical Products,4.65,5.15,5.39,4.42,4.98,12180503.4,12277976.166666666,57092589.0,63174280.0,0.11,202,-14.68,307,-30.08,353,-25.96,325,-23.57,-2.76,2026-10-28,False,https://www.tradingview.com/chart/?symbol=NASDAQ:QS&interval=D,False,False,False,False
EOSE,"Eos Energy Enterprises, Inc.",NASDAQ,Electrical Products,3.26,3.57,3.67,7.15,8.24,28888317.2,26529161.033333335,86485065.0,94806378.0,2.84,149,-7.39,246,-30.04,352,-34.14,354,-23.86,-1.36,2026-11-11,False,https://www.tradingview.com/chart/?symbol=NASDAQ:EOSE&interval=D,False,False,False,False
HYMC,Hycroft Mining Holding Corporation,NASDAQ,Precious Metals,19.09,21.62,22.77,5.82,7.16,1831072.1,2036721.566666662,38881015.0,44029507.0,-3.19,264,-14.78,309,-9.14,238,-48.66,378,-24.19,-2.26,2026-11-03,False,https://www.tradingview.com/chart/?symbol=NASDAQ:HYMC&interval=D,False,False,False,False
ALNY,"Alnylam Pharmaceuticals, Inc.",NASDAQ,Pharmaceuticals: Major,223.94,245.45,239.36,4.25,4.62,1279607.2,1498242.5666666667,335516440.0,367741640.0,-12.13,382,-13.4,293,-29.69,350,-31.24,341,-24.77,-1.39,2026-10-29,False,https://www.tradingview.com/chart/?symbol=NASDAQ:ALNY&interval=D,False,False,False,False
JOBY,"Joby Aviation, Inc.",NYSE,Aerospace & Defense,5.78,6.42,6.96,4.06,4.77,19975873.8,23734478.366666667,137185285.0,152351617.0,-7.22,326,-16.11,319,-27.98,344,-31.76,344,-25.28,-3.55,2026-11-11,False,https://www.tradingview.com/chart/?symbol=NYSE:JOBY&interval=D,False,False,False,False
MTZ,"MasTec, Inc.",NYSE,Engineering & Construction,228.3,227.33,247.84,4.64,5.08,1331338.3,1499784.8,342400870.0,340940579.0,10.36,45,-2.75,197,-38.42,373,-34.78,357,-25.32,-1.55,2026-10-29,False,https://www.tradingview.com/chart/?symbol=NYSE:MTZ&interval=D,False,False,False,False
MPT,"Medical Properties Trust, Inc.",NYSE,Real Estate Investment Trusts,3.3,3.7,3.96,4.1,4.17,10570953.8,10655978.666666666,35164730.0,39391601.0,-5.71,302,-18.32,337,-27.63,343,-30.53,339,-25.49,-4.01,2026-10-22,False,https://www.tradingview.com/chart/?symbol=NYSE:MPT&interval=D,False,False,False,False
MIRM,"Mirum Pharmaceuticals, Inc.",NASDAQ,Pharmaceuticals: Major,79.25,93.57,96.87,4.61,4.71,889493.7,723246.6333333333,57317296.0,67675634.0,-11.0,369,-20.01,348,-38.0,372,-18.82,299,-25.61,-3.86,2026-11-17,False,https://www.tradingview.com/chart/?symbol=NASDAQ:MIRM&interval=D,False,False,False,False
SPHR,Sphere Entertainment Co.,NYSE,Media Conglomerates,105.38,139.32,146.9,6.24,6.9,950113.5,690011.0666666667,72713366.0,96133262.0,-24.96,401,-25.78,381,-32.9,360,-19.25,303,-25.98,-4.09,2026-11-10,False,https://www.tradingview.com/chart/?symbol=NYSE:SPHR&interval=D,False,False,False,False
PLNT,"Planet Fitness, Inc.",NYSE,Other Consumer Services,42.25,47.5,49.65,5.13,4.5,3040279.5,2410043.033333333,101824318.0,114473027.0,4.04,128,-17.51,331,-18.2,292,-42.46,370,-26.06,-3.31,2026-11-10,False,https://www.tradingview.com/chart/?symbol=NYSE:PLNT&interval=D,False,False,False,False
STUB,"StubHub Holdings, Inc.",NYSE,Internet Software/Services,5.73,5.95,6.81,5.1,5.4,6720927.3,6629258.933333334,37985654.0,39430832.0,8.32,72,-13.18,292,-57.27,394,-9.91,263,-26.79,-2.94,2026-11-12,False,https://www.tradingview.com/chart/?symbol=NYSE:STUB&interval=D,False,False,False,False
QNT,Quantinuum Inc.,NASDAQ,Computer Processing Hardware,45.59,49.65,52.79,6.13,6.61,2053612.9,1791176.2333333334,81659724.0,88929512.0,-8.87,349,-7.54,247,-40.05,377,-32.96,350,-26.85,-2.06,2026-11-12,False,https://www.tradingview.com/chart/?symbol=NASDAQ:QNT&interval=D,False,False,False,False
FLUT,Flutter Entertainment plc,NYSE,Casinos/Gaming,76.25,91.11,94.65,5.66,5.38,2910166.7,2913622.5,222163716.0,265464031.0,-0.83,219,-24.5,371,-28.81,346,-28.8,333,-27.37,-3.61,2026-11-18,False,https://www.tradingview.com/chart/?symbol=NYSE:FLUT&interval=D,False,False,False,False
MIAX,"Miami International Holdings, Inc.",NYSE,Investment Banks/Brokers,30.79,38.86,40.98,4.92,5.5,1850076.4,1711022.4666666666,52682382.0,66489763.0,-9.71,356,-26.3,383,-29.57,349,-26.83,330,-27.57,-4.52,2026-10-29,False,https://www.tradingview.com/chart/?symbol=NYSE:MIAX&interval=D,False,False,False,False
KNF,Knife Riv Holding Co.,NYSE,Construction Materials,53.23,57.27,61.98,4.35,4.43,1287520.1,1077519.6,57356368.0,61710625.0,-1.02,224,-13.94,298,-34.38,363,-35.09,359,-27.8,-3.18,2026-11-09,False,https://www.tradingview.com/chart/?symbol=NYSE:KNF&interval=D,False,False,False,False
WHR,Whirlpool Corporation,NYSE,Electronics/Appliances,30.15,34.83,37.31,4.2,4.81,2754141.4,2743396.6,82713407.0,95541530.0,-5.04,293,-21.81,356,-18.51,298,-45.93,374,-28.75,-3.99,2026-10-15,False,https://www.tradingview.com/chart/?symbol=NYSE:WHR&interval=D,False,False,False,False
APP,Applovin Corporation,NASDAQ,Packaged Software,278.78,310.51,325.83,5.17,5.47,5670698.3,5086084.466666667,1417898628.0,1579305518.0,-9.78,359,-10.2,264,-46.87,388,-29.27,334,-28.78,-2.64,2026-11-11,False,https://www.tradingview.com/chart/?symbol=NASDAQ:APP&interval=D,False,False,False,False
NAMS,NewAmsterdam Pharma Company N.V.,NASDAQ,Pharmaceuticals: Major,22.27,23.83,25.35,6.13,6.21,1625425.1,1682542.5,37470221.0,40087697.0,-5.31,298,-13.18,291,-39.25,375,-34.31,355,-28.91,-1.95,2026-11-11,False,https://www.tradingview.com/chart/?symbol=NASDAQ:NAMS&interval=D,False,False,False,False
FUN,Six Flags Entertainment Corporation,NYSE,Movies/Entertainment,12.08,13.39,14.81,5.29,6.04,2961024.8,2338681.966666667,28251278.0,31311054.0,3.78,131,-19.68,346,-35.68,365,-32.21,348,-29.19,-3.05,2026-11-05,False,https://www.tradingview.com/chart/?symbol=NYSE:FUN&interval=D,False,False,False,False
HUBG,"Hub Group, Inc.",NASDAQ,Air Freight/Couriers,28.16,33.97,37.8,4.12,5.27,1284895.6,1283010.5333333334,36129577.0,43588145.0,-6.01,313,-22.7,361,-38.85,374,-26.42,327,-29.32,-4.84,2026-10-22,False,https://www.tradingview.com/chart/?symbol=NASDAQ:HUBG&interval=D,False,False,False,False
PL,Planet Labs PBC,NYSE,Packaged Software,18.57,17.79,19.7,4.86,5.66,11204703.0,11527935.766666668,214073767.0,205105033.0,8.91,63,-5.45,216,-33.68,361,-49.12,380,-29.42,-1.01,2026-12-14,False,https://www.tradingview.com/chart/?symbol=NYSE:PL&interval=D,False,False,False,False
GT,The Goodyear Tire & Rubber Company,NASDAQ,Automotive Aftermarket,4.66,5.48,5.87,4.46,4.95,8912894.5,9542044.366666667,44465927.0,52314258.0,-7.54,339,-23.48,366,-32.46,359,-33.33,352,-29.76,-4.18,2026-11-09,False,https://www.tradingview.com/chart/?symbol=NASDAQ:GT&interval=D,False,False,False,False
LCID,"Lucid Group, Inc.",NASDAQ,Motor Vehicles,4.16,4.38,5.31,5.38,6.7,8704154.799999978,11368685.866666686,47293733.0,49787265.0,5.18,115,-9.37,260,-29.85,351,-52.62,388,-30.61,-3.23,2026-11-09,False,https://www.tradingview.com/chart/?symbol=NASDAQ:LCID&interval=D,False,False,False,False
RUN,Sunrun Inc.,NASDAQ,Semiconductors,7.77,8.44,8.98,4.89,5.41,7835569.7,7296324.866666666,56692444.0,61545716.0,-0.26,208,-12.6,285,-36.36,367,-43.28,372,-30.75,-2.49,2026-11-04,False,https://www.tradingview.com/chart/?symbol=NASDAQ:RUN&interval=D,False,False,False,False
CHTR,"Charter Communications, Inc.",NASDAQ,Cable/Satellite TV,108.64,132.56,139.49,4.49,5.29,3015317.1,2859784.7666666666,310687017.0,379084489.0,-1.6,236,-27.91,388,-19.44,305,-50.89,385,-32.75,-4.18,2026-10-30,False,https://www.tradingview.com/chart/?symbol=NASDAQ:CHTR&interval=D,False,False,False,False
FMC,FMC Corporation,NYSE,Chemicals: Agricultural,9.03,10.7,10.66,5.48,6.16,5160561.7,4051934.533333333,36588969.0,43355700.0,-2.06,246,-30.27,394,-22.16,321,-49.61,382,-34.01,-2.48,2026-10-29,False,https://www.tradingview.com/chart/?symbol=NYSE:FMC&interval=D,False,False,False,False
CAR,"Avis Budget Group, Inc.",NASDAQ,Finance/Rental/Leasing,112.65,122.37,130.65,5.26,5.3,416708.9,422035.6,47542310.0,51642386.0,7.11,94,-18.35,338,-26.92,341,-56.82,390,-34.03,-2.6,2026-11-02,False,https://www.tradingview.com/chart/?symbol=NASDAQ:CAR&interval=D,False,False,False,False
CELC,Celcuity Inc.,NASDAQ,Medical Specialties,71.25,84.68,86.86,6.4,6.49,1282147.9,982759.9666666667,70021648.0,83219786.0,-10.53,365,-25.65,380,-37.49,370,-39.0,364,-34.05,-2.77,2026-11-18,False,https://www.tradingview.com/chart/?symbol=NASDAQ:CELC&interval=D,False,False,False,False
RARE,Ultragenyx Pharmaceutical Inc.,NASDAQ,Pharmaceuticals: Major,14.46,17.23,20.69,6.03,7.48,4530604.1,5879122.166666667,85012107.0,101323731.0,0.03,203,-6.56,226,-58.97,395,-36.91,362,-34.15,-4.03,2026-11-04,False,https://www.tradingview.com/chart/?symbol=NASDAQ:RARE&interval=D,False,False,False,False
FLNC,"Fluence Energy, Inc.",NASDAQ,Electrical Products,8.03,9.06,10.6,5.16,7.26,6917230.1,7678060.5,61654826.0,69588822.0,3.61,133,-20.57,352,-45.23,384,-38.51,363,-34.77,-3.34,2026-11-30,False,https://www.tradingview.com/chart/?symbol=NASDAQ:FLNC&interval=D,False,False,False,False
FICO,Fair Isaac Corporation,NYSE,Financial Publishing/Services,695.46,931.26,1005.77,5.85,8.02,1590086.5,791224.7333333333,550265153.0,736836736.0,4.1,127,-25.57,377,-46.05,387,-35.68,360,-35.77,-3.85,2026-11-11,False,https://www.tradingview.com/chart/?symbol=NYSE:FICO&interval=D,False,False,False,False
RCAT,"Red Cat Holdings, Inc.",NASDAQ,Packaged Software,6.34,7.54,8.2,4.73,6.3,6742562.7,7652266.166666667,48515367.0,57699362.0,-3.94,277,-25.41,375,-32.12,355,-51.0,386,-36.18,-3.6,2026-11-12,False,https://www.tradingview.com/chart/?symbol=NASDAQ:RCAT&interval=D,False,False,False,False
KRMN,Karman Holdings Inc.,NYSE,Aerospace & Defense,33.29,37.41,44.66,6.64,7.3,3455027.0,3714503.566666667,123655824.0,138975675.0,-2.09,248,-17.48,330,-34.0,362,-61.95,394,-37.81,-3.49,2026-11-05,False,https://www.tradingview.com/chart/?symbol=NYSE:KRMN&interval=D,False,False,False,False
UTI,Universal Technical Institute Inc,NYSE,Miscellaneous Commercial Services,19.67,20.59,24.63,5.07,6.16,1697291.5,1795033.8666666667,35308316.0,36956157.0,7.25,91,-7.35,244,-61.62,396,-44.75,373,-37.9,-3.27,2026-11-25,False,https://www.tradingview.com/chart/?symbol=NYSE:UTI&interval=D,False,False,False,False
IONS,"Ionis Pharmaceuticals, Inc.",NASDAQ,Pharmaceuticals: Major,44.0,51.32,53.41,4.0,4.56,3585264.7,3835677.066666667,168769791.0,196840554.0,-3.36,269,-24.61,372,-48.57,389,-41.32,369,-38.17,-3.86,2026-11-04,False,https://www.tradingview.com/chart/?symbol=NASDAQ:IONS&interval=D,False,False,False,False
SOC,Sable Offshore Corp.,NYSE,Integrated Oil,3.57,4.34,4.44,8.71,9.79,8822177.5,7893908.933333334,28181255.0,34296403.0,-0.83,220,-25.47,376,-16.98,283,-73.83,400,-38.76,-2.01,2026-11-12,False,https://www.tradingview.com/chart/?symbol=NYSE:SOC&interval=D,False,False,False,False
FRVO,Fervo Energy Company,NASDAQ,Alternative Power Generation,14.33,15.91,17.76,8.75,9.88,9675993.4,8125727.433333334,116441674.0,129268135.0,2.43,156,-17.02,327,-39.54,376,-60.19,392,-38.92,-1.95,2026-12-02,False,https://www.tradingview.com/chart/?symbol=NASDAQ:FRVO&interval=D,False,False,False,False
XENE,Xenon Pharmaceuticals Inc.,NASDAQ,Pharmaceuticals: Major,36.57,50.1,55.29,5.42,6.25,2654299.2,2081106.5666666667,76106067.0,104253727.0,0.74,191,-39.07,397,-42.03,378,-36.6,361,-39.23,-5.42,2026-11-11,False,https://www.tradingview.com/chart/?symbol=NASDAQ:XENE&interval=D,False,False,False,False
BRBR,"BellRing Brands, Inc.",NYSE,Beverages: Non-Alcoholic,7.69,9.12,10.13,5.31,6.01,4786043.8,3527911.6333333333,27129640.0,32185138.0,0.92,188,-25.63,378,-44.28,383,-50.0,383,-39.97,-4.01,2026-11-23,False,https://www.tradingview.com/chart/?symbol=NYSE:BRBR&interval=D,False,False,False,False
BW,"Babcock & Wilcox Enterprises, Inc.",NYSE,Electronic Equipment/Instruments,5.91,6.86,7.79,6.45,8.56,5702319.1,4832158.666666667,28558058.0,33148608.0,0.0,204,-16.29,322,-42.45,380,-65.26,397,-41.33,-2.82,2026-11-11,False,https://www.tradingview.com/chart/?symbol=NYSE:BW&interval=D,False,False,False,False
OPEN,Opendoor Technologies Inc,NASDAQ,Real Estate Development,2.27,2.79,3.13,5.41,6.52,29347137.8,30151527.133333333,68443967.0,84233316.0,-6.97,322,-26.89,387,-51.8,390,-50.76,384,-43.15,-4.22,2026-11-05,False,https://www.tradingview.com/chart/?symbol=NASDAQ:OPEN&interval=D,False,False,False,False
XNDU,Xanadu Quantum Technologies Limited,NASDAQ,Computer Processing Hardware,5.06,7.59,8.85,7.94,10.43,10110478.7,5627672.166666667,28476021.0,42736542.0,0.4,195,-50.0,401,-53.49,392,-31.99,345,-45.16,-4.11,2026-12-02,False,https://www.tradingview.com/chart/?symbol=NASDAQ:XNDU&interval=D,False,False,False,False
TNON,"Tenon Medical, Inc.",NASDAQ,Medical/Nursing Services,3.72,4.1,5.04,12.9,24.96,6495390.600000003,11480579.133333333,42650351.0,47091422.0,32.68,3,-1.2,183,-51.97,391,-85.5,403,-46.22,-1.05,2026-11-18,False,https://www.tradingview.com/chart/?symbol=NASDAQ:TNON&interval=D,True,False,False,False
NKTR,Nektar Therapeutics,NASDAQ,Pharmaceuticals: Major,39.91,64.81,68.28,10.87,10.22,2486224.9999999995,1462531.9333333333,58369649.0,94780601.0,-33.64,403,-46.55,400,-45.88,386,-46.75,376,-46.39,-4.07,2026-11-05,False,https://www.tradingview.com/chart/?symbol=NASDAQ:NKTR&interval=D,False,False,False,False
AVBP,"ArriVent BioPharma, Inc.",NASDAQ,Pharmaceuticals: Other,15.09,29.14,29.55,11.56,17.3,2631919.7,1238013.0,18681616.0,36081889.0,-48.5,406,-50.99,402,-55.49,393,-40.1,366,-48.86,-2.83,2026-11-18,False,https://www.tradingview.com/chart/?symbol=NASDAQ:AVBP&interval=D,False,False,False,False
CAPR,"Capricor Therapeutics, Inc.",NASDAQ,Pharmaceuticals: Major,7.75,8.95,7.52,8.82,11.39,4921242.6,4960713.033333333,38445526.0,44411610.0,-11.38,373,-17.55,332,-65.18,400,-75.18,401,-52.64,0.27,2026-11-17,False,https://www.tradingview.com/chart/?symbol=NASDAQ:CAPR&interval=D,False,False,False,False
LQDA,Liquidia Corporation,NASDAQ,Pharmaceuticals: Major,25.91,61.81,69.63,24.18,22.15,7150190.3,3175677.1,82281794.0,196299716.0,-64.26,407,-61.85,403,-68.01,401,-32.16,347,-54.0,-2.84,2026-11-10,False,https://www.tradingview.com/chart/?symbol=NASDAQ:LQDA&interval=D,False,False,False,False
ALHC,"Alignment Healthcare, Inc.",NASDAQ,Managed Health Care,8.37,10.66,12.13,6.61,8.06,11534002.2,10234712.866666667,85664547.0,109127626.0,5.55,109,-37.26,395,-65.02,399,-60.46,393,-54.25,-3.85,2026-10-29,False,https://www.tradingview.com/chart/?symbol=NASDAQ:ALHC&interval=D,False,False,False,False
BENF,Beneficient,NASDAQ,Investment Managers,1.25,1.51,1.99,29.52,34.18,36070352.2,20454583.8,25568230.0,30835967.0,-7.41,333,-43.18,398,-64.49,398,-65.94,398,-57.87,-1.09,2026-11-12,False,https://www.tradingview.com/chart/?symbol=NASDAQ:BENF&interval=D,False,False,False,False
ALMS,Alumis Inc.,NASDAQ,Pharmaceuticals: Major,6.93,10.85,16.89,5.85,11.97,2271456.6,4004108.1,27748469.0,43428556.0,-3.21,266,-38.29,396,-76.16,403,-69.09,399,-61.18,-4.93,2026-11-12,False,https://www.tradingview.com/chart/?symbol=NASDAQ:ALMS&interval=D,False,False,False,False
XHLD,"TEN Holdings, Inc.",NASDAQ,Miscellaneous Commercial Services,0.62,7.87,6.32,242.67,236.17,19793483.5,9163983.033333333,5709161.0,72103285.0,-11.0,370,-93.28,407,-70.19,402,-55.82,389,-73.1,-0.38,2026-11-16,False,https://www.tradingview.com/chart/?symbol=NASDAQ:XHLD&interval=D,False,False,False,False
JAGX,"Jaguar Health, Inc.",NASDAQ,Pharmaceuticals: Major,5.62,7.96,10.3,85.86,68.97,9686315.8,4209439.188888889,23657048.0,33513380.0,4.66,120,-44.66,399,-85.91,405,-97.31,405,-75.96,-0.66,2026-11-18,False,https://www.tradingview.com/chart/?symbol=NASDAQ:JAGX&interval=D,False,False,False,False
CTVA,"Corteva, Inc.",NYSE,Agricultural Commodities/Milling,13.91,73.37,75.85,13.18,40.9,41969660.6,17214603.666666668,239455137.0,1262960874.0,-81.94,408,-84.13,404,-83.97,404,-83.45,402,-83.85,-2.0,2026-11-11,False,https://www.tradingview.com/chart/?symbol=NYSE:CTVA&interval=D,False,False,False,False
RETO,"ReTo Eco-Solutions, Inc.",NASDAQ,Other Metals/Minerals,1.66,13.59,25.05,68.77,880.4,6652346.554999999,3878348.825,6438059.0,52692798.0,-36.25,404,-92.17,406,-96.84,406,-97.44,406,-95.48,-0.11,,False,https://www.tradingview.com/chart/?symbol=NASDAQ:RETO&interval=D,False,False,False,False
NIVF,NewGenIvf Group Limited,NASDAQ,Financial Conglomerates,0.1,0.82,1.25,109.65,164.55,134493948.8,44912014.27777778,4432816.0,36777550.0,-1.2,228,-91.56,405,-97.28,407,-99.49,407,-96.11,-0.56,,False,https://www.tradingview.com/chart/?symbol=NASDAQ:NIVF&interval=D,False,False,False,False
CTNT,Cheetah Net Supply Chain Service Inc.,NASDAQ,Engineering & Construction,2.95,89.27,157.72,43.75,379.02,1549203.7811852333,1156531.8699844338,3411769.0,103245434.0,0.34,196,-98.4,408,-98.69,408,-99.99,408,-99.03,-0.26,2026-11-06,False,https://www.tradingview.com/chart/?symbol=NASDAQ:CTNT&interval=D,False,False,False,False
