name,description,exchange,industry,close,SMA30,SMA50,ADRP,ATRP,average_volume_10d_calc,average_volume_30d_calc,dollar_volume_30d,average_dollar_volume_30d,Perf.W,perf_1w_rank,Perf.1M,perf_1m_rank,Perf.3M,perf_3m_rank,Perf.6M,perf_6m_rank,momentum_score,atr_extension_from_50d,earnings_date,earnings_soon,tradingview_url,is_top_1w,is_top_1m,is_top_3m,is_top_6m
CYPH,Cypherpunk Technologies Inc.,NASDAQ,Financial Conglomerates,3.33,2.48,1.75,15.52,14.05,22509347.7,17427415.333333332,58033293.0,43219990.0,-12.83,389,91.93,6,363.14,1,352.51,3,269.19,6.4,2026-11-16,False,https://www.tradingview.com/chart/?symbol=NASDAQ:CYPH&interval=D,False,True,True,True
QMCO,Quantum Corporation,NASDAQ,Computer Peripherals,31.72,24.93,20.93,8.0,7.74,2356233.4,1473882.6666666667,46751558.0,36746106.0,24.69,3,44.38,13,186.54,3,559.46,1,263.46,6.66,2026-11-13,False,https://www.tradingview.com/chart/?symbol=NASDAQ:QMCO&interval=D,True,True,True,True
USDE,StablecoinX Inc.,NASDAQ,Packaged Software,16.08,9.1,6.29,11.0,11.64,7519573.0,9233584.333333334,148476036.0,84005611.0,21.63,5,137.87,2,314.43,2,60.8,110,171.03,13.35,,False,https://www.tradingview.com/chart/?symbol=NASDAQ:USDE&interval=D,True,True,True,False
MXL,"MaxLinear, Inc",NASDAQ,Semiconductors,90.31,72.16,72.25,6.82,7.22,3425138.7,2647653.8333333335,239109618.0,191051170.0,4.32,38,46.04,12,-20.35,286,432.17,2,152.62,3.47,2026-10-28,False,https://www.tradingview.com/chart/?symbol=NASDAQ:MXL&interval=D,False,True,False,True
CDNA,"CareDx, Inc.",NASDAQ,Medical Specialties,65.0,53.13,49.09,4.41,4.36,1533109.2,1275322.7,82895976.0,67763421.0,15.56,9,32.22,21,117.97,6,274.42,6,141.54,7.43,2026-11-10,False,https://www.tradingview.com/chart/?symbol=NASDAQ:CDNA&interval=D,True,True,True,True
GLND,Greenland Energy Company,NASDAQ,Financial Conglomerates,5.13,2.09,2.02,14.14,13.71,67816284.9,22998397.8,117981781.0,48170144.0,90.35,1,266.43,1,144.29,4,-41.37,413,123.11,11.24,2026-12-02,False,https://www.tradingview.com/chart/?symbol=NASDAQ:GLND&interval=D,True,True,True,False
ASST,"Strive, Inc.",NASDAQ,Financial Conglomerates,29.41,25.65,20.28,5.97,6.19,8595280.300000003,10208158.0,300221927.0,261866474.0,2.62,56,30.48,23,129.23,5,206.35,11,122.02,7.28,2026-11-13,False,https://www.tradingview.com/chart/?symbol=NASDAQ:ASST&interval=D,False,True,True,True
GRAL,"GRAIL, Inc.",NASDAQ,Medical Specialties,140.12,89.33,81.42,6.35,6.1,2163435.9,1182977.6333333333,165758826.0,105670660.0,31.26,2,77.37,7,103.1,8,177.08,16,119.18,11.81,2026-11-18,False,https://www.tradingview.com/chart/?symbol=NASDAQ:GRAL&interval=D,True,True,True,True
SDGR,"Schrodinger, Inc.",NASDAQ,Packaged Software,31.05,23.44,20.7,7.4,5.78,3408785.6,1963513.3,60967088.0,46017552.0,3.33,46,58.58,8,86.71,10,176.49,17,107.26,8.66,2026-11-11,False,https://www.tradingview.com/chart/?symbol=NASDAQ:SDGR&interval=D,False,True,True,True
BLZE,"Backblaze, Inc.",NASDAQ,Computer Peripherals,13.99,13.97,14.91,5.3,6.51,1869770.9,2302249.966666667,32208477.0,32170874.0,-1.89,136,-3.35,200,-12.92,234,303.17,4,95.63,-0.95,2026-11-11,False,https://www.tradingview.com/chart/?symbol=NASDAQ:BLZE&interval=D,False,False,False,True
APPS,"Digital Turbine, Inc.",NASDAQ,Packaged Software,11.1,11.1,10.98,7.32,7.67,3330133.3,2802290.1,31105420.0,31119432.0,-9.31,336,1.83,150,-16.79,257,288.11,5,91.05,0.14,2026-11-11,False,https://www.tradingview.com/chart/?symbol=NASDAQ:APPS&interval=D,False,False,False,True
TEAM,Atlassian Corporation,NASDAQ,Packaged Software,179.29,183.99,159.37,4.58,5.16,3422003.7,3636913.566666667,652062233.0,669138149.0,-5.65,233,-4.84,216,116.59,7,157.56,29,89.77,2.42,2026-10-29,False,https://www.tradingview.com/chart/?symbol=NASDAQ:TEAM&interval=D,False,False,True,False
DELL,Dell Technologies Inc.,NYSE,Computer Processing Hardware,537.95,511.32,484.49,4.88,5.41,8106156.199999998,9167727.0,4931778740.0,4687666617.0,-3.77,194,16.98,51,29.29,70,222.15,9,89.47,2.04,2026-12-01,False,https://www.tradingview.com/chart/?symbol=NYSE:DELL&interval=D,False,False,False,True
LIFE,Ethos Technologies Inc.,NASDAQ,Packaged Software,33.57,36.93,32.81,8.25,7.87,1760849.2,1543159.5666666667,51803867.0,56992998.0,-7.27,276,-13.12,300,72.07,17,207.7,10,88.88,0.29,2026-12-02,False,https://www.tradingview.com/chart/?symbol=NASDAQ:LIFE&interval=D,False,False,True,True
GPRO,"GoPro, Inc.",NASDAQ,Electronics/Appliances,1.29,1.15,0.96,6.5,9.9,13382718.4,65371715.13333333,84329513.0,74940827.0,0.78,92,111.48,5,74.32,14,78.53,81,88.11,3.45,2026-11-05,False,https://www.tradingview.com/chart/?symbol=NASDAQ:GPRO&interval=D,False,True,True,False
AMC,"AMC Entertainment Holdings, Inc.",NYSE,Movies/Entertainment,3.0,2.69,2.63,6.48,6.79,38013334.60000004,26883872.766666673,80651618.0,72335540.0,1.52,78,15.38,56,54.64,23,194.12,13,88.05,2.05,2026-11-11,False,https://www.tradingview.com/chart/?symbol=NYSE:AMC&interval=D,False,False,True,True
BAND,Bandwidth Inc.,NASDAQ,Packaged Software,60.71,51.85,51.26,7.51,7.17,1000096.9,887914.0333333333,53905261.0,46037899.0,4.65,32,25.72,29,-5.91,193,242.61,8,87.47,2.57,2026-10-29,False,https://www.tradingview.com/chart/?symbol=NASDAQ:BAND&interval=D,False,False,False,True
ALAB,"Astera Labs, Inc.",NASDAQ,Semiconductors,355.97,304.95,307.68,5.43,6.36,4268553.5,3694107.2666666666,1314991364.0,1126506929.0,-2.29,146,21.72,35,-17.8,266,250.09,7,84.67,2.47,2026-11-10,False,https://www.tradingview.com/chart/?symbol=NASDAQ:ALAB&interval=D,False,False,False,True
OKTA,"Okta, Inc.",NASDAQ,Packaged Software,209.11,173.87,161.73,4.93,4.69,4294942.0,4335116.266666667,906516163.0,753725712.0,5.5,27,26.86,28,49.01,28,167.11,24,81.0,6.25,2026-12-08,False,https://www.tradingview.com/chart/?symbol=NASDAQ:OKTA&interval=D,False,False,False,False
HPE,Hewlett Packard Enterprise Company,NYSE,Computer Processing Hardware,63.89,57.01,54.96,5.06,5.57,20169605.2,23578444.500000022,1506426819.0,1344175683.0,2.67,53,20.34,39,46.87,35,170.95,21,79.39,2.92,2026-12-03,False,https://www.tradingview.com/chart/?symbol=NYSE:HPE&interval=D,False,False,False,True
P,"Everpure, Inc.",NYSE,Computer Peripherals,130.78,105.71,99.56,4.57,5.02,12388528.7,6248580.166666667,817189314.0,660562404.0,17.67,7,38.29,16,68.92,18,121.66,48,76.29,6.25,2026-12-02,False,https://www.tradingview.com/chart/?symbol=NYSE:P&interval=D,True,True,True,False
CRWD,"CrowdStrike Holdings, Inc.",NASDAQ,Packaged Software,264.75,225.65,216.51,4.6,4.49,10822198.0,11674977.4,3090950267.0,2634466434.0,5.06,30,19.35,43,38.43,51,170.72,23,76.16,4.96,2026-12-01,False,https://www.tradingview.com/chart/?symbol=NASDAQ:CRWD&interval=D,False,False,False,True
AEHR,Aehr Test Systems,NASDAQ,Electronic Production Equipment,99.62,92.41,95.65,7.18,8.82,2184440.9,2568892.533333333,255913074.0,237399922.0,-0.35,111,22.53,34,18.15,98,174.97,18,71.88,0.47,2026-10-06,False,https://www.tradingview.com/chart/?symbol=NASDAQ:AEHR&interval=D,False,False,False,True
CORT,Corcept Therapeutics Incorporated,NASDAQ,Pharmaceuticals: Major,115.23,115.42,112.14,4.95,4.62,2589871.9,1453501.1333333333,167486936.0,167768188.0,-1.79,133,1.4,156,27.61,75,181.39,14,70.13,0.6,2026-11-04,False,https://www.tradingview.com/chart/?symbol=NASDAQ:CORT&interval=D,False,False,False,True
PLSE,"Pulse Biosciences, Inc",NASDAQ,Medical Specialties,49.92,51.27,46.21,7.25,7.12,557188.0,603762.4666666667,30139822.0,30954298.0,-7.13,273,3.96,133,73.15,16,123.96,46,67.02,1.13,2026-11-16,False,https://www.tradingview.com/chart/?symbol=NASDAQ:PLSE&interval=D,False,False,True,False
RBRK,"Rubrik, Inc.",NYSE,Information Technology Services,114.47,100.8,94.43,4.9,4.78,3114231.3,3544715.1,405763537.0,357315553.0,1.79,73,23.31,32,40.64,47,133.28,38,65.74,4.44,2026-12-03,False,https://www.tradingview.com/chart/?symbol=NYSE:RBRK&interval=D,False,False,False,False
ILMN,"Illumina, Inc.",NASDAQ,Medical Specialties,273.68,229.97,215.87,4.62,4.19,6105975.4,3418026.8666666667,935445593.0,786033384.0,10.0,13,28.04,26,46.54,36,119.93,49,64.84,6.38,2026-10-29,False,https://www.tradingview.com/chart/?symbol=NASDAQ:ILMN&interval=D,True,False,False,False
PURR,Hyperliquid Strategies Inc,NASDAQ,Financial Conglomerates,12.27,12.04,9.86,8.2,8.7,26765919.2,28540848.233333334,350196208.0,343512893.0,-10.44,350,0.7,161,44.69,39,148.38,32,64.59,2.81,2026-12-02,False,https://www.tradingview.com/chart/?symbol=NASDAQ:PURR&interval=D,False,False,False,False
TWLO,Twilio Inc.,NYSE,Packaged Software,292.46,246.24,232.64,4.98,4.72,3428203.6,2253098.5,658941187.0,554804477.0,2.62,55,24.62,30,39.84,48,128.48,43,64.31,5.45,2026-10-29,False,https://www.tradingview.com/chart/?symbol=NYSE:TWLO&interval=D,False,False,False,False
SMTC,Semtech Corporation,NASDAQ,Semiconductors,178.35,153.74,143.84,5.75,6.29,3584439.2,3532540.1666666665,630028539.0,543094491.0,2.21,63,34.81,18,21.24,90,136.23,35,64.09,3.82,2026-12-02,False,https://www.tradingview.com/chart/?symbol=NASDAQ:SMTC&interval=D,False,True,False,False
RNG,"RingCentral, Inc.",NYSE,Packaged Software,74.7,71.94,66.33,4.55,4.4,1786295.2,1539945.9666666666,115033964.0,110780120.0,-5.21,222,8.43,99,85.45,11,97.57,64,63.82,2.87,2026-11-09,False,https://www.tradingview.com/chart/?symbol=NYSE:RNG&interval=D,False,False,True,False
SLS,"SELLAS Life Sciences Group, Inc.",NASDAQ,Pharmaceuticals: Major,12.31,12.87,12.34,7.23,7.51,5967137.6,7244597.866666666,89181000.0,93239182.0,3.27,47,-7.62,248,-6.74,198,202.46,12,62.7,-0.03,2026-11-18,False,https://www.tradingview.com/chart/?symbol=NASDAQ:SLS&interval=D,False,False,False,True
INTC,Intel Corporation,NASDAQ,Semiconductors,120.23,102.44,100.15,4.45,5.13,122336964.3,101763666.6,12235045635.0,10424364716.0,-2.93,169,33.59,19,-6.74,197,161.03,26,62.63,3.91,2026-10-22,False,https://www.tradingview.com/chart/?symbol=NASDAQ:INTC&interval=D,False,True,False,False
HNGE,"Hinge Health, Inc.",NYSE,Packaged Software,97.24,91.84,87.72,4.14,4.4,1911539.4,1899689.3,184725788.0,174475064.0,3.86,43,11.92,71,14.4,104,158.41,28,61.58,2.47,2026-11-03,False,https://www.tradingview.com/chart/?symbol=NYSE:HNGE&interval=D,False,False,False,False
SECZ,Securitize Corp.,NYSE,Packaged Software,14.59,9.41,8.41,9.99,8.96,7840273.3,3763591.6333333333,54910802.0,35412888.0,13.98,11,127.26,3,17.19,100,33.24,176,59.23,8.21,2026-11-13,False,https://www.tradingview.com/chart/?symbol=NYSE:SECZ&interval=D,True,True,False,False
FIVN,"Five9, Inc.",NASDAQ,Packaged Software,34.01,33.66,31.85,6.13,5.72,2922525.4,2075265.4666666666,70579779.0,69853090.0,-12.58,381,1.18,159,47.48,33,128.72,41,59.13,1.18,2026-11-09,False,https://www.tradingview.com/chart/?symbol=NASDAQ:FIVN&interval=D,False,False,False,False
SNDK,Sandisk Corporation,NASDAQ,Computer Peripherals,1739.89,1639.4,1533.71,5.1,5.92,9160831.6,10267024.766666668,17863493721.0,16831792915.0,-8.21,316,17.05,48,-14.87,244,170.97,20,57.72,2.27,2026-10-29,False,https://www.tradingview.com/chart/?symbol=NASDAQ:SNDK&interval=D,False,False,False,True
NTSK,"Netskope, Inc.",NASDAQ,Packaged Software,17.44,15.87,14.99,5.39,5.31,7249176.1,6501053.866666666,113378379.0,103158723.0,-6.11,244,16.27,52,48.05,31,108.36,56,57.56,3.08,2026-12-11,False,https://www.tradingview.com/chart/?symbol=NASDAQ:NTSK&interval=D,False,False,False,False
HTFL,"Heartflow, Inc.",NASDAQ,Packaged Software,49.75,48.93,41.08,4.71,4.65,2062716.4,1999731.8,99486657.0,97848877.0,0.18,104,4.34,127,60.85,19,107.03,59,57.41,4.53,2026-11-18,False,https://www.tradingview.com/chart/?symbol=NASDAQ:HTFL&interval=D,False,False,True,False
XMTR,"Xometry, Inc.",NASDAQ,Information Technology Services,102.85,92.96,91.47,4.93,4.98,1045676.4,732774.3333333334,75365840.0,68118580.0,-1.11,126,9.86,88,5.79,135,155.59,30,57.08,2.5,2026-11-05,False,https://www.tradingview.com/chart/?symbol=NASDAQ:XMTR&interval=D,False,False,False,False
PANW,"Palo Alto Networks, Inc.",NASDAQ,Packaged Software,397.31,362.54,359.09,4.56,4.54,6594762.30000001,6551832.0333333425,2603108385.0,2375318657.0,4.61,33,7.38,106,13.04,108,148.47,31,56.3,2.35,2026-11-12,False,https://www.tradingview.com/chart/?symbol=NASDAQ:PANW&interval=D,False,False,False,False
OMER,Omeros Corporation,NASDAQ,Pharmaceuticals: Major,19.04,18.91,16.6,4.53,4.72,1616960.9,1589329.9,30260841.0,30054758.0,-7.78,294,2.7,144,102.34,9,63.86,101,56.3,3.12,2026-11-11,False,https://www.tradingview.com/chart/?symbol=NASDAQ:OMER&interval=D,False,False,True,False
OSCR,"Oscar Health, Inc.",NYSE,Managed Health Care,30.84,31.3,30.71,5.51,5.48,6119568.3,5258130.233333333,162160736.0,164589993.0,1.51,80,1.78,151,-4.34,185,170.76,22,56.07,0.07,2026-11-10,False,https://www.tradingview.com/chart/?symbol=NYSE:OSCR&interval=D,False,False,False,True
COHU,"Cohu, Inc.",NASDAQ,Semiconductors,68.14,55.17,53.9,4.45,5.19,946040.4,949939.3333333334,64728866.0,52403878.0,6.54,24,41.37,15,-0.74,167,125.99,45,55.54,5.09,2026-10-29,False,https://www.tradingview.com/chart/?symbol=NASDAQ:COHU&interval=D,False,True,False,False
PENG,"Penguin Solutions, Inc.",NASDAQ,Semiconductors,54.69,51.56,53.3,4.41,5.75,1557313.5,1438615.9666666666,78677907.0,74169764.0,-2.09,140,8.92,92,-21.09,291,177.76,15,55.19,0.46,2026-10-06,False,https://www.tradingview.com/chart/?symbol=NASDAQ:PENG&interval=D,False,False,False,True
NSIT,"Insight Enterprises, Inc.",NASDAQ,Information Technology Services,156.32,155.79,148.68,4.08,3.7,481444.1,323758.0,50609851.0,50437989.0,-0.45,112,-1.94,189,31.07,67,135.92,36,55.02,1.39,2026-10-29,False,https://www.tradingview.com/chart/?symbol=NASDAQ:NSIT&interval=D,False,False,False,False
NEO,"NeoGenomics, Inc.",NASDAQ,Medical/Nursing Services,18.36,18.11,17.04,4.62,4.57,2619131.7,2015791.1,37009925.0,36496234.0,-1.77,132,3.32,138,22.4,87,139.06,34,54.93,1.69,2026-11-10,False,https://www.tradingview.com/chart/?symbol=NASDAQ:NEO&interval=D,False,False,False,False
ZETA,Zeta Global Holdings Corp.,NYSE,Packaged Software,31.57,30.1,27.93,4.57,4.79,6026755.6,6324369.8,199660355.0,190386720.0,4.54,34,3.81,135,51.82,26,107.42,58,54.35,2.72,2026-11-10,False,https://www.tradingview.com/chart/?symbol=NYSE:ZETA&interval=D,False,False,False,False
SNOW,Snowflake Inc.,NYSE,Packaged Software,339.56,330.12,320.69,4.02,4.43,4308148.2,5080101.7,1724999333.0,1677053333.0,0.42,100,4.0,132,32.34,66,126.07,44,54.14,1.33,2026-12-02,False,https://www.tradingview.com/chart/?symbol=NYSE:SNOW&interval=D,False,False,False,False
NBIS,Nebius Group N.V.,NASDAQ,Packaged Software,235.88,222.45,218.13,6.2,6.97,17198960.5,16658844.133333333,3929488154.0,3705696019.0,0.31,101,14.65,62,1.24,156,144.66,33,53.52,1.17,2026-10-22,False,https://www.tradingview.com/chart/?symbol=NASDAQ:NBIS&interval=D,False,False,False,False
AMBQ,"Ambiq Micro, Inc.",NYSE,Semiconductors,68.17,62.06,63.59,5.38,5.89,720989.2,525035.9,35791697.0,32582328.0,-3.26,181,17.45,46,-22.36,303,163.92,25,53.0,1.22,2026-11-05,False,https://www.tradingview.com/chart/?symbol=NYSE:AMBQ&interval=D,False,False,False,False
BB,BlackBerry Limited,NYSE,Packaged Software,9.04,8.08,8.31,5.9,5.87,25349989.8,14390562.866666675,130090688.0,116338107.0,5.12,29,11.33,78,-29.68,357,174.77,19,52.14,1.49,2026-12-17,False,https://www.tradingview.com/chart/?symbol=NYSE:BB&interval=D,False,False,False,True
DDOG,"Datadog, Inc.",NASDAQ,Packaged Software,273.85,235.72,243.39,4.17,4.54,3469051.1,3592106.933333333,983698484.0,846715282.0,8.84,14,17.05,49,4.63,140,133.5,37,51.73,2.75,2026-11-05,False,https://www.tradingview.com/chart/?symbol=NASDAQ:DDOG&interval=D,True,False,False,False
AMLX,"Amylyx Pharmaceuticals, Inc.",NASDAQ,Pharmaceuticals: Major,29.1,33.71,28.92,5.11,5.62,1407539.4,2251578.2,65520926.0,75897324.0,-11.5,363,-16.31,340,60.6,20,107.86,57,50.72,0.11,2026-11-05,False,https://www.tradingview.com/chart/?symbol=NASDAQ:AMLX&interval=D,False,False,True,False
CVI,CVR Energy Inc.,NYSE,Oil Refining/Marketing,50.99,46.37,41.5,5.56,4.96,1180205.4,1149294.2333333334,58602513.0,53298137.0,-3.17,177,17.3,47,77.67,13,55.22,119,50.06,4.61,2026-11-02,False,https://www.tradingview.com/chart/?symbol=NYSE:CVI&interval=D,False,False,True,False
TEM,"Tempus AI, Inc.",NASDAQ,Packaged Software,81.9,70.21,61.37,6.05,5.98,7964117.2,8332414.3,682424731.0,585049360.0,7.1,22,31.32,22,34.04,63,83.67,77,49.68,5.59,2026-11-10,False,https://www.tradingview.com/chart/?symbol=NASDAQ:TEM&interval=D,True,True,False,False
BFLY,"Butterfly Network, Inc.",NYSE,Medical Specialties,8.96,8.37,8.29,7.26,7.29,6746436.0,5174589.166666667,46364319.0,43295788.0,-9.49,338,7.43,105,12.14,113,128.57,42,49.38,1.12,2026-10-29,False,https://www.tradingview.com/chart/?symbol=NYSE:BFLY&interval=D,False,False,False,False
BE,Bloom Energy Corporation,NYSE,Electronic Production Equipment,276.98,247.64,233.53,6.56,7.75,21099530.4,15714443.033333333,4352586431.0,3891461815.0,0.01,105,32.6,20,-7.01,201,121.87,47,49.15,2.4,2026-10-29,False,https://www.tradingview.com/chart/?symbol=NYSE:BE&interval=D,False,True,False,False
SMCI,"Super Micro Computer, Inc.",NASDAQ,Computer Processing Hardware,41.07,38.78,36.04,5.04,5.57,40077784.9,37751400.3,1550450010.0,1464112558.0,-2.84,167,12.41,70,46.42,37,86.85,75,48.56,2.5,2026-11-03,False,https://www.tradingview.com/chart/?symbol=NASDAQ:SMCI&interval=D,False,False,False,False
QLYS,"Qualys, Inc.",NASDAQ,Packaged Software,187.2,177.61,172.21,5.33,5.01,669474.8,681372.7666666667,127552982.0,121015664.0,1.63,76,0.11,166,30.51,69,114.9,50,48.51,1.74,2026-11-04,False,https://www.tradingview.com/chart/?symbol=NASDAQ:QLYS&interval=D,False,False,False,False
STX,Seagate Technology Holdings PLC,NASDAQ,Computer Peripherals,922.34,852.67,855.25,4.86,5.19,3995804.4,3636577.2,3354160615.0,3100816646.0,1.0,90,11.6,74,2.4,150,130.01,39,48.0,1.51,2026-10-28,False,https://www.tradingview.com/chart/?symbol=NASDAQ:STX&interval=D,False,False,False,False
SBET,"Sharplink, Inc.",NASDAQ,Advertising/Marketing Services,9.28,8.76,7.76,6.08,6.12,9378986.7,9730600.966666691,90299977.0,85214116.0,-8.48,322,12.62,68,73.46,15,51.02,128,45.7,3.2,2026-11-12,False,https://www.tradingview.com/chart/?symbol=NASDAQ:SBET&interval=D,False,False,True,False
NUAI,"New Era Energy & Digital, Inc.",NASDAQ,Engineering & Construction,6.72,5.83,5.53,8.28,9.18,10692941.4,7572765.066666666,50888981.0,44174463.0,-1.61,131,47.37,11,25.37,81,63.9,100,45.55,2.35,2026-12-02,False,https://www.tradingview.com/chart/?symbol=NASDAQ:NUAI&interval=D,False,True,False,False
ECO,Okeanis Eco Tankers Corp.,NYSE,Marine Shipping,80.88,73.57,68.27,4.32,4.0,865022.4,684050.0333333333,55325967.0,50327157.0,4.29,39,20.11,40,55.66,22,60.19,112,45.32,4.62,2026-11-11,False,https://www.tradingview.com/chart/?symbol=NYSE:ECO&interval=D,False,False,True,False
ETON,"Eton Pharmaceuticals, Inc.",NASDAQ,Pharmaceuticals: Major,51.49,58.94,54.22,6.55,6.85,661403.4,560138.0666666667,28841509.0,33015191.0,-9.6,339,-12.79,292,39.39,50,105.96,60,44.19,-0.73,2026-11-05,False,https://www.tradingview.com/chart/?symbol=NASDAQ:ETON&interval=D,False,False,False,False
BMNR,"BitMine Immersion Technologies, Inc.",NYSE,Financial Conglomerates,26.43,25.05,22.15,5.68,6.19,38925654.0,45723606.43333333,1208474918.0,1145269653.0,-6.21,247,10.31,85,81.46,12,40.18,148,43.98,3.12,2026-11-20,False,https://www.tradingview.com/chart/?symbol=NYSE:BMNR&interval=D,False,False,True,False
NET,"Cloudflare, Inc.",NYSE,Information Technology Services,347.28,313.86,304.35,5.0,4.85,3161828.2,3090996.2,1073441160.0,970154492.0,-2.28,145,16.08,53,43.5,42,72.35,88,43.98,2.91,2026-10-29,False,https://www.tradingview.com/chart/?symbol=NYSE:NET&interval=D,False,False,False,False
VICR,Vicor Corporation,NASDAQ,Electronic Components,288.94,215.14,216.23,5.58,5.88,1160037.6,858698.7333333333,248112412.0,184744453.0,8.42,15,53.9,9,-17.33,262,94.93,66,43.83,5.72,2026-10-27,False,https://www.tradingview.com/chart/?symbol=NASDAQ:VICR&interval=D,True,True,False,False
ANDG,Andersen Group Inc.,NYSE,Other Consumer Services,54.4,53.86,51.21,4.0,4.14,613769.2,583509.3333333334,31742908.0,31427035.0,2.27,60,-3.75,205,46.2,38,88.63,72,43.69,1.5,2026-12-02,False,https://www.tradingview.com/chart/?symbol=NYSE:ANDG&interval=D,False,False,False,False
MANE,"Veradermics, Incorporated",NYSE,Pharmaceuticals: Major,121.23,105.68,107.23,4.97,5.0,911692.0,704031.8,85349775.0,74403723.0,2.64,54,21.23,36,-5.32,189,110.8,55,42.24,2.61,2026-12-02,False,https://www.tradingview.com/chart/?symbol=NYSE:MANE&interval=D,False,False,False,False
S,"SentinelOne, Inc.",NYSE,Packaged Software,23.76,21.76,21.23,4.95,4.71,8966554.8,8983120.1,213438934.0,195454727.0,-0.88,120,10.77,81,35.38,61,80.27,80,42.14,2.54,2026-12-08,False,https://www.tradingview.com/chart/?symbol=NYSE:S&interval=D,False,False,False,False
AXTI,AXT Inc,NASDAQ,Electronic Production Equipment,77.41,67.73,67.0,7.59,9.3,8854129.3,8575412.166666666,663822656.0,580829817.0,-1.28,128,28.91,24,21.87,89,73.88,87,41.55,1.67,2026-10-29,False,https://www.tradingview.com/chart/?symbol=NASDAQ:AXTI&interval=D,False,False,False,False
PBF,PBF Energy Inc.,NYSE,Oil Refining/Marketing,76.96,73.55,70.94,6.42,5.82,3927183.5,3480419.433333333,267853080.0,255969768.0,6.46,25,4.04,131,59.93,21,60.33,111,41.44,1.46,2026-10-29,False,https://www.tradingview.com/chart/?symbol=NYSE:PBF&interval=D,False,False,True,False
DINO,HF Sinclair Corporation,NYSE,Oil Refining/Marketing,107.32,104.7,98.45,4.89,4.27,3217295.1,2644067.2,283761292.0,276833836.0,-0.6,114,4.21,128,47.64,32,70.95,90,40.93,2.11,2026-10-28,False,https://www.tradingview.com/chart/?symbol=NYSE:DINO&interval=D,False,False,False,False
U,Unity Software Inc.,NYSE,Packaged Software,40.93,42.92,40.75,4.97,4.96,12227882.6,10009780.766666668,409700327.0,429579751.0,-6.62,261,-5.82,228,36.89,59,89.23,69,40.1,0.09,2026-11-11,False,https://www.tradingview.com/chart/?symbol=NYSE:U&interval=D,False,False,False,False
SWKS,"Skyworks Solutions, Inc.",NASDAQ,Semiconductors,85.48,78.5,73.34,6.17,5.27,6467723.2,6992921.966666667,597754970.0,548977008.0,-5.24,223,28.68,25,29.03,71,61.31,109,39.67,3.14,2026-10-29,False,https://www.tradingview.com/chart/?symbol=NASDAQ:SWKS&interval=D,False,False,False,False
GH,"Guardant Health, Inc.",NASDAQ,Medical Specialties,178.36,169.18,164.3,4.18,4.17,1993301.8,1865289.5666666667,332693047.0,315569067.0,1.22,84,11.47,76,3.72,146,103.44,63,39.55,2.05,2026-10-29,False,https://www.tradingview.com/chart/?symbol=NASDAQ:GH&interval=D,False,False,False,False
UMAC,"Unusual Machines, Inc.",AMEX,Electronic Equipment/Instruments,24.48,24.23,24.3,5.92,7.41,2300719.4,2915463.7,71370551.0,70632939.0,2.77,51,3.29,139,7.94,124,105.03,61,38.75,0.1,2026-11-12,False,https://www.tradingview.com/chart/?symbol=AMEX:UMAC&interval=D,False,False,False,False
OUST,"Ouster, Inc.",NASDAQ,Semiconductors,40.34,36.96,38.74,5.59,6.47,2529509.9,2201132.2333333334,88793674.0,81356782.0,0.6,95,17.92,45,-31.02,369,129.02,40,38.64,0.64,2026-11-05,False,https://www.tradingview.com/chart/?symbol=NASDAQ:OUST&interval=D,False,False,False,False
MPC,Marathon Petroleum Corporation,NYSE,Oil Refining/Marketing,395.42,386.9,361.16,4.15,3.61,3614313.1,2852187.1666666665,1127811849.0,1103519771.0,0.6,94,5.66,114,48.1,30,61.4,108,38.38,2.63,2026-11-03,False,https://www.tradingview.com/chart/?symbol=NYSE:MPC&interval=D,False,False,False,False
AYA,Aya Gold & Silver Inc.,NASDAQ,Precious Metals,26.9,27.96,26.15,5.06,5.84,1433187.2,1309020.3333333333,35212647.0,36600645.0,-9.24,335,-2.71,196,37.24,58,77.56,83,37.36,0.49,2026-11-17,False,https://www.tradingview.com/chart/?symbol=NASDAQ:AYA&interval=D,False,False,False,False
HPQ,HP Inc.,NYSE,Information Technology Services,31.28,31.67,30.29,4.93,4.61,16169578.499999994,16410541.566666769,513321740.0,519710911.0,-3.26,180,2.12,148,41.8,44,64.63,98,36.18,0.71,2026-12-01,False,https://www.tradingview.com/chart/?symbol=NYSE:HPQ&interval=D,False,False,False,False
FROG,JFrog Ltd.,NASDAQ,Packaged Software,97.04,92.03,89.1,5.17,5.44,1665529.4,1841600.0666666667,178708870.0,169489207.0,7.27,20,-1.41,181,5.81,134,103.99,62,36.13,1.64,2026-11-04,False,https://www.tradingview.com/chart/?symbol=NASDAQ:FROG&interval=D,True,False,False,False
TENB,"Tenable Holdings, Inc.",NASDAQ,Packaged Software,36.39,35.0,34.97,6.38,6.0,3246792.8,4908159.2,178607913.0,171810113.0,0.0,106,-2.2,190,-3.96,183,113.68,52,35.84,0.68,2026-11-04,False,https://www.tradingview.com/chart/?symbol=NASDAQ:TENB&interval=D,False,False,False,False
VLO,Valero Energy Corporation,NYSE,Oil Refining/Marketing,387.61,374.54,351.11,4.54,3.82,4729333.2999999765,3405267.0000000047,1319915542.0,1275425729.0,1.89,72,7.68,104,43.61,40,55.92,116,35.74,2.72,2026-10-22,False,https://www.tradingview.com/chart/?symbol=NYSE:VLO&interval=D,False,False,False,False
SITM,SiTime Corporation,NASDAQ,Semiconductors,652.03,602.65,605.93,4.92,5.76,535677.5,420901.8333333333,274440622.0,253656700.0,3.93,41,16.0,54,-7.26,202,96.69,65,35.14,1.32,2026-11-04,False,https://www.tradingview.com/chart/?symbol=NASDAQ:SITM&interval=D,False,False,False,False
FCEL,"FuelCell Energy, Inc.",NASDAQ,Electronic Equipment/Instruments,16.42,17.12,18.77,5.77,8.71,5552755.599999999,6750437.233333328,110842179.0,115594487.0,-6.65,263,-7.8,250,-47.99,418,160.22,27,34.81,-1.44,2026-12-17,False,https://www.tradingview.com/chart/?symbol=NASDAQ:FCEL&interval=D,False,False,False,False
BRKR,Bruker Corporation,NASDAQ,Medical Specialties,64.75,59.09,58.83,4.61,4.59,2325374.1,2189323.8666666667,141758720.0,129375175.0,6.67,23,13.24,66,5.46,136,85.64,76,34.78,2.19,2026-10-29,False,https://www.tradingview.com/chart/?symbol=NASDAQ:BRKR&interval=D,True,False,False,False
CLMT,"Calumet, Inc",NASDAQ,Oil Refining/Marketing,52.38,53.02,49.45,4.81,4.55,1673294.1,1356792.2,71068775.0,71943454.0,-8.06,309,7.84,103,43.59,41,50.22,129,33.88,1.3,2026-11-06,False,https://www.tradingview.com/chart/?symbol=NASDAQ:CLMT&interval=D,False,False,False,False
MSTR,Strategy Inc,NASDAQ,Internet Software/Services,153.09,137.76,121.07,5.2,5.85,24601072.3,27454500.433333334,4203009471.0,3782013010.0,-8.45,321,19.08,44,53.32,25,27.79,189,33.39,4.52,2026-11-04,False,https://www.tradingview.com/chart/?symbol=NASDAQ:MSTR&interval=D,False,False,False,False
INSP,"Inspire Medical Systems, Inc.",NYSE,Medical Specialties,69.36,67.12,62.41,5.2,4.87,912293.8,737148.2,51128599.0,49476896.0,-2.83,166,14.78,61,50.03,27,31.81,181,32.21,2.28,2026-11-09,False,https://www.tradingview.com/chart/?symbol=NYSE:INSP&interval=D,False,False,False,False
QRVO,"Qorvo, Inc.",NASDAQ,Semiconductors,114.48,107.1,101.65,4.37,3.72,1694954.2,1365941.6333333333,156372998.0,146286202.0,-3.34,182,20.81,37,26.34,78,49.08,133,32.08,3.4,2026-11-04,False,https://www.tradingview.com/chart/?symbol=NASDAQ:QRVO&interval=D,False,False,False,False
AMRX,"Amneal Pharmaceuticals, Inc.",NASDAQ,Pharmaceuticals: Major,20.14,18.27,18.23,4.75,4.05,3593222.0,2351148.8666666667,47352138.0,42963719.0,2.23,62,15.35,57,18.05,99,62.55,107,31.98,2.59,2026-10-29,False,https://www.tradingview.com/chart/?symbol=NASDAQ:AMRX&interval=D,False,False,False,False
SG,"Sweetgreen, Inc.",NYSE,Restaurants,8.87,7.19,6.71,4.92,5.24,5627153.5,5139763.833333333,45589705.0,36953189.0,15.95,8,27.99,27,-3.69,181,68.95,94,31.08,6.13,2026-11-05,False,https://www.tradingview.com/chart/?symbol=NYSE:SG&interval=D,True,False,False,False
ZS,"Zscaler, Inc.",NASDAQ,Packaged Software,199.42,185.98,176.82,5.02,5.0,3272814.5,3354454.6333333333,668945343.0,623856441.0,-6.38,253,8.48,98,37.44,55,46.22,139,30.71,2.56,2026-12-01,False,https://www.tradingview.com/chart/?symbol=NASDAQ:ZS&interval=D,False,False,False,False
ACMR,"ACM Research, Inc.",NASDAQ,Industrial Machinery,80.92,74.18,76.76,5.11,6.24,1362718.3,1001207.1666666684,81017684.0,74273052.0,8.4,16,7.94,102,-30.63,364,112.78,53,30.03,0.87,2026-11-11,False,https://www.tradingview.com/chart/?symbol=NASDAQ:ACMR&interval=D,True,False,False,False
BETA,"Beta Technologies, Inc.",NYSE,Aerospace & Defense,22.1,22.01,21.81,6.95,7.31,5221288.3,3328970.566666667,73570250.0,73265094.0,-3.79,195,10.5,82,25.85,79,53.15,125,29.84,0.18,2026-12-03,False,https://www.tradingview.com/chart/?symbol=NYSE:BETA&interval=D,False,False,False,False
NAT,Nordic American Tankers Limited,NYSE,Marine Shipping,7.9,7.38,7.01,4.04,3.93,5130686.7,4683162.266666667,36996982.0,34557054.0,2.2,64,14.83,59,38.35,52,36.21,161,29.8,3.22,2026-12-02,False,https://www.tradingview.com/chart/?symbol=NYSE:NAT&interval=D,False,False,False,False
SAIL,"SailPoint, Inc.",NASDAQ,Packaged Software,20.36,19.5,18.65,5.99,5.8,5485205.7,4627975.0,94225571.0,90260939.0,-5.35,228,1.72,153,32.98,64,54.48,121,29.73,1.58,2026-12-15,False,https://www.tradingview.com/chart/?symbol=NASDAQ:SAIL&interval=D,False,False,False,False
SYRE,"Spyre Therapeutics, Inc.",NASDAQ,Pharmaceuticals: Major,89.03,92.44,96.3,4.18,5.26,1487150.7999999993,1289598.3666666665,114812943.0,119213482.0,-2.76,164,-0.13,168,-0.09,163,88.74,71,29.51,-1.43,2026-11-05,False,https://www.tradingview.com/chart/?symbol=NASDAQ:SYRE&interval=D,False,False,False,False
NEOG,Neogen Corporation,NASDAQ,Medical Specialties,12.8,12.35,11.8,4.35,4.21,6205468.1,3425362.8,43844644.0,42304943.0,-9.92,343,10.44,83,37.34,56,40.04,150,29.27,2.01,2026-10-06,False,https://www.tradingview.com/chart/?symbol=NASDAQ:NEOG&interval=D,False,False,False,False
SHAZ,"SharonAI Holdings, Inc.",NASDAQ,Data Processing Services,54.6,56.7,57.72,7.0,8.73,1343249.3,1485079.5,81085341.0,84202770.0,-12.61,384,7.14,107,-30.98,367,111.06,54,29.07,-0.62,2026-11-04,False,https://www.tradingview.com/chart/?symbol=NASDAQ:SHAZ&interval=D,False,False,False,False
TVTX,"Travere Therapeutics, Inc.",NASDAQ,Pharmaceuticals: Major,58.88,64.28,62.24,4.04,4.11,1736133.9,1460677.1,86004668.0,93893785.0,-2.5,151,-10.38,271,3.7,147,91.85,67,28.39,-1.31,2026-10-22,False,https://www.tradingview.com/chart/?symbol=NASDAQ:TVTX&interval=D,False,False,False,False
DK,"Delek US Holdings, Inc.",NYSE,Oil Refining/Marketing,71.37,72.33,69.24,5.81,5.85,3676515.5,2509492.566666667,179102484.0,181513270.0,-3.71,193,-3.41,202,32.88,65,55.69,117,28.39,0.53,2026-11-11,False,https://www.tradingview.com/chart/?symbol=NYSE:DK&interval=D,False,False,False,False
SMCIP,"Super Micro Computer, Inc. - Depositary Shares Each Representing a 1/20th Interest in a Share of 7% Series A Mandatory Convertible Preferred Stock",NASDAQ,Computer Processing Hardware,68.73,65.3,61.4,4.23,4.85,1007261.4,662168.3,45510827.0,43238266.0,-2.7,159,11.36,77,37.32,57,35.43,169,28.04,2.46,2026-11-03,False,https://www.tradingview.com/chart/?symbol=NASDAQ:SMCIP&interval=D,False,False,False,False
APPN,Appian Corporation,NASDAQ,Packaged Software,35.27,37.88,34.81,5.21,5.54,796863.8,878012.4333333333,30967499.0,33258233.0,-4.55,210,-15.26,331,48.19,29,49.64,130,27.53,0.24,2026-10-29,False,https://www.tradingview.com/chart/?symbol=NASDAQ:APPN&interval=D,False,False,False,False
INOD,Innodata Inc.,NASDAQ,Data Processing Services,65.76,59.72,60.66,6.58,6.22,2170913.4,1345918.5,88507601.0,80378029.0,-7.17,274,17.01,50,-8.96,210,74.38,86,27.48,1.35,2026-11-05,False,https://www.tradingview.com/chart/?symbol=NASDAQ:INOD&interval=D,False,False,False,False
HUT,Hut 8 Corp.,NASDAQ,Data Processing Services,86.1,90.39,92.93,8.14,8.77,4408130.900000011,4661636.299999998,401366885.0,421353651.0,-18.25,425,8.4,100,-19.41,282,91.76,68,26.91,-0.84,2026-11-18,False,https://www.tradingview.com/chart/?symbol=NASDAQ:HUT&interval=D,False,False,False,False
PRGO,Perrigo Company plc,NYSE,Pharmaceuticals: Major,14.76,14.27,13.2,4.11,4.25,3466423.0,2807815.033333333,41443350.0,40078752.0,3.8,44,2.93,141,40.71,46,35.91,166,26.52,2.77,2026-11-11,False,https://www.tradingview.com/chart/?symbol=NYSE:PRGO&interval=D,False,False,False,False
CBRL,"Cracker Barrel Old Country Store, Inc.",NASDAQ,Restaurants,52.62,51.94,53.75,5.0,5.03,1424419.9,1022840.7,53821878.0,53129755.0,10.62,12,-4.92,217,-4.67,187,87.93,73,26.11,-0.42,2026-11-27,False,https://www.tradingview.com/chart/?symbol=NASDAQ:CBRL&interval=D,True,False,False,False
TGTX,"TG Therapeutics, Inc.",NASDAQ,Pharmaceuticals: Major,55.78,55.43,53.71,4.08,4.1,2039090.9,1939320.7,108175309.0,107496223.0,-4.01,200,4.11,130,4.22,142,68.42,95,25.58,0.94,2026-11-09,False,https://www.tradingview.com/chart/?symbol=NASDAQ:TGTX&interval=D,False,False,False,False
HOOD,"Robinhood Markets, Inc.",NASDAQ,Investment Banks/Brokers,112.5,112.41,105.04,5.2,5.63,21678964.8,23323111.533333335,2623850048.0,2621836486.0,-8.37,320,8.78,94,-0.23,166,67.41,96,25.32,1.26,2026-11-04,False,https://www.tradingview.com/chart/?symbol=NASDAQ:HOOD&interval=D,False,False,False,False
SEI,"Solaris Energy Infrastructure, Inc.",NYSE,Oilfield Services/Equipment,71.18,61.0,59.35,5.19,5.96,2637565.0,2750743.466666667,195797920.0,167793518.0,7.98,18,41.71,14,-2.04,175,33.32,174,24.33,3.34,2026-11-02,False,https://www.tradingview.com/chart/?symbol=NYSE:SEI&interval=D,True,True,False,False
CRDO,Credo Technology Group Holding Ltd,NASDAQ,Information Technology Services,194.79,193.45,208.78,4.85,6.94,8919425.1,8059451.3,1569900519.0,1559130405.0,1.72,74,-16.04,338,-25.09,326,113.84,51,24.24,-0.97,2026-12-02,False,https://www.tradingview.com/chart/?symbol=NASDAQ:CRDO&interval=D,False,False,False,False
GEO,Geo Group Inc (The) REIT,NYSE,Miscellaneous Commercial Services,30.47,31.4,31.22,4.5,4.34,2700287.8,2391253.966666667,72861508.0,75089360.0,3.01,50,-5.78,227,-0.2,164,78.4,82,24.14,-0.55,2026-11-05,False,https://www.tradingview.com/chart/?symbol=NYSE:GEO&interval=D,False,False,False,False
CXW,"CoreCivic, Inc.",NYSE,Miscellaneous Commercial Services,32.25,33.61,32.84,5.61,5.28,2383291.4,1975365.5666666667,63705540.0,66394012.0,3.07,48,-3.76,206,3.8,144,70.82,91,23.62,-0.34,2026-11-09,False,https://www.tradingview.com/chart/?symbol=NYSE:CXW&interval=D,False,False,False,False
LITE,Lumentum Holdings Inc.,NASDAQ,Electrical Products,971.26,909.48,869.67,5.6,6.56,4854903.9,4348194.333333333,4223227228.0,3954608102.0,2.61,57,8.57,97,24.91,82,37.07,157,23.52,1.78,2026-11-10,False,https://www.tradingview.com/chart/?symbol=NASDAQ:LITE&interval=D,False,False,False,False
DFTX,"Definium Therapeutics, Inc.",NASDAQ,Pharmaceuticals: Major,38.06,39.87,41.36,5.54,5.52,2378401.8999999985,2151447.166666664,81884079.0,85776047.0,-4.92,217,-6.28,233,-12.23,230,88.88,70,23.46,-1.45,2026-11-05,False,https://www.tradingview.com/chart/?symbol=NASDAQ:DFTX&interval=D,False,False,False,False
ERO,Ero Copper Corp.,NYSE,Other Metals/Minerals,36.69,36.35,33.96,4.28,5.28,1289775.0,1522920.2,55875942.0,55359672.0,1.21,85,-5.68,226,36.65,60,38.92,155,23.3,1.52,2026-11-10,False,https://www.tradingview.com/chart/?symbol=NYSE:ERO&interval=D,False,False,False,False
DOCN,"DigitalOcean Holdings, Inc.",NYSE,Packaged Software,133.39,124.09,124.62,6.75,6.75,3120724.0,2592397.3333333335,345799880.0,321687993.0,-7.93,301,19.59,42,-5.75,192,55.57,118,23.14,1.04,2026-11-09,False,https://www.tradingview.com/chart/?symbol=NYSE:DOCN&interval=D,False,False,False,False
GCT,GigaCloud Technology Inc,NASDAQ,Wholesale Distributors,51.68,51.73,49.41,4.98,5.11,774246.7,603117.6333333333,31169119.0,31202190.0,-2.13,142,-0.9,176,53.81,24,16.45,218,23.12,0.9,2026-11-26,False,https://www.tradingview.com/chart/?symbol=NASDAQ:GCT&interval=D,False,False,False,False
SANM,Sanmina Corporation,NASDAQ,Electronic Production Equipment,214.91,202.46,201.68,4.77,5.07,705825.7,618572.0666666667,132937323.0,125237750.0,-0.47,113,10.3,86,-12.78,233,71.67,89,23.06,1.29,2026-11-09,False,https://www.tradingview.com/chart/?symbol=NASDAQ:SANM&interval=D,False,False,False,False
GRML,Greenland Mines Ltd,NASDAQ,Miscellaneous Commercial Services,10.62,7.12,8.23,22.4,23.42,46465859.5,16040330.027999999,170348305.0,114244577.0,-38.74,443,122.64,4,-15.04,246,-39.47,411,22.71,1.24,,False,https://www.tradingview.com/chart/?symbol=NASDAQ:GRML&interval=D,False,True,False,False
PARR,"Par Pacific Holdings, Inc. Common Stock",NYSE,Oil Refining/Marketing,81.62,79.88,79.29,5.32,5.34,1096776.3000000014,920836.5333333338,75158678.0,73561026.0,2.29,58,0.18,164,40.92,45,26.03,195,22.38,0.55,2026-11-09,False,https://www.tradingview.com/chart/?symbol=NYSE:PARR&interval=D,False,False,False,False
MRX,Marex Group Limited,NASDAQ,Internet Software/Services,69.76,72.57,69.79,4.45,4.55,763179.4,746323.1333333333,52063502.0,54160670.0,-3.16,176,-4.14,210,6.55,128,64.03,99,22.15,-0.01,2026-11-05,False,https://www.tradingview.com/chart/?symbol=NASDAQ:MRX&interval=D,False,False,False,False
DUOL,"Duolingo, Inc.",NASDAQ,Packaged Software,142.4,147.05,141.45,4.57,5.16,1071858.8,1136979.1666666667,161905833.0,167190513.0,-4.68,213,-1.58,182,18.68,96,49.02,134,22.04,0.13,2026-11-11,False,https://www.tradingview.com/chart/?symbol=NASDAQ:DUOL&interval=D,False,False,False,False
TH,Target Hospitality Corp.,NASDAQ,Hotels/Resorts/Cruise lines,19.72,19.16,17.94,4.41,4.88,2190210.5,2033309.9666666666,40096873.0,38964997.0,-6.76,264,8.8,93,-0.2,165,55.03,120,21.21,2.03,2026-11-11,False,https://www.tradingview.com/chart/?symbol=NASDAQ:TH&interval=D,False,False,False,False
KEEL,Keel Infrastructure Corp.,NASDAQ,Data Processing Services,3.53,3.53,3.65,6.75,7.83,30651161.3,33751737.4,119143633.0,119008626.0,-14.73,407,10.31,84,-34.87,386,87.77,74,21.07,-0.42,2026-11-16,False,https://www.tradingview.com/chart/?symbol=NASDAQ:KEEL&interval=D,False,False,False,False
IONQ,"IonQ, Inc.",NYSE,Computer Processing Hardware,43.86,40.58,40.22,6.0,6.45,30048465.7,22303498.533333335,978231446.0,905135446.0,-4.32,205,13.04,67,-14.19,240,63.66,103,20.84,1.4,2026-11-11,False,https://www.tradingview.com/chart/?symbol=NYSE:IONQ&interval=D,False,False,False,False
RUM,RUM Group Inc.,NASDAQ,Internet Software/Services,7.56,8.55,7.75,7.52,8.05,5437966.7,5487453.366666666,41485147.0,46936018.0,-14.29,402,-13.8,311,18.96,95,56.85,114,20.67,-0.3,2026-11-16,False,https://www.tradingview.com/chart/?symbol=NASDAQ:RUM&interval=D,False,False,False,False
CLSK,"CleanSpark, Inc.",NASDAQ,Data Processing Services,12.88,12.96,13.05,6.54,6.9,17732361.6,17955158.1,231262436.0,232716804.0,-14.25,401,10.94,80,-5.64,191,56.69,115,20.66,-0.19,2026-12-16,False,https://www.tradingview.com/chart/?symbol=NASDAQ:CLSK&interval=D,False,False,False,False
TGB,Trekor Metals Limited,AMEX,Other Metals/Minerals,8.91,8.73,8.36,4.31,5.28,5732508.2,5461850.0,48665084.0,47696515.0,-2.09,139,-2.62,193,23.92,84,39.66,152,20.32,1.24,2026-11-04,False,https://www.tradingview.com/chart/?symbol=AMEX:TGB&interval=D,False,False,False,False
MMED,"MiniMed Group, Inc.",NASDAQ,Medical Specialties,19.47,21.23,20.2,4.76,4.82,3066130.5,2535150.8333333335,49359387.0,53819140.0,-8.03,308,-2.5,192,26.92,77,36.44,160,20.29,-0.75,2026-12-30,False,https://www.tradingview.com/chart/?symbol=NASDAQ:MMED&interval=D,False,False,False,False
GKOS,Glaukos Corporation,NYSE,Medical Specialties,164.19,172.06,171.55,4.16,4.15,969734.6,754676.5,123910335.0,129848381.0,2.71,52,-8.1,255,19.35,94,49.55,131,20.26,-1.03,2026-11-04,False,https://www.tradingview.com/chart/?symbol=NYSE:GKOS&interval=D,False,False,False,False
RIOT,"Riot Platforms, Inc.",NASDAQ,Information Technology Services,20.15,21.24,21.08,6.54,7.46,17598293.7,16442159.4,331309512.0,349204062.0,-17.82,423,7.01,108,-15.71,250,69.13,93,20.14,-0.59,2026-11-10,False,https://www.tradingview.com/chart/?symbol=NASDAQ:RIOT&interval=D,False,False,False,False
QCOM,QUALCOMM Incorporated,NASDAQ,Semiconductors,184.04,176.99,171.04,5.06,4.76,16755223.9,13269938.4,2442199463.0,2348641974.0,-7.8,296,11.68,72,1.03,157,46.96,136,19.89,1.6,2026-11-11,False,https://www.tradingview.com/chart/?symbol=NASDAQ:QCOM&interval=D,False,False,False,False
IBRX,"ImmunityBio, Inc.",NASDAQ,Pharmaceuticals: Major,9.44,8.26,7.91,6.5,6.03,14575464.6,10582966.666666666,99903205.0,87432943.0,1.94,70,19.8,41,2.28,152,37.01,158,19.69,3.22,2026-11-05,False,https://www.tradingview.com/chart/?symbol=NASDAQ:IBRX&interval=D,False,False,False,False
CHYM,"Chime Financial, Inc.",NASDAQ,Packaged Software,26.64,31.33,29.45,4.61,4.94,7446132.8,7606999.9,202650477.0,238355199.0,-6.31,250,-19.54,366,28.85,72,47.92,135,19.08,-1.93,2026-11-11,False,https://www.tradingview.com/chart/?symbol=NASDAQ:CHYM&interval=D,False,False,False,False
INFQ,"Infleqtion, Inc.",NYSE,Computer Processing Hardware,13.47,13.36,12.43,6.22,6.64,8728361.8,8395434.233333332,113086499.0,112196583.0,-9.84,342,6.82,110,-1.61,174,49.17,132,18.13,1.26,2026-12-02,False,https://www.tradingview.com/chart/?symbol=NYSE:INFQ&interval=D,False,False,False,False
CLS,"Celestica, Inc.",NYSE,Electronic Components,361.43,325.24,328.4,4.91,5.47,2325920.4,2176753.2,786743909.0,707958504.0,1.52,79,20.59,38,2.1,154,31.43,182,18.04,1.84,2026-10-26,False,https://www.tradingview.com/chart/?symbol=NYSE:CLS&interval=D,False,False,False,False
ORKA,"Oruka Therapeutics, Inc.",NASDAQ,Pharmaceuticals: Major,83.29,93.85,96.09,5.57,5.93,1283998.1,960077.5666666667,79964861.0,90099439.0,-11.47,362,-8.47,256,-8.31,206,69.88,92,17.7,-2.25,2026-11-18,False,https://www.tradingview.com/chart/?symbol=NASDAQ:ORKA&interval=D,False,False,False,False
VSAT,"ViaSat, Inc.",NASDAQ,Telecommunications Equipment,70.38,72.55,75.22,4.89,5.63,1734135.2,1635237.8666666667,115088041.0,118630239.0,-6.41,255,5.03,121,-15.25,247,63.14,105,17.64,-1.14,2026-11-11,False,https://www.tradingview.com/chart/?symbol=NASDAQ:VSAT&interval=D,False,False,False,False
SHOP,Shopify Inc.,NASDAQ,Miscellaneous Commercial Services,148.3,141.58,139.34,4.13,4.58,12048102.2,9119261.333333334,1352386456.0,1291077662.0,1.15,86,-1.59,184,24.57,83,29.7,185,17.56,1.4,2026-10-22,False,https://www.tradingview.com/chart/?symbol=NASDAQ:SHOP&interval=D,False,False,False,False
VSH,"Vishay Intertechnology, Inc.",NYSE,Electronic Production Equipment,32.55,31.62,32.97,4.27,4.94,2968823.2,3481359.966666667,113318267.0,110075960.0,-0.03,107,5.44,116,-35.56,390,82.46,78,17.45,-0.26,2026-11-11,False,https://www.tradingview.com/chart/?symbol=NYSE:VSH&interval=D,False,False,False,False
AI,"C3.ai, Inc.",NYSE,Packaged Software,10.99,10.53,10.11,4.32,4.52,4347696.1,5091535.166666667,55955971.0,53608774.0,1.29,82,4.17,129,16.14,102,31.93,179,17.41,1.91,2026-12-09,False,https://www.tradingview.com/chart/?symbol=NYSE:AI&interval=D,False,False,False,False
WOLF,"Wolfspeed, Inc.",NYSE,Semiconductors,28.13,26.51,26.89,5.82,7.59,2423421.800000115,2947681.2333333553,82918273.0,78144012.0,0.75,93,8.69,96,-37.07,396,80.55,79,17.39,0.61,2026-10-28,False,https://www.tradingview.com/chart/?symbol=NYSE:WOLF&interval=D,False,False,False,False
IT,"Gartner, Inc.",NYSE,Internet Software/Services,186.54,188.06,180.01,4.18,4.31,1034140.0,1088382.0666666667,203026791.0,204682945.0,4.8,31,-5.47,220,37.44,54,19.79,211,17.25,0.84,2026-11-03,False,https://www.tradingview.com/chart/?symbol=NYSE:IT&interval=D,False,False,False,False
HIVE,HIVE Digital Technologies Ltd,NASDAQ,Information Technology Services,2.95,3.04,2.96,5.64,6.6,13139340.699999994,16602144.866666667,48976327.0,50517560.0,-15.47,413,6.5,111,-17.83,268,62.98,106,17.22,-0.06,2026-11-16,False,https://www.tradingview.com/chart/?symbol=NASDAQ:HIVE&interval=D,False,False,False,False
KSS,Kohl's Corporation,NYSE,Department Stores,18.46,17.77,18.3,4.6,5.06,3997686.9,4552425.633333334,84037777.0,80911778.0,0.27,102,6.95,109,-2.59,177,46.74,137,17.04,0.17,2026-11-12,False,https://www.tradingview.com/chart/?symbol=NYSE:KSS&interval=D,False,False,False,False
W,Wayfair Inc.,NYSE,Specialty Stores,102.56,101.36,99.7,4.57,4.72,2504055.8,2331380.7,239106405.0,236306416.0,-2.52,153,0.18,165,6.52,129,41.12,145,15.94,0.61,2026-10-29,False,https://www.tradingview.com/chart/?symbol=NYSE:W&interval=D,False,False,False,False
CLF,Cleveland-Cliffs Inc.,NYSE,Steel,11.01,11.86,11.86,4.93,5.46,17068705.0,15039163.133333333,165581186.0,178359462.0,-11.07,358,-6.3,234,14.09,106,36.09,164,14.63,-1.31,2026-10-26,False,https://www.tradingview.com/chart/?symbol=NYSE:CLF&interval=D,False,False,False,False
BLSH,Bullish,NYSE,Packaged Software,34.89,34.73,30.36,7.18,6.78,1431463.6,1573928.0333333334,54914349.0,54666193.0,-12.77,388,6.02,112,34.19,62,2.59,259,14.27,2.2,2026-11-25,False,https://www.tradingview.com/chart/?symbol=NYSE:BLSH&interval=D,False,False,False,False
WRBY,Warby Parker Inc.,NYSE,Specialty Stores,27.78,25.09,25.53,6.07,6.1,4231774.2,2995886.8666666667,83225737.0,75171795.0,21.26,6,11.48,75,-6.02,194,34.66,173,13.37,1.45,2026-11-05,False,https://www.tradingview.com/chart/?symbol=NYSE:WRBY&interval=D,True,False,False,False
WDC,Western Digital Corporation,NASDAQ,Computer Peripherals,454.46,452.32,470.9,4.96,5.79,7542106.500000002,6378868.433333328,2898940548.0,2885268507.0,-1.83,134,-0.53,171,-23.68,315,63.37,104,13.05,-0.6,2026-10-22,False,https://www.tradingview.com/chart/?symbol=NASDAQ:WDC&interval=D,False,False,False,False
FLEX,Flex Ltd.,NASDAQ,Electronic Production Equipment,109.99,110.72,114.61,4.37,4.86,3638635.7000000016,3133110.5666666585,344610831.0,346899046.0,-3.58,189,-0.33,170,-27.84,343,67.01,97,12.95,-0.83,2026-11-04,False,https://www.tradingview.com/chart/?symbol=NASDAQ:FLEX&interval=D,False,False,False,False
NAVN,"Navan, Inc.",NASDAQ,Packaged Software,20.99,24.63,25.66,4.75,5.97,4412787.6,4106873.933333333,86203284.0,101165995.0,0.43,99,-26.01,414,-11.1,218,74.48,85,12.46,-3.05,2026-12-15,False,https://www.tradingview.com/chart/?symbol=NASDAQ:NAVN&interval=D,False,False,False,False
HIMS,"Hims & Hers Health, Inc.",NYSE,Medical/Nursing Services,29.79,29.26,29.42,5.47,5.86,10715565.5,10743367.966666667,320044932.0,314358109.0,-2.01,137,3.91,134,-20.84,289,54.27,122,12.44,0.22,2026-11-09,False,https://www.tradingview.com/chart/?symbol=NYSE:HIMS&interval=D,False,False,False,False
IREN,IREN Limited,NASDAQ,Data Processing Services,40.88,42.64,41.38,6.02,6.78,35717334.5,39329554.166666664,1607792174.0,1676946640.0,-15.06,410,14.16,63,-3.87,182,26.37,194,12.22,-0.18,2026-12-01,False,https://www.tradingview.com/chart/?symbol=NASDAQ:IREN&interval=D,False,False,False,False
ASAN,"Asana, Inc.",NYSE,Packaged Software,8.43,9.36,9.01,6.93,7.2,9760240.3,7503317.3,63252965.0,70228549.0,-7.77,293,-15.87,337,16.44,101,34.99,170,11.85,-0.89,2026-12-08,False,https://www.tradingview.com/chart/?symbol=NYSE:ASAN&interval=D,False,False,False,False
FPS,"Forgent Power Solutions, Inc.",NYSE,Electrical Products,37.44,33.76,34.95,5.94,6.21,11207662.0,8968500.866666667,335780672.0,302761642.0,-1.47,130,22.67,33,-22.64,306,34.92,172,11.65,1.15,2026-12-02,False,https://www.tradingview.com/chart/?symbol=NYSE:FPS&interval=D,False,False,False,False
WTTR,"Select Water Solutions, Inc.",NYSE,Oil & Gas Production,19.79,19.97,20.0,4.24,4.49,2179445.8,1626948.0,32197301.0,32497744.0,-2.61,155,0.66,162,3.78,145,30.2,183,11.54,-0.23,2026-11-03,False,https://www.tradingview.com/chart/?symbol=NYSE:WTTR&interval=D,False,False,False,False
FSLY,"Fastly, Inc.",NASDAQ,Information Technology Services,25.67,23.87,24.04,10.39,9.54,11188726.0,7021687.266666667,180246712.0,167581929.0,-0.89,122,11.61,73,39.47,49,-16.66,328,11.48,0.71,2026-11-04,False,https://www.tradingview.com/chart/?symbol=NASDAQ:FSLY&interval=D,False,False,False,False
BLLN,"BillionToOne, Inc.",NASDAQ,Medical/Nursing Services,106.44,103.03,108.51,6.79,6.72,770041.8,631355.4333333333,67201472.0,65048235.0,-8.24,318,15.07,58,-13.83,237,33.15,177,11.46,-0.28,2026-12-15,False,https://www.tradingview.com/chart/?symbol=NASDAQ:BLLN&interval=D,False,False,False,False
RMBS,"Rambus, Inc.",NASDAQ,Semiconductors,106.76,91.21,93.28,4.69,4.99,3500750.5,2453357.7333333334,261920472.0,223770759.0,1.6,77,23.79,31,-14.04,239,24.57,198,11.44,2.9,2026-11-02,False,https://www.tradingview.com/chart/?symbol=NASDAQ:RMBS&interval=D,False,False,False,False
MARA,"MARA Holdings, Inc.",NASDAQ,Data Processing Services,11.33,11.67,11.31,7.21,7.56,46055323.7,49363397.3,559287291.0,576218937.0,-15.76,414,5.1,120,-16.87,258,45.59,142,11.27,0.03,2026-11-11,False,https://www.tradingview.com/chart/?symbol=NASDAQ:MARA&interval=D,False,False,False,False
KMX,CarMax Inc,NYSE,Specialty Stores,55.11,60.09,59.39,4.86,4.87,4743929.0,2669848.3666666667,147135343.0,160430298.0,-3.03,173,-11.71,282,6.12,132,39.04,153,11.15,-1.48,2026-12-17,False,https://www.tradingview.com/chart/?symbol=NYSE:KMX&interval=D,False,False,False,False
SYNA,Synaptics Incorporated,NASDAQ,Semiconductors,101.4,96.68,101.45,4.28,4.26,532200.2,669445.9,67878467.0,64719687.0,3.86,42,5.86,113,-19.45,283,46.12,140,10.84,-0.01,2026-11-05,False,https://www.tradingview.com/chart/?symbol=NASDAQ:SYNA&interval=D,False,False,False,False
VCYT,"Veracyte, Inc.",NASDAQ,Medical Specialties,46.04,43.09,45.46,5.41,5.23,1768872.8,1433777.7666666666,66011128.0,61787458.0,7.19,21,8.76,95,-23.16,312,46.25,138,10.62,0.24,2026-11-10,False,https://www.tradingview.com/chart/?symbol=NASDAQ:VCYT&interval=D,True,False,False,False
EAT,"Brinker International, Inc.",NYSE,Restaurants,193.53,219.62,218.81,4.63,4.79,1927385.0,1286276.9666666666,248933181.0,282491290.0,-6.22,249,-15.75,335,11.69,116,35.79,167,10.58,-2.41,2026-11-04,False,https://www.tradingview.com/chart/?symbol=NYSE:EAT&interval=D,False,False,False,False
AFRM,"Affirm Holdings, Inc.",NASDAQ,Finance/Rental/Leasing,69.23,72.63,73.38,4.44,4.97,4145029.6,5252322.333333333,363618275.0,381496305.0,-2.71,160,-8.67,259,-18.12,272,58.02,113,10.41,-1.14,2026-11-11,False,https://www.tradingview.com/chart/?symbol=NASDAQ:AFRM&interval=D,False,False,False,False
ARXS,"Arxis, Inc.",NASDAQ,Aerospace & Defense,49.39,51.74,52.09,4.97,4.88,1424214.5,848794.9,41921980.0,43914385.0,-1.4,129,-5.58,224,6.22,130,29.97,184,10.2,-1.06,2026-12-02,False,https://www.tradingview.com/chart/?symbol=NASDAQ:ARXS&interval=D,False,False,False,False
PAY,"Paymentus Holdings, Inc.",NYSE,Miscellaneous Commercial Services,30.64,35.37,36.0,4.83,5.16,1397056.4,1203042.3666666667,36861218.0,42553213.0,-5.05,220,-14.13,316,19.55,93,25.16,196,10.2,-2.89,2026-11-09,False,https://www.tradingview.com/chart/?symbol=NYSE:PAY&interval=D,False,False,False,False
NWL,Newell Brands Inc.,NASDAQ,Industrial Machinery,5.28,5.83,5.8,4.0,4.86,5344830.3,6293157.633333334,33227872.0,36659741.0,-8.49,324,-12.58,291,-10.36,213,53.04,126,10.03,-1.84,2026-10-23,False,https://www.tradingview.com/chart/?symbol=NASDAQ:NWL&interval=D,False,False,False,False
ETSY,"Etsy, Inc.",NYSE,Internet Retail,71.49,76.35,78.7,4.07,4.48,3717338.2,3190205.7333333334,228067808.0,243563701.0,-4.53,209,-13.9,314,-2.68,178,45.9,141,9.77,-2.04,2026-11-04,False,https://www.tradingview.com/chart/?symbol=NYSE:ETSY&interval=D,False,False,False,False
TSEM,Tower Semiconductor Ltd.,NASDAQ,Semiconductors,227.43,216.97,224.91,4.54,5.85,2496182.0,1701090.8333333333,386879088.0,369079157.0,-3.94,197,8.17,101,-6.16,195,27.06,191,9.69,0.19,2026-11-16,False,https://www.tradingview.com/chart/?symbol=NASDAQ:TSEM&interval=D,False,False,False,False
BTBT,"Bit Digital, Inc.",NASDAQ,Miscellaneous Commercial Services,1.63,1.59,1.52,6.59,7.44,26325510.0,31264696.2,50961455.0,49778607.0,-11.65,367,14.79,60,-10.44,214,24.43,199,9.59,0.99,2026-11-12,False,https://www.tradingview.com/chart/?symbol=NASDAQ:BTBT&interval=D,False,False,False,False
VIAV,Viavi Solutions Inc.,NASDAQ,Information Technology Services,41.92,37.22,38.14,5.15,5.77,6322842.999999998,4889908.533333326,204984966.0,181986096.0,14.72,10,13.54,64,-9.66,211,24.8,197,9.56,1.72,2026-10-29,False,https://www.tradingview.com/chart/?symbol=NASDAQ:VIAV&interval=D,True,False,False,False
COIN,"Coinbase Global, Inc.",NASDAQ,Investment Banks/Brokers,186.41,183.81,171.94,5.68,6.05,9558133.7,10632008.033333333,1981912617.0,1954283573.0,-5.85,237,4.43,124,12.85,110,11.2,238,9.49,1.39,2026-10-29,False,https://www.tradingview.com/chart/?symbol=NASDAQ:COIN&interval=D,False,False,False,False
WK,Workiva Inc.,NYSE,Information Technology Services,66.57,73.6,69.14,4.33,4.64,1121781.1,954079.1,63513046.0,70217360.0,-4.95,218,-14.53,319,31.07,68,11.36,237,9.3,-0.8,2026-11-04,False,https://www.tradingview.com/chart/?symbol=NYSE:WK&interval=D,False,False,False,False
SM,SM Energy Company,NYSE,Integrated Oil,33.78,36.54,34.71,4.15,4.44,4546714.2,4021424.3333333335,135843714.0,146960271.0,-1.89,135,-10.59,273,28.64,74,8.83,242,8.96,-0.6,2026-10-29,False,https://www.tradingview.com/chart/?symbol=NYSE:SM&interval=D,False,False,False,False
ARQT,"Arcutis Biotherapeutics, Inc.",NASDAQ,Pharmaceuticals: Major,26.43,25.15,25.79,5.58,4.82,4486966.2,2933041.466666667,77520286.0,73768437.0,-4.89,216,11.28,79,2.2,153,12.95,232,8.81,0.52,2026-10-29,False,https://www.tradingview.com/chart/?symbol=NASDAQ:ARQT&interval=D,False,False,False,False
IOT,Samsara Inc.,NYSE,Packaged Software,38.13,39.44,38.77,4.87,5.23,5079330.3,6843229.866666666,260932355.0,269896986.0,-1.12,127,-6.5,237,12.11,114,20.55,208,8.72,-0.31,2026-11-26,False,https://www.tradingview.com/chart/?symbol=NYSE:IOT&interval=D,False,False,False,False
SEZL,Sezzle Inc.,NASDAQ,Packaged Software,108.04,117.01,129.1,4.59,5.37,609374.0,459874.6333333335,49684855.0,53810697.0,-2.18,143,-12.21,286,-38.59,402,76.85,84,8.68,-3.04,2026-11-05,False,https://www.tradingview.com/chart/?symbol=NASDAQ:SEZL&interval=D,False,False,False,False
PGY,Pagaya Technologies Ltd.,NASDAQ,Packaged Software,17.32,20.74,20.28,6.55,6.6,2993327.2999999956,2419524.566666666,41906165.0,50180133.0,-16.21,417,-20.17,374,-7.48,204,53.41,124,8.59,-2.21,2026-11-17,False,https://www.tradingview.com/chart/?symbol=NASDAQ:PGY&interval=D,False,False,False,False
GDDY,GoDaddy Inc.,NYSE,Data Processing Services,95.51,98.37,96.32,5.23,5.22,3615340.9,2372879.3666666667,226633708.0,233409070.0,-2.7,158,-1.8,188,9.12,122,18.04,215,8.45,-0.16,2026-10-29,False,https://www.tradingview.com/chart/?symbol=NYSE:GDDY&interval=D,False,False,False,False
SNAP,Snap Inc.,NYSE,Packaged Software,5.4,5.5,5.31,4.65,5.0,31564796.5,34125206.4,184276115.0,187586260.0,-3.23,178,-2.7,194,13.92,107,13.92,227,8.38,0.35,2026-10-15,False,https://www.tradingview.com/chart/?symbol=NYSE:SNAP&interval=D,False,False,False,False
QUBT,Quantum Computing Inc.,NASDAQ,Information Technology Services,8.45,8.37,8.41,4.6,4.97,8216089.0,7098408.6,59981553.0,59401849.0,-12.62,386,4.39,126,-11.47,222,32.03,178,8.31,0.1,2026-11-18,False,https://www.tradingview.com/chart/?symbol=NASDAQ:QUBT&interval=D,False,False,False,False
FIGS,"FIGS, Inc.",NYSE,Apparel/Footwear,13.86,13.98,13.19,4.8,4.93,2578372.0,2562526.466666667,35516617.0,35828391.0,8.28,17,-10.23,267,37.91,53,-2.74,271,8.31,1.03,2026-11-05,False,https://www.tradingview.com/chart/?symbol=NYSE:FIGS&interval=D,True,False,False,False
CCC,CCC Intelligent Solutions Holdings Inc.,NASDAQ,Packaged Software,6.66,7.0,6.78,4.28,4.57,13123610.8,11130583.333333334,74129685.0,77958606.0,2.15,65,-10.24,268,21.09,91,12.31,234,7.72,-0.38,2026-10-29,False,https://www.tradingview.com/chart/?symbol=NASDAQ:CCC&interval=D,False,False,False,False
BULL,Webull Corporation,NASDAQ,Packaged Software,6.97,8.58,8.16,5.88,6.36,12332826.8,17489333.333333332,121900653.0,150000182.0,-13.2,392,-25.81,413,-4.52,186,52.85,127,7.51,-2.3,2026-11-19,False,https://www.tradingview.com/chart/?symbol=NASDAQ:BULL&interval=D,False,False,False,False
CRWV,"CoreWeave, Inc.",NASDAQ,Packaged Software,87.12,86.66,86.41,4.82,6.08,36948581.8,26170387.533333335,2279964162.0,2267838549.0,-2.1,141,5.43,117,0.99,158,14.99,224,7.14,0.14,2026-11-16,False,https://www.tradingview.com/chart/?symbol=NASDAQ:CRWV&interval=D,False,False,False,False
GLXY,Galaxy Digital Inc.,NASDAQ,Investment Banks/Brokers,22.74,24.29,23.06,6.57,7.26,4907963.4,5340967.6,121453603.0,129708959.0,-14.45,404,-1.77,187,-13.77,236,35.92,165,6.8,-0.19,2026-10-27,False,https://www.tradingview.com/chart/?symbol=NASDAQ:GLXY&interval=D,False,False,False,False
JHX,James Hardie Industries plc.,NYSE,Construction Materials,25.31,28.2,28.25,4.07,3.96,18514889.8,11351681.566666666,287311060.0,320132556.0,-6.19,246,-14.92,326,-1.34,172,34.99,171,6.24,-2.63,2026-11-09,False,https://www.tradingview.com/chart/?symbol=NYSE:JHX&interval=D,False,False,False,False
MDB,"MongoDB, Inc.",NASDAQ,Packaged Software,348.61,396.27,387.56,6.76,8.09,4344315.9,2754491.033333333,960243119.0,1091534098.0,-18.8,427,-21.43,384,-2.75,179,41.77,144,5.86,-1.24,2026-12-07,False,https://www.tradingview.com/chart/?symbol=NASDAQ:MDB&interval=D,False,False,False,False
AMBA,"Ambarella, Inc.",NASDAQ,Semiconductors,69.51,68.29,72.12,5.16,5.96,1524909.4,1685957.3666666667,117190897.0,115136277.0,3.67,45,-1.59,183,-21.1,293,40.23,147,5.85,-0.61,2026-12-01,False,https://www.tradingview.com/chart/?symbol=NASDAQ:AMBA&interval=D,False,False,False,False
CRCL,"Circle Internet Group, Inc.",NYSE,Packaged Software,82.17,90.19,80.69,6.76,7.5,13440000.5,15785953.333333334,1297131785.0,1423793013.0,-11.66,368,-5.6,225,28.77,73,-6.04,288,5.71,0.25,2026-11-18,False,https://www.tradingview.com/chart/?symbol=NYSE:CRCL&interval=D,False,False,False,False
ATI,ATI Inc.,NYSE,Other Metals/Minerals,189.4,198.65,202.64,4.0,4.15,1777182.1,1855556.0,351442306.0,368601870.0,2.1,67,-9.81,265,-2.12,176,28.7,187,5.59,-1.57,2026-11-03,False,https://www.tradingview.com/chart/?symbol=NYSE:ATI&interval=D,False,False,False,False
WAY,Waystar Holding Corp.,NASDAQ,Packaged Software,25.34,25.18,24.47,4.11,4.26,1786311.7,2180668.933333333,55258151.0,54899794.0,-0.67,119,-2.76,198,12.67,111,6.6,251,5.5,0.84,2026-11-11,False,https://www.tradingview.com/chart/?symbol=NASDAQ:WAY&interval=D,False,False,False,False
POET,POET Technologies Inc.,NASDAQ,Electrical Products,7.48,7.78,7.88,4.71,6.25,7844943.7,7853054.766666634,58740850.0,61078442.0,-7.65,288,-0.93,177,-22.89,307,40.07,149,5.42,-0.81,2026-11-12,False,https://www.tradingview.com/chart/?symbol=NASDAQ:POET&interval=D,False,False,False,False
FDS,FactSet Research Systems Inc.,NYSE,Financial Publishing/Services,269.95,287.14,281.52,4.08,4.41,823729.1,900058.3666666667,242970756.0,258440659.0,-2.46,150,-12.12,285,7.98,123,19.95,210,5.27,-0.93,2026-12-17,False,https://www.tradingview.com/chart/?symbol=NYSE:FDS&interval=D,False,False,False,False
SHLS,"Shoals Technologies Group, Inc.",NASDAQ,Semiconductors,8.1,7.32,7.91,5.27,5.74,4339337.8,4617888.0,37404893.0,33780620.0,-0.61,116,13.45,65,-18.92,279,20.9,207,5.14,0.41,2026-11-10,False,https://www.tradingview.com/chart/?symbol=NASDAQ:SHLS&interval=D,False,False,False,False
WYFI,"WhiteFiber, Inc.",NASDAQ,Data Processing Services,18.01,19.14,21.79,6.12,8.75,1186562.2,2268415.3666666667,40854161.0,43406884.0,-9.63,340,1.46,155,-49.85,420,63.73,102,5.12,-1.98,2026-11-12,False,https://www.tradingview.com/chart/?symbol=NASDAQ:WYFI&interval=D,False,False,False,False
NVTS,Navitas Semiconductor Corporation,NASDAQ,Semiconductors,11.61,11.78,12.03,5.71,7.03,15945261.1,12945981.4,150302844.0,152525238.0,-6.22,248,1.4,157,-29.29,353,42.98,143,5.03,-0.5,2026-11-09,False,https://www.tradingview.com/chart/?symbol=NASDAQ:NVTS&interval=D,False,False,False,False
AUGO,Aura Minerals Inc.,NASDAQ,Other Metals/Minerals,78.68,85.61,77.33,4.79,5.67,1129768.5000000014,1084915.1666666653,85361125.0,92881576.0,-12.15,374,-5.48,221,23.23,86,-2.86,272,4.96,0.31,2026-11-05,False,https://www.tradingview.com/chart/?symbol=NASDAQ:AUGO&interval=D,False,False,False,False
ON,ON Semiconductor Corporation,NASDAQ,Semiconductors,76.87,73.13,77.0,4.38,4.33,11894428.3,9795567.666666666,752985287.0,716389046.0,4.2,40,4.51,123,-18.87,277,28.6,188,4.75,-0.04,2026-11-02,False,https://www.tradingview.com/chart/?symbol=NASDAQ:ON&interval=D,False,False,False,False
UCTT,"Ultra Clean Holdings, Inc.",NASDAQ,Industrial Machinery,81.06,72.64,78.11,4.04,5.51,877445.2,846363.6,68606233.0,61477877.0,7.38,19,15.59,55,-37.76,398,36.14,162,4.66,0.69,2026-10-28,False,https://www.tradingview.com/chart/?symbol=NASDAQ:UCTT&interval=D,True,False,False,False
AUR,"Aurora Innovation, Inc.",NASDAQ,Packaged Software,5.54,6.08,6.29,6.7,6.69,39173981.8,33291497.066666666,184434894.0,202340171.0,-14.24,400,-3.43,203,-21.53,297,38.85,156,4.63,-1.77,2026-11-04,False,https://www.tradingview.com/chart/?symbol=NASDAQ:AUR&interval=D,False,False,False,False
VOYG,"Voyager Technologies, Inc.",NYSE,Information Technology Services,30.25,34.32,34.19,7.71,8.54,4013443.0,2097387.2666666666,63445965.0,71988623.0,-8.97,330,-10.9,275,-10.5,215,33.26,175,3.95,-1.35,2026-11-09,False,https://www.tradingview.com/chart/?symbol=NYSE:VOYG&interval=D,False,False,False,False
PSKY,Paramount Skydance Corporation,NASDAQ,Cable/Satellite TV,10.33,10.52,9.87,5.21,4.9,36119167.3,19216902.966666665,198510608.0,202145805.0,2.28,59,-4.35,212,0.98,159,14.52,226,3.72,0.95,2026-11-16,False,https://www.tradingview.com/chart/?symbol=NASDAQ:PSKY&interval=D,False,False,False,False
VRDN,"Viridian Therapeutics, Inc.",NASDAQ,Pharmaceuticals: Major,20.59,22.5,21.96,4.42,4.35,2098965.3,1483393.9333333333,30543081.0,33381555.0,-6.87,267,-10.24,269,10.17,118,10.94,239,3.62,-1.43,2026-11-16,False,https://www.tradingview.com/chart/?symbol=NASDAQ:VRDN&interval=D,False,False,False,False
WIX,Wix.com Ltd.,NASDAQ,Packaged Software,72.13,79.91,72.93,6.75,7.07,1171941.7,1314033.2,94781215.0,105006583.0,-10.2,345,-16.63,344,47.2,34,-19.86,347,3.57,-0.15,2026-11-05,False,https://www.tradingview.com/chart/?symbol=NASDAQ:WIX&interval=D,False,False,False,False
BHVN,Biohaven Ltd.,NYSE,Pharmaceuticals: Major,13.35,14.16,14.17,6.38,7.32,3035280.9,3461359.433333333,46209148.0,49017465.0,-10.04,344,-13.65,307,-15.98,254,39.94,151,3.43,-0.79,2026-11-17,False,https://www.tradingview.com/chart/?symbol=NYSE:BHVN&interval=D,False,False,False,False
RELY,"Remitly Global, Inc.",NASDAQ,Miscellaneous Commercial Services,21.34,23.76,23.89,4.13,4.76,4582172.4,3996551.033333333,85286399.0,94969376.0,1.38,81,-19.5,365,-6.93,200,35.58,168,3.05,-2.24,2026-11-04,False,https://www.tradingview.com/chart/?symbol=NASDAQ:RELY&interval=D,False,False,False,False
TTMI,"TTM Technologies, Inc.",NASDAQ,Electronic Components,122.84,119.82,123.68,5.35,6.3,2040388.9,2049818.3333333333,251799684.0,245618115.0,-3.25,179,3.37,137,-31.09,371,36.14,163,2.81,-0.11,2026-11-04,False,https://www.tradingview.com/chart/?symbol=NASDAQ:TTMI&interval=D,False,False,False,False
HRI,Herc Holdings Inc.,NYSE,Finance/Rental/Leasing,124.8,144.12,151.58,5.67,6.08,1152951.5,734984.4666666667,91726061.0,105923266.0,-12.27,376,-17.39,349,-11.6,223,36.95,159,2.65,-2.9,2026-10-15,False,https://www.tradingview.com/chart/?symbol=NYSE:HRI&interval=D,False,False,False,False
RGTI,"Rigetti Computing, Inc.",NASDAQ,Computer Processing Hardware,15.74,15.87,16.13,5.55,6.04,17340960.5,16841740.566666666,265088997.0,267323334.0,-10.7,354,1.75,152,-15.96,253,22.11,202,2.63,-0.4,2026-11-16,False,https://www.tradingview.com/chart/?symbol=NASDAQ:RGTI&interval=D,False,False,False,False
CIFR,Cipher Digital Inc.,NASDAQ,Data Processing Services,15.82,16.7,17.97,7.99,9.23,32191506.9,34092591.266666666,539515257.0,569420141.0,-16.71,420,4.66,122,-30.68,366,31.87,180,1.95,-1.29,2026-11-11,False,https://www.tradingview.com/chart/?symbol=NASDAQ:CIFR&interval=D,False,False,False,False
RXO,"RXO, Inc.",NYSE,Packaged Software,20.46,20.51,21.43,4.77,5.17,1924582.6,1642314.5,33601755.0,33688250.0,0.44,98,-6.53,240,-26.82,334,38.99,154,1.88,-0.88,2026-11-05,False,https://www.tradingview.com/chart/?symbol=NYSE:RXO&interval=D,False,False,False,False
ACHC,"Acadia Healthcare Company, Inc.",NASDAQ,Medical/Nursing Services,27.5,28.3,29.45,4.18,4.66,1698502.5,1481554.2333333334,40742741.0,41928479.0,-6.49,259,-2.72,197,-12.7,232,20.99,206,1.85,-1.42,2026-11-04,False,https://www.tradingview.com/chart/?symbol=NASDAQ:ACHC&interval=D,False,False,False,False
COHR,Coherent Corp.,NYSE,Semiconductors,287.81,289.69,296.41,5.79,7.01,6510309.0,6110672.9,1758712767.0,1770188611.0,-7.79,295,2.7,143,-19.62,284,22.47,200,1.85,-0.41,2026-11-11,False,https://www.tradingview.com/chart/?symbol=NYSE:COHR&interval=D,False,False,False,False
RDW,Redwire Corporation,NYSE,Aerospace & Defense,10.44,11.09,11.03,6.76,7.23,14925717.7,12347681.066666666,128909790.0,136898740.0,-10.69,353,-2.7,195,-12.42,231,20.28,209,1.72,-0.74,2026-11-11,False,https://www.tradingview.com/chart/?symbol=NYSE:RDW&interval=D,False,False,False,False
FIVE,"Five Below, Inc.",NASDAQ,Discount Stores,219.57,240.53,233.92,4.13,4.42,1197434.4,1249851.4666666666,274429887.0,300626773.0,-5.41,229,-9.47,263,18.48,97,-4.2,280,1.6,-1.39,2026-12-02,False,https://www.tradingview.com/chart/?symbol=NASDAQ:FIVE&interval=D,False,False,False,False
AXGN,"Axogen, Inc.",NASDAQ,Medical Specialties,41.92,46.46,45.8,4.73,5.03,1113590.5,1184744.3666666667,49664484.0,55048160.0,-5.88,239,-17.76,352,-5.37,190,26.72,192,1.2,-1.68,2026-11-10,False,https://www.tradingview.com/chart/?symbol=NASDAQ:AXGN&interval=D,False,False,False,False
TMDX,"TransMedics Group, Inc.",NASDAQ,Medical Specialties,83.45,87.53,84.93,4.78,4.72,683988.1,688752.1333333333,57476366.0,60284867.0,-5.41,230,-4.79,215,22.4,88,-14.24,322,1.12,-0.37,2026-11-04,False,https://www.tradingview.com/chart/?symbol=NASDAQ:TMDX&interval=D,False,False,False,False
BRUN,Boost Run Inc.,NASDAQ,Packaged Software,16.5,17.2,18.46,7.02,8.96,2007933.0,2191443.8666666667,36158824.0,37693200.0,-3.51,188,-1.64,185,-50.73,423,54.06,123,0.56,-1.18,2026-12-02,False,https://www.tradingview.com/chart/?symbol=NASDAQ:BRUN&interval=D,False,False,False,False
KOS,Kosmos Energy Ltd.,NYSE,Integrated Oil,2.54,2.81,2.7,5.84,6.26,13753336.8,12905946.666666666,32781105.0,36248502.0,-2.87,168,-12.41,290,27.0,76,-13.31,317,0.43,-0.95,2026-11-09,False,https://www.tradingview.com/chart/?symbol=NYSE:KOS&interval=D,False,False,False,False
PATH,"UiPath, Inc.",NYSE,Packaged Software,12.84,15.0,14.48,4.89,6.04,46193336.9,57725835.06666667,741199722.0,865752832.0,-2.98,171,-29.02,428,13.03,109,17.15,217,0.39,-1.88,2026-12-09,False,https://www.tradingview.com/chart/?symbol=NYSE:PATH&interval=D,False,False,False,False
EPAM,"EPAM Systems, Inc.",NYSE,Information Technology Services,108.36,113.45,107.9,4.13,4.33,1026081.6,1155233.1,125181059.0,131065431.0,-2.95,170,-5.54,223,25.71,80,-19.33,340,0.28,0.1,2026-10-29,False,https://www.tradingview.com/chart/?symbol=NYSE:EPAM&interval=D,False,False,False,False
SGRY,"Surgery Partners, Inc.",NASDAQ,Hospital/Nursing Management,13.87,14.1,14.6,5.62,5.4,2889129.3,2635539.8,36554937.0,37161990.0,-11.77,370,1.61,154,-17.0,261,15.3,222,-0.03,-0.93,2026-11-10,False,https://www.tradingview.com/chart/?symbol=NASDAQ:SGRY&interval=D,False,False,False,False
EXPE,"Expedia Group, Inc.",NASDAQ,Other Consumer Services,263.36,294.63,297.84,4.16,4.56,2937531.6,2099415.3,552902013.0,618545481.0,-5.27,225,-19.03,361,-0.83,168,19.29,213,-0.19,-2.54,2026-10-29,False,https://www.tradingview.com/chart/?symbol=NASDAQ:EXPE&interval=D,False,False,False,False
WGS,GeneDx Holdings Corp.,NASDAQ,Medical/Nursing Services,72.3,87.72,80.9,9.35,8.63,981434.1,671495.2,48549103.0,58903447.0,-20.11,431,-14.73,321,0.03,162,13.8,228,-0.3,-1.23,2026-11-03,False,https://www.tradingview.com/chart/?symbol=NASDAQ:WGS&interval=D,False,False,False,False
ATRO,Astronics Corporation,NASDAQ,Aerospace & Defense,67.42,72.3,74.07,4.5,4.75,733615.3999999997,618151.6666666664,41675785.0,44693705.0,-2.43,149,-9.73,264,-11.03,217,19.43,212,-0.44,-1.89,2026-11-11,False,https://www.tradingview.com/chart/?symbol=NASDAQ:ATRO&interval=D,False,False,False,False
NCNO,"nCino, Inc.",NASDAQ,Packaged Software,18.13,21.13,20.21,4.83,4.98,2309177.0,2655970.8,48152751.0,56133943.0,-7.64,286,-19.99,371,5.28,138,13.17,231,-0.51,-2.06,2026-12-02,False,https://www.tradingview.com/chart/?symbol=NASDAQ:NCNO&interval=D,False,False,False,False
MDA,MDA Space Ltd.,NYSE,Electronic Production Equipment,29.63,29.95,31.03,4.06,4.66,1421758.8,1316886.6333333333,39019351.0,39445144.0,-5.97,242,2.74,142,-25.91,330,21.24,205,-0.64,-0.97,2026-11-06,False,https://www.tradingview.com/chart/?symbol=NYSE:MDA&interval=D,False,False,False,False
MNDY,monday.com Ltd.,NASDAQ,Packaged Software,78.46,89.76,88.41,5.94,6.66,1195220.1,1182130.0333333334,92749922.0,106107598.0,-8.69,327,-21.46,386,3.84,143,15.21,223,-0.8,-1.69,2026-11-16,False,https://www.tradingview.com/chart/?symbol=NASDAQ:MNDY&interval=D,False,False,False,False
COCO,"The Vita Coco Company, Inc.",NASDAQ,Food: Specialty/Candy,57.26,58.17,61.29,4.34,4.31,1303253.9,1291781.1,73960927.0,75138601.0,-4.03,201,-7.2,246,-16.89,260,21.25,204,-0.95,-1.53,2026-11-04,False,https://www.tradingview.com/chart/?symbol=NASDAQ:COCO&interval=D,False,False,False,False
GNRC,Generac Holdings Inc.,NYSE,Electrical Products,206.95,195.43,200.79,4.39,4.87,2044731.9,1335853.9333333333,276454972.0,261060591.0,1.25,83,12.42,69,-23.42,314,8.01,244,-1.0,0.63,2026-11-04,False,https://www.tradingview.com/chart/?symbol=NYSE:GNRC&interval=D,False,False,False,False
CECO,CECO Environmental Corp.,NASDAQ,Industrial Machinery,69.64,72.43,72.54,4.65,5.33,673673.7,685318.9333333333,47725611.0,49636851.0,-4.77,215,-0.71,174,-18.6,274,15.97,220,-1.11,-0.75,2026-11-09,False,https://www.tradingview.com/chart/?symbol=NASDAQ:CECO&interval=D,False,False,False,False
QBTS,D-Wave Quantum Inc.,NASDAQ,Computer Processing Hardware,16.57,17.4,18.18,5.9,6.35,17261752.2,16168181.866666667,267906774.0,281256302.0,-12.47,378,-0.69,173,-29.95,361,26.49,193,-1.38,-1.39,2026-11-05,False,https://www.tradingview.com/chart/?symbol=NASDAQ:QBTS&interval=D,False,False,False,False
PBLS,"Parabilis Medicines, Inc.",NASDAQ,Pharmaceuticals: Major,32.29,37.58,36.36,9.93,8.98,1796039.6,897924.4333333333,28993980.0,33740708.0,-14.78,408,-17.37,348,15.98,103,-3.18,274,-1.52,-1.25,2026-12-02,False,https://www.tradingview.com/chart/?symbol=NASDAQ:PBLS&interval=D,False,False,False,False
PCOR,"Procore Technologies, Inc.",NYSE,Packaged Software,51.72,56.17,55.19,4.11,4.45,2774663.5,2792846.2333333334,144446007.0,156883482.0,0.96,91,-19.02,360,23.38,85,-9.5,302,-1.71,-1.41,2026-11-04,False,https://www.tradingview.com/chart/?symbol=NYSE:PCOR&interval=D,False,False,False,False
LAD,"Lithia Motors, Inc.",NYSE,Specialty Stores,291.83,347.65,357.08,4.7,4.57,390688.9,262929.0333333333,76730580.0,91406928.0,-6.41,256,-21.08,381,-1.24,171,16.35,219,-1.99,-4.0,2026-10-21,False,https://www.tradingview.com/chart/?symbol=NYSE:LAD&interval=D,False,False,False,False
ARIS,Aris Mining Corporation,NYSE,Precious Metals,17.4,19.49,18.02,4.22,5.28,1748089.0,1539355.266666666,26784782.0,30009218.0,-9.19,334,-14.12,315,14.1,105,-6.15,289,-2.06,-0.65,2026-11-17,False,https://www.tradingview.com/chart/?symbol=NYSE:ARIS&interval=D,False,False,False,False
GENI,Genius Sports Limited,NYSE,Internet Software/Services,5.73,6.96,7.14,7.09,7.66,9924038.6,6463251.433333334,37034431.0,44956223.0,-5.13,221,-27.92,423,-9.91,212,29.35,186,-2.83,-2.58,2026-11-11,False,https://www.tradingview.com/chart/?symbol=NYSE:GENI&interval=D,False,False,False,False
ATEN,"A10 Networks, Inc.",NYSE,Information Technology Services,27.11,25.72,27.33,4.01,3.99,1373546.5,1270176.9333333333,34434497.0,32675302.0,1.08,88,5.32,118,-27.96,344,13.57,229,-3.02,-0.2,2026-11-10,False,https://www.tradingview.com/chart/?symbol=NYSE:ATEN&interval=D,False,False,False,False
BRZE,"Braze, Inc.",NASDAQ,Internet Software/Services,25.1,28.13,27.32,4.97,6.2,1992552.7,2863323.6333333333,71869423.0,80535749.0,-2.75,162,-26.24,415,9.7,120,7.24,248,-3.1,-1.31,2026-12-15,False,https://www.tradingview.com/chart/?symbol=NASDAQ:BRZE&interval=D,False,False,False,False
RKLB,Rocket Lab Corporation,NASDAQ,Aerospace & Defense,69.68,67.32,69.67,5.3,5.72,22262564.8,18570335.633333333,1293980987.0,1250173565.0,-4.38,207,9.34,91,-31.0,368,11.98,236,-3.23,0.0,2026-11-16,False,https://www.tradingview.com/chart/?symbol=NASDAQ:RKLB&interval=D,False,False,False,False
VKTX,"Viking Therapeutics, Inc.",NASDAQ,Pharmaceuticals: Major,32.6,33.43,33.59,7.49,8.41,13269168.1,5715286.566666666,186318342.0,191086796.0,-21.93,434,2.61,145,-13.98,238,1.56,263,-3.27,-0.35,2026-10-28,False,https://www.tradingview.com/chart/?symbol=NASDAQ:VKTX&interval=D,False,False,False,False
SPHR,Sphere Entertainment Co.,NYSE,Media Conglomerates,134.44,144.61,148.39,4.32,4.51,542295.8,564928.2,75948947.0,81695209.0,-4.2,202,-4.26,211,-20.51,287,14.59,225,-3.39,-2.08,2026-11-10,False,https://www.tradingview.com/chart/?symbol=NYSE:SPHR&interval=D,False,False,False,False
STRL,"Sterling Infrastructure, Inc.",NASDAQ,Engineering & Construction,491.78,495.13,529.33,4.46,5.36,502897.0,538151.3333333334,264652063.0,266454690.0,-3.97,198,4.41,125,-37.36,397,22.2,201,-3.58,-1.32,2026-11-09,False,https://www.tradingview.com/chart/?symbol=NASDAQ:STRL&interval=D,False,False,False,False
RYAN,"Ryan Specialty Holdings, Inc.",NYSE,Insurance Brokers/Services,37.0,40.58,41.56,4.19,4.14,2359852.6,1835445.9666666666,67911501.0,74481786.0,-3.44,185,-14.81,324,-8.55,207,12.22,235,-3.71,-2.65,2026-10-29,False,https://www.tradingview.com/chart/?symbol=NYSE:RYAN&interval=D,False,False,False,False
AKAM,"Akamai Technologies, Inc.",NASDAQ,Data Processing Services,106.35,108.77,112.38,6.24,6.16,8056272.9,4719273.133333334,501894698.0,513310619.0,-9.36,337,-0.66,172,-4.86,188,-5.63,284,-3.72,-0.87,2026-11-10,False,https://www.tradingview.com/chart/?symbol=NASDAQ:AKAM&interval=D,False,False,False,False
HCC,"Warrior Met Coal, Inc.",NYSE,Coal,88.07,98.81,94.27,4.16,4.52,756461.5,637085.0666666667,56108082.0,62949951.0,-3.0,172,-19.24,362,11.76,115,-3.85,278,-3.78,-1.46,2026-11-04,False,https://www.tradingview.com/chart/?symbol=NYSE:HCC&interval=D,False,False,False,False
DPC,DPC Holdings PLC,NYSE,Electrical Products,42.26,42.28,45.26,5.23,6.25,1222338.4,1192377.7,50389882.0,50417704.0,4.4,35,3.2,140,-11.01,216,-3.95,279,-3.92,-1.06,2026-12-02,False,https://www.tradingview.com/chart/?symbol=NYSE:DPC&interval=D,False,False,False,False
JEF,Jefferies Financial Group Inc.,NYSE,Investment Banks/Brokers,45.73,50.75,52.66,4.02,3.76,3031141.3000000003,2192318.866666665,100254742.0,111261644.0,-2.64,156,-13.57,303,-11.87,225,13.45,230,-4.0,-3.51,2027-01-13,False,https://www.tradingview.com/chart/?symbol=NYSE:JEF&interval=D,False,False,False,False
AAOI,"Applied Optoelectronics, Inc.",NASDAQ,Semiconductors,99.26,106.18,111.14,6.18,8.18,7234941.4,7263384.4,720963536.0,771211629.0,-6.89,268,-7.68,249,-26.93,335,21.64,203,-4.32,-1.31,2026-11-05,False,https://www.tradingview.com/chart/?symbol=NASDAQ:AAOI&interval=D,False,False,False,False
CNXC,Concentrix Corporation,NASDAQ,Information Technology Services,24.95,28.29,26.87,8.58,8.88,3058469.0,1889462.5666666667,47142091.0,53457935.0,-17.71,422,-15.06,328,4.98,139,-2.92,273,-4.33,-0.8,2027-01-19,False,https://www.tradingview.com/chart/?symbol=NASDAQ:CNXC&interval=D,False,False,False,False
FIG,FIGMA INC,NYSE,Packaged Software,21.02,24.3,24.32,5.15,6.19,13356282.4,14157846.466666667,297597933.0,344101739.0,-3.45,186,-23.84,404,7.85,125,2.74,258,-4.42,-2.19,2026-11-11,False,https://www.tradingview.com/chart/?symbol=NYSE:FIG&interval=D,False,False,False,False
STEP,StepStone Group Inc.,NASDAQ,Investment Managers,43.4,48.34,47.58,4.46,4.43,1084318.3,1031961.8333333334,44787144.0,49889507.0,-5.59,232,-13.06,299,4.58,141,-5.01,281,-4.5,-1.98,2026-11-05,False,https://www.tradingview.com/chart/?symbol=NASDAQ:STEP&interval=D,False,False,False,False
BTDR,Bitdeer Technologies Group,NASDAQ,Data Processing Services,10.49,11.44,10.98,7.33,8.41,11016124.4,11760445.766666668,123367076.0,134504218.0,-18.3,426,1.25,158,-32.37,376,17.6,216,-4.5,-0.53,2026-11-16,False,https://www.tradingview.com/chart/?symbol=NASDAQ:BTDR&interval=D,False,False,False,False
PTRN,Pattern Group Inc. - Series A,NASDAQ,Advertising/Marketing Services,17.16,19.79,20.96,5.55,5.93,2128727.0,1602705.0333333334,27502418.0,31715930.0,-15.13,411,-18.94,358,-35.2,387,40.54,146,-4.53,-3.05,2026-11-11,False,https://www.tradingview.com/chart/?symbol=NASDAQ:PTRN&interval=D,False,False,False,False
ACHR,Archer Aviation Inc.,NYSE,Aerospace & Defense,4.97,5.65,5.6,5.24,6.07,25052425.7,24576387.166666668,122144644.0,138864780.0,-12.27,375,-12.81,294,-1.0,169,-0.6,267,-4.8,-1.86,2026-11-05,False,https://www.tradingview.com/chart/?symbol=NYSE:ACHR&interval=D,False,False,False,False
GLW,Corning Incorporated,NYSE,Electronic Components,153.76,152.7,152.66,4.22,5.31,7680181.9,8483706.566666666,1304454722.0,1295473304.0,-4.0,199,3.77,136,-31.32,372,12.74,233,-4.94,0.14,2026-10-27,False,https://www.tradingview.com/chart/?symbol=NYSE:GLW&interval=D,False,False,False,False
CDW,CDW Corporation,NASDAQ,Information Technology Services,128.16,143.82,142.23,4.03,4.45,1556886.1,1649365.3666666667,211382665.0,237216125.0,-13.74,397,-13.62,305,-7.41,203,5.73,253,-5.1,-2.22,2026-11-04,False,https://www.tradingview.com/chart/?symbol=NASDAQ:CDW&interval=D,False,False,False,False
CDE,"Coeur Mining, Inc.",NYSE,Precious Metals,17.6,20.25,18.83,4.71,5.59,40393020.8,36267178.93333333,638302349.0,734337839.0,-11.74,369,-16.11,339,2.03,155,-1.57,269,-5.22,-1.17,2026-11-11,False,https://www.tradingview.com/chart/?symbol=NYSE:CDE&interval=D,False,False,False,False
ORCL,Oracle Corporation,NYSE,Packaged Software,137.3,146.69,142.9,4.59,5.12,32780015.3,30289644.833333332,4158768236.0,4443238483.0,-7.42,280,-8.04,254,-4.19,184,-3.84,277,-5.36,-0.77,2026-12-14,False,https://www.tradingview.com/chart/?symbol=NYSE:ORCL&interval=D,False,False,False,False
HL,Hecla Mining Company,NYSE,Precious Metals,17.03,19.5,18.19,4.55,5.49,44672918.2,35724395.0,608386447.0,696625702.0,-7.45,281,-16.36,341,5.45,137,-5.28,283,-5.4,-1.16,2026-11-11,False,https://www.tradingview.com/chart/?symbol=NYSE:HL&interval=D,False,False,False,False
AAON,"AAON, Inc.",NASDAQ,Industrial Machinery,82.76,78.89,84.25,4.68,5.09,1326980.4999999995,1163386.9000000001,96281900.0,91776878.0,5.21,28,9.62,90,-28.91,350,3.08,257,-5.41,-0.35,2026-11-09,False,https://www.tradingview.com/chart/?symbol=NASDAQ:AAON&interval=D,False,False,False,False
CVNA,Carvana Co.,NYSE,Specialty Stores,62.54,69.47,68.67,4.56,5.18,8498381.5,7654889.966666667,478736819.0,531749483.0,-3.65,190,-14.57,320,-8.63,208,4.01,255,-6.4,-1.72,2026-10-29,False,https://www.tradingview.com/chart/?symbol=NYSE:CVNA&interval=D,False,False,False,False
PEGA,Pegasystems Inc.,NASDAQ,Information Technology Services,33.28,35.35,33.52,4.02,4.32,2079244.3,2197646.5,73137676.0,77683507.0,-4.31,204,-6.33,235,6.6,127,-20.0,350,-6.58,-0.16,2026-10-28,False,https://www.tradingview.com/chart/?symbol=NASDAQ:PEGA&interval=D,False,False,False,False
JBL,Jabil Inc.,NYSE,Industrial Machinery,286.86,307.22,317.58,4.66,5.03,1884752.2,1219087.9,349707555.0,374528997.0,-6.44,257,-5.36,219,-22.93,309,7.68,246,-6.87,-1.92,2026-12-10,False,https://www.tradingview.com/chart/?symbol=NYSE:JBL&interval=D,False,False,False,False
COMP,"Compass, Inc.",NYSE,Real Estate Development,8.88,10.52,11.15,5.56,5.67,18128203.3,13721953.5,121850947.0,144318359.0,-6.53,260,-19.71,368,-28.9,349,27.77,190,-6.95,-3.59,2026-11-11,False,https://www.tradingview.com/chart/?symbol=NYSE:COMP&interval=D,False,False,False,False
VG,"Venture Global, Inc.",NYSE,Oil & Gas Pipelines,12.64,14.19,13.93,4.9,5.24,14869017.7,14073465.933333334,177888609.0,199758775.0,-3.07,174,-13.28,301,12.16,112,-19.75,345,-6.96,-1.77,2026-11-16,False,https://www.tradingview.com/chart/?symbol=NYSE:VG&interval=D,False,False,False,False
RDDT,"Reddit, Inc.",NYSE,Internet Software/Services,142.44,152.86,157.16,4.69,5.38,5431995.7,4798530.433333334,683502675.0,733504962.0,-7.51,283,-5.87,229,-26.58,333,9.85,240,-7.53,-1.74,2026-11-04,False,https://www.tradingview.com/chart/?symbol=NYSE:RDDT&interval=D,False,False,False,False
RIVN,"Rivian Automotive, Inc.",NASDAQ,Motor Vehicles,14.94,15.75,15.82,4.11,4.35,23974525.8,21750267.266666666,324948993.0,342465208.0,-0.66,118,-6.04,230,-16.88,259,0.0,265,-7.64,-1.28,2026-11-10,False,https://www.tradingview.com/chart/?symbol=NASDAQ:RIVN&interval=D,False,False,False,False
GWRE,"Guidewire Software, Inc.",NYSE,Information Technology Services,142.58,166.16,164.17,4.06,5.47,1180671.2,1491288.8333333333,212627962.0,247787084.0,-7.29,277,-30.26,430,10.92,117,-3.6,275,-7.65,-2.41,2026-12-03,False,https://www.tradingview.com/chart/?symbol=NYSE:GWRE&interval=D,False,False,False,False
ASND,Ascendis Pharma A/S,NASDAQ,Pharmaceuticals: Major,227.83,249.23,249.69,4.24,3.95,924922.1,754319.0666666667,171856513.0,187996049.0,-3.8,196,-8.0,253,-15.9,252,0.55,264,-7.78,-2.21,2026-11-11,False,https://www.tradingview.com/chart/?symbol=NASDAQ:ASND&interval=D,False,False,False,False
FLY,Firefly Aerospace Inc.,NASDAQ,Aerospace & Defense,23.15,22.24,22.6,6.88,7.34,3805367.2,2844389.4,65847615.0,63260168.0,-0.64,117,10.03,87,-17.41,263,-16.0,326,-7.79,0.33,2026-11-18,False,https://www.tradingview.com/chart/?symbol=NASDAQ:FLY&interval=D,False,False,False,False
NESR,National Energy Services Reunited Corp,NASDAQ,Oilfield Services/Equipment,25.47,32.86,31.86,6.08,6.55,2552925.4,1957993.6333333333,49870098.0,64334776.0,-22.61,435,-27.68,422,-12.17,229,15.56,221,-8.1,-3.06,2026-11-04,False,https://www.tradingview.com/chart/?symbol=NASDAQ:NESR&interval=D,False,False,False,False
EXK,Endeavour Silver Corporation,NYSE,Precious Metals,8.58,10.3,9.74,5.6,6.63,8276565.6,8834713.1,75801838.0,91006380.0,-14.63,405,-20.11,373,-1.61,173,-2.72,270,-8.15,-1.8,2026-11-10,False,https://www.tradingview.com/chart/?symbol=NYSE:EXK&interval=D,False,False,False,False
HUBS,"HubSpot, Inc.",NYSE,Packaged Software,204.98,233.68,229.95,6.22,6.92,2348374.1,1610710.4666666666,330163431.0,376393506.0,-6.85,265,-20.62,375,9.74,119,-14.59,325,-8.49,-1.57,2026-11-11,False,https://www.tradingview.com/chart/?symbol=NYSE:HUBS&interval=D,False,False,False,False
BTCT,BTC Digital Ltd.,NASDAQ,Data Processing Services,1.13,1.48,1.1,14.47,18.56,5382327.0,21944407.733333334,24797181.0,32449708.0,-10.32,346,-40.99,438,20.15,92,-5.04,282,-8.63,0.13,2026-11-23,False,https://www.tradingview.com/chart/?symbol=NASDAQ:BTCT&interval=D,False,False,False,False
GEN,Gen Digital Inc.,NASDAQ,Packaged Software,22.02,28.38,28.12,6.23,5.9,17519991.1,9707979.866666667,213769717.0,275467165.0,-19.37,429,-28.85,426,-15.86,251,18.51,214,-8.73,-3.68,2026-11-10,False,https://www.tradingview.com/chart/?symbol=NASDAQ:GEN&interval=D,False,False,False,False
DAIC,"CID HoldCo, Inc.",NASDAQ,Miscellaneous,2.68,3.04,2.16,25.09,28.81,12484662.0,16049315.6,43012166.0,48795269.0,-18.04,424,-30.21,429,42.55,43,-39.23,409,-8.96,0.85,,False,https://www.tradingview.com/chart/?symbol=NASDAQ:DAIC&interval=D,False,False,False,False
INSM,Insmed Incorporated,NASDAQ,Pharmaceuticals: Major,114.14,122.86,119.7,4.06,4.14,2236448.7,2003973.2,228733501.0,246206143.0,-6.12,245,-3.83,208,6.18,131,-29.33,384,-8.99,-1.12,2026-10-22,False,https://www.tradingview.com/chart/?symbol=NASDAQ:INSM&interval=D,False,False,False,False
MP,MP Materials Corp.,NYSE,Other Metals/Minerals,47.29,52.65,50.96,4.4,5.62,5583968.5,5291579.733333333,250238806.0,278608728.0,-6.85,266,-15.75,334,-13.18,235,1.76,261,-9.06,-1.28,2026-10-29,False,https://www.tradingview.com/chart/?symbol=NYSE:MP&interval=D,False,False,False,False
MOS,Mosaic Company (The),NYSE,Chemicals: Agricultural,21.65,24.35,23.6,4.61,4.85,7950343.8,8329686.266666667,180337708.0,202825084.0,-11.63,364,-8.57,258,0.7,160,-19.67,343,-9.18,-1.71,2026-11-10,False,https://www.tradingview.com/chart/?symbol=NYSE:MOS&interval=D,False,False,False,False
EQPT,EquipmentShare.com Inc,NASDAQ,Internet Software/Services,17.37,18.12,18.76,6.34,6.73,4789876.7,3082242.966666667,53538560.0,55856407.0,-5.34,227,-1.08,179,-12.05,228,-14.48,323,-9.2,-1.1,2026-12-02,False,https://www.tradingview.com/chart/?symbol=NASDAQ:EQPT&interval=D,False,False,False,False
APLD,Applied Digital Corporation,NASDAQ,Data Processing Services,24.37,26.42,27.43,5.75,6.89,16657275.7,15514890.733333342,378097887.0,409846525.0,-15.41,412,-3.52,204,-31.37,373,6.98,250,-9.3,-1.62,2026-10-07,False,https://www.tradingview.com/chart/?symbol=NASDAQ:APLD&interval=D,False,False,False,False
RIG,Transocean Ltd (Switzerland),NYSE,Contract Drilling,5.24,5.68,5.57,4.08,4.06,42006019.4,41351014.733333334,216679317.0,234791062.0,-5.24,224,-11.93,283,5.86,133,-22.26,358,-9.44,-1.44,2026-11-04,False,https://www.tradingview.com/chart/?symbol=NYSE:RIG&interval=D,False,False,False,False
AG,First Majestic Silver Corp.,NYSE,Precious Metals,17.69,19.99,18.92,4.55,5.5,9840189.1,9820944.233333332,173732503.0,196291212.0,-9.84,341,-14.79,323,0.11,161,-13.71,318,-9.46,-1.18,2026-11-11,False,https://www.tradingview.com/chart/?symbol=NYSE:AG&interval=D,False,False,False,False
CORZ,"Core Scientific, Inc.",NASDAQ,Packaged Software,15.98,17.45,18.89,5.81,6.63,11500037.1,11176737.033333333,178604258.0,194996805.0,-14.64,406,-3.79,207,-33.28,380,8.63,243,-9.48,-2.32,2026-11-11,False,https://www.tradingview.com/chart/?symbol=NASDAQ:CORZ&interval=D,False,False,False,False
ONDS,Ondas Inc,NASDAQ,Telecommunications Equipment,7.33,7.7,8.03,4.94,5.89,66943313.4,62810482.666666664,460400838.0,483567438.0,-5.3,226,-7.1,244,-7.68,205,-13.92,320,-9.57,-1.48,2026-11-16,False,https://www.tradingview.com/chart/?symbol=NASDAQ:ONDS&interval=D,False,False,False,False
SRPT,"Sarepta Therapeutics, Inc.",NASDAQ,Pharmaceuticals: Major,18.22,20.22,18.79,5.6,6.45,2700087.2,3034255.2333333334,55284130.0,61341515.0,-12.07,373,-11.38,279,-1.03,170,-16.92,329,-9.78,-0.47,2026-11-04,False,https://www.tradingview.com/chart/?symbol=NASDAQ:SRPT&interval=D,False,False,False,False
GLOB,Globant S.A.,NYSE,Information Technology Services,34.7,37.79,37.23,4.46,5.02,900123.2,1015413.8,35234859.0,38372826.0,-1.03,124,-13.64,306,9.15,121,-25.2,368,-9.89,-1.36,2026-11-12,False,https://www.tradingview.com/chart/?symbol=NYSE:GLOB&interval=D,False,False,False,False
PRAX,"Praxis Precision Medicines, Inc.",NASDAQ,Pharmaceuticals: Major,291.23,331.86,334.1,5.13,5.35,599984.1,413536.20000000036,120434148.0,137236261.0,-3.36,183,-15.09,329,-8.94,209,-5.74,286,-9.92,-2.4,2026-11-11,False,https://www.tradingview.com/chart/?symbol=NASDAQ:PRAX&interval=D,False,False,False,False
TNDM,"Tandem Diabetes Care, Inc.",NASDAQ,Medical Specialties,16.31,19.05,19.54,6.9,6.8,2453411.1,1889046.3666666667,30810346.0,35980036.0,-6.48,258,-22.33,391,2.32,151,-10.63,305,-10.21,-2.43,2026-11-04,False,https://www.tradingview.com/chart/?symbol=NASDAQ:TNDM&interval=D,False,False,False,False
CRML,Critical Metals Corp.,NASDAQ,Precious Metals,7.26,7.25,6.87,7.71,9.19,14539177.3,10090176.666666666,73254683.0,73113420.0,-13.47,394,1.97,149,-26.44,332,-6.2,290,-10.23,0.61,2027-03-03,False,https://www.tradingview.com/chart/?symbol=NASDAQ:CRML&interval=D,False,False,False,False
BSP,Bending Spoons S.p.A.,NASDAQ,Packaged Software,33.32,38.98,39.15,6.8,7.78,3101888.9,1938579.6666666667,64593474.0,75562928.0,-8.16,314,-22.71,397,-15.62,249,7.48,247,-10.28,-1.91,2026-11-12,False,https://www.tradingview.com/chart/?symbol=NASDAQ:BSP&interval=D,False,False,False,False
MOD,Modine Manufacturing Company,NYSE,Industrial Machinery,187.2,187.39,195.48,5.25,5.92,1545658.0,1344371.5,251666345.0,251920879.0,-3.67,191,5.32,119,-24.06,317,-12.26,312,-10.33,-0.72,2026-11-03,False,https://www.tradingview.com/chart/?symbol=NYSE:MOD&interval=D,False,False,False,False
NN,NextNav Inc.,NASDAQ,Packaged Software,14.38,15.33,15.34,6.04,6.7,2462215.5,2334308.533333333,33567357.0,35792731.0,-6.62,262,-5.49,222,-18.71,275,-7.41,295,-10.53,-0.94,2026-11-05,False,https://www.tradingview.com/chart/?symbol=NASDAQ:NN&interval=D,False,False,False,False
KD,"Kyndryl Holdings, Inc.",NYSE,Data Processing Services,11.26,12.6,12.87,4.69,4.92,4227456.4,3704091.3333333335,41708068.0,46681428.0,-6.94,270,-13.78,310,-6.63,196,-11.69,310,-10.7,-2.54,2026-11-10,False,https://www.tradingview.com/chart/?symbol=NYSE:KD&interval=D,False,False,False,False
WULF,TeraWulf Inc.,NASDAQ,Data Processing Services,14.8,15.98,16.61,6.08,7.19,26367443.7,28364313.9,419791846.0,453271191.0,-13.65,396,-2.95,199,-36.99,395,7.84,245,-10.7,-1.52,2026-11-16,False,https://www.tradingview.com/chart/?symbol=NASDAQ:WULF&interval=D,False,False,False,False
POWI,"Power Integrations, Inc.",NASDAQ,Semiconductors,51.8,51.45,55.93,4.08,4.71,865404.7,820615.2,42507867.0,42224482.0,1.13,87,0.37,163,-35.41,389,1.61,262,-11.14,-1.57,2026-11-11,False,https://www.tradingview.com/chart/?symbol=NASDAQ:POWI&interval=D,False,False,False,False
MBLY,Mobileye Global Inc.,NASDAQ,Packaged Software,7.39,8.24,8.33,4.51,4.85,7254589.7,4811377.933333334,35556083.0,39632924.0,-3.15,175,-13.67,309,-23.74,316,3.65,256,-11.25,-2.32,2026-10-22,False,https://www.tradingview.com/chart/?symbol=NASDAQ:MBLY&interval=D,False,False,False,False
LPTH,"LightPath Technologies, Inc.",NASDAQ,Electronic Components,10.31,10.74,11.33,5.06,7.03,2637883.4,3227440.5,33274912.0,34663787.0,2.08,69,-7.12,245,-34.5,383,6.18,252,-11.81,-1.28,2026-11-05,False,https://www.tradingview.com/chart/?symbol=NASDAQ:LPTH&interval=D,False,False,False,False
RH,RH,NYSE,Specialty Stores,121.75,137.52,154.05,4.99,5.42,723279.6,824276.3333333334,100355644.0,113355031.0,-5.67,234,-17.25,345,-27.97,345,9.68,241,-11.84,-3.87,2026-12-03,False,https://www.tradingview.com/chart/?symbol=NYSE:RH&interval=D,False,False,False,False
PRM,"Perimeter Solutions, SA",NYSE,Chemicals: Major Diversified,26.32,30.56,31.93,4.65,5.16,1568776.0,1189177.2333333334,31299145.0,36336103.0,-10.48,351,-14.24,317,-25.65,329,4.24,254,-11.88,-3.41,2026-10-30,False,https://www.tradingview.com/chart/?symbol=NYSE:PRM&interval=D,False,False,False,False
RBLX,Roblox Corporation,NYSE,Packaged Software,42.37,43.69,42.64,5.48,5.89,14032548.6,11543337.0,489091189.0,504286068.0,-14.9,409,9.82,89,-22.11,301,-24.84,366,-12.38,-0.11,2026-11-11,False,https://www.tradingview.com/chart/?symbol=NYSE:RBLX&interval=D,False,False,False,False
TTAN,"ServiceTitan, Inc.",NASDAQ,Packaged Software,65.79,75.04,78.39,5.48,6.91,3168422.5,3359300.433333333,221008376.0,252095902.0,5.84,26,-33.19,433,-11.18,219,6.99,249,-12.46,-2.33,2027-01-19,False,https://www.tradingview.com/chart/?symbol=NASDAQ:TTAN&interval=D,False,False,False,False
BTU,Peabody Energy Corporation,NYSE,Coal,24.39,27.34,25.79,4.85,4.94,2799158.0,2439176.066666667,59491504.0,66690326.0,-8.51,325,-17.8,353,7.78,126,-27.45,377,-12.49,-1.09,2026-10-29,False,https://www.tradingview.com/chart/?symbol=NYSE:BTU&interval=D,False,False,False,False
CPRI,Capri Holdings Limited,NYSE,Apparel/Footwear Retail,14.12,13.95,14.63,5.27,5.06,6373756.7,5281953.9,74581189.0,73707906.0,-7.74,292,5.53,115,-24.17,318,-19.86,348,-12.83,-0.69,2026-11-05,False,https://www.tradingview.com/chart/?symbol=NYSE:CPRI&interval=D,False,False,False,False
AESI,Atlas Energy Solutions Inc.,NYSE,Oilfield Services/Equipment,12.01,12.87,12.39,6.34,7.35,4443515.7,3531554.6333333333,42413971.0,45439336.0,1.01,89,-8.88,260,-24.23,320,-6.39,292,-13.17,-0.41,2026-11-02,False,https://www.tradingview.com/chart/?symbol=NYSE:AESI&interval=D,False,False,False,False
NKTR,Nektar Therapeutics,NASDAQ,Pharmaceuticals: Major,60.54,68.99,70.44,6.02,5.93,1983744.6999999997,1107563.0,67057402.0,76414279.0,0.24,103,-15.23,330,-6.9,199,-17.68,334,-13.27,-2.37,2026-11-05,False,https://www.tradingview.com/chart/?symbol=NASDAQ:NKTR&interval=D,False,False,False,False
LGN,Legence Corp.,NASDAQ,Engineering & Construction,53.68,54.91,59.11,4.03,5.14,877750.7,869017.6333333333,46648867.0,47713848.0,0.45,97,-1.31,180,-32.9,378,-6.2,291,-13.47,-1.79,2026-11-13,False,https://www.tradingview.com/chart/?symbol=NASDAQ:LGN&interval=D,False,False,False,False
LAZ,"Lazard, Inc.",NYSE,Investment Banks/Brokers,36.23,40.48,41.64,4.48,4.51,2486469.4,1653299.6,59899045.0,66931630.0,-0.33,109,-16.41,342,-14.25,241,-10.08,303,-13.58,-2.88,2026-10-22,False,https://www.tradingview.com/chart/?symbol=NYSE:LAZ&interval=D,False,False,False,False
CIEN,Ciena Corporation,NYSE,Telecommunications Equipment,351.82,359.1,374.65,5.45,6.15,2553924.6,2435785.6666666665,856958113.0,874693069.0,-4.56,211,-7.03,243,-22.53,304,-12.26,313,-13.94,-0.99,2026-12-10,False,https://www.tradingview.com/chart/?symbol=NYSE:CIEN&interval=D,False,False,False,False
FIGR,"Figure Technology Solutions, Inc.",NASDAQ,Finance/Rental/Leasing,28.85,35.23,32.77,8.1,8.32,5510831.3,4691075.666666667,135337533.0,165287706.0,-21.22,432,-19.35,363,-11.69,224,-10.82,307,-13.95,-1.44,2026-11-12,False,https://www.tradingview.com/chart/?symbol=NASDAQ:FIGR&interval=D,False,False,False,False
KVYO,"Klaviyo, Inc. Series A",NYSE,Packaged Software,15.73,17.41,17.58,5.12,6.11,7316860.5,6261254.666666667,98489536.0,108987573.0,-2.78,165,-20.95,378,-3.26,180,-18.07,336,-14.1,-1.72,2026-11-11,False,https://www.tradingview.com/chart/?symbol=NYSE:KVYO&interval=D,False,False,False,False
ALGT,Allegiant Travel Company,NASDAQ,Airlines,75.79,78.12,84.68,4.4,4.83,489014.5,527280.4666666667,39962587.0,41192117.0,-5.91,240,-1.74,186,-36.85,394,-3.78,276,-14.12,-2.17,2026-11-04,False,https://www.tradingview.com/chart/?symbol=NASDAQ:ALGT&interval=D,False,False,False,False
NYT,New York Times Company (The),NYSE,Publishing: Newspapers,63.7,67.08,67.99,4.15,3.76,4682824.6,2886374.1,183862030.0,193611240.0,-2.38,147,-6.21,231,-11.26,220,-25.27,369,-14.25,-1.68,2026-11-11,False,https://www.tradingview.com/chart/?symbol=NYSE:NYT&interval=D,False,False,False,False
AVAV,"AeroVironment, Inc.",NASDAQ,Aerospace & Defense,142.22,151.83,158.66,5.7,5.91,1425994.3,1962909.4666666666,279164984.0,298038032.0,-8.98,331,-2.4,191,-21.1,292,-19.48,342,-14.32,-1.75,2026-12-08,False,https://www.tradingview.com/chart/?symbol=NASDAQ:AVAV&interval=D,False,False,False,False
MIR,"Mirion Technologies, Inc.",NYSE,Aerospace & Defense,14.12,15.55,15.61,4.52,4.8,4040811.1,3631059.1666666665,51270555.0,56458129.0,-13.05,390,-0.98,178,-21.99,300,-21.12,354,-14.7,-1.99,2026-11-03,False,https://www.tradingview.com/chart/?symbol=NYSE:MIR&interval=D,False,False,False,False
RRR,"Red Rock Resorts, Inc.",NASDAQ,Hotels/Resorts/Cruise lines,49.54,55.03,58.42,4.07,3.93,1424499.3,1035538.6333333333,51300584.0,56981204.0,1.71,75,-13.65,308,-22.97,310,-8.75,301,-15.12,-3.87,2026-11-03,False,https://www.tradingview.com/chart/?symbol=NASDAQ:RRR&interval=D,False,False,False,False
KGS,"Kodiak Gas Services, Inc.",NYSE,Oilfield Services/Equipment,52.97,58.47,59.31,4.45,4.73,2182748.1,1907917.5,101062390.0,111562932.0,-2.59,154,-9.93,266,-27.45,338,-8.05,298,-15.14,-2.26,2026-11-11,False,https://www.tradingview.com/chart/?symbol=NYSE:KGS&interval=D,False,False,False,False
LUMN,"Lumen Technologies, Inc.",NYSE,Major Telecommunications,5.6,6.29,6.33,5.28,5.49,13054395.9,12365604.3,69247384.0,77841479.0,-11.95,372,-6.51,238,-22.22,302,-17.04,330,-15.26,-2.1,2026-11-04,False,https://www.tradingview.com/chart/?symbol=NYSE:LUMN&interval=D,False,False,False,False
SHAK,"Shake Shack, Inc.",NYSE,Restaurants,58.68,64.48,65.47,4.39,4.66,1683378.7,1299539.7666666666,76256994.0,83797790.0,1.89,71,-14.96,327,2.41,149,-33.84,393,-15.46,-2.23,2026-10-29,False,https://www.tradingview.com/chart/?symbol=NYSE:SHAK&interval=D,False,False,False,False
ERAS,"Erasca, Inc.",NASDAQ,Pharmaceuticals: Major,14.66,16.21,17.1,6.51,7.06,5115040.6,4472674.933333334,65569415.0,72508770.0,-5.72,236,-17.96,354,-17.92,270,-10.66,306,-15.51,-2.02,2026-11-11,False,https://www.tradingview.com/chart/?symbol=NASDAQ:ERAS&interval=D,False,False,False,False
NG,Novagold Resources Inc.,AMEX,Precious Metals,6.5,7.9,7.44,5.85,6.6,5941919.6,5788459.433333334,37624986.0,45728830.0,-13.33,393,-25.03,409,2.69,148,-25.12,367,-15.82,-1.92,2026-10-08,False,https://www.tradingview.com/chart/?symbol=AMEX:NG&interval=D,False,False,False,False
PENN,"PENN Entertainment, Inc.",NASDAQ,Casinos/Gaming,14.65,16.94,18.12,4.29,4.34,3455025.3,2870090.8666666667,42046831.0,48608337.0,-7.04,271,-15.37,333,-31.83,374,-0.54,266,-15.91,-4.41,2026-10-29,False,https://www.tradingview.com/chart/?symbol=NASDAQ:PENN&interval=D,False,False,False,False
FSLR,"First Solar, Inc.",NASDAQ,Semiconductors,175.16,200.0,208.88,5.04,5.26,2754906.4,2199401.933333333,385247243.0,439881853.0,-12.59,382,-13.89,313,-24.53,324,-10.98,308,-16.46,-3.07,2026-10-29,False,https://www.tradingview.com/chart/?symbol=NASDAQ:FSLR&interval=D,False,False,False,False
EYE,"National Vision Holdings, Inc.",NASDAQ,Specialty Stores,16.38,17.12,18.71,4.5,4.64,2505649.9,2292342.533333333,37548571.0,39241466.0,-0.61,115,-6.56,241,-14.64,242,-28.66,382,-16.62,-2.68,2026-11-11,False,https://www.tradingview.com/chart/?symbol=NASDAQ:EYE&interval=D,False,False,False,False
MWH,"SOLV Energy, Inc.",NASDAQ,Engineering & Construction,24.02,26.07,27.2,4.96,5.45,1261583.2,1583950.7666666666,38046497.0,41298348.0,-7.93,303,-7.97,252,-24.25,321,-17.68,335,-16.63,-2.15,2026-12-02,False,https://www.tradingview.com/chart/?symbol=NASDAQ:MWH&interval=D,False,False,False,False
PLUG,"Plug Power, Inc.",NASDAQ,Electronic Production Equipment,1.94,2.11,2.12,4.65,5.7,49189392.1,50486237.13333333,97943300.0,106492303.0,-8.49,323,-11.01,277,-27.61,340,-11.42,309,-16.68,-1.51,2026-11-10,False,https://www.tradingview.com/chart/?symbol=NASDAQ:PLUG&interval=D,False,False,False,False
ENPH,"Enphase Energy, Inc.",NASDAQ,Electrical Products,32.99,35.92,37.2,4.68,5.43,5357755.9,4498190.166666667,148395294.0,161560747.0,-4.52,208,-10.43,272,-29.61,356,-10.46,304,-16.83,-2.08,2026-10-27,False,https://www.tradingview.com/chart/?symbol=NASDAQ:ENPH&interval=D,False,False,False,False
MIRM,"Mirum Pharmaceuticals, Inc.",NASDAQ,Pharmaceuticals: Major,85.48,95.73,99.44,4.77,4.64,918766.8,660082.4333333333,56423846.0,63191232.0,-6.38,254,-12.29,288,-29.69,358,-8.71,299,-16.9,-3.02,2026-11-17,False,https://www.tradingview.com/chart/?symbol=NASDAQ:MIRM&interval=D,False,False,False,False
MIAX,"Miami International Holdings, Inc.",NYSE,Investment Banks/Brokers,33.5,40.08,41.73,4.48,4.67,1915856.6,1549144.6,51896344.0,62092814.0,-8.22,317,-21.44,385,-14.87,243,-14.5,324,-16.93,-4.23,2026-11-11,False,https://www.tradingview.com/chart/?symbol=NYSE:MIAX&interval=D,False,False,False,False
USAR,"USA Rare Earth, Inc.",NASDAQ,Metal Fabrication,14.08,16.76,16.79,5.0,6.89,13543141.3,13270946.3,186854924.0,222425484.0,-16.17,416,-21.03,380,-30.26,363,-0.67,268,-17.32,-2.34,2026-11-05,False,https://www.tradingview.com/chart/?symbol=NASDAQ:USAR&interval=D,False,False,False,False
COUR,"Coursera, Inc.",NYSE,Miscellaneous Commercial Services,4.96,5.56,5.6,4.01,5.07,8682882.3,5827470.4,28904253.0,32381311.0,-3.5,187,-22.5,393,-17.88,269,-13.74,319,-18.04,-2.26,2026-10-22,False,https://www.tradingview.com/chart/?symbol=NYSE:COUR&interval=D,False,False,False,False
AXON,"Axon Enterprise, Inc.",NASDAQ,Aerospace & Defense,422.52,510.77,532.75,4.68,5.45,992309.7,964978.9666666667,407722913.0,492884237.0,-8.06,310,-28.49,425,-28.03,346,1.81,260,-18.24,-3.8,2026-11-10,False,https://www.tradingview.com/chart/?symbol=NASDAQ:AXON&interval=D,False,False,False,False
ALM,Almonty Industries Inc.,NASDAQ,Other Metals/Minerals,13.16,16.04,15.03,7.44,8.72,6381194.0,6432659.833333333,84653803.0,103200234.0,-4.57,212,-27.65,421,-19.88,285,-7.52,296,-18.35,-1.42,2026-11-17,False,https://www.tradingview.com/chart/?symbol=NASDAQ:ALM&interval=D,False,False,False,False
OKLO,Oklo Inc.,NYSE,Industrial Machinery,37.02,39.64,40.94,5.39,6.29,9469515.1,9814785.4,363343356.0,389028649.0,-7.93,302,-6.52,239,-29.89,360,-19.43,341,-18.61,-1.52,2026-11-18,False,https://www.tradingview.com/chart/?symbol=NYSE:OKLO&interval=D,False,False,False,False
NNE,Nano Nuclear Energy Inc.,NASDAQ,Electrical Products,15.85,17.42,17.56,5.53,6.54,2152529.7,1787160.0333333334,28326487.0,31138881.0,-7.85,298,-11.15,278,-24.45,323,-20.23,351,-18.61,-1.49,2026-12-17,False,https://www.tradingview.com/chart/?symbol=NASDAQ:NNE&interval=D,False,False,False,False
ASTS,"AST SpaceMobile, Inc.",NASDAQ,Specialty Telecommunications,58.86,61.36,62.81,6.21,7.09,11138501.7,9815161.1,577720382.0,602284459.0,-7.31,278,2.47,146,-32.67,377,-25.68,371,-18.63,-0.89,2026-11-16,False,https://www.tradingview.com/chart/?symbol=NASDAQ:ASTS&interval=D,False,False,False,False
AN,"AutoNation, Inc.",NYSE,Specialty Stores,157.44,190.14,198.5,5.2,4.62,817615.1,550472.2333333333,86666348.0,104665873.0,-7.34,279,-21.09,382,-15.28,248,-19.95,349,-18.77,-4.47,2026-10-22,False,https://www.tradingview.com/chart/?symbol=NYSE:AN&interval=D,False,False,False,False
ENOV,Enovis Corporation,NYSE,Medical Specialties,18.27,20.71,23.37,5.11,5.72,1838636.3,1749043.4333333333,31955024.0,36230852.0,-0.11,108,-25.37,411,-11.27,221,-19.69,344,-18.78,-3.82,2026-11-11,False,https://www.tradingview.com/chart/?symbol=NYSE:ENOV&interval=D,False,False,False,False
SMR,NuScale Power Corporation,NYSE,Electrical Products,7.9,9.09,9.05,6.93,7.77,37572815.2,37758892.36666667,298295250.0,343089882.0,-10.43,349,-13.85,312,-22.55,305,-20.36,352,-18.92,-1.63,2026-11-05,False,https://www.tradingview.com/chart/?symbol=NYSE:SMR&interval=D,False,False,False,False
EROC,"ERock, Inc.",NYSE,Electrical Products,12.26,12.52,12.31,7.32,8.96,2706308.8,2507870.6333333333,30746494.0,31407736.0,-4.33,206,0.82,160,-19.13,280,-39.0,408,-19.1,-0.05,2026-12-02,False,https://www.tradingview.com/chart/?symbol=NYSE:EROC&interval=D,False,False,False,False
AIR,AAR Corp.,NYSE,Aerospace & Defense,101.47,123.69,130.92,5.69,5.86,838500.1,502096.36666666664,50947718.0,62104969.0,-12.62,385,-22.64,395,-29.43,354,-5.66,285,-19.24,-3.84,2027-01-06,False,https://www.tradingview.com/chart/?symbol=NYSE:AIR&interval=D,False,False,False,False
LEU,Centrus Energy Corp.,NYSE,Other Metals/Minerals,139.49,163.81,170.38,5.44,6.8,709419.8,710981.0999999988,99174754.0,116468658.0,-10.58,352,-19.96,370,-18.43,273,-20.37,353,-19.59,-2.67,2026-11-11,False,https://www.tradingview.com/chart/?symbol=NYSE:LEU&interval=D,False,False,False,False
GIL,"Gildan Activewear, Inc.",NYSE,Apparel/Footwear,42.63,49.34,51.58,4.28,4.43,2412048.2,1485561.8,63329500.0,73299600.0,-8.66,326,-19.0,359,-17.58,265,-22.26,359,-19.61,-3.92,2026-10-29,False,https://www.tradingview.com/chart/?symbol=NYSE:GIL&interval=D,False,False,False,False
BKV,BKV Corporation,NYSE,Integrated Oil,21.34,24.01,24.43,4.08,4.61,1718857.8,2129546.8,45444529.0,51133968.0,-8.37,319,-13.53,302,-21.72,298,-23.79,364,-19.68,-2.75,2026-11-17,False,https://www.tradingview.com/chart/?symbol=NYSE:BKV&interval=D,False,False,False,False
ACAD,ACADIA Pharmaceuticals Inc.,NASDAQ,Pharmaceuticals: Major,20.15,26.98,27.15,4.93,5.09,3021868.9,1923845.7,38765491.0,51904395.0,-23.7,438,-30.64,431,-20.7,288,-7.78,297,-19.71,-5.06,2026-11-11,False,https://www.tradingview.com/chart/?symbol=NASDAQ:ACAD&interval=D,False,False,False,False
NAMS,NewAmsterdam Pharma Company N.V.,NASDAQ,Pharmaceuticals: Major,24.32,24.45,25.94,5.44,5.63,2141507.4,1610219.7333333334,39160544.0,39362895.0,4.33,36,-5.19,218,-31.05,370,-23.16,363,-19.8,-1.11,2026-11-11,False,https://www.tradingview.com/chart/?symbol=NASDAQ:NAMS&interval=D,False,False,False,False
BBAI,"BigBear.ai, Inc.",NYSE,Packaged Software,2.65,2.92,2.96,4.26,4.82,13430304.4,15404274.5,40821327.0,44949673.0,-7.99,307,-12.25,287,-27.4,337,-19.82,346,-19.82,-2.16,2026-11-11,False,https://www.tradingview.com/chart/?symbol=NYSE:BBAI&interval=D,False,False,False,False
RKT,"Rocket Companies, Inc.",NYSE,Finance/Rental/Leasing,11.51,13.18,13.42,4.75,5.17,43549297.9,31148451.3,358518674.0,410578119.0,-8.14,313,-14.74,322,-27.56,339,-17.43,332,-19.91,-2.75,2026-10-29,False,https://www.tradingview.com/chart/?symbol=NYSE:RKT&interval=D,False,False,False,False
LUNR,"Intuitive Machines, Inc.",NASDAQ,Aerospace & Defense,14.24,15.42,15.26,6.66,7.44,8832023.8,7115958.1,101331243.0,109718586.0,-11.83,371,-4.43,213,-29.56,355,-26.26,373,-20.08,-0.9,2026-11-18,False,https://www.tradingview.com/chart/?symbol=NASDAQ:LUNR&interval=D,False,False,False,False
BOOT,"Boot Barn Holdings, Inc.",NYSE,Apparel/Footwear Retail,120.47,141.76,148.43,4.58,4.8,686087.2,672589.4333333333,81026849.0,95343812.0,-5.46,231,-21.95,389,-25.25,327,-13.21,316,-20.14,-3.92,2026-11-04,False,https://www.tradingview.com/chart/?symbol=NYSE:BOOT&interval=D,False,False,False,False
FOUR,"Shift4 Payments, Inc.",NYSE,Miscellaneous Commercial Services,36.17,42.54,44.94,5.32,6.25,2063470.0,2038607.4,73736430.0,86720320.0,-7.26,275,-18.59,357,-27.7,342,-14.23,321,-20.17,-3.12,2026-11-11,False,https://www.tradingview.com/chart/?symbol=NYSE:FOUR&interval=D,False,False,False,False
CELC,Celcuity Inc.,NASDAQ,Medical Specialties,79.52,87.23,87.89,4.95,5.53,1037861.1,887167.9,70547591.0,77385586.0,-6.37,252,-9.23,262,-24.87,325,-27.18,375,-20.43,-1.72,2026-11-18,False,https://www.tradingview.com/chart/?symbol=NASDAQ:CELC&interval=D,False,False,False,False
TPL,Texas Pacific Land Corporation,NYSE,Investment Trusts/Mutual Funds,325.83,360.76,368.86,4.1,4.27,477135.49999999965,390420.2333333333,127210625.0,140849305.0,-8.98,332,-11.94,284,-21.95,299,-27.45,376,-20.45,-2.73,2026-11-04,False,https://www.tradingview.com/chart/?symbol=NYSE:TPL&interval=D,False,False,False,False
UEC,Uranium Energy Corp.,AMEX,Other Metals/Minerals,9.45,11.05,10.81,5.68,6.43,10758499.3,9487085.233333332,89652955.0,104854428.0,-7.08,272,-23.23,400,-12.01,226,-26.52,374,-20.59,-1.95,2026-12-16,False,https://www.tradingview.com/chart/?symbol=AMEX:UEC&interval=D,False,False,False,False
BBWI,"Bath & Body Works, Inc.",NYSE,Specialty Stores,15.92,17.94,18.7,4.03,4.85,6877666.6,6976781.2,111070357.0,125161129.0,-6.35,251,-17.3,347,-28.87,348,-16.12,327,-20.76,-3.06,2026-11-18,False,https://www.tradingview.com/chart/?symbol=NYSE:BBWI&interval=D,False,False,False,False
DKNG,DraftKings Inc.,NASDAQ,Movies/Entertainment,19.0,23.49,23.7,6.42,6.2,18297656.8,12199337.433333334,231787411.0,286582769.0,-13.12,391,-23.48,402,-25.96,331,-12.96,314,-20.8,-3.2,2026-10-30,False,https://www.tradingview.com/chart/?symbol=NASDAQ:DKNG&interval=D,False,False,False,False
UPST,"Upstart Holdings, Inc.",NASDAQ,Finance/Rental/Leasing,22.99,26.81,27.68,4.25,5.12,4735264.4,4362481.6,100293452.0,116946498.0,-10.82,355,-19.67,367,-36.21,391,-6.77,293,-20.88,-3.31,2026-11-10,False,https://www.tradingview.com/chart/?symbol=NASDAQ:UPST&interval=D,False,False,False,False
RSI,"Rush Street Interactive, Inc.",NYSE,Casinos/Gaming,20.33,24.51,25.66,5.84,5.88,5111372.5,3174297.533333333,64533469.0,77799916.0,-2.02,138,-22.43,392,-35.25,388,-5.88,287,-21.19,-3.53,2026-11-04,False,https://www.tradingview.com/chart/?symbol=NYSE:RSI&interval=D,False,False,False,False
VSEC,VSE Corporation,NASDAQ,Engineering & Construction,164.7,195.86,203.5,4.69,5.48,429726.1,354674.6,58414907.0,69466212.0,-8.79,329,-22.88,398,-29.23,352,-11.71,311,-21.27,-3.48,2026-10-28,False,https://www.tradingview.com/chart/?symbol=NASDAQ:VSEC&interval=D,False,False,False,False
AMPX,"Amprius Technologies, Inc.",NYSE,Electrical Products,9.68,9.78,10.15,5.52,6.27,6105406.0,4904582.533333333,47476359.0,47983166.0,-2.52,152,-0.72,175,-27.65,341,-35.47,400,-21.28,-0.75,2026-11-05,False,https://www.tradingview.com/chart/?symbol=NYSE:AMPX&interval=D,False,False,False,False
XRAY,DENTSPLY SIRONA Inc.,NASDAQ,Medical Specialties,8.86,10.36,11.3,4.37,4.8,5837047.9,4343185.433333334,38480623.0,45004811.0,-10.41,348,-20.79,377,-21.45,296,-21.94,357,-21.39,-4.51,2026-10-29,False,https://www.tradingview.com/chart/?symbol=NASDAQ:XRAY&interval=D,False,False,False,False
MAIR,Madison Air Solutions Corporation,NYSE,Industrial Machinery,24.6,25.44,27.91,4.21,4.84,2500728.5,2870868.7666666666,70623372.0,73034901.0,-0.89,121,-6.39,236,-34.71,384,-23.12,362,-21.41,-2.45,2026-12-02,False,https://www.tradingview.com/chart/?symbol=NYSE:MAIR&interval=D,False,False,False,False
CHWY,"Chewy, Inc.",NYSE,Internet Retail,18.2,21.68,22.04,4.53,5.13,10695103.2,9556754.3,173932928.0,207161763.0,-7.61,285,-21.59,387,-12.03,227,-30.98,387,-21.53,-3.4,2026-12-03,False,https://www.tradingview.com/chart/?symbol=NYSE:CHWY&interval=D,False,False,False,False
IBP,"Installed Building Products, Inc.",NYSE,Engineering & Construction,191.88,219.68,226.07,4.31,4.8,427683.5,392028.0333333333,75222339.0,86122417.0,-7.82,297,-22.03,390,-14.97,245,-27.86,379,-21.62,-3.15,2026-11-11,False,https://www.tradingview.com/chart/?symbol=NYSE:IBP&interval=D,False,False,False,False
UAA,"Under Armour, Inc.",NYSE,Apparel/Footwear,4.46,4.94,5.49,4.13,4.62,11180448.0,8722196.966666667,38900998.0,43070209.0,-5.71,235,-11.51,280,-32.32,375,-21.34,355,-21.72,-4.06,2026-11-05,False,https://www.tradingview.com/chart/?symbol=NYSE:UAA&interval=D,False,False,False,False
LBRT,Liberty Energy Inc.,NYSE,Oilfield Services/Equipment,18.22,19.44,19.65,4.79,5.3,4289420.9,3742522.7333333334,68188764.0,72743414.0,0.5,96,-6.28,232,-25.27,328,-34.6,395,-22.05,-1.38,2026-10-21,False,https://www.tradingview.com/chart/?symbol=NYSE:LBRT&interval=D,False,False,False,False
FDXF,"FedEx Freight Holding Company, Inc.",NYSE,Trucking,109.38,125.26,133.34,4.1,4.41,2148232.5,1560455.7333333334,170682648.0,195461645.0,-7.66,289,-17.64,351,-29.74,359,-18.98,339,-22.12,-4.07,2026-12-02,False,https://www.tradingview.com/chart/?symbol=NYSE:FDXF&interval=D,False,False,False,False
DNN,Denison Mines Corp,AMEX,Other Metals/Minerals,2.59,3.11,3.09,5.14,5.57,25041989.8,26181889.133333333,67811093.0,81512948.0,-10.38,347,-22.69,396,-18.04,271,-26.21,372,-22.31,-2.91,2026-11-03,False,https://www.tradingview.com/chart/?symbol=AMEX:DNN&interval=D,False,False,False,False
CRK,"Comstock Resources, Inc.",NYSE,Oil & Gas Production,12.32,14.05,13.81,5.23,5.31,2696595.7,2784401.3,34303824.0,39110629.0,-7.72,291,-15.27,332,-16.13,256,-37.05,403,-22.82,-2.03,2026-11-03,False,https://www.tradingview.com/chart/?symbol=NYSE:CRK&interval=D,False,False,False,False
CBRS,Cerebras Systems Inc.,NASDAQ,Packaged Software,177.65,193.9,202.93,5.66,7.9,7030216.7,6549922.233333333,1163593685.0,1270004813.0,-16.38,419,-0.05,167,-19.25,281,-49.24,427,-22.85,-1.58,2026-12-02,False,https://www.tradingview.com/chart/?symbol=NASDAQ:CBRS&interval=D,False,False,False,False
GT,The Goodyear Tire & Rubber Company,NASDAQ,Automotive Aftermarket,4.97,5.64,6.07,4.25,4.76,10167624.0,8899769.733333332,44231856.0,50154652.0,-8.72,328,-21.36,383,-24.35,322,-24.7,365,-23.47,-3.8,2026-11-09,False,https://www.tradingview.com/chart/?symbol=NASDAQ:GT&interval=D,False,False,False,False
ZG,"Zillow Group, Inc.",NASDAQ,Internet Software/Services,27.7,33.22,33.55,4.58,5.03,1174364.6,940592.7666666667,26054420.0,31250411.0,-11.64,365,-24.01,407,-16.09,255,-30.51,386,-23.53,-3.46,2026-11-04,False,https://www.tradingview.com/chart/?symbol=NASDAQ:ZG&interval=D,False,False,False,False
LMND,"Lemonade, Inc.",NYSE,Multi-Line Insurance,45.14,49.86,51.51,4.03,4.6,1262993.9,1026858.5,46352393.0,51202245.0,-4.22,203,-13.61,304,-34.84,385,-22.57,360,-23.67,-2.69,2026-11-10,False,https://www.tradingview.com/chart/?symbol=NYSE:LMND&interval=D,False,False,False,False
QNT,Quantinuum Inc.,NASDAQ,Computer Processing Hardware,48.06,50.84,53.44,6.23,6.88,2302535.5,1718696.7,82600563.0,87375676.0,-13.51,395,-3.88,209,-38.38,401,-29.32,383,-23.86,-1.46,2026-11-12,False,https://www.tradingview.com/chart/?symbol=NASDAQ:QNT&interval=D,False,False,False,False
ALKT,"Alkami Technology, Inc.",NASDAQ,Packaged Software,13.69,18.48,18.63,6.67,6.89,2800662.0,1884270.6666666667,25795665.0,34818810.0,-12.75,387,-31.6,432,-27.22,336,-13.13,315,-23.99,-3.85,2026-10-29,False,https://www.tradingview.com/chart/?symbol=NASDAQ:ALKT&interval=D,False,False,False,False
NXT,Nextpower Inc.,NASDAQ,Electronic Equipment/Instruments,77.93,83.15,89.62,4.39,4.87,2218916.5,2078214.9333333333,161955290.0,172809806.0,-5.97,243,-7.23,247,-33.49,381,-31.66,388,-24.13,-2.68,2026-10-22,False,https://www.tradingview.com/chart/?symbol=NASDAQ:NXT&interval=D,False,False,False,False
TRIP,"TripAdvisor, Inc.",NASDAQ,Other Consumer Services,8.37,9.19,10.55,4.18,4.79,4714399.9,3996359.5,33449529.0,36721215.0,-0.95,123,-14.33,318,-39.78,405,-18.42,338,-24.18,-4.31,2026-11-09,False,https://www.tradingview.com/chart/?symbol=NASDAQ:TRIP&interval=D,False,False,False,False
Z,"Zillow Group, Inc.",NASDAQ,Internet Software/Services,27.13,32.47,32.96,4.45,4.98,5197992.9,3817787.6,103576578.0,123973744.0,-11.25,360,-23.08,399,-18.85,276,-31.8,389,-24.57,-3.55,2026-11-04,False,https://www.tradingview.com/chart/?symbol=NASDAQ:Z&interval=D,False,False,False,False
AAP,Advance Auto Parts Inc.,NYSE,Specialty Stores,38.91,42.96,48.4,4.23,4.95,1899342.7,2379114.966666667,92571363.0,102211537.0,-7.93,300,-9.0,261,-37.85,399,-27.68,378,-24.84,-3.96,2026-11-18,False,https://www.tradingview.com/chart/?symbol=NYSE:AAP&interval=D,False,False,False,False
KTOS,"Kratos Defense & Security Solutions, Inc.",NASDAQ,Aerospace & Defense,42.69,49.1,51.39,4.85,5.46,4478790.4,3673406.566666667,156817726.0,180358140.0,-9.11,333,-17.42,350,-22.93,308,-34.6,396,-24.98,-3.1,2026-10-29,False,https://www.tradingview.com/chart/?symbol=NASDAQ:KTOS&interval=D,False,False,False,False
WING,Wingstop Inc.,NASDAQ,Restaurants,105.37,108.67,115.28,5.5,5.72,1427405.7,1279954.5333333334,134868809.0,139095219.0,4.33,37,-6.93,242,-40.47,407,-27.95,380,-25.12,-1.5,2026-10-28,False,https://www.tradingview.com/chart/?symbol=NASDAQ:WING&interval=D,False,False,False,False
ESAB,ESAB Corporation,NYSE,Industrial Machinery,65.88,72.43,78.33,4.03,4.54,1092759.4,923860.5666666667,60863934.0,66917684.0,-2.66,157,-13.03,298,-30.66,365,-31.84,390,-25.17,-3.5,2026-11-04,False,https://www.tradingview.com/chart/?symbol=NYSE:ESAB&interval=D,False,False,False,False
HUBG,"Hub Group, Inc.",NASDAQ,Air Freight/Couriers,29.58,35.45,39.4,4.89,5.02,1343942.7,1285874.7,38036174.0,45578686.0,-7.94,304,-25.21,410,-33.27,379,-17.47,333,-25.32,-4.97,2026-10-22,False,https://www.tradingview.com/chart/?symbol=NASDAQ:HUBG&interval=D,False,False,False,False
QS,QuantumScape Corporation,NASDAQ,Electrical Products,4.64,5.31,5.44,4.57,5.43,12472310.4,13361530.5,62064309.0,70909642.0,-7.65,287,-16.53,343,-39.71,404,-21.67,356,-25.97,-2.7,2026-10-28,False,https://www.tradingview.com/chart/?symbol=NASDAQ:QS&interval=D,False,False,False,False
STUB,"StubHub Holdings, Inc.",NYSE,Internet Software/Services,5.58,6.11,7.04,4.86,5.86,8637733.8,6735296.833333333,37582956.0,41152664.0,-2.28,144,-14.81,325,-56.34,430,-6.84,294,-26.0,-3.54,2026-11-12,False,https://www.tradingview.com/chart/?symbol=NYSE:STUB&interval=D,False,False,False,False
APP,Applovin Corporation,NASDAQ,Packaged Software,290.43,314.3,335.95,5.04,5.4,5337285.0,4775721.233333333,1387012718.0,1501023511.0,-8.06,311,-7.87,251,-47.22,416,-22.91,361,-26.0,-2.51,2026-11-11,False,https://www.tradingview.com/chart/?symbol=NASDAQ:APP&interval=D,False,False,False,False
SEDG,"SolarEdge Technologies, Inc.",NASDAQ,Electrical Products,31.87,33.42,35.17,6.75,7.45,2473730.8,3041332.1666666665,96927256.0,101635238.0,-11.42,361,2.31,147,-43.8,412,-37.01,402,-26.17,-1.26,2026-11-11,False,https://www.tradingview.com/chart/?symbol=NASDAQ:SEDG&interval=D,False,False,False,False
QXO,"QXO, Inc.",NYSE,Wholesale Distributors,11.69,12.73,13.42,4.49,4.99,22781752.1,17182780.166666668,200866700.0,218702426.0,-7.95,305,-12.83,295,-29.19,351,-37.32,405,-26.45,-2.59,2026-11-17,False,https://www.tradingview.com/chart/?symbol=NYSE:QXO&interval=D,False,False,False,False
FTAI,FTAI Aviation Ltd.,NASDAQ,Aerospace & Defense,167.03,189.03,200.03,4.18,5.36,1260103.8000000014,1324611.900000002,221249926.0,250394037.0,-11.03,357,-13.01,297,-36.31,393,-30.28,385,-26.53,-3.08,2026-11-03,False,https://www.tradingview.com/chart/?symbol=NASDAQ:FTAI&interval=D,False,False,False,False
FLUT,Flutter Entertainment plc,NYSE,Casinos/Gaming,74.54,94.47,96.74,5.77,5.82,3575489.7,2788172.3,207830363.0,263389343.0,-16.07,415,-26.66,416,-29.97,362,-25.68,370,-27.44,-3.94,2026-11-18,False,https://www.tradingview.com/chart/?symbol=NYSE:FLUT&interval=D,False,False,False,False
CENX,Century Aluminum Company,NASDAQ,Aluminum,35.98,42.59,44.22,4.2,5.31,1850795.1,1810828.2666666666,65153601.0,77115631.0,-7.48,282,-23.45,401,-17.48,264,-41.51,415,-27.48,-3.51,2026-11-09,False,https://www.tradingview.com/chart/?symbol=NASDAQ:CENX&interval=D,False,False,False,False
UUUU,Energy Fuels Inc,AMEX,Other Metals/Minerals,11.03,13.34,13.18,4.58,5.97,7482331.9,6920873.3,76337232.0,92289845.0,-7.85,299,-24.24,408,-23.08,311,-35.12,398,-27.48,-2.74,2026-10-30,False,https://www.tradingview.com/chart/?symbol=AMEX:UUUU&interval=D,False,False,False,False
HYMC,Hycroft Mining Holding Corporation,NASDAQ,Precious Metals,19.04,22.66,22.92,6.62,8.12,2471169.8,2183479.6999999955,41573453.0,49481653.0,-12.54,380,-20.07,372,-21.03,290,-41.36,412,-27.49,-2.08,2026-11-03,False,https://www.tradingview.com/chart/?symbol=NASDAQ:HYMC&interval=D,False,False,False,False
PLNT,"Planet Fitness, Inc.",NYSE,Other Consumer Services,42.22,49.05,50.6,5.2,4.91,3832803.2,2356877.9,99507385.0,115604861.0,-1.1,125,-19.95,369,-21.41,295,-41.39,414,-27.58,-3.37,2026-11-10,False,https://www.tradingview.com/chart/?symbol=NYSE:PLNT&interval=D,False,False,False,False
FRMI,Fermi Inc.,NASDAQ,Real Estate Development,4.21,5.11,5.63,6.53,8.31,18317896.9,16493588.7,69438008.0,84199770.0,-16.3,418,-15.8,336,-50.59,422,-17.29,331,-27.89,-3.04,2026-11-17,False,https://www.tradingview.com/chart/?symbol=NASDAQ:FRMI&interval=D,False,False,False,False
EOSE,"Eos Energy Enterprises, Inc.",NASDAQ,Electrical Products,3.06,3.63,3.71,8.48,9.68,29350598.5,27288596.133333333,83639547.0,98966642.0,-23.18,436,-4.52,214,-44.58,414,-34.93,397,-28.01,-1.79,2026-11-11,False,https://www.tradingview.com/chart/?symbol=NASDAQ:EOSE&interval=D,False,False,False,False
TE,T1 Energy Inc.,NYSE,Electrical Products,3.86,4.36,4.62,6.15,8.58,20177942.2,19862062.7,76667562.0,86552249.0,-10.85,356,-19.42,364,-58.04,431,-8.75,300,-28.74,-1.92,2026-11-11,False,https://www.tradingview.com/chart/?symbol=NYSE:TE&interval=D,False,False,False,False
FMC,FMC Corporation,NYSE,Chemicals: Agricultural,8.92,11.0,10.88,5.97,6.25,4557432.0,3526818.933333333,31459225.0,38790306.0,-14.35,403,-20.99,379,-18.91,278,-47.81,424,-29.24,-2.88,2026-10-29,False,https://www.tradingview.com/chart/?symbol=NYSE:FMC&interval=D,False,False,False,False
CAR,"Avis Budget Group, Inc.",NASDAQ,Finance/Rental/Leasing,106.67,127.06,134.82,5.17,5.37,495674.8,393029.13333333336,41924418.0,49939723.0,-0.34,110,-22.52,394,-28.3,347,-37.25,404,-29.36,-3.89,2026-11-02,False,https://www.tradingview.com/chart/?symbol=NASDAQ:CAR&interval=D,False,False,False,False
WHR,Whirlpool Corporation,NYSE,Electronics/Appliances,30.68,36.16,37.84,4.51,5.2,2918073.4,2672604.433333333,81995504.0,96645831.0,-7.7,290,-23.7,403,-24.19,319,-42.44,417,-30.11,-3.64,2026-10-15,False,https://www.tradingview.com/chart/?symbol=NYSE:WHR&interval=D,False,False,False,False
MTZ,"MasTec, Inc.",NYSE,Engineering & Construction,213.62,233.6,258.11,4.81,5.5,1809365.9,1527131.3333333333,326225795.0,356740425.0,-3.68,192,-11.67,281,-45.53,415,-33.98,394,-30.39,-3.13,2026-10-29,False,https://www.tradingview.com/chart/?symbol=NYSE:MTZ&interval=D,False,False,False,False
PUMP,ProPetro Holding Corp.,NYSE,Oilfield Services/Equipment,8.84,10.69,11.02,5.5,6.05,4666460.4,3699815.5,32706369.0,39564594.0,-12.48,379,-21.7,388,-34.18,382,-35.43,399,-30.44,-3.27,2026-11-04,False,https://www.tradingview.com/chart/?symbol=NYSE:PUMP&interval=D,False,False,False,False
AGX,"Argan, Inc.",NYSE,Engineering & Construction,377.95,414.26,478.58,4.12,5.76,453100.8,415845.9666666667,157168983.0,172270152.0,2.09,68,-10.29,270,-50.41,421,-31.85,391,-30.85,-3.65,2026-12-09,False,https://www.tradingview.com/chart/?symbol=NYSE:AGX&interval=D,False,False,False,False
TTD,"The Trade Desk, Inc.",NASDAQ,Packaged Software,12.17,13.62,14.73,4.49,4.92,34492491.49999999,22845187.40000001,278025931.0,311098147.0,-7.52,284,-12.88,296,-36.22,392,-44.02,420,-31.04,-3.53,2026-11-05,False,https://www.tradingview.com/chart/?symbol=NASDAQ:TTD&interval=D,False,False,False,False
RUN,Sunrun Inc.,NASDAQ,Semiconductors,7.77,8.65,9.19,4.87,5.84,7976781.2,7362883.266666667,57209603.0,63704893.0,-11.1,359,-10.98,276,-40.73,409,-42.99,418,-31.57,-2.65,2026-11-04,False,https://www.tradingview.com/chart/?symbol=NASDAQ:RUN&interval=D,False,False,False,False
FTFT,Future FinTech Group Inc.,NASDAQ,Finance/Rental/Leasing,3.4,3.47,3.6,43.92,32.62,1073509.1,11043146.908333333,37546699.0,38329659.0,-12.6,383,53.85,10,-67.4,441,-82.72,442,-32.09,-0.17,,False,https://www.tradingview.com/chart/?symbol=NASDAQ:FTFT&interval=D,False,True,False,False
CHTR,"Charter Communications, Inc.",NASDAQ,Cable/Satellite TV,110.9,138.01,140.96,4.75,5.56,3485625.5,3170082.5,351562149.0,437507313.0,-5.01,219,-27.02,419,-21.16,294,-48.77,426,-32.32,-3.84,2026-10-30,False,https://www.tradingview.com/chart/?symbol=NASDAQ:CHTR&interval=D,False,False,False,False
KNF,Knife Riv Holding Co.,NYSE,Construction Materials,50.42,59.12,64.13,4.4,4.88,1295045.1,1035860.0333333333,52228063.0,61238319.0,-8.19,315,-20.74,376,-39.65,403,-36.82,401,-32.4,-4.38,2026-11-09,False,https://www.tradingview.com/chart/?symbol=NYSE:KNF&interval=D,False,False,False,False
XE,"X-Energy, Inc.",NASDAQ,Industrial Machinery,14.18,16.86,17.51,6.89,8.7,6779084.0,6613230.066666666,93775602.0,111510081.0,-12.31,377,-18.13,356,-23.39,313,-55.72,431,-32.41,-2.19,2026-12-02,False,https://www.tradingview.com/chart/?symbol=NASDAQ:XE&interval=D,False,False,False,False
BIAF,"bioAffinity Technologies, Inc.",NASDAQ,Medical Specialties,6.56,7.62,7.88,20.64,26.67,3873520.5999999987,6234657.024444444,40899350.0,47489694.0,-21.9,433,35.82,17,-47.94,417,-88.31,444,-33.48,-0.63,2026-11-18,False,https://www.tradingview.com/chart/?symbol=NASDAQ:BIAF&interval=D,False,True,False,False
INIO,INNIO N.V.,NASDAQ,Electrical Products,18.13,20.47,22.87,6.7,7.9,7181464.4,5024555.066666666,91095183.0,102869391.0,-5.96,241,-12.37,289,-52.4,425,-41.52,416,-35.43,-2.62,2026-12-02,False,https://www.tradingview.com/chart/?symbol=NASDAQ:INIO&interval=D,False,False,False,False
XENE,Xenon Pharmaceuticals Inc.,NASDAQ,Pharmaceuticals: Major,37.19,53.17,57.52,5.24,6.47,4263491.1,1831817.3666666667,68125288.0,97400782.0,-5.87,238,-37.85,435,-38.36,400,-33.59,392,-36.6,-5.46,2026-11-11,False,https://www.tradingview.com/chart/?symbol=NASDAQ:XENE&interval=D,False,False,False,False
IONS,"Ionis Pharmaceuticals, Inc.",NASDAQ,Pharmaceuticals: Major,44.65,53.53,54.35,5.23,4.94,4665183.8,3861880.3333333335,172432957.0,206720018.0,-3.42,184,-26.88,417,-43.86,413,-39.45,410,-36.73,-3.61,2026-11-04,False,https://www.tradingview.com/chart/?symbol=NASDAQ:IONS&interval=D,False,False,False,False
PL,Planet Labs PBC,NYSE,Packaged Software,16.39,18.43,20.03,5.0,6.35,10688773.3,10577329.066666666,173362423.0,194919020.0,-2.73,161,-18.05,355,-48.12,419,-44.33,421,-36.83,-2.86,2026-12-14,False,https://www.tradingview.com/chart/?symbol=NYSE:PL&interval=D,False,False,False,False
RCAT,"Red Cat Holdings, Inc.",NASDAQ,Packaged Software,6.46,7.96,8.32,5.92,7.02,10460568.1,7887570.5,50953705.0,62774544.0,-6.92,269,-25.75,412,-40.32,406,-44.88,422,-36.98,-3.18,2026-11-12,False,https://www.tradingview.com/chart/?symbol=NASDAQ:RCAT&interval=D,False,False,False,False
LCID,"Lucid Group, Inc.",NASDAQ,Motor Vehicles,4.07,4.56,5.5,5.33,7.45,11081836.799999978,11784648.100000015,47963518.0,53767457.0,-4.68,214,-17.28,346,-40.67,408,-56.63,432,-38.19,-3.49,2026-11-10,False,https://www.tradingview.com/chart/?symbol=NASDAQ:LCID&interval=D,False,False,False,False
BRBR,"BellRing Brands, Inc.",NYSE,Beverages: Non-Alcoholic,7.69,9.52,10.56,4.93,6.11,3954847.6,3186669.2666666666,24505487.0,30343465.0,-14.17,399,-26.97,418,-41.96,410,-50.45,429,-39.79,-4.45,2026-11-23,False,https://www.tradingview.com/chart/?symbol=NYSE:BRBR&interval=D,False,False,False,False
SOC,Sable Offshore Corp.,NYSE,Integrated Oil,3.46,4.54,4.53,9.86,10.22,9294375.9,8856083.3,30642048.0,40242043.0,-20.09,430,-23.96,405,-17.81,267,-77.98,440,-39.92,-2.31,2026-11-12,False,https://www.tradingview.com/chart/?symbol=NYSE:SOC&interval=D,False,False,False,False
UTI,Universal Technical Institute Inc,NYSE,Miscellaneous Commercial Services,18.67,21.07,26.1,5.4,6.9,2194452.3,1896381.2333333334,35405438.0,39949167.0,-8.12,312,-12.8,293,-60.29,434,-48.71,425,-40.6,-4.12,2026-11-25,False,https://www.tradingview.com/chart/?symbol=NYSE:UTI&interval=D,False,False,False,False
RARE,Ultragenyx Pharmaceutical Inc.,NASDAQ,Pharmaceuticals: Major,15.03,18.71,21.68,5.64,7.97,6792604.5,5681583.733333333,85394204.0,106286334.0,-2.4,148,-40.94,437,-54.18,428,-28.6,381,-41.24,-3.85,2026-11-04,False,https://www.tradingview.com/chart/?symbol=NASDAQ:RARE&interval=D,False,False,False,False
FRVO,Fervo Energy Company,NASDAQ,Alternative Power Generation,13.59,16.26,18.67,8.3,10.82,7620839.6,7239407.066666666,98383542.0,117706726.0,-16.88,421,-8.48,257,-53.07,427,-62.25,437,-41.27,-2.51,2026-12-02,False,https://www.tradingview.com/chart/?symbol=NASDAQ:FRVO&interval=D,False,False,False,False
FLNC,"Fluence Energy, Inc.",NASDAQ,Electrical Products,7.68,9.56,11.1,5.64,8.33,11436594.7,7784191.066666666,59782587.0,74390919.0,2.13,66,-29.02,427,-58.43,432,-37.74,406,-41.73,-3.7,2026-11-30,False,https://www.tradingview.com/chart/?symbol=NASDAQ:FLNC&interval=D,False,False,False,False
OPEN,Opendoor Technologies Inc,NASDAQ,Real Estate Development,2.37,2.95,3.26,5.47,6.47,29979030.1,30034279.933333334,71181243.0,88501012.0,-13.82,398,-27.52,420,-52.55,426,-45.89,423,-41.99,-4.22,2026-11-05,False,https://www.tradingview.com/chart/?symbol=NASDAQ:OPEN&interval=D,False,False,False,False
CAPR,"Capricor Therapeutics, Inc.",NASDAQ,Pharmaceuticals: Major,9.47,8.77,8.42,6.64,9.68,4490044.6,5917227.066666666,56036140.0,51887178.0,2.27,61,-0.26,169,-59.06,433,-67.45,439,-42.26,1.29,2026-11-17,False,https://www.tradingview.com/chart/?symbol=NASDAQ:CAPR&interval=D,False,False,False,False
KRMN,Karman Holdings Inc.,NYSE,Aerospace & Defense,32.42,40.25,45.92,7.11,7.95,4820295.5,3580106.6,116067056.0,144089744.0,-2.76,163,-28.31,424,-42.57,411,-59.5,435,-43.46,-3.7,2026-11-05,False,https://www.tradingview.com/chart/?symbol=NYSE:KRMN&interval=D,False,False,False,False
YSS,York Space Systems Inc.,NYSE,Aerospace & Defense,8.65,8.93,10.85,7.53,8.94,4616301.8,3502969.2333333334,30300684.0,31264000.0,-11.64,366,-3.35,201,-65.25,439,-62.06,436,-43.55,-2.27,2026-12-02,False,https://www.tradingview.com/chart/?symbol=NYSE:YSS&interval=D,False,False,False,False
LQDA,Liquidia Corporation,NASDAQ,Pharmaceuticals: Major,30.26,67.65,74.36,20.44,21.09,3553982.3,1930416.4,58414400.0,130592348.0,-55.89,446,-54.9,440,-62.16,436,-18.11,337,-45.06,-2.81,2026-11-10,False,https://www.tradingview.com/chart/?symbol=NASDAQ:LQDA&interval=D,False,False,False,False
BW,"Babcock & Wilcox Enterprises, Inc.",NYSE,Electronic Equipment/Instruments,5.84,7.21,8.14,7.09,9.35,5322319.9,4779175.633333334,27910386.0,34453077.0,-19.0,428,-23.96,406,-54.55,429,-59.05,434,-45.85,-3.02,2026-11-11,False,https://www.tradingview.com/chart/?symbol=NYSE:BW&interval=D,False,False,False,False
FICO,Fair Isaac Corporation,NYSE,Financial Publishing/Services,592.47,996.01,1050.52,6.12,9.53,1060722.1,591917.0333333333,350693085.0,589552719.0,-34.89,441,-47.86,439,-51.47,424,-43.57,419,-47.63,-4.57,2026-11-11,False,https://www.tradingview.com/chart/?symbol=NYSE:FICO&interval=D,False,False,False,False
BENF,Beneficient,NASDAQ,Investment Managers,1.36,1.63,2.15,38.36,37.4,42677903.6,20227311.3,27509143.0,32949818.0,-53.42,445,-34.75,434,-62.33,437,-57.63,433,-51.57,-0.98,2026-11-12,False,https://www.tradingview.com/chart/?symbol=NASDAQ:BENF&interval=D,False,False,False,False
XNDU,Xanadu Quantum Technologies Limited,NASDAQ,Computer Processing Hardware,4.58,8.38,9.33,9.52,12.43,10571906.1,4602248.133333334,21078296.0,38557635.0,-23.54,437,-56.79,441,-61.45,435,-38.93,407,-52.39,-4.1,2026-12-02,False,https://www.tradingview.com/chart/?symbol=NASDAQ:XNDU&interval=D,False,False,False,False
TNON,"Tenon Medical, Inc.",NASDAQ,Medical/Nursing Services,4.09,4.65,5.27,25.92,26.35,5864554.300000002,12923439.8,52856869.0,60102611.0,21.73,4,-10.7,274,-64.15,438,-83.54,443,-52.8,-0.85,2026-11-18,False,https://www.tradingview.com/chart/?symbol=NASDAQ:TNON&interval=D,True,False,False,False
ALHC,"Alignment Healthcare, Inc.",NASDAQ,Managed Health Care,8.16,11.32,13.06,9.74,8.86,13940423.9,9004379.1,73475733.0,101937075.0,3.03,49,-39.91,436,-66.24,440,-53.56,430,-53.24,-4.23,2026-10-29,False,https://www.tradingview.com/chart/?symbol=NASDAQ:ALHC&interval=D,False,False,False,False
ALMS,Alumis Inc.,NASDAQ,Pharmaceuticals: Major,7.39,13.05,18.57,6.61,13.12,2720731.3,3780747.2,27939722.0,49351353.0,-7.97,306,-66.85,442,-72.07,444,-66.35,438,-68.42,-4.59,2026-11-12,False,https://www.tradingview.com/chart/?symbol=NASDAQ:ALMS&interval=D,False,False,False,False
XHLD,"TEN Holdings, Inc.",NASDAQ,Miscellaneous Commercial Services,0.65,8.81,6.44,371.7,295.42,5896375.2,4139799.4,2683418.0,36489489.0,-94.31,449,-93.06,447,-68.38,442,-49.36,428,-70.27,-0.3,2026-11-16,False,https://www.tradingview.com/chart/?symbol=NASDAQ:XHLD&interval=D,False,False,False,False
LHSW,Lianhe Sowell International Group Ltd,NASDAQ,Computer Processing Hardware,0.51,1.9,2.22,25.83,81.68,35836284.6,17393629.233333334,8907278.0,33066072.0,-29.76,439,-87.63,445,-70.4,443,-81.18,441,-79.74,-0.94,,False,https://www.tradingview.com/chart/?symbol=NASDAQ:LHSW&interval=D,False,False,False,False
NIVF,NewGenIvf Group Limited,NASDAQ,Financial Conglomerates,0.17,1.02,1.52,80.28,120.98,93986100.7,31407439.344444446,5276450.0,32158915.0,-79.03,448,-86.91,444,-95.93,446,-99.13,448,-93.99,-0.74,,False,https://www.tradingview.com/chart/?symbol=NASDAQ:NIVF&interval=D,False,False,False,False
RETO,"ReTo Eco-Solutions, Inc.",NASDAQ,Other Metals/Minerals,0.11,0.88,1.48,1508.36,847.57,136487120.1,58453858.233333334,6710503.0,51416598.0,-32.27,440,-91.17,446,-95.15,445,-96.37,445,-94.23,-0.11,,False,https://www.tradingview.com/chart/?symbol=NASDAQ:RETO&interval=D,False,False,False,False
WETO,Wetour Robotics Limited,NASDAQ,Other Transportation,1.01,7.26,7.77,27.98,225.49,9462732.4,7020591.166666667,7090797.0,50935559.0,-38.41,442,-85.99,443,-98.81,448,-98.02,447,-94.27,-0.39,,False,https://www.tradingview.com/chart/?symbol=NASDAQ:WETO&interval=D,False,False,False,False
NCT,Intercont (Cayman) Limited,NASDAQ,Marine Shipping,1.56,46.0,62.47,109.41,420.26,616132.2,712117.4346666667,1110903.0,32759123.0,-73.78,447,-98.72,448,-97.97,447,-97.65,446,-98.11,-0.23,,False,https://www.tradingview.com/chart/?symbol=NASDAQ:NCT&interval=D,False,False,False,False
CTNT,Cheetah Net Supply Chain Service Inc.,NASDAQ,Engineering & Construction,2.71,120.35,177.27,530.73,547.23,2305003.3791185794,903231.9225282373,2447759.0,108703702.0,-46.07,444,-98.79,449,-99.0,449,-99.99,449,-99.26,-0.18,2026-11-06,False,https://www.tradingview.com/chart/?symbol=NASDAQ:CTNT&interval=D,False,False,False,False
