name,description,exchange,industry,close,SMA30,SMA50,ADRP,ATRP,average_volume_10d_calc,average_volume_30d_calc,dollar_volume_30d,average_dollar_volume_30d,Perf.W,perf_1w_rank,Perf.1M,perf_1m_rank,Perf.3M,perf_3m_rank,Perf.6M,perf_6m_rank,momentum_score,atr_extension_from_50d,earnings_date,earnings_soon,tradingview_url,is_top_1w,is_top_1m,is_top_3m,is_top_6m
CYPH,Cypherpunk Technologies Inc.,NASDAQ,Financial Conglomerates,3.33,2.48,1.75,15.52,14.05,22498849.0,17423915.766666666,58021640.0,43211311.0,-12.83,389,91.93,6,363.14,1,352.51,3,269.19,6.4,2026-11-16,False,https://www.tradingview.com/chart/?symbol=NASDAQ:CYPH&interval=D,False,True,True,True
QMCO,Quantum Corporation,NASDAQ,Computer Peripherals,31.72,24.93,20.93,8.0,7.74,2355812.2,1473742.2666666666,46747105.0,36742605.0,24.69,3,44.38,13,186.54,3,559.46,1,263.46,6.66,2026-11-13,False,https://www.tradingview.com/chart/?symbol=NASDAQ:QMCO&interval=D,True,True,True,True
USDE,StablecoinX Inc.,NASDAQ,Packaged Software,16.08,9.1,6.29,11.0,11.64,7517786.7,9232988.9,148466462.0,84000194.0,21.63,5,137.87,2,314.43,2,60.8,110,171.03,13.35,,False,https://www.tradingview.com/chart/?symbol=NASDAQ:USDE&interval=D,True,True,True,False
MXL,"MaxLinear, Inc",NASDAQ,Semiconductors,90.31,72.16,72.25,6.82,7.22,3425122.3,2647648.3666666667,239109124.0,191050776.0,4.32,38,46.04,12,-20.35,286,432.17,2,152.62,3.47,2026-10-28,False,https://www.tradingview.com/chart/?symbol=NASDAQ:MXL&interval=D,False,True,False,True
CDNA,"CareDx, Inc.",NASDAQ,Medical Specialties,65.0,53.13,49.09,4.41,4.36,1533090.9,1275316.6,82895579.0,67763097.0,15.56,9,32.22,21,117.97,6,274.42,6,141.54,7.43,2026-11-10,False,https://www.tradingview.com/chart/?symbol=NASDAQ:CDNA&interval=D,True,True,True,True
GLND,Greenland Energy Company,NASDAQ,Financial Conglomerates,5.13,2.09,2.02,14.14,13.71,67811943.4,22996950.633333333,117974357.0,48167113.0,90.35,1,266.43,1,144.29,4,-41.37,413,123.11,11.24,2026-12-02,False,https://www.tradingview.com/chart/?symbol=NASDAQ:GLND&interval=D,True,True,True,False
ASST,"Strive, Inc.",NASDAQ,Financial Conglomerates,29.41,25.65,20.28,5.97,6.19,8595036.400000002,10208076.7,300219536.0,261864389.0,2.62,56,30.48,23,129.23,5,206.35,11,122.02,7.28,2026-11-13,False,https://www.tradingview.com/chart/?symbol=NASDAQ:ASST&interval=D,False,True,True,True
GRAL,"GRAIL, Inc.",NASDAQ,Medical Specialties,140.12,89.33,81.42,6.35,6.1,2163161.2,1182886.0666666667,165745996.0,105662481.0,31.26,2,77.37,7,103.1,8,177.08,16,119.18,11.81,2026-11-18,False,https://www.tradingview.com/chart/?symbol=NASDAQ:GRAL&interval=D,True,True,True,True
SDGR,"Schrodinger, Inc.",NASDAQ,Packaged Software,31.05,23.44,20.7,7.4,5.78,3408653.7,1963469.3333333333,60965723.0,46016522.0,3.33,46,58.58,8,86.71,10,176.49,17,107.26,8.66,2026-11-11,False,https://www.tradingview.com/chart/?symbol=NASDAQ:SDGR&interval=D,False,True,True,True
BLZE,"Backblaze, Inc.",NASDAQ,Computer Peripherals,13.99,13.97,14.91,5.3,6.51,1869769.9,2302249.6333333333,32208472.0,32170869.0,-1.89,136,-3.35,200,-12.92,234,303.17,4,95.63,-0.95,2026-11-11,False,https://www.tradingview.com/chart/?symbol=NASDAQ:BLZE&interval=D,False,False,False,True
APPS,"Digital Turbine, Inc.",NASDAQ,Packaged Software,11.1,11.1,10.98,7.32,7.67,3329343.4,2802026.8,31102497.0,31116508.0,-9.31,336,1.83,150,-16.79,257,288.11,5,91.05,0.14,2026-11-11,False,https://www.tradingview.com/chart/?symbol=NASDAQ:APPS&interval=D,False,False,False,True
TEAM,Atlassian Corporation,NASDAQ,Packaged Software,179.29,183.99,159.37,4.58,5.16,3421989.1,3636908.7,652061361.0,669137253.0,-5.65,233,-4.84,216,116.59,7,157.56,29,89.77,2.42,2026-10-29,False,https://www.tradingview.com/chart/?symbol=NASDAQ:TEAM&interval=D,False,False,True,False
DELL,Dell Technologies Inc.,NYSE,Computer Processing Hardware,537.95,511.32,484.49,4.88,5.41,8105449.699999998,9167491.5,4931652052.0,4687546200.0,-3.77,194,16.98,51,29.29,70,222.15,9,89.47,2.04,2026-12-01,False,https://www.tradingview.com/chart/?symbol=NYSE:DELL&interval=D,False,False,False,True
LIFE,Ethos Technologies Inc.,NASDAQ,Packaged Software,33.57,36.93,32.81,8.25,7.87,1760847.4,1543158.9666666666,51803847.0,56992976.0,-7.27,276,-13.12,300,72.07,17,207.7,10,88.88,0.29,2026-12-02,False,https://www.tradingview.com/chart/?symbol=NASDAQ:LIFE&interval=D,False,False,True,True
GPRO,"GoPro, Inc.",NASDAQ,Electronics/Appliances,1.29,1.15,0.96,6.5,9.9,13380574.7,65371000.56666667,84328591.0,74940008.0,0.78,92,111.48,5,74.32,14,78.53,81,88.11,3.45,2026-11-05,False,https://www.tradingview.com/chart/?symbol=NASDAQ:GPRO&interval=D,False,True,True,False
AMC,"AMC Entertainment Holdings, Inc.",NYSE,Movies/Entertainment,3.0,2.69,2.63,6.48,6.79,38004693.00000004,26880992.23333334,80642977.0,72327790.0,1.52,78,15.38,56,54.64,23,194.12,13,88.05,2.05,2026-11-11,False,https://www.tradingview.com/chart/?symbol=NYSE:AMC&interval=D,False,False,True,True
BAND,Bandwidth Inc.,NASDAQ,Packaged Software,60.71,51.85,51.26,7.51,7.17,999996.5,887880.5666666667,53903229.0,46036163.0,4.65,32,25.72,29,-5.91,193,242.61,8,87.47,2.57,2026-10-29,False,https://www.tradingview.com/chart/?symbol=NASDAQ:BAND&interval=D,False,False,False,True
ALAB,"Astera Labs, Inc.",NASDAQ,Semiconductors,355.97,304.95,307.68,5.43,6.36,4268433.2,3694067.1666666665,1314977089.0,1126494700.0,-2.29,146,21.72,35,-17.8,266,250.09,7,84.67,2.47,2026-11-10,False,https://www.tradingview.com/chart/?symbol=NASDAQ:ALAB&interval=D,False,False,False,True
OKTA,"Okta, Inc.",NASDAQ,Packaged Software,209.11,173.87,161.73,4.93,4.69,4294802.8,4335069.866666666,906506460.0,753717645.0,5.5,27,26.86,28,49.01,28,167.11,24,81.0,6.25,2026-12-08,False,https://www.tradingview.com/chart/?symbol=NASDAQ:OKTA&interval=D,False,False,False,False
HPE,Hewlett Packard Enterprise Company,NYSE,Computer Processing Hardware,63.89,57.01,54.96,5.06,5.57,20168076.4,23577934.900000025,1506394261.0,1344146631.0,2.67,53,20.34,39,46.87,35,170.95,21,79.39,2.92,2026-12-03,False,https://www.tradingview.com/chart/?symbol=NYSE:HPE&interval=D,False,False,False,True
P,"Everpure, Inc.",NYSE,Computer Peripherals,130.78,105.71,99.56,4.57,5.02,12388482.5,6248564.766666667,817187300.0,660560776.0,17.67,7,38.29,16,68.92,18,121.66,48,76.29,6.25,2026-12-02,False,https://www.tradingview.com/chart/?symbol=NYSE:P&interval=D,True,True,True,False
CRWD,"CrowdStrike Holdings, Inc.",NASDAQ,Packaged Software,264.75,225.65,216.51,4.6,4.49,10821364.3,11674699.5,3090876693.0,2634403725.0,5.06,30,19.35,43,38.43,51,170.72,23,76.16,4.96,2026-12-01,False,https://www.tradingview.com/chart/?symbol=NASDAQ:CRWD&interval=D,False,False,False,True
AEHR,Aehr Test Systems,NASDAQ,Electronic Production Equipment,99.62,92.41,95.65,7.18,8.82,2184168.5,2568801.7333333334,255904029.0,237391531.0,-0.35,111,22.53,34,18.15,98,174.97,18,71.88,0.47,2026-10-06,False,https://www.tradingview.com/chart/?symbol=NASDAQ:AEHR&interval=D,False,False,False,True
CORT,Corcept Therapeutics Incorporated,NASDAQ,Pharmaceuticals: Major,115.23,115.42,112.14,4.95,4.62,2589871.6,1453501.0333333334,167486924.0,167768177.0,-1.79,133,1.4,156,27.61,75,181.39,14,70.13,0.6,2026-11-04,False,https://www.tradingview.com/chart/?symbol=NASDAQ:CORT&interval=D,False,False,False,True
PLSE,"Pulse Biosciences, Inc",NASDAQ,Medical Specialties,49.92,51.27,46.21,7.25,7.12,557182.8,603760.7333333333,30139736.0,30954209.0,-7.13,273,3.96,133,73.15,16,123.96,46,67.02,1.13,2026-11-16,False,https://www.tradingview.com/chart/?symbol=NASDAQ:PLSE&interval=D,False,False,True,False
RBRK,"Rubrik, Inc.",NYSE,Information Technology Services,114.47,100.8,94.43,4.9,4.78,3114211.8,3544708.6,405762793.0,357314898.0,1.79,73,23.31,32,40.64,47,133.28,38,65.74,4.44,2026-12-03,False,https://www.tradingview.com/chart/?symbol=NYSE:RBRK&interval=D,False,False,False,False
ILMN,"Illumina, Inc.",NASDAQ,Medical Specialties,273.68,229.97,215.87,4.62,4.19,6105966.1,3418023.7666666666,935444744.0,786032672.0,10.0,13,28.04,26,46.54,36,119.93,49,64.84,6.38,2026-10-29,False,https://www.tradingview.com/chart/?symbol=NASDAQ:ILMN&interval=D,True,False,False,False
PURR,Hyperliquid Strategies Inc,NASDAQ,Financial Conglomerates,12.27,12.04,9.86,8.2,8.7,26763080.6,28539902.033333335,350184598.0,343501504.0,-10.44,350,0.7,161,44.69,39,148.38,32,64.59,2.81,2026-12-02,False,https://www.tradingview.com/chart/?symbol=NASDAQ:PURR&interval=D,False,False,False,False
TWLO,Twilio Inc.,NYSE,Packaged Software,292.46,246.24,232.64,4.98,4.72,3428200.1,2253097.3333333335,658940846.0,554804189.0,2.62,55,24.62,30,39.84,48,128.48,43,64.31,5.45,2026-10-29,False,https://www.tradingview.com/chart/?symbol=NYSE:TWLO&interval=D,False,False,False,False
SMTC,Semtech Corporation,NASDAQ,Semiconductors,178.35,153.74,143.84,5.75,6.29,3584355.9,3532512.4,630023587.0,543090223.0,2.21,63,34.81,18,21.24,90,136.23,35,64.09,3.82,2026-12-02,False,https://www.tradingview.com/chart/?symbol=NASDAQ:SMTC&interval=D,False,True,False,False
RNG,"RingCentral, Inc.",NYSE,Packaged Software,74.7,71.94,66.33,4.55,4.4,1786295.1,1539945.9333333333,115033961.0,110780117.0,-5.21,222,8.43,99,85.45,11,97.57,64,63.82,2.87,2026-11-09,False,https://www.tradingview.com/chart/?symbol=NYSE:RNG&interval=D,False,False,True,False
SLS,"SELLAS Life Sciences Group, Inc.",NASDAQ,Pharmaceuticals: Major,12.31,12.87,12.34,7.23,7.51,5966308.4,7244321.466666667,89177597.0,93235625.0,3.27,47,-7.62,248,-6.74,198,202.46,12,62.7,-0.03,2026-11-18,False,https://www.tradingview.com/chart/?symbol=NASDAQ:SLS&interval=D,False,False,False,True
INTC,Intel Corporation,NASDAQ,Semiconductors,120.23,102.44,100.15,4.45,5.13,122318821.4,101757618.96666667,12234318528.0,10423745214.0,-2.93,169,33.59,19,-6.74,197,161.03,26,62.63,3.91,2026-10-22,False,https://www.tradingview.com/chart/?symbol=NASDAQ:INTC&interval=D,False,True,False,False
HNGE,"Hinge Health, Inc.",NYSE,Packaged Software,97.24,91.84,87.72,4.14,4.4,1911529.0,1899685.8333333333,184725450.0,174474746.0,3.86,43,11.92,71,14.4,104,158.41,28,61.58,2.47,2026-11-03,False,https://www.tradingview.com/chart/?symbol=NYSE:HNGE&interval=D,False,False,False,False
SECZ,Securitize Corp.,NYSE,Packaged Software,14.59,9.41,8.41,9.99,8.96,7839852.2,3763451.2666666666,54908754.0,35411567.0,13.98,11,127.26,3,17.19,100,33.24,176,59.23,8.21,2026-11-13,False,https://www.tradingview.com/chart/?symbol=NYSE:SECZ&interval=D,True,True,False,False
FIVN,"Five9, Inc.",NASDAQ,Packaged Software,34.01,33.66,31.85,6.13,5.72,2922381.0,2075217.3333333333,70578142.0,69851470.0,-12.58,381,1.18,159,47.48,33,128.72,41,59.13,1.18,2026-11-09,False,https://www.tradingview.com/chart/?symbol=NASDAQ:FIVN&interval=D,False,False,False,False
SNDK,Sandisk Corporation,NASDAQ,Computer Peripherals,1739.89,1639.4,1533.71,5.1,5.92,9158799.0,10266347.233333332,17862314888.0,16830682164.0,-8.21,316,17.05,48,-14.87,244,170.97,20,57.72,2.27,2026-10-29,False,https://www.tradingview.com/chart/?symbol=NASDAQ:SNDK&interval=D,False,False,False,True
NTSK,"Netskope, Inc.",NASDAQ,Packaged Software,17.44,15.87,14.99,5.39,5.31,7249165.2,6501050.233333333,113378316.0,103158665.0,-6.11,244,16.27,52,48.05,31,108.36,56,57.56,3.08,2026-12-11,False,https://www.tradingview.com/chart/?symbol=NASDAQ:NTSK&interval=D,False,False,False,False
HTFL,"Heartflow, Inc.",NASDAQ,Packaged Software,49.75,48.93,41.08,4.71,4.65,2062703.6,1999727.5333333334,99486445.0,97848668.0,0.18,104,4.34,127,60.85,19,107.03,59,57.41,4.53,2026-11-18,False,https://www.tradingview.com/chart/?symbol=NASDAQ:HTFL&interval=D,False,False,True,False
XMTR,"Xometry, Inc.",NASDAQ,Information Technology Services,102.85,92.96,91.47,4.93,4.98,1045676.0,732774.2,75365826.0,68118568.0,-1.11,126,9.86,88,5.79,135,155.59,30,57.08,2.5,2026-11-05,False,https://www.tradingview.com/chart/?symbol=NASDAQ:XMTR&interval=D,False,False,False,False
PANW,"Palo Alto Networks, Inc.",NASDAQ,Packaged Software,397.31,362.54,359.09,4.56,4.54,6594571.30000001,6551768.366666676,2603083090.0,2375295575.0,4.61,33,7.38,106,13.04,108,148.47,31,56.3,2.35,2026-11-12,False,https://www.tradingview.com/chart/?symbol=NASDAQ:PANW&interval=D,False,False,False,False
OMER,Omeros Corporation,NASDAQ,Pharmaceuticals: Major,19.04,18.91,16.6,4.53,4.72,1616927.4,1589318.7333333334,30260629.0,30054547.0,-7.78,294,2.7,144,102.34,9,63.86,101,56.3,3.12,2026-11-11,False,https://www.tradingview.com/chart/?symbol=NASDAQ:OMER&interval=D,False,False,True,False
OSCR,"Oscar Health, Inc.",NYSE,Managed Health Care,30.84,31.3,30.71,5.51,5.48,6119529.4,5258117.266666667,162160337.0,164589587.0,1.51,80,1.78,151,-4.34,185,170.76,22,56.07,0.07,2026-11-10,False,https://www.tradingview.com/chart/?symbol=NYSE:OSCR&interval=D,False,False,False,True
COHU,"Cohu, Inc.",NASDAQ,Semiconductors,68.14,55.17,53.9,4.45,5.19,946013.0,949930.2,64728244.0,52403374.0,6.54,24,41.37,15,-0.74,167,125.99,45,55.54,5.09,2026-10-29,False,https://www.tradingview.com/chart/?symbol=NASDAQ:COHU&interval=D,False,True,False,False
PENG,"Penguin Solutions, Inc.",NASDAQ,Semiconductors,54.69,51.56,53.3,4.41,5.75,1557032.2,1438522.2,78672779.0,74164930.0,-2.09,140,8.92,92,-21.09,291,177.76,15,55.19,0.46,2026-10-06,False,https://www.tradingview.com/chart/?symbol=NASDAQ:PENG&interval=D,False,False,False,True
NSIT,"Insight Enterprises, Inc.",NASDAQ,Information Technology Services,156.32,155.79,148.68,4.08,3.7,481443.9,323757.93333333335,50609840.0,50437979.0,-0.45,112,-1.94,189,31.07,67,135.92,36,55.02,1.39,2026-10-29,False,https://www.tradingview.com/chart/?symbol=NASDAQ:NSIT&interval=D,False,False,False,False
NEO,"NeoGenomics, Inc.",NASDAQ,Medical/Nursing Services,18.36,18.11,17.04,4.62,4.57,2619131.4,2015791.0,37009923.0,36496232.0,-1.77,132,3.32,138,22.4,87,139.06,34,54.93,1.69,2026-11-10,False,https://www.tradingview.com/chart/?symbol=NASDAQ:NEO&interval=D,False,False,False,False
ZETA,Zeta Global Holdings Corp.,NYSE,Packaged Software,31.57,30.1,27.93,4.57,4.79,6026283.7,6324212.5,199655389.0,190381985.0,4.54,34,3.81,135,51.82,26,107.42,58,54.35,2.72,2026-11-10,False,https://www.tradingview.com/chart/?symbol=NYSE:ZETA&interval=D,False,False,False,False
SNOW,Snowflake Inc.,NYSE,Packaged Software,339.56,330.12,320.69,4.02,4.43,4307996.4,5080051.1,1724982152.0,1677036629.0,0.42,100,4.0,132,32.34,66,126.07,44,54.14,1.33,2026-12-02,False,https://www.tradingview.com/chart/?symbol=NYSE:SNOW&interval=D,False,False,False,False
NBIS,Nebius Group N.V.,NASDAQ,Packaged Software,235.88,222.45,218.13,6.2,6.97,17195832.9,16657801.6,3929242241.0,3705464111.0,0.31,101,14.65,62,1.24,156,144.66,33,53.52,1.17,2026-10-22,False,https://www.tradingview.com/chart/?symbol=NASDAQ:NBIS&interval=D,False,False,False,False
AMBQ,"Ambiq Micro, Inc.",NYSE,Semiconductors,68.17,62.06,63.59,5.38,5.89,720986.7,525035.0666666667,35791640.0,32582276.0,-3.26,181,17.45,46,-22.36,303,163.92,25,53.0,1.22,2026-11-05,False,https://www.tradingview.com/chart/?symbol=NYSE:AMBQ&interval=D,False,False,False,False
BB,BlackBerry Limited,NYSE,Packaged Software,9.04,8.08,8.31,5.9,5.87,25348041.8,14389913.53333334,130084818.0,116332858.0,5.12,29,11.33,78,-29.68,357,174.77,19,52.14,1.49,2026-12-17,False,https://www.tradingview.com/chart/?symbol=NYSE:BB&interval=D,False,False,False,True
DDOG,"Datadog, Inc.",NASDAQ,Packaged Software,273.85,235.72,243.39,4.17,4.54,3469035.5,3592101.7333333334,983697060.0,846714056.0,8.84,14,17.05,49,4.63,140,133.5,37,51.73,2.75,2026-11-05,False,https://www.tradingview.com/chart/?symbol=NASDAQ:DDOG&interval=D,True,False,False,False
AMLX,"Amylyx Pharmaceuticals, Inc.",NASDAQ,Pharmaceuticals: Major,29.1,33.71,28.92,5.11,5.62,1407525.0,2251573.4,65520786.0,75897162.0,-11.5,363,-16.31,340,60.6,20,107.86,57,50.72,0.11,2026-11-05,False,https://www.tradingview.com/chart/?symbol=NASDAQ:AMLX&interval=D,False,False,True,False
CVI,CVR Energy Inc.,NYSE,Oil Refining/Marketing,50.99,46.37,41.5,5.56,4.96,1179970.4,1149215.9,58598519.0,53294504.0,-3.17,177,17.3,47,77.67,13,55.22,119,50.06,4.61,2026-11-02,False,https://www.tradingview.com/chart/?symbol=NYSE:CVI&interval=D,False,False,True,False
TEM,"Tempus AI, Inc.",NASDAQ,Packaged Software,81.9,70.21,61.37,6.05,5.98,7963683.4,8332269.7,682412888.0,585039207.0,7.1,22,31.32,22,34.04,63,83.67,77,49.68,5.59,2026-11-10,False,https://www.tradingview.com/chart/?symbol=NASDAQ:TEM&interval=D,True,True,False,False
BFLY,"Butterfly Network, Inc.",NYSE,Medical Specialties,8.96,8.37,8.29,7.26,7.29,6746340.1,5174557.2,46364033.0,43295520.0,-9.49,338,7.43,105,12.14,113,128.57,42,49.38,1.12,2026-10-29,False,https://www.tradingview.com/chart/?symbol=NYSE:BFLY&interval=D,False,False,False,False
BE,Bloom Energy Corporation,NYSE,Electronic Production Equipment,276.98,247.64,233.53,6.56,7.75,21093072.3,15712290.333333334,4351990177.0,3890928729.0,0.01,105,32.6,20,-7.01,201,121.87,47,49.15,2.4,2026-10-29,False,https://www.tradingview.com/chart/?symbol=NYSE:BE&interval=D,False,True,False,False
SMCI,"Super Micro Computer, Inc.",NASDAQ,Computer Processing Hardware,41.07,38.78,36.04,5.04,5.57,40073453.5,37749956.5,1550390713.0,1464056563.0,-2.84,167,12.41,70,46.42,37,86.85,75,48.56,2.5,2026-11-03,False,https://www.tradingview.com/chart/?symbol=NASDAQ:SMCI&interval=D,False,False,False,False
QLYS,"Qualys, Inc.",NASDAQ,Packaged Software,187.2,177.61,172.21,5.33,5.01,669474.4,681372.6333333333,127552957.0,121015641.0,1.63,76,0.11,166,30.51,69,114.9,50,48.51,1.74,2026-11-04,False,https://www.tradingview.com/chart/?symbol=NASDAQ:QLYS&interval=D,False,False,False,False
STX,Seagate Technology Holdings PLC,NASDAQ,Computer Peripherals,922.34,852.67,855.25,4.86,5.19,3995477.4,3636468.2,3354060080.0,3100723704.0,1.0,90,11.6,74,2.4,150,130.01,39,48.0,1.51,2026-10-28,False,https://www.tradingview.com/chart/?symbol=NASDAQ:STX&interval=D,False,False,False,False
SBET,"Sharplink, Inc.",NASDAQ,Advertising/Marketing Services,9.28,8.76,7.76,6.08,6.12,9378623.2,9730479.800000023,90298853.0,85213055.0,-8.48,322,12.62,68,73.46,15,51.02,128,45.7,3.2,2026-11-12,False,https://www.tradingview.com/chart/?symbol=NASDAQ:SBET&interval=D,False,False,True,False
NUAI,"New Era Energy & Digital, Inc.",NASDAQ,Engineering & Construction,6.72,5.83,5.53,8.28,9.18,10691505.1,7572286.3,50885764.0,44171670.0,-1.61,131,47.37,11,25.37,81,63.9,100,45.55,2.35,2026-12-02,False,https://www.tradingview.com/chart/?symbol=NASDAQ:NUAI&interval=D,False,True,False,False
ECO,Okeanis Eco Tankers Corp.,NYSE,Marine Shipping,80.88,73.57,68.27,4.32,4.0,865015.8,684047.8333333334,55325789.0,50326995.0,4.29,39,20.11,40,55.66,22,60.19,112,45.32,4.62,2026-11-11,False,https://www.tradingview.com/chart/?symbol=NYSE:ECO&interval=D,False,False,True,False
ETON,"Eton Pharmaceuticals, Inc.",NASDAQ,Pharmaceuticals: Major,51.49,58.94,54.22,6.55,6.85,661363.6,560124.8,28840826.0,33014409.0,-9.6,339,-12.79,292,39.39,50,105.96,60,44.19,-0.73,2026-11-05,False,https://www.tradingview.com/chart/?symbol=NASDAQ:ETON&interval=D,False,False,False,False
BMNR,"BitMine Immersion Technologies, Inc.",NYSE,Financial Conglomerates,26.43,25.05,22.15,5.68,6.19,38920322.6,45721829.3,1208427948.0,1145225140.0,-6.21,247,10.31,85,81.46,12,40.18,148,43.98,3.12,2026-11-20,False,https://www.tradingview.com/chart/?symbol=NYSE:BMNR&interval=D,False,False,True,False
NET,"Cloudflare, Inc.",NYSE,Information Technology Services,347.28,313.86,304.35,5.0,4.85,3161769.9,3090976.7666666666,1073434412.0,970148393.0,-2.28,145,16.08,53,43.5,42,72.35,88,43.98,2.91,2026-10-29,False,https://www.tradingview.com/chart/?symbol=NYSE:NET&interval=D,False,False,False,False
VICR,Vicor Corporation,NASDAQ,Electronic Components,288.94,215.14,216.23,5.58,5.88,1159617.1,858558.5666666667,248071912.0,184714297.0,8.42,15,53.9,9,-17.33,262,94.93,66,43.83,5.72,2026-10-27,False,https://www.tradingview.com/chart/?symbol=NASDAQ:VICR&interval=D,True,True,False,False
ANDG,Andersen Group Inc.,NYSE,Other Consumer Services,54.4,53.86,51.21,4.0,4.14,613768.9,583509.2333333333,31742902.0,31427029.0,2.27,60,-3.75,205,46.2,38,88.63,72,43.69,1.5,2026-12-02,False,https://www.tradingview.com/chart/?symbol=NYSE:ANDG&interval=D,False,False,False,False
MANE,"Veradermics, Incorporated",NYSE,Pharmaceuticals: Major,121.23,105.68,107.23,4.97,5.0,911659.0,704020.8,85348442.0,74402561.0,2.64,54,21.23,36,-5.32,189,110.8,55,42.24,2.61,2026-12-02,False,https://www.tradingview.com/chart/?symbol=NYSE:MANE&interval=D,False,False,False,False
S,"SentinelOne, Inc.",NYSE,Packaged Software,23.76,21.76,21.23,4.95,4.71,8966427.1,8983077.533333333,213437922.0,195453801.0,-0.88,120,10.77,81,35.38,61,80.27,80,42.14,2.54,2026-12-08,False,https://www.tradingview.com/chart/?symbol=NYSE:S&interval=D,False,False,False,False
AXTI,AXT Inc,NASDAQ,Electronic Production Equipment,77.41,67.73,67.0,7.59,9.3,8853107.7,8575071.633333333,663796295.0,580806752.0,-1.28,128,28.91,24,21.87,89,73.88,87,41.55,1.67,2026-10-29,False,https://www.tradingview.com/chart/?symbol=NASDAQ:AXTI&interval=D,False,False,False,False
PBF,PBF Energy Inc.,NYSE,Oil Refining/Marketing,76.96,73.55,70.94,6.42,5.82,3927177.5,3480417.433333333,267852926.0,255969620.0,6.46,25,4.04,131,59.93,21,60.33,111,41.44,1.46,2026-10-29,False,https://www.tradingview.com/chart/?symbol=NYSE:PBF&interval=D,False,False,True,False
DINO,HF Sinclair Corporation,NYSE,Oil Refining/Marketing,107.32,104.7,98.45,4.89,4.27,3217285.2,2644063.9,283760938.0,276833490.0,-0.6,114,4.21,128,47.64,32,70.95,90,40.93,2.11,2026-10-28,False,https://www.tradingview.com/chart/?symbol=NYSE:DINO&interval=D,False,False,False,False
U,Unity Software Inc.,NYSE,Packaged Software,40.93,42.92,40.75,4.97,4.96,12227847.5,10009769.066666666,409699848.0,429579249.0,-6.62,261,-5.82,228,36.89,59,89.23,69,40.1,0.09,2026-11-11,False,https://www.tradingview.com/chart/?symbol=NYSE:U&interval=D,False,False,False,False
SWKS,"Skyworks Solutions, Inc.",NASDAQ,Semiconductors,85.48,78.5,73.34,6.17,5.27,6467678.5,6992907.066666666,597753696.0,548975838.0,-5.24,223,28.68,25,29.03,71,61.31,109,39.67,3.14,2026-10-29,False,https://www.tradingview.com/chart/?symbol=NASDAQ:SWKS&interval=D,False,False,False,False
GH,"Guardant Health, Inc.",NASDAQ,Medical Specialties,178.36,169.18,164.3,4.18,4.17,1993231.3,1865266.0666666667,332688856.0,315565091.0,1.22,84,11.47,76,3.72,146,103.44,63,39.55,2.05,2026-10-29,False,https://www.tradingview.com/chart/?symbol=NASDAQ:GH&interval=D,False,False,False,False
UMAC,"Unusual Machines, Inc.",AMEX,Electronic Equipment/Instruments,24.48,24.23,24.3,5.92,7.41,2300339.0,2915336.9,71367447.0,70629867.0,2.77,51,3.29,139,7.94,124,105.03,61,38.75,0.1,2026-11-12,False,https://www.tradingview.com/chart/?symbol=AMEX:UMAC&interval=D,False,False,False,False
OUST,"Ouster, Inc.",NASDAQ,Semiconductors,40.34,36.96,38.74,5.59,6.47,2529437.1,2201107.966666667,88792695.0,81355885.0,0.6,95,17.92,45,-31.02,369,129.02,40,38.64,0.64,2026-11-05,False,https://www.tradingview.com/chart/?symbol=NASDAQ:OUST&interval=D,False,False,False,False
MPC,Marathon Petroleum Corporation,NYSE,Oil Refining/Marketing,395.42,386.9,361.16,4.15,3.61,3614283.3,2852177.2333333334,1127807922.0,1103515928.0,0.6,94,5.66,114,48.1,30,61.4,108,38.38,2.63,2026-11-03,False,https://www.tradingview.com/chart/?symbol=NYSE:MPC&interval=D,False,False,False,False
AYA,Aya Gold & Silver Inc.,NASDAQ,Precious Metals,26.9,27.96,26.15,5.06,5.84,1433186.5,1309020.1,35212641.0,36600638.0,-9.24,335,-2.71,196,37.24,58,77.56,83,37.36,0.49,2026-11-17,False,https://www.tradingview.com/chart/?symbol=NASDAQ:AYA&interval=D,False,False,False,False
HPQ,HP Inc.,NYSE,Information Technology Services,31.28,31.67,30.29,4.93,4.61,16169554.999999994,16410533.733333435,513321495.0,519710663.0,-3.26,180,2.12,148,41.8,44,64.63,98,36.18,0.71,2026-12-01,False,https://www.tradingview.com/chart/?symbol=NYSE:HPQ&interval=D,False,False,False,False
FROG,JFrog Ltd.,NASDAQ,Packaged Software,97.04,92.03,89.1,5.17,5.44,1665485.2,1841585.3333333333,178707441.0,169487851.0,7.27,20,-1.41,181,5.81,134,103.99,62,36.13,1.64,2026-11-04,False,https://www.tradingview.com/chart/?symbol=NASDAQ:FROG&interval=D,True,False,False,False
TENB,"Tenable Holdings, Inc.",NASDAQ,Packaged Software,36.39,35.0,34.97,6.38,6.0,3246713.9,4908132.9,178606956.0,171809192.0,0.0,106,-2.2,190,-3.96,183,113.68,52,35.84,0.68,2026-11-04,False,https://www.tradingview.com/chart/?symbol=NASDAQ:TENB&interval=D,False,False,False,False
VLO,Valero Energy Corporation,NYSE,Oil Refining/Marketing,387.61,374.54,351.11,4.54,3.82,4729312.599999976,3405260.1000000043,1319912867.0,1275423144.0,1.89,72,7.68,104,43.61,40,55.92,116,35.74,2.72,2026-10-22,False,https://www.tradingview.com/chart/?symbol=NYSE:VLO&interval=D,False,False,False,False
SITM,SiTime Corporation,NASDAQ,Semiconductors,652.03,602.65,605.93,4.92,5.76,535660.2,420896.06666666665,274436862.0,253653225.0,3.93,41,16.0,54,-7.26,202,96.69,65,35.14,1.32,2026-11-04,False,https://www.tradingview.com/chart/?symbol=NASDAQ:SITM&interval=D,False,False,False,False
FCEL,"FuelCell Energy, Inc.",NASDAQ,Electronic Equipment/Instruments,16.42,17.12,18.77,5.77,8.71,5552404.3999999985,6750320.16666666,110840257.0,115592483.0,-6.65,263,-7.8,250,-47.99,418,160.22,27,34.81,-1.44,2026-12-17,False,https://www.tradingview.com/chart/?symbol=NASDAQ:FCEL&interval=D,False,False,False,False
BRKR,Bruker Corporation,NASDAQ,Medical Specialties,64.75,59.09,58.83,4.61,4.59,2325359.5,2189319.0,141758405.0,129374887.0,6.67,23,13.24,66,5.46,136,85.64,76,34.78,2.19,2026-10-29,False,https://www.tradingview.com/chart/?symbol=NASDAQ:BRKR&interval=D,True,False,False,False
CLMT,"Calumet, Inc",NASDAQ,Oil Refining/Marketing,52.38,53.02,49.45,4.81,4.55,1673290.1,1356790.8666666667,71068706.0,71943383.0,-8.06,309,7.84,103,43.59,41,50.22,129,33.88,1.3,2026-11-06,False,https://www.tradingview.com/chart/?symbol=NASDAQ:CLMT&interval=D,False,False,False,False
MSTR,Strategy Inc,NASDAQ,Internet Software/Services,153.09,137.76,121.07,5.2,5.85,24599004.1,27453811.033333335,4202903931.0,3781918041.0,-8.45,321,19.08,44,53.32,25,27.79,189,33.39,4.52,2026-11-04,False,https://www.tradingview.com/chart/?symbol=NASDAQ:MSTR&interval=D,False,False,False,False
INSP,"Inspire Medical Systems, Inc.",NYSE,Medical Specialties,69.36,67.12,62.41,5.2,4.87,912285.0,737145.2666666667,51128396.0,49476699.0,-2.83,166,14.78,61,50.03,27,31.81,181,32.21,2.28,2026-11-09,False,https://www.tradingview.com/chart/?symbol=NYSE:INSP&interval=D,False,False,False,False
QRVO,"Qorvo, Inc.",NASDAQ,Semiconductors,114.48,107.1,101.65,4.37,3.72,1694953.1,1365941.2666666666,156372956.0,146286163.0,-3.34,182,20.81,37,26.34,78,49.08,133,32.08,3.4,2026-11-04,False,https://www.tradingview.com/chart/?symbol=NASDAQ:QRVO&interval=D,False,False,False,False
AMRX,"Amneal Pharmaceuticals, Inc.",NASDAQ,Pharmaceuticals: Major,20.14,18.27,18.23,4.75,4.05,3593219.2,2351147.933333333,47352119.0,42963702.0,2.23,62,15.35,57,18.05,99,62.55,107,31.98,2.59,2026-10-29,False,https://www.tradingview.com/chart/?symbol=NASDAQ:AMRX&interval=D,False,False,False,False
SG,"Sweetgreen, Inc.",NYSE,Restaurants,8.87,7.19,6.71,4.92,5.24,5627143.4,5139760.466666667,45589675.0,36953165.0,15.95,8,27.99,27,-3.69,181,68.95,94,31.08,6.13,2026-11-05,False,https://www.tradingview.com/chart/?symbol=NYSE:SG&interval=D,True,False,False,False
ZS,"Zscaler, Inc.",NASDAQ,Packaged Software,199.42,185.98,176.82,5.02,5.0,3272754.2,3354434.533333333,668941335.0,623852703.0,-6.38,253,8.48,98,37.44,55,46.22,139,30.71,2.56,2026-12-01,False,https://www.tradingview.com/chart/?symbol=NASDAQ:ZS&interval=D,False,False,False,False
ACMR,"ACM Research, Inc.",NASDAQ,Industrial Machinery,80.92,74.18,76.76,5.11,6.24,1362694.5,1001199.233333335,81017042.0,74272463.0,8.4,16,7.94,102,-30.63,364,112.78,53,30.03,0.87,2026-11-11,False,https://www.tradingview.com/chart/?symbol=NASDAQ:ACMR&interval=D,True,False,False,False
BETA,"Beta Technologies, Inc.",NYSE,Aerospace & Defense,22.1,22.01,21.81,6.95,7.31,5221157.8,3328927.066666667,73569288.0,73264137.0,-3.79,195,10.5,82,25.85,79,53.15,125,29.84,0.18,2026-12-03,False,https://www.tradingview.com/chart/?symbol=NYSE:BETA&interval=D,False,False,False,False
NAT,Nordic American Tankers Limited,NYSE,Marine Shipping,7.9,7.38,7.01,4.04,3.93,5130656.2,4683152.1,36996902.0,34556979.0,2.2,64,14.83,59,38.35,52,36.21,161,29.8,3.22,2026-12-02,False,https://www.tradingview.com/chart/?symbol=NYSE:NAT&interval=D,False,False,False,False
SAIL,"SailPoint, Inc.",NASDAQ,Packaged Software,20.36,19.5,18.65,5.99,5.8,5485199.4,4627972.9,94225528.0,90260898.0,-5.35,228,1.72,153,32.98,64,54.48,121,29.73,1.58,2026-12-15,False,https://www.tradingview.com/chart/?symbol=NASDAQ:SAIL&interval=D,False,False,False,False
SYRE,"Spyre Therapeutics, Inc.",NASDAQ,Pharmaceuticals: Major,89.03,92.44,96.3,4.18,5.26,1487140.1999999995,1289594.833333333,114812628.0,119213155.0,-2.76,164,-0.13,168,-0.09,163,88.74,71,29.51,-1.43,2026-11-05,False,https://www.tradingview.com/chart/?symbol=NASDAQ:SYRE&interval=D,False,False,False,False
NEOG,Neogen Corporation,NASDAQ,Medical Specialties,12.8,12.35,11.8,4.35,4.21,6205467.5,3425362.6,43844641.0,42304941.0,-9.92,343,10.44,83,37.34,56,40.04,150,29.27,2.01,2026-10-06,False,https://www.tradingview.com/chart/?symbol=NASDAQ:NEOG&interval=D,False,False,False,False
SHAZ,"SharonAI Holdings, Inc.",NASDAQ,Data Processing Services,54.6,56.7,57.72,7.0,8.73,1343204.2,1485064.4666666666,81084520.0,84201918.0,-12.61,384,7.14,107,-30.98,367,111.06,54,29.07,-0.62,2026-11-04,False,https://www.tradingview.com/chart/?symbol=NASDAQ:SHAZ&interval=D,False,False,False,False
TVTX,"Travere Therapeutics, Inc.",NASDAQ,Pharmaceuticals: Major,58.88,64.28,62.24,4.04,4.11,1736133.6,1460677.0,86004662.0,93893778.0,-2.5,151,-10.38,271,3.7,147,91.85,67,28.39,-1.31,2026-10-22,False,https://www.tradingview.com/chart/?symbol=NASDAQ:TVTX&interval=D,False,False,False,False
DK,"Delek US Holdings, Inc.",NYSE,Oil Refining/Marketing,71.37,72.33,69.24,5.81,5.85,3676506.2,2509489.466666667,179102263.0,181513046.0,-3.71,193,-3.41,202,32.88,65,55.69,117,28.39,0.53,2026-11-11,False,https://www.tradingview.com/chart/?symbol=NYSE:DK&interval=D,False,False,False,False
SMCIP,"Super Micro Computer, Inc. - Depositary Shares Each Representing a 1/20th Interest in a Share of 7% Series A Mandatory Convertible Preferred Stock",NASDAQ,Computer Processing Hardware,68.73,65.3,61.4,4.23,4.85,1007260.7,662168.0666666667,45510811.0,43238250.0,-2.7,159,11.36,77,37.32,57,35.43,169,28.04,2.46,2026-11-03,False,https://www.tradingview.com/chart/?symbol=NASDAQ:SMCIP&interval=D,False,False,False,False
APPN,Appian Corporation,NASDAQ,Packaged Software,35.27,37.88,34.81,5.21,5.54,796863.5,878012.3333333334,30967495.0,33258229.0,-4.55,210,-15.26,331,48.19,29,49.64,130,27.53,0.24,2026-10-29,False,https://www.tradingview.com/chart/?symbol=NASDAQ:APPN&interval=D,False,False,False,False
INOD,Innodata Inc.,NASDAQ,Data Processing Services,65.76,59.72,60.66,6.58,6.22,2170765.2,1345869.1,88504352.0,80375078.0,-7.17,274,17.01,50,-8.96,210,74.38,86,27.48,1.35,2026-11-05,False,https://www.tradingview.com/chart/?symbol=NASDAQ:INOD&interval=D,False,False,False,False
HUT,Hut 8 Corp.,NASDAQ,Data Processing Services,86.1,90.39,92.93,8.14,8.77,4407416.30000001,4661398.099999998,401346376.0,421332121.0,-18.25,425,8.4,100,-19.41,282,91.76,68,26.91,-0.84,2026-11-18,False,https://www.tradingview.com/chart/?symbol=NASDAQ:HUT&interval=D,False,False,False,False
PRGO,Perrigo Company plc,NYSE,Pharmaceuticals: Major,14.76,14.27,13.2,4.11,4.25,3466422.5,2807814.8666666667,41443347.0,40078749.0,3.8,44,2.93,141,40.71,46,35.91,166,26.52,2.77,2026-11-11,False,https://www.tradingview.com/chart/?symbol=NYSE:PRGO&interval=D,False,False,False,False
CBRL,"Cracker Barrel Old Country Store, Inc.",NASDAQ,Restaurants,52.62,51.94,53.75,5.0,5.03,1424419.7,1022840.6333333333,53821874.0,53129752.0,10.62,12,-4.92,217,-4.67,187,87.93,73,26.11,-0.42,2026-11-27,False,https://www.tradingview.com/chart/?symbol=NASDAQ:CBRL&interval=D,True,False,False,False
TGTX,"TG Therapeutics, Inc.",NASDAQ,Pharmaceuticals: Major,55.78,55.43,53.71,4.08,4.1,2039090.6,1939320.6,108175303.0,107496218.0,-4.01,200,4.11,130,4.22,142,68.42,95,25.58,0.94,2026-11-09,False,https://www.tradingview.com/chart/?symbol=NASDAQ:TGTX&interval=D,False,False,False,False
HOOD,"Robinhood Markets, Inc.",NASDAQ,Investment Banks/Brokers,112.5,112.41,105.04,5.2,5.63,21666903.1,23319090.966666665,2623397734.0,2621384519.0,-8.37,320,8.78,94,-0.23,166,67.41,96,25.32,1.26,2026-11-04,False,https://www.tradingview.com/chart/?symbol=NASDAQ:HOOD&interval=D,False,False,False,False
SEI,"Solaris Energy Infrastructure, Inc.",NYSE,Oilfield Services/Equipment,71.18,61.0,59.35,5.19,5.96,2637544.6,2750736.6666666665,195797436.0,167793103.0,7.98,18,41.71,14,-2.04,175,33.32,174,24.33,3.34,2026-11-02,False,https://www.tradingview.com/chart/?symbol=NYSE:SEI&interval=D,True,True,False,False
CRDO,Credo Technology Group Holding Ltd,NASDAQ,Information Technology Services,194.79,193.45,208.78,4.85,6.94,8918640.3,8059189.7,1569849562.0,1559079798.0,1.72,74,-16.04,338,-25.09,326,113.84,51,24.24,-0.97,2026-12-02,False,https://www.tradingview.com/chart/?symbol=NASDAQ:CRDO&interval=D,False,False,False,False
GEO,Geo Group Inc (The) REIT,NYSE,Miscellaneous Commercial Services,30.47,31.4,31.22,4.5,4.34,2700287.5,2391253.8666666667,72861505.0,75089357.0,3.01,50,-5.78,227,-0.2,164,78.4,82,24.14,-0.55,2026-11-05,False,https://www.tradingview.com/chart/?symbol=NYSE:GEO&interval=D,False,False,False,False
CXW,"CoreCivic, Inc.",NYSE,Miscellaneous Commercial Services,32.25,33.61,32.84,5.61,5.28,2383289.6,1975364.9666666666,63705520.0,66393992.0,3.07,48,-3.76,206,3.8,144,70.82,91,23.62,-0.34,2026-11-09,False,https://www.tradingview.com/chart/?symbol=NYSE:CXW&interval=D,False,False,False,False
LITE,Lumentum Holdings Inc.,NASDAQ,Electrical Products,971.26,909.48,869.67,5.6,6.56,4854589.1,4348089.4,4223125311.0,3954512667.0,2.61,57,8.57,97,24.91,82,37.07,157,23.52,1.78,2026-11-10,False,https://www.tradingview.com/chart/?symbol=NASDAQ:LITE&interval=D,False,False,False,False
DFTX,"Definium Therapeutics, Inc.",NASDAQ,Pharmaceuticals: Major,38.06,39.87,41.36,5.54,5.52,2378390.3999999985,2151443.3333333307,81883933.0,85775894.0,-4.92,217,-6.28,233,-12.23,230,88.88,70,23.46,-1.45,2026-11-05,False,https://www.tradingview.com/chart/?symbol=NASDAQ:DFTX&interval=D,False,False,False,False
ERO,Ero Copper Corp.,NYSE,Other Metals/Minerals,36.69,36.35,33.96,4.28,5.28,1289772.2,1522919.2666666666,55875908.0,55359638.0,1.21,85,-5.68,226,36.65,60,38.92,155,23.3,1.52,2026-11-10,False,https://www.tradingview.com/chart/?symbol=NYSE:ERO&interval=D,False,False,False,False
DOCN,"DigitalOcean Holdings, Inc.",NYSE,Packaged Software,133.39,124.09,124.62,6.75,6.75,3120623.6,2592363.8666666667,345795416.0,321683840.0,-7.93,301,19.59,42,-5.75,192,55.57,118,23.14,1.04,2026-11-09,False,https://www.tradingview.com/chart/?symbol=NYSE:DOCN&interval=D,False,False,False,False
GCT,GigaCloud Technology Inc,NASDAQ,Wholesale Distributors,51.68,51.73,49.41,4.98,5.11,774246.5,603117.5666666667,31169116.0,31202187.0,-2.13,142,-0.9,176,53.81,24,16.45,218,23.12,0.9,2026-11-26,False,https://www.tradingview.com/chart/?symbol=NASDAQ:GCT&interval=D,False,False,False,False
SANM,Sanmina Corporation,NASDAQ,Electronic Production Equipment,214.91,202.46,201.68,4.77,5.07,705824.7,618571.7333333333,132937251.0,125237683.0,-0.47,113,10.3,86,-12.78,233,71.67,89,23.06,1.29,2026-11-09,False,https://www.tradingview.com/chart/?symbol=NASDAQ:SANM&interval=D,False,False,False,False
GRML,Greenland Mines Ltd,NASDAQ,Miscellaneous Commercial Services,10.62,7.12,8.23,22.4,23.42,46465025.5,16040052.027999999,170345353.0,114242597.0,-38.74,443,122.64,4,-15.04,246,-39.47,411,22.71,1.24,,False,https://www.tradingview.com/chart/?symbol=NASDAQ:GRML&interval=D,False,True,False,False
PARR,"Par Pacific Holdings, Inc. Common Stock",NYSE,Oil Refining/Marketing,81.62,79.88,79.29,5.32,5.34,1096768.7000000016,920834.0000000005,75158471.0,73560824.0,2.29,58,0.18,164,40.92,45,26.03,195,22.38,0.55,2026-11-09,False,https://www.tradingview.com/chart/?symbol=NYSE:PARR&interval=D,False,False,False,False
MRX,Marex Group Limited,NASDAQ,Internet Software/Services,69.76,72.57,69.79,4.45,4.55,763177.7,746322.5666666667,52063462.0,54160629.0,-3.16,176,-4.14,210,6.55,128,64.03,99,22.15,-0.01,2026-11-05,False,https://www.tradingview.com/chart/?symbol=NASDAQ:MRX&interval=D,False,False,False,False
DUOL,"Duolingo, Inc.",NASDAQ,Packaged Software,142.4,147.05,141.45,4.57,5.16,1071855.2,1136977.9666666666,161905662.0,167190336.0,-4.68,213,-1.58,182,18.68,96,49.02,134,22.04,0.13,2026-11-11,False,https://www.tradingview.com/chart/?symbol=NASDAQ:DUOL&interval=D,False,False,False,False
TH,Target Hospitality Corp.,NASDAQ,Hotels/Resorts/Cruise lines,19.72,19.16,17.94,4.41,4.88,2190210.2,2033309.8666666667,40096871.0,38964995.0,-6.76,264,8.8,93,-0.2,165,55.03,120,21.21,2.03,2026-11-11,False,https://www.tradingview.com/chart/?symbol=NASDAQ:TH&interval=D,False,False,False,False
KEEL,Keel Infrastructure Corp.,NASDAQ,Data Processing Services,3.53,3.53,3.65,6.75,7.83,30649494.8,33751181.9,119141672.0,119006667.0,-14.73,407,10.31,84,-34.87,386,87.77,74,21.07,-0.42,2026-11-16,False,https://www.tradingview.com/chart/?symbol=NASDAQ:KEEL&interval=D,False,False,False,False
IONQ,"IonQ, Inc.",NYSE,Computer Processing Hardware,43.86,40.58,40.22,6.0,6.45,30043580.4,22301870.1,978160023.0,905069360.0,-4.32,205,13.04,67,-14.19,240,63.66,103,20.84,1.4,2026-11-11,False,https://www.tradingview.com/chart/?symbol=NYSE:IONQ&interval=D,False,False,False,False
RUM,RUM Group Inc.,NASDAQ,Internet Software/Services,7.56,8.55,7.75,7.52,8.05,5436480.3,5486957.9,41481402.0,46931780.0,-14.29,402,-13.8,311,18.96,95,56.85,114,20.67,-0.3,2026-11-16,False,https://www.tradingview.com/chart/?symbol=NASDAQ:RUM&interval=D,False,False,False,False
CLSK,"CleanSpark, Inc.",NASDAQ,Data Processing Services,12.88,12.96,13.05,6.54,6.9,17731634.0,17954915.566666666,231259312.0,232713661.0,-14.25,401,10.94,80,-5.64,191,56.69,115,20.66,-0.19,2026-12-16,False,https://www.tradingview.com/chart/?symbol=NASDAQ:CLSK&interval=D,False,False,False,False
TGB,Trekor Metals Limited,AMEX,Other Metals/Minerals,8.91,8.73,8.36,4.31,5.28,5732480.1,5461840.633333334,48665000.0,47696434.0,-2.09,139,-2.62,193,23.92,84,39.66,152,20.32,1.24,2026-11-04,False,https://www.tradingview.com/chart/?symbol=AMEX:TGB&interval=D,False,False,False,False
MMED,"MiniMed Group, Inc.",NASDAQ,Medical Specialties,19.47,21.23,20.2,4.76,4.82,3066127.8,2535149.933333333,49359369.0,53819120.0,-8.03,308,-2.5,192,26.92,77,36.44,160,20.29,-0.75,2026-12-30,False,https://www.tradingview.com/chart/?symbol=NASDAQ:MMED&interval=D,False,False,False,False
GKOS,Glaukos Corporation,NYSE,Medical Specialties,164.19,172.06,171.55,4.16,4.15,969722.3,754672.4,123909661.0,129847675.0,2.71,52,-8.1,255,19.35,94,49.55,131,20.26,-1.03,2026-11-04,False,https://www.tradingview.com/chart/?symbol=NYSE:GKOS&interval=D,False,False,False,False
RIOT,"Riot Platforms, Inc.",NASDAQ,Information Technology Services,20.15,21.24,21.08,6.54,7.46,17597754.0,16441979.5,331305887.0,349200241.0,-17.82,423,7.01,108,-15.71,250,69.13,93,20.14,-0.59,2026-11-10,False,https://www.tradingview.com/chart/?symbol=NASDAQ:RIOT&interval=D,False,False,False,False
QCOM,QUALCOMM Incorporated,NASDAQ,Semiconductors,184.04,176.99,171.04,5.06,4.76,16754515.0,13269702.1,2442155974.0,2348600151.0,-7.8,296,11.68,72,1.03,157,46.96,136,19.89,1.6,2026-11-11,False,https://www.tradingview.com/chart/?symbol=NASDAQ:QCOM&interval=D,False,False,False,False
IBRX,"ImmunityBio, Inc.",NASDAQ,Pharmaceuticals: Major,9.44,8.26,7.91,6.5,6.03,14571653.4,10581696.266666668,99891213.0,87422447.0,1.94,70,19.8,41,2.28,152,37.01,158,19.69,3.22,2026-11-05,False,https://www.tradingview.com/chart/?symbol=NASDAQ:IBRX&interval=D,False,False,False,False
CHYM,"Chime Financial, Inc.",NASDAQ,Packaged Software,26.64,31.33,29.45,4.61,4.94,7446118.0,7606994.966666667,202650346.0,238355045.0,-6.31,250,-19.54,366,28.85,72,47.92,135,19.08,-1.93,2026-11-11,False,https://www.tradingview.com/chart/?symbol=NASDAQ:CHYM&interval=D,False,False,False,False
INFQ,"Infleqtion, Inc.",NYSE,Computer Processing Hardware,13.47,13.36,12.43,6.22,6.64,8727771.9,8395237.6,113083850.0,112193955.0,-9.84,342,6.82,110,-1.61,174,49.17,132,18.13,1.26,2026-12-02,False,https://www.tradingview.com/chart/?symbol=NYSE:INFQ&interval=D,False,False,False,False
CLS,"Celestica, Inc.",NYSE,Electronic Components,361.43,325.24,328.4,4.91,5.47,2325887.8,2176742.3333333335,786739982.0,707954970.0,1.52,79,20.59,38,2.1,154,31.43,182,18.04,1.84,2026-10-26,False,https://www.tradingview.com/chart/?symbol=NYSE:CLS&interval=D,False,False,False,False
ORKA,"Oruka Therapeutics, Inc.",NASDAQ,Pharmaceuticals: Major,83.29,93.85,96.09,5.57,5.93,1283997.8,960077.4666666667,79964852.0,90099430.0,-11.47,362,-8.47,256,-8.31,206,69.88,92,17.7,-2.25,2026-11-18,False,https://www.tradingview.com/chart/?symbol=NASDAQ:ORKA&interval=D,False,False,False,False
VSAT,"ViaSat, Inc.",NASDAQ,Telecommunications Equipment,70.38,72.55,75.22,4.89,5.63,1734101.6,1635226.6666666667,115087253.0,118629426.0,-6.41,255,5.03,121,-15.25,247,63.14,105,17.64,-1.14,2026-11-11,False,https://www.tradingview.com/chart/?symbol=NASDAQ:VSAT&interval=D,False,False,False,False
SHOP,Shopify Inc.,NASDAQ,Miscellaneous Commercial Services,148.3,141.58,139.34,4.13,4.58,12047917.9,9119199.9,1352377345.0,1291068964.0,1.15,86,-1.59,184,24.57,83,29.7,185,17.56,1.4,2026-10-22,False,https://www.tradingview.com/chart/?symbol=NASDAQ:SHOP&interval=D,False,False,False,False
VSH,"Vishay Intertechnology, Inc.",NYSE,Electronic Production Equipment,32.55,31.62,32.97,4.27,4.94,2968790.5,3481349.066666667,113317912.0,110075616.0,-0.03,107,5.44,116,-35.56,390,82.46,78,17.45,-0.26,2026-11-11,False,https://www.tradingview.com/chart/?symbol=NYSE:VSH&interval=D,False,False,False,False
AI,"C3.ai, Inc.",NYSE,Packaged Software,10.99,10.53,10.11,4.32,4.52,4347079.4,5091329.6,55953712.0,53606609.0,1.29,82,4.17,129,16.14,102,31.93,179,17.41,1.91,2026-12-09,False,https://www.tradingview.com/chart/?symbol=NYSE:AI&interval=D,False,False,False,False
WOLF,"Wolfspeed, Inc.",NYSE,Semiconductors,28.13,26.51,26.89,5.82,7.59,2423142.2000001147,2947588.033333355,82915651.0,78141541.0,0.75,93,8.69,96,-37.07,396,80.55,79,17.39,0.61,2026-10-28,False,https://www.tradingview.com/chart/?symbol=NYSE:WOLF&interval=D,False,False,False,False
IT,"Gartner, Inc.",NYSE,Internet Software/Services,186.54,188.06,180.01,4.18,4.31,1034138.1,1088381.4333333333,203026673.0,204682826.0,4.8,31,-5.47,220,37.44,54,19.79,211,17.25,0.84,2026-11-03,False,https://www.tradingview.com/chart/?symbol=NYSE:IT&interval=D,False,False,False,False
HIVE,HIVE Digital Technologies Ltd,NASDAQ,Information Technology Services,2.95,3.04,2.96,5.64,6.6,13138149.799999993,16601747.9,48975156.0,50516352.0,-15.47,413,6.5,111,-17.83,268,62.98,106,17.22,-0.06,2026-11-16,False,https://www.tradingview.com/chart/?symbol=NASDAQ:HIVE&interval=D,False,False,False,False
KSS,Kohl's Corporation,NYSE,Department Stores,18.46,17.77,18.3,4.6,5.06,3997686.7,4552425.566666666,84037776.0,80911777.0,0.27,102,6.95,109,-2.59,177,46.74,137,17.04,0.17,2026-11-12,False,https://www.tradingview.com/chart/?symbol=NYSE:KSS&interval=D,False,False,False,False
W,Wayfair Inc.,NYSE,Specialty Stores,102.56,101.36,99.7,4.57,4.72,2504055.6,2331380.6333333333,239106398.0,236306410.0,-2.52,153,0.18,165,6.52,129,41.12,145,15.94,0.61,2026-10-29,False,https://www.tradingview.com/chart/?symbol=NYSE:W&interval=D,False,False,False,False
CLF,Cleveland-Cliffs Inc.,NYSE,Steel,11.01,11.86,11.86,4.93,5.46,17068521.9,15039102.1,165580514.0,178358738.0,-11.07,358,-6.3,234,14.09,106,36.09,164,14.63,-1.31,2026-10-26,False,https://www.tradingview.com/chart/?symbol=NYSE:CLF&interval=D,False,False,False,False
BLSH,Bullish,NYSE,Packaged Software,34.89,34.73,30.36,7.18,6.78,1431420.3,1573913.6,54913846.0,54665692.0,-12.77,388,6.02,112,34.19,62,2.59,259,14.27,2.2,2026-11-25,False,https://www.tradingview.com/chart/?symbol=NYSE:BLSH&interval=D,False,False,False,False
WRBY,Warby Parker Inc.,NYSE,Specialty Stores,27.78,25.09,25.53,6.07,6.1,4231773.2,2995886.533333333,83225728.0,75171786.0,21.26,6,11.48,75,-6.02,194,34.66,173,13.37,1.45,2026-11-05,False,https://www.tradingview.com/chart/?symbol=NYSE:WRBY&interval=D,True,False,False,False
WDC,Western Digital Corporation,NASDAQ,Computer Peripherals,454.46,452.32,470.9,4.96,5.79,7541261.300000002,6378586.699999995,2898812512.0,2885141074.0,-1.83,134,-0.53,171,-23.68,315,63.37,104,13.05,-0.6,2026-10-22,False,https://www.tradingview.com/chart/?symbol=NASDAQ:WDC&interval=D,False,False,False,False
FLEX,Flex Ltd.,NASDAQ,Electronic Production Equipment,109.99,110.72,114.61,4.37,4.86,3638569.7000000016,3133088.5666666585,344608411.0,346896610.0,-3.58,189,-0.33,170,-27.84,343,67.01,97,12.95,-0.83,2026-11-04,False,https://www.tradingview.com/chart/?symbol=NASDAQ:FLEX&interval=D,False,False,False,False
NAVN,"Navan, Inc.",NASDAQ,Packaged Software,20.99,24.63,25.66,4.75,5.97,4412628.6,4106820.933333333,86202171.0,101164689.0,0.43,99,-26.01,414,-11.1,218,74.48,85,12.46,-3.05,2026-12-15,False,https://www.tradingview.com/chart/?symbol=NASDAQ:NAVN&interval=D,False,False,False,False
HIMS,"Hims & Hers Health, Inc.",NYSE,Medical/Nursing Services,29.79,29.26,29.42,5.47,5.86,10714626.8,10743055.066666666,320035610.0,314348953.0,-2.01,137,3.91,134,-20.84,289,54.27,122,12.44,0.22,2026-11-09,False,https://www.tradingview.com/chart/?symbol=NYSE:HIMS&interval=D,False,False,False,False
IREN,IREN Limited,NASDAQ,Data Processing Services,40.88,42.64,41.38,6.02,6.78,35711215.8,39327514.6,1607708797.0,1676859677.0,-15.06,410,14.16,63,-3.87,182,26.37,194,12.22,-0.18,2026-12-01,False,https://www.tradingview.com/chart/?symbol=NASDAQ:IREN&interval=D,False,False,False,False
ASAN,"Asana, Inc.",NYSE,Packaged Software,8.43,9.36,9.01,6.93,7.2,9760239.5,7503317.033333333,63252963.0,70228546.0,-7.77,293,-15.87,337,16.44,101,34.99,170,11.85,-0.89,2026-12-08,False,https://www.tradingview.com/chart/?symbol=NYSE:ASAN&interval=D,False,False,False,False
FPS,"Forgent Power Solutions, Inc.",NYSE,Electrical Products,37.44,33.76,34.95,5.94,6.21,11207095.4,8968312.0,335773601.0,302755266.0,-1.47,130,22.67,33,-22.64,306,34.92,172,11.65,1.15,2026-12-02,False,https://www.tradingview.com/chart/?symbol=NYSE:FPS&interval=D,False,False,False,False
WTTR,"Select Water Solutions, Inc.",NYSE,Oil & Gas Production,19.79,19.97,20.0,4.24,4.49,2179405.4,1626934.5333333334,32197034.0,32497475.0,-2.61,155,0.66,162,3.78,145,30.2,183,11.54,-0.23,2026-11-03,False,https://www.tradingview.com/chart/?symbol=NYSE:WTTR&interval=D,False,False,False,False
FSLY,"Fastly, Inc.",NASDAQ,Information Technology Services,25.67,23.87,24.04,10.39,9.54,11188510.5,7021615.433333334,180244868.0,167580214.0,-0.89,122,11.61,73,39.47,49,-16.66,328,11.48,0.71,2026-11-04,False,https://www.tradingview.com/chart/?symbol=NASDAQ:FSLY&interval=D,False,False,False,False
BLLN,"BillionToOne, Inc.",NASDAQ,Medical/Nursing Services,106.44,103.03,108.51,6.79,6.72,770027.0,631350.5,67200947.0,65047726.0,-8.24,318,15.07,58,-13.83,237,33.15,177,11.46,-0.28,2026-12-15,False,https://www.tradingview.com/chart/?symbol=NASDAQ:BLLN&interval=D,False,False,False,False
RMBS,"Rambus, Inc.",NASDAQ,Semiconductors,106.76,91.21,93.28,4.69,4.99,3500697.8,2453340.1666666665,261918596.0,223769157.0,1.6,77,23.79,31,-14.04,239,24.57,198,11.44,2.9,2026-11-02,False,https://www.tradingview.com/chart/?symbol=NASDAQ:RMBS&interval=D,False,False,False,False
MARA,"MARA Holdings, Inc.",NASDAQ,Data Processing Services,11.33,11.67,11.31,7.21,7.56,46052002.6,49362290.266666666,559274749.0,576206014.0,-15.76,414,5.1,120,-16.87,258,45.59,142,11.27,0.03,2026-11-11,False,https://www.tradingview.com/chart/?symbol=NASDAQ:MARA&interval=D,False,False,False,False
KMX,CarMax Inc,NYSE,Specialty Stores,55.11,60.09,59.39,4.86,4.87,4743854.1,2669823.4,147133968.0,160428798.0,-3.03,173,-11.71,282,6.12,132,39.04,153,11.15,-1.48,2026-12-17,False,https://www.tradingview.com/chart/?symbol=NYSE:KMX&interval=D,False,False,False,False
SYNA,Synaptics Incorporated,NASDAQ,Semiconductors,101.4,96.68,101.45,4.28,4.26,532198.9,669445.4666666667,67878423.0,64719645.0,3.86,42,5.86,113,-19.45,283,46.12,140,10.84,-0.01,2026-11-05,False,https://www.tradingview.com/chart/?symbol=NASDAQ:SYNA&interval=D,False,False,False,False
VCYT,"Veracyte, Inc.",NASDAQ,Medical Specialties,46.04,43.09,45.46,5.41,5.23,1768866.2,1433775.5666666667,66011027.0,61787363.0,7.19,21,8.76,95,-23.16,312,46.25,138,10.62,0.24,2026-11-10,False,https://www.tradingview.com/chart/?symbol=NASDAQ:VCYT&interval=D,True,False,False,False
EAT,"Brinker International, Inc.",NYSE,Restaurants,193.53,219.62,218.81,4.63,4.79,1927384.2,1286276.7,248933130.0,282491231.0,-6.22,249,-15.75,335,11.69,116,35.79,167,10.58,-2.41,2026-11-04,False,https://www.tradingview.com/chart/?symbol=NYSE:EAT&interval=D,False,False,False,False
AFRM,"Affirm Holdings, Inc.",NASDAQ,Finance/Rental/Leasing,69.23,72.63,73.38,4.44,4.97,4143956.4,5251964.6,363593509.0,381470321.0,-2.71,160,-8.67,259,-18.12,272,58.02,113,10.41,-1.14,2026-11-11,False,https://www.tradingview.com/chart/?symbol=NASDAQ:AFRM&interval=D,False,False,False,False
ARXS,"Arxis, Inc.",NASDAQ,Aerospace & Defense,49.39,51.74,52.09,4.97,4.88,1424004.0,848724.7333333333,41918515.0,43910754.0,-1.4,129,-5.58,224,6.22,130,29.97,184,10.2,-1.06,2026-12-02,False,https://www.tradingview.com/chart/?symbol=NASDAQ:ARXS&interval=D,False,False,False,False
PAY,"Paymentus Holdings, Inc.",NYSE,Miscellaneous Commercial Services,30.64,35.37,36.0,4.83,5.16,1397056.3,1203042.3333333333,36861217.0,42553211.0,-5.05,220,-14.13,316,19.55,93,25.16,196,10.2,-2.89,2026-11-09,False,https://www.tradingview.com/chart/?symbol=NYSE:PAY&interval=D,False,False,False,False
NWL,Newell Brands Inc.,NASDAQ,Industrial Machinery,5.28,5.83,5.8,4.0,4.86,5344829.5,6293157.366666666,33227871.0,36659739.0,-8.49,324,-12.58,291,-10.36,213,53.04,126,10.03,-1.84,2026-10-23,False,https://www.tradingview.com/chart/?symbol=NASDAQ:NWL&interval=D,False,False,False,False
ETSY,"Etsy, Inc.",NYSE,Internet Retail,71.49,76.35,78.7,4.07,4.48,3717325.2,3190201.4,228067498.0,243563370.0,-4.53,209,-13.9,314,-2.68,178,45.9,141,9.77,-2.04,2026-11-04,False,https://www.tradingview.com/chart/?symbol=NYSE:ETSY&interval=D,False,False,False,False
TSEM,Tower Semiconductor Ltd.,NASDAQ,Semiconductors,227.43,216.97,224.91,4.54,5.85,2496147.4,1701079.3,386876465.0,369076655.0,-3.94,197,8.17,101,-6.16,195,27.06,191,9.69,0.19,2026-11-16,False,https://www.tradingview.com/chart/?symbol=NASDAQ:TSEM&interval=D,False,False,False,False
BTBT,"Bit Digital, Inc.",NASDAQ,Miscellaneous Commercial Services,1.63,1.59,1.52,6.59,7.44,26324543.4,31264374.0,50960930.0,49778094.0,-11.65,367,14.79,60,-10.44,214,24.43,199,9.59,0.99,2026-11-12,False,https://www.tradingview.com/chart/?symbol=NASDAQ:BTBT&interval=D,False,False,False,False
VIAV,Viavi Solutions Inc.,NASDAQ,Information Technology Services,41.92,37.22,38.14,5.15,5.77,6322816.8999999985,4889899.833333326,204984601.0,181985772.0,14.72,10,13.54,64,-9.66,211,24.8,197,9.56,1.72,2026-10-29,False,https://www.tradingview.com/chart/?symbol=NASDAQ:VIAV&interval=D,True,False,False,False
COIN,"Coinbase Global, Inc.",NASDAQ,Investment Banks/Brokers,186.41,183.81,171.94,5.68,6.05,9557237.1,10631709.166666666,1981856906.0,1954228638.0,-5.85,237,4.43,124,12.85,110,11.2,238,9.49,1.39,2026-10-29,False,https://www.tradingview.com/chart/?symbol=NASDAQ:COIN&interval=D,False,False,False,False
WK,Workiva Inc.,NYSE,Information Technology Services,66.57,73.6,69.14,4.33,4.64,1121780.8,954079.0,63513039.0,70217352.0,-4.95,218,-14.53,319,31.07,68,11.36,237,9.3,-0.8,2026-11-04,False,https://www.tradingview.com/chart/?symbol=NYSE:WK&interval=D,False,False,False,False
SM,SM Energy Company,NYSE,Integrated Oil,33.78,36.54,34.71,4.15,4.44,4546710.5,4021423.1,135843672.0,146960226.0,-1.89,135,-10.59,273,28.64,74,8.83,242,8.96,-0.6,2026-10-29,False,https://www.tradingview.com/chart/?symbol=NYSE:SM&interval=D,False,False,False,False
ARQT,"Arcutis Biotherapeutics, Inc.",NASDAQ,Pharmaceuticals: Major,26.43,25.15,25.79,5.58,4.82,4486965.9,2933041.3666666667,77520283.0,73768435.0,-4.89,216,11.28,79,2.2,153,12.95,232,8.81,0.52,2026-10-29,False,https://www.tradingview.com/chart/?symbol=NASDAQ:ARQT&interval=D,False,False,False,False
IOT,Samsara Inc.,NYSE,Packaged Software,38.13,39.44,38.77,4.87,5.23,5079237.1,6843198.8,260931170.0,269895761.0,-1.12,127,-6.5,237,12.11,114,20.55,208,8.72,-0.31,2026-11-26,False,https://www.tradingview.com/chart/?symbol=NYSE:IOT&interval=D,False,False,False,False
SEZL,Sezzle Inc.,NASDAQ,Packaged Software,108.04,117.01,129.1,4.59,5.37,609370.6,459873.5000000001,49684733.0,53810565.0,-2.18,143,-12.21,286,-38.59,402,76.85,84,8.68,-3.04,2026-11-05,False,https://www.tradingview.com/chart/?symbol=NASDAQ:SEZL&interval=D,False,False,False,False
PGY,Pagaya Technologies Ltd.,NASDAQ,Packaged Software,17.32,20.74,20.28,6.55,6.6,2993302.6999999955,2419516.366666666,41906023.0,50179963.0,-16.21,417,-20.17,374,-7.48,204,53.41,124,8.59,-2.21,2026-11-17,False,https://www.tradingview.com/chart/?symbol=NASDAQ:PGY&interval=D,False,False,False,False
GDDY,GoDaddy Inc.,NYSE,Data Processing Services,95.51,98.37,96.32,5.23,5.22,3615335.7,2372877.6333333333,226633543.0,233408899.0,-2.7,158,-1.8,188,9.12,122,18.04,215,8.45,-0.16,2026-10-29,False,https://www.tradingview.com/chart/?symbol=NYSE:GDDY&interval=D,False,False,False,False
SNAP,Snap Inc.,NYSE,Packaged Software,5.4,5.5,5.31,4.65,5.0,31563271.3,34124698.0,184273369.0,187583465.0,-3.23,178,-2.7,194,13.92,107,13.92,227,8.38,0.35,2026-10-15,False,https://www.tradingview.com/chart/?symbol=NYSE:SNAP&interval=D,False,False,False,False
QUBT,Quantum Computing Inc.,NASDAQ,Information Technology Services,8.45,8.37,8.41,4.6,4.97,8215683.8,7098273.533333333,59980411.0,59400719.0,-12.62,386,4.39,126,-11.47,222,32.03,178,8.31,0.1,2026-11-18,False,https://www.tradingview.com/chart/?symbol=NASDAQ:QUBT&interval=D,False,False,False,False
FIGS,"FIGS, Inc.",NYSE,Apparel/Footwear,13.86,13.98,13.19,4.8,4.93,2578340.7,2562516.033333333,35516472.0,35828245.0,8.28,17,-10.23,267,37.91,53,-2.74,271,8.31,1.03,2026-11-05,False,https://www.tradingview.com/chart/?symbol=NYSE:FIGS&interval=D,True,False,False,False
CCC,CCC Intelligent Solutions Holdings Inc.,NASDAQ,Packaged Software,6.66,7.0,6.78,4.28,4.57,13123607.3,11130582.166666666,74129677.0,77958597.0,2.15,65,-10.24,268,21.09,91,12.31,234,7.72,-0.38,2026-10-29,False,https://www.tradingview.com/chart/?symbol=NASDAQ:CCC&interval=D,False,False,False,False
BULL,Webull Corporation,NASDAQ,Packaged Software,6.97,8.58,8.16,5.88,6.36,12325295.2,17486822.8,121883155.0,149978650.0,-13.2,392,-25.81,413,-4.52,186,52.85,127,7.51,-2.3,2026-11-19,False,https://www.tradingview.com/chart/?symbol=NASDAQ:BULL&interval=D,False,False,False,False
CRWV,"CoreWeave, Inc.",NASDAQ,Packaged Software,87.12,86.66,86.41,4.82,6.08,36943846.7,26168809.166666668,2279826655.0,2267701773.0,-2.1,141,5.43,117,0.99,158,14.99,224,7.14,0.14,2026-11-16,False,https://www.tradingview.com/chart/?symbol=NASDAQ:CRWV&interval=D,False,False,False,False
GLXY,Galaxy Digital Inc.,NASDAQ,Investment Banks/Brokers,22.74,24.29,23.06,6.57,7.26,4907926.1,5340955.166666667,121453320.0,129708657.0,-14.45,404,-1.77,187,-13.77,236,35.92,165,6.8,-0.19,2026-10-27,False,https://www.tradingview.com/chart/?symbol=NASDAQ:GLXY&interval=D,False,False,False,False
JHX,James Hardie Industries plc.,NYSE,Construction Materials,25.31,28.2,28.25,4.07,3.96,18514729.8,11351628.233333332,287309711.0,320131052.0,-6.19,246,-14.92,326,-1.34,172,34.99,171,6.24,-2.63,2026-11-09,False,https://www.tradingview.com/chart/?symbol=NYSE:JHX&interval=D,False,False,False,False
MDB,"MongoDB, Inc.",NASDAQ,Packaged Software,348.61,396.27,387.56,6.76,8.09,4343574.1,2754243.7666666666,960156919.0,1091436112.0,-18.8,427,-21.43,384,-2.75,179,41.77,144,5.86,-1.24,2026-12-07,False,https://www.tradingview.com/chart/?symbol=NASDAQ:MDB&interval=D,False,False,False,False
AMBA,"Ambarella, Inc.",NASDAQ,Semiconductors,69.51,68.29,72.12,5.16,5.96,1524701.9,1685888.2,117186089.0,115131553.0,3.67,45,-1.59,183,-21.1,293,40.23,147,5.85,-0.61,2026-12-01,False,https://www.tradingview.com/chart/?symbol=NASDAQ:AMBA&interval=D,False,False,False,False
CRCL,"Circle Internet Group, Inc.",NYSE,Packaged Software,82.17,90.19,80.69,6.76,7.5,13435693.0,15784517.5,1297013803.0,1423663510.0,-11.66,368,-5.6,225,28.77,73,-6.04,288,5.71,0.25,2026-11-18,False,https://www.tradingview.com/chart/?symbol=NYSE:CRCL&interval=D,False,False,False,False
ATI,ATI Inc.,NYSE,Other Metals/Minerals,189.4,198.65,202.64,4.0,4.15,1777159.4,1855548.4333333333,351440873.0,368600367.0,2.1,67,-9.81,265,-2.12,176,28.7,187,5.59,-1.57,2026-11-03,False,https://www.tradingview.com/chart/?symbol=NYSE:ATI&interval=D,False,False,False,False
WAY,Waystar Holding Corp.,NASDAQ,Packaged Software,25.34,25.18,24.47,4.11,4.26,1786305.2,2180666.7666666666,55258096.0,54899740.0,-0.67,119,-2.76,198,12.67,111,6.6,251,5.5,0.84,2026-11-11,False,https://www.tradingview.com/chart/?symbol=NASDAQ:WAY&interval=D,False,False,False,False
POET,POET Technologies Inc.,NASDAQ,Electrical Products,7.48,7.78,7.88,4.71,6.25,7843016.3,7852412.299999967,58736044.0,61073445.0,-7.65,288,-0.93,177,-22.89,307,40.07,149,5.42,-0.81,2026-11-12,False,https://www.tradingview.com/chart/?symbol=NASDAQ:POET&interval=D,False,False,False,False
FDS,FactSet Research Systems Inc.,NYSE,Financial Publishing/Services,269.95,287.14,281.52,4.08,4.41,823709.2,900051.7333333333,242968965.0,258438755.0,-2.46,150,-12.12,285,7.98,123,19.95,210,5.27,-0.93,2026-12-17,False,https://www.tradingview.com/chart/?symbol=NYSE:FDS&interval=D,False,False,False,False
SHLS,"Shoals Technologies Group, Inc.",NASDAQ,Semiconductors,8.1,7.32,7.91,5.27,5.74,4339168.7,4617831.633333334,37404436.0,33780208.0,-0.61,116,13.45,65,-18.92,279,20.9,207,5.14,0.41,2026-11-10,False,https://www.tradingview.com/chart/?symbol=NASDAQ:SHLS&interval=D,False,False,False,False
WYFI,"WhiteFiber, Inc.",NASDAQ,Data Processing Services,18.01,19.14,21.79,6.12,8.75,1186560.2,2268414.7,40854149.0,43406871.0,-9.63,340,1.46,155,-49.85,420,63.73,102,5.12,-1.98,2026-11-12,False,https://www.tradingview.com/chart/?symbol=NASDAQ:WYFI&interval=D,False,False,False,False
NVTS,Navitas Semiconductor Corporation,NASDAQ,Semiconductors,11.61,11.78,12.03,5.71,7.03,15940454.3,12944379.133333333,150284242.0,152506360.0,-6.22,248,1.4,157,-29.29,353,42.98,143,5.03,-0.5,2026-11-09,False,https://www.tradingview.com/chart/?symbol=NASDAQ:NVTS&interval=D,False,False,False,False
AUGO,Aura Minerals Inc.,NASDAQ,Other Metals/Minerals,78.68,85.61,77.33,4.79,5.67,1129757.3000000012,1084911.433333332,85360832.0,92881257.0,-12.15,374,-5.48,221,23.23,86,-2.86,272,4.96,0.31,2026-11-05,False,https://www.tradingview.com/chart/?symbol=NASDAQ:AUGO&interval=D,False,False,False,False
ON,ON Semiconductor Corporation,NASDAQ,Semiconductors,76.87,73.13,77.0,4.38,4.33,11894304.5,9795526.4,752982114.0,716386028.0,4.2,40,4.51,123,-18.87,277,28.6,188,4.75,-0.04,2026-11-02,False,https://www.tradingview.com/chart/?symbol=NASDAQ:ON&interval=D,False,False,False,False
UCTT,"Ultra Clean Holdings, Inc.",NASDAQ,Industrial Machinery,81.06,72.64,78.11,4.04,5.51,877434.8,846360.1333333333,68605952.0,61477625.0,7.38,19,15.59,55,-37.76,398,36.14,162,4.66,0.69,2026-10-28,False,https://www.tradingview.com/chart/?symbol=NASDAQ:UCTT&interval=D,True,False,False,False
AUR,"Aurora Innovation, Inc.",NASDAQ,Packaged Software,5.54,6.08,6.29,6.7,6.69,39173659.8,33291389.733333334,184434299.0,202339518.0,-14.24,400,-3.43,203,-21.53,297,38.85,156,4.63,-1.77,2026-11-04,False,https://www.tradingview.com/chart/?symbol=NASDAQ:AUR&interval=D,False,False,False,False
VOYG,"Voyager Technologies, Inc.",NYSE,Information Technology Services,30.25,34.32,34.19,7.71,8.54,4013394.3,2097371.033333333,63445474.0,71988066.0,-8.97,330,-10.9,275,-10.5,215,33.26,175,3.95,-1.35,2026-11-09,False,https://www.tradingview.com/chart/?symbol=NYSE:VOYG&interval=D,False,False,False,False
PSKY,Paramount Skydance Corporation,NASDAQ,Cable/Satellite TV,10.33,10.52,9.87,5.21,4.9,36117182.5,19216241.366666667,198503773.0,202138846.0,2.28,59,-4.35,212,0.98,159,14.52,226,3.72,0.95,2026-11-16,False,https://www.tradingview.com/chart/?symbol=NASDAQ:PSKY&interval=D,False,False,False,False
VRDN,"Viridian Therapeutics, Inc.",NASDAQ,Pharmaceuticals: Major,20.59,22.5,21.96,4.42,4.35,2098965.1,1483393.8666666667,30543080.0,33381554.0,-6.87,267,-10.24,269,10.17,118,10.94,239,3.62,-1.43,2026-11-16,False,https://www.tradingview.com/chart/?symbol=NASDAQ:VRDN&interval=D,False,False,False,False
WIX,Wix.com Ltd.,NASDAQ,Packaged Software,72.13,79.91,72.93,6.75,7.07,1171940.9,1314032.9333333333,94781195.0,105006562.0,-10.2,345,-16.63,344,47.2,34,-19.86,347,3.57,-0.15,2026-11-05,False,https://www.tradingview.com/chart/?symbol=NASDAQ:WIX&interval=D,False,False,False,False
BHVN,Biohaven Ltd.,NYSE,Pharmaceuticals: Major,13.35,14.16,14.17,6.38,7.32,3035280.5,3461359.3,46209147.0,49017463.0,-10.04,344,-13.65,307,-15.98,254,39.94,151,3.43,-0.79,2026-11-17,False,https://www.tradingview.com/chart/?symbol=NYSE:BHVN&interval=D,False,False,False,False
RELY,"Remitly Global, Inc.",NASDAQ,Miscellaneous Commercial Services,21.34,23.76,23.89,4.13,4.76,4582170.5,3996550.4,85286386.0,94969361.0,1.38,81,-19.5,365,-6.93,200,35.58,168,3.05,-2.24,2026-11-04,False,https://www.tradingview.com/chart/?symbol=NASDAQ:RELY&interval=D,False,False,False,False
TTMI,"TTM Technologies, Inc.",NASDAQ,Electronic Components,122.84,119.82,123.68,5.35,6.3,2040242.4,2049769.5,251793685.0,245612264.0,-3.25,179,3.37,137,-31.09,371,36.14,163,2.81,-0.11,2026-11-04,False,https://www.tradingview.com/chart/?symbol=NASDAQ:TTMI&interval=D,False,False,False,False
HRI,Herc Holdings Inc.,NYSE,Finance/Rental/Leasing,124.8,144.12,151.58,5.67,6.08,1152951.3,734984.4,91726053.0,105923257.0,-12.27,376,-17.39,349,-11.6,223,36.95,159,2.65,-2.9,2026-10-15,False,https://www.tradingview.com/chart/?symbol=NYSE:HRI&interval=D,False,False,False,False
RGTI,"Rigetti Computing, Inc.",NASDAQ,Computer Processing Hardware,15.74,15.87,16.13,5.55,6.04,17338711.3,16840990.833333332,265077196.0,267311434.0,-10.7,354,1.75,152,-15.96,253,22.11,202,2.63,-0.4,2026-11-16,False,https://www.tradingview.com/chart/?symbol=NASDAQ:RGTI&interval=D,False,False,False,False
CIFR,Cipher Digital Inc.,NASDAQ,Data Processing Services,15.82,16.7,17.97,7.99,9.23,32188910.9,34091725.93333333,539501563.0,569405688.0,-16.71,420,4.66,122,-30.68,366,31.87,180,1.95,-1.29,2026-11-11,False,https://www.tradingview.com/chart/?symbol=NASDAQ:CIFR&interval=D,False,False,False,False
RXO,"RXO, Inc.",NYSE,Packaged Software,20.46,20.51,21.43,4.77,5.17,1924581.6,1642314.1666666667,33601748.0,33688243.0,0.44,98,-6.53,240,-26.82,334,38.99,154,1.88,-0.88,2026-11-05,False,https://www.tradingview.com/chart/?symbol=NYSE:RXO&interval=D,False,False,False,False
ACHC,"Acadia Healthcare Company, Inc.",NASDAQ,Medical/Nursing Services,27.5,28.3,29.45,4.18,4.66,1698502.4,1481554.2,40742740.0,41928478.0,-6.49,259,-2.72,197,-12.7,232,20.99,206,1.85,-1.42,2026-11-04,False,https://www.tradingview.com/chart/?symbol=NASDAQ:ACHC&interval=D,False,False,False,False
COHR,Coherent Corp.,NYSE,Semiconductors,287.81,289.69,296.41,5.79,7.01,6509446.6,6110385.433333334,1758630032.0,1770105335.0,-7.79,295,2.7,143,-19.62,284,22.47,200,1.85,-0.41,2026-11-11,False,https://www.tradingview.com/chart/?symbol=NYSE:COHR&interval=D,False,False,False,False
RDW,Redwire Corporation,NYSE,Aerospace & Defense,10.44,11.09,11.03,6.76,7.23,14922572.9,12346632.8,128898846.0,136887118.0,-10.69,353,-2.7,195,-12.42,231,20.28,209,1.72,-0.74,2026-11-11,False,https://www.tradingview.com/chart/?symbol=NYSE:RDW&interval=D,False,False,False,False
FIVE,"Five Below, Inc.",NASDAQ,Discount Stores,219.57,240.53,233.92,4.13,4.42,1197434.1,1249851.3666666667,274429865.0,300626749.0,-5.41,229,-9.47,263,18.48,97,-4.2,280,1.6,-1.39,2026-12-02,False,https://www.tradingview.com/chart/?symbol=NASDAQ:FIVE&interval=D,False,False,False,False
AXGN,"Axogen, Inc.",NASDAQ,Medical Specialties,41.92,46.46,45.8,4.73,5.03,1113590.1,1184744.2333333334,49664478.0,55048154.0,-5.88,239,-17.76,352,-5.37,190,26.72,192,1.2,-1.68,2026-11-10,False,https://www.tradingview.com/chart/?symbol=NASDAQ:AXGN&interval=D,False,False,False,False
TMDX,"TransMedics Group, Inc.",NASDAQ,Medical Specialties,83.45,87.53,84.93,4.78,4.72,683980.9,688749.7333333333,57476165.0,60284657.0,-5.41,230,-4.79,215,22.4,88,-14.24,322,1.12,-0.37,2026-11-04,False,https://www.tradingview.com/chart/?symbol=NASDAQ:TMDX&interval=D,False,False,False,False
BRUN,Boost Run Inc.,NASDAQ,Packaged Software,16.5,17.2,18.46,7.02,8.96,2007927.9,2191442.1666666665,36158796.0,37693171.0,-3.51,188,-1.64,185,-50.73,423,54.06,123,0.56,-1.18,2026-12-02,False,https://www.tradingview.com/chart/?symbol=NASDAQ:BRUN&interval=D,False,False,False,False
KOS,Kosmos Energy Ltd.,NYSE,Integrated Oil,2.54,2.81,2.7,5.84,6.26,13753326.5,12905943.233333332,32781096.0,36248493.0,-2.87,168,-12.41,290,27.0,76,-13.31,317,0.43,-0.95,2026-11-09,False,https://www.tradingview.com/chart/?symbol=NYSE:KOS&interval=D,False,False,False,False
PATH,"UiPath, Inc.",NYSE,Packaged Software,12.84,15.0,14.48,4.89,6.04,46192377.5,57725515.266666666,741195616.0,865748036.0,-2.98,171,-29.02,428,13.03,109,17.15,217,0.39,-1.88,2026-12-09,False,https://www.tradingview.com/chart/?symbol=NYSE:PATH&interval=D,False,False,False,False
EPAM,"EPAM Systems, Inc.",NYSE,Information Technology Services,108.36,113.45,107.9,4.13,4.33,1026081.3,1155233.0,125181048.0,131065420.0,-2.95,170,-5.54,223,25.71,80,-19.33,340,0.28,0.1,2026-10-29,False,https://www.tradingview.com/chart/?symbol=NYSE:EPAM&interval=D,False,False,False,False
SGRY,"Surgery Partners, Inc.",NASDAQ,Hospital/Nursing Management,13.87,14.1,14.6,5.62,5.4,2889129.2,2635539.7666666666,36554937.0,37161989.0,-11.77,370,1.61,154,-17.0,261,15.3,222,-0.03,-0.93,2026-11-10,False,https://www.tradingview.com/chart/?symbol=NASDAQ:SGRY&interval=D,False,False,False,False
EXPE,"Expedia Group, Inc.",NASDAQ,Other Consumer Services,263.36,294.63,297.84,4.16,4.56,2937504.4,2099406.2333333334,552899626.0,618542810.0,-5.27,225,-19.03,361,-0.83,168,19.29,213,-0.19,-2.54,2026-10-29,False,https://www.tradingview.com/chart/?symbol=NASDAQ:EXPE&interval=D,False,False,False,False
WGS,GeneDx Holdings Corp.,NASDAQ,Medical/Nursing Services,72.3,87.72,80.9,9.35,8.63,981429.8,671493.7666666667,48548999.0,58903321.0,-20.11,431,-14.73,321,0.03,162,13.8,228,-0.3,-1.23,2026-11-03,False,https://www.tradingview.com/chart/?symbol=NASDAQ:WGS&interval=D,False,False,False,False
ATRO,Astronics Corporation,NASDAQ,Aerospace & Defense,67.42,72.3,74.07,4.5,4.75,733609.4999999998,618149.6999999997,41675653.0,44693563.0,-2.43,149,-9.73,264,-11.03,217,19.43,212,-0.44,-1.89,2026-11-11,False,https://www.tradingview.com/chart/?symbol=NASDAQ:ATRO&interval=D,False,False,False,False
NCNO,"nCino, Inc.",NASDAQ,Packaged Software,18.13,21.13,20.21,4.83,4.98,2309176.4,2655970.6,48152747.0,56133939.0,-7.64,286,-19.99,371,5.28,138,13.17,231,-0.51,-2.06,2026-12-02,False,https://www.tradingview.com/chart/?symbol=NASDAQ:NCNO&interval=D,False,False,False,False
MDA,MDA Space Ltd.,NYSE,Electronic Production Equipment,29.63,29.95,31.03,4.06,4.66,1421758.4,1316886.5,39019347.0,39445140.0,-5.97,242,2.74,142,-25.91,330,21.24,205,-0.64,-0.97,2026-11-06,False,https://www.tradingview.com/chart/?symbol=NYSE:MDA&interval=D,False,False,False,False
MNDY,monday.com Ltd.,NASDAQ,Packaged Software,78.46,89.76,88.41,5.94,6.66,1195193.6,1182121.2,92749229.0,106106805.0,-8.69,327,-21.46,386,3.84,143,15.21,223,-0.8,-1.69,2026-11-16,False,https://www.tradingview.com/chart/?symbol=NASDAQ:MNDY&interval=D,False,False,False,False
COCO,"The Vita Coco Company, Inc.",NASDAQ,Food: Specialty/Candy,57.26,58.17,61.29,4.34,4.31,1303253.6,1291781.0,73960921.0,75138595.0,-4.03,201,-7.2,246,-16.89,260,21.25,204,-0.95,-1.53,2026-11-04,False,https://www.tradingview.com/chart/?symbol=NASDAQ:COCO&interval=D,False,False,False,False
GNRC,Generac Holdings Inc.,NYSE,Electrical Products,206.95,195.43,200.79,4.39,4.87,2044719.9,1335849.9333333333,276454144.0,261059809.0,1.25,83,12.42,69,-23.42,314,8.01,244,-1.0,0.63,2026-11-04,False,https://www.tradingview.com/chart/?symbol=NYSE:GNRC&interval=D,False,False,False,False
CECO,CECO Environmental Corp.,NASDAQ,Industrial Machinery,69.64,72.43,72.54,4.65,5.33,673673.5,685318.8666666667,47725606.0,49636846.0,-4.77,215,-0.71,174,-18.6,274,15.97,220,-1.11,-0.75,2026-11-09,False,https://www.tradingview.com/chart/?symbol=NASDAQ:CECO&interval=D,False,False,False,False
QBTS,D-Wave Quantum Inc.,NASDAQ,Computer Processing Hardware,16.57,17.4,18.18,5.9,6.35,17259625.5,16167472.966666667,267895027.0,281243971.0,-12.47,378,-0.69,173,-29.95,361,26.49,193,-1.38,-1.39,2026-11-05,False,https://www.tradingview.com/chart/?symbol=NASDAQ:QBTS&interval=D,False,False,False,False
PBLS,"Parabilis Medicines, Inc.",NASDAQ,Pharmaceuticals: Major,32.29,37.58,36.36,9.93,8.98,1796039.5,897924.4,28993979.0,33740707.0,-14.78,408,-17.37,348,15.98,103,-3.18,274,-1.52,-1.25,2026-12-02,False,https://www.tradingview.com/chart/?symbol=NASDAQ:PBLS&interval=D,False,False,False,False
PCOR,"Procore Technologies, Inc.",NYSE,Packaged Software,51.72,56.17,55.19,4.11,4.45,2774663.2,2792846.1333333333,144446002.0,156883477.0,0.96,91,-19.02,360,23.38,85,-9.5,302,-1.71,-1.41,2026-11-04,False,https://www.tradingview.com/chart/?symbol=NYSE:PCOR&interval=D,False,False,False,False
LAD,"Lithia Motors, Inc.",NYSE,Specialty Stores,291.83,347.65,357.08,4.7,4.57,390688.7,262928.9666666667,76730560.0,91406905.0,-6.41,256,-21.08,381,-1.24,171,16.35,219,-1.99,-4.0,2026-10-21,False,https://www.tradingview.com/chart/?symbol=NYSE:LAD&interval=D,False,False,False,False
ARIS,Aris Mining Corporation,NYSE,Precious Metals,17.4,19.49,18.02,4.22,5.28,1748088.8,1539355.1999999993,26784780.0,30009217.0,-9.19,334,-14.12,315,14.1,105,-6.15,289,-2.06,-0.65,2026-11-17,False,https://www.tradingview.com/chart/?symbol=NYSE:ARIS&interval=D,False,False,False,False
GENI,Genius Sports Limited,NYSE,Internet Software/Services,5.73,6.96,7.14,7.09,7.66,9924007.6,6463241.1,37034372.0,44956151.0,-5.13,221,-27.92,423,-9.91,212,29.35,186,-2.83,-2.58,2026-11-11,False,https://www.tradingview.com/chart/?symbol=NYSE:GENI&interval=D,False,False,False,False
ATEN,"A10 Networks, Inc.",NYSE,Information Technology Services,27.11,25.72,27.33,4.01,3.99,1373544.8,1270176.3666666667,34434481.0,32675287.0,1.08,88,5.32,118,-27.96,344,13.57,229,-3.02,-0.2,2026-11-10,False,https://www.tradingview.com/chart/?symbol=NYSE:ATEN&interval=D,False,False,False,False
BRZE,"Braze, Inc.",NASDAQ,Internet Software/Services,25.1,28.13,27.32,4.97,6.2,1992517.6,2863311.933333333,71869130.0,80535420.0,-2.75,162,-26.24,415,9.7,120,7.24,248,-3.1,-1.31,2026-12-15,False,https://www.tradingview.com/chart/?symbol=NASDAQ:BRZE&interval=D,False,False,False,False
RKLB,Rocket Lab Corporation,NASDAQ,Aerospace & Defense,69.68,67.32,69.67,5.3,5.72,22235018.4,18561153.5,1293341176.0,1249555415.0,-4.38,207,9.34,91,-31.0,368,11.98,236,-3.23,0.0,2026-11-16,False,https://www.tradingview.com/chart/?symbol=NASDAQ:RKLB&interval=D,False,False,False,False
VKTX,"Viking Therapeutics, Inc.",NASDAQ,Pharmaceuticals: Major,32.6,33.43,33.59,7.49,8.41,13268203.9,5714965.166666667,186307864.0,191076050.0,-21.93,434,2.61,145,-13.98,238,1.56,263,-3.27,-0.35,2026-10-28,False,https://www.tradingview.com/chart/?symbol=NASDAQ:VKTX&interval=D,False,False,False,False
SPHR,Sphere Entertainment Co.,NYSE,Media Conglomerates,134.44,144.61,148.39,4.32,4.51,542293.0,564927.2666666667,75948822.0,81695074.0,-4.2,202,-4.26,211,-20.51,287,14.59,225,-3.39,-2.08,2026-11-10,False,https://www.tradingview.com/chart/?symbol=NYSE:SPHR&interval=D,False,False,False,False
STRL,"Sterling Infrastructure, Inc.",NASDAQ,Engineering & Construction,491.78,495.13,529.33,4.46,5.36,502875.7,538144.2333333333,264648571.0,266451175.0,-3.97,198,4.41,125,-37.36,397,22.2,201,-3.58,-1.32,2026-11-09,False,https://www.tradingview.com/chart/?symbol=NASDAQ:STRL&interval=D,False,False,False,False
RYAN,"Ryan Specialty Holdings, Inc.",NYSE,Insurance Brokers/Services,37.0,40.58,41.56,4.19,4.14,2359852.4,1835445.9,67911498.0,74481783.0,-3.44,185,-14.81,324,-8.55,207,12.22,235,-3.71,-2.65,2026-10-29,False,https://www.tradingview.com/chart/?symbol=NYSE:RYAN&interval=D,False,False,False,False
AKAM,"Akamai Technologies, Inc.",NASDAQ,Data Processing Services,106.35,108.77,112.38,6.24,6.16,8054869.7,4718805.4,501844954.0,513259745.0,-9.36,337,-0.66,172,-4.86,188,-5.63,284,-3.72,-0.87,2026-11-10,False,https://www.tradingview.com/chart/?symbol=NASDAQ:AKAM&interval=D,False,False,False,False
HCC,"Warrior Met Coal, Inc.",NYSE,Coal,88.07,98.81,94.27,4.16,4.52,756461.3,637085.0,56108076.0,62949944.0,-3.0,172,-19.24,362,11.76,115,-3.85,278,-3.78,-1.46,2026-11-04,False,https://www.tradingview.com/chart/?symbol=NYSE:HCC&interval=D,False,False,False,False
DPC,DPC Holdings PLC,NYSE,Electrical Products,42.26,42.28,45.26,5.23,6.25,1222338.3,1192377.6666666667,50389880.0,50417702.0,4.4,35,3.2,140,-11.01,216,-3.95,279,-3.92,-1.06,2026-12-02,False,https://www.tradingview.com/chart/?symbol=NYSE:DPC&interval=D,False,False,False,False
JEF,Jefferies Financial Group Inc.,NYSE,Investment Banks/Brokers,45.73,50.75,52.66,4.02,3.76,3031141.1000000006,2192318.7999999984,100254739.0,111261641.0,-2.64,156,-13.57,303,-11.87,225,13.45,230,-4.0,-3.51,2027-01-13,False,https://www.tradingview.com/chart/?symbol=NYSE:JEF&interval=D,False,False,False,False
AAOI,"Applied Optoelectronics, Inc.",NASDAQ,Semiconductors,99.26,106.18,111.14,6.18,8.18,7234179.0,7263130.266666667,720938310.0,771184645.0,-6.89,268,-7.68,249,-26.93,335,21.64,203,-4.32,-1.31,2026-11-05,False,https://www.tradingview.com/chart/?symbol=NASDAQ:AAOI&interval=D,False,False,False,False
CNXC,Concentrix Corporation,NASDAQ,Information Technology Services,24.95,28.29,26.87,8.58,8.88,3058414.9,1889444.5333333334,47141641.0,53457424.0,-17.71,422,-15.06,328,4.98,139,-2.92,273,-4.33,-0.8,2027-01-19,False,https://www.tradingview.com/chart/?symbol=NASDAQ:CNXC&interval=D,False,False,False,False
FIG,FIGMA INC,NYSE,Packaged Software,21.02,24.3,24.32,5.15,6.19,13356056.8,14157771.266666668,297596352.0,344099911.0,-3.45,186,-23.84,404,7.85,125,2.74,258,-4.42,-2.19,2026-11-11,False,https://www.tradingview.com/chart/?symbol=NYSE:FIG&interval=D,False,False,False,False
STEP,StepStone Group Inc.,NASDAQ,Investment Managers,43.4,48.34,47.58,4.46,4.43,1084318.1,1031961.7666666667,44787141.0,49889504.0,-5.59,232,-13.06,299,4.58,141,-5.01,281,-4.5,-1.98,2026-11-05,False,https://www.tradingview.com/chart/?symbol=NASDAQ:STEP&interval=D,False,False,False,False
BTDR,Bitdeer Technologies Group,NASDAQ,Data Processing Services,10.49,11.44,10.98,7.33,8.41,11015945.6,11760386.166666666,123366451.0,134503537.0,-18.3,426,1.25,158,-32.37,376,17.6,216,-4.5,-0.53,2026-11-16,False,https://www.tradingview.com/chart/?symbol=NASDAQ:BTDR&interval=D,False,False,False,False
PTRN,Pattern Group Inc. - Series A,NASDAQ,Advertising/Marketing Services,17.16,19.79,20.96,5.55,5.93,2128719.9,1602702.6666666667,27502378.0,31715883.0,-15.13,411,-18.94,358,-35.2,387,40.54,146,-4.53,-3.05,2026-11-11,False,https://www.tradingview.com/chart/?symbol=NASDAQ:PTRN&interval=D,False,False,False,False
ACHR,Archer Aviation Inc.,NYSE,Aerospace & Defense,4.97,5.65,5.6,5.24,6.07,25049403.5,24575379.766666666,122139637.0,138859087.0,-12.27,375,-12.81,294,-1.0,169,-0.6,267,-4.8,-1.86,2026-11-05,False,https://www.tradingview.com/chart/?symbol=NYSE:ACHR&interval=D,False,False,False,False
GLW,Corning Incorporated,NYSE,Electronic Components,153.76,152.7,152.66,4.22,5.31,7679617.6,8483518.466666667,1304425799.0,1295444581.0,-4.0,199,3.77,136,-31.32,372,12.74,233,-4.94,0.14,2026-10-27,False,https://www.tradingview.com/chart/?symbol=NYSE:GLW&interval=D,False,False,False,False
CDW,CDW Corporation,NASDAQ,Information Technology Services,128.16,143.82,142.23,4.03,4.45,1556872.7,1649360.9,211382093.0,237215483.0,-13.74,397,-13.62,305,-7.41,203,5.73,253,-5.1,-2.22,2026-11-04,False,https://www.tradingview.com/chart/?symbol=NASDAQ:CDW&interval=D,False,False,False,False
CDE,"Coeur Mining, Inc.",NYSE,Precious Metals,17.6,20.25,18.83,4.71,5.59,40392720.4,36267078.8,638300587.0,734335812.0,-11.74,369,-16.11,339,2.03,155,-1.57,269,-5.22,-1.17,2026-11-11,False,https://www.tradingview.com/chart/?symbol=NYSE:CDE&interval=D,False,False,False,False
ORCL,Oracle Corporation,NYSE,Packaged Software,137.3,146.69,142.9,4.59,5.12,32777324.9,30288748.033333335,4158645105.0,4443106930.0,-7.42,280,-8.04,254,-4.19,184,-3.84,277,-5.36,-0.77,2026-12-14,False,https://www.tradingview.com/chart/?symbol=NYSE:ORCL&interval=D,False,False,False,False
HL,Hecla Mining Company,NYSE,Precious Metals,17.03,19.5,18.19,4.55,5.49,44670359.6,35723542.13333333,608371923.0,696609072.0,-7.45,281,-16.36,341,5.45,137,-5.28,283,-5.4,-1.16,2026-11-11,False,https://www.tradingview.com/chart/?symbol=NYSE:HL&interval=D,False,False,False,False
AAON,"AAON, Inc.",NASDAQ,Industrial Machinery,82.76,78.89,84.25,4.68,5.09,1326979.6999999995,1163386.6333333335,96281878.0,91776857.0,5.21,28,9.62,90,-28.91,350,3.08,257,-5.41,-0.35,2026-11-09,False,https://www.tradingview.com/chart/?symbol=NASDAQ:AAON&interval=D,False,False,False,False
CVNA,Carvana Co.,NYSE,Specialty Stores,62.54,69.47,68.67,4.56,5.18,8498017.9,7654768.766666667,478729239.0,531741064.0,-3.65,190,-14.57,320,-8.63,208,4.01,255,-6.4,-1.72,2026-10-29,False,https://www.tradingview.com/chart/?symbol=NYSE:CVNA&interval=D,False,False,False,False
PEGA,Pegasystems Inc.,NASDAQ,Information Technology Services,33.28,35.35,33.52,4.02,4.32,2079244.0,2197646.4,73137672.0,77683504.0,-4.31,204,-6.33,235,6.6,127,-20.0,350,-6.58,-0.16,2026-10-28,False,https://www.tradingview.com/chart/?symbol=NASDAQ:PEGA&interval=D,False,False,False,False
JBL,Jabil Inc.,NYSE,Industrial Machinery,286.86,307.22,317.58,4.66,5.03,1884395.3,1218968.9333333333,349673428.0,374492448.0,-6.44,257,-5.36,219,-22.93,309,7.68,246,-6.87,-1.92,2026-12-10,False,https://www.tradingview.com/chart/?symbol=NYSE:JBL&interval=D,False,False,False,False
COMP,"Compass, Inc.",NYSE,Real Estate Development,8.88,10.52,11.15,5.56,5.67,18128201.5,13721952.9,121850942.0,144318353.0,-6.53,260,-19.71,368,-28.9,349,27.77,190,-6.95,-3.59,2026-11-11,False,https://www.tradingview.com/chart/?symbol=NYSE:COMP&interval=D,False,False,False,False
VG,"Venture Global, Inc.",NYSE,Oil & Gas Pipelines,12.64,14.19,13.93,4.9,5.24,14868706.8,14073362.3,177887299.0,199757304.0,-3.07,174,-13.28,301,12.16,112,-19.75,345,-6.96,-1.77,2026-11-16,False,https://www.tradingview.com/chart/?symbol=NYSE:VG&interval=D,False,False,False,False
RDDT,"Reddit, Inc.",NYSE,Internet Software/Services,142.44,152.86,157.16,4.69,5.38,5431153.2,4798249.6,683462673.0,733462033.0,-7.51,283,-5.87,229,-26.58,333,9.85,240,-7.53,-1.74,2026-11-04,False,https://www.tradingview.com/chart/?symbol=NYSE:RDDT&interval=D,False,False,False,False
RIVN,"Rivian Automotive, Inc.",NASDAQ,Motor Vehicles,14.94,15.75,15.82,4.11,4.35,23973168.5,21749814.833333332,324942234.0,342458084.0,-0.66,118,-6.04,230,-16.88,259,0.0,265,-7.64,-1.28,2026-11-10,False,https://www.tradingview.com/chart/?symbol=NASDAQ:RIVN&interval=D,False,False,False,False
GWRE,"Guidewire Software, Inc.",NYSE,Information Technology Services,142.58,166.16,164.17,4.06,5.47,1180621.5,1491272.2666666666,212625600.0,247784332.0,-7.29,277,-30.26,430,10.92,117,-3.6,275,-7.65,-2.41,2026-12-03,False,https://www.tradingview.com/chart/?symbol=NYSE:GWRE&interval=D,False,False,False,False
ASND,Ascendis Pharma A/S,NASDAQ,Pharmaceuticals: Major,227.83,249.23,249.69,4.24,3.95,924921.7,754318.9333333333,171856483.0,187996016.0,-3.8,196,-8.0,253,-15.9,252,0.55,264,-7.78,-2.21,2026-11-11,False,https://www.tradingview.com/chart/?symbol=NASDAQ:ASND&interval=D,False,False,False,False
FLY,Firefly Aerospace Inc.,NASDAQ,Aerospace & Defense,23.15,22.24,22.6,6.88,7.34,3805046.5,2844282.5,65845140.0,63257791.0,-0.64,117,10.03,87,-17.41,263,-16.0,326,-7.79,0.33,2026-11-18,False,https://www.tradingview.com/chart/?symbol=NASDAQ:FLY&interval=D,False,False,False,False
NESR,National Energy Services Reunited Corp,NASDAQ,Oilfield Services/Equipment,25.47,32.86,31.86,6.08,6.55,2552916.8,1957990.7666666666,49870025.0,64334682.0,-22.61,435,-27.68,422,-12.17,229,15.56,221,-8.1,-3.06,2026-11-04,False,https://www.tradingview.com/chart/?symbol=NASDAQ:NESR&interval=D,False,False,False,False
EXK,Endeavour Silver Corporation,NYSE,Precious Metals,8.58,10.3,9.74,5.6,6.63,8276418.4,8834664.033333333,75801417.0,91005874.0,-14.63,405,-20.11,373,-1.61,173,-2.72,270,-8.15,-1.8,2026-11-10,False,https://www.tradingview.com/chart/?symbol=NYSE:EXK&interval=D,False,False,False,False
HUBS,"HubSpot, Inc.",NYSE,Packaged Software,204.98,233.68,229.95,6.22,6.92,2348318.9,1610692.0666666667,330159660.0,376389207.0,-6.85,265,-20.62,375,9.74,119,-14.59,325,-8.49,-1.57,2026-11-11,False,https://www.tradingview.com/chart/?symbol=NYSE:HUBS&interval=D,False,False,False,False
BTCT,BTC Digital Ltd.,NASDAQ,Data Processing Services,1.13,1.48,1.1,14.47,18.56,5382288.4,21944394.866666667,24797166.0,32449689.0,-10.32,346,-40.99,438,20.15,92,-5.04,282,-8.63,0.13,2026-11-23,False,https://www.tradingview.com/chart/?symbol=NASDAQ:BTCT&interval=D,False,False,False,False
GEN,Gen Digital Inc.,NASDAQ,Packaged Software,22.02,28.38,28.12,6.23,5.9,17519670.2,9707872.9,213767361.0,275464129.0,-19.37,429,-28.85,426,-15.86,251,18.51,214,-8.73,-3.68,2026-11-10,False,https://www.tradingview.com/chart/?symbol=NASDAQ:GEN&interval=D,False,False,False,False
DAIC,"CID HoldCo, Inc.",NASDAQ,Miscellaneous,2.68,3.04,2.16,25.09,28.81,12484445.1,16049243.3,43011972.0,48795049.0,-18.04,424,-30.21,429,42.55,43,-39.23,409,-8.96,0.85,,False,https://www.tradingview.com/chart/?symbol=NASDAQ:DAIC&interval=D,False,False,False,False
INSM,Insmed Incorporated,NASDAQ,Pharmaceuticals: Major,114.14,122.86,119.7,4.06,4.14,2236402.8,2003957.9,228731755.0,246204264.0,-6.12,245,-3.83,208,6.18,131,-29.33,384,-8.99,-1.12,2026-10-22,False,https://www.tradingview.com/chart/?symbol=NASDAQ:INSM&interval=D,False,False,False,False
MP,MP Materials Corp.,NYSE,Other Metals/Minerals,47.29,52.65,50.96,4.4,5.62,5583697.4,5291489.366666666,250234532.0,278603970.0,-6.85,266,-15.75,334,-13.18,235,1.76,261,-9.06,-1.28,2026-10-29,False,https://www.tradingview.com/chart/?symbol=NYSE:MP&interval=D,False,False,False,False
MOS,Mosaic Company (The),NYSE,Chemicals: Agricultural,21.65,24.35,23.6,4.61,4.85,7950308.2,8329674.4,180337451.0,202824795.0,-11.63,364,-8.57,258,0.7,160,-19.67,343,-9.18,-1.71,2026-11-10,False,https://www.tradingview.com/chart/?symbol=NYSE:MOS&interval=D,False,False,False,False
EQPT,EquipmentShare.com Inc,NASDAQ,Internet Software/Services,17.37,18.12,18.76,6.34,6.73,4789875.9,3082242.7,53538556.0,55856402.0,-5.34,227,-1.08,179,-12.05,228,-14.48,323,-9.2,-1.1,2026-12-02,False,https://www.tradingview.com/chart/?symbol=NASDAQ:EQPT&interval=D,False,False,False,False
APLD,Applied Digital Corporation,NASDAQ,Data Processing Services,24.37,26.42,27.43,5.75,6.89,16652923.2,15513439.900000008,378062530.0,409808200.0,-15.41,412,-3.52,204,-31.37,373,6.98,250,-9.3,-1.62,2026-10-07,False,https://www.tradingview.com/chart/?symbol=NASDAQ:APLD&interval=D,False,False,False,False
RIG,Transocean Ltd (Switzerland),NYSE,Contract Drilling,5.24,5.68,5.57,4.08,4.06,42005834.0,41350952.93333333,216678993.0,234790711.0,-5.24,224,-11.93,283,5.86,133,-22.26,358,-9.44,-1.44,2026-11-04,False,https://www.tradingview.com/chart/?symbol=NYSE:RIG&interval=D,False,False,False,False
AG,First Majestic Silver Corp.,NYSE,Precious Metals,17.69,19.99,18.92,4.55,5.5,9839057.7,9820567.1,173725832.0,196283675.0,-9.84,341,-14.79,323,0.11,161,-13.71,318,-9.46,-1.18,2026-11-11,False,https://www.tradingview.com/chart/?symbol=NYSE:AG&interval=D,False,False,False,False
CORZ,"Core Scientific, Inc.",NASDAQ,Packaged Software,15.98,17.45,18.89,5.81,6.63,11499726.5,11176633.5,178602603.0,194994999.0,-14.64,406,-3.79,207,-33.28,380,8.63,243,-9.48,-2.32,2026-11-11,False,https://www.tradingview.com/chart/?symbol=NASDAQ:CORZ&interval=D,False,False,False,False
ONDS,Ondas Inc,NASDAQ,Telecommunications Equipment,7.33,7.7,8.03,4.94,5.89,66936348.4,62808161.0,460383820.0,483549564.0,-5.3,226,-7.1,244,-7.68,205,-13.92,320,-9.57,-1.48,2026-11-16,False,https://www.tradingview.com/chart/?symbol=NASDAQ:ONDS&interval=D,False,False,False,False
SRPT,"Sarepta Therapeutics, Inc.",NASDAQ,Pharmaceuticals: Major,18.22,20.22,18.79,5.6,6.45,2700086.6,3034255.033333333,55284127.0,61341511.0,-12.07,373,-11.38,279,-1.03,170,-16.92,329,-9.78,-0.47,2026-11-04,False,https://www.tradingview.com/chart/?symbol=NASDAQ:SRPT&interval=D,False,False,False,False
GLOB,Globant S.A.,NYSE,Information Technology Services,34.7,37.79,37.23,4.46,5.02,900122.9,1015413.7,35234855.0,38372822.0,-1.03,124,-13.64,306,9.15,121,-25.2,368,-9.89,-1.36,2026-11-12,False,https://www.tradingview.com/chart/?symbol=NYSE:GLOB&interval=D,False,False,False,False
PRAX,"Praxis Precision Medicines, Inc.",NASDAQ,Pharmaceuticals: Major,291.23,331.86,334.1,5.13,5.35,599983.5,413536.00000000035,120434089.0,137236195.0,-3.36,183,-15.09,329,-8.94,209,-5.74,286,-9.92,-2.4,2026-11-11,False,https://www.tradingview.com/chart/?symbol=NASDAQ:PRAX&interval=D,False,False,False,False
TNDM,"Tandem Diabetes Care, Inc.",NASDAQ,Medical Specialties,16.31,19.05,19.54,6.9,6.8,2453410.9,1889046.3,30810345.0,35980035.0,-6.48,258,-22.33,391,2.32,151,-10.63,305,-10.21,-2.43,2026-11-04,False,https://www.tradingview.com/chart/?symbol=NASDAQ:TNDM&interval=D,False,False,False,False
CRML,Critical Metals Corp.,NASDAQ,Precious Metals,7.26,7.25,6.87,7.71,9.19,14538420.6,10089924.433333334,73252851.0,73111592.0,-13.47,394,1.97,149,-26.44,332,-6.2,290,-10.23,0.61,2027-03-03,False,https://www.tradingview.com/chart/?symbol=NASDAQ:CRML&interval=D,False,False,False,False
BSP,Bending Spoons S.p.A.,NASDAQ,Packaged Software,33.32,38.98,39.15,6.8,7.78,3101880.9,1938577.0,64593386.0,75562824.0,-8.16,314,-22.71,397,-15.62,249,7.48,247,-10.28,-1.91,2026-11-12,False,https://www.tradingview.com/chart/?symbol=NASDAQ:BSP&interval=D,False,False,False,False
MOD,Modine Manufacturing Company,NYSE,Industrial Machinery,187.2,187.39,195.48,5.25,5.92,1545595.3,1344350.6,251662432.0,251916963.0,-3.67,191,5.32,119,-24.06,317,-12.26,312,-10.33,-0.72,2026-11-03,False,https://www.tradingview.com/chart/?symbol=NYSE:MOD&interval=D,False,False,False,False
NN,NextNav Inc.,NASDAQ,Packaged Software,14.38,15.33,15.34,6.04,6.7,2462215.3,2334308.466666667,33567356.0,35792730.0,-6.62,262,-5.49,222,-18.71,275,-7.41,295,-10.53,-0.94,2026-11-05,False,https://www.tradingview.com/chart/?symbol=NASDAQ:NN&interval=D,False,False,False,False
KD,"Kyndryl Holdings, Inc.",NYSE,Data Processing Services,11.26,12.6,12.87,4.69,4.92,4227455.5,3704091.033333333,41708065.0,46681425.0,-6.94,270,-13.78,310,-6.63,196,-11.69,310,-10.7,-2.54,2026-11-10,False,https://www.tradingview.com/chart/?symbol=NYSE:KD&interval=D,False,False,False,False
WULF,TeraWulf Inc.,NASDAQ,Data Processing Services,14.8,15.98,16.61,6.08,7.19,26366152.4,28363883.466666665,419785475.0,453264312.0,-13.65,396,-2.95,199,-36.99,395,7.84,245,-10.7,-1.52,2026-11-16,False,https://www.tradingview.com/chart/?symbol=NASDAQ:WULF&interval=D,False,False,False,False
POWI,"Power Integrations, Inc.",NASDAQ,Semiconductors,51.8,51.45,55.93,4.08,4.71,865403.2,820614.7,42507841.0,42224456.0,1.13,87,0.37,163,-35.41,389,1.61,262,-11.14,-1.57,2026-11-11,False,https://www.tradingview.com/chart/?symbol=NASDAQ:POWI&interval=D,False,False,False,False
MBLY,Mobileye Global Inc.,NASDAQ,Packaged Software,7.39,8.24,8.33,4.51,4.85,7254284.3,4811276.133333334,35555331.0,39632085.0,-3.15,175,-13.67,309,-23.74,316,3.65,256,-11.25,-2.32,2026-10-22,False,https://www.tradingview.com/chart/?symbol=NASDAQ:MBLY&interval=D,False,False,False,False
LPTH,"LightPath Technologies, Inc.",NASDAQ,Electronic Components,10.31,10.74,11.33,5.06,7.03,2637788.1,3227408.7333333334,33274584.0,34663446.0,2.08,69,-7.12,245,-34.5,383,6.18,252,-11.81,-1.28,2026-11-05,False,https://www.tradingview.com/chart/?symbol=NASDAQ:LPTH&interval=D,False,False,False,False
RH,RH,NYSE,Specialty Stores,121.75,137.52,154.05,4.99,5.42,723257.1,824268.8333333334,100354730.0,113353999.0,-5.67,234,-17.25,345,-27.97,345,9.68,241,-11.84,-3.87,2026-12-03,False,https://www.tradingview.com/chart/?symbol=NYSE:RH&interval=D,False,False,False,False
PRM,"Perimeter Solutions, SA",NYSE,Chemicals: Major Diversified,26.32,30.56,31.93,4.65,5.16,1568776.0,1189177.2333333334,31299145.0,36336103.0,-10.48,351,-14.24,317,-25.65,329,4.24,254,-11.88,-3.41,2026-10-30,False,https://www.tradingview.com/chart/?symbol=NYSE:PRM&interval=D,False,False,False,False
RBLX,Roblox Corporation,NYSE,Packaged Software,42.37,43.69,42.64,5.48,5.89,14032312.3,11543258.233333332,489087851.0,504282627.0,-14.9,409,9.82,89,-22.11,301,-24.84,366,-12.38,-0.11,2026-11-11,False,https://www.tradingview.com/chart/?symbol=NYSE:RBLX&interval=D,False,False,False,False
TTAN,"ServiceTitan, Inc.",NASDAQ,Packaged Software,65.79,75.04,78.39,5.48,6.91,3168174.5,3359217.7666666666,221002937.0,252089698.0,5.84,26,-33.19,433,-11.18,219,6.99,249,-12.46,-2.33,2027-01-19,False,https://www.tradingview.com/chart/?symbol=NASDAQ:TTAN&interval=D,False,False,False,False
BTU,Peabody Energy Corporation,NYSE,Coal,24.39,27.34,25.79,4.85,4.94,2799105.6,2439158.6,59491078.0,66689848.0,-8.51,325,-17.8,353,7.78,126,-27.45,377,-12.49,-1.09,2026-10-29,False,https://www.tradingview.com/chart/?symbol=NYSE:BTU&interval=D,False,False,False,False
CPRI,Capri Holdings Limited,NYSE,Apparel/Footwear Retail,14.12,13.95,14.63,5.27,5.06,6373756.6,5281953.866666666,74581189.0,73707906.0,-7.74,292,5.53,115,-24.17,318,-19.86,348,-12.83,-0.69,2026-11-05,False,https://www.tradingview.com/chart/?symbol=NYSE:CPRI&interval=D,False,False,False,False
AESI,Atlas Energy Solutions Inc.,NYSE,Oilfield Services/Equipment,12.01,12.87,12.39,6.34,7.35,4443515.6,3531554.6,42413971.0,45439336.0,1.01,89,-8.88,260,-24.23,320,-6.39,292,-13.17,-0.41,2026-11-02,False,https://www.tradingview.com/chart/?symbol=NYSE:AESI&interval=D,False,False,False,False
NKTR,Nektar Therapeutics,NASDAQ,Pharmaceuticals: Major,60.54,68.99,70.44,6.02,5.93,1983730.7999999996,1107558.3666666667,67057121.0,76413959.0,0.24,103,-15.23,330,-6.9,199,-17.68,334,-13.27,-2.37,2026-11-05,False,https://www.tradingview.com/chart/?symbol=NASDAQ:NKTR&interval=D,False,False,False,False
LGN,Legence Corp.,NASDAQ,Engineering & Construction,53.68,54.91,59.11,4.03,5.14,877749.6,869017.2666666667,46648847.0,47713828.0,0.45,97,-1.31,180,-32.9,378,-6.2,291,-13.47,-1.79,2026-11-13,False,https://www.tradingview.com/chart/?symbol=NASDAQ:LGN&interval=D,False,False,False,False
LAZ,"Lazard, Inc.",NYSE,Investment Banks/Brokers,36.23,40.48,41.64,4.48,4.51,2486469.4,1653299.6,59899045.0,66931630.0,-0.33,109,-16.41,342,-14.25,241,-10.08,303,-13.58,-2.88,2026-10-22,False,https://www.tradingview.com/chart/?symbol=NYSE:LAZ&interval=D,False,False,False,False
CIEN,Ciena Corporation,NYSE,Telecommunications Equipment,351.82,359.1,374.65,5.45,6.15,2553805.3,2435745.9,856944123.0,874678788.0,-4.56,211,-7.03,243,-22.53,304,-12.26,313,-13.94,-0.99,2026-12-10,False,https://www.tradingview.com/chart/?symbol=NYSE:CIEN&interval=D,False,False,False,False
FIGR,"Figure Technology Solutions, Inc.",NASDAQ,Finance/Rental/Leasing,28.85,35.23,32.77,8.1,8.32,5510786.9,4691060.866666666,135337106.0,165287184.0,-21.22,432,-19.35,363,-11.69,224,-10.82,307,-13.95,-1.44,2026-11-12,False,https://www.tradingview.com/chart/?symbol=NASDAQ:FIGR&interval=D,False,False,False,False
KVYO,"Klaviyo, Inc. Series A",NYSE,Packaged Software,15.73,17.41,17.58,5.12,6.11,7316858.0,6261253.833333333,98489523.0,108987558.0,-2.78,165,-20.95,378,-3.26,180,-18.07,336,-14.1,-1.72,2026-11-11,False,https://www.tradingview.com/chart/?symbol=NYSE:KVYO&interval=D,False,False,False,False
ALGT,Allegiant Travel Company,NASDAQ,Airlines,75.79,78.12,84.68,4.4,4.83,489014.4,527280.4333333333,39962584.0,41192114.0,-5.91,240,-1.74,186,-36.85,394,-3.78,276,-14.12,-2.17,2026-11-04,False,https://www.tradingview.com/chart/?symbol=NASDAQ:ALGT&interval=D,False,False,False,False
NYT,New York Times Company (The),NYSE,Publishing: Newspapers,63.7,67.08,67.99,4.15,3.76,4682731.4,2886343.033333333,183860051.0,193609156.0,-2.38,147,-6.21,231,-11.26,220,-25.27,369,-14.25,-1.68,2026-11-11,False,https://www.tradingview.com/chart/?symbol=NYSE:NYT&interval=D,False,False,False,False
AVAV,"AeroVironment, Inc.",NASDAQ,Aerospace & Defense,142.22,151.83,158.66,5.7,5.91,1425487.8,1962740.6333333333,279140973.0,298012397.0,-8.98,331,-2.4,191,-21.1,292,-19.48,342,-14.32,-1.75,2026-12-08,False,https://www.tradingview.com/chart/?symbol=NASDAQ:AVAV&interval=D,False,False,False,False
MIR,"Mirion Technologies, Inc.",NYSE,Aerospace & Defense,14.12,15.55,15.61,4.52,4.8,4040810.7,3631059.033333333,51270554.0,56458127.0,-13.05,390,-0.98,178,-21.99,300,-21.12,354,-14.7,-1.99,2026-11-03,False,https://www.tradingview.com/chart/?symbol=NYSE:MIR&interval=D,False,False,False,False
RRR,"Red Rock Resorts, Inc.",NASDAQ,Hotels/Resorts/Cruise lines,49.54,55.03,58.42,4.07,3.93,1424499.0,1035538.5333333333,51300579.0,56981198.0,1.71,75,-13.65,308,-22.97,310,-8.75,301,-15.12,-3.87,2026-11-03,False,https://www.tradingview.com/chart/?symbol=NASDAQ:RRR&interval=D,False,False,False,False
KGS,"Kodiak Gas Services, Inc.",NYSE,Oilfield Services/Equipment,52.97,58.47,59.31,4.45,4.73,2182747.6,1907917.3333333333,101062381.0,111562922.0,-2.59,154,-9.93,266,-27.45,338,-8.05,298,-15.14,-2.26,2026-11-11,False,https://www.tradingview.com/chart/?symbol=NYSE:KGS&interval=D,False,False,False,False
LUMN,"Lumen Technologies, Inc.",NYSE,Major Telecommunications,5.6,6.29,6.33,5.28,5.49,13054390.9,12365602.633333333,69247375.0,77841469.0,-11.95,372,-6.51,238,-22.22,302,-17.04,330,-15.26,-2.1,2026-11-04,False,https://www.tradingview.com/chart/?symbol=NYSE:LUMN&interval=D,False,False,False,False
SHAK,"Shake Shack, Inc.",NYSE,Restaurants,58.68,64.48,65.47,4.39,4.66,1683322.2,1299520.9333333333,76255888.0,83796575.0,1.89,71,-14.96,327,2.41,149,-33.84,393,-15.46,-2.23,2026-10-29,False,https://www.tradingview.com/chart/?symbol=NYSE:SHAK&interval=D,False,False,False,False
ERAS,"Erasca, Inc.",NASDAQ,Pharmaceuticals: Major,14.66,16.21,17.1,6.51,7.06,5115039.3,4472674.5,65569408.0,72508763.0,-5.72,236,-17.96,354,-17.92,270,-10.66,306,-15.51,-2.02,2026-11-11,False,https://www.tradingview.com/chart/?symbol=NASDAQ:ERAS&interval=D,False,False,False,False
NG,Novagold Resources Inc.,AMEX,Precious Metals,6.5,7.9,7.44,5.85,6.6,5940906.4,5788121.7,37622791.0,45726161.0,-13.33,393,-25.03,409,2.69,148,-25.12,367,-15.82,-1.92,2026-10-08,False,https://www.tradingview.com/chart/?symbol=AMEX:NG&interval=D,False,False,False,False
PENN,"PENN Entertainment, Inc.",NASDAQ,Casinos/Gaming,14.65,16.94,18.12,4.29,4.34,3455025.0,2870090.7666666666,42046830.0,48608336.0,-7.04,271,-15.37,333,-31.83,374,-0.54,266,-15.91,-4.41,2026-10-29,False,https://www.tradingview.com/chart/?symbol=NASDAQ:PENN&interval=D,False,False,False,False
FSLR,"First Solar, Inc.",NASDAQ,Semiconductors,175.16,200.0,208.88,5.04,5.26,2754883.7,2199394.3666666667,385245917.0,439880340.0,-12.59,382,-13.89,313,-24.53,324,-10.98,308,-16.46,-3.07,2026-10-29,False,https://www.tradingview.com/chart/?symbol=NASDAQ:FSLR&interval=D,False,False,False,False
EYE,"National Vision Holdings, Inc.",NASDAQ,Specialty Stores,16.38,17.12,18.71,4.5,4.64,2505649.3,2292342.3333333335,37548567.0,39241462.0,-0.61,115,-6.56,241,-14.64,242,-28.66,382,-16.62,-2.68,2026-11-11,False,https://www.tradingview.com/chart/?symbol=NASDAQ:EYE&interval=D,False,False,False,False
MWH,"SOLV Energy, Inc.",NASDAQ,Engineering & Construction,24.02,26.07,27.2,4.96,5.45,1261582.9,1583950.6666666667,38046495.0,41298346.0,-7.93,303,-7.97,252,-24.25,321,-17.68,335,-16.63,-2.15,2026-12-02,False,https://www.tradingview.com/chart/?symbol=NASDAQ:MWH&interval=D,False,False,False,False
PLUG,"Plug Power, Inc.",NASDAQ,Electronic Production Equipment,1.94,2.11,2.12,4.65,5.7,49186079.6,50485132.96666667,97941158.0,106489974.0,-8.49,323,-11.01,277,-27.61,340,-11.42,309,-16.68,-1.51,2026-11-10,False,https://www.tradingview.com/chart/?symbol=NASDAQ:PLUG&interval=D,False,False,False,False
ENPH,"Enphase Energy, Inc.",NASDAQ,Electrical Products,32.99,35.92,37.2,4.68,5.43,5357633.2,4498149.266666667,148393944.0,161559278.0,-4.52,208,-10.43,272,-29.61,356,-10.46,304,-16.83,-2.08,2026-10-27,False,https://www.tradingview.com/chart/?symbol=NASDAQ:ENPH&interval=D,False,False,False,False
MIRM,"Mirum Pharmaceuticals, Inc.",NASDAQ,Pharmaceuticals: Major,85.48,95.73,99.44,4.77,4.64,918766.2,660082.2333333333,56423829.0,63191212.0,-6.38,254,-12.29,288,-29.69,358,-8.71,299,-16.9,-3.02,2026-11-17,False,https://www.tradingview.com/chart/?symbol=NASDAQ:MIRM&interval=D,False,False,False,False
MIAX,"Miami International Holdings, Inc.",NYSE,Investment Banks/Brokers,33.5,40.08,41.73,4.48,4.67,1915856.4,1549144.5333333334,51896342.0,62092811.0,-8.22,317,-21.44,385,-14.87,243,-14.5,324,-16.93,-4.23,2026-11-11,False,https://www.tradingview.com/chart/?symbol=NYSE:MIAX&interval=D,False,False,False,False
USAR,"USA Rare Earth, Inc.",NASDAQ,Metal Fabrication,14.08,16.76,16.79,5.0,6.89,13541956.8,13270551.466666667,186849365.0,222418866.0,-16.17,416,-21.03,380,-30.26,363,-0.67,268,-17.32,-2.34,2026-11-05,False,https://www.tradingview.com/chart/?symbol=NASDAQ:USAR&interval=D,False,False,False,False
COUR,"Coursera, Inc.",NYSE,Miscellaneous Commercial Services,4.96,5.56,5.6,4.01,5.07,8682810.0,5827446.3,28904134.0,32381177.0,-3.5,187,-22.5,393,-17.88,269,-13.74,319,-18.04,-2.26,2026-10-22,False,https://www.tradingview.com/chart/?symbol=NYSE:COUR&interval=D,False,False,False,False
AXON,"Axon Enterprise, Inc.",NASDAQ,Aerospace & Defense,422.52,510.77,532.75,4.68,5.45,992304.7,964977.3,407722209.0,492883385.0,-8.06,310,-28.49,425,-28.03,346,1.81,260,-18.24,-3.8,2026-11-10,False,https://www.tradingview.com/chart/?symbol=NASDAQ:AXON&interval=D,False,False,False,False
ALM,Almonty Industries Inc.,NASDAQ,Other Metals/Minerals,13.16,16.04,15.03,7.44,8.72,6381168.0,6432651.166666667,84653689.0,103200095.0,-4.57,212,-27.65,421,-19.88,285,-7.52,296,-18.35,-1.42,2026-11-17,False,https://www.tradingview.com/chart/?symbol=NASDAQ:ALM&interval=D,False,False,False,False
OKLO,Oklo Inc.,NYSE,Industrial Machinery,37.02,39.64,40.94,5.39,6.29,9468207.7,9814349.6,363327222.0,389011375.0,-7.93,302,-6.52,239,-29.89,360,-19.43,341,-18.61,-1.52,2026-11-18,False,https://www.tradingview.com/chart/?symbol=NYSE:OKLO&interval=D,False,False,False,False
NNE,Nano Nuclear Energy Inc.,NASDAQ,Electrical Products,15.85,17.42,17.56,5.53,6.54,2152148.7,1787033.0333333334,28324474.0,31136668.0,-7.85,298,-11.15,278,-24.45,323,-20.23,351,-18.61,-1.49,2026-12-17,False,https://www.tradingview.com/chart/?symbol=NASDAQ:NNE&interval=D,False,False,False,False
ASTS,"AST SpaceMobile, Inc.",NASDAQ,Specialty Telecommunications,58.86,61.36,62.81,6.21,7.09,11134529.8,9813837.133333333,577642454.0,602203217.0,-7.31,278,2.47,146,-32.67,377,-25.68,371,-18.63,-0.89,2026-11-16,False,https://www.tradingview.com/chart/?symbol=NASDAQ:ASTS&interval=D,False,False,False,False
AN,"AutoNation, Inc.",NYSE,Specialty Stores,157.44,190.14,198.5,5.2,4.62,817614.9,550472.1666666666,86666338.0,104665860.0,-7.34,279,-21.09,382,-15.28,248,-19.95,349,-18.77,-4.47,2026-10-22,False,https://www.tradingview.com/chart/?symbol=NYSE:AN&interval=D,False,False,False,False
ENOV,Enovis Corporation,NYSE,Medical Specialties,18.27,20.71,23.37,5.11,5.72,1838636.1,1749043.3666666667,31955022.0,36230850.0,-0.11,108,-25.37,411,-11.27,221,-19.69,344,-18.78,-3.82,2026-11-11,False,https://www.tradingview.com/chart/?symbol=NYSE:ENOV&interval=D,False,False,False,False
SMR,NuScale Power Corporation,NYSE,Electrical Products,7.9,9.09,9.05,6.93,7.77,37569958.0,37757939.96666667,298287726.0,343081229.0,-10.43,349,-13.85,312,-22.55,305,-20.36,352,-18.92,-1.63,2026-11-05,False,https://www.tradingview.com/chart/?symbol=NYSE:SMR&interval=D,False,False,False,False
EROC,"ERock, Inc.",NYSE,Electrical Products,12.26,12.52,12.31,7.32,8.96,2706225.0,2507842.7,30746152.0,31407386.0,-4.33,206,0.82,160,-19.13,280,-39.0,408,-19.1,-0.05,2026-12-02,False,https://www.tradingview.com/chart/?symbol=NYSE:EROC&interval=D,False,False,False,False
AIR,AAR Corp.,NYSE,Aerospace & Defense,101.47,123.69,130.92,5.69,5.86,838499.7,502096.23333333334,50947705.0,62104953.0,-12.62,385,-22.64,395,-29.43,354,-5.66,285,-19.24,-3.84,2027-01-06,False,https://www.tradingview.com/chart/?symbol=NYSE:AIR&interval=D,False,False,False,False
LEU,Centrus Energy Corp.,NYSE,Other Metals/Minerals,139.49,163.81,170.38,5.44,6.8,709398.8,710974.0999999988,99173777.0,116467511.0,-10.58,352,-19.96,370,-18.43,273,-20.37,353,-19.59,-2.67,2026-11-11,False,https://www.tradingview.com/chart/?symbol=NYSE:LEU&interval=D,False,False,False,False
GIL,"Gildan Activewear, Inc.",NYSE,Apparel/Footwear,42.63,49.34,51.58,4.28,4.43,2412047.8,1485561.6666666667,63329494.0,73299593.0,-8.66,326,-19.0,359,-17.58,265,-22.26,359,-19.61,-3.92,2026-10-29,False,https://www.tradingview.com/chart/?symbol=NYSE:GIL&interval=D,False,False,False,False
BKV,BKV Corporation,NYSE,Integrated Oil,21.34,24.01,24.43,4.08,4.61,1718857.5,2129546.7,45444527.0,51133966.0,-8.37,319,-13.53,302,-21.72,298,-23.79,364,-19.68,-2.75,2026-11-17,False,https://www.tradingview.com/chart/?symbol=NYSE:BKV&interval=D,False,False,False,False
ACAD,ACADIA Pharmaceuticals Inc.,NASDAQ,Pharmaceuticals: Major,20.15,26.98,27.15,4.93,5.09,3021868.4,1923845.5333333334,38765487.0,51904391.0,-23.7,438,-30.64,431,-20.7,288,-7.78,297,-19.71,-5.06,2026-11-11,False,https://www.tradingview.com/chart/?symbol=NASDAQ:ACAD&interval=D,False,False,False,False
NAMS,NewAmsterdam Pharma Company N.V.,NASDAQ,Pharmaceuticals: Major,24.32,24.45,25.94,5.44,5.63,2141505.0,1610218.9333333333,39160524.0,39362875.0,4.33,36,-5.19,218,-31.05,370,-23.16,363,-19.8,-1.11,2026-11-11,False,https://www.tradingview.com/chart/?symbol=NASDAQ:NAMS&interval=D,False,False,False,False
BBAI,"BigBear.ai, Inc.",NYSE,Packaged Software,2.65,2.92,2.96,4.26,4.82,13428228.9,15403582.666666666,40819494.0,44947654.0,-7.99,307,-12.25,287,-27.4,337,-19.82,346,-19.82,-2.16,2026-11-11,False,https://www.tradingview.com/chart/?symbol=NYSE:BBAI&interval=D,False,False,False,False
RKT,"Rocket Companies, Inc.",NYSE,Finance/Rental/Leasing,11.51,13.18,13.42,4.75,5.17,43548984.0,31148346.666666668,358517470.0,410576740.0,-8.14,313,-14.74,322,-27.56,339,-17.43,332,-19.91,-2.75,2026-10-29,False,https://www.tradingview.com/chart/?symbol=NYSE:RKT&interval=D,False,False,False,False
LUNR,"Intuitive Machines, Inc.",NASDAQ,Aerospace & Defense,14.24,15.42,15.26,6.66,7.44,8830307.7,7115386.066666666,101323098.0,109709766.0,-11.83,371,-4.43,213,-29.56,355,-26.26,373,-20.08,-0.9,2026-11-18,False,https://www.tradingview.com/chart/?symbol=NASDAQ:LUNR&interval=D,False,False,False,False
BOOT,"Boot Barn Holdings, Inc.",NYSE,Apparel/Footwear Retail,120.47,141.76,148.43,4.58,4.8,686087.1,672589.4,81026845.0,95343807.0,-5.46,231,-21.95,389,-25.25,327,-13.21,316,-20.14,-3.92,2026-11-04,False,https://www.tradingview.com/chart/?symbol=NYSE:BOOT&interval=D,False,False,False,False
FOUR,"Shift4 Payments, Inc.",NYSE,Miscellaneous Commercial Services,36.17,42.54,44.94,5.32,6.25,2063459.1,2038603.7666666666,73736298.0,86720166.0,-7.26,275,-18.59,357,-27.7,342,-14.23,321,-20.17,-3.12,2026-11-11,False,https://www.tradingview.com/chart/?symbol=NYSE:FOUR&interval=D,False,False,False,False
CELC,Celcuity Inc.,NASDAQ,Medical Specialties,79.52,87.23,87.89,4.95,5.53,1037860.7,887167.7666666667,70547581.0,77385574.0,-6.37,252,-9.23,262,-24.87,325,-27.18,375,-20.43,-1.72,2026-11-18,False,https://www.tradingview.com/chart/?symbol=NASDAQ:CELC&interval=D,False,False,False,False
TPL,Texas Pacific Land Corporation,NYSE,Investment Trusts/Mutual Funds,325.83,360.76,368.86,4.1,4.27,477135.0999999996,390420.0999999999,127210581.0,140849257.0,-8.98,332,-11.94,284,-21.95,299,-27.45,376,-20.45,-2.73,2026-11-04,False,https://www.tradingview.com/chart/?symbol=NYSE:TPL&interval=D,False,False,False,False
UEC,Uranium Energy Corp.,AMEX,Other Metals/Minerals,9.45,11.05,10.81,5.68,6.43,10758062.0,9486939.466666667,89651578.0,104852817.0,-7.08,272,-23.23,400,-12.01,226,-26.52,374,-20.59,-1.95,2026-12-16,False,https://www.tradingview.com/chart/?symbol=AMEX:UEC&interval=D,False,False,False,False
BBWI,"Bath & Body Works, Inc.",NYSE,Specialty Stores,15.92,17.94,18.7,4.03,4.85,6877621.7,6976766.233333333,111070118.0,125160861.0,-6.35,251,-17.3,347,-28.87,348,-16.12,327,-20.76,-3.06,2026-11-18,False,https://www.tradingview.com/chart/?symbol=NYSE:BBWI&interval=D,False,False,False,False
DKNG,DraftKings Inc.,NASDAQ,Movies/Entertainment,19.0,23.49,23.7,6.42,6.2,18296431.6,12198929.033333333,231779652.0,286573175.0,-13.12,391,-23.48,402,-25.96,331,-12.96,314,-20.8,-3.2,2026-10-30,False,https://www.tradingview.com/chart/?symbol=NASDAQ:DKNG&interval=D,False,False,False,False
UPST,"Upstart Holdings, Inc.",NASDAQ,Finance/Rental/Leasing,22.99,26.81,27.68,4.25,5.12,4735161.8,4362447.4,100292666.0,116945582.0,-10.82,355,-19.67,367,-36.21,391,-6.77,293,-20.88,-3.31,2026-11-10,False,https://www.tradingview.com/chart/?symbol=NASDAQ:UPST&interval=D,False,False,False,False
RSI,"Rush Street Interactive, Inc.",NYSE,Casinos/Gaming,20.33,24.51,25.66,5.84,5.88,5111371.8,3174297.3,64533464.0,77799911.0,-2.02,138,-22.43,392,-35.25,388,-5.88,287,-21.19,-3.53,2026-11-04,False,https://www.tradingview.com/chart/?symbol=NYSE:RSI&interval=D,False,False,False,False
VSEC,VSE Corporation,NASDAQ,Engineering & Construction,164.7,195.86,203.5,4.69,5.48,429722.1,354673.26666666666,58414687.0,69465951.0,-8.79,329,-22.88,398,-29.23,352,-11.71,311,-21.27,-3.48,2026-10-28,False,https://www.tradingview.com/chart/?symbol=NASDAQ:VSEC&interval=D,False,False,False,False
AMPX,"Amprius Technologies, Inc.",NYSE,Electrical Products,9.68,9.78,10.15,5.52,6.27,6104594.2,4904311.933333334,47473740.0,47980518.0,-2.52,152,-0.72,175,-27.65,341,-35.47,400,-21.28,-0.75,2026-11-05,False,https://www.tradingview.com/chart/?symbol=NYSE:AMPX&interval=D,False,False,False,False
XRAY,DENTSPLY SIRONA Inc.,NASDAQ,Medical Specialties,8.86,10.36,11.3,4.37,4.8,5837046.6,4343185.0,38480619.0,45004807.0,-10.41,348,-20.79,377,-21.45,296,-21.94,357,-21.39,-4.51,2026-10-29,False,https://www.tradingview.com/chart/?symbol=NASDAQ:XRAY&interval=D,False,False,False,False
MAIR,Madison Air Solutions Corporation,NYSE,Industrial Machinery,24.6,25.44,27.91,4.21,4.84,2500728.2,2870868.6666666665,70623369.0,73034899.0,-0.89,121,-6.39,236,-34.71,384,-23.12,362,-21.41,-2.45,2026-12-02,False,https://www.tradingview.com/chart/?symbol=NYSE:MAIR&interval=D,False,False,False,False
CHWY,"Chewy, Inc.",NYSE,Internet Retail,18.2,21.68,22.04,4.53,5.13,10694252.2,9556470.633333333,173927766.0,207155614.0,-7.61,285,-21.59,387,-12.03,227,-30.98,387,-21.53,-3.4,2026-12-03,False,https://www.tradingview.com/chart/?symbol=NYSE:CHWY&interval=D,False,False,False,False
IBP,"Installed Building Products, Inc.",NYSE,Engineering & Construction,191.88,219.68,226.07,4.31,4.8,427676.6,392025.73333333334,75221898.0,86121912.0,-7.82,297,-22.03,390,-14.97,245,-27.86,379,-21.62,-3.15,2026-11-11,False,https://www.tradingview.com/chart/?symbol=NYSE:IBP&interval=D,False,False,False,False
UAA,"Under Armour, Inc.",NYSE,Apparel/Footwear,4.46,4.94,5.49,4.13,4.62,11180048.0,8722063.633333333,38900404.0,43069550.0,-5.71,235,-11.51,280,-32.32,375,-21.34,355,-21.72,-4.06,2026-11-05,False,https://www.tradingview.com/chart/?symbol=NYSE:UAA&interval=D,False,False,False,False
LBRT,Liberty Energy Inc.,NYSE,Oilfield Services/Equipment,18.22,19.44,19.65,4.79,5.3,4289414.8,3742520.7,68188727.0,72743375.0,0.5,96,-6.28,232,-25.27,328,-34.6,395,-22.05,-1.38,2026-10-21,False,https://www.tradingview.com/chart/?symbol=NYSE:LBRT&interval=D,False,False,False,False
FDXF,"FedEx Freight Holding Company, Inc.",NYSE,Trucking,109.38,125.26,133.34,4.1,4.41,2148207.5,1560447.4,170681737.0,195460601.0,-7.66,289,-17.64,351,-29.74,359,-18.98,339,-22.12,-4.07,2026-12-02,False,https://www.tradingview.com/chart/?symbol=NYSE:FDXF&interval=D,False,False,False,False
DNN,Denison Mines Corp,AMEX,Other Metals/Minerals,2.59,3.11,3.09,5.14,5.57,25041593.3,26181756.966666665,67810751.0,81512537.0,-10.38,347,-22.69,396,-18.04,271,-26.21,372,-22.31,-2.91,2026-11-03,False,https://www.tradingview.com/chart/?symbol=AMEX:DNN&interval=D,False,False,False,False
CRK,"Comstock Resources, Inc.",NYSE,Oil & Gas Production,12.32,14.05,13.81,5.23,5.31,2696551.5,2784386.566666667,34303643.0,39110422.0,-7.72,291,-15.27,332,-16.13,256,-37.05,403,-22.82,-2.03,2026-11-03,False,https://www.tradingview.com/chart/?symbol=NYSE:CRK&interval=D,False,False,False,False
CBRS,Cerebras Systems Inc.,NASDAQ,Packaged Software,177.65,193.9,202.93,5.66,7.9,7027544.4,6549031.466666667,1163435440.0,1269832097.0,-16.38,419,-0.05,167,-19.25,281,-49.24,427,-22.85,-1.58,2026-12-02,False,https://www.tradingview.com/chart/?symbol=NASDAQ:CBRS&interval=D,False,False,False,False
GT,The Goodyear Tire & Rubber Company,NASDAQ,Automotive Aftermarket,4.97,5.64,6.07,4.25,4.76,10167601.7,8899762.3,44231819.0,50154610.0,-8.72,328,-21.36,383,-24.35,322,-24.7,365,-23.47,-3.8,2026-11-09,False,https://www.tradingview.com/chart/?symbol=NASDAQ:GT&interval=D,False,False,False,False
ZG,"Zillow Group, Inc.",NASDAQ,Internet Software/Services,27.7,33.22,33.55,4.58,5.03,1174302.9,940572.2,26053850.0,31249728.0,-11.64,365,-24.01,407,-16.09,255,-30.51,386,-23.53,-3.46,2026-11-04,False,https://www.tradingview.com/chart/?symbol=NASDAQ:ZG&interval=D,False,False,False,False
LMND,"Lemonade, Inc.",NYSE,Multi-Line Insurance,45.14,49.86,51.51,4.03,4.6,1262992.5,1026858.0333333333,46352372.0,51202222.0,-4.22,203,-13.61,304,-34.84,385,-22.57,360,-23.67,-2.69,2026-11-10,False,https://www.tradingview.com/chart/?symbol=NYSE:LMND&interval=D,False,False,False,False
QNT,Quantinuum Inc.,NASDAQ,Computer Processing Hardware,48.06,50.84,53.44,6.23,6.88,2302429.3,1718661.3,82598862.0,87373876.0,-13.51,395,-3.88,209,-38.38,401,-29.32,383,-23.86,-1.46,2026-11-12,False,https://www.tradingview.com/chart/?symbol=NASDAQ:QNT&interval=D,False,False,False,False
ALKT,"Alkami Technology, Inc.",NASDAQ,Packaged Software,13.69,18.48,18.63,6.67,6.89,2800661.9,1884270.6333333333,25795665.0,34818809.0,-12.75,387,-31.6,432,-27.22,336,-13.13,315,-23.99,-3.85,2026-10-29,False,https://www.tradingview.com/chart/?symbol=NASDAQ:ALKT&interval=D,False,False,False,False
NXT,Nextpower Inc.,NASDAQ,Electronic Equipment/Instruments,77.93,83.15,89.62,4.39,4.87,2218910.7,2078213.0,161955139.0,172809646.0,-5.97,243,-7.23,247,-33.49,381,-31.66,388,-24.13,-2.68,2026-10-22,False,https://www.tradingview.com/chart/?symbol=NASDAQ:NXT&interval=D,False,False,False,False
TRIP,"TripAdvisor, Inc.",NASDAQ,Other Consumer Services,8.37,9.19,10.55,4.18,4.79,4714396.2,3996358.2666666666,33449519.0,36721204.0,-0.95,123,-14.33,318,-39.78,405,-18.42,338,-24.18,-4.31,2026-11-09,False,https://www.tradingview.com/chart/?symbol=NASDAQ:TRIP&interval=D,False,False,False,False
Z,"Zillow Group, Inc.",NASDAQ,Internet Software/Services,27.13,32.47,32.96,4.45,4.98,5197984.8,3817784.9,103576504.0,123973656.0,-11.25,360,-23.08,399,-18.85,276,-31.8,389,-24.57,-3.55,2026-11-04,False,https://www.tradingview.com/chart/?symbol=NASDAQ:Z&interval=D,False,False,False,False
AAP,Advance Auto Parts Inc.,NYSE,Specialty Stores,38.91,42.96,48.4,4.23,4.95,1899340.8,2379114.3333333335,92571339.0,102211510.0,-7.93,300,-9.0,261,-37.85,399,-27.68,378,-24.84,-3.96,2026-11-18,False,https://www.tradingview.com/chart/?symbol=NYSE:AAP&interval=D,False,False,False,False
KTOS,"Kratos Defense & Security Solutions, Inc.",NASDAQ,Aerospace & Defense,42.69,49.1,51.39,4.85,5.46,4478612.3,3673347.2,156815192.0,180355225.0,-9.11,333,-17.42,350,-22.93,308,-34.6,396,-24.98,-3.1,2026-10-29,False,https://www.tradingview.com/chart/?symbol=NASDAQ:KTOS&interval=D,False,False,False,False
WING,Wingstop Inc.,NASDAQ,Restaurants,105.37,108.67,115.28,5.5,5.72,1427405.1,1279954.3333333333,134868788.0,139095197.0,4.33,37,-6.93,242,-40.47,407,-27.95,380,-25.12,-1.5,2026-10-28,False,https://www.tradingview.com/chart/?symbol=NASDAQ:WING&interval=D,False,False,False,False
ESAB,ESAB Corporation,NYSE,Industrial Machinery,65.88,72.43,78.33,4.03,4.54,1092759.2,923860.5,60863930.0,66917680.0,-2.66,157,-13.03,298,-30.66,365,-31.84,390,-25.17,-3.5,2026-11-04,False,https://www.tradingview.com/chart/?symbol=NYSE:ESAB&interval=D,False,False,False,False
HUBG,"Hub Group, Inc.",NASDAQ,Air Freight/Couriers,29.58,35.45,39.4,4.89,5.02,1343942.4,1285874.6,38036171.0,45578682.0,-7.94,304,-25.21,410,-33.27,379,-17.47,333,-25.32,-4.97,2026-10-22,False,https://www.tradingview.com/chart/?symbol=NASDAQ:HUBG&interval=D,False,False,False,False
QS,QuantumScape Corporation,NASDAQ,Electrical Products,4.64,5.31,5.44,4.57,5.43,12471413.1,13361231.4,62062920.0,70908055.0,-7.65,287,-16.53,343,-39.71,404,-21.67,356,-25.97,-2.7,2026-10-28,False,https://www.tradingview.com/chart/?symbol=NASDAQ:QS&interval=D,False,False,False,False
STUB,"StubHub Holdings, Inc.",NYSE,Internet Software/Services,5.58,6.11,7.04,4.86,5.86,8637661.2,6735272.633333334,37582821.0,41152516.0,-2.28,144,-14.81,325,-56.34,430,-6.84,294,-26.0,-3.54,2026-11-12,False,https://www.tradingview.com/chart/?symbol=NYSE:STUB&interval=D,False,False,False,False
APP,Applovin Corporation,NASDAQ,Packaged Software,290.43,314.3,335.95,5.04,5.4,5334818.4,4774899.033333333,1386773926.0,1500765091.0,-8.06,311,-7.87,251,-47.22,416,-22.91,361,-26.0,-2.51,2026-11-11,False,https://www.tradingview.com/chart/?symbol=NASDAQ:APP&interval=D,False,False,False,False
SEDG,"SolarEdge Technologies, Inc.",NASDAQ,Electrical Products,31.87,33.42,35.17,6.75,7.45,2473652.8,3041306.1666666665,96926428.0,101634369.0,-11.42,361,2.31,147,-43.8,412,-37.01,402,-26.17,-1.26,2026-11-11,False,https://www.tradingview.com/chart/?symbol=NASDAQ:SEDG&interval=D,False,False,False,False
QXO,"QXO, Inc.",NYSE,Wholesale Distributors,11.69,12.73,13.42,4.49,4.99,22781586.5,17182724.966666665,200866055.0,218701723.0,-7.95,305,-12.83,295,-29.19,351,-37.32,405,-26.45,-2.59,2026-11-17,False,https://www.tradingview.com/chart/?symbol=NYSE:QXO&interval=D,False,False,False,False
FTAI,FTAI Aviation Ltd.,NASDAQ,Aerospace & Defense,167.03,189.03,200.03,4.18,5.36,1260066.0000000014,1324599.300000002,221247821.0,250391655.0,-11.03,357,-13.01,297,-36.31,393,-30.28,385,-26.53,-3.08,2026-11-03,False,https://www.tradingview.com/chart/?symbol=NASDAQ:FTAI&interval=D,False,False,False,False
FLUT,Flutter Entertainment plc,NYSE,Casinos/Gaming,74.54,94.47,96.74,5.77,5.82,3575488.9,2788172.033333333,207830343.0,263389318.0,-16.07,415,-26.66,416,-29.97,362,-25.68,370,-27.44,-3.94,2026-11-18,False,https://www.tradingview.com/chart/?symbol=NYSE:FLUT&interval=D,False,False,False,False
CENX,Century Aluminum Company,NASDAQ,Aluminum,35.98,42.59,44.22,4.2,5.31,1850737.9,1810809.2,65152915.0,77114819.0,-7.48,282,-23.45,401,-17.48,264,-41.51,415,-27.48,-3.51,2026-11-09,False,https://www.tradingview.com/chart/?symbol=NASDAQ:CENX&interval=D,False,False,False,False
UUUU,Energy Fuels Inc,AMEX,Other Metals/Minerals,11.03,13.34,13.18,4.58,5.97,7481677.8,6920655.266666667,76334828.0,92286938.0,-7.85,299,-24.24,408,-23.08,311,-35.12,398,-27.48,-2.74,2026-10-30,False,https://www.tradingview.com/chart/?symbol=AMEX:UUUU&interval=D,False,False,False,False
HYMC,Hycroft Mining Holding Corporation,NASDAQ,Precious Metals,19.04,22.66,22.92,6.62,8.12,2471160.9999999995,2183476.7666666624,41573398.0,49481587.0,-12.54,380,-20.07,372,-21.03,290,-41.36,412,-27.49,-2.08,2026-11-03,False,https://www.tradingview.com/chart/?symbol=NASDAQ:HYMC&interval=D,False,False,False,False
PLNT,"Planet Fitness, Inc.",NYSE,Other Consumer Services,42.22,49.05,50.6,5.2,4.91,3832802.5,2356877.6666666665,99507375.0,115604850.0,-1.1,125,-19.95,369,-21.41,295,-41.39,414,-27.58,-3.37,2026-11-10,False,https://www.tradingview.com/chart/?symbol=NYSE:PLNT&interval=D,False,False,False,False
FRMI,Fermi Inc.,NASDAQ,Real Estate Development,4.21,5.11,5.63,6.53,8.31,18315618.1,16492829.1,69434811.0,84195893.0,-16.3,418,-15.8,336,-50.59,422,-17.29,331,-27.89,-3.04,2026-11-17,False,https://www.tradingview.com/chart/?symbol=NASDAQ:FRMI&interval=D,False,False,False,False
EOSE,"Eos Energy Enterprises, Inc.",NASDAQ,Electrical Products,3.06,3.63,3.71,8.48,9.68,29341175.6,27285455.166666668,83629920.0,98955251.0,-23.18,436,-4.52,214,-44.58,414,-34.93,397,-28.01,-1.79,2026-11-11,False,https://www.tradingview.com/chart/?symbol=NASDAQ:EOSE&interval=D,False,False,False,False
TE,T1 Energy Inc.,NYSE,Electrical Products,3.86,4.36,4.62,6.15,8.58,20171254.6,19859833.5,76658957.0,86542534.0,-10.85,356,-19.42,364,-58.04,431,-8.75,300,-28.74,-1.92,2026-11-11,False,https://www.tradingview.com/chart/?symbol=NYSE:TE&interval=D,False,False,False,False
FMC,FMC Corporation,NYSE,Chemicals: Agricultural,8.92,11.0,10.88,5.97,6.25,4557429.7,3526818.1666666665,31459218.0,38790297.0,-14.35,403,-20.99,379,-18.91,278,-47.81,424,-29.24,-2.88,2026-10-29,False,https://www.tradingview.com/chart/?symbol=NYSE:FMC&interval=D,False,False,False,False
CAR,"Avis Budget Group, Inc.",NASDAQ,Finance/Rental/Leasing,106.67,127.06,134.82,5.17,5.37,495674.2,393028.93333333335,41924396.0,49939697.0,-0.34,110,-22.52,394,-28.3,347,-37.25,404,-29.36,-3.89,2026-11-02,False,https://www.tradingview.com/chart/?symbol=NASDAQ:CAR&interval=D,False,False,False,False
WHR,Whirlpool Corporation,NYSE,Electronics/Appliances,30.68,36.16,37.84,4.51,5.2,2918042.4,2672594.1,81995187.0,96645457.0,-7.7,290,-23.7,403,-24.19,319,-42.44,417,-30.11,-3.64,2026-10-15,False,https://www.tradingview.com/chart/?symbol=NYSE:WHR&interval=D,False,False,False,False
MTZ,"MasTec, Inc.",NYSE,Engineering & Construction,213.62,233.6,258.11,4.81,5.5,1809363.5,1527130.5333333334,326225625.0,356740238.0,-3.68,192,-11.67,281,-45.53,415,-33.98,394,-30.39,-3.13,2026-10-29,False,https://www.tradingview.com/chart/?symbol=NYSE:MTZ&interval=D,False,False,False,False
PUMP,ProPetro Holding Corp.,NYSE,Oilfield Services/Equipment,8.84,10.69,11.02,5.5,6.05,4666440.1,3699808.7333333334,32706309.0,39564521.0,-12.48,379,-21.7,388,-34.18,382,-35.43,399,-30.44,-3.27,2026-11-04,False,https://www.tradingview.com/chart/?symbol=NYSE:PUMP&interval=D,False,False,False,False
AGX,"Argan, Inc.",NYSE,Engineering & Construction,377.95,414.26,478.58,4.12,5.76,453096.9,415844.6666666667,157168492.0,172269614.0,2.09,68,-10.29,270,-50.41,421,-31.85,391,-30.85,-3.65,2026-12-09,False,https://www.tradingview.com/chart/?symbol=NYSE:AGX&interval=D,False,False,False,False
TTD,"The Trade Desk, Inc.",NASDAQ,Packaged Software,12.17,13.62,14.73,4.49,4.92,34489897.39999999,22844322.700000007,278015407.0,311086372.0,-7.52,284,-12.88,296,-36.22,392,-44.02,420,-31.04,-3.53,2026-11-05,False,https://www.tradingview.com/chart/?symbol=NASDAQ:TTD&interval=D,False,False,False,False
RUN,Sunrun Inc.,NASDAQ,Semiconductors,7.77,8.65,9.19,4.87,5.84,7976293.7,7362720.766666667,57208340.0,63703487.0,-11.1,359,-10.98,276,-40.73,409,-42.99,418,-31.57,-2.65,2026-11-04,False,https://www.tradingview.com/chart/?symbol=NASDAQ:RUN&interval=D,False,False,False,False
FTFT,Future FinTech Group Inc.,NASDAQ,Finance/Rental/Leasing,3.4,3.47,3.6,43.92,32.62,1073481.5,11043137.708333334,37546668.0,38329627.0,-12.6,383,53.85,10,-67.4,441,-82.72,442,-32.09,-0.17,,False,https://www.tradingview.com/chart/?symbol=NASDAQ:FTFT&interval=D,False,True,False,False
CHTR,"Charter Communications, Inc.",NASDAQ,Cable/Satellite TV,110.9,138.01,140.96,4.75,5.56,3485617.4,3170079.8,351561850.0,437506940.0,-5.01,219,-27.02,419,-21.16,294,-48.77,426,-32.32,-3.84,2026-10-30,False,https://www.tradingview.com/chart/?symbol=NASDAQ:CHTR&interval=D,False,False,False,False
KNF,Knife Riv Holding Co.,NYSE,Construction Materials,50.42,59.12,64.13,4.4,4.88,1295044.7,1035859.9,52228056.0,61238311.0,-8.19,315,-20.74,376,-39.65,403,-36.82,401,-32.4,-4.38,2026-11-09,False,https://www.tradingview.com/chart/?symbol=NYSE:KNF&interval=D,False,False,False,False
XE,"X-Energy, Inc.",NASDAQ,Industrial Machinery,14.18,16.86,17.51,6.89,8.7,6778557.8,6613054.666666667,93773115.0,111507123.0,-12.31,377,-18.13,356,-23.39,313,-55.72,431,-32.41,-2.19,2026-12-02,False,https://www.tradingview.com/chart/?symbol=NASDAQ:XE&interval=D,False,False,False,False
BIAF,"bioAffinity Technologies, Inc.",NASDAQ,Medical Specialties,6.56,7.62,7.88,20.64,26.67,3873512.4999999986,6234654.324444444,40899332.0,47489674.0,-21.9,433,35.82,17,-47.94,417,-88.31,444,-33.48,-0.63,2026-11-18,False,https://www.tradingview.com/chart/?symbol=NASDAQ:BIAF&interval=D,False,True,False,False
INIO,INNIO N.V.,NASDAQ,Electrical Products,18.13,20.47,22.87,6.7,7.9,7181436.9,5024545.9,91095017.0,102869203.0,-5.96,241,-12.37,289,-52.4,425,-41.52,416,-35.43,-2.62,2026-12-02,False,https://www.tradingview.com/chart/?symbol=NASDAQ:INIO&interval=D,False,False,False,False
XENE,Xenon Pharmaceuticals Inc.,NASDAQ,Pharmaceuticals: Major,37.19,53.17,57.52,5.24,6.47,4263443.9,1831801.6333333333,68124703.0,97399946.0,-5.87,238,-37.85,435,-38.36,400,-33.59,392,-36.6,-5.46,2026-11-11,False,https://www.tradingview.com/chart/?symbol=NASDAQ:XENE&interval=D,False,False,False,False
IONS,"Ionis Pharmaceuticals, Inc.",NASDAQ,Pharmaceuticals: Major,44.65,53.53,54.35,5.23,4.94,4665181.1,3861879.433333333,172432917.0,206719970.0,-3.42,184,-26.88,417,-43.86,413,-39.45,410,-36.73,-3.61,2026-11-04,False,https://www.tradingview.com/chart/?symbol=NASDAQ:IONS&interval=D,False,False,False,False
PL,Planet Labs PBC,NYSE,Packaged Software,16.39,18.43,20.03,5.0,6.35,10687491.7,10576901.866666667,173355422.0,194911148.0,-2.73,161,-18.05,355,-48.12,419,-44.33,421,-36.83,-2.86,2026-12-14,False,https://www.tradingview.com/chart/?symbol=NYSE:PL&interval=D,False,False,False,False
RCAT,"Red Cat Holdings, Inc.",NASDAQ,Packaged Software,6.46,7.96,8.32,5.92,7.02,10458883.4,7887008.933333334,50950078.0,62770075.0,-6.92,269,-25.75,412,-40.32,406,-44.88,422,-36.98,-3.18,2026-11-12,False,https://www.tradingview.com/chart/?symbol=NASDAQ:RCAT&interval=D,False,False,False,False
LCID,"Lucid Group, Inc.",NASDAQ,Motor Vehicles,4.07,4.56,5.5,5.33,7.45,11081379.39999998,11784495.633333348,47962897.0,53766761.0,-4.68,214,-17.28,346,-40.67,408,-56.63,432,-38.19,-3.49,2026-11-10,False,https://www.tradingview.com/chart/?symbol=NASDAQ:LCID&interval=D,False,False,False,False
BRBR,"BellRing Brands, Inc.",NYSE,Beverages: Non-Alcoholic,7.69,9.52,10.56,4.93,6.11,3954837.5,3186665.9,24505461.0,30343433.0,-14.17,399,-26.97,418,-41.96,410,-50.45,429,-39.79,-4.45,2026-11-23,False,https://www.tradingview.com/chart/?symbol=NYSE:BRBR&interval=D,False,False,False,False
SOC,Sable Offshore Corp.,NYSE,Integrated Oil,3.46,4.54,4.53,9.86,10.22,9294300.2,8856058.066666666,30641961.0,40241928.0,-20.09,430,-23.96,405,-17.81,267,-77.98,440,-39.92,-2.31,2026-11-12,False,https://www.tradingview.com/chart/?symbol=NYSE:SOC&interval=D,False,False,False,False
UTI,Universal Technical Institute Inc,NYSE,Miscellaneous Commercial Services,18.67,21.07,26.1,5.4,6.9,2194452.0,1896381.1333333333,35405436.0,39949165.0,-8.12,312,-12.8,293,-60.29,434,-48.71,425,-40.6,-4.12,2026-11-25,False,https://www.tradingview.com/chart/?symbol=NYSE:UTI&interval=D,False,False,False,False
RARE,Ultragenyx Pharmaceutical Inc.,NASDAQ,Pharmaceuticals: Major,15.03,18.71,21.68,5.64,7.97,6792541.4,5681562.7,85393887.0,106285940.0,-2.4,148,-40.94,437,-54.18,428,-28.6,381,-41.24,-3.85,2026-11-04,False,https://www.tradingview.com/chart/?symbol=NASDAQ:RARE&interval=D,False,False,False,False
FRVO,Fervo Energy Company,NASDAQ,Alternative Power Generation,13.59,16.26,18.67,8.3,10.82,7619620.9,7239000.833333333,98378021.0,117700121.0,-16.88,421,-8.48,257,-53.07,427,-62.25,437,-41.27,-2.51,2026-12-02,False,https://www.tradingview.com/chart/?symbol=NASDAQ:FRVO&interval=D,False,False,False,False
FLNC,"Fluence Energy, Inc.",NASDAQ,Electrical Products,7.68,9.56,11.1,5.64,8.33,11436267.8,7784082.1,59781751.0,74389878.0,2.13,66,-29.02,427,-58.43,432,-37.74,406,-41.73,-3.7,2026-11-30,False,https://www.tradingview.com/chart/?symbol=NASDAQ:FLNC&interval=D,False,False,False,False
OPEN,Opendoor Technologies Inc,NASDAQ,Real Estate Development,2.37,2.95,3.26,5.47,6.47,29976779.9,30033529.866666667,71179466.0,88498801.0,-13.82,398,-27.52,420,-52.55,426,-45.89,423,-41.99,-4.22,2026-11-05,False,https://www.tradingview.com/chart/?symbol=NASDAQ:OPEN&interval=D,False,False,False,False
CAPR,"Capricor Therapeutics, Inc.",NASDAQ,Pharmaceuticals: Major,9.47,8.77,8.42,6.64,9.68,4487586.0,5916407.533333333,56028379.0,51879992.0,2.27,61,-0.26,169,-59.06,433,-67.45,439,-42.26,1.29,2026-11-17,False,https://www.tradingview.com/chart/?symbol=NASDAQ:CAPR&interval=D,False,False,False,False
KRMN,Karman Holdings Inc.,NYSE,Aerospace & Defense,32.42,40.25,45.92,7.11,7.95,4820201.8,3580075.3666666667,116066043.0,144088487.0,-2.76,163,-28.31,424,-42.57,411,-59.5,435,-43.46,-3.7,2026-11-05,False,https://www.tradingview.com/chart/?symbol=NYSE:KRMN&interval=D,False,False,False,False
YSS,York Space Systems Inc.,NYSE,Aerospace & Defense,8.65,8.93,10.85,7.53,8.94,4616218.1,3502941.3333333335,30300443.0,31263751.0,-11.64,366,-3.35,201,-65.25,439,-62.06,436,-43.55,-2.27,2026-12-02,False,https://www.tradingview.com/chart/?symbol=NYSE:YSS&interval=D,False,False,False,False
LQDA,Liquidia Corporation,NASDAQ,Pharmaceuticals: Major,30.26,67.65,74.36,20.44,21.09,3550426.0,1929230.9666666666,58378529.0,130512153.0,-55.89,446,-54.9,440,-62.16,436,-18.11,337,-45.06,-2.81,2026-11-10,False,https://www.tradingview.com/chart/?symbol=NASDAQ:LQDA&interval=D,False,False,False,False
BW,"Babcock & Wilcox Enterprises, Inc.",NYSE,Electronic Equipment/Instruments,5.84,7.21,8.14,7.09,9.35,5322215.5,4779140.833333333,27910182.0,34452826.0,-19.0,428,-23.96,406,-54.55,429,-59.05,434,-45.85,-3.02,2026-11-11,False,https://www.tradingview.com/chart/?symbol=NYSE:BW&interval=D,False,False,False,False
FICO,Fair Isaac Corporation,NYSE,Financial Publishing/Services,592.47,996.01,1050.52,6.12,9.53,1060605.2,591878.0666666667,350669998.0,589513908.0,-34.89,441,-47.86,439,-51.47,424,-43.57,419,-47.63,-4.57,2026-11-11,False,https://www.tradingview.com/chart/?symbol=NYSE:FICO&interval=D,False,False,False,False
BENF,Beneficient,NASDAQ,Investment Managers,1.36,1.63,2.15,38.36,37.4,42676453.6,20226827.966666665,27508486.0,32949031.0,-53.42,445,-34.75,434,-62.33,437,-57.63,433,-51.57,-0.98,2026-11-12,False,https://www.tradingview.com/chart/?symbol=NASDAQ:BENF&interval=D,False,False,False,False
XNDU,Xanadu Quantum Technologies Limited,NASDAQ,Computer Processing Hardware,4.58,8.38,9.33,9.52,12.43,10570909.5,4601915.933333334,21076775.0,38554852.0,-23.54,437,-56.79,441,-61.45,435,-38.93,407,-52.39,-4.1,2026-12-02,False,https://www.tradingview.com/chart/?symbol=NASDAQ:XNDU&interval=D,False,False,False,False
TNON,"Tenon Medical, Inc.",NASDAQ,Medical/Nursing Services,4.09,4.65,5.27,25.92,26.35,5855146.1000000015,12920303.733333332,52844042.0,60088026.0,21.73,4,-10.7,274,-64.15,438,-83.54,443,-52.8,-0.85,2026-11-18,False,https://www.tradingview.com/chart/?symbol=NASDAQ:TNON&interval=D,True,False,False,False
ALHC,"Alignment Healthcare, Inc.",NASDAQ,Managed Health Care,8.16,11.32,13.06,9.74,8.86,13940418.8,9004377.4,73475720.0,101937056.0,3.03,49,-39.91,436,-66.24,440,-53.56,430,-53.24,-4.23,2026-10-29,False,https://www.tradingview.com/chart/?symbol=NASDAQ:ALHC&interval=D,False,False,False,False
ALMS,Alumis Inc.,NASDAQ,Pharmaceuticals: Major,7.39,13.05,18.57,6.61,13.12,2720644.0,3780718.1,27939507.0,49350974.0,-7.97,306,-66.85,442,-72.07,444,-66.35,438,-68.42,-4.59,2026-11-12,False,https://www.tradingview.com/chart/?symbol=NASDAQ:ALMS&interval=D,False,False,False,False
XHLD,"TEN Holdings, Inc.",NASDAQ,Miscellaneous Commercial Services,0.65,8.81,6.44,371.7,295.42,5891664.1,4138229.033333333,2682400.0,36475647.0,-94.31,449,-93.06,447,-68.38,442,-49.36,428,-70.27,-0.3,2026-11-16,False,https://www.tradingview.com/chart/?symbol=NASDAQ:XHLD&interval=D,False,False,False,False
LHSW,Lianhe Sowell International Group Ltd,NASDAQ,Computer Processing Hardware,0.51,1.9,2.22,25.83,81.68,35835922.3,17393508.466666665,8907216.0,33065843.0,-29.76,439,-87.63,445,-70.4,443,-81.18,441,-79.74,-0.94,,False,https://www.tradingview.com/chart/?symbol=NASDAQ:LHSW&interval=D,False,False,False,False
NIVF,NewGenIvf Group Limited,NASDAQ,Financial Conglomerates,0.17,1.02,1.52,80.28,120.98,93763627.7,31333281.67777778,5263991.0,32082983.0,-79.03,448,-86.91,444,-95.93,446,-99.13,448,-93.99,-0.74,,False,https://www.tradingview.com/chart/?symbol=NASDAQ:NIVF&interval=D,False,False,False,False
RETO,"ReTo Eco-Solutions, Inc.",NASDAQ,Other Metals/Minerals,0.11,0.88,1.48,1508.36,847.57,136303661.4,58392705.333333336,6703483.0,51362808.0,-32.27,440,-91.17,446,-95.15,445,-96.37,445,-94.23,-0.11,,False,https://www.tradingview.com/chart/?symbol=NASDAQ:RETO&interval=D,False,False,False,False
WETO,Wetour Robotics Limited,NASDAQ,Other Transportation,1.01,7.26,7.77,27.98,225.49,9441841.1,7013627.4,7083764.0,50885036.0,-38.41,442,-85.99,443,-98.81,448,-98.02,447,-94.27,-0.39,,False,https://www.tradingview.com/chart/?symbol=NASDAQ:WETO&interval=D,False,False,False,False
NCT,Intercont (Cayman) Limited,NASDAQ,Marine Shipping,1.56,46.0,62.47,109.41,420.26,615972.2,712064.1013333333,1110820.0,32756669.0,-73.78,447,-98.72,448,-97.97,447,-97.65,446,-98.11,-0.23,,False,https://www.tradingview.com/chart/?symbol=NASDAQ:NCT&interval=D,False,False,False,False
CTNT,Cheetah Net Supply Chain Service Inc.,NASDAQ,Engineering & Construction,2.71,120.35,177.27,530.73,547.23,2304068.979118579,902920.4558615707,2446914.0,108666217.0,-46.07,444,-98.79,449,-99.0,449,-99.99,449,-99.26,-0.18,2026-11-06,False,https://www.tradingview.com/chart/?symbol=NASDAQ:CTNT&interval=D,False,False,False,False
