industry,rank,ticker,1w,1m,3m,6m
Semiconductor Equipment & Materials,1,COHU,26.28,25.69,1.29,102.26
Semiconductor Equipment & Materials,2,FORM,25.22,21.65,-7.18,24.38
Semiconductor Equipment & Materials,3,ACMR,24.45,4.3,-20.6,75.68
Semiconductor Equipment & Materials,4,UCTT,16.17,6.2,-28.71,18.42
Semiconductor Equipment & Materials,5,ENTG,15.92,9.17,-11.97,24.05
Semiconductor Equipment & Materials,6,ONTO,15.87,-0.21,-12.39,28.64
Semiconductor Equipment & Materials,7,AEHR,15.58,0.99,2.29,148.48
Semiconductor Equipment & Materials,8,AMKR,15.21,11.32,-35.57,6.09
Semiconductor Equipment & Materials,9,KLIC,14.2,8.79,-26.31,33.52
Semiconductor Equipment & Materials,10,AMAT,14.2,-2.03,-19.46,26.84
Semiconductor Equipment & Materials,11,ACLS,14.15,-4.1,-29.89,25.47
Semiconductor Equipment & Materials,12,LRCX,14.13,-0.93,-18.01,28.66
Semiconductor Equipment & Materials,13,TER,14.07,6.64,-8.91,21.55
Semiconductor Equipment & Materials,14,ICHR,13.57,2.62,-34.66,14.17
Semiconductor Equipment & Materials,15,AXTI,13.5,11.59,4.05,6.63
Semiconductor Equipment & Materials,16,TRT,13.48,13.48,-8.33,89.57
Semiconductor Equipment & Materials,17,KLAC,12.25,3.46,-21.88,19.95
Semiconductor Equipment & Materials,18,VECO,11.89,-1.8,-35.47,33.53
Semiconductor Equipment & Materials,19,ASYS,11.41,10.21,-20.99,34.41
Semiconductor Equipment & Materials,20,ATOM,11.37,-4.65,-41.84,-10.58
Computer Hardware,1,CAN,26.94,7.33,20.41,-11.09
Computer Hardware,2,AGMH,23.95,-25.57,-24.86,-21.85
Computer Hardware,3,SNDK,19.51,21.66,-5.11,158.59
Computer Hardware,4,STX,17.96,16.26,-6.99,117.4
Computer Hardware,5,IONQ,15.47,3.6,-20.63,30.09
Computer Hardware,6,QUBT,14.0,10.68,-5.98,22.42
Computer Hardware,7,WDC,13.6,8.8,-26.43,57.35
Computer Hardware,8,VTIX,13.49,-9.6,-63.9,-84.85
Computer Hardware,9,SMCI,12.46,17.83,27.7,86.41
Computer Hardware,10,P,12.33,9.17,50.62,68.3
Computer Hardware,11,DDD,11.78,12.5,16.61,69.57
Computer Hardware,12,IQMX,10.29,-1.44,-5.07,-2.46
Computer Hardware,13,VELO,9.81,-12.03,-39.22,-18.86
Computer Hardware,14,QMCO,8.98,20.45,93.52,408.22
Computer Hardware,15,RGTI,8.22,-2.23,-18.05,2.6
Computer Hardware,16,OSS,7.75,-16.85,-43.02,1.55
Computer Hardware,17,BTCT,6.19,-31.03,0.0,-2.44
Computer Hardware,18,SSYS,6.08,4.97,-3.72,-0.12
Computer Hardware,19,CRCT,5.37,4.25,33.26,42.62
Computer Hardware,20,BGIN,5.27,-10.24,-0.79,-19.79
Semiconductors,1,ARM,36.31,39.27,-7.39,146.41
Semiconductors,2,ALAB,33.91,29.88,-9.87,196.04
Semiconductors,3,RMBS,27.1,18.84,-16.9,11.63
Semiconductors,4,IMOS,23.05,23.64,8.64,80.69
Semiconductors,5,VLN,22.29,8.47,-4.95,53.6
Semiconductors,6,INTC,21.33,40.5,-6.87,178.26
Semiconductors,7,MXL,21.31,34.31,-0.79,378.0
Semiconductors,8,CEVA,20.89,26.01,-25.35,76.11
Semiconductors,9,CRDO,20.05,-12.91,-27.93,93.29
Semiconductors,10,AMD,19.92,34.56,18.25,199.27
Semiconductors,11,MRAM,18.93,5.89,-20.14,83.96
Semiconductors,12,MPWR,18.11,5.48,-5.54,23.05
Semiconductors,13,GSIT,17.07,-1.66,-15.16,-5.62
Semiconductors,14,AIP,15.91,6.99,-41.04,47.32
Semiconductors,15,MX,15.83,1.26,-33.74,12.98
Semiconductors,16,ASX,15.76,21.22,6.27,104.04
Semiconductors,17,MU,15.69,17.73,2.23,171.0
Semiconductors,18,AMBQ,15.41,21.86,-14.84,172.27
Semiconductors,19,SIMO,14.68,13.71,-14.03,133.08
Semiconductors,20,WOLF,14.66,9.61,-40.83,62.81
Electronics & Computer Distribution,1,SNX,10.51,18.16,1.65,75.95
Electronics & Computer Distribution,2,AVT,9.08,17.26,14.63,65.22
Electronics & Computer Distribution,3,CLMB,8.46,11.54,38.35,55.01
Electronics & Computer Distribution,4,ARW,7.14,12.38,0.91,57.25
Electronics & Computer Distribution,5,SCSC,3.11,8.05,17.65,59.4
Electronics & Computer Distribution,6,CNXN,1.66,15.46,25.7,50.09
Electronics & Computer Distribution,7,IZM,0.0,7.63,-28.15,-34.01
Electronics & Computer Distribution,8,NSIT,-4.2,8.92,39.67,139.7
Electronic Components,1,REFR,86.96,52.85,14.76,-16.03
Electronic Components,2,VICR,53.97,49.04,-12.14,56.88
Electronic Components,3,ALNT,19.88,22.05,15.95,74.61
Electronic Components,4,OPTX,19.0,-8.56,-26.62,-0.79
Electronic Components,5,OUST,15.86,10.15,-3.27,91.44
Electronic Components,6,SANM,13.35,19.68,-10.82,64.61
Electronic Components,7,BHE,12.54,15.88,-9.55,39.68
Electronic Components,8,KOPN,12.21,2.74,26.49,133.01
Electronic Components,9,CLS,11.74,22.84,-0.11,20.01
Electronic Components,10,MEI,11.67,5.7,13.29,153.07
Electronic Components,11,TTMI,10.37,17.46,-40.01,17.6
Electronic Components,12,NEON,10.06,-1.73,-8.17,-37.03
Electronic Components,13,PLXS,8.9,11.06,-7.92,23.24
Electronic Components,14,ROG,8.51,13.51,-14.0,33.45
Electronic Components,15,BELFB,8.3,2.46,-13.62,14.43
Electronic Components,16,GLW,7.16,6.14,-24.95,8.78
Electronic Components,17,LFUS,6.67,4.73,-8.9,19.83
Electronic Components,18,APH,6.38,5.68,0.98,28.46
Electronic Components,19,BELFA,6.09,-0.93,-20.62,-1.53
Electronic Components,20,TEL,6.03,5.92,7.98,3.89
Copper,1,IE,16.33,-7.64,10.76,-6.22
Copper,2,TGB,13.96,-3.0,42.23,52.01
Copper,3,ERO,13.01,-5.37,37.97,47.69
Copper,4,SCCO,6.35,-5.75,18.93,29.1
Copper,5,HBM,6.06,-9.49,16.53,41.37
Copper,6,FCX,4.82,-6.71,17.51,28.8
Copper,7,TECK,3.97,-4.84,15.77,37.56
Copper,8,COPR,-3.4,-0.95,-53.21,-58.27
Apparel Retail,1,DBGI,39.27,-31.53,-80.51,-93.3
Apparel Retail,2,VSXY,12.68,-4.34,3.35,91.41
Apparel Retail,3,BURL,11.54,-22.17,-23.82,-20.86
Apparel Retail,4,CURV,10.7,10.19,13.33,33.71
Apparel Retail,5,AEO,7.49,-5.63,-13.95,-2.45
Apparel Retail,6,TJX,7.12,-6.48,-20.33,-16.92
Apparel Retail,7,LVLU,6.67,-20.48,37.68,-25.16
Apparel Retail,8,LULU,6.56,-16.7,-9.56,-36.45
Apparel Retail,9,GAP,5.5,4.52,1.72,-16.52
Apparel Retail,10,CATO,5.13,-11.83,-23.12,-11.19
Apparel Retail,11,AKA,4.61,-0.09,17.35,12.85
Apparel Retail,12,ROST,4.08,-3.12,2.36,8.42
Apparel Retail,13,JEM,3.59,-1.83,-88.21,-84.36
Apparel Retail,14,BKE,3.44,-6.69,-7.02,-17.24
Apparel Retail,15,CAL,2.83,-9.45,-4.7,7.95
Apparel Retail,16,ZUMZ,2.77,-25.72,-28.05,-37.13
Apparel Retail,17,CRI,2.55,-13.28,-31.29,-14.33
Apparel Retail,18,GCO,2.31,-2.62,-3.28,28.86
Apparel Retail,19,BOOT,1.42,-23.06,-29.86,-20.73
Apparel Retail,20,SHOE,1.39,-16.07,-17.96,-26.92
Scientific & Technical Instruments,1,ASTC,23.46,-0.27,-27.22,221.21
Scientific & Technical Instruments,2,VPG,14.4,5.55,-47.65,63.27
Scientific & Technical Instruments,3,MKSI,11.66,-2.36,-31.16,7.87
Scientific & Technical Instruments,4,USBC,10.29,11.25,46.62,41.3
Scientific & Technical Instruments,5,KEYS,9.73,13.74,0.59,18.35
Scientific & Technical Instruments,6,MIND,9.02,4.2,-8.78,-49.66
Scientific & Technical Instruments,7,SOTK,8.97,-8.82,-7.6,22.11
Scientific & Technical Instruments,8,NOVT,8.76,3.55,-4.98,20.9
Scientific & Technical Instruments,9,ARAI,6.54,5.02,-41.28,-71.73
Scientific & Technical Instruments,10,MLAB,6.16,6.99,40.83,63.95
Scientific & Technical Instruments,11,LGL,5.14,-7.46,0.87,2.01
Scientific & Technical Instruments,12,BMI,4.31,-2.06,-0.43,-11.71
Scientific & Technical Instruments,13,GRMN,3.85,-1.26,19.82,19.27
Scientific & Technical Instruments,14,COHR,3.68,9.11,-23.41,10.38
Scientific & Technical Instruments,15,TRMB,3.49,-2.23,18.31,-9.27
Scientific & Technical Instruments,16,TDY,3.32,-0.67,1.45,-0.8
Scientific & Technical Instruments,17,ESE,2.78,-3.42,-23.18,-3.85
Scientific & Technical Instruments,18,SVRE,1.86,-23.16,-35.96,-30.25
Scientific & Technical Instruments,19,FTV,1.74,-6.95,-6.84,2.48
Scientific & Technical Instruments,20,ITRN,1.63,3.5,-15.3,1.26
Electrical Equipment & Parts,1,CBAT,43.14,68.83,104.34,76.22
Electrical Equipment & Parts,2,EAF,40.07,75.85,61.13,87.77
Electrical Equipment & Parts,3,FAC,28.8,40.0,-45.84,-37.23
Electrical Equipment & Parts,4,FPS,14.47,23.89,-33.67,11.46
Electrical Equipment & Parts,5,ZOOZ,12.56,25.12,33.45,10.43
Electrical Equipment & Parts,6,FCEL,10.84,-8.37,-20.32,147.55
Electrical Equipment & Parts,7,AEIS,10.79,1.73,-22.3,-21.59
Electrical Equipment & Parts,8,NVT,10.29,6.19,-2.81,29.65
Electrical Equipment & Parts,9,KE,9.44,19.16,11.01,7.19
Electrical Equipment & Parts,10,GWH,8.61,-5.96,-56.76,-68.73
Electrical Equipment & Parts,11,POWL,8.39,1.93,-34.59,3.1
Electrical Equipment & Parts,12,ULBI,8.26,-12.85,-5.3,-8.24
Electrical Equipment & Parts,13,PLPC,7.68,5.0,11.18,54.59
Electrical Equipment & Parts,14,TGEN,7.14,1.29,-41.45,14.55
Electrical Equipment & Parts,15,AMPX,6.92,-1.32,-22.28,-45.21
Electrical Equipment & Parts,16,ENR,6.02,2.42,-2.31,32.21
Electrical Equipment & Parts,17,HUBB,5.61,-0.66,-10.51,-8.29
Electrical Equipment & Parts,18,POLA,5.6,-13.73,-26.67,-24.57
Electrical Equipment & Parts,19,LNKS,5.17,14.84,-53.85,-88.28
Electrical Equipment & Parts,20,HYLN,5.08,31.43,-15.85,126.23
Specialty Industrial Machinery,1,HUHU,45.32,29.67,-38.8,-7.09
Specialty Industrial Machinery,2,GCDT,34.3,38.82,-11.15,-47.25
Specialty Industrial Machinery,3,OPTT,20.88,-59.6,-71.79,-80.42
Specialty Industrial Machinery,4,PSIX,16.94,34.06,21.96,-20.64
Specialty Industrial Machinery,5,SPPL,14.81,-4.82,-41.67,-7.86
Specialty Industrial Machinery,6,GNRC,13.88,-2.03,-29.82,-4.68
Specialty Industrial Machinery,7,XE,12.42,-9.55,-14.24,
Specialty Industrial Machinery,8,AMSC,11.65,7.37,-23.99,-3.6
Specialty Industrial Machinery,9,SHMD,11.01,-24.12,-36.99,-43.9
Specialty Industrial Machinery,10,GFUZ,10.71,23.47,-15.56,-14.65
Specialty Industrial Machinery,11,ETN,10.3,7.36,8.45,17.28
Specialty Industrial Machinery,12,FISN,9.86,9.4,-20.08,
Specialty Industrial Machinery,13,ITT,8.97,3.41,8.91,9.2
Specialty Industrial Machinery,14,NNE,8.76,-6.9,-26.52,-21.29
Specialty Industrial Machinery,15,BWEN,8.54,-1.82,-4.64,110.73
Specialty Industrial Machinery,16,INIO,6.84,-9.67,-45.2,
Specialty Industrial Machinery,17,SXI,6.8,-8.61,-12.88,6.53
Specialty Industrial Machinery,18,FLS,6.73,-4.08,5.83,2.37
Specialty Industrial Machinery,19,IR,6.69,-4.71,-2.68,-8.33
Specialty Industrial Machinery,20,NPO,6.37,0.31,-16.77,18.77
Airlines,1,SRFM,77.85,34.21,5.01,-29.29
Airlines,2,AERO,6.9,9.65,-10.73,20.24
Airlines,3,VLRS,6.49,-3.03,-27.09,-6.92
Airlines,4,RJET,5.58,-0.32,2.41,5.52
Airlines,5,AAL,5.12,-2.05,-23.45,24.65
Airlines,6,DAL,4.98,-0.89,-9.82,22.66
Airlines,7,LUV,4.83,0.81,-19.43,3.04
Airlines,8,LTM,4.77,-1.32,-8.05,7.0
Airlines,9,UAL,4.16,-2.51,-15.18,18.34
Airlines,10,ULCC,4.1,0.86,-21.4,67.82
Airlines,11,RYAAY,3.91,-3.36,-14.18,-9.09
Airlines,12,SKYW,2.2,-2.37,2.66,8.2
Airlines,13,JBLU,2.09,-11.31,-24.18,4.77
Airlines,14,CPA,1.34,-1.19,-17.17,13.84
Airlines,15,ALK,0.05,-4.48,-23.0,3.17
Airlines,16,FLYX,-0.82,-5.47,-40.69,-48.95
Airlines,17,ALGT,-1.75,-5.35,-28.01,-7.63
Airlines,18,AZUL,-4.87,-16.67,-30.56,61.5
Auto Manufacturers,1,LOBO,11.1,-11.14,-18.85,40.94
Auto Manufacturers,2,GGR,10.82,1.37,-25.75,-13.16
Auto Manufacturers,3,TSLA,6.16,8.93,1.22,-0.76
Auto Manufacturers,4,CENN,4.4,12.19,24.24,-33.42
Auto Manufacturers,5,NIU,3.9,9.79,3.4,-29.0
Auto Manufacturers,6,LCID,2.97,-18.27,-19.22,-59.85
Auto Manufacturers,7,NIO,2.51,-15.83,-25.1,-35.95
Auto Manufacturers,8,VFS,2.4,3.4,2.08,7.21
Auto Manufacturers,9,CYD,2.13,-10.71,-24.75,-15.09
Auto Manufacturers,10,RACE,0.17,-2.68,18.44,28.27
Auto Manufacturers,11,HMC,0.12,-1.35,24.81,29.74
Auto Manufacturers,12,WKHS,-0.33,-3.21,9.42,-4.13
Auto Manufacturers,13,XPEV,-0.48,-7.71,-17.55,-45.44
Auto Manufacturers,14,GM,-0.62,-3.69,6.11,9.4
Auto Manufacturers,15,TM,-0.96,-1.78,13.47,-9.26
Auto Manufacturers,16,RIVN,-1.38,-9.52,2.6,-6.71
Auto Manufacturers,17,PSNY,-1.64,-44.25,-64.4,-59.44
Auto Manufacturers,18,AIIO,-2.6,-43.4,-50.66,-25.52
Auto Manufacturers,19,LI,-2.74,-6.25,-5.57,-34.08
Auto Manufacturers,20,F,-3.07,-7.11,-6.5,9.29
Silver,1,NEWP,17.66,-3.83,73.67,77.45
Silver,2,HSLV,6.24,2.44,28.84,1.3
Silver,3,AYA,5.38,6.06,64.66,111.95
Silver,4,AG,3.93,-8.55,18.62,-5.22
Silver,5,SVM,2.95,-9.01,10.67,17.57
Silver,6,EXK,-2.83,-13.94,20.1,3.23
Industrial Distribution,1,EVI,14.51,33.76,31.01,-6.05
Industrial Distribution,2,XMTR,12.73,24.15,14.54,153.34
Industrial Distribution,3,WCC,9.1,8.56,3.94,33.77
Industrial Distribution,4,QXO,8.96,-8.43,-27.47,-39.18
Industrial Distribution,5,WSO,6.96,4.69,-18.86,-10.48
Industrial Distribution,6,WXM,6.67,-11.11,-14.35,-19.95
Industrial Distribution,7,SITE,6.05,-1.57,-15.92,-33.03
Industrial Distribution,8,WATR,5.88,-29.13,-82.56,-82.35
Industrial Distribution,9,AIT,5.83,-1.56,-0.09,26.25
Industrial Distribution,10,BXC,5.72,-3.87,31.48,53.95
Industrial Distribution,11,GIC,4.64,5.38,24.89,31.75
Industrial Distribution,12,DXPE,4.11,2.29,13.79,35.99
Industrial Distribution,13,FAST,4.0,-0.57,10.22,13.59
Industrial Distribution,14,ALTG,3.26,-5.5,-16.53,9.07
Industrial Distribution,15,FERG,3.18,-6.46,-6.55,-2.11
Industrial Distribution,16,MSM,3.0,4.06,6.48,37.1
Industrial Distribution,17,TITN,1.89,27.07,15.39,49.14
Industrial Distribution,18,GWW,0.99,-3.88,-5.36,19.27
Industrial Distribution,19,DNOW,0.71,1.55,20.02,31.03
Industrial Distribution,20,DSGR,0.29,0.4,27.09,33.7
Diagnostics & Research,1,BIAF,48.41,36.43,-37.76,-86.63
Diagnostics & Research,2,GRAL,46.09,43.29,69.91,125.55
Diagnostics & Research,3,NDRA,22.64,42.54,3.67,87.86
Diagnostics & Research,4,BNR,20.41,46.08,76.94,-23.9
Diagnostics & Research,5,VCYT,13.82,5.67,-22.8,33.03
Diagnostics & Research,6,NTRA,13.16,19.25,50.32,100.9
Diagnostics & Research,7,ILMN,11.55,14.41,45.86,102.71
Diagnostics & Research,8,BLLN,10.43,18.28,6.2,54.45
Diagnostics & Research,9,XGN,9.9,11.76,89.16,212.04
Diagnostics & Research,10,IMDX,9.22,-9.49,-27.32,-2.25
Diagnostics & Research,11,MTD,8.24,6.68,24.03,18.02
Diagnostics & Research,12,A,7.57,7.75,25.59,44.76
Diagnostics & Research,13,FRNM,6.59,13.93,42.47,43.12
Diagnostics & Research,14,DHR,6.34,3.0,17.31,16.55
Diagnostics & Research,15,OPK,5.59,14.86,14.09,50.44
Diagnostics & Research,16,MYGN,3.89,31.48,-23.18,-13.02
Diagnostics & Research,17,TMO,2.6,5.81,35.17,35.7
Diagnostics & Research,18,BDSX,2.56,15.36,56.88,88.48
Diagnostics & Research,19,QGEN,1.89,4.62,12.86,9.88
Diagnostics & Research,20,IDXX,1.64,-6.7,-4.94,-8.45
Software - Infrastructure,1,AIXC,72.88,77.24,39.5,25.76
Software - Infrastructure,2,LHSW,54.54,-72.35,-59.9,-70.45
Software - Infrastructure,3,DTSS,52.81,25.56,12.95,-0.75
Software - Infrastructure,4,SKYA,38.17,35.07,77.45,4.62
Software - Infrastructure,5,PRTH,32.43,37.08,10.01,60.82
Software - Infrastructure,6,QMLS,32.34,20.88,,
Software - Infrastructure,7,ZSQR,29.26,-19.13,-78.17,-71.54
Software - Infrastructure,8,NUAI,29.21,45.17,19.49,47.16
Software - Infrastructure,9,SLMT,26.47,-6.97,-22.91,-54.56
Software - Infrastructure,10,CHOW,26.45,75.67,52.33,57.68
Software - Infrastructure,11,BLSH,25.03,31.04,70.9,7.33
Software - Infrastructure,12,EXOD,23.58,-0.51,39.96,8.47
Software - Infrastructure,13,BKKT,22.87,7.7,6.27,6.53
Software - Infrastructure,14,AIFA,22.57,12.42,47.7,95.46
Software - Infrastructure,15,TWLO,21.69,30.6,54.35,136.75
Software - Infrastructure,16,AVX,20.94,11.11,-28.07,-47.37
Software - Infrastructure,17,BAND,20.85,27.57,13.1,258.58
Software - Infrastructure,18,QNC,19.41,-0.49,-33.66,-16.12
Software - Infrastructure,19,ARQQ,18.57,11.97,-21.3,66.1
Software - Infrastructure,20,VERI,18.35,50.67,-3.73,-50.57
Farm & Heavy Construction Machinery,1,BNC,28.36,96.46,127.14,90.34
Farm & Heavy Construction Machinery,2,ARTW,8.56,9.69,20.08,42.15
Farm & Heavy Construction Machinery,3,MTW,7.66,14.23,66.89,86.4
Farm & Heavy Construction Machinery,4,HYFM,6.51,7.72,15.24,-12.49
Farm & Heavy Construction Machinery,5,DE,5.98,9.38,18.1,21.69
Farm & Heavy Construction Machinery,6,CAT,3.74,0.12,-18.34,13.31
Farm & Heavy Construction Machinery,7,CMCO,2.55,-8.02,18.35,10.66
Farm & Heavy Construction Machinery,8,TWI,2.12,2.99,-3.6,1.26
Farm & Heavy Construction Machinery,9,CNH,1.7,16.92,33.37,28.03
Farm & Heavy Construction Machinery,10,XOS,1.59,-26.93,-13.85,24.39
Farm & Heavy Construction Machinery,11,GENC,1.52,-9.39,16.34,16.97
Farm & Heavy Construction Machinery,12,AGCO,1.49,10.49,6.2,4.56
Farm & Heavy Construction Machinery,13,ASTE,1.15,-5.09,-29.94,-23.09
Farm & Heavy Construction Machinery,14,WNC,-0.59,-2.41,-10.23,32.73
Farm & Heavy Construction Machinery,15,TEX,-1.04,-11.64,-16.96,-3.98
Farm & Heavy Construction Machinery,16,FSS,-1.8,-5.45,-6.93,0.89
Farm & Heavy Construction Machinery,17,HY,-1.94,-4.03,-8.49,3.85
Farm & Heavy Construction Machinery,18,LNN,-2.02,-0.34,-3.89,-3.23
Farm & Heavy Construction Machinery,19,ALG,-2.24,-0.36,0.68,-3.85
Farm & Heavy Construction Machinery,20,AEBI,-3.17,-5.0,-8.98,17.76
Footwear & Accessories,1,FOSL,15.98,10.77,53.1,51.6
Footwear & Accessories,2,ONON,11.09,2.2,-18.31,-23.82
Footwear & Accessories,3,CROX,7.99,-0.97,2.65,55.79
Footwear & Accessories,4,WEYS,5.11,2.79,19.23,38.64
Footwear & Accessories,5,SHOO,4.55,-5.47,2.62,29.67
Footwear & Accessories,6,RCKY,3.85,-2.46,10.26,13.81
Footwear & Accessories,7,BIRK,3.22,-10.99,-30.32,-13.87
Footwear & Accessories,8,DBI,2.98,6.32,-0.8,18.03
Footwear & Accessories,9,DECK,0.81,-14.65,-25.65,-22.49
Footwear & Accessories,10,NKE,0.75,-11.53,-13.8,-32.6
Footwear & Accessories,11,VRA,0.5,27.44,4.66,17.78
Footwear & Accessories,12,FMFC,-0.83,-10.93,-37.35,-57.24
Footwear & Accessories,13,WWW,-0.93,-8.43,8.95,12.88
Conglomerates,1,NNBR,18.4,5.75,46.77,116.85
Conglomerates,2,FIP,7.67,-17.6,-34.12,-34.67
Conglomerates,3,CRESY,5.74,12.68,12.78,3.08
Conglomerates,4,PLAG,4.96,-8.3,-55.14,-58.27
Conglomerates,5,MMM,4.7,-4.87,2.65,16.11
Conglomerates,6,CODI,3.09,-1.73,11.82,69.4
Conglomerates,7,RCMT,2.67,-1.92,43.27,116.94
Conglomerates,8,HON,2.36,-1.02,-10.83,-8.48
Conglomerates,9,TRC,1.69,-0.18,-12.16,-14.74
Conglomerates,10,HHS,1.31,16.62,92.12,88.98
Conglomerates,11,GHC,1.09,-2.38,-2.18,7.97
Conglomerates,12,DLX,0.97,-0.83,1.62,-13.73
Conglomerates,13,OTTR,0.13,-3.15,0.37,2.37
Conglomerates,14,BBUC,-0.2,-9.6,-21.45,-16.4
Conglomerates,15,LGPS,-0.59,-6.15,23.49,22.47
Conglomerates,16,VMI,-0.91,-2.17,-16.4,16.59
Conglomerates,17,MATW,-1.2,-7.12,-25.14,-21.44
Conglomerates,18,AIRT,-1.41,-9.12,25.02,31.34
Conglomerates,19,BOC,-2.97,-4.43,1.21,9.4
Conglomerates,20,GPUS,-3.09,-63.1,-81.5,-76.18
Building Products & Equipment,1,ILAG,11.11,-0.96,-8.01,44.18
Building Products & Equipment,2,AAON,9.0,8.23,-37.42,-1.96
Building Products & Equipment,3,MAIR,7.58,1.16,-35.89,
Building Products & Equipment,4,LPX,4.07,-6.33,-14.64,-7.57
Building Products & Equipment,5,JCI,3.87,2.04,2.16,6.94
Building Products & Equipment,6,AWI,3.83,-8.01,3.98,-0.98
Building Products & Equipment,7,TT,3.65,-3.5,-9.53,1.63
Building Products & Equipment,8,GFF,3.63,-4.72,1.82,34.85
Building Products & Equipment,9,LII,3.13,-6.71,-32.52,-21.94
Building Products & Equipment,10,UUU,3.06,-21.83,8.6,-16.53
Building Products & Equipment,11,WMS,2.29,-7.63,-12.96,-5.0
Building Products & Equipment,12,JLHL,2.18,-10.78,-57.51,4.26
Building Products & Equipment,13,CSL,2.02,-10.64,-14.42,-4.68
Building Products & Equipment,14,ARLO,1.94,4.35,9.98,-8.45
Building Products & Equipment,15,PPIH,1.85,16.07,12.47,1.98
Building Products & Equipment,16,CARR,1.55,-8.12,-25.6,-5.94
Building Products & Equipment,17,AIRJ,1.47,-17.37,-16.53,34.42
Building Products & Equipment,18,TREX,1.18,-7.72,-10.76,18.79
Building Products & Equipment,19,SWIM,0.79,-9.43,4.79,10.45
Building Products & Equipment,20,MAS,-0.18,-6.9,-12.67,12.9
Lodging,1,MAR,4.98,-2.37,-8.32,8.44
Lodging,2,CHH,3.51,-8.53,-9.28,2.67
Lodging,3,WH,1.67,-6.78,-19.23,-10.44
Lodging,4,IHG,1.54,-3.94,-9.59,18.05
Lodging,5,ATAT,0.62,-7.14,1.06,-9.48
Lodging,6,HLT,0.52,-6.92,-10.54,2.44
Lodging,7,HTHT,0.14,-12.05,2.42,-14.71
Lodging,8,H,-0.86,-12.67,-20.29,7.96
Lodging,9,CVEO,-1.25,-1.43,0.64,19.94
Lodging,10,INTG,-2.6,8.97,-21.7,0.83
Lodging,11,GHG,-4.42,-9.09,-11.98,-21.26
Financial Data & Stock Exchanges,1,COIN,20.44,10.39,31.99,9.44
Financial Data & Stock Exchanges,2,NDAQ,7.53,-3.39,16.95,13.24
Financial Data & Stock Exchanges,3,MKTW,5.87,2.46,9.01,16.95
Financial Data & Stock Exchanges,4,MSCI,2.79,-2.74,-3.74,3.36
Financial Data & Stock Exchanges,5,MCO,1.84,-7.33,5.35,10.59
Financial Data & Stock Exchanges,6,ICE,1.46,-4.07,20.25,0.34
Financial Data & Stock Exchanges,7,FDS,1.09,-8.48,29.1,41.56
Financial Data & Stock Exchanges,8,SPGI,-0.06,-6.64,6.81,4.52
Financial Data & Stock Exchanges,9,CBOE,-0.58,-12.73,7.72,-5.02
Financial Data & Stock Exchanges,10,CME,-0.61,-3.0,16.89,-10.53
Financial Data & Stock Exchanges,11,MORN,-1.16,-7.9,30.73,21.85
Financial Data & Stock Exchanges,12,VALU,-1.19,1.53,9.53,6.29
Financial Data & Stock Exchanges,13,DTCX,-2.88,-30.82,-4.72,-38.79
Financial Data & Stock Exchanges,14,TRU,-4.97,-16.4,4.34,3.4
Discount Stores,1,OLLI,12.81,8.2,11.5,-11.42
Discount Stores,2,PSMT,3.38,-1.27,-8.32,16.21
Discount Stores,3,WMT,2.82,3.79,-7.12,-9.44
Discount Stores,4,TBBB,2.62,1.79,23.08,48.31
Discount Stores,5,COST,1.23,-6.87,-5.87,-7.1
Discount Stores,6,TGT,1.02,-8.02,10.67,34.8
Discount Stores,7,DLTR,0.68,-17.25,-5.19,6.22
Discount Stores,8,DG,-1.96,-3.77,1.2,2.31
Discount Stores,9,BJ,-3.23,-8.64,2.82,-8.0
Tools & Accessories,1,TTC,4.61,-2.92,1.9,1.39
Tools & Accessories,2,LECO,3.96,-5.97,-1.31,4.2
Tools & Accessories,3,SWK,3.04,-6.85,2.34,28.19
Tools & Accessories,4,RBC,2.69,0.88,-21.7,-9.41
Tools & Accessories,5,CVR,2.53,0.89,0.74,-19.85
Tools & Accessories,6,EML,1.27,-0.16,7.8,23.93
Tools & Accessories,7,KMT,0.81,2.18,-13.09,-17.09
Tools & Accessories,8,TKR,0.81,-4.14,-14.75,16.44
Tools & Accessories,9,SNA,-0.73,-6.14,-5.58,1.97
Tools & Accessories,10,ZJK,-2.34,-18.04,0.48,0.48
Tools & Accessories,11,HLMN,-2.46,-13.98,-12.98,-14.7
Real Estate - Diversified,1,HHH,2.67,-4.49,-8.79,-0.38
Real Estate - Diversified,2,JOE,2.49,-6.01,-1.45,6.69
Real Estate - Diversified,3,VTMX,-0.27,-7.47,1.52,0.49
Internet Content & Information,1,PAAI,72.24,62.78,25.0,-38.0
Internet Content & Information,2,SLE,24.35,21.76,69.68,19.82
Internet Content & Information,3,CHAI,17.0,17.22,-57.24,-75.41
Internet Content & Information,4,ZH,15.51,11.82,14.01,15.89
Internet Content & Information,5,LCFY,11.78,13.97,-30.95,-44.35
Internet Content & Information,6,UPXI,11.43,13.04,48.1,5.41
Internet Content & Information,7,META,10.51,33.11,33.43,25.5
Internet Content & Information,8,WSHP,7.43,21.17,15.83,-22.21
Internet Content & Information,9,GIFT,6.25,-19.29,-28.78,-28.2
Internet Content & Information,10,DJT,5.96,-2.58,20.48,3.25
Internet Content & Information,11,TME,5.12,-5.08,0.49,-16.63
Internet Content & Information,12,GRPN,3.67,2.09,9.39,89.06
Internet Content & Information,13,WBTN,3.07,11.99,-2.19,22.05
Internet Content & Information,14,SOGP,2.9,-6.47,8.03,-12.18
Internet Content & Information,15,JOYY,2.06,9.41,21.95,38.13
Internet Content & Information,16,BIDU,1.39,-2.6,-16.73,-20.22
Internet Content & Information,17,DOYU,1.3,9.88,3.09,3.09
Internet Content & Information,18,ZDGE,1.0,4.84,0.0,-0.98
Internet Content & Information,19,WB,0.92,-6.29,-10.01,-24.68
Internet Content & Information,20,ONFO,0.8,-38.72,-93.99,-97.49
Packaging & Containers,1,ORBS,27.1,26.19,35.9,-11.67
Packaging & Containers,2,PACK,8.85,-16.9,-45.29,16.76
Packaging & Containers,3,KRT,6.96,9.34,73.03,88.32
Packaging & Containers,4,IP,4.82,-13.01,-6.79,-1.22
Packaging & Containers,5,SON,4.59,-11.93,-5.44,-3.62
Packaging & Containers,6,SW,4.28,-4.52,-0.15,16.63
Packaging & Containers,7,PKG,4.12,-3.17,1.32,12.87
Packaging & Containers,8,MYE,3.44,-4.79,7.1,50.14
Packaging & Containers,9,AMCR,1.98,-10.67,2.61,9.38
Packaging & Containers,10,GEF,1.7,-1.95,16.0,27.26
Packaging & Containers,11,YHGJ,1.5,-11.81,-11.22,-3.59
Packaging & Containers,12,TRS,0.33,-0.94,-10.09,7.07
Packaging & Containers,13,AVY,0.22,-6.0,5.83,4.06
Packaging & Containers,14,GPK,0.0,-15.63,-10.31,7.57
Packaging & Containers,15,MGIH,-0.32,-3.96,5.0,11.7
Packaging & Containers,16,OI,-1.3,-16.28,-36.57,-42.79
Packaging & Containers,17,CCK,-2.18,-8.38,0.71,8.06
Packaging & Containers,18,REYN,-2.18,-13.25,-14.73,4.38
Packaging & Containers,19,SLGN,-3.66,-12.59,-16.83,-4.65
Packaging & Containers,20,BALL,-3.98,-8.69,-3.54,-0.51
Medical Instruments & Supplies,1,CUPR,17.5,-31.14,-67.25,-28.4
Medical Instruments & Supplies,2,RGNT,16.67,-2.78,-50.0,-28.08
Medical Instruments & Supplies,3,OSUR,14.66,4.45,-8.06,30.39
Medical Instruments & Supplies,4,POCI,14.03,7.22,-7.49,11.1
Medical Instruments & Supplies,5,BNGO,12.58,39.34,50.44,44.07
Medical Instruments & Supplies,6,EMBC,8.77,11.82,80.0,-38.07
Medical Instruments & Supplies,7,NNNN,8.6,-23.29,-60.26,-73.87
Medical Instruments & Supplies,8,NXGL,8.06,-29.42,-50.34,-60.67
Medical Instruments & Supplies,9,LUCY,7.15,-17.68,20.52,-18.41
Medical Instruments & Supplies,10,RGEN,6.72,1.6,33.33,58.67
Medical Instruments & Supplies,11,KMTS,5.94,-5.2,15.53,23.24
Medical Instruments & Supplies,12,ICUI,4.95,-10.53,14.25,26.21
Medical Instruments & Supplies,13,ATRC,4.93,21.66,112.0,102.48
Medical Instruments & Supplies,14,PLSE,4.78,5.8,103.05,144.15
Medical Instruments & Supplies,15,BLFS,4.51,1.48,47.59,91.57
Medical Instruments & Supplies,16,ISRG,4.19,6.62,-0.88,-15.6
Medical Instruments & Supplies,17,ZJYL,4.06,-32.57,-16.67,5.67
Medical Instruments & Supplies,18,MLSS,4.0,-12.05,34.24,41.64
Medical Instruments & Supplies,19,MDLN,3.97,-1.15,-4.85,-18.39
Medical Instruments & Supplies,20,WST,3.83,6.38,10.42,53.25
Airports & Air Services,1,UP,21.2,-24.46,-44.81,-62.56
Airports & Air Services,2,OMAB,4.25,-1.56,-5.9,-10.14
Airports & Air Services,3,PAC,2.83,0.97,-15.54,-13.64
Airports & Air Services,4,JOBY,2.8,-13.07,-32.65,-30.48
Airports & Air Services,5,ASLE,1.48,-2.32,-16.08,-12.46
Airports & Air Services,6,CAAP,0.81,-0.5,-9.01,-5.98
Airports & Air Services,7,SOAR,-3.47,14.63,15.86,-32.97
Airports & Air Services,8,ASR,-3.54,-8.07,-20.78,-26.67
Specialty Retail,1,ARHS,25.28,-2.38,15.2,38.13
Specialty Retail,2,SPWH,12.73,8.77,0.0,-8.82
Specialty Retail,3,NAAS,10.5,4.27,10.68,41.91
Specialty Retail,4,GME,10.1,34.15,12.87,6.09
Specialty Retail,5,BNED,7.07,-9.67,0.27,22.92
Specialty Retail,6,DKS,7.04,-26.19,-44.14,-31.69
Specialty Retail,7,GRWG,6.62,-6.94,20.15,42.48
Specialty Retail,8,ABLV,5.41,13.06,-11.83,52.76
Specialty Retail,9,SBH,4.62,0.24,16.97,21.29
Specialty Retail,10,WSM,4.41,-4.18,-3.32,25.81
Specialty Retail,11,ONEW,4.3,-17.3,-12.11,7.46
Specialty Retail,12,FLWS,3.87,-27.32,-22.31,-9.62
Specialty Retail,13,CHPT,3.59,55.91,65.41,74.48
Specialty Retail,14,PTLE,3.3,-7.1,37.14,0.56
Specialty Retail,15,ULTA,2.51,0.94,13.55,5.55
Specialty Retail,16,MNSO,2.39,-19.17,-20.88,-45.34
Specialty Retail,17,BWMX,2.36,2.29,-6.41,-3.11
Specialty Retail,18,CGTL,2.16,-19.06,-39.19,-79.84
Specialty Retail,19,BQ,1.92,-9.53,-0.73,-9.88
Specialty Retail,20,BBWI,1.73,-11.22,-21.96,-5.76
Residential Construction,1,LEGH,4.78,0.77,14.25,49.25
Residential Construction,2,LEN,4.03,-7.53,-12.3,-11.76
Residential Construction,3,TOL,1.98,-8.26,-16.0,-0.87
Residential Construction,4,IBP,1.64,-17.19,-9.18,-24.28
Residential Construction,5,GRBK,1.42,-7.64,-16.22,6.29
Residential Construction,6,DHI,1.34,-5.91,-15.82,1.33
Residential Construction,7,PHM,0.99,-8.41,-12.53,0.53
Residential Construction,8,NVR,0.89,-2.44,-7.73,-3.97
Residential Construction,9,CVCO,0.87,-6.99,-11.41,14.01
Residential Construction,10,SKY,0.67,-6.63,-3.14,14.36
Residential Construction,11,BZH,0.0,0.72,20.48,72.44
Residential Construction,12,BXBL,0.0,-2.21,-60.4,-60.59
Residential Construction,13,MTH,-0.16,-11.94,-22.49,4.77
Residential Construction,14,HOV,-0.74,-8.58,-18.79,4.54
Residential Construction,15,LGIH,-0.88,-16.57,-20.9,30.12
Residential Construction,16,SPHL,-1.03,-10.27,-19.65,-18.23
Residential Construction,17,MHO,-1.93,-9.39,-13.26,12.1
Residential Construction,18,KBH,-3.12,-15.26,-23.35,-10.94
Residential Construction,19,DFH,-3.16,-21.21,-30.48,-17.4
Textile Manufacturing,1,SMJF,60.0,-85.78,-69.23,-45.21
Textile Manufacturing,2,UFI,1.51,-12.29,43.68,79.89
Textile Manufacturing,3,AIN,0.95,4.17,-15.55,16.84
Textile Manufacturing,4,CULP,0.28,3.77,15.48,27.86
Textile Manufacturing,5,PASW,-4.93,-5.63,-22.51,-13.92
Trucking,1,RXO,4.19,-6.58,-21.42,42.82
Trucking,2,XPO,3.16,-6.29,-8.59,-3.44
Trucking,3,KNX,2.11,-2.82,-9.86,22.11
Trucking,4,ODFL,1.93,-11.79,-18.86,-3.95
Trucking,5,ARCB,0.85,-2.51,-9.71,38.56
Trucking,6,SAIA,0.09,-1.63,-19.74,4.11
Trucking,7,CVLG,-0.7,-1.36,-20.25,28.34
Trucking,8,TFII,-0.9,-8.0,-12.73,19.29
Trucking,9,SNDR,-1.62,-7.52,-7.86,27.5
Trucking,10,HTLD,-1.68,-6.63,-19.95,14.62
Trucking,11,MRTN,-3.73,-10.22,-21.79,2.41
Trucking,12,WERN,-3.99,-8.65,-16.05,19.19
Trucking,13,PAMT,-6.15,6.23,-23.49,40.5
Trucking,14,TOPP,-11.19,-25.26,-88.46,-80.41
Trucking,15,ULH,-13.75,-13.1,7.4,-17.05
Trucking,16,ETS,-22.82,59.43,122.01,140.18
Consumer Electronics,1,KOSS,17.56,12.86,-1.5,-0.5
Consumer Electronics,2,BOXL,17.1,-9.87,1.02,-20.23
Consumer Electronics,3,VUZI,10.89,2.52,1.42,16.8
Consumer Electronics,4,SONO,9.62,10.97,21.54,26.85
Consumer Electronics,5,AXIL,8.91,-3.21,4.31,-11.79
Consumer Electronics,6,WLDS,7.19,-27.75,-13.23,-60.39
Consumer Electronics,7,FOXX,5.11,-20.32,-16.84,-41.33
Consumer Electronics,8,GPRO,3.15,118.33,84.51,101.01
Consumer Electronics,9,UEIC,2.33,19.27,30.21,23.25
Consumer Electronics,10,TBCH,1.51,1.43,6.33,8.22
Consumer Electronics,11,AAPL,1.39,8.6,14.99,33.93
Consumer Electronics,12,GMEX,0.31,-60.05,-92.44,-99.34
Consumer Electronics,13,ZEPP,-0.47,-15.03,-4.72,-71.33
Consumer Electronics,14,LPL,-0.68,-10.64,-26.32,-27.94
Consumer Electronics,15,FXHO,-2.14,10.71,85.14,-59.71
Consumer Electronics,16,SONY,-2.23,-4.37,15.94,12.79
Consumer Electronics,17,MSN,-4.13,-3.12,30.42,20.48
Consumer Electronics,18,RIME,-4.51,-42.78,-70.15,-85.57
Consumer Electronics,19,FEBO,-8.92,-6.9,-24.27,-45.5
Paper & Paper Products,1,SLVM,1.83,-0.73,-7.99,-6.48
Paper & Paper Products,2,CLW,1.23,0.56,27.11,50.04
Paper & Paper Products,3,SUZ,1.21,1.54,13.56,-4.86
Paper & Paper Products,4,ITP,-0.61,-9.33,-15.82,-9.53
Paper & Paper Products,5,MERC,-13.25,-19.53,-55.64,-75.18
REIT - Hotel & Motel,1,IHT,8.33,-3.38,-19.21,40.2
REIT - Hotel & Motel,2,APLE,2.59,-4.58,-4.87,34.61
REIT - Hotel & Motel,3,PEB,2.13,-0.55,-2.15,45.76
REIT - Hotel & Motel,4,CLDT,1.87,-5.15,0.15,66.62
REIT - Hotel & Motel,5,HST,1.79,-4.48,-7.21,20.24
REIT - Hotel & Motel,6,XHR,1.6,-9.36,-11.87,20.81
REIT - Hotel & Motel,7,PK,1.28,-4.98,5.09,44.76
REIT - Hotel & Motel,8,RLJ,0.74,-5.38,-3.62,43.18
REIT - Hotel & Motel,9,RHP,0.68,-7.92,-6.96,34.05
REIT - Hotel & Motel,10,SHO,0.27,-2.48,-5.24,21.34
REIT - Hotel & Motel,11,DRH,-0.24,-3.92,0.41,29.66
REIT - Hotel & Motel,12,INN,-0.35,-7.65,-15.5,31.55
REIT - Hotel & Motel,13,SVC,-1.06,-18.23,-25.57,-25.57
REIT - Hotel & Motel,14,BHR,-2.22,-14.15,-12.87,-24.14
REIT - Hotel & Motel,15,AHT,-12.63,-23.12,-20.5,-12.33
Communication Equipment,1,WATT,18.54,11.9,-43.69,-28.33
Communication Equipment,2,LTRX,18.08,11.5,12.87,7.38
Communication Equipment,3,SYNX,17.35,-5.08,-12.31,-12.96
Communication Equipment,4,SILC,14.36,16.18,24.63,144.12
Communication Equipment,5,HPE,9.97,18.88,27.86,160.79
Communication Equipment,6,ZBRA,8.75,2.12,49.74,78.81
Communication Equipment,7,DGII,7.37,1.87,11.16,51.81
Communication Equipment,8,UTSI,6.85,-0.43,-0.43,-3.31
Communication Equipment,9,CRNT,6.83,6.31,-12.75,-4.78
Communication Equipment,10,VIAV,5.69,-1.41,-26.27,1.36
Communication Equipment,11,NOK,4.83,6.73,-23.03,28.85
Communication Equipment,12,CIEN,4.53,-4.31,-23.21,-17.11
Communication Equipment,13,AAOI,4.47,-6.1,-31.24,-11.27
Communication Equipment,14,BKTI,4.05,-1.35,-8.4,-6.56
Communication Equipment,15,AUDC,3.86,7.74,13.65,21.8
Communication Equipment,16,VSAT,3.85,1.94,18.4,53.18
Communication Equipment,17,CLFD,3.26,14.1,-15.94,5.36
Communication Equipment,18,OCC,2.98,7.44,-24.76,61.46
Communication Equipment,19,ONDS,2.78,-10.19,-3.65,-30.71
Communication Equipment,20,NUR,2.78,-48.37,-69.59,-61.99
Pollution & Treatment Controls,1,RAIN,50.86,8.88,-49.53,-63.8
Pollution & Treatment Controls,2,BCHT,8.12,35.16,-11.73,-17.22
Pollution & Treatment Controls,3,CECO,8.02,5.17,-21.4,20.87
Pollution & Treatment Controls,4,CDZI,7.3,1.33,-4.74,-20.75
Pollution & Treatment Controls,5,ZONE,4.32,-4.61,-81.88,-65.67
Pollution & Treatment Controls,6,ADUR,3.34,-16.8,-9.75,18.28
Pollution & Treatment Controls,7,ZWS,1.94,-4.26,-6.81,2.88
Pollution & Treatment Controls,8,CLIR,0.57,-26.86,0.57,0.28
Pollution & Treatment Controls,9,VLTO,0.14,-3.51,11.08,10.38
Pollution & Treatment Controls,10,CLWT,-1.63,-7.1,-8.79,28.63
Pollution & Treatment Controls,11,ARQ,-3.09,-7.69,-13.19,-12.45
Pollution & Treatment Controls,12,LIQT,-3.48,15.03,-18.78,-54.59
Pollution & Treatment Controls,13,SCWO,-3.76,30.64,56.63,-6.97
Pollution & Treatment Controls,14,ERII,-4.23,-12.82,-22.46,-33.14
Pollution & Treatment Controls,15,FTEK,-5.71,19.57,-14.51,30.95
Pollution & Treatment Controls,16,PCT,-6.7,-22.09,-35.62,-2.65
Pollution & Treatment Controls,17,TOMZ,-9.77,-17.03,-35.66,-31.73
Rental & Leasing Services,1,CTOS,5.08,-2.66,-16.58,46.76
Rental & Leasing Services,2,GATX,4.54,4.03,3.48,9.66
Rental & Leasing Services,3,VAI,4.37,50.35,46.26,45.27
Rental & Leasing Services,4,EQPT,2.84,-3.62,-18.92,-13.08
Rental & Leasing Services,5,URI,2.56,-4.76,-4.77,38.18
Rental & Leasing Services,6,SUNB,1.98,-3.4,0.76,5.99
Rental & Leasing Services,7,MGRC,1.82,-2.81,-7.02,3.95
Rental & Leasing Services,8,AER,1.79,-1.9,-2.12,6.06
Rental & Leasing Services,9,VSTS,0.73,8.78,2.82,80.83
Rental & Leasing Services,10,R,0.02,-2.83,-8.82,16.19
Rental & Leasing Services,11,MWG,-0.77,2.38,-5.84,-30.27
Rental & Leasing Services,12,WSC,-0.94,-20.55,-37.95,-2.03
Rental & Leasing Services,13,WLFC,-1.38,-1.4,-24.57,-7.81
Rental & Leasing Services,14,LIME,-2.72,-30.68,,
Rental & Leasing Services,15,UHAL,-2.75,-13.39,-3.92,38.26
Rental & Leasing Services,16,UHAL-B,-3.22,-13.83,-3.96,29.53
Rental & Leasing Services,17,HRI,-3.84,-13.15,-4.19,33.8
Rental & Leasing Services,18,HTZ,-7.45,-20.55,-42.0,-58.96
Rental & Leasing Services,19,PRG,-9.61,-17.4,-21.9,12.36
Rental & Leasing Services,20,CAR,-9.65,-28.06,-39.72,-10.06
Internet Retail,1,GLBE,11.67,3.46,21.12,30.09
Internet Retail,2,NEGG,8.74,-20.67,-14.74,-66.33
Internet Retail,3,BZUN,8.7,6.38,4.17,40.85
Internet Retail,4,MI,8.56,-16.9,-78.08,-89.43
Internet Retail,5,MOGU,5.07,2.08,6.77,-17.7
Internet Retail,6,NEXR,4.93,-37.13,-75.92,-95.87
Internet Retail,7,JWEL,4.0,-4.88,-2.54,-6.25
Internet Retail,8,BABA,3.29,-6.47,11.02,-11.7
Internet Retail,9,OCG,2.63,-5.45,-13.81,-17.16
Internet Retail,10,LITB,2.3,6.51,1.3,32.34
Internet Retail,11,AMZN,1.35,-4.88,6.4,20.28
Internet Retail,12,HOUR,1.23,-3.33,-6.95,-8.43
Internet Retail,13,VIPS,0.98,-13.62,-7.69,-20.25
Internet Retail,14,JD,0.97,-6.99,6.59,-1.13
Internet Retail,15,RERE,0.76,-2.69,5.29,-21.19
Internet Retail,16,PDD,0.56,-9.04,4.57,-19.26
Internet Retail,17,RVLV,0.53,-13.52,-9.68,-5.73
Internet Retail,18,ETSY,0.33,-15.32,-5.54,49.01
Internet Retail,19,NXH,0.3,-14.1,-50.0,-28.27
Internet Retail,20,EBAY,-0.07,1.88,-0.33,22.44
Lumber & Wood Production,1,BCC,3.25,-5.45,0.13,5.7
Lumber & Wood Production,2,SSD,1.66,-6.67,-15.28,1.26
Lumber & Wood Production,3,WFG,0.44,6.56,5.33,15.71
Lumber & Wood Production,4,UFPI,-0.28,-8.35,-8.93,-10.26
Lumber & Wood Production,5,JCTC,-1.36,-0.34,40.1,72.62
Lumber & Wood Production,6,NWGL,-9.03,129.72,426.32,77.63
Drug Manufacturers - General,1,MIRA,19.19,8.83,-5.79,-18.31
Drug Manufacturers - General,2,AMGN,7.9,-8.51,15.55,16.55
Drug Manufacturers - General,3,BIIB,5.33,4.31,14.0,23.7
Drug Manufacturers - General,4,NSRX,5.2,-10.57,10.3,46.18
Drug Manufacturers - General,5,NVS,2.89,-9.69,-6.8,-3.97
Drug Manufacturers - General,6,PFE,2.62,0.75,17.22,4.53
Drug Manufacturers - General,7,GILD,2.5,3.16,20.94,9.6
Drug Manufacturers - General,8,MRK,2.19,-1.71,22.79,27.25
Drug Manufacturers - General,9,MDCX,2.05,-38.07,-62.52,-67.4
Drug Manufacturers - General,10,LLY,1.16,-7.69,3.02,27.46
Drug Manufacturers - General,11,ABBV,0.98,0.21,12.85,29.18
Drug Manufacturers - General,12,JNJ,0.71,-1.42,11.69,14.41
Drug Manufacturers - General,13,OGN,0.44,-0.15,1.85,124.71
Drug Manufacturers - General,14,AZN,0.27,-2.03,-10.76,-12.08
Drug Manufacturers - General,15,AMRN,-0.87,-0.87,-16.39,-5.18
Drug Manufacturers - General,16,GSK,-1.15,-4.0,-2.7,-6.12
Drug Manufacturers - General,17,SCLX,-1.35,-9.89,-25.66,23.92
Drug Manufacturers - General,18,SNY,-2.18,-8.82,0.8,-7.71
Drug Manufacturers - General,19,GRFS,-2.77,-9.95,-0.35,-5.33
Drug Manufacturers - General,20,BMY,-3.85,-9.11,11.18,6.55
Department Stores,1,PLBL,10.31,5.64,-23.11,-31.54
Department Stores,2,KSS,3.52,-6.89,-9.89,37.98
Department Stores,3,M,1.97,-4.06,-12.23,21.0
Department Stores,4,DDS,-0.28,0.47,11.03,13.81
Business Equipment & Supplies,1,EHGO,2.56,-28.79,-75.75,-70.44
Business Equipment & Supplies,2,CXT,2.3,-2.77,6.25,12.27
Business Equipment & Supplies,3,ACCO,0.0,1.43,6.78,44.07
Business Equipment & Supplies,4,XRX,-0.29,21.75,10.51,157.04
Business Equipment & Supplies,5,ACTG,-4.85,-4.21,-8.09,-14.29
Solar,1,ZEO,59.7,-0.13,-44.06,-49.13
Solar,2,SMXT,25.77,-29.68,-37.15,-71.35
Solar,3,FTCI,19.25,19.25,-49.0,-46.07
Solar,4,SNSC,18.87,-26.74,,
Solar,5,SPRU,17.79,0.0,-27.55,-53.4
Solar,6,TURB,16.4,-9.57,-29.25,-39.18
Solar,7,PN,13.45,5.81,-23.85,-79.82
Solar,8,SHLS,13.05,13.38,-24.41,12.55
Solar,9,DQ,5.31,-17.46,-10.99,-43.98
Solar,10,NXT,4.84,-3.43,-29.88,-34.48
Solar,11,ASTI,4.68,-3.96,-42.03,-35.9
Solar,12,TOYO,2.36,-0.91,-45.13,-48.39
Solar,13,RUN,0.97,-6.39,-42.09,-34.51
Solar,14,FSLR,0.47,-7.84,-22.7,-0.46
Solar,15,CSIQ,0.0,-20.81,-24.3,-14.48
Solar,16,JKS,-3.6,-38.68,-42.62,-61.17
Solar,17,SEDG,-3.84,10.83,-32.95,-30.04
Solar,18,SPWR,-5.33,5.01,-51.92,-75.81
Solar,19,ENPH,-7.0,-11.05,-30.84,-19.28
Solar,20,ARRY,-8.1,-15.54,-49.8,-46.69
Utilities - Renewable,1,AGIG,14.29,30.61,40.66,-12.93
Utilities - Renewable,2,NRGV,11.59,21.7,12.72,20.05
Utilities - Renewable,3,ELLO,8.87,8.92,14.72,-13.05
Utilities - Renewable,4,FRVO,6.17,5.69,-49.68,
Utilities - Renewable,5,HTOO,4.69,10.95,-16.17,-14.89
Utilities - Renewable,6,ORA,4.29,-9.08,-22.83,-12.75
Utilities - Renewable,7,ENLT,1.29,-6.6,-20.45,-1.47
Utilities - Renewable,8,BESS,0.72,-9.68,-37.78,-6.04
Utilities - Renewable,9,ENIC,0.7,-4.19,-0.46,9.05
Utilities - Renewable,10,CWEN,0.47,-6.69,-18.11,-23.26
Utilities - Renewable,11,PBK,0.19,-40.56,-64.51,-55.61
Utilities - Renewable,12,BEP,-0.03,-10.11,-17.67,-7.09
Utilities - Renewable,13,BEPC,-0.1,-11.13,-22.39,-25.71
Utilities - Renewable,14,RNW,-0.15,0.59,9.79,43.7
Utilities - Renewable,15,SAFX,-1.55,16.04,-0.98,30.3
Utilities - Renewable,16,MWH,-2.08,-9.24,-26.15,-12.21
Utilities - Renewable,17,BRNX,-2.46,-43.06,-52.13,-88.49
Utilities - Renewable,18,XIFR,-3.53,-5.49,-8.65,3.79
Utilities - Renewable,19,WAVE,-5.12,-14.18,-36.25,-16.06
Utilities - Renewable,20,STEM,-14.54,-30.04,-48.72,-61.76
Specialty Chemicals,1,FEAM,50.0,59.04,95.56,76.0
Specialty Chemicals,2,ASPN,15.21,13.37,-0.87,75.31
Specialty Chemicals,3,ESI,10.5,1.4,-23.09,5.07
Specialty Chemicals,4,CNEY,10.02,-7.78,-12.35,51.73
Specialty Chemicals,5,LWLG,9.11,-9.29,-37.19,-28.3
Specialty Chemicals,6,STDN,7.89,7.62,,
Specialty Chemicals,7,BON,5.76,4.82,-1.24,-14.03
Specialty Chemicals,8,NGVT,5.16,4.27,-4.01,3.24
Specialty Chemicals,9,WDFC,5.11,-7.67,-18.33,-7.4
Specialty Chemicals,10,SCL,5.04,4.36,17.84,34.28
Specialty Chemicals,11,OEC,4.52,-0.17,-12.13,9.27
Specialty Chemicals,12,IOSP,3.95,1.97,15.84,42.27
Specialty Chemicals,13,KRO,3.69,-3.21,28.51,36.41
Specialty Chemicals,14,ALB,3.65,-19.81,-23.25,-35.91
Specialty Chemicals,15,KWR,3.16,-2.04,3.38,30.85
Specialty Chemicals,16,EMN,2.66,-8.1,-5.11,-4.5
Specialty Chemicals,17,ODC,2.66,-2.3,-8.98,44.04
Specialty Chemicals,18,DD,2.59,-4.24,-5.04,-3.76
Specialty Chemicals,19,CC,2.22,-4.22,-30.37,-27.64
Specialty Chemicals,20,PPG,2.11,-5.33,-11.39,3.65
Capital Markets,1,NCPL,145.4,306.73,87.45,127.42
Capital Markets,2,USDE,107.58,105.26,27.43,19.72
Capital Markets,3,CD,45.08,24.42,-9.51,8.35
Capital Markets,4,STEX,37.43,9.02,6.56,-49.15
Capital Markets,5,STKE,36.61,18.6,48.54,30.77
Capital Markets,6,GEMI,34.69,34.37,34.69,8.48
Capital Markets,7,FWDI,34.11,40.66,119.92,68.97
Capital Markets,8,MTC,32.31,93.3,148.92,6.96
Capital Markets,9,BTGO,26.37,19.12,60.71,-16.49
Capital Markets,10,AUC,26.01,28.97,36.18,47.64
Capital Markets,11,BTCS,25.2,6.46,54.95,-0.95
Capital Markets,12,PWCM,24.38,-16.67,-71.15,-86.16
Capital Markets,13,LGHL,24.35,-43.16,-91.36,-95.91
Capital Markets,14,SVIA,24.0,87.44,166.89,65.16
Capital Markets,15,BTBT,23.78,17.22,-8.29,14.19
Capital Markets,16,SBET,22.93,18.62,107.84,36.82
Capital Markets,17,ATCH,22.81,-0.71,3.69,-2.29
Capital Markets,18,PURR,21.85,31.02,76.46,163.52
Capital Markets,19,ABTC,21.74,14.7,-10.81,-30.39
Capital Markets,20,RIOT,21.33,23.45,-9.96,72.3
Engineering & Construction,1,KAZR,56.2,34.83,-2.52,-12.01
Engineering & Construction,2,SLND,10.52,-19.83,-16.34,-53.06
Engineering & Construction,3,FBGL,9.46,-7.83,-23.58,-43.95
Engineering & Construction,4,MYRG,7.19,-3.31,-37.21,3.88
Engineering & Construction,5,BLNK,6.62,-3.34,-5.15,0.64
Engineering & Construction,6,OFAL,6.59,-18.87,-71.5,-84.88
Engineering & Construction,7,STRL,6.08,3.09,-40.96,14.76
Engineering & Construction,8,WLDN,3.8,-2.56,0.78,-0.56
Engineering & Construction,9,ECG,3.32,-4.58,-27.68,-4.81
Engineering & Construction,10,PMA,3.17,-3.7,0.0,34.53
Engineering & Construction,11,APG,2.88,-7.12,-9.85,-10.1
Engineering & Construction,12,ZDAI,2.53,-2.99,-27.68,-55.74
Engineering & Construction,13,PWR,2.52,2.94,-9.54,9.76
Engineering & Construction,14,FIX,2.43,1.01,-16.81,11.25
Engineering & Construction,15,VATE,2.4,2.54,-59.21,100.71
Engineering & Construction,16,FGL,1.84,-83.91,-96.9,-99.0
Engineering & Construction,17,EME,1.67,-1.71,-11.26,-1.24
Engineering & Construction,18,ACA,0.94,0.85,1.5,38.22
Engineering & Construction,19,STN,0.38,-4.76,1.77,-19.45
Engineering & Construction,20,FER,0.29,-11.89,-20.49,-12.09
Pharmaceutical Retailers,1,HITI,1.12,10.57,23.08,20.35
Pharmaceutical Retailers,2,POM,-0.07,-17.12,-39.84,-86.53
Pharmaceutical Retailers,3,PETS,-3.13,-11.43,-13.41,-32.02
Pharmaceutical Retailers,4,RDGT,-8.41,17.1,-43.59,-95.36
Pharmaceutical Retailers,5,SCNX,-12.48,-33.03,-21.34,-37.04
Health Information Services,1,BFRG,121.7,68.98,47.52,68.95
Health Information Services,2,HCTI,32.04,7.87,-52.05,-65.23
Health Information Services,3,ZCMD,27.53,6.09,-19.72,-99.41
Health Information Services,4,SDGR,22.15,55.73,90.67,152.64
Health Information Services,5,ACON,15.29,10.53,7.3,-14.78
Health Information Services,6,TEM,9.46,15.75,47.46,56.85
Health Information Services,7,ONMD,6.35,10.91,3.72,-20.77
Health Information Services,8,CERT,6.27,8.54,59.12,38.24
Health Information Services,9,OMDA,4.71,-14.08,11.24,54.4
Health Information Services,10,DH,4.66,40.1,32.89,-9.01
Health Information Services,11,DOCS,2.43,5.02,27.56,9.16
Health Information Services,12,VEEV,2.21,8.97,67.8,51.16
Health Information Services,13,OMCL,1.73,-4.82,-16.46,-4.27
Health Information Services,14,SOPH,1.32,-4.38,46.38,62.58
Health Information Services,15,SY,1.07,20.85,102.86,-2.41
Health Information Services,16,OPRX,0.93,-0.65,60.34,12.09
Health Information Services,17,WEAV,0.55,0.96,35.54,65.77
Health Information Services,18,SLP,-0.05,0.11,1.38,59.2
Health Information Services,19,HCAT,-0.58,8.18,0.0,57.08
Health Information Services,20,DRIO,-0.59,-6.52,11.22,-13.14
Gold,1,VGZ,26.27,13.69,42.71,41.24
Gold,2,THM,19.57,1.81,48.68,35.1
Gold,3,DC,16.9,7.44,62.35,45.93
Gold,4,TRX,11.76,9.92,69.0,0.76
Gold,5,CNL,7.74,-17.98,5.84,-6.63
Gold,6,IDR,7.21,-6.83,-5.18,5.7
Gold,7,AAUC,6.88,-4.15,-2.74,-28.13
Gold,8,SA,6.7,-5.54,26.06,28.6
Gold,9,PZG,6.25,-12.26,25.93,-17.07
Gold,10,IAUX,6.06,-8.85,25.9,29.63
Gold,11,HYMC,6.03,-17.4,-2.03,-36.0
Gold,12,EGO,5.6,-7.61,44.05,29.11
Gold,13,GORO,4.89,3.4,-20.65,0.83
Gold,14,USAU,4.26,-2.86,8.53,9.52
Gold,15,BTG,4.09,-6.47,37.53,29.85
Gold,16,EQX,4.06,-12.43,28.6,-4.21
Gold,17,NFGC,4.05,-5.26,22.45,-1.1
Gold,18,NG,3.86,-22.35,17.1,-10.15
Gold,19,ARIS,3.62,-9.23,28.42,12.91
Gold,20,CGAU,3.15,-3.71,45.68,38.03
Uranium,1,EU,39.29,-1.61,-12.23,-34.05
Uranium,2,LEU,8.85,-14.58,-11.58,-22.74
Uranium,3,NXE,2.67,-11.89,-4.37,-17.2
Uranium,4,AEC,2.23,-16.59,-12.83,-34.93
Uranium,5,UROY,0.68,1.14,58.99,29.62
Uranium,6,NUCL,0.65,-12.02,-37.42,-10.25
Uranium,7,DNN,0.0,-20.34,-11.04,-19.66
Uranium,8,CCJ,-0.11,-11.22,-14.85,-15.96
Uranium,9,UUUU,-1.11,-22.04,-22.82,-35.77
Uranium,10,UEC,-1.29,-20.46,-8.72,-24.56
Uranium,11,JAGU,-3.13,-1.27,-9.36,-3.73
Uranium,12,URG,-3.33,-18.88,-14.07,-22.67
Uranium,13,ISOU,-4.95,-16.67,-3.73,-2.49
Utilities - Independent Power Producers,1,DGXX,15.3,5.5,-27.99,80.34
Utilities - Independent Power Producers,2,OKLO,8.98,-2.19,-28.19,-29.37
Utilities - Independent Power Producers,3,KEN,4.64,-0.38,-1.5,-17.97
Utilities - Independent Power Producers,4,TLN,4.43,-1.7,-26.0,-4.89
Utilities - Independent Power Producers,5,CEG,1.68,-3.49,-1.53,-10.5
Utilities - Independent Power Producers,6,TAC,0.0,-1.24,-12.71,-6.35
Utilities - Independent Power Producers,7,HNRG,-1.23,-9.09,-18.02,-12.75
Utilities - Independent Power Producers,8,VST,-1.72,1.7,-15.29,-9.66
Utilities - Independent Power Producers,9,NRG,-6.2,-9.89,-29.18,-33.36
Software - Application,1,SECZ,84.81,126.14,34.84,30.07
Software - Application,2,BTTC,55.88,-2.93,-31.2,-56.77
Software - Application,3,PDC,43.37,30.72,-28.06,-20.48
Software - Application,4,TONX,37.41,33.33,57.2,43.77
Software - Application,5,AUUD,31.0,29.7,1.55,-77.03
Software - Application,6,MSTR,28.55,32.27,72.31,19.05
Software - Application,7,SVCO,27.27,20.58,-30.12,19.36
Software - Application,8,EGHT,27.22,15.66,33.14,30.11
Software - Application,9,FSLY,25.96,29.25,81.01,5.14
Software - Application,10,JTAI,25.58,2.53,145.52,-14.56
Software - Application,11,AIFF,23.64,10.58,-3.36,-36.81
Software - Application,12,GLOO,17.94,44.14,5.96,-1.23
Software - Application,13,RMSG,16.72,-12.19,-36.47,-8.7
Software - Application,14,PDFS,15.39,9.92,-23.8,40.25
Software - Application,15,FRMM,15.25,-14.76,1.38,74.83
Software - Application,16,FUSE,13.9,-23.91,-44.52,-55.87
Software - Application,17,RSKD,13.88,20.0,46.31,77.17
Software - Application,18,RYDE,12.59,-2.28,6.97,92.45
Software - Application,19,NICE,11.72,17.5,34.76,7.1
Software - Application,20,BTDR,11.6,12.83,-29.74,49.57
Other Industrial Metals & Mining,1,CRML,19.14,15.74,-17.43,-3.38
Other Industrial Metals & Mining,2,IMC,17.8,-31.06,,
Other Industrial Metals & Mining,3,TII,13.93,11.93,47.0,14.75
Other Industrial Metals & Mining,4,NAK,13.71,-20.79,-22.1,11.02
Other Industrial Metals & Mining,5,SGML,12.67,-16.95,-18.75,-5.06
Other Industrial Metals & Mining,6,TMC,11.98,-14.15,-10.86,-13.14
Other Industrial Metals & Mining,7,LGO,9.85,-2.37,8.21,-39.08
Other Industrial Metals & Mining,8,VZLA,9.49,2.8,29.9,29.07
Other Industrial Metals & Mining,9,FNUC,8.63,-12.72,-11.18,-30.41
Other Industrial Metals & Mining,10,LZM,8.2,-7.91,-1.74,23.75
Other Industrial Metals & Mining,11,XPL,7.22,-19.27,-14.14,-17.71
Other Industrial Metals & Mining,12,SCZM,6.86,-7.21,40.28,12.26
Other Industrial Metals & Mining,13,ALOY,6.38,-21.82,-47.99,-19.65
Other Industrial Metals & Mining,14,WRN,6.22,-6.27,14.35,-0.83
Other Industrial Metals & Mining,15,TMQ,6.09,-11.97,-0.6,-1.49
Other Industrial Metals & Mining,16,SBMT,6.05,-10.04,33.12,
Other Industrial Metals & Mining,17,USAS,5.9,-10.02,6.36,-16.52
Other Industrial Metals & Mining,18,NEXA,5.79,-16.03,4.64,34.22
Other Industrial Metals & Mining,19,SKE,5.7,-9.99,23.55,14.61
Other Industrial Metals & Mining,20,USAR,4.83,-13.45,-26.1,-4.64
Auto Parts,1,INVZ,32.63,20.49,-28.42,-39.09
Auto Parts,2,MVST,19.02,-10.18,-40.93,-56.44
Auto Parts,3,MNRO,15.11,9.02,-10.76,-8.96
Auto Parts,4,FRSX,13.46,0.85,-34.44,-52.42
Auto Parts,5,GTEC,7.27,24.21,109.89,51.28
Auto Parts,6,MOD,6.58,2.52,-30.21,-15.52
Auto Parts,7,APTV,4.22,-4.58,-25.24,-24.81
Auto Parts,8,SYPR,4.12,-1.67,-23.71,-45.37
Auto Parts,9,WKSP,3.76,-18.97,-56.86,-64.74
Auto Parts,10,GT,3.49,-11.0,-15.1,-16.3
Auto Parts,11,ECX,2.91,-2.75,-10.92,20.24
Auto Parts,12,ORLY,2.65,-5.27,-2.19,-2.38
Auto Parts,13,LKQ,1.87,-8.97,-10.67,-19.71
Auto Parts,14,VGNT,1.72,-1.62,9.43,
Auto Parts,15,ATMU,1.51,-6.63,-11.34,-24.19
Auto Parts,16,CPS,0.39,-13.2,-18.0,-24.83
Auto Parts,17,PLOW,0.23,-5.26,-21.59,-7.57
Auto Parts,18,MGA,-0.02,-6.0,-0.53,16.34
Auto Parts,19,CAAS,-0.2,6.83,16.25,20.38
Auto Parts,20,AZO,-0.2,-5.52,-7.92,-15.02
Biotechnology,1,JAGX,155.05,-34.87,-77.84,-95.73
Biotechnology,2,ARTL,94.93,17.88,-29.98,-85.97
Biotechnology,3,VTGN,59.76,51.11,-44.58,-40.22
Biotechnology,4,CYPH,47.95,114.88,491.71,388.76
Biotechnology,5,VKTX,41.09,25.34,9.98,29.47
Biotechnology,6,ONCO,37.17,38.72,-9.0,-96.83
Biotechnology,7,TLSA,36.35,-8.7,-6.25,-20.45
Biotechnology,8,DCOY,33.22,23.79,-36.99,-47.04
Biotechnology,9,GRDX,31.29,5.75,-12.67,90.15
Biotechnology,10,VBIO,31.25,-34.22,-79.78,-89.29
Biotechnology,11,SCNI,30.26,-36.74,-27.26,-70.61
Biotechnology,12,MREO,27.93,17.55,11.87,1.28
Biotechnology,13,FLNA,27.17,-6.44,-26.26,-52.97
Biotechnology,14,NNVC,25.83,18.9,11.03,58.95
Biotechnology,15,SXTP,25.54,7.41,-31.36,-18.31
Biotechnology,16,MRNA,25.06,31.12,201.41,254.71
Biotechnology,17,HYFT,23.01,0.72,-10.32,15.83
Biotechnology,18,CVKD,22.22,-15.92,-55.7,-76.96
Biotechnology,19,ANVS,22.12,-27.43,-25.29,-46.41
Biotechnology,20,DNA,21.53,26.55,-11.82,19.67
Apparel Manufacturing,1,VNCE,28.89,76.35,49.33,414.35
Apparel Manufacturing,2,JL,9.86,-1.47,-16.43,-13.33
Apparel Manufacturing,3,NCI,9.57,-1.68,34.07,-67.58
Apparel Manufacturing,4,PLCE,9.41,-15.33,-25.84,-36.86
Apparel Manufacturing,5,VFC,6.21,-5.52,-21.49,-21.85
Apparel Manufacturing,6,ZGN,5.42,-10.25,-5.11,21.6
Apparel Manufacturing,7,PVH,5.15,-2.13,3.69,14.54
Apparel Manufacturing,8,JRSH,2.67,2.49,24.41,92.0
Apparel Manufacturing,9,GOOS,1.35,-9.18,-20.59,-31.14
Apparel Manufacturing,10,SGC,1.05,-1.57,-6.28,21.3
Apparel Manufacturing,11,LEVI,-0.1,-9.62,-16.68,6.51
Apparel Manufacturing,12,RL,-0.26,-8.99,-18.53,-1.76
Apparel Manufacturing,13,GIL,-0.28,-15.94,-14.59,-19.33
Apparel Manufacturing,14,COLM,-0.54,-5.49,-11.98,2.25
Apparel Manufacturing,15,PLBY,-1.82,-13.6,-22.86,-37.21
Apparel Manufacturing,16,LAKE,-2.02,-10.37,-7.02,33.16
Apparel Manufacturing,17,KTB,-3.92,-21.07,-15.78,-7.7
Apparel Manufacturing,18,XELB,-3.98,4.32,-55.76,-43.67
Apparel Manufacturing,19,GIII,-4.37,-20.3,-21.69,-0.07
Apparel Manufacturing,20,FIGS,-7.21,-21.3,1.61,-21.51
Household & Personal Products,1,BYAH,11.39,-8.33,-73.6,-69.16
Household & Personal Products,2,HELE,8.49,3.32,5.77,98.72
Household & Personal Products,3,ELF,7.89,-4.88,56.15,49.17
Household & Personal Products,4,DSY,7.02,-10.51,26.64,29.33
Household & Personal Products,5,YSG,5.75,-8.0,-17.37,-16.36
Household & Personal Products,6,BIOT,5.73,-0.44,-94.86,-96.65
Household & Personal Products,7,IPAR,4.23,0.51,12.61,30.26
Household & Personal Products,8,GROV,3.96,14.13,-14.63,-23.36
Household & Personal Products,9,EL,3.38,-5.09,18.69,38.26
Household & Personal Products,10,ATTT,3.32,0.36,-2.1,-28.57
Household & Personal Products,11,MAGN,1.55,-4.91,-5.44,30.75
Household & Personal Products,12,ACU,1.29,1.87,34.27,41.0
Household & Personal Products,13,EPC,1.12,-4.51,1.88,38.09
Household & Personal Products,14,NUS,0.66,-3.35,-9.78,-35.61
Household & Personal Products,15,CHD,0.53,-6.35,-2.69,2.29
Household & Personal Products,16,COTY,0.38,-5.38,35.38,28.16
Household & Personal Products,17,SKIN,0.25,-0.49,2.53,-38.48
Household & Personal Products,18,PG,0.25,0.54,-3.06,2.95
Household & Personal Products,19,SPB,-0.09,-2.11,0.31,16.52
Household & Personal Products,20,UG,-0.14,-0.28,-0.97,14.47
Drug Manufacturers - Specialty & Generic,1,IMCC,78.53,-11.42,-39.49,-83.82
Drug Manufacturers - Specialty & Generic,2,APUS,43.12,-51.79,-74.27,-86.61
Drug Manufacturers - Specialty & Generic,3,TKNO,25.6,21.66,71.73,199.66
Drug Manufacturers - Specialty & Generic,4,ADCT,24.76,35.74,22.43,-66.75
Drug Manufacturers - Specialty & Generic,5,AYTU,15.74,-1.3,4.11,-13.96
Drug Manufacturers - Specialty & Generic,6,SHPH,14.7,1.99,-2.71,-61.74
Drug Manufacturers - Specialty & Generic,7,SXTC,14.61,-33.95,-98.76,-97.77
Drug Manufacturers - Specialty & Generic,8,AKAN,14.34,-16.06,-80.57,-13.83
Drug Manufacturers - Specialty & Generic,9,ALVO,13.92,10.67,57.03,85.62
Drug Manufacturers - Specialty & Generic,10,CPIX,13.75,1.28,69.24,227.13
Drug Manufacturers - Specialty & Generic,11,SCYX,12.77,-11.88,19.77,-35.62
Drug Manufacturers - Specialty & Generic,12,XERS,11.31,-0.92,17.03,63.71
Drug Manufacturers - Specialty & Generic,13,ACB,10.18,7.11,49.12,27.11
Drug Manufacturers - Specialty & Generic,14,RMTI,9.87,8.48,26.16,-16.8
Drug Manufacturers - Specialty & Generic,15,TRLV,8.57,12.57,47.53,103.24
Drug Manufacturers - Specialty & Generic,16,INM,7.81,-3.5,-10.97,99.57
Drug Manufacturers - Specialty & Generic,17,KMDA,7.08,4.03,22.92,6.95
Drug Manufacturers - Specialty & Generic,18,AMRX,6.91,8.72,11.93,60.15
Drug Manufacturers - Specialty & Generic,19,HCM,6.76,17.98,39.92,1.77
Drug Manufacturers - Specialty & Generic,20,RDY,6.08,1.39,-15.48,-7.88
Education & Training Services,1,VSA,40.54,5.51,-12.92,-36.94
Education & Training Services,2,XXI,27.82,7.77,26.16,-3.27
Education & Training Services,3,MYND,14.53,-14.52,-14.34,-7.28
Education & Training Services,4,COE,13.32,-31.13,-22.87,-33.89
Education & Training Services,5,RYET,11.99,-15.47,-19.69,-13.42
Education & Training Services,6,EDTK,11.7,16.3,9.09,2.94
Education & Training Services,7,GOTU,11.0,37.28,31.82,16.58
Education & Training Services,8,EEIQ,9.27,51.92,20.43,77.13
Education & Training Services,9,WAFU,8.11,15.94,-0.62,0.0
Education & Training Services,10,MH,3.23,-0.15,41.75,0.59
Education & Training Services,11,FEDU,2.12,4.31,-2.64,-3.29
Education & Training Services,12,GNS,1.97,-10.35,-20.92,-52.31
Education & Training Services,13,LAUR,1.44,-1.58,-0.35,5.61
Education & Training Services,14,IH,0.85,-3.28,-15.71,-28.98
Education & Training Services,15,EDU,0.47,-0.53,24.71,1.43
Education & Training Services,16,STG,0.34,-2.35,-28.85,-28.68
Education & Training Services,17,TAL,0.34,4.36,30.79,8.42
Education & Training Services,18,CHGG,-0.19,-8.43,-30.87,36.08
Education & Training Services,19,DAO,-0.2,-12.56,36.25,44.18
Education & Training Services,20,AMBO,-0.23,2.89,-9.7,10.89
Other Precious Metals & Mining,1,GRML,273.62,30.88,-1.93,-39.37
Other Precious Metals & Mining,2,LODE,7.63,-24.08,-34.79,-3.6
Other Precious Metals & Mining,3,MTA,4.8,-11.15,52.35,45.3
Other Precious Metals & Mining,4,ITRG,4.49,-2.45,16.74,2.57
Other Precious Metals & Mining,5,SLSR,3.88,-16.44,-8.95,-9.75
Other Precious Metals & Mining,6,PPTA,3.6,-10.07,10.42,-7.39
Other Precious Metals & Mining,7,MUX,3.52,-10.42,10.45,-0.63
Other Precious Metals & Mining,8,GMTL,3.03,-12.27,-26.05,-30.05
Other Precious Metals & Mining,9,VMET,2.22,-13.91,-17.38,-8.89
Other Precious Metals & Mining,10,TFPM,1.78,-6.28,15.85,1.78
Other Precious Metals & Mining,11,HL,1.56,-10.44,25.83,1.9
Other Precious Metals & Mining,12,ASM,1.17,-17.93,7.09,1.17
Other Precious Metals & Mining,13,VOXR,1.09,-4.62,17.26,15.56
Other Precious Metals & Mining,14,BVN,1.06,-5.06,12.34,3.95
Other Precious Metals & Mining,15,PLG,0.74,-16.05,3.03,-20.0
Other Precious Metals & Mining,16,SIND,0.35,-17.81,,
Other Precious Metals & Mining,17,ATCX,-3.28,-16.22,-22.6,-39.92
Other Precious Metals & Mining,18,SBSW,-9.05,-15.4,22.82,-8.02
Real Estate - Development,1,MRNO,24.74,11.18,9.47,-51.54
Real Estate - Development,2,RENX,11.73,-8.12,9.04,-4.84
Real Estate - Development,3,AXR,1.91,-0.17,-11.44,-18.67
Real Estate - Development,4,FOR,1.4,-7.47,-13.55,6.36
Real Estate - Development,5,CCS,0.9,-11.54,-11.28,6.63
Real Estate - Development,6,SKYH,0.1,-5.6,4.85,-1.29
Real Estate - Development,7,SDHC,-0.1,-16.91,-28.03,-16.71
Real Estate - Development,8,LPA,-1.31,-5.92,-24.88,1.68
Real Estate - Development,9,OZ,-5.24,-7.75,-4.75,-15.7
Real Estate - Development,10,LRE,-6.84,-16.79,-12.8,-24.31
Real Estate - Development,11,FPH,-7.27,-8.53,-8.88,-4.65
Real Estate - Development,12,AEI,-19.42,-50.73,-40.03,-59.07
Broadcasting,1,XHLD,25.18,57.91,882.11,762.86
Broadcasting,2,NMAX,4.41,3.02,55.27,71.38
Broadcasting,3,CURI,3.23,1.41,16.13,-7.99
Broadcasting,4,MDIA,1.85,3.77,39.24,73.23
Broadcasting,5,UONE,1.17,-10.21,-21.06,-34.2
Broadcasting,6,NXST,1.16,-11.1,-1.43,-25.33
Broadcasting,7,BBGI,-1.78,-15.82,-30.66,379.77
Broadcasting,8,SGA,-2.91,-4.71,3.08,-27.34
Broadcasting,9,GTN,-3.78,-6.91,15.95,-4.78
Broadcasting,10,SSP,-3.82,-9.04,7.47,-12.72
Broadcasting,11,CAST,-5.07,-10.88,-84.73,-60.9
Broadcasting,12,IHRT,-7.84,-12.31,-41.18,-13.92
Broadcasting,13,SBGI,-8.27,-11.3,-8.27,-2.94
Broadcasting,14,FUBO,-9.15,-8.02,10.06,-19.88
Financial Conglomerates,1,TMS,23.55,39.12,-20.19,-17.95
Financial Conglomerates,2,FRHC,5.41,9.73,27.52,20.96
Financial Conglomerates,3,IX,-1.24,-0.03,1.96,31.12
Financial Conglomerates,4,HTH,-1.37,-1.29,-2.58,8.01
Financial Conglomerates,5,VOYA,-2.9,-1.79,8.01,43.49
Financial Conglomerates,6,RILY,-3.99,-17.9,-22.98,-18.01
Asset Management,1,BENF,254.0,28.7,-17.14,-21.41
Asset Management,2,AVAT,136.87,310.78,209.18,-79.05
Asset Management,3,CWD,55.37,39.6,16.54,-39.68
Asset Management,4,AMBR,45.45,77.78,23.87,-19.67
Asset Management,5,SDEV,33.97,0.0,0.9,-25.33
Asset Management,6,TWAV,28.23,16.91,22.31,1.27
Asset Management,7,FGNX,27.21,8.82,51.66,24.7
Asset Management,8,DFDV,27.09,41.08,120.23,42.12
Asset Management,9,HSDT,25.22,32.11,90.73,43.28
Asset Management,10,PS,21.9,22.08,61.78,
Asset Management,11,INV,16.19,-39.45,-84.05,-80.2
Asset Management,12,ALP,10.73,-40.46,-63.95,-73.56
Asset Management,13,CFND,9.31,28.86,-2.46,-19.13
Asset Management,14,AMG,6.81,2.01,7.98,32.89
Asset Management,15,WT,6.56,-0.5,33.03,70.52
Asset Management,16,ASST,5.76,46.93,131.0,191.94
Asset Management,17,CNS,5.0,-9.28,0.6,19.58
Asset Management,18,TCPC,4.94,-0.98,27.44,11.91
Asset Management,19,NSLR,4.15,-16.01,-31.71,-16.18
Asset Management,20,MLCI,4.06,6.73,15.62,-13.73
Shell Companies,1,RIBB,7.63,-24.75,-24.54,-22.1
Shell Companies,2,TCGX,6.35,5.21,,
Shell Companies,3,CCXI,5.21,-9.72,6.09,25.07
Shell Companies,4,IBAC,4.3,4.68,5.65,3.64
Shell Companies,5,SBXD,3.86,0.8,4.44,5.42
Shell Companies,6,BKHA,2.5,3.36,3.19,6.04
Shell Companies,7,RACD,2.13,-2.44,,
Shell Companies,8,QETA,1.81,0.6,0.94,2.7
Shell Companies,9,LCCC,0.85,1.33,2.11,3.4
Shell Companies,10,VLOS,0.84,0.56,-0.37,0.75
Shell Companies,11,GUAC,0.81,0.55,,
Shell Companies,12,KRSP,0.76,-0.09,1.15,3.12
Shell Companies,13,TRGS,0.7,0.9,1.41,
Shell Companies,14,BCSS,0.68,-0.1,0.29,2.08
Shell Companies,15,LWAC,0.68,0.48,1.76,1.86
Shell Companies,16,APAC,0.63,0.63,1.37,2.38
Shell Companies,17,MACI,0.62,1.26,1.91,3.05
Shell Companies,18,WLII,0.59,0.19,0.98,
Shell Companies,19,WLCO,0.56,1.18,,
Shell Companies,20,JTTT,0.55,,,
Railroads,1,RVSN,6.84,-28.44,-16.29,-54.82
Railroads,2,WAB,5.74,-1.81,7.24,18.97
Railroads,3,RAIL,2.92,3.5,-20.09,-8.19
Railroads,4,GBX,0.96,-6.6,-13.71,-17.5
Railroads,5,CP,0.68,-6.76,4.13,11.41
Railroads,6,CNI,0.0,-6.21,3.09,18.34
Railroads,7,FSTR,-0.21,-0.61,-13.95,32.87
Railroads,8,NSC,-0.63,-10.76,3.68,11.06
Railroads,9,TRN,-0.99,-5.52,-20.58,-10.35
Railroads,10,CSX,-1.48,-8.26,2.45,21.4
Railroads,11,UNP,-1.92,-11.08,5.99,14.96
Railroads,12,SWVL,-9.46,160.54,167.83,162.33
Electronic Gaming & Multimedia,1,FIRY,27.18,41.93,56.7,411.72
Electronic Gaming & Multimedia,2,GDC,18.94,4.67,-70.93,-99.78
Electronic Gaming & Multimedia,3,GCL,12.98,-17.17,56.02,26.97
Electronic Gaming & Multimedia,4,SNAL,5.98,-9.83,-13.97,-5.0
Electronic Gaming & Multimedia,5,GMHS,4.08,7.46,-23.68,-27.24
Electronic Gaming & Multimedia,6,TRUG,3.74,-29.98,-66.3,-92.16
Electronic Gaming & Multimedia,7,RBLX,3.29,26.39,2.19,-10.93
Electronic Gaming & Multimedia,8,DDI,2.12,1.64,18.18,55.32
Electronic Gaming & Multimedia,9,MSGM,1.16,7.41,7.67,5.33
Electronic Gaming & Multimedia,10,NTES,-0.65,-4.83,-0.53,4.35
Electronic Gaming & Multimedia,11,DKI,-1.9,-33.16,-45.57,-56.32
Electronic Gaming & Multimedia,12,TTWO,-2.59,-11.64,-12.49,7.81
Electronic Gaming & Multimedia,13,GXAI,-3.2,-31.36,-49.03,-56.31
Electronic Gaming & Multimedia,14,SOHU,-3.71,-9.77,8.17,-17.23
Electronic Gaming & Multimedia,15,GRVY,-4.33,-6.67,-0.98,7.64
Electronic Gaming & Multimedia,16,GAME,-5.26,-3.32,-2.17,41.67
Electronic Gaming & Multimedia,17,PLTK,-5.58,-9.09,-42.86,-23.34
Electronic Gaming & Multimedia,18,CTW,-5.75,-24.47,-10.1,-0.93
Electronic Gaming & Multimedia,19,GDEV,-7.52,3.61,-11.26,-16.05
Electronic Gaming & Multimedia,20,GIGM,-8.22,-6.94,-3.27,-7.59
Beverages - Wineries & Distilleries,1,AMSS,10.69,-28.13,-64.59,
Beverages - Wineries & Distilleries,2,EPSM,8.33,-7.74,6.72,-8.33
Beverages - Wineries & Distilleries,3,AGCC,6.28,-3.99,-5.52,-5.2
Beverages - Wineries & Distilleries,4,YHC,5.69,-24.86,-98.41,-98.65
Beverages - Wineries & Distilleries,5,BF-B,2.14,-8.56,-5.43,15.31
Beverages - Wineries & Distilleries,6,SNDL,1.45,2.94,0.72,2.19
Beverages - Wineries & Distilleries,7,BF-A,1.33,-9.3,-5.17,14.74
Beverages - Wineries & Distilleries,8,WVVI,0.53,-13.3,-24.7,-24.7
Beverages - Wineries & Distilleries,9,DEO,-0.97,-10.37,3.78,18.82
Beverages - Wineries & Distilleries,10,IBG,-9.51,0.02,-16.66,-21.48
Beverages - Wineries & Distilleries,11,MGPI,-9.89,-27.91,-22.79,-28.23
Insurance - Reinsurance,1,SPNT,3.88,5.83,8.45,20.13
Insurance - Reinsurance,2,RNR,0.11,-0.19,6.04,11.77
Insurance - Reinsurance,3,RGA,-0.54,0.48,18.75,21.31
Insurance - Reinsurance,4,GLRE,-0.73,-3.29,-9.14,-11.13
Insurance - Reinsurance,5,EG,-1.43,-1.18,7.7,15.01
Insurance - Reinsurance,6,OXBR,-2.11,8.59,37.62,54.44
Insurance - Reinsurance,7,HG,-4.83,-4.86,2.64,13.61
Insurance - Reinsurance,8,KG,-11.84,-33.82,-52.3,-53.0
REIT - Specialty,1,IRM,2.62,-5.03,-11.87,14.28
REIT - Specialty,2,EQIX,2.12,-1.66,-5.24,7.58
REIT - Specialty,3,LAND,1.65,7.93,10.81,-8.37
REIT - Specialty,4,FRMI,1.05,-14.23,-39.67,-35.39
REIT - Specialty,5,DLR,0.21,-3.77,-5.99,3.86
REIT - Specialty,6,OUT,0.11,-7.26,-12.12,2.81
REIT - Specialty,7,FPI,0.0,4.15,11.01,-2.71
REIT - Specialty,8,EPR,-0.16,-6.01,-3.43,13.05
REIT - Specialty,9,RYN,-0.9,-6.41,-8.39,-1.93
REIT - Specialty,10,BXDC,-0.92,-7.87,-10.31,
REIT - Specialty,11,SELF,-1.76,-11.64,-2.53,-1.76
REIT - Specialty,12,LAMR,-2.24,-5.54,-6.19,13.1
REIT - Specialty,13,GLPI,-2.73,-10.65,-13.49,-14.66
REIT - Specialty,14,WY,-2.93,-13.2,-16.32,-10.07
REIT - Specialty,15,AMT,-3.18,-4.27,-2.11,0.25
REIT - Specialty,16,PW,-3.52,-16.14,-30.69,-9.02
REIT - Specialty,17,UNIT,-3.98,-7.01,-19.08,16.1
REIT - Specialty,18,CCI,-4.08,-8.08,-14.5,-10.64
REIT - Specialty,19,SBAC,-5.27,-7.86,-8.05,2.26
Tobacco,1,XXII,36.05,-36.48,-51.05,-96.59
Tobacco,2,RYM,10.23,0.22,-7.22,41.95
Tobacco,3,GNLN,5.45,-3.9,12.92,-52.38
Tobacco,4,ISPR,1.92,-3.28,-27.2,-22.97
Tobacco,5,BTI,-0.43,-1.52,-9.02,-3.31
Tobacco,6,PM,-0.45,-0.32,6.75,16.46
Tobacco,7,RLX,-0.58,-4.97,-3.91,-20.37
Tobacco,8,MO,-1.64,0.7,-4.33,7.2
Tobacco,9,UVV,-3.99,-6.16,-18.98,-16.68
Tobacco,10,AIIR,-4.47,-5.26,2.5,-33.4
Tobacco,11,TPB,-13.72,-27.51,-28.61,-30.32
Oil & Gas Equipment & Services,1,RCON,11.38,-52.26,-98.23,-99.19
Oil & Gas Equipment & Services,2,FTK,8.18,27.22,39.97,79.0
Oil & Gas Equipment & Services,3,SEI,4.38,25.97,-11.25,10.54
Oil & Gas Equipment & Services,4,NESR,4.19,-1.83,30.35,48.13
Oil & Gas Equipment & Services,5,VTOL,3.58,-6.83,4.03,-5.87
Oil & Gas Equipment & Services,6,EFXT,3.35,17.19,-4.15,8.24
Oil & Gas Equipment & Services,7,BKR,3.04,-6.38,2.93,-8.6
Oil & Gas Equipment & Services,8,WFRD,2.87,-4.59,0.2,-9.18
Oil & Gas Equipment & Services,9,GEOS,2.59,-4.28,-23.28,-55.42
Oil & Gas Equipment & Services,10,FET,1.3,8.72,70.26,36.37
Oil & Gas Equipment & Services,11,XPRO,0.43,-7.82,26.13,-10.22
Oil & Gas Equipment & Services,12,LSE,0.0,-1.79,41.03,19.05
Oil & Gas Equipment & Services,13,AROC,-0.68,0.46,-20.49,-16.69
Oil & Gas Equipment & Services,14,OII,-0.79,-8.36,27.42,24.3
Oil & Gas Equipment & Services,15,SLB,-0.82,-3.94,11.29,2.69
Oil & Gas Equipment & Services,16,TS,-0.94,4.4,-1.33,-2.55
Oil & Gas Equipment & Services,17,USAC,-1.19,-2.31,4.11,-9.21
Oil & Gas Equipment & Services,18,NOV,-1.31,2.63,10.52,4.42
Oil & Gas Equipment & Services,19,KLXE,-1.34,-1.48,-30.29,-47.03
Oil & Gas Equipment & Services,20,OIS,-1.54,0.0,8.34,-30.11
Aerospace & Defense,1,BETA,20.14,2.1,55.23,65.58
Aerospace & Defense,2,YSS,16.77,-1.54,-60.84,-55.07
Aerospace & Defense,3,EVTL,13.13,-13.12,-63.31,-76.3
Aerospace & Defense,4,RGR,13.0,8.94,8.69,2.85
Aerospace & Defense,5,SATL,11.31,4.36,9.33,2.42
Aerospace & Defense,6,RKLB,10.38,2.97,-17.68,6.42
Aerospace & Defense,7,LUNR,9.88,-8.52,-20.33,-14.96
Aerospace & Defense,8,ACHR,9.39,-5.93,13.07,3.63
Aerospace & Defense,9,POWW,9.0,2.68,-1.71,15.0
Aerospace & Defense,10,MDA,8.59,6.4,-15.98,8.07
Aerospace & Defense,11,FLY,7.99,-5.19,-12.33,-7.71
Aerospace & Defense,12,SWBI,7.04,2.42,-13.28,-5.67
Aerospace & Defense,13,SPCE,6.48,4.0,14.29,31.09
Aerospace & Defense,14,FBDT,6.35,-55.39,,
Aerospace & Defense,15,DPC,6.1,-2.1,,
Aerospace & Defense,16,MOB,6.09,-14.26,-5.25,-9.01
Aerospace & Defense,17,EVEX,4.52,-16.13,-20.91,-16.47
Aerospace & Defense,18,RDW,4.45,-0.97,-0.97,24.53
Aerospace & Defense,19,ATRO,4.32,-7.51,-18.52,27.69
Aerospace & Defense,20,MOG-A,4.25,-1.27,-7.39,24.06
REIT - Industrial,1,EGP,2.39,0.12,-0.47,10.77
REIT - Industrial,2,TRNO,0.62,-4.19,0.89,8.23
REIT - Industrial,3,PLD,0.16,-6.56,-4.91,2.77
REIT - Industrial,4,LXP,0.05,-0.39,13.16,30.36
REIT - Industrial,5,FR,-0.55,-3.72,-3.69,5.71
REIT - Industrial,6,STAG,-0.67,-0.59,-5.83,1.46
REIT - Industrial,7,COLD,-1.03,-4.9,1.63,26.83
REIT - Industrial,8,IIPR,-1.13,-2.68,-9.5,5.2
REIT - Industrial,9,REXR,-1.78,1.27,13.34,12.21
REIT - Industrial,10,SMA,-1.8,-6.44,-3.56,3.19
REIT - Industrial,11,EXR,-1.9,-8.49,-8.24,3.12
REIT - Industrial,12,PSA,-2.7,-11.77,-9.81,7.01
REIT - Industrial,13,ILPT,-2.86,-11.28,-14.14,27.26
REIT - Industrial,14,CUBE,-3.91,-6.77,-6.04,5.16
REIT - Industrial,15,LINE,-4.27,-10.98,-11.31,2.74
Food Distribution,1,DIT,4.29,0.76,-7.33,-22.34
Food Distribution,2,AVO,1.84,-3.27,4.27,-2.23
Food Distribution,3,USFD,1.53,-14.12,-1.49,3.07
Food Distribution,4,MTEX,0.0,18.76,50.49,9.59
Food Distribution,5,PFGC,-0.3,-14.17,-14.7,8.34
Food Distribution,6,CHEF,-0.72,-4.02,13.87,82.79
Food Distribution,7,SYY,-1.99,-8.01,-4.28,-6.32
Food Distribution,8,HFFG,-5.52,-14.92,-12.99,-10.98
Food Distribution,9,UNFI,-5.53,-9.89,-14.54,6.01
Food Distribution,10,ANDE,-5.66,2.48,-4.62,-5.79
Food Distribution,11,TWG,-21.03,-55.8,-87.91,-92.73
Medical Devices,1,AEMD,376.22,157.95,11.64,-36.94
Medical Devices,2,MYO,27.13,17.99,38.98,135.29
Medical Devices,3,BFLY,26.72,2.79,18.4,116.98
Medical Devices,4,HSCS,19.26,63.77,71.86,86.01
Medical Devices,5,BJDX,19.24,7.62,-67.6,-50.57
Medical Devices,6,XTNT,17.19,16.17,-12.79,-33.04
Medical Devices,7,CODX,16.92,-9.84,-69.19,-51.54
Medical Devices,8,CTKB,15.21,27.93,32.71,22.68
Medical Devices,9,PFSA,15.17,-55.24,-84.23,-96.15
Medical Devices,10,OWLT,14.76,2.56,-6.96,-0.57
Medical Devices,11,CLPT,11.72,-1.32,-16.74,58.92
Medical Devices,12,SNWV,11.49,-0.32,-45.1,-76.68
Medical Devices,13,MASS,10.28,0.18,21.96,74.48
Medical Devices,14,TELA,10.17,98.78,73.31,70.76
Medical Devices,15,SENS,10.1,6.34,75.0,49.77
Medical Devices,16,BMRA,9.92,55.06,48.86,20.6
Medical Devices,17,ALMR,9.39,-1.71,34.87,
Medical Devices,18,IVF,9.27,-0.97,-22.73,-69.55
Medical Devices,19,QTRX,8.59,12.86,-16.4,-17.28
Medical Devices,20,NEOG,8.13,16.98,47.82,48.96
Beverages - Non-Alcoholic,1,BNKK,11.72,21.19,-8.33,-39.92
Beverages - Non-Alcoholic,2,AKO-B,4.05,-0.65,4.06,17.81
Beverages - Non-Alcoholic,3,CELH,3.29,-16.7,2.31,-21.23
Beverages - Non-Alcoholic,4,COCO,2.86,-8.49,-29.97,5.98
Beverages - Non-Alcoholic,5,KO,0.25,-4.24,9.29,17.97
Beverages - Non-Alcoholic,6,AKO-A,0.0,-4.88,2.36,2.68
Beverages - Non-Alcoholic,7,KDP,-0.13,-2.31,1.15,21.18
Beverages - Non-Alcoholic,8,BUDA,-1.31,-13.71,-7.36,-20.27
Beverages - Non-Alcoholic,9,MNST,-1.48,-10.24,-7.27,20.3
Beverages - Non-Alcoholic,10,KOF,-1.57,-3.74,5.62,17.33
Beverages - Non-Alcoholic,11,CCEP,-2.96,-9.47,0.9,8.07
Beverages - Non-Alcoholic,12,ZVIA,-3.01,-7.86,-12.84,4.88
Beverages - Non-Alcoholic,13,PEP,-3.1,-10.02,-8.5,-13.55
Beverages - Non-Alcoholic,14,FIZZ,-4.75,-7.32,0.95,0.59
Beverages - Non-Alcoholic,15,COKE,-5.63,-2.65,5.6,1.1
Beverages - Non-Alcoholic,16,PRMB,-6.62,-14.21,-19.22,6.7
Beverages - Non-Alcoholic,17,BRFH,-7.14,-19.38,-49.76,-61.62
Beverages - Non-Alcoholic,18,SUJA,-11.32,-10.83,-18.32,
Beverages - Non-Alcoholic,19,REED,-21.36,-40.25,-44.23,-85.77
REIT - Retail,1,WHLR,57.86,-58.61,-98.76,-99.79
REIT - Retail,2,SITC,2.06,-3.26,-18.75,-28.36
REIT - Retail,3,MAC,1.12,-6.94,-10.78,22.21
REIT - Retail,4,NTST,0.66,-11.68,-9.86,-3.37
REIT - Retail,5,ALX,0.64,-8.04,-6.76,2.57
REIT - Retail,6,SPG,0.6,-7.51,-8.1,14.52
REIT - Retail,7,EPRT,0.3,-13.27,-11.7,-13.6
REIT - Retail,8,CBL,0.0,-4.76,4.06,44.03
REIT - Retail,9,REG,-0.72,-5.16,-8.94,-2.48
REIT - Retail,10,NNN,-0.77,-10.81,-11.14,-2.43
REIT - Retail,11,BRX,-1.22,-6.56,-13.49,-3.76
REIT - Retail,12,UE,-1.25,-8.43,-14.85,-2.22
REIT - Retail,13,AKR,-1.55,-10.45,-12.5,-0.36
REIT - Retail,14,IVT,-1.56,-7.56,-14.44,-0.95
REIT - Retail,15,KIM,-1.68,-8.3,-12.63,-1.55
REIT - Retail,16,BFS,-1.78,-12.74,-19.64,-8.93
REIT - Retail,17,SKT,-1.79,-9.81,-13.34,3.17
REIT - Retail,18,CURB,-1.85,-5.44,-9.97,9.27
REIT - Retail,19,ADC,-2.01,-10.0,-10.89,-10.79
REIT - Retail,20,O,-2.69,-11.97,-10.29,-8.02
Recreational Vehicles,1,VEEE,48.6,21.37,150.59,0.12
Recreational Vehicles,2,LVWR,14.29,7.09,34.65,3.03
Recreational Vehicles,3,THO,3.69,-8.95,-4.21,-12.95
Recreational Vehicles,4,VMAR,2.9,5.34,-61.94,-96.37
Recreational Vehicles,5,MCFT,2.35,-21.63,-21.4,-9.22
Recreational Vehicles,6,WGO,1.14,-14.65,0.59,-21.81
Recreational Vehicles,7,MAMO,0.64,-0.84,-2.39,-6.34
Recreational Vehicles,8,MBUU,-0.51,-21.24,-15.26,-13.65
Recreational Vehicles,9,PATK,-1.75,-18.73,-23.37,-38.28
Recreational Vehicles,10,BC,-2.2,-18.49,-21.94,-10.26
Recreational Vehicles,11,LCII,-2.39,-18.64,-9.68,-30.86
Recreational Vehicles,12,DOO,-2.42,-10.87,-8.23,-12.41
Recreational Vehicles,13,EZGO,-2.71,-16.33,-40.49,-99.54
Recreational Vehicles,14,HOG,-3.2,-8.17,1.68,39.6
Recreational Vehicles,15,EMPD,-3.4,4.74,-12.97,-30.74
Recreational Vehicles,16,PII,-4.23,-17.72,-25.35,-6.58
Recreational Vehicles,17,KNDI,-5.28,-14.66,-10.81,-36.44
Insurance - Life,1,BHF,6.56,0.17,-17.59,-13.72
Insurance - Life,2,AAME,2.96,6.92,-18.24,-42.08
Insurance - Life,3,PRU,0.47,-4.14,10.66,24.04
Insurance - Life,4,CIA,0.0,-10.41,-39.76,-22.08
Insurance - Life,5,MET,-0.03,1.03,14.89,39.08
Insurance - Life,6,MFC,-0.23,1.82,9.82,26.63
Insurance - Life,7,UNM,-0.38,5.55,6.55,27.93
Insurance - Life,8,SNFCA,-0.58,-2.05,-6.21,-2.05
Insurance - Life,9,AFL,-1.35,-2.51,-2.14,8.5
Insurance - Life,10,GL,-2.45,-2.53,-3.92,21.77
Insurance - Life,11,CNO,-2.75,-0.41,3.61,32.96
Insurance - Life,12,LNC,-3.23,-3.07,13.39,16.97
Insurance - Life,13,PUK,-3.81,-11.37,-3.73,-12.53
Insurance - Life,14,GNW,-4.56,-2.63,3.66,19.04
Insurance - Life,15,JXN,-5.38,-1.96,21.38,21.81
Insurance - Life,16,PRI,-5.89,-8.42,-2.42,9.49
Insurance - Life,17,FG,-5.9,-6.19,-17.97,-10.67
Insurance - Life,18,ABX,-15.09,-18.63,-15.91,-12.33
Oil & Gas Midstream,1,LNG,2.19,-2.56,18.52,-7.12
Oil & Gas Midstream,2,KMI,2.08,1.19,-3.74,-7.54
Oil & Gas Midstream,3,MPLX,1.52,0.6,4.59,-0.61
Oil & Gas Midstream,4,RBNE,1.28,-7.78,-76.42,-92.51
Oil & Gas Midstream,5,AM,1.04,-3.43,-3.48,-8.16
Oil & Gas Midstream,6,DTM,0.67,0.07,-14.45,-8.67
Oil & Gas Midstream,7,WMB,0.3,0.2,-6.27,-4.5
Oil & Gas Midstream,8,TRGP,-0.62,-3.82,6.27,15.0
Oil & Gas Midstream,9,SBR,-0.65,-0.58,0.91,-2.89
Oil & Gas Midstream,10,GLNG,-0.83,-2.86,0.22,-8.38
Oil & Gas Midstream,11,ENB,-1.05,-4.45,-13.46,-12.11
Oil & Gas Midstream,12,EPD,-1.37,-2.06,4.1,-2.14
Oil & Gas Midstream,13,TMDE,-1.44,-5.38,-0.55,-45.3
Oil & Gas Midstream,14,TRP,-1.65,-3.0,-13.21,-6.04
Oil & Gas Midstream,15,KNTK,-1.71,-3.25,9.91,13.15
Oil & Gas Midstream,16,HESM,-2.02,-0.62,4.02,-3.44
Oil & Gas Midstream,17,CQP,-2.19,-5.53,12.75,-8.26
Oil & Gas Midstream,18,OKE,-2.33,-2.67,3.7,-0.44
Oil & Gas Midstream,19,NGL,-2.39,-2.39,1.59,17.29
Oil & Gas Midstream,20,MMLP,-2.41,-4.93,-3.27,-14.14
Medical Care Facilities,1,SGRY,4.52,4.37,-4.34,21.33
Medical Care Facilities,2,STLN,4.44,11.26,29.9,117.89
Medical Care Facilities,3,SRTA,3.07,-9.88,-2.36,24.97
Medical Care Facilities,4,AIRS,2.61,-18.18,-52.48,-23.4
Medical Care Facilities,5,AMS,2.11,1.4,2.84,-23.68
Medical Care Facilities,6,HCA,1.41,1.69,12.56,-10.14
Medical Care Facilities,7,ACHC,1.24,-0.73,14.22,25.65
Medical Care Facilities,8,CYH,1.01,0.0,-4.75,3.08
Medical Care Facilities,9,UHS,0.1,2.83,24.74,-2.44
Medical Care Facilities,10,NHC,-0.22,-1.54,10.88,38.82
Medical Care Facilities,11,BMGL,-0.24,-14.79,-41.82,-46.74
Medical Care Facilities,12,CMPS,-0.36,-3.17,9.3,163.41
Medical Care Facilities,13,ARDT,-0.75,-5.42,13.19,23.86
Medical Care Facilities,14,PARK,-0.84,-2.71,16.65,25.89
Medical Care Facilities,15,USPH,-0.89,6.81,24.83,10.64
Medical Care Facilities,16,MD,-1.03,-2.78,6.77,24.63
Medical Care Facilities,17,ENSG,-1.34,-2.18,6.94,-13.53
Medical Care Facilities,18,EHC,-1.37,1.07,19.52,25.36
Medical Care Facilities,19,AUNA,-1.53,-3.01,4.46,-11.51
Medical Care Facilities,20,CCM,-1.79,-22.69,-18.43,5.48
Confectioners,1,TR,0.03,-8.37,0.08,-8.75
Confectioners,2,RMCF,0.0,-27.35,-43.33,-62.72
Confectioners,3,HSY,-1.37,-11.31,-7.97,-21.72
Confectioners,4,MDLZ,-1.48,-5.04,-0.49,7.45
Confectioners,5,SOWG,-12.59,-19.48,-3.85,-69.31
Oil & Gas Integrated,1,SLNG,6.29,-7.42,19.36,14.91
Oil & Gas Integrated,2,PBR-A,1.75,14.61,30.39,7.08
Oil & Gas Integrated,3,PBR,1.1,13.66,28.51,8.36
Oil & Gas Integrated,4,TTE,0.91,2.6,16.5,3.24
Oil & Gas Integrated,5,SHEL,-0.3,2.59,22.79,4.71
Oil & Gas Integrated,6,E,-0.85,-0.71,16.12,4.7
Oil & Gas Integrated,7,XOM,-1.28,-1.72,17.77,-2.51
Oil & Gas Integrated,8,YPF,-1.32,5.17,18.22,26.72
Oil & Gas Integrated,9,SU,-1.41,0.91,24.83,6.04
Oil & Gas Integrated,10,DEC,-1.91,-6.34,8.77,-16.43
Oil & Gas Integrated,11,BP,-1.96,1.71,17.51,-0.67
Oil & Gas Integrated,12,NFG,-2.17,-4.67,2.58,-17.06
Oil & Gas Integrated,13,CVX,-2.85,1.19,19.87,-0.62
Oil & Gas Integrated,14,EQNR,-2.94,1.25,35.76,7.38
Oil & Gas Integrated,15,IMO,-4.26,-8.91,10.89,-3.43
Oil & Gas Integrated,16,EC,-4.41,-3.69,14.39,14.55
Oil & Gas Integrated,17,CVE,-4.43,-3.39,25.88,22.17
Oil & Gas Integrated,18,TGS,-5.68,-3.89,-6.9,-19.36
Oil & Gas Integrated,19,VIVK,-12.58,-46.58,-93.7,-98.19
Oil & Gas Integrated,20,SKYQ,-14.48,-5.22,-3.05,-1.17
Building Materials,1,CAPS,19.88,8.32,-21.89,-71.07
Building Materials,2,VMC,0.04,-11.43,-20.47,-8.36
Building Materials,3,JHX,0.04,-11.09,3.99,38.69
Building Materials,4,EXP,-0.61,-12.69,-23.67,-2.46
Building Materials,5,MLM,-1.27,-8.0,-20.46,-14.88
Building Materials,6,AMRZ,-1.3,-16.11,-30.33,-30.63
Building Materials,7,LOMA,-1.46,-1.87,-17.31,-13.76
Building Materials,8,CRH,-1.7,-11.02,-23.92,-19.99
Building Materials,9,TTAM,-2.32,-10.54,-28.08,-9.79
Building Materials,10,CPAC,-2.38,3.88,2.67,20.69
Building Materials,11,SMID,-2.54,-12.11,-18.65,-18.48
Building Materials,12,CX,-3.94,-11.51,-18.8,-10.05
Building Materials,13,USLM,-4.14,-9.5,2.08,-11.27
Building Materials,14,TGLS,-4.47,-13.24,-22.22,-13.8
Building Materials,15,RMIX,-5.21,-27.22,-39.03,10.89
Building Materials,16,KNF,-7.53,-19.21,-43.36,-40.04
Building Materials,17,RETO,-91.38,-90.39,-94.02,-94.77
"Furnishings, Fixtures & Appliances",1,HBB,12.53,3.35,71.36,99.31
"Furnishings, Fixtures & Appliances",2,MWYN,9.45,0.95,-3.64,39.97
"Furnishings, Fixtures & Appliances",3,MBC,8.58,-22.64,-22.81,-14.57
"Furnishings, Fixtures & Appliances",4,VIRC,6.48,9.68,-2.67,8.42
"Furnishings, Fixtures & Appliances",5,LCUT,4.85,-8.76,4.22,67.96
"Furnishings, Fixtures & Appliances",6,FLXS,4.51,5.74,25.63,85.93
"Furnishings, Fixtures & Appliances",7,VIOT,3.17,88.13,52.55,1.81
"Furnishings, Fixtures & Appliances",8,HOFT,2.22,-5.99,-21.76,13.34
"Furnishings, Fixtures & Appliances",9,HNI,2.06,-3.79,26.33,29.31
"Furnishings, Fixtures & Appliances",10,PRPL,1.98,-51.96,-73.5,-85.04
"Furnishings, Fixtures & Appliances",11,WHR,1.57,-17.94,-13.02,-38.84
"Furnishings, Fixtures & Appliances",12,CRWS,1.57,-13.09,-9.44,-5.13
"Furnishings, Fixtures & Appliances",13,EFOI,1.53,-11.07,-11.07,38.74
"Furnishings, Fixtures & Appliances",14,TILE,0.81,-8.7,2.04,36.22
"Furnishings, Fixtures & Appliances",15,BSET,0.8,-6.83,5.9,21.97
"Furnishings, Fixtures & Appliances",16,LZB,-0.56,-6.57,-28.29,-7.72
"Furnishings, Fixtures & Appliances",17,XMAX,-0.8,-3.54,4.44,21.31
"Furnishings, Fixtures & Appliances",18,LOVE,-0.96,-8.58,-9.61,26.22
"Furnishings, Fixtures & Appliances",19,COOK,-1.05,-13.83,-38.62,78.71
"Furnishings, Fixtures & Appliances",20,SN,-1.28,-7.92,20.19,55.36
Home Improvement Retail,1,FND,3.09,-13.63,-16.77,-7.84
Home Improvement Retail,2,LIVE,1.67,-15.91,-23.46,-36.66
Home Improvement Retail,3,HVT,0.77,-0.29,8.14,32.91
Home Improvement Retail,4,LOW,-1.41,-11.81,-13.59,-18.37
Home Improvement Retail,5,HD,-1.9,-12.06,-13.46,-10.33
REIT - Mortgage,1,AGNC,0.3,-9.74,-5.53,-0.3
REIT - Mortgage,2,IVR,0.0,-13.64,-17.39,-17.07
REIT - Mortgage,3,LOAN,-0.51,-3.94,-12.56,-9.3
REIT - Mortgage,4,RITM,-0.63,-8.1,1.95,3.06
REIT - Mortgage,5,NLY,-0.89,-9.51,-5.69,-0.19
REIT - Mortgage,6,NREF,-1.13,-10.12,4.77,20.32
REIT - Mortgage,7,CIM,-1.29,-7.49,-20.49,-15.09
REIT - Mortgage,8,ARR,-1.42,-10.87,-13.86,-8.69
REIT - Mortgage,9,SEVN,-1.49,-6.57,-14.1,-12.12
REIT - Mortgage,10,MFA,-1.54,-6.94,-13.42,-13.96
REIT - Mortgage,11,SUNS,-1.61,-3.42,-14.04,-11.55
REIT - Mortgage,12,EFC,-1.66,-8.88,-9.08,7.82
REIT - Mortgage,13,PMT,-1.69,-6.03,-16.54,-22.81
REIT - Mortgage,14,CHMI,-1.78,-5.8,15.0,-0.72
REIT - Mortgage,15,ORC,-1.82,-12.0,-12.78,-14.53
REIT - Mortgage,16,STWD,-1.87,-9.76,-11.5,-15.37
REIT - Mortgage,17,MITT,-2.21,-8.02,-23.39,-16.58
REIT - Mortgage,18,ACRE,-2.54,-10.78,-5.59,-10.78
REIT - Mortgage,19,GPMT,-2.69,-23.21,-37.54,-41.87
REIT - Mortgage,20,REFI,-2.91,-0.93,-2.46,-10.99
REIT - Healthcare Facilities,1,MPT,5.9,-12.86,-19.33,-21.79
REIT - Healthcare Facilities,2,DHC,2.39,1.63,-13.14,21.16
REIT - Healthcare Facilities,3,DOC,0.64,-5.32,-1.63,22.63
REIT - Healthcare Facilities,4,NHP,0.37,-2.59,12.91,
REIT - Healthcare Facilities,5,XRN,-0.17,-4.69,-1.79,6.66
REIT - Healthcare Facilities,6,STRW,-0.51,-2.23,2.95,13.14
REIT - Healthcare Facilities,7,LTC,-1.25,5.24,11.74,13.9
REIT - Healthcare Facilities,8,NHI,-1.41,-8.03,-10.65,-18.6
REIT - Healthcare Facilities,9,OHI,-1.58,-0.9,-2.55,3.22
REIT - Healthcare Facilities,10,VTR,-1.78,-7.31,0.08,5.43
REIT - Healthcare Facilities,11,WELL,-1.97,-4.22,3.81,16.92
REIT - Healthcare Facilities,12,SBRA,-1.99,-3.81,3.14,-0.2
REIT - Healthcare Facilities,13,CTRE,-2.13,-6.25,-5.66,0.08
REIT - Healthcare Facilities,14,CHCT,-2.66,-5.68,-20.85,-10.08
REIT - Healthcare Facilities,15,AHR,-2.71,-7.99,3.19,7.15
REIT - Healthcare Facilities,16,HR,-2.92,-7.04,-12.05,3.22
REIT - Healthcare Facilities,17,UHT,-5.91,-8.22,-7.85,-4.22
Security & Protection Services,1,VRME,71.0,58.69,86.11,33.41
Security & Protection Services,2,IVDA,11.67,-4.26,-27.06,6.86
Security & Protection Services,3,MG,8.16,9.63,11.03,40.44
Security & Protection Services,4,GFAI,4.34,-15.3,-14.72,-30.04
Security & Protection Services,5,MSA,1.68,-3.21,10.62,4.49
Security & Protection Services,6,ALLE,0.84,-5.25,14.99,5.74
Security & Protection Services,7,CIGL,0.19,1.45,-8.84,-78.96
Security & Protection Services,8,NL,-0.14,7.93,17.23,20.28
Security & Protection Services,9,BRC,-0.92,-11.19,-4.36,0.2
Security & Protection Services,10,NSSC,-1.02,-4.34,-3.9,-15.86
Security & Protection Services,11,SNT,-1.44,-14.58,-24.63,-48.23
Security & Protection Services,12,CIX,-1.68,13.68,33.21,57.09
Security & Protection Services,13,SPCB,-1.84,-11.29,-10.46,13.63
Security & Protection Services,14,GEO,-2.58,-4.85,4.22,80.76
Security & Protection Services,15,BKYI,-2.73,-16.16,-47.58,-56.88
Security & Protection Services,16,SUGP,-3.17,-64.22,-89.68,-98.08
Security & Protection Services,17,BCO,-3.19,-6.93,9.06,4.16
Security & Protection Services,18,EVLV,-3.27,-7.05,-11.11,-14.39
Security & Protection Services,19,CXW,-7.59,-4.61,8.32,61.89
Security & Protection Services,20,DETX,-7.96,-44.81,-48.75,-65.36
Metal Fabrication,1,OLOX,15.79,-59.25,-83.93,-92.34
Metal Fabrication,2,PRLB,7.08,16.08,11.65,49.52
Metal Fabrication,3,AP,3.82,-1.17,-14.26,13.94
Metal Fabrication,4,TG,1.74,-12.05,-13.78,-8.96
Metal Fabrication,5,WOR,1.46,5.12,4.19,15.07
Metal Fabrication,6,ESAB,1.28,-15.04,-30.48,-29.47
Metal Fabrication,7,GPGI,1.01,-7.81,-15.45,-34.64
Metal Fabrication,8,MEC,0.75,-17.53,-49.26,-2.24
Metal Fabrication,9,MLI,-0.35,-4.92,-9.39,8.6
Metal Fabrication,10,HIHO,-0.53,3.12,16.87,14.86
Metal Fabrication,11,TPCS,-0.56,-8.32,37.4,55.59
Metal Fabrication,12,CMC,-1.76,-0.32,-9.29,1.33
Metal Fabrication,13,RYZ,-1.86,-1.73,-14.3,12.06
Metal Fabrication,14,TRSG,-2.38,-2.78,-14.62,18.64
Metal Fabrication,15,IIIN,-2.38,-2.35,-1.5,-11.37
Metal Fabrication,16,ATI,-2.88,-12.22,-6.79,23.12
Metal Fabrication,17,CRS,-4.07,-17.2,-32.0,-1.11
Metal Fabrication,18,MTEN,-4.72,1.0,-43.26,-26.28
REIT - Office,1,OPI,8.51,-5.28,-7.03,
REIT - Office,2,FSP,3.03,-26.57,-36.57,-43.89
REIT - Office,3,HPP,2.36,-20.53,-18.71,104.37
REIT - Office,4,ONL,2.06,-14.78,-10.14,25.25
REIT - Office,5,CUZ,-0.07,-5.86,-1.53,28.76
REIT - Office,6,BDN,-0.34,-8.49,-6.73,8.18
REIT - Office,7,KRC,-1.1,-7.7,-7.8,18.9
REIT - Office,8,CDP,-1.6,-9.85,-3.43,7.21
REIT - Office,9,ESBA,-1.69,-10.55,-18.92,-17.11
REIT - Office,10,VNO,-1.9,-12.12,-10.06,30.78
REIT - Office,11,PDM,-2.03,-6.73,3.27,38.43
REIT - Office,12,DEA,-2.53,-9.05,-5.97,4.56
REIT - Office,13,PSTL,-2.54,1.69,-0.85,26.9
REIT - Office,14,BXP,-2.62,-10.9,-2.78,17.88
REIT - Office,15,ARE,-3.1,-4.03,1.21,9.46
REIT - Office,16,HIW,-3.29,-6.55,2.7,40.98
REIT - Office,17,SLG,-3.42,-14.67,0.73,31.77
REIT - Office,18,NLOP,-4.39,-11.19,-8.9,-8.48
REIT - Office,19,DEI,-4.54,-17.24,-13.93,5.78
REIT - Office,20,CMCT,-13.87,-54.44,-37.0,-74.86
Medical Distribution,1,COSM,48.5,96.81,95.48,20.87
Medical Distribution,2,FOCL,16.46,13.4,-6.6,21.23
Medical Distribution,3,SNYR,9.96,-10.31,-56.28,-92.26
Medical Distribution,4,YI,9.76,5.1,-7.48,-41.62
Medical Distribution,5,AHG,3.33,-18.36,-42.97,-66.08
Medical Distribution,6,HKPD,0.25,-67.96,-69.44,-81.94
Medical Distribution,7,MCK,-0.77,0.77,14.87,-0.16
Medical Distribution,8,COR,-1.95,-3.55,9.78,-4.58
Medical Distribution,9,HSIC,-1.98,-4.98,2.69,14.9
Medical Distribution,10,CAH,-4.85,-4.78,-5.04,6.78
Medical Distribution,11,ACH,-29.9,-35.34,-76.56,-62.68
Medical Distribution,12,MEDS,-36.9,194.62,35.82,-34.19
Information Technology Services,1,DAIC,65.67,92.49,76.19,-28.73
Information Technology Services,2,INOD,29.92,26.01,-11.72,62.51
Information Technology Services,3,JFU,17.95,2.99,0.0,-12.66
Information Technology Services,4,KEEL,17.94,23.38,-34.48,81.45
Information Technology Services,5,VNET,14.38,6.96,-15.09,-21.45
Information Technology Services,6,SAIH,12.52,23.92,149.08,260.48
Information Technology Services,7,PENG,11.69,6.31,-16.75,202.7
Information Technology Services,8,APLD,11.64,1.26,-35.14,1.64
Information Technology Services,9,TSSI,11.14,10.74,-22.67,-28.51
Information Technology Services,10,PONY,10.84,-3.9,0.69,-35.12
Information Technology Services,11,SHAZ,10.57,-1.11,-31.02,140.74
Information Technology Services,12,WYFI,10.37,-8.33,-50.79,34.72
Information Technology Services,13,CHRN,9.97,-9.13,-7.32,95.33
Information Technology Services,14,CIFR,9.75,19.47,-30.02,23.32
Information Technology Services,15,GDS,9.02,4.28,5.92,-23.85
Information Technology Services,16,TDTH,8.72,-1.58,19.87,-71.91
Information Technology Services,17,HKIT,8.59,-5.12,-58.52,-98.97
Information Technology Services,18,NABL,7.79,15.28,27.69,-13.0
Information Technology Services,19,QXL,6.59,16.77,-9.24,182.05
Information Technology Services,20,CSQR,6.13,-5.46,,
REIT - Residential,1,BHM,5.52,1.43,-8.17,-29.25
REIT - Residential,2,ELME,4.91,1.79,-15.35,-14.93
REIT - Residential,3,CLPR,0.88,0.58,11.65,9.52
REIT - Residential,4,ESS,0.78,-6.86,-2.9,12.31
REIT - Residential,5,BRT,-0.79,-6.8,-7.36,-0.5
REIT - Residential,6,INVH,-1.03,-11.59,-9.14,7.68
REIT - Residential,7,UMH,-1.16,-7.34,0.46,7.99
REIT - Residential,8,AMH,-1.43,-11.15,-5.59,12.23
REIT - Residential,9,UDR,-1.77,-11.98,-11.98,-0.94
REIT - Residential,10,ELS,-1.97,-9.22,-5.72,-5.79
REIT - Residential,11,AIV,-2.22,-15.38,-24.66,-21.59
REIT - Residential,12,SUI,-2.24,-9.0,-6.35,-12.77
REIT - Residential,13,IRT,-2.41,-13.63,-11.69,-3.44
REIT - Residential,14,VMRK,-2.7,-10.05,-7.44,4.47
REIT - Residential,15,NXRT,-2.81,-16.03,-25.21,-17.34
REIT - Residential,16,CSR,-3.08,0.88,-2.93,-4.97
REIT - Residential,17,JAN,-3.24,-5.26,3.43,24.46
REIT - Residential,18,MAA,-3.38,-11.55,-12.38,-3.31
REIT - Residential,19,CPT,-3.57,-10.51,-12.21,-0.23
REIT - Residential,20,MRP,-7.39,-12.13,-8.81,-6.78
Thermal Coal,1,ARLP,-1.16,-3.15,5.4,-10.98
Thermal Coal,2,NRP,-1.94,0.33,7.56,-14.21
Thermal Coal,3,CNR,-1.98,-4.22,14.0,-15.98
Thermal Coal,4,BTU,-3.44,-5.34,13.4,-30.85
Thermal Coal,5,NC,-5.88,-11.34,-29.83,-30.89
Banks - Regional,1,PBHC,8.42,10.18,14.1,39.41
Banks - Regional,2,ASBH,7.35,,,
Banks - Regional,3,SHFS,6.62,-1.78,-29.92,-79.98
Banks - Regional,4,BCBP,5.33,0.12,-18.86,0.46
Banks - Regional,5,CBNA,5.28,5.99,29.19,34.05
Banks - Regional,6,RVSB,5.16,14.31,4.6,9.04
Banks - Regional,7,HFBL,3.31,-6.82,24.61,51.42
Banks - Regional,8,BLX,3.06,2.98,-11.99,8.55
Banks - Regional,9,SBFG,2.73,8.11,26.5,47.14
Banks - Regional,10,PNBK,2.21,-11.28,-12.93,-34.69
Banks - Regional,11,VBNK,1.95,18.56,19.79,66.74
Banks - Regional,12,HDB,1.83,-3.19,-10.84,-9.28
Banks - Regional,13,BCH,1.7,-2.88,10.0,8.83
Banks - Regional,14,BSVN,1.34,5.64,17.41,38.1
Banks - Regional,15,QNBC,1.34,1.56,4.48,15.36
Banks - Regional,16,BSBK,1.28,-1.03,-0.05,9.81
Banks - Regional,17,FNWB,1.21,-8.97,-3.46,15.38
Banks - Regional,18,BAP,1.11,1.49,2.36,16.7
Banks - Regional,19,MBBC,0.97,0.13,1.37,11.93
Banks - Regional,20,IFS,0.95,0.56,0.97,13.39
Waste Management,1,GWAV,13.3,-37.74,-21.66,-27.07
Waste Management,2,AQMS,10.84,-10.54,-17.06,-35.77
Waste Management,3,ABAT,8.96,-3.75,-14.44,-19.23
Waste Management,4,ENGS,4.0,-1.38,18.18,180.39
Waste Management,5,GFL,2.02,0.96,12.48,6.35
Waste Management,6,CDTG,0.83,3.42,-34.42,-89.02
Waste Management,7,OIO,0.81,3.04,-22.93,-79.55
Waste Management,8,AWX,0.78,-6.14,4.42,0.39
Waste Management,9,QRHC,0.0,-6.76,-0.72,15.0
Waste Management,10,DXST,-0.4,-14.92,27.41,-39.66
Waste Management,11,LNZA,-0.51,-6.51,1.73,-73.82
Waste Management,12,WCN,-0.7,-8.03,-6.63,-1.5
Waste Management,13,CLH,-1.82,-0.19,4.81,9.8
Waste Management,14,YDDL,-2.67,-16.19,-39.42,-87.83
Waste Management,15,WM,-2.86,-8.2,-6.89,-7.58
Waste Management,16,ONT,-2.91,11.02,-4.38,-24.29
Waste Management,17,RSG,-3.05,-4.47,-0.22,-1.01
Waste Management,18,AREC,-3.33,-24.9,-2.83,-25.8
Waste Management,19,NVRI,-5.31,-8.0,-10.91,5.6
Waste Management,20,CWST,-5.84,-10.53,-7.06,11.49
Leisure,1,KBSX,19.57,25.0,32.85,-5.17
Leisure,2,NOMA,7.59,-33.9,-53.15,-63.29
Leisure,3,PUSA,7.56,-2.12,-4.88,-8.19
Leisure,4,MMA,7.28,-13.34,-17.0,5.5
Leisure,5,AOUT,6.93,46.37,60.45,86.34
Leisure,6,NWTG,5.05,-10.39,11.17,-25.89
Leisure,7,YETI,3.23,-2.83,-15.67,13.32
Leisure,8,TRON,2.8,-27.94,2.8,-40.73
Leisure,9,OSW,2.63,-16.03,-19.41,-3.05
Leisure,10,KMRK,1.17,-18.63,-5.74,-49.36
Leisure,11,FNKO,1.14,-22.56,-5.84,60.24
Leisure,12,DOGZ,1.12,-12.62,-19.64,-39.19
Leisure,13,JAKK,0.74,-4.27,7.11,20.35
Leisure,14,FUN,0.49,-26.49,-46.0,-27.05
Leisure,15,GOLF,0.29,-7.49,-24.25,-11.12
Leisure,16,GDHG,0.0,-11.54,-11.54,-32.75
Leisure,17,JOUT,-0.5,-6.06,-4.45,-6.76
Leisure,18,MAT,-0.65,-11.74,-5.76,-12.51
Leisure,19,PTON,-0.83,-10.45,-16.23,16.79
Leisure,20,AS,-0.85,-13.89,-23.36,-18.71
REIT - Diversified,1,GIPR,45.08,-29.82,-70.82,-83.34
REIT - Diversified,2,SQFT,6.2,-6.8,-49.26,-38.01
REIT - Diversified,3,FVR,2.15,-9.9,-9.08,15.44
REIT - Diversified,4,ESRT,0.98,-12.68,-19.96,-18.7
REIT - Diversified,5,MKZR,0.0,-10.16,-23.03,-64.69
REIT - Diversified,6,WPC,-0.15,-7.11,-8.45,-1.35
REIT - Diversified,7,GOOD,-0.79,-4.63,3.37,11.83
REIT - Diversified,8,OLP,-0.96,-7.66,-7.66,1.52
REIT - Diversified,9,AAT,-1.38,-6.57,-11.82,16.92
REIT - Diversified,10,CTO,-2.17,-7.95,-4.71,10.05
REIT - Diversified,11,GNL,-2.25,-5.97,-5.45,-5.56
REIT - Diversified,12,BNL,-2.63,-10.8,-10.34,1.07
REIT - Diversified,13,NXDT,-3.19,-4.44,11.69,19.44
REIT - Diversified,14,VICI,-3.38,-11.5,-11.3,-13.19
REIT - Diversified,15,AHRT,-4.95,-11.59,-12.5,6.06
REIT - Diversified,16,JBGS,-5.42,-14.8,-25.89,-32.25
REIT - Diversified,17,SAFE,-6.58,-16.87,-17.98,-7.32
Insurance - Diversified,1,WDH,1.94,5.85,-8.7,-37.13
Insurance - Diversified,2,BNT,0.16,-11.64,-13.45,-8.61
Insurance - Diversified,3,SLF,-0.39,1.15,3.49,26.9
Insurance - Diversified,4,AIG,-0.64,-2.33,-0.74,1.67
Insurance - Diversified,5,PLGO,-1.16,-0.46,0.04,25.71
Insurance - Diversified,6,ACGL,-1.87,-5.91,0.25,1.67
Insurance - Diversified,7,BRK-A,-1.96,1.24,2.98,6.51
Insurance - Diversified,8,BRK-B,-2.43,0.57,2.5,5.81
Insurance - Diversified,9,IGIC,-2.43,-7.79,-4.86,4.12
Insurance - Diversified,10,AEG,-2.99,-4.79,4.92,25.72
Insurance - Diversified,11,HIG,-6.19,-8.91,-4.33,-6.51
Insurance - Diversified,12,XZO,-6.76,-12.31,6.1,3.38
Banks - Diversified,1,BBVA,-0.04,-3.83,16.27,31.57
Banks - Diversified,2,HSBC,-0.59,-3.69,6.82,26.47
Banks - Diversified,3,BNS,-0.76,6.21,8.15,32.94
Banks - Diversified,4,C,-0.77,0.16,-8.12,15.99
Banks - Diversified,5,TD,-0.99,2.45,0.5,27.67
Banks - Diversified,6,ING,-1.21,2.54,15.68,42.82
Banks - Diversified,7,BMO,-1.29,-1.15,-1.16,24.91
Banks - Diversified,8,CM,-1.34,-3.03,-2.07,15.3
Banks - Diversified,9,SAN,-1.39,-3.53,6.21,30.28
Banks - Diversified,10,RY,-1.4,-2.24,-1.34,23.03
Banks - Diversified,11,MUFG,-1.55,3.92,15.19,36.48
Banks - Diversified,12,NTB,-1.56,-0.73,-0.84,12.73
Banks - Diversified,13,SMFG,-1.67,3.4,9.44,31.96
Banks - Diversified,14,BNY,-2.58,-7.79,4.14,26.81
Banks - Diversified,15,JPM,-3.26,-5.29,1.22,15.43
Banks - Diversified,16,BAC,-3.28,-10.16,-3.0,16.33
Banks - Diversified,17,FRBT,-3.51,-4.18,-1.0,
Banks - Diversified,18,BCS,-4.14,-9.94,-8.68,17.46
Banks - Diversified,19,UBS,-5.32,-11.12,-3.36,30.73
Banks - Diversified,20,WFC,-5.92,-3.33,-2.85,2.88
Oil & Gas Drilling,1,BORR,3.07,-0.46,-0.23,-16.31
Oil & Gas Drilling,2,NE,0.63,-2.96,13.91,-10.37
Oil & Gas Drilling,3,VAL,0.06,-3.78,9.34,-15.71
Oil & Gas Drilling,4,RIG,-1.26,-5.2,8.53,-17.5
Oil & Gas Drilling,5,SDRL,-2.95,-0.71,23.16,2.97
Oil & Gas Drilling,6,NBR,-3.15,-6.34,1.45,-3.45
Oil & Gas Drilling,7,PDS,-3.91,-5.71,6.59,-18.86
Oil & Gas Drilling,8,HP,-5.04,-6.9,20.76,6.12
Oil & Gas Drilling,9,PTEN,-7.98,-6.66,16.28,1.65
Oil & Gas Drilling,10,SOC,-9.39,-14.78,-47.67,-75.31
Staffing & Employment Services,1,IPDN,77.12,20.44,-70.81,-86.1
Staffing & Employment Services,2,HQI,9.65,3.86,44.32,81.19
Staffing & Employment Services,3,TBI,8.4,-8.06,47.3,173.26
Staffing & Employment Services,4,GLXG,5.38,-3.7,-20.61,-55.74
Staffing & Employment Services,5,JOB,2.8,-7.76,11.89,-5.92
Staffing & Employment Services,6,STRR,2.63,2.23,-6.48,4.5
Staffing & Employment Services,7,KELYA,0.92,-2.03,41.44,90.39
Staffing & Employment Services,8,RHI,0.73,-17.2,24.2,52.18
Staffing & Employment Services,9,MHH,0.69,-1.75,-4.33,15.69
Staffing & Employment Services,10,KFRC,-0.23,-9.74,10.95,87.71
Staffing & Employment Services,11,BGSF,-0.8,-7.98,-13.59,-19.61
Staffing & Employment Services,12,MAN,-0.97,-6.55,76.04,105.85
Staffing & Employment Services,13,KFY,-4.48,-12.71,4.71,17.98
Staffing & Employment Services,14,BBSI,-4.93,-2.42,-4.65,11.79
Staffing & Employment Services,15,NSP,-5.13,-6.31,28.18,84.06
Staffing & Employment Services,16,TNET,-5.74,-6.26,38.19,71.96
Staffing & Employment Services,17,CIRC,-25.23,-48.53,-56.42,-90.14
Real Estate Services,1,CHGA,19.35,-36.35,-65.63,-80.73
Real Estate Services,2,DUO,11.14,-12.04,-23.44,-46.9
Real Estate Services,3,LRHC,8.98,-26.87,-55.94,-92.64
Real Estate Services,4,NYC,6.47,-3.25,-22.46,-26.64
Real Estate Services,5,OMH,4.6,-48.98,-92.18,-96.0
Real Estate Services,6,EUDA,4.49,12.53,19.52,89.81
Real Estate Services,7,BEKE,3.88,-6.32,12.09,7.45
Real Estate Services,8,TCI,2.9,6.45,0.17,20.5
Real Estate Services,9,CIGI,2.43,-15.34,1.34,-10.04
Real Estate Services,10,MDRR,2.07,4.49,4.49,3.92
Real Estate Services,11,MLP,1.82,2.86,-8.57,3.51
Real Estate Services,12,MAYS,1.32,-4.35,1.63,-1.76
Real Estate Services,13,FTHM,1.13,-20.74,-54.88,-35.38
Real Estate Services,14,IHS,0.0,1.2,2.93,2.18
Real Estate Services,15,OPEN,-0.39,-24.78,-39.72,-50.19
Real Estate Services,16,FRPH,-0.52,-7.46,-15.88,0.52
Real Estate Services,17,RMR,-0.53,-4.37,-9.17,21.42
Real Estate Services,18,GYRO,-0.59,-7.04,-18.04,-38.63
Real Estate Services,19,CBRE,-1.55,-10.22,1.84,2.63
Real Estate Services,20,CWK,-1.67,-15.78,-5.15,3.18
Credit Services,1,SUIG,58.8,24.58,26.72,8.09
Credit Services,2,SWRD,33.7,-39.35,-12.0,-19.33
Credit Services,3,XYF,9.41,-4.91,8.28,16.22
Credit Services,4,OPRT,8.72,11.58,49.82,84.75
Credit Services,5,JFIN,3.87,-33.19,-48.5,-70.36
Credit Services,6,PMTS,2.65,-14.39,29.18,72.61
Credit Services,7,YRD,2.04,-8.26,-11.5,-44.75
Credit Services,8,LU,1.67,-9.63,-4.69,-33.7
Credit Services,9,PRAA,0.2,-0.3,11.72,12.91
Credit Services,10,FOA,-0.34,-28.17,-32.56,-15.96
Credit Services,11,PYPL,-0.38,-14.87,23.61,18.77
Credit Services,12,HTT,-1.21,-3.56,-22.29,-2.01
Credit Services,13,MA,-1.38,-6.66,13.25,12.22
Credit Services,14,FCFS,-1.47,-8.44,-1.1,10.26
Credit Services,15,AGM,-1.58,-1.16,12.72,51.57
Credit Services,16,CPSS,-1.58,1.97,-2.1,20.98
Credit Services,17,UPST,-1.61,-18.2,-25.11,-8.08
Credit Services,18,SOFI,-1.72,-9.27,-4.39,-0.9
Credit Services,19,EZPW,-1.79,-13.87,-6.91,15.14
Credit Services,20,GDOT,-1.81,-2.98,-3.84,16.56
Restaurants,1,REBN,32.28,-20.44,-28.29,-44.1
Restaurants,2,SG,16.47,9.99,-13.37,47.7
Restaurants,3,ESYN,15.0,21.69,70.37,70.37
Restaurants,4,CBRL,9.95,-18.1,-1.78,74.51
Restaurants,5,BTBD,8.24,37.31,69.59,29.58
Restaurants,6,CAKE,7.62,-8.9,33.57,83.21
Restaurants,7,STKS,7.19,-0.61,-12.77,-7.87
Restaurants,8,CAVA,6.71,-26.18,-35.43,-37.11
Restaurants,9,BLMN,6.34,-25.26,0.0,49.21
Restaurants,10,GENK,5.94,-13.96,-18.51,-18.12
Restaurants,11,RRGB,5.75,-23.69,16.77,150.97
Restaurants,12,ARKR,5.33,-13.19,-24.64,-29.88
Restaurants,13,KRUS,5.14,-25.03,-29.33,-42.04
Restaurants,14,DIN,4.37,-20.6,-15.27,5.02
Restaurants,15,CNNE,4.02,2.6,12.87,48.4
Restaurants,16,BJRI,3.26,-8.53,12.67,70.19
Restaurants,17,SHAK,3.21,-22.49,6.79,-35.06
Restaurants,18,BRCB,3.19,-24.66,-5.44,-51.53
Restaurants,19,DRI,2.7,-5.26,0.11,6.57
Restaurants,20,YUM,1.94,-10.63,-8.1,-11.79
Utilities - Diversified,1,AES,0.0,0.41,0.89,4.81
Utilities - Diversified,2,BIP,-0.9,-8.66,-3.64,-0.84
Utilities - Diversified,3,ELPC,-2.55,9.18,5.88,4.79
Utilities - Diversified,4,UTL,-2.9,-5.11,-4.07,-1.47
Utilities - Diversified,5,SRE,-3.3,-6.59,-14.81,-16.84
Utilities - Diversified,6,AVA,-3.51,-6.54,-13.81,-9.36
Utilities - Diversified,7,AQN,-4.89,-11.07,-15.38,-19.55
Chemicals,1,RYAM,10.65,9.72,14.39,-16.61
Chemicals,2,GURE,5.91,12.32,-10.0,-27.13
Chemicals,3,REX,3.94,3.8,1.62,7.97
Chemicals,4,CE,3.46,7.14,0.94,-20.25
Chemicals,5,GPRE,0.33,0.94,3.21,-7.3
Chemicals,6,WLKP,0.33,-0.61,-5.74,-4.26
Chemicals,7,TROX,0.23,-20.22,-37.23,-49.17
Chemicals,8,ASIX,-0.6,-1.61,-16.39,-27.97
Chemicals,9,VHI,-0.91,-9.78,21.23,15.98
Chemicals,10,HUN,-0.98,-5.21,-19.61,-20.25
Chemicals,11,OLN,-1.47,-4.55,-20.1,-39.22
Chemicals,12,MEOH,-3.84,0.14,22.87,0.72
Chemicals,13,NPT,-3.87,-20.32,26.81,-59.73
Chemicals,14,DOW,-4.75,-8.87,-2.48,-25.22
Chemicals,15,LXU,-7.14,-4.2,-4.11,-33.31
Chemicals,16,BAK,-12.99,-16.3,-47.44,-63.33
Integrated Freight & Logistics,1,QNME,193.46,174.99,96.9,-0.7
Integrated Freight & Logistics,2,JYD,37.63,10.74,-0.96,-65.44
Integrated Freight & Logistics,3,PSIG,13.58,93.33,-63.29,-18.69
Integrated Freight & Logistics,4,CYRX,5.94,7.04,12.69,114.6
Integrated Freight & Logistics,5,HXHX,5.06,-25.61,-12.32,-13.35
Integrated Freight & Logistics,6,CIIT,1.36,-22.4,-62.21,-84.15
Integrated Freight & Logistics,7,SERV,0.47,-7.71,-29.58,-53.25
Integrated Freight & Logistics,8,EXPD,-0.53,0.11,17.4,32.44
Integrated Freight & Logistics,9,JBHT,-0.89,-9.72,-12.8,14.38
Integrated Freight & Logistics,10,LSTR,-1.28,-7.19,-19.6,6.65
Integrated Freight & Logistics,11,GXO,-1.99,-3.72,-9.5,-12.36
Integrated Freight & Logistics,12,FDXF,-2.06,-9.18,-25.7,
Integrated Freight & Logistics,13,CHRW,-2.48,4.77,-15.57,-11.54
Integrated Freight & Logistics,14,FWRD,-2.78,-14.29,12.47,-7.09
Integrated Freight & Logistics,15,ZTO,-2.97,-7.85,-10.7,-22.4
Integrated Freight & Logistics,16,UPS,-2.99,-6.72,-9.72,-2.66
Integrated Freight & Logistics,17,NCEW,-3.19,3.98,-10.53,65.45
Integrated Freight & Logistics,18,FDX,-3.39,-12.74,-7.99,0.57
Integrated Freight & Logistics,19,CJMB,-3.64,-6.61,190.41,13.98
Integrated Freight & Logistics,20,RLGT,-4.73,2.85,-4.62,21.6
Steel,1,ZKIN,47.83,47.83,14.09,3.34
Steel,2,CLF,5.93,13.89,21.76,54.87
Steel,3,WS,4.14,3.98,-12.39,2.3
Steel,4,SIM,3.98,-6.95,-8.89,-10.88
Steel,5,ASTL,2.83,8.73,9.27,8.19
Steel,6,MSB,1.56,-13.28,-17.03,-35.5
Steel,7,NWPX,0.26,-7.14,-28.5,30.43
Steel,8,LUD,-0.6,-1.07,-19.87,23.89
Steel,9,STLD,-1.65,2.19,-2.96,38.06
Steel,10,HLP,-1.69,62.8,323.96,107.04
Steel,11,TX,-1.74,1.6,24.53,43.86
Steel,12,MT,-1.78,-0.99,17.0,37.36
Steel,13,GGB,-2.2,12.7,19.32,41.86
Steel,14,RS,-2.45,0.56,-3.08,28.12
Steel,15,FRD,-2.6,-6.28,16.8,114.77
Steel,16,MTUS,-2.9,-0.05,-4.34,14.08
Steel,17,PKX,-4.93,-4.07,5.14,-2.5
Steel,18,NUE,-5.26,0.96,2.69,51.76
Steel,19,SID,-5.79,10.68,16.21,-8.06
Steel,20,HUDI,-7.31,-22.48,-17.43,-38.24
Coking Coal,1,SXC,3.54,3.54,22.09,51.91
Coking Coal,2,HCC,-2.67,-15.35,7.24,-5.59
Coking Coal,3,AMR,-4.8,-14.07,10.41,-17.24
Coking Coal,4,METC,-6.26,-25.34,-26.17,-35.06
Insurance - Specialty,1,MBI,-0.66,-8.15,-27.84,-22.64
Insurance - Specialty,2,MTG,-0.68,-5.79,8.32,13.21
Insurance - Specialty,3,AMSF,-1.38,-7.74,-24.92,-25.79
Insurance - Specialty,4,NMIH,-1.88,-7.21,6.95,13.41
Insurance - Specialty,5,RDN,-2.07,-5.91,-5.53,5.11
Insurance - Specialty,6,ACT,-2.41,-3.96,7.91,18.31
Insurance - Specialty,7,FNF,-2.72,-11.76,-9.69,-5.34
Insurance - Specialty,8,ITIC,-2.86,-2.27,9.91,36.3
Insurance - Specialty,9,AGO,-3.23,-7.01,-11.92,-15.49
Insurance - Specialty,10,ESNT,-3.49,-4.41,6.08,14.0
Insurance - Specialty,11,FAF,-4.25,-5.77,1.25,17.17
Insurance - Specialty,12,AXS,-4.3,-4.06,-10.11,-6.06
Insurance - Specialty,13,EIG,-4.46,-2.85,-2.09,19.12
Insurance - Specialty,14,JRVR,-6.99,-12.65,-13.7,-42.38
Insurance - Specialty,15,OSG,-12.26,-8.39,-35.86,-14.26
Utilities - Regulated Gas,1,CTRI,5.27,-2.98,-35.87,-33.06
Utilities - Regulated Gas,2,BKH,0.01,-2.11,-5.43,2.86
Utilities - Regulated Gas,3,CPK,-0.08,-4.15,6.23,4.13
Utilities - Regulated Gas,4,BIPC,-0.62,-9.54,-8.72,-7.05
Utilities - Regulated Gas,5,MDU,-1.39,-7.87,-15.1,-10.03
Utilities - Regulated Gas,6,NJR,-2.39,-2.83,-7.67,-3.67
Utilities - Regulated Gas,7,SPH,-2.59,-6.65,-1.95,-19.01
Utilities - Regulated Gas,8,NWN,-2.96,-5.95,-6.53,-9.61
Utilities - Regulated Gas,9,SR,-3.14,-6.05,-2.63,-14.37
Utilities - Regulated Gas,10,NI,-3.47,-3.87,-17.59,-14.08
Utilities - Regulated Gas,11,ATO,-3.53,-6.9,-9.47,-13.95
Utilities - Regulated Gas,12,RGCO,-3.55,-6.77,-17.5,-4.09
Utilities - Regulated Gas,13,UGI,-4.09,-4.11,5.08,0.22
Utilities - Regulated Gas,14,SWX,-5.07,-8.07,-7.24,-4.64
Utilities - Regulated Gas,15,OGS,-5.44,-10.03,-7.4,-15.52
Specialty Business Services,1,TH,13.01,18.9,5.95,121.29
Specialty Business Services,2,YSXT,12.9,40.0,12.9,9.38
Specialty Business Services,3,TISI,7.36,25.82,71.11,86.21
Specialty Business Services,4,TRNS,6.47,1.91,-0.65,22.51
Specialty Business Services,5,SPIR,6.27,-11.97,-28.72,-4.76
Specialty Business Services,6,THH,5.47,-30.32,-50.29,-60.51
Specialty Business Services,7,RHLD,4.77,-2.4,2.61,-19.66
Specialty Business Services,8,CRE,4.68,11.97,-9.63,14.12
Specialty Business Services,9,PMEC,4.63,29.82,-19.24,-15.51
Specialty Business Services,10,AZZ,3.87,-2.1,-9.89,10.72
Specialty Business Services,11,EBF,3.61,2.74,4.15,3.41
Specialty Business Services,12,BKSY,3.39,-13.05,-11.74,-12.5
Specialty Business Services,13,KODK,2.55,-0.21,2.88,15.41
Specialty Business Services,14,SFHG,2.28,-5.49,-4.68,-5.08
Specialty Business Services,15,BUUU,2.1,62.15,103.97,222.41
Specialty Business Services,16,LICN,1.96,-14.75,-17.46,-75.64
Specialty Business Services,17,ULS,1.92,-11.84,-29.41,-25.13
Specialty Business Services,18,SST,1.29,62.69,31.93,121.13
Specialty Business Services,19,TIC,0.9,-3.77,8.11,22.16
Specialty Business Services,20,NTIP,0.65,0.32,6.12,7.59
Utilities - Regulated Water,1,CWCO,-0.99,-6.15,-4.62,-13.46
Utilities - Regulated Water,2,PCYO,-1.17,-5.5,-3.25,9.78
Utilities - Regulated Water,3,HTO,-1.49,-3.55,5.12,10.19
Utilities - Regulated Water,4,SBS,-2.08,11.66,-6.51,-11.03
Utilities - Regulated Water,5,WTRG,-2.88,-2.81,6.35,1.21
Utilities - Regulated Water,6,AWK,-3.41,-4.9,2.64,-0.39
Utilities - Regulated Water,7,ARTNA,-3.76,-5.96,2.21,7.35
Utilities - Regulated Water,8,CWT,-4.12,-9.4,-2.6,4.07
Utilities - Regulated Water,9,AWR,-4.51,-8.63,4.22,13.62
Utilities - Regulated Water,10,MSEX,-4.72,-9.79,-0.68,4.85
Utilities - Regulated Water,11,YORW,-6.24,-10.56,1.64,2.42
Utilities - Regulated Water,12,GWRS,-7.23,-13.68,13.8,9.49
Agricultural Inputs,1,NXTS,6.2,-18.26,-75.46,-68.51
Agricultural Inputs,2,BIOX,1.55,-4.85,14.09,-4.32
Agricultural Inputs,3,CTVA,-0.73,-2.89,0.41,-0.2
Agricultural Inputs,4,MOS,-1.69,1.54,16.83,-3.29
Agricultural Inputs,5,NTR,-3.28,1.13,24.45,-2.2
Agricultural Inputs,6,ICL,-3.28,-7.83,4.54,2.91
Agricultural Inputs,7,SMG,-3.58,-12.95,-22.92,-20.96
Agricultural Inputs,8,SEED,-3.66,-9.64,-8.91,-25.81
Agricultural Inputs,9,UAN,-3.73,2.21,18.32,-5.27
Agricultural Inputs,10,IPI,-3.8,-3.09,9.71,-12.2
Agricultural Inputs,11,AVD,-4.69,-6.45,-22.81,-12.88
Agricultural Inputs,12,FMC,-8.33,-12.23,-12.54,-33.24
Agricultural Inputs,13,CF,-8.6,-6.65,17.02,-4.95
Healthcare Plans,1,CLOV,0.22,11.19,-12.28,151.1
Healthcare Plans,2,UNH,-1.06,-6.89,-8.5,36.36
Healthcare Plans,3,HUM,-2.58,-3.06,3.63,117.6
Healthcare Plans,4,ELV,-3.39,-1.01,3.79,37.28
Healthcare Plans,5,CI,-4.34,-4.34,-4.0,0.9
Healthcare Plans,6,OSCR,-5.6,-4.02,4.7,153.78
Healthcare Plans,7,PGNY,-5.66,1.49,-3.94,43.1
Healthcare Plans,8,CNC,-5.95,-5.44,-1.41,88.24
Healthcare Plans,9,MOH,-6.35,-4.6,-5.98,33.6
Healthcare Plans,10,CVS,-6.39,-8.77,-15.72,17.94
Healthcare Plans,11,ALHC,-9.76,-41.47,-63.76,-54.88
Resorts & Casinos,1,BALY,15.73,31.86,-15.56,5.26
Resorts & Casinos,2,FLL,4.09,-16.82,-34.56,-19.82
Resorts & Casinos,3,MLCO,3.51,-13.55,-13.71,-14.49
Resorts & Casinos,4,CPHC,1.09,0.9,0.3,2.47
Resorts & Casinos,5,MTN,-0.05,-6.63,-2.9,7.72
Resorts & Casinos,6,CZR,-0.2,-0.17,0.03,12.54
Resorts & Casinos,7,VAC,-0.59,-11.81,1.71,43.87
Resorts & Casinos,8,MGM,-1.41,-13.37,-19.62,1.99
Resorts & Casinos,9,CNTY,-2.2,-12.6,-13.95,-22.92
Resorts & Casinos,10,WYNN,-3.29,-18.07,-21.49,-20.75
Resorts & Casinos,11,HGV,-4.07,-21.52,-34.88,-14.15
Resorts & Casinos,12,RRR,-4.47,-16.26,-18.56,-13.35
Resorts & Casinos,13,LVS,-4.55,-16.56,-17.94,-28.62
Resorts & Casinos,14,MCRI,-4.75,-5.4,-9.64,18.9
Resorts & Casinos,15,BYD,-5.11,-11.43,-17.45,-15.07
Resorts & Casinos,16,PENN,-12.04,-14.79,-23.65,7.53
Resorts & Casinos,17,MSC,-38.05,-56.33,-58.6,-68.01
Beverages - Brewers,1,FMX,-1.07,-1.86,-1.88,15.29
Beverages - Brewers,2,SAM,-1.5,-11.48,-8.29,-22.57
Beverages - Brewers,3,ABEV,-2.01,0.34,-6.39,5.4
Beverages - Brewers,4,CCU,-2.28,-12.09,-0.09,0.27
Beverages - Brewers,5,BUD,-3.55,-2.82,-8.73,13.22
Beverages - Brewers,6,STZ,-5.25,-15.28,-18.49,-23.65
Beverages - Brewers,7,TAP,-6.37,-14.82,-9.65,-11.03
Utilities - Regulated Electric,1,IMSR,4.24,-14.64,-37.43,-30.24
Utilities - Regulated Electric,2,NWE,0.26,-1.38,-4.25,5.34
Utilities - Regulated Electric,3,TXNM,-0.38,2.17,1.48,-0.31
Utilities - Regulated Electric,4,FTS,-1.02,-3.65,-6.74,-3.3
Utilities - Regulated Electric,5,NGG,-1.03,-6.43,-9.15,-8.6
Utilities - Regulated Electric,6,EMA,-1.41,-4.35,-8.88,-4.59
Utilities - Regulated Electric,7,GNE,-1.49,3.66,8.27,15.03
Utilities - Regulated Electric,8,CEPU,-1.61,0.83,-4.82,-13.02
Utilities - Regulated Electric,9,AEP,-1.9,-2.93,-12.27,-8.07
Utilities - Regulated Electric,10,POR,-2.07,-5.59,-9.91,-8.88
Utilities - Regulated Electric,11,WEC,-2.14,-5.96,-12.49,-10.53
Utilities - Regulated Electric,12,EIX,-2.37,-27.66,-27.9,-24.93
Utilities - Regulated Electric,13,EVRG,-2.45,-3.65,-8.62,-1.89
Utilities - Regulated Electric,14,ED,-2.67,-4.73,-7.32,-6.62
Utilities - Regulated Electric,15,XEL,-2.82,-8.63,-13.27,-9.36
Utilities - Regulated Electric,16,OGE,-2.83,-2.72,-8.0,-4.91
Utilities - Regulated Electric,17,KEP,-2.94,-3.71,-10.37,-31.47
Utilities - Regulated Electric,18,ETR,-3.02,-6.2,-13.48,-3.21
Utilities - Regulated Electric,19,IDA,-3.04,-6.92,-12.64,-6.68
Utilities - Regulated Electric,20,DUK,-3.05,-6.4,-9.77,-10.37
Packaged Foods,1,SRXH,6.25,-6.08,-67.97,-76.07
Packaged Foods,2,PAVS,5.54,-18.64,-68.64,-99.03
Packaged Foods,3,FAMI,4.5,29.33,-88.88,-89.58
Packaged Foods,4,WEST,3.99,-4.27,-16.53,106.12
Packaged Foods,5,COOT,3.28,5.55,-22.11,-12.99
Packaged Foods,6,PRE,3.13,4.08,15.16,2.53
Packaged Foods,7,LSF,2.57,-4.77,-19.69,62.44
Packaged Foods,8,MICC,1.38,-5.41,11.92,30.91
Packaged Foods,9,HLF,1.35,-4.69,-3.85,-18.21
Packaged Foods,10,FTLF,0.75,-6.1,-21.16,-26.64
Packaged Foods,11,LFVN,0.32,-9.36,-0.48,43.19
Packaged Foods,12,NAGE,0.0,-6.54,-13.04,-33.92
Packaged Foods,13,UTZ,-0.21,0.14,93.61,96.28
Packaged Foods,14,MZTI,-0.82,-11.78,-9.28,-27.61
Packaged Foods,15,SJM,-0.93,-2.75,9.66,26.38
Packaged Foods,16,OFRM,-1.04,-8.9,-20.92,0.12
Packaged Foods,17,OTLY,-1.06,-23.75,41.92,24.69
Packaged Foods,18,NATR,-1.07,-9.44,-37.92,-45.63
Packaged Foods,19,JBSS,-1.25,-10.33,-18.7,-9.33
Packaged Foods,20,BRID,-1.36,-5.54,-13.43,-22.87
Farm Products,1,VFF,7.24,11.99,64.95,8.01
Farm Products,2,PFAI,6.76,0.0,-19.79,22.95
Farm Products,3,AGRZ,5.39,-11.95,-28.68,-57.16
Farm Products,4,VITL,2.79,-6.95,-7.2,-25.29
Farm Products,5,ALCO,0.05,-4.37,-2.98,0.15
Farm Products,6,AFRI,-0.09,2.17,8.98,15.97
Farm Products,7,DOLE,-1.37,-4.01,-8.95,-9.9
Farm Products,8,LND,-1.39,-6.6,1.43,-11.06
Farm Products,9,TSN,-1.46,-11.25,-11.16,-15.65
Farm Products,10,DMC,-2.6,-4.1,6.34,-27.9
Farm Products,11,ADM,-3.35,5.1,9.42,14.99
Farm Products,12,CALM,-3.45,-15.21,-9.23,-8.74
Farm Products,13,LMNR,-4.43,-13.7,-7.99,-9.57
Farm Products,14,LOCL,-4.67,0.99,-20.93,-5.56
Farm Products,15,BG,-4.82,1.2,2.28,-10.16
Farm Products,16,AQB,-6.31,-20.61,-11.86,14.29
Farm Products,17,AGRO,-6.63,-3.64,19.1,-22.33
Farm Products,18,TULP,-10.45,-8.38,-15.47,-18.51
Farm Products,19,SDOT,-10.85,-52.12,52.97,-66.19
Farm Products,20,EDBL,-13.67,-14.89,-85.96,-98.05
Entertainment,1,CPOP,65.18,0.05,-68.81,-89.09
Entertainment,2,HUYA,12.62,7.91,4.04,-19.03
Entertainment,3,KUST,11.95,-30.07,-53.87,-79.24
Entertainment,4,WBD,9.58,7.18,13.09,12.76
Entertainment,5,AMC,7.89,7.49,43.5,188.18
Entertainment,6,BATRK,5.21,1.56,3.21,25.9
Entertainment,7,CNK,5.17,-6.8,7.93,27.14
Entertainment,8,ZNB,4.55,-23.33,-73.42,-93.47
Entertainment,9,BATRA,3.81,1.27,3.44,23.2
Entertainment,10,TOON,3.31,-10.31,-23.67,-3.32
Entertainment,11,MANU,2.45,-13.54,-2.94,23.66
Entertainment,12,IMAX,2.36,-2.72,21.36,39.49
Entertainment,13,RSVR,1.16,-2.45,-6.37,2.91
Entertainment,14,MCS,0.94,-10.06,18.8,65.38
Entertainment,15,ANGH,0.63,12.88,-27.61,5.83
Entertainment,16,MSGS,0.25,-1.94,7.85,25.69
Entertainment,17,GAIA,0.0,-15.65,-47.46,-56.49
Entertainment,18,AENT,-0.4,-8.62,-10.43,-33.33
Entertainment,19,LFS,-0.46,-4.85,-9.62,-10.0
Entertainment,20,LLYVA,-0.46,-6.96,-1.4,4.26
Oil & Gas E&P,1,GLND,142.5,95.3,7.78,-68.81
Oil & Gas E&P,2,PROP,4.98,-18.8,-36.65,-76.29
Oil & Gas E&P,3,CKX,4.23,-2.62,-2.58,4.83
Oil & Gas E&P,4,CRK,2.67,-5.81,-0.07,-36.91
Oil & Gas E&P,5,BKV,2.11,-3.88,-9.74,-20.9
Oil & Gas E&P,6,EQT,1.29,-5.08,-0.82,-21.84
Oil & Gas E&P,7,FTW,1.2,-11.05,-16.13,-17.65
Oil & Gas E&P,8,HPK,0.25,-2.95,16.37,14.35
Oil & Gas E&P,9,VOC,0.0,-1.17,26.22,-8.17
Oil & Gas E&P,10,AR,-0.08,-5.94,2.71,-17.8
Oil & Gas E&P,11,RRC,-0.21,-6.01,6.75,-15.61
Oil & Gas E&P,12,EPSN,-0.51,4.63,13.98,-5.32
Oil & Gas E&P,13,PVL,-0.54,1.1,2.79,0.0
Oil & Gas E&P,14,SJT,-0.66,8.63,0.67,-41.36
Oil & Gas E&P,15,LB,-0.71,-5.73,33.69,13.44
Oil & Gas E&P,16,DVN,-0.83,-0.39,12.4,-4.44
Oil & Gas E&P,17,EPM,-0.83,3.75,-5.76,-20.18
Oil & Gas E&P,18,BRN,-1.0,1.83,-4.81,-14.66
Oil & Gas E&P,19,DMLP,-1.19,-0.31,13.62,5.09
Oil & Gas E&P,20,KRP,-1.37,-6.79,-1.5,-1.77
Aluminum,1,KALU,2.55,2.47,-10.64,37.12
Aluminum,2,CENX,-2.46,-11.09,-12.76,-22.72
Aluminum,3,CSTM,-3.74,-6.27,-23.58,1.26
Aluminum,4,AA,-4.84,-10.87,-15.83,-22.34
Auto & Truck Dealerships,1,KXIN,41.59,-70.64,-63.64,-72.41
Auto & Truck Dealerships,2,UCAR,19.48,-61.36,-82.03,-79.93
Auto & Truck Dealerships,3,RDNW,7.27,2.02,-5.91,-8.05
Auto & Truck Dealerships,4,VVV,5.97,-13.84,-27.42,-16.38
Auto & Truck Dealerships,5,DRVN,2.2,-5.33,-6.48,-0.36
Auto & Truck Dealerships,6,AZI,1.65,-6.82,7.89,-49.59
Auto & Truck Dealerships,7,UXIN,0.93,-4.39,-31.01,-68.04
Auto & Truck Dealerships,8,ACVA,0.1,39.63,58.03,126.25
Auto & Truck Dealerships,9,NXB,-0.94,9.38,0.96,-11.76
Auto & Truck Dealerships,10,RUSHA,-1.98,-8.47,-0.24,8.18
Auto & Truck Dealerships,11,PAG,-2.1,-3.86,14.29,43.44
Auto & Truck Dealerships,12,CVNA,-2.22,-11.59,-5.83,6.24
Auto & Truck Dealerships,13,KMX,-2.28,-8.5,13.13,36.48
Auto & Truck Dealerships,14,OPLN,-2.48,0.41,-13.25,25.84
Auto & Truck Dealerships,15,CWH,-3.6,-16.51,-29.1,-20.36
Auto & Truck Dealerships,16,BGSI,-4.14,-8.35,-16.24,-42.96
Auto & Truck Dealerships,17,GPI,-5.61,-4.58,-22.05,-22.13
Auto & Truck Dealerships,18,ABG,-7.01,-13.91,-12.02,-4.41
Auto & Truck Dealerships,19,CRMT,-7.73,-24.77,-53.22,-86.28
Auto & Truck Dealerships,20,SDA,-8.92,-36.24,-42.81,-75.48
Advertising Agencies,1,TJGC,111.25,281.64,433.94,1215.25
Advertising Agencies,2,HAO,12.06,4.98,-85.77,-99.9
Advertising Agencies,3,EDHL,10.56,28.25,16.33,66.56
Advertising Agencies,4,YDKG,6.41,-14.13,-0.47,1.39
Advertising Agencies,5,DLPN,3.77,-1.79,-8.33,-28.57
Advertising Agencies,6,MCHX,3.1,-24.43,-10.74,-6.99
Advertising Agencies,7,CNET,3.08,-5.63,39.58,84.24
Advertising Agencies,8,FLNT,2.99,-17.27,2.68,-5.74
Advertising Agencies,9,CHR,2.28,-16.49,-19.9,-41.92
Advertising Agencies,10,STGW,1.8,-4.5,19.94,37.44
Advertising Agencies,11,MGNI,1.18,2.12,31.55,100.0
Advertising Agencies,12,ACCS,0.41,-2.02,-27.61,-33.01
Advertising Agencies,13,STFS,0.32,-16.01,-73.44,-15.38
Advertising Agencies,14,ADV,0.27,-0.42,-23.2,70.77
Advertising Agencies,15,EVC,-0.13,-2.84,-29.71,151.76
Advertising Agencies,16,TSQ,-0.39,-10.54,-21.93,-9.27
Advertising Agencies,17,DV,-0.67,0.75,29.47,35.63
Advertising Agencies,18,WPP,-0.99,-7.03,51.6,64.72
Advertising Agencies,19,KRKR,-1.66,0.65,5.98,-17.33
Advertising Agencies,20,CCO,-1.67,-0.42,-1.67,-2.08
Marine Shipping,1,SVRN,178.21,282.04,291.7,667.33
Marine Shipping,2,VNTG,22.44,16.7,11.14,-17.6
Marine Shipping,3,HTCO,14.01,-17.05,-44.08,-73.84
Marine Shipping,4,HMR,13.5,32.14,48.0,116.22
Marine Shipping,5,ICON,12.68,-1.98,16.47,13.14
Marine Shipping,6,PSHG,5.26,3.45,5.88,-3.74
Marine Shipping,7,ZIM,2.59,6.03,17.63,13.72
Marine Shipping,8,HSHP,0.15,11.36,34.94,50.28
Marine Shipping,9,PANL,-0.72,-1.67,13.07,15.45
Marine Shipping,10,USEA,-0.98,10.18,13.91,51.5
Marine Shipping,11,CCEC,-1.18,-4.86,5.33,8.11
Marine Shipping,12,SBLK,-1.52,-0.98,18.43,29.97
Marine Shipping,13,GSL,-1.89,-0.22,15.12,12.9
Marine Shipping,14,CMRE,-2.46,-5.78,-2.59,-16.07
Marine Shipping,15,DAC,-2.98,2.6,23.25,33.01
Marine Shipping,16,HOS,-3.13,-16.25,-2.57,-16.42
Marine Shipping,17,GASS,-3.54,-6.54,8.04,-4.76
Marine Shipping,18,GNK,-3.57,-1.86,9.44,14.96
Marine Shipping,19,DSX,-3.68,6.67,39.81,14.29
Marine Shipping,20,ESEA,-3.78,-6.8,4.85,5.27
Personal Services,1,EJH,0.89,-2.48,-26.57,-51.05
Personal Services,2,MED,-0.08,-0.42,15.35,24.61
Personal Services,3,RGS,-0.25,2.8,5.8,13.8
Personal Services,4,CSV,-0.78,-8.24,-17.91,-26.37
Personal Services,5,ANDG,-1.93,7.92,46.84,102.29
Personal Services,6,ROL,-3.1,-12.8,-27.05,-39.03
Personal Services,7,BFAM,-3.16,-10.22,-2.08,-15.86
Personal Services,8,SCI,-3.52,-7.57,5.15,0.48
Personal Services,9,TRNR,-3.99,-13.96,-31.34,-70.88
Personal Services,10,HRB,-5.7,-20.75,17.09,37.4
Personal Services,11,MRM,-6.43,-22.64,-31.31,-36.91
Personal Services,12,CLIK,-7.14,-13.97,-25.95,-39.69
Personal Services,13,FTDR,-8.18,-10.63,1.45,24.81
Telecom Services,1,IOTR,23.74,-20.66,-25.76,21.57
Telecom Services,2,TV,10.96,-13.21,-11.31,-16.49
Telecom Services,3,ATEX,10.18,-7.08,6.18,118.02
Telecom Services,4,SURG,4.79,-10.98,-61.53,-82.85
Telecom Services,5,TKC,4.67,-4.8,-14.0,-14.85
Telecom Services,6,SHEN,4.31,-1.71,-17.31,-17.7
Telecom Services,7,SIFY,3.0,-3.85,-7.48,-1.01
Telecom Services,8,CXDO,2.84,-7.5,-19.11,-7.79
Telecom Services,9,VEON,2.7,15.06,36.46,45.79
Telecom Services,10,CHT,2.26,7.02,3.8,8.78
Telecom Services,11,IRDM,2.16,2.11,14.24,80.02
Telecom Services,12,IQST,1.98,8.07,-4.63,-44.02
Telecom Services,13,ELWT,1.64,-2.53,16.8,3.71
Telecom Services,14,KVHI,1.56,-4.41,-23.01,-18.73
Telecom Services,15,RDCM,1.48,1.08,-18.51,-4.98
Telecom Services,16,SKM,1.41,-10.38,8.77,16.21
Telecom Services,17,TEO,1.3,3.17,9.73,20.21
Telecom Services,18,OPTU,0.99,18.62,-36.65,-18.4
Telecom Services,19,PCLA,0.83,0.55,111.99,251.53
Telecom Services,20,GSAT,0.73,0.47,2.94,35.05
Consulting Services,1,ZTG,46.61,96.17,-2.26,25.36
Consulting Services,2,GRNQ,13.22,-8.45,-32.62,-50.45
Consulting Services,3,SBC,8.26,16.87,57.98,25.65
Consulting Services,4,DGNX,5.76,11.36,60.2,-65.33
Consulting Services,5,HURN,3.82,-1.65,65.66,28.08
Consulting Services,6,AERT,3.69,2.78,-4.36,187.61
Consulting Services,7,RYOJ,2.77,-21.23,64.16,59.23
Consulting Services,8,EGG,2.65,-17.38,-64.34,-52.46
Consulting Services,9,FOFO,2.33,-28.16,-51.65,-58.49
Consulting Services,10,FORR,1.38,-1.67,47.8,104.87
Consulting Services,11,VCIG,-0.61,-44.78,-97.57,-93.45
Consulting Services,12,PPHC,-0.76,5.68,52.6,-11.14
Consulting Services,13,CRAI,-1.43,-7.72,12.23,2.58
Consulting Services,14,RGP,-3.47,-9.11,-6.04,4.85
Consulting Services,15,BAH,-3.52,0.57,20.69,-4.09
Consulting Services,16,ICFI,-4.32,-5.81,23.26,21.61
Consulting Services,17,ROMA,-4.9,-0.17,12.77,13.78
Consulting Services,18,EFX,-5.18,-20.2,-1.45,-8.37
Consulting Services,19,VRSK,-5.47,-9.36,-4.59,-11.78
Consulting Services,20,FCN,-8.02,-14.17,-7.52,-22.02
Luxury Goods,1,CPRI,4.75,12.79,-19.34,-15.54
Luxury Goods,2,BRLT,3.62,7.52,23.28,6.72
Luxury Goods,3,LUXE,1.25,14.21,15.54,12.48
Luxury Goods,4,MOV,0.91,-4.29,-12.62,39.61
Luxury Goods,5,SORA,-1.32,3.23,4.67,21.08
Luxury Goods,6,SIG,-2.74,19.98,17.66,12.91
Luxury Goods,7,ELA,-2.81,-11.94,-53.3,-27.89
Luxury Goods,8,LANV,-2.83,-5.5,-31.33,-36.81
Luxury Goods,9,REAL,-3.43,-18.77,-28.81,3.45
Luxury Goods,10,TPR,-6.3,-16.38,-26.2,-23.27
Insurance - Property & Casualty,1,PRCH,4.53,-2.64,26.31,122.95
Insurance - Property & Casualty,2,PRHI,0.53,5.38,64.66,82.15
Insurance - Property & Casualty,3,BOW,0.45,0.27,16.41,49.93
Insurance - Property & Casualty,4,SAFT,-0.04,-0.23,40.7,41.04
Insurance - Property & Casualty,5,ACIC,-0.76,-2.46,-16.8,-19.38
Insurance - Property & Casualty,6,HGTY,-1.44,2.24,19.34,29.73
Insurance - Property & Casualty,7,WTM,-1.47,-4.7,0.47,-8.13
Insurance - Property & Casualty,8,CB,-1.85,-3.07,0.02,2.95
Insurance - Property & Casualty,9,CNA,-2.02,-5.12,0.36,2.95
Insurance - Property & Casualty,10,UFCS,-2.24,-0.63,4.95,43.83
Insurance - Property & Casualty,11,AFG,-2.34,-3.32,1.02,9.32
Insurance - Property & Casualty,12,SIGI,-2.49,-6.82,-9.5,15.75
Insurance - Property & Casualty,13,MKL,-2.56,-4.15,-8.34,-8.25
Insurance - Property & Casualty,14,NODK,-2.83,-2.38,-6.35,12.76
Insurance - Property & Casualty,15,WRB,-3.26,-2.91,-3.4,4.84
Insurance - Property & Casualty,16,L,-3.45,-5.75,-6.15,-1.96
Insurance - Property & Casualty,17,UVE,-3.81,-2.59,4.32,21.8
Insurance - Property & Casualty,18,MCY,-4.01,-7.94,-8.55,10.43
Insurance - Property & Casualty,19,SKWD,-4.26,-5.32,0.83,29.28
Insurance - Property & Casualty,20,KINS,-4.28,-7.57,6.05,25.13
Oil & Gas Refining & Marketing,1,CSAN,2.61,0.0,-6.14,-32.6
Oil & Gas Refining & Marketing,2,IEP,1.94,5.27,-1.87,-6.03
Oil & Gas Refining & Marketing,3,WKC,1.61,1.18,14.05,56.9
Oil & Gas Refining & Marketing,4,UGP,1.32,13.99,56.97,45.08
Oil & Gas Refining & Marketing,5,SGU,0.08,1.35,1.43,2.24
Oil & Gas Refining & Marketing,6,CAPL,-1.35,-6.6,0.69,0.69
Oil & Gas Refining & Marketing,7,DKL,-2.29,2.02,12.16,1.36
Oil & Gas Refining & Marketing,8,CVI,-2.36,36.21,93.28,56.68
Oil & Gas Refining & Marketing,9,PSX,-3.08,6.0,52.09,39.3
Oil & Gas Refining & Marketing,10,CLNE,-4.71,1.89,-6.36,-30.17
Oil & Gas Refining & Marketing,11,SUN,-4.89,-1.38,20.83,14.61
Oil & Gas Refining & Marketing,12,MPC,-6.17,7.13,57.55,59.23
Oil & Gas Refining & Marketing,13,VLO,-6.8,8.62,55.03,55.47
Oil & Gas Refining & Marketing,14,DINO,-6.87,11.52,61.41,72.75
Oil & Gas Refining & Marketing,15,PBF,-7.19,1.38,74.69,40.69
Oil & Gas Refining & Marketing,16,DK,-8.72,6.14,62.71,57.39
Oil & Gas Refining & Marketing,17,APC,-8.76,-9.59,-7.37,-5.72
Oil & Gas Refining & Marketing,18,PARR,-9.34,3.55,50.16,24.75
Oil & Gas Refining & Marketing,19,DLXY,-78.03,32.37,18.21,-13.93
Insurance Brokers,1,CRD-B,4.61,-2.48,5.92,20.39
Insurance Brokers,2,CRVL,2.91,2.91,18.36,37.42
Insurance Brokers,3,EZRA,0.37,-11.22,-22.14,-65.51
Insurance Brokers,4,CRD-A,-0.56,-7.82,6.82,26.58
Insurance Brokers,5,BWIN,-0.59,1.76,28.07,44.18
Insurance Brokers,6,ARX,-0.6,0.31,47.49,49.96
Insurance Brokers,7,HUIZ,-0.69,-9.49,22.22,-14.88
Insurance Brokers,8,EHTH,-1.53,-31.38,-52.58,-43.73
Insurance Brokers,9,MRSH,-3.61,-12.48,2.66,-1.57
Insurance Brokers,10,WTW,-4.45,-14.76,14.34,1.92
Insurance Brokers,11,AIFU,-5.4,-54.19,-78.27,-71.75
Insurance Brokers,12,AJG,-5.8,-15.57,4.02,6.18
Insurance Brokers,13,AON,-6.31,-21.58,-13.48,-13.89
Insurance Brokers,14,BRO,-6.34,-17.31,-0.16,-7.22
Insurance Brokers,15,ERIE,-8.07,-15.96,-1.64,-6.14
Insurance Brokers,16,TWFG,-8.65,-18.37,11.91,35.25
Insurance Brokers,17,NP,-9.04,-16.23,-4.24,24.99
Insurance Brokers,18,TREE,-9.71,-22.51,-37.19,-43.17
Insurance Brokers,19,RYAN,-10.23,-18.43,2.52,7.91
Insurance Brokers,20,LIFE,-12.04,-7.65,87.35,236.08
Grocery Stores,1,MSS,38.16,51.08,-40.79,-71.35
Grocery Stores,2,DDL,4.59,-3.39,11.22,-9.52
Grocery Stores,3,NGVC,1.71,5.55,-9.27,19.21
Grocery Stores,4,VLGEA,1.16,0.95,3.81,10.38
Grocery Stores,5,IMKTA,0.47,-2.79,-7.88,-4.09
Grocery Stores,6,WMK,-0.71,2.01,-9.82,9.84
Grocery Stores,7,GO,-2.62,-7.31,13.88,70.9
Grocery Stores,8,DNUT,-2.89,-16.34,-19.03,-10.91
Grocery Stores,9,KR,-5.72,-2.44,-1.44,-19.81
Grocery Stores,10,ACI,-6.85,-7.22,-17.2,-30.6
Grocery Stores,11,SFM,-7.02,-23.29,-22.62,-12.66
Grocery Stores,12,YSWY,-9.98,-23.01,-5.5,
Grocery Stores,13,VHUB,-27.63,-34.82,-59.62,-35.1
Grocery Stores,14,HOST,-43.46,-17.45,6.16,-17.09
Mortgage Finance,1,PAPL,2.59,-20.17,2.75,27.32
Mortgage Finance,2,GHI,0.0,-10.38,1.71,18.02
Mortgage Finance,3,PFSI,-0.52,-12.73,-21.28,-22.17
Mortgage Finance,4,UWMC,-0.81,-14.08,-39.6,-66.2
Mortgage Finance,5,IOR,-1.46,-8.94,1.91,1.22
Mortgage Finance,6,BETR,-1.62,3.67,-53.57,-57.47
Mortgage Finance,7,BLNE,-2.45,-1.63,-18.16,-56.5
Mortgage Finance,8,VEL,-4.41,-14.21,-10.77,-8.87
Mortgage Finance,9,LDI,-4.46,-24.49,-43.93,-53.6
Mortgage Finance,10,CNF,-4.92,-20.55,-40.0,-51.4
Mortgage Finance,11,WD,-5.88,-6.38,-30.26,-15.96
Mortgage Finance,12,RKT,-6.18,-13.77,-17.52,-14.26
Mortgage Finance,13,ONIT,-7.82,-12.12,-13.92,-15.72
Publishing,1,TNMG,58.19,42.66,9.22,-71.09
Publishing,2,SCHL,1.0,-12.26,-17.56,-9.01
Publishing,3,EDUC,0.0,-4.76,-14.47,0.0
Publishing,4,PSO,-0.13,-4.51,5.51,24.73
Publishing,5,TDAY,-1.39,-0.31,-20.22,-4.63
Publishing,6,WLY,-3.61,-10.24,7.84,29.9
Publishing,7,LEE,-7.24,-17.55,-22.31,-17.09
Publishing,8,NYT,-14.53,-8.3,-13.1,-26.46
Travel Services,1,NTRP,8.99,53.36,-2.02,-22.4
Travel Services,2,AHMA,3.94,-5.71,-31.96,-22.35
Travel Services,3,TOUR,1.3,2.12,8.92,-29.26
Travel Services,4,TCOM,0.49,-11.71,-12.25,-20.61
Travel Services,5,YTRA,0.0,7.75,9.47,-1.89
Travel Services,6,GBTG,-0.11,-0.21,0.85,79.85
Travel Services,7,LIND,-0.69,-14.64,0.93,49.86
Travel Services,8,PRSU,-1.7,-1.41,-10.05,36.24
Travel Services,9,TNL,-2.06,-13.72,-17.72,-10.78
Travel Services,10,MMYT,-2.24,-22.44,-9.46,17.24
Travel Services,11,NCLH,-2.41,-17.65,-32.51,-27.87
Travel Services,12,CCL,-2.46,-15.21,-24.59,-14.41
Travel Services,13,VIK,-5.95,-12.21,-22.08,10.5
Travel Services,14,BKNG,-9.04,-26.93,-13.99,-9.16
Travel Services,15,RCL,-9.3,-21.4,-28.24,-15.76
Travel Services,16,EXPE,-9.73,-23.62,-1.19,9.3
Travel Services,17,TRIP,-10.07,-21.1,-38.06,-17.28
Travel Services,18,ABNB,-10.7,-21.36,3.59,15.06
Gambling,1,BRAG,-2.07,-4.05,-16.47,-30.39
Gambling,2,BRSL,-2.56,-13.2,-5.18,-21.2
Gambling,3,CHDN,-2.65,-11.3,-4.9,-6.5
Gambling,4,ROLR,-2.75,-2.28,13.4,58.58
Gambling,5,ACEL,-3.74,-7.44,-15.16,-1.86
Gambling,6,CDRO,-4.75,1.76,-3.65,12.84
Gambling,7,MRDN,-6.68,-5.23,1.51,74.06
Gambling,8,INSE,-8.15,-25.21,-43.98,-30.08
Gambling,9,SGHC,-9.62,-14.01,-9.68,9.56
Gambling,10,GRSD,-11.05,-23.12,-30.14,-61.07
Gambling,11,FLUT,-11.96,-16.27,-12.81,-20.35
Gambling,12,DKNG,-12.66,-18.17,-13.37,-8.84
Gambling,13,SEGG,-14.07,13.44,-55.19,-37.88
Gambling,14,RSI,-20.59,-22.18,-31.08,-7.22
